time,col0_lv0,col0_lv1,col0_lv2,col0_lv3,col0_lv4,col1_lv0,col1_lv1,col1_lv2,col1_lv3,col1_lv4,col2_lv0,col2_lv1,col2_lv2,col2_lv3,col2_lv4,col3_lv0,col3_lv1,col3_lv2,col3_lv3,col3_lv4
0.010000,1.5000,1.5000,1.5000,1.5000,1.5000,1.5000,1.5000,1.5000,1.5000,1.5000,1.5000,1.5000,1.5000,1.5000,1.5000,3.7000,3.7000,3.7000,3.7000,3.7000
0.020000,1.5000,1.5000,1.5000,1.5000,1.5000,1.5000,1.5000,1.5000,1.5000,1.5000,1.5076,1.5076,1.5076,1.5076,1.5076,3.6868,3.6868,3.6868,3.6868,3.6868
0.030000,1.5000,1.5000,1.5000,1.5000,1.5000,1.5000,1.5000,1.5000,1.5000,1.5000,1.5152,1.5152,1.5152,1.5152,1.5152,3.6736,3.6736,3.6736,3.6736,3.6736
0.040000,1.5000,1.5000,1.5000,1.5000,1.5000,1.5000,1.5000,1.5000,1.5000,1.5000,1.5229,1.5229,1.5229,1.5229,1.5229,3.6604,3.6604,3.6604,3.6604,3.6604
0.050000,1.5000,1.5000,1.5000,1.5000,1.5000,1.5000,1.5000,1.5000,1.5000,1.5000,1.5305,1.5305,1.5305,1.5305,1.5305,3.6472,3.6472,3.6472,3.6472,3.6472
0.060000,1.5000,1.5000,1.5000,1.5000,1.5000,1.5000,1.5000,1.5000,1.5000,1.5000,1.5381,1.5381,1.5381,1.5381,1.5381,3.6340,3.6340,3.6340,3.6340,3.6340
0.070000,1.5000,1.5000,1.5000,1.5000,1.5000,1.5000,1.5000,1.5000,1.5000,1.5000,1.5457,1.5457,1.5457,1.5457,1.5457,3.6208,3.6208,3.6208,3.6208,3.6208
0.080000,1.5000,1.5000,1.5000,1.5000,1.5000,1.5000,1.5000,1.5000,1.5000,1.5000,1.5533,1.5533,1.5533,1.5533,1.5533,3.6076,3.6076,3.6076,3.6076,3.6076
0.090000,1.5000,1.5000,1.5000,1.5000,1.5000,1.5000,1.5000,1.5000,1.5000,1.5000,1.5610,1.5610,1.5610,1.5610,1.5610,3.5944,3.5944,3.5944,3.5944,3.5944
0.100000,1.5000,1.5000,1.5000,1.5000,1.5000,1.5000,1.5000,1.5000,1.5000,1.5000,1.5686,1.5686,1.5686,1.5686,1.5686,3.5812,3.5812,3.5812,3.5812,3.5812
0.110000,1.5000,1.5000,1.5000,1.5000,1.5000,1.5000,1.5000,1.5000,1.5000,1.5000,1.5762,1.5762,1.5762,1.5762,1.5762,3.5680,3.5680,3.5680,3.5680,3.5680
0.120000,1.5000,1.5000,1.5000,1.5000,1.5000,1.5000,1.5000,1.5000,1.5000,1.5000,1.5838,1.5838,1.5838,1.5838,1.5838,3.5548,3.5548,3.5548,3.5548,3.5548
0.130000,1.5000,1.5000,1.5000,1.5000,1.5000,1.5000,1.5000,1.5000,1.5000,1.5000,1.5915,1.5915,1.5915,1.5915,1.5915,3.5416,3.5416,3.5416,3.5416,3.5416
0.140000,1.5000,1.5000,1.5000,1.5000,1.5000,1.5000,1.5000,1.5000,1.5000,1.5000,1.5991,1.5991,1.5991,1.5991,1.5991,3.5284,3.5284,3.5284,3.5284,3.5284
0.150000,1.5000,1.5000,1.5000,1.5000,1.5000,1.5000,1.5000,1.5000,1.5000,1.5000,1.6067,1.6067,1.6067,1.6067,1.6067,3.5152,3.5152,3.5152,3.5152,3.5152
0.160000,1.5000,1.5000,1.5000,1.5000,1.5000,1.5000,1.5000,1.5000,1.5000,1.5000,1.6143,1.6143,1.6143,1.6143,1.6143,3.5020,3.5020,3.5020,3.5020,3.5020
0.170000,1.5000,1.5000,1.5000,1.5000,1.5000,1.5000,1.5000,1.5000,1.5000,1.5000,1.6219,1.6219,1.6219,1.6219,1.6219,3.4888,3.4888,3.4888,3.4888,3.4888
0.180000,1.5000,1.5000,1.5000,1.5000,1.5000,1.5000,1.5000,1.5000,1.5000,1.5000,1.6296,1.6296,1.6296,1.6296,1.6296,3.4756,3.4756,3.4756,3.4756,3.4756
0.190000,1.5000,1.5000,1.5000,1.5000,1.5000,1.5000,1.5000,1.5000,1.5000,1.5000,1.6372,1.6372,1.6372,1.6372,1.6372,3.4624,3.4624,3.4624,3.4624,3.4624
0.200000,1.5000,1.5000,1.5000,1.5000,1.5000,1.5000,1.5000,1.5000,1.5000,1.5000,1.6448,1.6448,1.6448,1.6448,1.6448,3.4492,3.4492,3.4492,3.4492,3.4492
0.210000,1.5000,1.5000,1.5000,1.5000,1.5000,1.5000,1.5000,1.5000,1.5000,1.5000,1.6524,1.6524,1.6524,1.6524,1.6524,3.4360,3.4360,3.4360,3.4360,3.4360
0.220000,1.5000,1.5000,1.5000,1.5000,1.5000,1.5000,1.5000,1.5000,1.5000,1.5000,1.6600,1.6600,1.6600,1.6600,1.6600,3.4228,3.4228,3.4228,3.4228,3.4228
0.230000,1.5000,1.5000,1.5000,1.5000,1.5000,1.5000,1.5000,1.5000,1.5000,1.5000,1.6677,1.6677,1.6677,1.6677,1.6677,3.4096,3.4096,3.4096,3.4096,3.4096
0.240000,1.5000,1.5000,1.5000,1.5000,1.5000,1.5000,1.5000,1.5000,1.5000,1.5000,1.6753,1.6753,1.6753,1.6753,1.6753,3.3964,3.3964,3.3964,3.3964,3.3964
0.250000,1.5000,1.5000,1.5000,1.5000,1.5000,1.5000,1.5000,1.5000,1.5000,1.5000,1.6829,1.6829,1.6829,1.6829,1.6829,3.3832,3.3832,3.3832,3.3832,3.3832
0.260000,1.5000,1.5000,1.5000,1.5000,1.5000,1.5000,1.5000,1.5000,1.5000,1.5000,1.6905,1.6905,1.6905,1.6905,1.6905,3.3700,3.3700,3.3700,3.3700,3.3700
0.270000,1.5000,1.5000,1.5000,1.5000,1.5000,1.5000,1.5000,1.5000,1.5000,1.5000,1.6981,1.6981,1.6981,1.6981,1.6981,3.3568,3.3568,3.3568,3.3568,3.3568
0.280000,1.5000,1.5000,1.5000,1.5000,1.5000,1.5000,1.5000,1.5000,1.5000,1.5000,1.7058,1.7058,1.7058,1.7058,1.7058,3.3436,3.3436,3.3436,3.3436,3.3436
0.290000,1.5000,1.5000,1.5000,1.5000,1.5000,1.5000,1.5000,1.5000,1.5000,1.5000,1.7134,1.7134,1.7134,1.7134,1.7134,3.3304,3.3304,3.3304,3.3304,3.3304
0.300000,1.5000,1.5000,1.5000,1.5000,1.5000,1.5000,1.5000,1.5000,1.5000,1.5000,1.7210,1.7210,1.7210,1.7210,1.7210,3.3172,3.3172,3.3172,3.3172,3.3172
0.310000,1.5000,1.5000,1.5000,1.5000,1.5000,1.5000,1.5000,1.5000,1.5000,1.5000,1.7286,1.7286,1.7286,1.7286,1.7286,3.3040,3.3040,3.3040,3.3040,3.3040
0.320000,1.5000,1.5000,1.5000,1.5000,1.5000,1.5000,1.5000,1.5000,1.5000,1.5000,1.7363,1.7363,1.7363,1.7363,1.7363,3.2908,3.2908,3.2908,3.2908,3.2908
0.330000,1.5000,1.5000,1.5000,1.5000,1.5000,1.5000,1.5000,1.5000,1.5000,1.5000,1.7439,1.7439,1.7439,1.7439,1.7439,3.2776,3.2776,3.2776,3.2776,3.2776
0.340000,1.5000,1.5000,1.5000,1.5000,1.5000,1.5000,1.5000,1.5000,1.5000,1.5000,1.7515,1.7515,1.7515,1.7515,1.7515,3.2644,3.2644,3.2644,3.2644,3.2644
0.350000,1.5000,1.5000,1.5000,1.5000,1.5000,1.5000,1.5000,1.5000,1.5000,1.5000,1.7591,1.7591,1.7591,1.7591,1.7591,3.2512,3.2512,3.2512,3.2512,3.2512
0.360000,1.5000,1.5000,1.5000,1.5000,1.5000,1.5000,1.5000,1.5000,1.5000,1.5000,1.7667,1.7667,1.7667,1.7667,1.7667,3.2380,3.2380,3.2380,3.2380,3.2380
0.370000,1.5000,1.5000,1.5000,1.5000,1.5000,1.5000,1.5000,1.5000,1.5000,1.5000,1.7744,1.7744,1.7744,1.7744,1.7744,3.2248,3.2248,3.2248,3.2248,3.2248
0.380000,1.5000,1.5000,1.5000,1.5000,1.5000,1.5000,1.5000,1.5000,1.5000,1.5000,1.7820,1.7820,1.7820,1.7820,1.7820,3.2116,3.2116,3.2116,3.2116,3.2116
0.390000,1.5000,1.5000,1.5000,1.5000,1.5000,1.5000,1.5000,1.5000,1.5000,1.5000,1.7896,1.7896,1.7896,1.7896,1.7896,3.1984,3.1984,3.1984,3.1984,3.1984
0.400000,1.5000,1.5000,1.5000,1.5000,1.5000,1.5000,1.5000,1.5000,1.5000,1.5000,1.7972,1.7972,1.7972,1.7972,1.7972,3.1852,3.1852,3.1852,3.1852,3.1852
0.410000,1.5000,1.5000,1.5000,1.5000,1.5000,1.5000,1.5000,1.5000,1.5000,1.5000,1.8048,1.8048,1.8048,1.8048,1.8048,3.1720,3.1720,3.1720,3.1720,3.1720
0.420000,1.5000,1.5000,1.5000,1.5000,1.5000,1.5000,1.5000,1.5000,1.5000,1.5000,1.8125,1.8125,1.8125,1.8125,1.8125,3.1588,3.1588,3.1588,3.1588,3.1588
0.430000,1.5000,1.5000,1.5000,1.5000,1.5000,1.5000,1.5000,1.5000,1.5000,1.5000,1.8201,1.8201,1.8201,1.8201,1.8201,3.1456,3.1456,3.1456,3.1456,3.1456
0.440000,1.5000,1.5000,1.5000,1.5000,1.5000,1.5000,1.5000,1.5000,1.5000,1.5000,1.8277,1.8277,1.8277,1.8277,1.8277,3.1324,3.1324,3.1324,3.1324,3.1324
0.450000,1.5000,1.5000,1.5000,1.5000,1.5000,1.5000,1.5000,1.5000,1.5000,1.5000,1.8353,1.8353,1.8353,1.8353,1.8353,3.1192,3.1192,3.1192,3.1192,3.1192
0.460000,1.5000,1.5000,1.5000,1.5000,1.5000,1.5000,1.5000,1.5000,1.5000,1.5000,1.8429,1.8429,1.8429,1.8429,1.8429,3.1060,3.1060,3.1060,3.1060,3.1060
0.470000,1.5000,1.5000,1.5000,1.5000,1.5000,1.5000,1.5000,1.5000,1.5000,1.5000,1.8506,1.8506,1.8506,1.8506,1.8506,3.0928,3.0928,3.0928,3.0928,3.0928
0.480000,1.5000,1.5000,1.5000,1.5000,1.5000,1.5000,1.5000,1.5000,1.5000,1.5000,1.8582,1.8582,1.8582,1.8582,1.8582,3.0796,3.0796,3.0796,3.0796,3.0796
0.490000,1.5000,1.5000,1.5000,1.5000,1.5000,1.5000,1.5000,1.5000,1.5000,1.5000,1.8658,1.8658,1.8658,1.8658,1.8658,3.0664,3.0664,3.0664,3.0664,3.0664
0.500000,1.5000,1.5000,1.5000,1.5000,1.5000,1.5000,1.5000,1.5000,1.5000,1.5000,1.8734,1.8734,1.8734,1.8734,1.8734,3.0532,3.0532,3.0532,3.0532,3.0532
0.510000,1.5000,1.5000,1.5000,1.5000,1.5000,1.5000,1.5000,1.5000,1.5000,1.5000,1.8811,1.8811,1.8811,1.8811,1.8811,3.0400,3.0400,3.0400,3.0400,3.0400
0.520000,1.5000,1.5000,1.5000,1.5000,1.5000,1.5000,1.5000,1.5000,1.5000,1.5000,1.8887,1.8887,1.8887,1.8887,1.8887,3.0268,3.0268,3.0268,3.0268,3.0268
0.530000,1.5000,1.5000,1.5000,1.5000,1.5000,1.5000,1.5000,1.5000,1.5000,1.5000,1.8963,1.8963,1.8963,1.8963,1.8963,3.0136,3.0136,3.0136,3.0136,3.0136
0.540000,1.5000,1.5000,1.5000,1.5000,1.5000,1.5000,1.5000,1.5000,1.5000,1.5000,1.9039,1.9039,1.9039,1.9039,1.9039,3.0004,3.0004,3.0004,3.0004,3.0004
0.550000,1.5000,1.5000,1.5000,1.5000,1.5000,1.5000,1.5000,1.5000,1.5000,1.5000,1.9115,1.9115,1.9115,1.9115,1.9115,2.9872,2.9872,2.9872,2.9872,2.9872
0.560000,1.5000,1.5000,1.5000,1.5000,1.5000,1.5000,1.5000,1.5000,1.5000,1.5000,1.9192,1.9192,1.9192,1.9192,1.9192,2.9740,2.9740,2.9740,2.9740,2.9740
0.570000,1.5000,1.5000,1.5000,1.5000,1.5000,1.5000,1.5000,1.5000,1.5000,1.5000,1.9268,1.9268,1.9268,1.9268,1.9268,2.9608,2.9608,2.9608,2.9608,2.9608
0.580000,1.5000,1.5000,1.5000,1.5000,1.5000,1.5000,1.5000,1.5000,1.5000,1.5000,1.9344,1.9344,1.9344,1.9344,1.9344,2.9476,2.9476,2.9476,2.9476,2.9476
0.590000,1.5000,1.5000,1.5000,1.5000,1.5000,1.5000,1.5000,1.5000,1.5000,1.5000,1.9420,1.9420,1.9420,1.9420,1.9420,2.9344,2.9344,2.9344,2.9344,2.9344
0.600000,1.5000,1.5000,1.5000,1.5000,1.5000,1.5000,1.5000,1.5000,1.5000,1.5000,1.9496,1.9496,1.9496,1.9496,1.9496,2.9212,2.9212,2.9212,2.9212,2.9212
0.610000,1.5000,1.5000,1.5000,1.5000,1.5000,1.5000,1.5000,1.5000,1.5000,1.5000,1.9573,1.9573,1.9573,1.9573,1.9573,2.9080,2.9080,2.9080,2.9080,2.9080
0.620000,1.5000,1.5000,1.5000,1.5000,1.5000,1.5000,1.5000,1.5000,1.5000,1.5000,1.9649,1.9649,1.9649,1.9649,1.9649,2.8948,2.8948,2.8948,2.8948,2.8948
0.630000,1.5000,1.5000,1.5000,1.5000,1.5000,1.5000,1.5000,1.5000,1.5000,1.5000,1.9725,1.9725,1.9725,1.9725,1.9725,2.8816,2.8816,2.8816,2.8816,2.8816
0.640000,1.5000,1.5000,1.5000,1.5000,1.5000,1.5000,1.5000,1.5000,1.5000,1.5000,1.9801,1.9801,1.9801,1.9801,1.9801,2.8684,2.8684,2.8684,2.8684,2.8684
0.650000,1.5000,1.5000,1.5000,1.5000,1.5000,1.5000,1.5000,1.5000,1.5000,1.5000,1.9877,1.9877,1.9877,1.9877,1.9877,2.8552,2.8552,2.8552,2.8552,2.8552
0.660000,1.5000,1.5000,1.5000,1.5000,1.5000,1.5000,1.5000,1.5000,1.5000,1.5000,1.9954,1.9954,1.9954,1.9954,1.9954,2.8420,2.8420,2.8420,2.8420,2.8420
0.670000,1.5000,1.5000,1.5000,1.5000,1.5000,1.5000,1.5000,1.5000,1.5000,1.5000,2.0030,2.0030,2.0030,2.0030,2.0030,2.8288,2.8288,2.8288,2.8288,2.8288
0.680000,1.5000,1.5000,1.5000,1.5000,1.5000,1.5000,1.5000,1.5000,1.5000,1.5000,2.0106,2.0106,2.0106,2.0106,2.0106,2.8156,2.8156,2.8156,2.8156,2.8156
0.690000,1.5000,1.5000,1.5000,1.5000,1.5000,1.5000,1.5000,1.5000,1.5000,1.5000,2.0182,2.0182,2.0182,2.0182,2.0182,2.8024,2.8024,2.8024,2.8024,2.8024
0.700000,1.5000,1.5000,1.5000,1.5000,1.5000,1.5000,1.5000,1.5000,1.5000,1.5000,2.0259,2.0259,2.0259,2.0259,2.0259,2.7892,2.7892,2.7892,2.7892,2.7892
0.710000,1.5000,1.5000,1.5000,1.5000,1.5000,1.5000,1.5000,1.5000,1.5000,1.5000,2.0335,2.0335,2.0335,2.0335,2.0335,2.7760,2.7760,2.7760,2.7760,2.7760
0.720000,1.5000,1.5000,1.5000,1.5000,1.5000,1.5000,1.5000,1.5000,1.5000,1.5000,2.0411,2.0411,2.0411,2.0411,2.0411,2.7628,2.7628,2.7628,2.7628,2.7628
0.730000,1.5000,1.5000,1.5000,1.5000,1.5000,1.5000,1.5000,1.5000,1.5000,1.5000,2.0487,2.0487,2.0487,2.0487,2.0487,2.7496,2.7496,2.7496,2.7496,2.7496
0.740000,1.5000,1.5000,1.5000,1.5000,1.5000,1.5000,1.5000,1.5000,1.5000,1.5000,2.0563,2.0563,2.0563,2.0563,2.0563,2.7364,2.7364,2.7364,2.7364,2.7364
0.750000,1.5000,1.5000,1.5000,1.5000,1.5000,1.5000,1.5000,1.5000,1.5000,1.5000,2.0640,2.0640,2.0640,2.0640,2.0640,2.7232,2.7232,2.7232,2.7232,2.7232
0.760000,1.5000,1.5000,1.5000,1.5000,1.5000,1.5000,1.5000,1.5000,1.5000,1.5000,2.0716,2.0716,2.0716,2.0716,2.0716,2.7100,2.7100,2.7100,2.7100,2.7100
0.770000,1.5000,1.5000,1.5000,1.5000,1.5000,1.5000,1.5000,1.5000,1.5000,1.5000,2.0792,2.0792,2.0792,2.0792,2.0792,2.6968,2.6968,2.6968,2.6968,2.6968
0.780000,1.5000,1.5000,1.5000,1.5000,1.5000,1.5000,1.5000,1.5000,1.5000,1.5000,2.0868,2.0868,2.0868,2.0868,2.0868,2.6836,2.6836,2.6836,2.6836,2.6836
0.790000,1.5000,1.5000,1.5000,1.5000,1.5000,1.5000,1.5000,1.5000,1.5000,1.5000,2.0944,2.0944,2.0944,2.0944,2.0944,2.6704,2.6704,2.6704,2.6704,2.6704
0.800000,1.5000,1.5000,1.5000,1.5000,1.5000,1.5000,1.5000,1.5000,1.5000,1.5000,2.1021,2.1021,2.1021,2.1021,2.1021,2.6572,2.6572,2.6572,2.6572,2.6572
0.810000,1.5000,1.5000,1.5000,1.5000,1.5000,1.5000,1.5000,1.5000,1.5000,1.5000,2.1097,2.1097,2.1097,2.1097,2.1097,2.6440,2.6440,2.6440,2.6440,2.6440
0.820000,1.5000,1.5000,1.5000,1.5000,1.5000,1.5000,1.5000,1.5000,1.5000,1.5000,2.1173,2.1173,2.1173,2.1173,2.1173,2.6308,2.6308,2.6308,2.6308,2.6308
0.830000,1.5000,1.5000,1.5000,1.5000,1.5000,1.5000,1.5000,1.5000,1.5000,1.5000,2.1249,2.1249,2.1249,2.1249,2.1249,2.6176,2.6176,2.6176,2.6176,2.6176
0.840000,1.5000,1.5000,1.5000,1.5000,1.5000,1.5000,1.5000,1.5000,1.5000,1.5000,2.1325,2.1325,2.1325,2.1325,2.1325,2.6044,2.6044,2.6044,2.6044,2.6044
0.850000,1.5000,1.5000,1.5000,1.5000,1.5000,1.5000,1.5000,1.5000,1.5000,1.5000,2.1402,2.1402,2.1402,2.1402,2.1402,2.5912,2.5912,2.5912,2.5912,2.5912
0.860000,1.5000,1.5000,1.5000,1.5000,1.5000,1.5000,1.5000,1.5000,1.5000,1.5000,2.1478,2.1478,2.1478,2.1478,2.1478,2.5780,2.5780,2.5780,2.5780,2.5780
0.870000,1.5000,1.5000,1.5000,1.5000,1.5000,1.5000,1.5000,1.5000,1.5000,1.5000,2.1554,2.1554,2.1554,2.1554,2.1554,2.5648,2.5648,2.5648,2.5648,2.5648
0.880000,1.5000,1.5000,1.5000,1.5000,1.5000,1.5000,1.5000,1.5000,1.5000,1.5000,2.1630,2.1630,2.1630,2.1630,2.1630,2.5516,2.5516,2.5516,2.5516,2.5516
0.890000,1.5000,1.5000,1.5000,1.5000,1.5000,1.5000,1.5000,1.5000,1.5000,1.5000,2.1707,2.1707,2.1707,2.1707,2.1707,2.5384,2.5384,2.5384,2.5384,2.5384
0.900000,1.5000,1.5000,1.5000,1.5000,1.5000,1.5000,1.5000,1.5000,1.5000,1.5000,2.1783,2.1783,2.1783,2.1783,2.1783,2.5252,2.5252,2.5252,2.5252,2.5252
0.910000,1.5000,1.5000,1.5000,1.5000,1.5000,1.5000,1.5000,1.5000,1.5000,1.5000,2.1859,2.1859,2.1859,2.1859,2.1859,2.5120,2.5120,2.5120,2.5120,2.5120
0.920000,1.5000,1.5000,1.5000,1.5000,1.5000,1.5000,1.5000,1.5000,1.5000,1.5000,2.1935,2.1935,2.1935,2.1935,2.1935,2.4988,2.4988,2.4988,2.4988,2.4988
0.930000,1.5000,1.5000,1.5000,1.5000,1.5000,1.5000,1.5000,1.5000,1.5000,1.5000,2.2011,2.2011,2.2011,2.2011,2.2011,2.4856,2.4856,2.4856,2.4856,2.4856
0.940000,1.5000,1.5000,1.5000,1.5000,1.5000,1.5000,1.5000,1.5000,1.5000,1.5000,2.2088,2.2088,2.2088,2.2088,2.2088,2.4724,2.4724,2.4724,2.4724,2.4724
0.950000,1.5000,1.5000,1.5000,1.5000,1.5000,1.5000,1.5000,1.5000,1.5000,1.5000,2.2164,2.2164,2.2164,2.2164,2.2164,2.4592,2.4592,2.4592,2.4592,2.4592
0.960000,1.5000,1.5000,1.5000,1.5000,1.5000,1.5000,1.5000,1.5000,1.5000,1.5000,2.2240,2.2240,2.2240,2.2240,2.2240,2.4460,2.4460,2.4460,2.4460,2.4460
0.970000,1.5000,1.5000,1.5000,1.5000,1.5000,1.5000,1.5000,1.5000,1.5000,1.5000,2.2316,2.2316,2.2316,2.2316,2.2316,2.4328,2.4328,2.4328,2.4328,2.4328
0.980000,1.5000,1.5000,1.5000,1.5000,1.5000,1.5000,1.5000,1.5000,1.5000,1.5000,2.2392,2.2392,2.2392,2.2392,2.2392,2.4196,2.4196,2.4196,2.4196,2.4196
0.990000,1.5000,1.5000,1.5000,1.5000,1.5000,1.5000,1.5000,1.5000,1.5000,1.5000,2.2469,2.2469,2.2469,2.2469,2.2469,2.4064,2.4064,2.4064,2.4064,2.4064
1.000000,1.5000,1.5000,1.5000,1.5000,1.5000,1.5000,1.5000,1.5000,1.5000,1.5000,2.2545,2.2545,2.2545,2.2545,2.2545,2.3932,2.3932,2.3932,2.3932,2.3932
1.010000,1.5000,1.5000,1.5000,1.5000,1.5000,1.5000,1.5000,1.5000,1.5000,1.5000,2.2621,2.2621,2.2621,2.2621,2.2621,2.3800,2.3800,2.3800,2.3800,2.3800
1.020000,1.5000,1.5000,1.5000,1.5000,1.5000,1.5000,1.5000,1.5000,1.5000,1.5000,2.2697,2.2697,2.2697,2.2697,2.2697,2.3668,2.3668,2.3668,2.3668,2.3668
1.030000,1.5000,1.5000,1.5000,1.5000,1.5000,1.5000,1.5000,1.5000,1.5000,1.5000,2.2773,2.2773,2.2773,2.2773,2.2773,2.3536,2.3536,2.3536,2.3536,2.3536
1.040000,1.5000,1.5000,1.5000,1.5000,1.5000,1.5000,1.5000,1.5000,1.5000,1.5000,2.2850,2.2850,2.2850,2.2850,2.2850,2.3404,2.3404,2.3404,2.3404,2.3404
1.050000,1.5000,1.5000,1.5000,1.5000,1.5000,1.5000,1.5000,1.5000,1.5000,1.5000,2.2926,2.2926,2.2926,2.2926,2.2926,2.3272,2.3272,2.3272,2.3272,2.3272
1.060000,1.5000,1.5000,1.5000,1.5000,1.5000,1.5000,1.5000,1.5000,1.5000,1.5000,2.3002,2.3002,2.3002,2.3002,2.3002,2.3140,2.3140,2.3140,2.3140,2.3140
1.070000,1.5000,1.5000,1.5000,1.5000,1.5000,1.5000,1.5000,1.5000,1.5000,1.5000,2.3078,2.3078,2.3078,2.3078,2.3078,2.3008,2.3008,2.3008,2.3008,2.3008
1.080000,1.5000,1.5000,1.5000,1.5000,1.5000,1.5000,1.5000,1.5000,1.5000,1.5000,2.3154,2.3154,2.3154,2.3154,2.3154,2.2876,2.2876,2.2876,2.2876,2.2876
1.090000,1.5000,1.5000,1.5000,1.5000,1.5000,1.5000,1.5000,1.5000,1.5000,1.5000,2.3231,2.3231,2.3231,2.3231,2.3231,2.2744,2.2744,2.2744,2.2744,2.2744
1.100000,1.5000,1.5000,1.5000,1.5000,1.5000,1.5000,1.5000,1.5000,1.5000,1.5000,2.3307,2.3307,2.3307,2.3307,2.3307,2.2612,2.2612,2.2612,2.2612,2.2612
1.110000,1.5000,1.5000,1.5000,1.5000,1.5000,1.5000,1.5000,1.5000,1.5000,1.5000,2.3383,2.3383,2.3383,2.3383,2.3383,2.2480,2.2480,2.2480,2.2480,2.2480
1.120000,1.5000,1.5000,1.5000,1.5000,1.5000,1.5000,1.5000,1.5000,1.5000,1.5000,2.3459,2.3459,2.3459,2.3459,2.3459,2.2348,2.2348,2.2348,2.2348,2.2348
1.130000,1.5000,1.5000,1.5000,1.5000,1.5000,1.5000,1.5000,1.5000,1.5000,1.5000,2.3536,2.3536,2.3536,2.3536,2.3536,2.2216,2.2216,2.2216,2.2216,2.2216
1.140000,1.5000,1.5000,1.5000,1.5000,1.5000,1.5000,1.5000,1.5000,1.5000,1.5000,2.3612,2.3612,2.3612,2.3612,2.3612,2.2084,2.2084,2.2084,2.2084,2.2084
1.150000,1.5000,1.5000,1.5000,1.5000,1.5000,1.5000,1.5000,1.5000,1.5000,1.5000,2.3688,2.3688,2.3688,2.3688,2.3688,2.1952,2.1952,2.1952,2.1952,2.1952
1.160000,1.5000,1.5000,1.5000,1.5000,1.5000,1.5000,1.5000,1.5000,1.5000,1.5000,2.3764,2.3764,2.3764,2.3764,2.3764,2.1820,2.1820,2.1820,2.1820,2.1820
1.170000,1.5000,1.5000,1.5000,1.5000,1.5000,1.5000,1.5000,1.5000,1.5000,1.5000,2.3840,2.3840,2.3840,2.3840,2.3840,2.1688,2.1688,2.1688,2.1688,2.1688
1.180000,1.5000,1.5000,1.5000,1.5000,1.5000,1.5000,1.5000,1.5000,1.5000,1.5000,2.3917,2.3917,2.3917,2.3917,2.3917,2.1556,2.1556,2.1556,2.1556,2.1556
1.190000,1.5000,1.5000,1.5000,1.5000,1.5000,1.5000,1.5000,1.5000,1.5000,1.5000,2.3993,2.3993,2.3993,2.3993,2.3993,2.1424,2.1424,2.1424,2.1424,2.1424
1.200000,1.5000,1.5000,1.5000,1.5000,1.5000,1.5000,1.5000,1.5000,1.5000,1.5000,2.4069,2.4069,2.4069,2.4069,2.4069,2.1292,2.1292,2.1292,2.1292,2.1292
1.210000,1.5000,1.5000,1.5000,1.5000,1.5000,1.5000,1.5000,1.5000,1.5000,1.5000,2.4145,2.4145,2.4145,2.4145,2.4145,2.1160,2.1160,2.1160,2.1160,2.1160
1.220000,1.5000,1.5000,1.5000,1.5000,1.5000,1.5000,1.5000,1.5000,1.5000,1.5000,2.4221,2.4221,2.4221,2.4221,2.4221,2.1028,2.1028,2.1028,2.1028,2.1028
1.230000,1.5000,1.5000,1.5000,1.5000,1.5000,1.5000,1.5000,1.5000,1.5000,1.5000,2.4298,2.4298,2.4298,2.4298,2.4298,2.0896,2.0896,2.0896,2.0896,2.0896
1.240000,1.5000,1.5000,1.5000,1.5000,1.5000,1.5000,1.5000,1.5000,1.5000,1.5000,2.4374,2.4374,2.4374,2.4374,2.4374,2.0764,2.0764,2.0764,2.0764,2.0764
1.250000,1.5000,1.5000,1.5000,1.5000,1.5000,1.5000,1.5000,1.5000,1.5000,1.5000,2.4450,2.4450,2.4450,2.4450,2.4450,2.0632,2.0632,2.0632,2.0632,2.0632
1.260000,1.5000,1.5000,1.5000,1.5000,1.5000,1.5000,1.5000,1.5000,1.5000,1.5000,2.4526,2.4526,2.4526,2.4526,2.4526,2.0500,2.0500,2.0500,2.0500,2.0500
1.270000,1.5000,1.5000,1.5000,1.5000,1.5000,1.5000,1.5000,1.5000,1.5000,1.5000,2.4602,2.4602,2.4602,2.4602,2.4602,2.0368,2.0368,2.0368,2.0368,2.0368
1.280000,1.5000,1.5000,1.5000,1.5000,1.5000,1.5000,1.5000,1.5000,1.5000,1.5000,2.4679,2.4679,2.4679,2.4679,2.4679,2.0236,2.0236,2.0236,2.0236,2.0236
1.290000,1.5000,1.5000,1.5000,1.5000,1.5000,1.5000,1.5000,1.5000,1.5000,1.5000,2.4755,2.4755,2.4755,2.4755,2.4755,2.0104,2.0104,2.0104,2.0104,2.0104
1.300000,1.5000,1.5000,1.5000,1.5000,1.5000,1.5000,1.5000,1.5000,1.5000,1.5000,2.4831,2.4831,2.4831,2.4831,2.4831,1.9972,1.9972,1.9972,1.9972,1.9972
1.310000,1.5000,1.5000,1.5000,1.5000,1.5000,1.5000,1.5000,1.5000,1.5000,1.5000,2.4907,2.4907,2.4907,2.4907,2.4907,1.9840,1.9840,1.9840,1.9840,1.9840
1.320000,1.5000,1.5000,1.5000,1.5000,1.5000,1.5000,1.5000,1.5000,1.5000,1.5000,2.4984,2.4984,2.4984,2.4984,2.4984,1.9708,1.9708,1.9708,1.9708,1.9708
1.330000,1.5000,1.5000,1.5000,1.5000,1.5000,1.5000,1.5000,1.5000,1.5000,1.5000,2.5060,2.5060,2.5060,2.5060,2.5060,1.9576,1.9576,1.9576,1.9576,1.9576
1.340000,1.5000,1.5000,1.5000,1.5000,1.5000,1.5000,1.5000,1.5000,1.5000,1.5000,2.5136,2.5136,2.5136,2.5136,2.5136,1.9444,1.9444,1.9444,1.9444,1.9444
1.350000,1.5000,1.5000,1.5000,1.5000,1.5000,1.5000,1.5000,1.5000,1.5000,1.5000,2.5212,2.5212,2.5212,2.5212,2.5212,1.9312,1.9312,1.9312,1.9312,1.9312
1.360000,1.5000,1.5000,1.5000,1.5000,1.5000,1.5000,1.5000,1.5000,1.5000,1.5000,2.5288,2.5288,2.5288,2.5288,2.5288,1.9180,1.9180,1.9180,1.9180,1.9180
1.370000,1.5000,1.5000,1.5000,1.5000,1.5000,1.5000,1.5000,1.5000,1.5000,1.5000,2.5365,2.5365,2.5365,2.5365,2.5365,1.9048,1.9048,1.9048,1.9048,1.9048
1.380000,1.5000,1.5000,1.5000,1.5000,1.5000,1.5000,1.5000,1.5000,1.5000,1.5000,2.5441,2.5441,2.5441,2.5441,2.5441,1.8916,1.8916,1.8916,1.8916,1.8916
1.390000,1.5000,1.5000,1.5000,1.5000,1.5000,1.5000,1.5000,1.5000,1.5000,1.5000,2.5517,2.5517,2.5517,2.5517,2.5517,1.8784,1.8784,1.8784,1.8784,1.8784
1.400000,1.5000,1.5000,1.5000,1.5000,1.5000,1.5000,1.5000,1.5000,1.5000,1.5000,2.5593,2.5593,2.5593,2.5593,2.5593,1.8652,1.8652,1.8652,1.8652,1.8652
1.410000,1.5000,1.5000,1.5000,1.5000,1.5000,1.5000,1.5000,1.5000,1.5000,1.5000,2.5669,2.5669,2.5669,2.5669,2.5669,1.8520,1.8520,1.8520,1.8520,1.8520
1.420000,1.5000,1.5000,1.5000,1.5000,1.5000,1.5000,1.5000,1.5000,1.5000,1.5000,2.5746,2.5746,2.5746,2.5746,2.5746,1.8388,1.8388,1.8388,1.8388,1.8388
1.430000,1.5000,1.5000,1.5000,1.5000,1.5000,1.5000,1.5000,1.5000,1.5000,1.5000,2.5822,2.5822,2.5822,2.5822,2.5822,1.8256,1.8256,1.8256,1.8256,1.8256
1.440000,1.5000,1.5000,1.5000,1.5000,1.5000,1.5000,1.5000,1.5000,1.5000,1.5000,2.5898,2.5898,2.5898,2.5898,2.5898,1.8124,1.8124,1.8124,1.8124,1.8124
1.450000,1.5000,1.5000,1.5000,1.5000,1.5000,1.5000,1.5000,1.5000,1.5000,1.5000,2.5974,2.5974,2.5974,2.5974,2.5974,1.7992,1.7992,1.7992,1.7992,1.7992
1.460000,1.5000,1.5000,1.5000,1.5000,1.5000,1.5000,1.5000,1.5000,1.5000,1.5000,2.6050,2.6050,2.6050,2.6050,2.6050,1.7860,1.7860,1.7860,1.7860,1.7860
1.470000,1.5000,1.5000,1.5000,1.5000,1.5000,1.5000,1.5000,1.5000,1.5000,1.5000,2.6127,2.6127,2.6127,2.6127,2.6127,1.7728,1.7728,1.7728,1.7728,1.7728
1.480000,1.5000,1.5000,1.5000,1.5000,1.5000,1.5000,1.5000,1.5000,1.5000,1.5000,2.6203,2.6203,2.6203,2.6203,2.6203,1.7596,1.7596,1.7596,1.7596,1.7596
1.490000,1.5000,1.5000,1.5000,1.5000,1.5000,1.5000,1.5000,1.5000,1.5000,1.5000,2.6279,2.6279,2.6279,2.6279,2.6279,1.7464,1.7464,1.7464,1.7464,1.7464
1.500000,1.5000,1.5000,1.5000,1.5000,1.5000,1.5000,1.5000,1.5000,1.5000,1.5000,2.6355,2.6355,2.6355,2.6355,2.6355,1.7332,1.7332,1.7332,1.7332,1.7332
1.510000,1.5000,1.5000,1.5000,1.5000,1.5000,1.5000,1.5000,1.5000,1.5000,1.5000,2.6432,2.6432,2.6432,2.6432,2.6432,1.7200,1.7200,1.7200,1.7200,1.7200
1.520000,1.5000,1.5000,1.5000,1.5000,1.5000,1.5000,1.5000,1.5000,1.5000,1.5000,2.6508,2.6508,2.6508,2.6508,2.6508,1.7068,1.7068,1.7068,1.7068,1.7068
1.530000,1.5000,1.5000,1.5000,1.5000,1.5000,1.5000,1.5000,1.5000,1.5000,1.5000,2.6584,2.6584,2.6584,2.6584,2.6584,1.6936,1.6936,1.6936,1.6936,1.6936
1.540000,1.5000,1.5000,1.5000,1.5000,1.5000,1.5000,1.5000,1.5000,1.5000,1.5000,2.6660,2.6660,2.6660,2.6660,2.6660,1.6804,1.6804,1.6804,1.6804,1.6804
1.550000,1.5000,1.5000,1.5000,1.5000,1.5000,1.5000,1.5000,1.5000,1.5000,1.5000,2.6736,2.6736,2.6736,2.6736,2.6736,1.6672,1.6672,1.6672,1.6672,1.6672
1.560000,1.5000,1.5000,1.5000,1.5000,1.5000,1.5000,1.5000,1.5000,1.5000,1.5000,2.6813,2.6813,2.6813,2.6813,2.6813,1.6540,1.6540,1.6540,1.6540,1.6540
1.570000,1.5000,1.5000,1.5000,1.5000,1.5000,1.5000,1.5000,1.5000,1.5000,1.5000,2.6889,2.6889,2.6889,2.6889,2.6889,1.6408,1.6408,1.6408,1.6408,1.6408
1.580000,1.5000,1.5000,1.5000,1.5000,1.5000,1.5000,1.5000,1.5000,1.5000,1.5000,2.6965,2.6965,2.6965,2.6965,2.6965,1.6276,1.6276,1.6276,1.6276,1.6276
1.590000,1.5000,1.5000,1.5000,1.5000,1.5000,1.5000,1.5000,1.5000,1.5000,1.5000,2.7041,2.7041,2.7041,2.7041,2.7041,1.6144,1.6144,1.6144,1.6144,1.6144
1.600000,1.5000,1.5000,1.5000,1.5000,1.5000,1.5000,1.5000,1.5000,1.5000,1.5000,2.7117,2.7117,2.7117,2.7117,2.7117,1.6012,1.6012,1.6012,1.6012,1.6012
1.610000,1.5000,1.5000,1.5000,1.5000,1.5000,1.5000,1.5000,1.5000,1.5000,1.5000,2.7194,2.7194,2.7194,2.7194,2.7194,1.5880,1.5880,1.5880,1.5880,1.5880
1.620000,1.5000,1.5000,1.5000,1.5000,1.5000,1.5000,1.5000,1.5000,1.5000,1.5000,2.7270,2.7270,2.7270,2.7270,2.7270,1.5748,1.5748,1.5748,1.5748,1.5748
1.630000,1.5000,1.5000,1.5000,1.5000,1.5000,1.5000,1.5000,1.5000,1.5000,1.5000,2.7346,2.7346,2.7346,2.7346,2.7346,1.5616,1.5616,1.5616,1.5616,1.5616
1.640000,1.5000,1.5000,1.5000,1.5000,1.5000,1.5000,1.5000,1.5000,1.5000,1.5000,2.7422,2.7422,2.7422,2.7422,2.7422,1.5484,1.5484,1.5484,1.5484,1.5484
1.650000,1.5000,1.5000,1.5000,1.5000,1.5000,1.5000,1.5000,1.5000,1.5000,1.5000,2.7498,2.7498,2.7498,2.7498,2.7498,1.5352,1.5352,1.5352,1.5352,1.5352
1.660000,1.5000,1.5000,1.5000,1.5000,1.5000,1.5000,1.5000,1.5000,1.5000,1.5000,2.7575,2.7575,2.7575,2.7575,2.7575,1.5220,1.5220,1.5220,1.5220,1.5220
1.670000,1.5000,1.5000,1.5000,1.5000,1.5000,1.5000,1.5000,1.5000,1.5000,1.5000,2.7651,2.7651,2.7651,2.7651,2.7651,1.5088,1.5088,1.5088,1.5088,1.5088
1.680000,1.5000,1.5000,1.5000,1.5000,1.5000,1.5044,1.5044,1.5044,1.5044,1.5044,2.7727,2.7727,2.7727,2.7727,2.7727,1.5000,1.5000,1.5000,1.5000,1.5000
1.690000,1.5000,1.5000,1.5000,1.5000,1.5000,1.5176,1.5176,1.5176,1.5176,1.5176,2.7803,2.7803,2.7803,2.7803,2.7803,1.5000,1.5000,1.5000,1.5000,1.5000
1.700000,1.5000,1.5000,1.5000,1.5000,1.5000,1.5308,1.5308,1.5308,1.5308,1.5308,2.7880,2.7880,2.7880,2.7880,2.7880,1.5000,1.5000,1.5000,1.5000,1.5000
1.710000,1.5000,1.5000,1.5000,1.5000,1.5000,1.5440,1.5440,1.5440,1.5440,1.5440,2.7956,2.7956,2.7956,2.7956,2.7956,1.5000,1.5000,1.5000,1.5000,1.5000
1.720000,1.5000,1.5000,1.5000,1.5000,1.5000,1.5572,1.5572,1.5572,1.5572,1.5572,2.8032,2.8032,2.8032,2.8032,2.8032,1.5000,1.5000,1.5000,1.5000,1.5000
1.730000,1.5000,1.5000,1.5000,1.5000,1.5000,1.5704,1.5704,1.5704,1.5704,1.5704,2.8108,2.8108,2.8108,2.8108,2.8108,1.5000,1.5000,1.5000,1.5000,1.5000
1.740000,1.5000,1.5000,1.5000,1.5000,1.5000,1.5836,1.5836,1.5836,1.5836,1.5836,2.8184,2.8184,2.8184,2.8184,2.8184,1.5000,1.5000,1.5000,1.5000,1.5000
1.750000,1.5000,1.5000,1.5000,1.5000,1.5000,1.5968,1.5968,1.5968,1.5968,1.5968,2.8261,2.8261,2.8261,2.8261,2.8261,1.5000,1.5000,1.5000,1.5000,1.5000
1.760000,1.5000,1.5000,1.5000,1.5000,1.5000,1.6100,1.6100,1.6100,1.6100,1.6100,2.8337,2.8337,2.8337,2.8337,2.8337,1.5000,1.5000,1.5000,1.5000,1.5000
1.770000,1.5000,1.5000,1.5000,1.5000,1.5000,1.6232,1.6232,1.6232,1.6232,1.6232,2.8413,2.8413,2.8413,2.8413,2.8413,1.5000,1.5000,1.5000,1.5000,1.5000
1.780000,1.5000,1.5000,1.5000,1.5000,1.5000,1.6364,1.6364,1.6364,1.6364,1.6364,2.8489,2.8489,2.8489,2.8489,2.8489,1.5000,1.5000,1.5000,1.5000,1.5000
1.790000,1.5000,1.5000,1.5000,1.5000,1.5000,1.6496,1.6496,1.6496,1.6496,1.6496,2.8565,2.8565,2.8565,2.8565,2.8565,1.5000,1.5000,1.5000,1.5000,1.5000
1.800000,1.5000,1.5000,1.5000,1.5000,1.5000,1.6628,1.6628,1.6628,1.6628,1.6628,2.8642,2.8642,2.8642,2.8642,2.8642,1.5000,1.5000,1.5000,1.5000,1.5000
1.810000,1.5000,1.5000,1.5000,1.5000,1.5000,1.6760,1.6760,1.6760,1.6760,1.6760,2.8718,2.8718,2.8718,2.8718,2.8718,1.5000,1.5000,1.5000,1.5000,1.5000
1.820000,1.5000,1.5000,1.5000,1.5000,1.5000,1.6892,1.6892,1.6892,1.6892,1.6892,2.8794,2.8794,2.8794,2.8794,2.8794,1.5000,1.5000,1.5000,1.5000,1.5000
1.830000,1.5000,1.5000,1.5000,1.5000,1.5000,1.7024,1.7024,1.7024,1.7024,1.7024,2.8870,2.8870,2.8870,2.8870,2.8870,1.5000,1.5000,1.5000,1.5000,1.5000
1.840000,1.5000,1.5000,1.5000,1.5000,1.5000,1.7156,1.7156,1.7156,1.7156,1.7156,2.8946,2.8946,2.8946,2.8946,2.8946,1.5000,1.5000,1.5000,1.5000,1.5000
1.850000,1.5000,1.5000,1.5000,1.5000,1.5000,1.7288,1.7288,1.7288,1.7288,1.7288,2.9023,2.9023,2.9023,2.9023,2.9023,1.5000,1.5000,1.5000,1.5000,1.5000
1.860000,1.5000,1.5000,1.5000,1.5000,1.5000,1.7420,1.7420,1.7420,1.7420,1.7420,2.9099,2.9099,2.9099,2.9099,2.9099,1.5000,1.5000,1.5000,1.5000,1.5000
1.870000,1.5000,1.5000,1.5000,1.5000,1.5000,1.7552,1.7552,1.7552,1.7552,1.7552,2.9175,2.9175,2.9175,2.9175,2.9175,1.5000,1.5000,1.5000,1.5000,1.5000
1.880000,1.5000,1.5000,1.5000,1.5000,1.5000,1.7684,1.7684,1.7684,1.7684,1.7684,2.9251,2.9251,2.9251,2.9251,2.9251,1.5000,1.5000,1.5000,1.5000,1.5000
1.890000,1.5000,1.5000,1.5000,1.5000,1.5000,1.7816,1.7816,1.7816,1.7816,1.7816,2.9328,2.9328,2.9328,2.9328,2.9328,1.5000,1.5000,1.5000,1.5000,1.5000
1.900000,1.5000,1.5000,1.5000,1.5000,1.5000,1.7948,1.7948,1.7948,1.7948,1.7948,2.9404,2.9404,2.9404,2.9404,2.9404,1.5000,1.5000,1.5000,1.5000,1.5000
1.910000,1.5000,1.5000,1.5000,1.5000,1.5000,1.8080,1.8080,1.8080,1.8080,1.8080,2.9480,2.9480,2.9480,2.9480,2.9480,1.5000,1.5000,1.5000,1.5000,1.5000
1.920000,1.5000,1.5000,1.5000,1.5000,1.5000,1.8212,1.8212,1.8212,1.8212,1.8212,2.9556,2.9556,2.9556,2.9556,2.9556,1.5000,1.5000,1.5000,1.5000,1.5000
1.930000,1.5000,1.5000,1.5000,1.5000,1.5000,1.8344,1.8344,1.8344,1.8344,1.8344,2.9632,2.9632,2.9632,2.9632,2.9632,1.5000,1.5000,1.5000,1.5000,1.5000
1.940000,1.5000,1.5000,1.5000,1.5000,1.5000,1.8476,1.8476,1.8476,1.8476,1.8476,2.9709,2.9709,2.9709,2.9709,2.9709,1.5000,1.5000,1.5000,1.5000,1.5000
1.950000,1.5000,1.5000,1.5000,1.5000,1.5000,1.8608,1.8608,1.8608,1.8608,1.8608,2.9785,2.9785,2.9785,2.9785,2.9785,1.5000,1.5000,1.5000,1.5000,1.5000
1.960000,1.5000,1.5000,1.5000,1.5000,1.5000,1.8740,1.8740,1.8740,1.8740,1.8740,2.9861,2.9861,2.9861,2.9861,2.9861,1.5000,1.5000,1.5000,1.5000,1.5000
1.970000,1.5000,1.5000,1.5000,1.5000,1.5000,1.8872,1.8872,1.8872,1.8872,1.8872,2.9937,2.9937,2.9937,2.9937,2.9937,1.5000,1.5000,1.5000,1.5000,1.5000
1.980000,1.5000,1.5000,1.5000,1.5000,1.5000,1.9004,1.9004,1.9004,1.9004,1.9004,3.0013,3.0013,3.0013,3.0013,3.0013,1.5000,1.5000,1.5000,1.5000,1.5000
1.990000,1.5000,1.5000,1.5000,1.5000,1.5000,1.9136,1.9136,1.9136,1.9136,1.9136,3.0090,3.0090,3.0090,3.0090,3.0090,1.5000,1.5000,1.5000,1.5000,1.5000
2.000000,1.5000,1.5000,1.5000,1.5000,1.5000,1.9268,1.9268,1.9268,1.9268,1.9268,3.0166,3.0166,3.0166,3.0166,3.0166,1.5000,1.5000,1.5000,1.5000,1.5000
2.010000,1.5000,1.5000,1.5000,1.5000,1.5000,1.9400,1.9400,1.9400,1.9400,1.9400,3.0242,3.0242,3.0242,3.0242,3.0242,1.5000,1.5000,1.5000,1.5000,1.5000
2.020000,1.5000,1.5000,1.5000,1.5000,1.5000,1.9532,1.9532,1.9532,1.9532,1.9532,3.0318,3.0318,3.0318,3.0318,3.0318,1.5000,1.5000,1.5000,1.5000,1.5000
2.030000,1.5000,1.5000,1.5000,1.5000,1.5000,1.9664,1.9664,1.9664,1.9664,1.9664,3.0394,3.0394,3.0394,3.0394,3.0394,1.5000,1.5000,1.5000,1.5000,1.5000
2.040000,1.5000,1.5000,1.5000,1.5000,1.5000,1.9796,1.9796,1.9796,1.9796,1.9796,3.0471,3.0471,3.0471,3.0471,3.0471,1.5000,1.5000,1.5000,1.5000,1.5000
2.050000,1.5000,1.5000,1.5000,1.5000,1.5000,1.9928,1.9928,1.9928,1.9928,1.9928,3.0547,3.0547,3.0547,3.0547,3.0547,1.5000,1.5000,1.5000,1.5000,1.5000
2.060000,1.5000,1.5000,1.5000,1.5000,1.5000,2.0060,2.0060,2.0060,2.0060,2.0060,3.0623,3.0623,3.0623,3.0623,3.0623,1.5000,1.5000,1.5000,1.5000,1.5000
2.070000,1.5000,1.5000,1.5000,1.5000,1.5000,2.0192,2.0192,2.0192,2.0192,2.0192,3.0699,3.0699,3.0699,3.0699,3.0699,1.5000,1.5000,1.5000,1.5000,1.5000
2.080000,1.5000,1.5000,1.5000,1.5000,1.5000,2.0324,2.0324,2.0324,2.0324,2.0324,3.0776,3.0776,3.0776,3.0776,3.0776,1.5000,1.5000,1.5000,1.5000,1.5000
2.090000,1.5000,1.5000,1.5000,1.5000,1.5000,2.0456,2.0456,2.0456,2.0456,2.0456,3.0852,3.0852,3.0852,3.0852,3.0852,1.5000,1.5000,1.5000,1.5000,1.5000
2.100000,1.5000,1.5000,1.5000,1.5000,1.5000,2.0588,2.0588,2.0588,2.0588,2.0588,3.0928,3.0928,3.0928,3.0928,3.0928,1.5000,1.5000,1.5000,1.5000,1.5000
2.110000,1.5000,1.5000,1.5000,1.5000,1.5000,2.0720,2.0720,2.0720,2.0720,2.0720,3.1004,3.1004,3.1004,3.1004,3.1004,1.5000,1.5000,1.5000,1.5000,1.5000
2.120000,1.5000,1.5000,1.5000,1.5000,1.5000,2.0852,2.0852,2.0852,2.0852,2.0852,3.1080,3.1080,3.1080,3.1080,3.1080,1.5000,1.5000,1.5000,1.5000,1.5000
2.130000,1.5000,1.5000,1.5000,1.5000,1.5000,2.0984,2.0984,2.0984,2.0984,2.0984,3.1157,3.1157,3.1157,3.1157,3.1157,1.5000,1.5000,1.5000,1.5000,1.5000
2.140000,1.5000,1.5000,1.5000,1.5000,1.5000,2.1116,2.1116,2.1116,2.1116,2.1116,3.1233,3.1233,3.1233,3.1233,3.1233,1.5000,1.5000,1.5000,1.5000,1.5000
2.150000,1.5000,1.5000,1.5000,1.5000,1.5000,2.1248,2.1248,2.1248,2.1248,2.1248,3.1309,3.1309,3.1309,3.1309,3.1309,1.5000,1.5000,1.5000,1.5000,1.5000
2.160000,1.5000,1.5000,1.5000,1.5000,1.5000,2.1380,2.1380,2.1380,2.1380,2.1380,3.1385,3.1385,3.1385,3.1385,3.1385,1.5000,1.5000,1.5000,1.5000,1.5000
2.170000,1.5000,1.5000,1.5000,1.5000,1.5000,2.1512,2.1512,2.1512,2.1512,2.1512,3.1461,3.1461,3.1461,3.1461,3.1461,1.5000,1.5000,1.5000,1.5000,1.5000
2.180000,1.5000,1.5000,1.5000,1.5000,1.5000,2.1644,2.1644,2.1644,2.1644,2.1644,3.1538,3.1538,3.1538,3.1538,3.1538,1.5000,1.5000,1.5000,1.5000,1.5000
2.190000,1.5000,1.5000,1.5000,1.5000,1.5000,2.1776,2.1776,2.1776,2.1776,2.1776,3.1614,3.1614,3.1614,3.1614,3.1614,1.5000,1.5000,1.5000,1.5000,1.5000
2.200000,1.5000,1.5000,1.5000,1.5000,1.5000,2.1908,2.1908,2.1908,2.1908,2.1908,3.1690,3.1690,3.1690,3.1690,3.1690,1.5000,1.5000,1.5000,1.5000,1.5000
2.210000,1.5000,1.5000,1.5000,1.5000,1.5000,2.2040,2.2040,2.2040,2.2040,2.2040,3.1766,3.1766,3.1766,3.1766,3.1766,1.5000,1.5000,1.5000,1.5000,1.5000
2.220000,1.5000,1.5000,1.5000,1.5000,1.5000,2.2172,2.2172,2.2172,2.2172,2.2172,3.1842,3.1842,3.1842,3.1842,3.1842,1.5000,1.5000,1.5000,1.5000,1.5000
2.230000,1.5000,1.5000,1.5000,1.5000,1.5000,2.2304,2.2304,2.2304,2.2304,2.2304,3.1919,3.1919,3.1919,3.1919,3.1919,1.5000,1.5000,1.5000,1.5000,1.5000
2.240000,1.5000,1.5000,1.5000,1.5000,1.5000,2.2436,2.2436,2.2436,2.2436,2.2436,3.1995,3.1995,3.1995,3.1995,3.1995,1.5000,1.5000,1.5000,1.5000,1.5000
2.250000,1.5000,1.5000,1.5000,1.5000,1.5000,2.2568,2.2568,2.2568,2.2568,2.2568,3.2071,3.2071,3.2071,3.2071,3.2071,1.5000,1.5000,1.5000,1.5000,1.5000
2.260000,1.5000,1.5000,1.5000,1.5000,1.5000,2.2700,2.2700,2.2700,2.2700,2.2700,3.2147,3.2147,3.2147,3.2147,3.2147,1.5000,1.5000,1.5000,1.5000,1.5000
2.270000,1.5000,1.5000,1.5000,1.5000,1.5000,2.2832,2.2832,2.2832,2.2832,2.2832,3.2224,3.2224,3.2224,3.2224,3.2224,1.5000,1.5000,1.5000,1.5000,1.5000
2.280000,1.5000,1.5000,1.5000,1.5000,1.5000,2.2964,2.2964,2.2964,2.2964,2.2964,3.2300,3.2300,3.2300,3.2300,3.2300,1.5000,1.5000,1.5000,1.5000,1.5000
2.290000,1.5000,1.5000,1.5000,1.5000,1.5000,2.3096,2.3096,2.3096,2.3096,2.3096,3.2376,3.2376,3.2376,3.2376,3.2376,1.5000,1.5000,1.5000,1.5000,1.5000
2.300000,1.5000,1.5000,1.5000,1.5000,1.5000,2.3228,2.3228,2.3228,2.3228,2.3228,3.2452,3.2452,3.2452,3.2452,3.2452,1.5000,1.5000,1.5000,1.5000,1.5000
2.310000,1.5000,1.5000,1.5000,1.5000,1.5000,2.3360,2.3360,2.3360,2.3360,2.3360,3.2528,3.2528,3.2528,3.2528,3.2528,1.5000,1.5000,1.5000,1.5000,1.5000
2.320000,1.5000,1.5000,1.5000,1.5000,1.5000,2.3492,2.3492,2.3492,2.3492,2.3492,3.2605,3.2605,3.2605,3.2605,3.2605,1.5000,1.5000,1.5000,1.5000,1.5000
2.330000,1.5000,1.5000,1.5000,1.5000,1.5000,2.3624,2.3624,2.3624,2.3624,2.3624,3.2681,3.2681,3.2681,3.2681,3.2681,1.5000,1.5000,1.5000,1.5000,1.5000
2.340000,1.5000,1.5000,1.5000,1.5000,1.5000,2.3756,2.3756,2.3756,2.3756,2.3756,3.2757,3.2757,3.2757,3.2757,3.2757,1.5000,1.5000,1.5000,1.5000,1.5000
2.350000,1.5000,1.5000,1.5000,1.5000,1.5000,2.3888,2.3888,2.3888,2.3888,2.3888,3.2833,3.2833,3.2833,3.2833,3.2833,1.5000,1.5000,1.5000,1.5000,1.5000
2.360000,1.5000,1.5000,1.5000,1.5000,1.5000,2.4020,2.4020,2.4020,2.4020,2.4020,3.2909,3.2909,3.2909,3.2909,3.2909,1.5000,1.5000,1.5000,1.5000,1.5000
2.370000,1.5000,1.5000,1.5000,1.5000,1.5000,2.4152,2.4152,2.4152,2.4152,2.4152,3.2986,3.2986,3.2986,3.2986,3.2986,1.5000,1.5000,1.5000,1.5000,1.5000
2.380000,1.5000,1.5000,1.5000,1.5000,1.5000,2.4284,2.4284,2.4284,2.4284,2.4284,3.3062,3.3062,3.3062,3.3062,3.3062,1.5000,1.5000,1.5000,1.5000,1.5000
2.390000,1.5000,1.5000,1.5000,1.5000,1.5000,2.4416,2.4416,2.4416,2.4416,2.4416,3.3138,3.3138,3.3138,3.3138,3.3138,1.5000,1.5000,1.5000,1.5000,1.5000
2.400000,1.5000,1.5000,1.5000,1.5000,1.5000,2.4548,2.4548,2.4548,2.4548,2.4548,3.3214,3.3214,3.3214,3.3214,3.3214,1.5000,1.5000,1.5000,1.5000,1.5000
2.410000,1.5000,1.5000,1.5000,1.5000,1.5000,2.4680,2.4680,2.4680,2.4680,2.4680,3.3290,3.3290,3.3290,3.3290,3.3290,1.5000,1.5000,1.5000,1.5000,1.5000
2.420000,1.5000,1.5000,1.5000,1.5000,1.5000,2.4812,2.4812,2.4812,2.4812,2.4812,3.3367,3.3367,3.3367,3.3367,3.3367,1.5000,1.5000,1.5000,1.5000,1.5000
2.430000,1.5000,1.5000,1.5000,1.5000,1.5000,2.4944,2.4944,2.4944,2.4944,2.4944,3.3443,3.3443,3.3443,3.3443,3.3443,1.5000,1.5000,1.5000,1.5000,1.5000
2.440000,1.5000,1.5000,1.5000,1.5000,1.5000,2.5076,2.5076,2.5076,2.5076,2.5076,3.3519,3.3519,3.3519,3.3519,3.3519,1.5000,1.5000,1.5000,1.5000,1.5000
2.450000,1.5000,1.5000,1.5000,1.5000,1.5000,2.5208,2.5208,2.5208,2.5208,2.5208,3.3595,3.3595,3.3595,3.3595,3.3595,1.5000,1.5000,1.5000,1.5000,1.5000
2.460000,1.5000,1.5000,1.5000,1.5000,1.5000,2.5340,2.5340,2.5340,2.5340,2.5340,3.3672,3.3672,3.3672,3.3672,3.3672,1.5000,1.5000,1.5000,1.5000,1.5000
2.470000,1.5000,1.5000,1.5000,1.5000,1.5000,2.5472,2.5472,2.5472,2.5472,2.5472,3.3748,3.3748,3.3748,3.3748,3.3748,1.5000,1.5000,1.5000,1.5000,1.5000
2.480000,1.5000,1.5000,1.5000,1.5000,1.5000,2.5604,2.5604,2.5604,2.5604,2.5604,3.3824,3.3824,3.3824,3.3824,3.3824,1.5000,1.5000,1.5000,1.5000,1.5000
2.490000,1.5000,1.5000,1.5000,1.5000,1.5000,2.5736,2.5736,2.5736,2.5736,2.5736,3.3900,3.3900,3.3900,3.3900,3.3900,1.5000,1.5000,1.5000,1.5000,1.5000
2.500000,1.5000,1.5000,1.5000,1.5000,1.5000,2.5868,2.5868,2.5868,2.5868,2.5868,3.3976,3.3976,3.3976,3.3976,3.3976,1.5000,1.5000,1.5000,1.5000,1.5000
2.510000,1.5000,1.5000,1.5000,1.5000,1.5000,2.6000,2.6000,2.6000,2.6000,2.6000,3.4053,3.4053,3.4053,3.4053,3.4053,1.5000,1.5000,1.5000,1.5000,1.5000
2.520000,1.5000,1.5000,1.5000,1.5000,1.5000,2.6000,2.6000,2.6000,2.6000,2.6000,3.3900,3.3900,3.3900,3.3900,3.3900,1.5000,1.5000,1.5000,1.5000,1.5000
2.530000,1.5000,1.5000,1.5000,1.5000,1.5000,2.6000,2.6000,2.6000,2.6000,2.6000,3.3748,3.3748,3.3748,3.3748,3.3748,1.5000,1.5000,1.5000,1.5000,1.5000
2.540000,1.5000,1.5000,1.5000,1.5000,1.5000,2.6000,2.6000,2.6000,2.6000,2.6000,3.3595,3.3595,3.3595,3.3595,3.3595,1.5000,1.5000,1.5000,1.5000,1.5000
2.550000,1.5000,1.5000,1.5000,1.5000,1.5000,2.6000,2.6000,2.6000,2.6000,2.6000,3.3443,3.3443,3.3443,3.3443,3.3443,1.5000,1.5000,1.5000,1.5000,1.5000
2.560000,1.5000,1.5000,1.5000,1.5000,1.5000,2.6000,2.6000,2.6000,2.6000,2.6000,3.3290,3.3290,3.3290,3.3290,3.3290,1.5000,1.5000,1.5000,1.5000,1.5000
2.570000,1.5000,1.5000,1.5000,1.5000,1.5000,2.6000,2.6000,2.6000,2.6000,2.6000,3.3138,3.3138,3.3138,3.3138,3.3138,1.5000,1.5000,1.5000,1.5000,1.5000
2.580000,1.5000,1.5000,1.5000,1.5000,1.5000,2.6000,2.6000,2.6000,2.6000,2.6000,3.2986,3.2986,3.2986,3.2986,3.2986,1.5000,1.5000,1.5000,1.5000,1.5000
2.590000,1.5000,1.5000,1.5000,1.5000,1.5000,2.6000,2.6000,2.6000,2.6000,2.6000,3.2833,3.2833,3.2833,3.2833,3.2833,1.5000,1.5000,1.5000,1.5000,1.5000
2.600000,1.5000,1.5000,1.5000,1.5000,1.5000,2.6000,2.6000,2.6000,2.6000,2.6000,3.2681,3.2681,3.2681,3.2681,3.2681,1.5000,1.5000,1.5000,1.5000,1.5000
2.610000,1.5000,1.5000,1.5000,1.5000,1.5000,2.6000,2.6000,2.6000,2.6000,2.6000,3.2528,3.2528,3.2528,3.2528,3.2528,1.5000,1.5000,1.5000,1.5000,1.5000
2.620000,1.5000,1.5000,1.5000,1.5000,1.5000,2.6000,2.6000,2.6000,2.6000,2.6000,3.2376,3.2376,3.2376,3.2376,3.2376,1.5000,1.5000,1.5000,1.5000,1.5000
2.630000,1.5000,1.5000,1.5000,1.5000,1.5000,2.6000,2.6000,2.6000,2.6000,2.6000,3.2224,3.2224,3.2224,3.2224,3.2224,1.5000,1.5000,1.5000,1.5000,1.5000
2.640000,1.5000,1.5000,1.5000,1.5000,1.5000,2.6000,2.6000,2.6000,2.6000,2.6000,3.2071,3.2071,3.2071,3.2071,3.2071,1.5000,1.5000,1.5000,1.5000,1.5000
2.650000,1.5000,1.5000,1.5000,1.5000,1.5000,2.6000,2.6000,2.6000,2.6000,2.6000,3.1919,3.1919,3.1919,3.1919,3.1919,1.5000,1.5000,1.5000,1.5000,1.5000
2.660000,1.5000,1.5000,1.5000,1.5000,1.5000,2.6000,2.6000,2.6000,2.6000,2.6000,3.1766,3.1766,3.1766,3.1766,3.1766,1.5000,1.5000,1.5000,1.5000,1.5000
2.670000,1.5000,1.5000,1.5000,1.5000,1.5000,2.6000,2.6000,2.6000,2.6000,2.6000,3.1614,3.1614,3.1614,3.1614,3.1614,1.5000,1.5000,1.5000,1.5000,1.5000
2.680000,1.5000,1.5000,1.5000,1.5000,1.5000,2.6000,2.6000,2.6000,2.6000,2.6000,3.1461,3.1461,3.1461,3.1461,3.1461,1.5000,1.5000,1.5000,1.5000,1.5000
2.690000,1.5000,1.5000,1.5000,1.5000,1.5000,2.6000,2.6000,2.6000,2.6000,2.6000,3.1309,3.1309,3.1309,3.1309,3.1309,1.5000,1.5000,1.5000,1.5000,1.5000
2.700000,1.5000,1.5000,1.5000,1.5000,1.5000,2.6000,2.6000,2.6000,2.6000,2.6000,3.1157,3.1157,3.1157,3.1157,3.1157,1.5000,1.5000,1.5000,1.5000,1.5000
2.710000,1.5000,1.5000,1.5000,1.5000,1.5000,2.6000,2.6000,2.6000,2.6000,2.6000,3.1004,3.1004,3.1004,3.1004,3.1004,1.5000,1.5000,1.5000,1.5000,1.5000
2.720000,1.5000,1.5000,1.5000,1.5000,1.5000,2.6000,2.6000,2.6000,2.6000,2.6000,3.0852,3.0852,3.0852,3.0852,3.0852,1.5000,1.5000,1.5000,1.5000,1.5000
2.730000,1.5000,1.5000,1.5000,1.5000,1.5000,2.6000,2.6000,2.6000,2.6000,2.6000,3.0699,3.0699,3.0699,3.0699,3.0699,1.5000,1.5000,1.5000,1.5000,1.5000
2.740000,1.5000,1.5000,1.5000,1.5000,1.5000,2.6000,2.6000,2.6000,2.6000,2.6000,3.0547,3.0547,3.0547,3.0547,3.0547,1.5000,1.5000,1.5000,1.5000,1.5000
2.750000,1.5000,1.5000,1.5000,1.5000,1.5000,2.6000,2.6000,2.6000,2.6000,2.6000,3.0394,3.0394,3.0394,3.0394,3.0394,1.5000,1.5000,1.5000,1.5000,1.5000
2.760000,1.5000,1.5000,1.5000,1.5000,1.5000,2.6000,2.6000,2.6000,2.6000,2.6000,3.0242,3.0242,3.0242,3.0242,3.0242,1.5000,1.5000,1.5000,1.5000,1.5000
2.770000,1.5000,1.5000,1.5000,1.5000,1.5000,2.6000,2.6000,2.6000,2.6000,2.6000,3.0090,3.0090,3.0090,3.0090,3.0090,1.5000,1.5000,1.5000,1.5000,1.5000
2.780000,1.5000,1.5000,1.5000,1.5000,1.5000,2.6000,2.6000,2.6000,2.6000,2.6000,2.9937,2.9937,2.9937,2.9937,2.9937,1.5000,1.5000,1.5000,1.5000,1.5000
2.790000,1.5000,1.5000,1.5000,1.5000,1.5000,2.6000,2.6000,2.6000,2.6000,2.6000,2.9785,2.9785,2.9785,2.9785,2.9785,1.5000,1.5000,1.5000,1.5000,1.5000
2.800000,1.5000,1.5000,1.5000,1.5000,1.5000,2.6000,2.6000,2.6000,2.6000,2.6000,2.9632,2.9632,2.9632,2.9632,2.9632,1.5000,1.5000,1.5000,1.5000,1.5000
2.810000,1.5000,1.5000,1.5000,1.5000,1.5000,2.6000,2.6000,2.6000,2.6000,2.6000,2.9480,2.9480,2.9480,2.9480,2.9480,1.5000,1.5000,1.5000,1.5000,1.5000
2.820000,1.5000,1.5000,1.5000,1.5000,1.5000,2.6000,2.6000,2.6000,2.6000,2.6000,2.9328,2.9328,2.9328,2.9328,2.9328,1.5000,1.5000,1.5000,1.5000,1.5000
2.830000,1.5000,1.5000,1.5000,1.5000,1.5000,2.6000,2.6000,2.6000,2.6000,2.6000,2.9175,2.9175,2.9175,2.9175,2.9175,1.5000,1.5000,1.5000,1.5000,1.5000
2.840000,1.5000,1.5000,1.5000,1.5000,1.5000,2.6000,2.6000,2.6000,2.6000,2.6000,2.9023,2.9023,2.9023,2.9023,2.9023,1.5000,1.5000,1.5000,1.5000,1.5000
2.850000,1.5000,1.5000,1.5000,1.5000,1.5000,2.6000,2.6000,2.6000,2.6000,2.6000,2.8870,2.8870,2.8870,2.8870,2.8870,1.5000,1.5000,1.5000,1.5000,1.5000
2.860000,1.5000,1.5000,1.5000,1.5000,1.5000,2.6000,2.6000,2.6000,2.6000,2.6000,2.8718,2.8718,2.8718,2.8718,2.8718,1.5000,1.5000,1.5000,1.5000,1.5000
2.870000,1.5000,1.5000,1.5000,1.5000,1.5000,2.6000,2.6000,2.6000,2.6000,2.6000,2.8565,2.8565,2.8565,2.8565,2.8565,1.5000,1.5000,1.5000,1.5000,1.5000
2.880000,1.5000,1.5000,1.5000,1.5000,1.5000,2.6000,2.6000,2.6000,2.6000,2.6000,2.8413,2.8413,2.8413,2.8413,2.8413,1.5000,1.5000,1.5000,1.5000,1.5000
2.890000,1.5000,1.5000,1.5000,1.5000,1.5000,2.6000,2.6000,2.6000,2.6000,2.6000,2.8261,2.8261,2.8261,2.8261,2.8261,1.5000,1.5000,1.5000,1.5000,1.5000
2.900000,1.5000,1.5000,1.5000,1.5000,1.5000,2.6000,2.6000,2.6000,2.6000,2.6000,2.8108,2.8108,2.8108,2.8108,2.8108,1.5000,1.5000,1.5000,1.5000,1.5000
2.910000,1.5000,1.5000,1.5000,1.5000,1.5000,2.6000,2.6000,2.6000,2.6000,2.6000,2.7956,2.7956,2.7956,2.7956,2.7956,1.5000,1.5000,1.5000,1.5000,1.5000
2.920000,1.5000,1.5000,1.5000,1.5000,1.5000,2.6000,2.6000,2.6000,2.6000,2.6000,2.7803,2.7803,2.7803,2.7803,2.7803,1.5000,1.5000,1.5000,1.5000,1.5000
2.930000,1.5000,1.5000,1.5000,1.5000,1.5000,2.6000,2.6000,2.6000,2.6000,2.6000,2.7651,2.7651,2.7651,2.7651,2.7651,1.5000,1.5000,1.5000,1.5000,1.5000
2.940000,1.5000,1.5000,1.5000,1.5000,1.5000,2.6000,2.6000,2.6000,2.6000,2.6000,2.7498,2.7498,2.7498,2.7498,2.7498,1.5000,1.5000,1.5000,1.5000,1.5000
2.950000,1.5000,1.5000,1.5000,1.5000,1.5000,2.6000,2.6000,2.6000,2.6000,2.6000,2.7346,2.7346,2.7346,2.7346,2.7346,1.5000,1.5000,1.5000,1.5000,1.5000
2.960000,1.5000,1.5000,1.5000,1.5000,1.5000,2.6000,2.6000,2.6000,2.6000,2.6000,2.7194,2.7194,2.7194,2.7194,2.7194,1.5000,1.5000,1.5000,1.5000,1.5000
2.970000,1.5000,1.5000,1.5000,1.5000,1.5000,2.6000,2.6000,2.6000,2.6000,2.6000,2.7041,2.7041,2.7041,2.7041,2.7041,1.5000,1.5000,1.5000,1.5000,1.5000
2.980000,1.5000,1.5000,1.5000,1.5000,1.5000,2.6000,2.6000,2.6000,2.6000,2.6000,2.6889,2.6889,2.6889,2.6889,2.6889,1.5000,1.5000,1.5000,1.5000,1.5000
2.990000,1.5000,1.5000,1.5000,1.5000,1.5000,2.6000,2.6000,2.6000,2.6000,2.6000,2.6736,2.6736,2.6736,2.6736,2.6736,1.5000,1.5000,1.5000,1.5000,1.5000
3.000000,1.5000,1.5000,1.5000,1.5000,1.5000,2.6000,2.6000,2.6000,2.6000,2.6000,2.6584,2.6584,2.6584,2.6584,2.6584,1.5000,1.5000,1.5000,1.5000,1.5000
3.010000,1.5000,1.5000,1.5000,1.5000,1.5000,2.6000,2.6000,2.6000,2.6000,2.6000,2.6432,2.6432,2.6432,2.6432,2.6432,1.5000,1.5000,1.5000,1.5000,1.5000
3.020000,1.5000,1.5000,1.5000,1.5000,1.5000,2.6000,2.6000,2.6000,2.6000,2.6000,2.6279,2.6279,2.6279,2.6279,2.6279,1.5000,1.5000,1.5000,1.5000,1.5000
3.030000,1.5000,1.5000,1.5000,1.5000,1.5000,2.6000,2.6000,2.6000,2.6000,2.6000,2.6127,2.6127,2.6127,2.6127,2.6127,1.5000,1.5000,1.5000,1.5000,1.5000
3.040000,1.5000,1.5000,1.5000,1.5000,1.5000,2.6000,2.6000,2.6000,2.6000,2.6000,2.5974,2.5974,2.5974,2.5974,2.5974,1.5000,1.5000,1.5000,1.5000,1.5000
3.050000,1.5000,1.5000,1.5000,1.5000,1.5000,2.6000,2.6000,2.6000,2.6000,2.6000,2.5822,2.5822,2.5822,2.5822,2.5822,1.5000,1.5000,1.5000,1.5000,1.5000
3.060000,1.5000,1.5000,1.5000,1.5000,1.5000,2.6000,2.6000,2.6000,2.6000,2.6000,2.5669,2.5669,2.5669,2.5669,2.5669,1.5000,1.5000,1.5000,1.5000,1.5000
3.070000,1.5000,1.5000,1.5000,1.5000,1.5000,2.6000,2.6000,2.6000,2.6000,2.6000,2.5517,2.5517,2.5517,2.5517,2.5517,1.5000,1.5000,1.5000,1.5000,1.5000
3.080000,1.5000,1.5000,1.5000,1.5000,1.5000,2.6000,2.6000,2.6000,2.6000,2.6000,2.5365,2.5365,2.5365,2.5365,2.5365,1.5000,1.5000,1.5000,1.5000,1.5000
3.090000,1.5000,1.5000,1.5000,1.5000,1.5000,2.6000,2.6000,2.6000,2.6000,2.6000,2.5212,2.5212,2.5212,2.5212,2.5212,1.5000,1.5000,1.5000,1.5000,1.5000
3.100000,1.5000,1.5000,1.5000,1.5000,1.5000,2.6000,2.6000,2.6000,2.6000,2.6000,2.5060,2.5060,2.5060,2.5060,2.5060,1.5000,1.5000,1.5000,1.5000,1.5000
3.110000,1.5000,1.5000,1.5000,1.5000,1.5000,2.6000,2.6000,2.6000,2.6000,2.6000,2.4907,2.4907,2.4907,2.4907,2.4907,1.5000,1.5000,1.5000,1.5000,1.5000
3.120000,1.5000,1.5000,1.5000,1.5000,1.5000,2.6000,2.6000,2.6000,2.6000,2.6000,2.4755,2.4755,2.4755,2.4755,2.4755,1.5000,1.5000,1.5000,1.5000,1.5000
3.130000,1.5000,1.5000,1.5000,1.5000,1.5000,2.6000,2.6000,2.6000,2.6000,2.6000,2.4602,2.4602,2.4602,2.4602,2.4602,1.5000,1.5000,1.5000,1.5000,1.5000
3.140000,1.5000,1.5000,1.5000,1.5000,1.5000,2.6000,2.6000,2.6000,2.6000,2.6000,2.4450,2.4450,2.4450,2.4450,2.4450,1.5000,1.5000,1.5000,1.5000,1.5000
3.150000,1.5000,1.5000,1.5000,1.5000,1.5000,2.6000,2.6000,2.6000,2.6000,2.6000,2.4298,2.4298,2.4298,2.4298,2.4298,1.5000,1.5000,1.5000,1.5000,1.5000
3.160000,1.5000,1.5000,1.5000,1.5000,1.5000,2.6000,2.6000,2.6000,2.6000,2.6000,2.4145,2.4145,2.4145,2.4145,2.4145,1.5000,1.5000,1.5000,1.5000,1.5000
3.170000,1.5000,1.5000,1.5000,1.5000,1.5000,2.6000,2.6000,2.6000,2.6000,2.6000,2.3993,2.3993,2.3993,2.3993,2.3993,1.5000,1.5000,1.5000,1.5000,1.5000
3.180000,1.5000,1.5000,1.5000,1.5000,1.5000,2.6000,2.6000,2.6000,2.6000,2.6000,2.3840,2.3840,2.3840,2.3840,2.3840,1.5000,1.5000,1.5000,1.5000,1.5000
3.190000,1.5000,1.5000,1.5000,1.5000,1.5000,2.6000,2.6000,2.6000,2.6000,2.6000,2.3688,2.3688,2.3688,2.3688,2.3688,1.5000,1.5000,1.5000,1.5000,1.5000
3.200000,1.5000,1.5000,1.5000,1.5000,1.5000,2.6000,2.6000,2.6000,2.6000,2.6000,2.3536,2.3536,2.3536,2.3536,2.3536,1.5000,1.5000,1.5000,1.5000,1.5000
3.210000,1.5000,1.5000,1.5000,1.5000,1.5000,2.6000,2.6000,2.6000,2.6000,2.6000,2.3383,2.3383,2.3383,2.3383,2.3383,1.5000,1.5000,1.5000,1.5000,1.5000
3.220000,1.5000,1.5000,1.5000,1.5000,1.5000,2.6000,2.6000,2.6000,2.6000,2.6000,2.3231,2.3231,2.3231,2.3231,2.3231,1.5000,1.5000,1.5000,1.5000,1.5000
3.230000,1.5000,1.5000,1.5000,1.5000,1.5000,2.6000,2.6000,2.6000,2.6000,2.6000,2.3078,2.3078,2.3078,2.3078,2.3078,1.5000,1.5000,1.5000,1.5000,1.5000
3.240000,1.5000,1.5000,1.5000,1.5000,1.5000,2.6000,2.6000,2.6000,2.6000,2.6000,2.2926,2.2926,2.2926,2.2926,2.2926,1.5000,1.5000,1.5000,1.5000,1.5000
3.250000,1.5000,1.5000,1.5000,1.5000,1.5000,2.6000,2.6000,2.6000,2.6000,2.6000,2.2773,2.2773,2.2773,2.2773,2.2773,1.5000,1.5000,1.5000,1.5000,1.5000
3.260000,1.5000,1.5000,1.5000,1.5000,1.5000,2.6000,2.6000,2.6000,2.6000,2.6000,2.2621,2.2621,2.2621,2.2621,2.2621,1.5000,1.5000,1.5000,1.5000,1.5000
3.270000,1.5000,1.5000,1.5000,1.5000,1.5000,2.6000,2.6000,2.6000,2.6000,2.6000,2.2469,2.2469,2.2469,2.2469,2.2469,1.5000,1.5000,1.5000,1.5000,1.5000
3.280000,1.5000,1.5000,1.5000,1.5000,1.5000,2.6000,2.6000,2.6000,2.6000,2.6000,2.2316,2.2316,2.2316,2.2316,2.2316,1.5000,1.5000,1.5000,1.5000,1.5000
3.290000,1.5000,1.5000,1.5000,1.5000,1.5000,2.6000,2.6000,2.6000,2.6000,2.6000,2.2164,2.2164,2.2164,2.2164,2.2164,1.5000,1.5000,1.5000,1.5000,1.5000
3.300000,1.5000,1.5000,1.5000,1.5000,1.5000,2.6000,2.6000,2.6000,2.6000,2.6000,2.2011,2.2011,2.2011,2.2011,2.2011,1.5000,1.5000,1.5000,1.5000,1.5000
3.310000,1.5000,1.5000,1.5000,1.5000,1.5000,2.6000,2.6000,2.6000,2.6000,2.6000,2.1859,2.1859,2.1859,2.1859,2.1859,1.5000,1.5000,1.5000,1.5000,1.5000
3.320000,1.5000,1.5000,1.5000,1.5000,1.5000,2.6000,2.6000,2.6000,2.6000,2.6000,2.1707,2.1707,2.1707,2.1707,2.1707,1.5000,1.5000,1.5000,1.5000,1.5000
3.330000,1.5000,1.5000,1.5000,1.5000,1.5000,2.6000,2.6000,2.6000,2.6000,2.6000,2.1554,2.1554,2.1554,2.1554,2.1554,1.5000,1.5000,1.5000,1.5000,1.5000
3.340000,1.5000,1.5000,1.5000,1.5000,1.5000,2.6000,2.6000,2.6000,2.6000,2.6000,2.1402,2.1402,2.1402,2.1402,2.1402,1.5000,1.5000,1.5000,1.5000,1.5000
3.350000,1.5000,1.5000,1.5000,1.5000,1.5000,2.6000,2.6000,2.6000,2.6000,2.6000,2.1249,2.1249,2.1249,2.1249,2.1249,1.5000,1.5000,1.5000,1.5000,1.5000
3.360000,1.5000,1.5000,1.5000,1.5000,1.5000,2.6000,2.6000,2.6000,2.6000,2.6000,2.1097,2.1097,2.1097,2.1097,2.1097,1.5000,1.5000,1.5000,1.5000,1.5000
3.370000,1.5000,1.5000,1.5000,1.5000,1.5000,2.6000,2.6000,2.6000,2.6000,2.6000,2.0944,2.0944,2.0944,2.0944,2.0944,1.5000,1.5000,1.5000,1.5000,1.5000
3.380000,1.5000,1.5000,1.5000,1.5000,1.5000,2.6000,2.6000,2.6000,2.6000,2.6000,2.0792,2.0792,2.0792,2.0792,2.0792,1.5000,1.5000,1.5000,1.5000,1.5000
3.390000,1.5000,1.5000,1.5000,1.5000,1.5000,2.6000,2.6000,2.6000,2.6000,2.6000,2.0640,2.0640,2.0640,2.0640,2.0640,1.5000,1.5000,1.5000,1.5000,1.5000
3.400000,1.5000,1.5000,1.5000,1.5000,1.5000,2.6000,2.6000,2.6000,2.6000,2.6000,2.0487,2.0487,2.0487,2.0487,2.0487,1.5000,1.5000,1.5000,1.5000,1.5000
3.410000,1.5000,1.5000,1.5000,1.5000,1.5000,2.6000,2.6000,2.6000,2.6000,2.6000,2.0335,2.0335,2.0335,2.0335,2.0335,1.5000,1.5000,1.5000,1.5000,1.5000
3.420000,1.5000,1.5000,1.5000,1.5000,1.5000,2.6000,2.6000,2.6000,2.6000,2.6000,2.0182,2.0182,2.0182,2.0182,2.0182,1.5000,1.5000,1.5000,1.5000,1.5000
3.430000,1.5000,1.5000,1.5000,1.5000,1.5000,2.6000,2.6000,2.6000,2.6000,2.6000,2.0030,2.0030,2.0030,2.0030,2.0030,1.5000,1.5000,1.5000,1.5000,1.5000
3.440000,1.5000,1.5000,1.5000,1.5000,1.5000,2.6000,2.6000,2.6000,2.6000,2.6000,1.9877,1.9877,1.9877,1.9877,1.9877,1.5000,1.5000,1.5000,1.5000,1.5000
3.450000,1.5000,1.5000,1.5000,1.5000,1.5000,2.6000,2.6000,2.6000,2.6000,2.6000,1.9725,1.9725,1.9725,1.9725,1.9725,1.5000,1.5000,1.5000,1.5000,1.5000
3.460000,1.5000,1.5000,1.5000,1.5000,1.5000,2.6000,2.6000,2.6000,2.6000,2.6000,1.9573,1.9573,1.9573,1.9573,1.9573,1.5000,1.5000,1.5000,1.5000,1.5000
3.470000,1.5000,1.5000,1.5000,1.5000,1.5000,2.6000,2.6000,2.6000,2.6000,2.6000,1.9420,1.9420,1.9420,1.9420,1.9420,1.5000,1.5000,1.5000,1.5000,1.5000
3.480000,1.5000,1.5000,1.5000,1.5000,1.5000,2.6000,2.6000,2.6000,2.6000,2.6000,1.9268,1.9268,1.9268,1.9268,1.9268,1.5000,1.5000,1.5000,1.5000,1.5000
3.490000,1.5000,1.5000,1.5000,1.5000,1.5000,2.6000,2.6000,2.6000,2.6000,2.6000,1.9115,1.9115,1.9115,1.9115,1.9115,1.5000,1.5000,1.5000,1.5000,1.5000
3.500000,1.5000,1.5000,1.5000,1.5000,1.5000,2.6000,2.6000,2.6000,2.6000,2.6000,1.8963,1.8963,1.8963,1.8963,1.8963,1.5000,1.5000,1.5000,1.5000,1.5000
3.510000,1.5000,1.5000,1.5000,1.5000,1.5000,2.6000,2.6000,2.6000,2.6000,2.6000,1.8811,1.8811,1.8811,1.8811,1.8811,1.5000,1.5000,1.5000,1.5000,1.5000
3.520000,1.5000,1.5000,1.5000,1.5000,1.5000,2.6000,2.6000,2.6000,2.6000,2.6000,1.8658,1.8658,1.8658,1.8658,1.8658,1.5000,1.5000,1.5000,1.5000,1.5000
3.530000,1.5000,1.5000,1.5000,1.5000,1.5000,2.6000,2.6000,2.6000,2.6000,2.6000,1.8506,1.8506,1.8506,1.8506,1.8506,1.5000,1.5000,1.5000,1.5000,1.5000
3.540000,1.5000,1.5000,1.5000,1.5000,1.5000,2.6000,2.6000,2.6000,2.6000,2.6000,1.8353,1.8353,1.8353,1.8353,1.8353,1.5000,1.5000,1.5000,1.5000,1.5000
3.550000,1.5000,1.5000,1.5000,1.5000,1.5000,2.6000,2.6000,2.6000,2.6000,2.6000,1.8201,1.8201,1.8201,1.8201,1.8201,1.5000,1.5000,1.5000,1.5000,1.5000
3.560000,1.5000,1.5000,1.5000,1.5000,1.5000,2.6000,2.6000,2.6000,2.6000,2.6000,1.8048,1.8048,1.8048,1.8048,1.8048,1.5000,1.5000,1.5000,1.5000,1.5000
3.570000,1.5000,1.5000,1.5000,1.5000,1.5000,2.6000,2.6000,2.6000,2.6000,2.6000,1.7896,1.7896,1.7896,1.7896,1.7896,1.5000,1.5000,1.5000,1.5000,1.5000
3.580000,1.5000,1.5000,1.5000,1.5000,1.5000,2.6000,2.6000,2.6000,2.6000,2.6000,1.7744,1.7744,1.7744,1.7744,1.7744,1.5000,1.5000,1.5000,1.5000,1.5000
3.590000,1.5000,1.5000,1.5000,1.5000,1.5000,2.6000,2.6000,2.6000,2.6000,2.6000,1.7591,1.7591,1.7591,1.7591,1.7591,1.5000,1.5000,1.5000,1.5000,1.5000
3.600000,1.5000,1.5000,1.5000,1.5000,1.5000,2.6000,2.6000,2.6000,2.6000,2.6000,1.7439,1.7439,1.7439,1.7439,1.7439,1.5000,1.5000,1.5000,1.5000,1.5000
3.610000,1.5000,1.5000,1.5000,1.5000,1.5000,2.6000,2.6000,2.6000,2.6000,2.6000,1.7286,1.7286,1.7286,1.7286,1.7286,1.5000,1.5000,1.5000,1.5000,1.5000
3.620000,1.5000,1.5000,1.5000,1.5000,1.5000,2.6000,2.6000,2.6000,2.6000,2.6000,1.7134,1.7134,1.7134,1.7134,1.7134,1.5000,1.5000,1.5000,1.5000,1.5000
3.630000,1.5000,1.5000,1.5000,1.5000,1.5000,2.6000,2.6000,2.6000,2.6000,2.6000,1.6981,1.6981,1.6981,1.6981,1.6981,1.5000,1.5000,1.5000,1.5000,1.5000
3.640000,1.5000,1.5000,1.5000,1.5000,1.5000,2.6000,2.6000,2.6000,2.6000,2.6000,1.6829,1.6829,1.6829,1.6829,1.6829,1.5000,1.5000,1.5000,1.5000,1.5000
3.650000,1.5000,1.5000,1.5000,1.5000,1.5000,2.6000,2.6000,2.6000,2.6000,2.6000,1.6677,1.6677,1.6677,1.6677,1.6677,1.5000,1.5000,1.5000,1.5000,1.5000
3.660000,1.5000,1.5000,1.5000,1.5000,1.5000,2.6000,2.6000,2.6000,2.6000,2.6000,1.6524,1.6524,1.6524,1.6524,1.6524,1.5000,1.5000,1.5000,1.5000,1.5000
3.670000,1.5000,1.5000,1.5000,1.5000,1.5000,2.6000,2.6000,2.6000,2.6000,2.6000,1.6372,1.6372,1.6372,1.6372,1.6372,1.5000,1.5000,1.5000,1.5000,1.5000
3.680000,1.5000,1.5000,1.5000,1.5000,1.5000,2.6000,2.6000,2.6000,2.6000,2.6000,1.6219,1.6219,1.6219,1.6219,1.6219,1.5000,1.5000,1.5000,1.5000,1.5000
3.690000,1.5000,1.5000,1.5000,1.5000,1.5000,2.6000,2.6000,2.6000,2.6000,2.6000,1.6067,1.6067,1.6067,1.6067,1.6067,1.5000,1.5000,1.5000,1.5000,1.5000
3.700000,1.5000,1.5000,1.5000,1.5000,1.5000,2.6000,2.6000,2.6000,2.6000,2.6000,1.5915,1.5915,1.5915,1.5915,1.5915,1.5000,1.5000,1.5000,1.5000,1.5000
3.710000,1.5000,1.5000,1.5000,1.5000,1.5000,2.6000,2.6000,2.6000,2.6000,2.6000,1.5762,1.5762,1.5762,1.5762,1.5762,1.5000,1.5000,1.5000,1.5000,1.5000
3.720000,1.5000,1.5000,1.5000,1.5000,1.5000,2.6000,2.6000,2.6000,2.6000,2.6000,1.5610,1.5610,1.5610,1.5610,1.5610,1.5000,1.5000,1.5000,1.5000,1.5000
3.730000,1.5000,1.5000,1.5000,1.5000,1.5000,2.6000,2.6000,2.6000,2.6000,2.6000,1.5457,1.5457,1.5457,1.5457,1.5457,1.5000,1.5000,1.5000,1.5000,1.5000
3.740000,1.5000,1.5000,1.5000,1.5000,1.5000,2.6000,2.6000,2.6000,2.6000,2.6000,1.5305,1.5305,1.5305,1.5305,1.5305,1.5000,1.5000,1.5000,1.5000,1.5000
3.750000,1.5000,1.5000,1.5000,1.5000,1.5000,2.6000,2.6000,2.6000,2.6000,2.6000,1.5152,1.5152,1.5152,1.5152,1.5152,1.5000,1.5000,1.5000,1.5000,1.5000
3.760000,1.5000,1.5000,1.5000,1.5000,1.5000,2.6000,2.6000,2.6000,2.6000,2.6000,1.5000,1.5000,1.5000,1.5000,1.5000,1.5000,1.5000,1.5000,1.5000,1.5000
3.770000,1.5152,1.5152,1.5152,1.5152,1.5152,2.6000,2.6000,2.6000,2.6000,2.6000,1.5000,1.5000,1.5000,1.5000,1.5000,1.5000,1.5000,1.5000,1.5000,1.5000
3.780000,1.5305,1.5305,1.5305,1.5305,1.5305,2.6000,2.6000,2.6000,2.6000,2.6000,1.5000,1.5000,1.5000,1.5000,1.5000,1.5000,1.5000,1.5000,1.5000,1.5000
3.790000,1.5457,1.5457,1.5457,1.5457,1.5457,2.6000,2.6000,2.6000,2.6000,2.6000,1.5000,1.5000,1.5000,1.5000,1.5000,1.5000,1.5000,1.5000,1.5000,1.5000
3.800000,1.5610,1.5610,1.5610,1.5610,1.5610,2.6000,2.6000,2.6000,2.6000,2.6000,1.5000,1.5000,1.5000,1.5000,1.5000,1.5000,1.5000,1.5000,1.5000,1.5000
3.810000,1.5762,1.5762,1.5762,1.5762,1.5762,2.6000,2.6000,2.6000,2.6000,2.6000,1.5000,1.5000,1.5000,1.5000,1.5000,1.5000,1.5000,1.5000,1.5000,1.5000
3.820000,1.5915,1.5915,1.5915,1.5915,1.5915,2.6000,2.6000,2.6000,2.6000,2.6000,1.5000,1.5000,1.5000,1.5000,1.5000,1.5000,1.5000,1.5000,1.5000,1.5000
3.830000,1.6067,1.6067,1.6067,1.6067,1.6067,2.6000,2.6000,2.6000,2.6000,2.6000,1.5000,1.5000,1.5000,1.5000,1.5000,1.5000,1.5000,1.5000,1.5000,1.5000
3.840000,1.6219,1.6219,1.6219,1.6219,1.6219,2.6000,2.6000,2.6000,2.6000,2.6000,1.5000,1.5000,1.5000,1.5000,1.5000,1.5000,1.5000,1.5000,1.5000,1.5000
3.850000,1.6372,1.6372,1.6372,1.6372,1.6372,2.6000,2.6000,2.6000,2.6000,2.6000,1.5000,1.5000,1.5000,1.5000,1.5000,1.5000,1.5000,1.5000,1.5000,1.5000
3.860000,1.6524,1.6524,1.6524,1.6524,1.6524,2.6000,2.6000,2.6000,2.6000,2.6000,1.5000,1.5000,1.5000,1.5000,1.5000,1.5000,1.5000,1.5000,1.5000,1.5000
3.870000,1.6677,1.6677,1.6677,1.6677,1.6677,2.6000,2.6000,2.6000,2.6000,2.6000,1.5000,1.5000,1.5000,1.5000,1.5000,1.5000,1.5000,1.5000,1.5000,1.5000
3.880000,1.6829,1.6829,1.6829,1.6829,1.6829,2.6000,2.6000,2.6000,2.6000,2.6000,1.5000,1.5000,1.5000,1.5000,1.5000,1.5000,1.5000,1.5000,1.5000,1.5000
3.890000,1.6981,1.6981,1.6981,1.6981,1.6981,2.6000,2.6000,2.6000,2.6000,2.6000,1.5000,1.5000,1.5000,1.5000,1.5000,1.5000,1.5000,1.5000,1.5000,1.5000
3.900000,1.7134,1.7134,1.7134,1.7134,1.7134,2.6000,2.6000,2.6000,2.6000,2.6000,1.5000,1.5000,1.5000,1.5000,1.5000,1.5000,1.5000,1.5000,1.5000,1.5000
3.910000,1.7286,1.7286,1.7286,1.7286,1.7286,2.6000,2.6000,2.6000,2.6000,2.6000,1.5000,1.5000,1.5000,1.5000,1.5000,1.5000,1.5000,1.5000,1.5000,1.5000
3.920000,1.7439,1.7439,1.7439,1.7439,1.7439,2.6000,2.6000,2.6000,2.6000,2.6000,1.5000,1.5000,1.5000,1.5000,1.5000,1.5000,1.5000,1.5000,1.5000,1.5000
3.930000,1.7591,1.7591,1.7591,1.7591,1.7591,2.6000,2.6000,2.6000,2.6000,2.6000,1.5000,1.5000,1.5000,1.5000,1.5000,1.5000,1.5000,1.5000,1.5000,1.5000
3.940000,1.7744,1.7744,1.7744,1.7744,1.7744,2.6000,2.6000,2.6000,2.6000,2.6000,1.5000,1.5000,1.5000,1.5000,1.5000,1.5000,1.5000,1.5000,1.5000,1.5000
3.950000,1.7896,1.7896,1.7896,1.7896,1.7896,2.6000,2.6000,2.6000,2.6000,2.6000,1.5000,1.5000,1.5000,1.5000,1.5000,1.5000,1.5000,1.5000,1.5000,1.5000
3.960000,1.8048,1.8048,1.8048,1.8048,1.8048,2.6000,2.6000,2.6000,2.6000,2.6000,1.5000,1.5000,1.5000,1.5000,1.5000,1.5000,1.5000,1.5000,1.5000,1.5000
3.970000,1.8201,1.8201,1.8201,1.8201,1.8201,2.6000,2.6000,2.6000,2.6000,2.6000,1.5000,1.5000,1.5000,1.5000,1.5000,1.5000,1.5000,1.5000,1.5000,1.5000
3.980000,1.8353,1.8353,1.8353,1.8353,1.8353,2.6000,2.6000,2.6000,2.6000,2.6000,1.5000,1.5000,1.5000,1.5000,1.5000,1.5000,1.5000,1.5000,1.5000,1.5000
3.990000,1.8506,1.8506,1.8506,1.8506,1.8506,2.6000,2.6000,2.6000,2.6000,2.6000,1.5000,1.5000,1.5000,1.5000,1.5000,1.5000,1.5000,1.5000,1.5000,1.5000
4.000000,1.8658,1.8658,1.8658,1.8658,1.8658,2.6000,2.6000,2.6000,2.6000,2.6000,1.5000,1.5000,1.5000,1.5000,1.5000,1.5000,1.5000,1.5000,1.5000,1.5000
4.010000,1.8811,1.8811,1.8811,1.8811,1.8811,2.6000,2.6000,2.6000,2.6000,2.6000,1.5000,1.5000,1.5000,1.5000,1.5000,1.5000,1.5000,1.5000,1.5000,1.5000
4.020000,1.8963,1.8963,1.8963,1.8963,1.8963,2.6000,2.6000,2.6000,2.6000,2.6000,1.5000,1.5000,1.5000,1.5000,1.5000,1.5000,1.5000,1.5000,1.5000,1.5000
4.030000,1.9115,1.9115,1.9115,1.9115,1.9115,2.6000,2.6000,2.6000,2.6000,2.6000,1.5000,1.5000,1.5000,1.5000,1.5000,1.5000,1.5000,1.5000,1.5000,1.5000
4.040000,1.9268,1.9268,1.9268,1.9268,1.9268,2.6000,2.6000,2.6000,2.6000,2.6000,1.5000,1.5000,1.5000,1.5000,1.5000,1.5000,1.5000,1.5000,1.5000,1.5000
4.050000,1.9420,1.9420,1.9420,1.9420,1.9420,2.6000,2.6000,2.6000,2.6000,2.6000,1.5000,1.5000,1.5000,1.5000,1.5000,1.5000,1.5000,1.5000,1.5000,1.5000
4.060000,1.9573,1.9573,1.9573,1.9573,1.9573,2.6000,2.6000,2.6000,2.6000,2.6000,1.5000,1.5000,1.5000,1.5000,1.5000,1.5000,1.5000,1.5000,1.5000,1.5000
4.070000,1.9725,1.9725,1.9725,1.9725,1.9725,2.6000,2.6000,2.6000,2.6000,2.6000,1.5000,1.5000,1.5000,1.5000,1.5000,1.5000,1.5000,1.5000,1.5000,1.5000
4.080000,1.9877,1.9877,1.9877,1.9877,1.9877,2.6000,2.6000,2.6000,2.6000,2.6000,1.5000,1.5000,1.5000,1.5000,1.5000,1.5000,1.5000,1.5000,1.5000,1.5000
4.090000,2.0030,2.0030,2.0030,2.0030,2.0030,2.6000,2.6000,2.6000,2.6000,2.6000,1.5000,1.5000,1.5000,1.5000,1.5000,1.5000,1.5000,1.5000,1.5000,1.5000
4.100000,2.0182,2.0182,2.0182,2.0182,2.0182,2.6000,2.6000,2.6000,2.6000,2.6000,1.5000,1.5000,1.5000,1.5000,1.5000,1.5000,1.5000,1.5000,1.5000,1.5000
4.110000,2.0335,2.0335,2.0335,2.0335,2.0335,2.6000,2.6000,2.6000,2.6000,2.6000,1.5000,1.5000,1.5000,1.5000,1.5000,1.5000,1.5000,1.5000,1.5000,1.5000
4.120000,2.0487,2.0487,2.0487,2.0487,2.0487,2.6000,2.6000,2.6000,2.6000,2.6000,1.5000,1.5000,1.5000,1.5000,1.5000,1.5000,1.5000,1.5000,1.5000,1.5000
4.130000,2.0640,2.0640,2.0640,2.0640,2.0640,2.6000,2.6000,2.6000,2.6000,2.6000,1.5000,1.5000,1.5000,1.5000,1.5000,1.5000,1.5000,1.5000,1.5000,1.5000
4.140000,2.0792,2.0792,2.0792,2.0792,2.0792,2.6000,2.6000,2.6000,2.6000,2.6000,1.5000,1.5000,1.5000,1.5000,1.5000,1.5000,1.5000,1.5000,1.5000,1.5000
4.150000,2.0944,2.0944,2.0944,2.0944,2.0944,2.6000,2.6000,2.6000,2.6000,2.6000,1.5000,1.5000,1.5000,1.5000,1.5000,1.5000,1.5000,1.5000,1.5000,1.5000
4.160000,2.1097,2.1097,2.1097,2.1097,2.1097,2.6000,2.6000,2.6000,2.6000,2.6000,1.5000,1.5000,1.5000,1.5000,1.5000,1.5000,1.5000,1.5000,1.5000,1.5000
4.170000,2.1249,2.1249,2.1249,2.1249,2.1249,2.6000,2.6000,2.6000,2.6000,2.6000,1.5000,1.5000,1.5000,1.5000,1.5000,1.5000,1.5000,1.5000,1.5000,1.5000
4.180000,2.1402,2.1402,2.1402,2.1402,2.1402,2.6000,2.6000,2.6000,2.6000,2.6000,1.5000,1.5000,1.5000,1.5000,1.5000,1.5000,1.5000,1.5000,1.5000,1.5000
4.190000,2.1554,2.1554,2.1554,2.1554,2.1554,2.6000,2.6000,2.6000,2.6000,2.6000,1.5000,1.5000,1.5000,1.5000,1.5000,1.5000,1.5000,1.5000,1.5000,1.5000
4.200000,2.1707,2.1707,2.1707,2.1707,2.1707,2.6000,2.6000,2.6000,2.6000,2.6000,1.5000,1.5000,1.5000,1.5000,1.5000,1.5000,1.5000,1.5000,1.5000,1.5000
4.210000,2.1859,2.1859,2.1859,2.1859,2.1859,2.6000,2.6000,2.6000,2.6000,2.6000,1.5000,1.5000,1.5000,1.5000,1.5000,1.5000,1.5000,1.5000,1.5000,1.5000
4.220000,2.2011,2.2011,2.2011,2.2011,2.2011,2.6000,2.6000,2.6000,2.6000,2.6000,1.5000,1.5000,1.5000,1.5000,1.5000,1.5000,1.5000,1.5000,1.5000,1.5000
4.230000,2.2164,2.2164,2.2164,2.2164,2.2164,2.6000,2.6000,2.6000,2.6000,2.6000,1.5000,1.5000,1.5000,1.5000,1.5000,1.5000,1.5000,1.5000,1.5000,1.5000
4.240000,2.2316,2.2316,2.2316,2.2316,2.2316,2.6000,2.6000,2.6000,2.6000,2.6000,1.5000,1.5000,1.5000,1.5000,1.5000,1.5000,1.5000,1.5000,1.5000,1.5000
4.250000,2.2469,2.2469,2.2469,2.2469,2.2469,2.6000,2.6000,2.6000,2.6000,2.6000,1.5000,1.5000,1.5000,1.5000,1.5000,1.5000,1.5000,1.5000,1.5000,1.5000
4.260000,2.2621,2.2621,2.2621,2.2621,2.2621,2.6000,2.6000,2.6000,2.6000,2.6000,1.5000,1.5000,1.5000,1.5000,1.5000,1.5000,1.5000,1.5000,1.5000,1.5000
4.270000,2.2773,2.2773,2.2773,2.2773,2.2773,2.6000,2.6000,2.6000,2.6000,2.6000,1.5000,1.5000,1.5000,1.5000,1.5000,1.5000,1.5000,1.5000,1.5000,1.5000
4.280000,2.2926,2.2926,2.2926,2.2926,2.2926,2.6000,2.6000,2.6000,2.6000,2.6000,1.5000,1.5000,1.5000,1.5000,1.5000,1.5000,1.5000,1.5000,1.5000,1.5000
4.290000,2.3078,2.3078,2.3078,2.3078,2.3078,2.6000,2.6000,2.6000,2.6000,2.6000,1.5000,1.5000,1.5000,1.5000,1.5000,1.5000,1.5000,1.5000,1.5000,1.5000
4.300000,2.3231,2.3231,2.3231,2.3231,2.3231,2.6000,2.6000,2.6000,2.6000,2.6000,1.5000,1.5000,1.5000,1.5000,1.5000,1.5000,1.5000,1.5000,1.5000,1.5000
4.310000,2.3383,2.3383,2.3383,2.3383,2.3383,2.6000,2.6000,2.6000,2.6000,2.6000,1.5000,1.5000,1.5000,1.5000,1.5000,1.5000,1.5000,1.5000,1.5000,1.5000
4.320000,2.3536,2.3536,2.3536,2.3536,2.3536,2.6000,2.6000,2.6000,2.6000,2.6000,1.5000,1.5000,1.5000,1.5000,1.5000,1.5000,1.5000,1.5000,1.5000,1.5000
4.330000,2.3688,2.3688,2.3688,2.3688,2.3688,2.6000,2.6000,2.6000,2.6000,2.6000,1.5000,1.5000,1.5000,1.5000,1.5000,1.5000,1.5000,1.5000,1.5000,1.5000
4.340000,2.3840,2.3840,2.3840,2.3840,2.3840,2.6000,2.6000,2.6000,2.6000,2.6000,1.5000,1.5000,1.5000,1.5000,1.5000,1.5000,1.5000,1.5000,1.5000,1.5000
4.350000,2.3993,2.3993,2.3993,2.3993,2.3993,2.6000,2.6000,2.6000,2.6000,2.6000,1.5000,1.5000,1.5000,1.5000,1.5000,1.5000,1.5000,1.5000,1.5000,1.5000
4.360000,2.4145,2.4145,2.4145,2.4145,2.4145,2.6000,2.6000,2.6000,2.6000,2.6000,1.5000,1.5000,1.5000,1.5000,1.5000,1.5000,1.5000,1.5000,1.5000,1.5000
4.370000,2.4298,2.4298,2.4298,2.4298,2.4298,2.6000,2.6000,2.6000,2.6000,2.6000,1.5000,1.5000,1.5000,1.5000,1.5000,1.5000,1.5000,1.5000,1.5000,1.5000
4.380000,2.4450,2.4450,2.4450,2.4450,2.4450,2.6000,2.6000,2.6000,2.6000,2.6000,1.5000,1.5000,1.5000,1.5000,1.5000,1.5000,1.5000,1.5000,1.5000,1.5000
4.390000,2.4602,2.4602,2.4602,2.4602,2.4602,2.6000,2.6000,2.6000,2.6000,2.6000,1.5000,1.5000,1.5000,1.5000,1.5000,1.5000,1.5000,1.5000,1.5000,1.5000
4.400000,2.4755,2.4755,2.4755,2.4755,2.4755,2.6000,2.6000,2.6000,2.6000,2.6000,1.5000,1.5000,1.5000,1.5000,1.5000,1.5000,1.5000,1.5000,1.5000,1.5000
4.410000,2.4907,2.4907,2.4907,2.4907,2.4907,2.6000,2.6000,2.6000,2.6000,2.6000,1.5000,1.5000,1.5000,1.5000,1.5000,1.5000,1.5000,1.5000,1.5000,1.5000
4.420000,2.5060,2.5060,2.5060,2.5060,2.5060,2.6000,2.6000,2.6000,2.6000,2.6000,1.5000,1.5000,1.5000,1.5000,1.5000,1.5000,1.5000,1.5000,1.5000,1.5000
4.430000,2.5212,2.5212,2.5212,2.5212,2.5212,2.6000,2.6000,2.6000,2.6000,2.6000,1.5000,1.5000,1.5000,1.5000,1.5000,1.5000,1.5000,1.5000,1.5000,1.5000
4.440000,2.5365,2.5365,2.5365,2.5365,2.5365,2.6000,2.6000,2.6000,2.6000,2.6000,1.5000,1.5000,1.5000,1.5000,1.5000,1.5000,1.5000,1.5000,1.5000,1.5000
4.450000,2.5517,2.5517,2.5517,2.5517,2.5517,2.6000,2.6000,2.6000,2.6000,2.6000,1.5000,1.5000,1.5000,1.5000,1.5000,1.5000,1.5000,1.5000,1.5000,1.5000
4.460000,2.5669,2.5669,2.5669,2.5669,2.5669,2.6000,2.6000,2.6000,2.6000,2.6000,1.5000,1.5000,1.5000,1.5000,1.5000,1.5000,1.5000,1.5000,1.5000,1.5000
4.470000,2.5822,2.5822,2.5822,2.5822,2.5822,2.6000,2.6000,2.6000,2.6000,2.6000,1.5000,1.5000,1.5000,1.5000,1.5000,1.5000,1.5000,1.5000,1.5000,1.5000
4.480000,2.5974,2.5974,2.5974,2.5974,2.5974,2.6000,2.6000,2.6000,2.6000,2.6000,1.5000,1.5000,1.5000,1.5000,1.5000,1.5000,1.5000,1.5000,1.5000,1.5000
4.490000,2.6127,2.6127,2.6127,2.6127,2.6127,2.6000,2.6000,2.6000,2.6000,2.6000,1.5000,1.5000,1.5000,1.5000,1.5000,1.5000,1.5000,1.5000,1.5000,1.5000
4.500000,2.6279,2.6279,2.6279,2.6279,2.6279,2.6000,2.6000,2.6000,2.6000,2.6000,1.5000,1.5000,1.5000,1.5000,1.5000,1.5000,1.5000,1.5000,1.5000,1.5000
4.510000,2.6432,2.6432,2.6432,2.6432,2.6432,2.6000,2.6000,2.6000,2.6000,2.6000,1.5000,1.5000,1.5000,1.5000,1.5000,1.5000,1.5000,1.5000,1.5000,1.5000
4.520000,2.6584,2.6584,2.6584,2.6584,2.6584,2.6000,2.6000,2.6000,2.6000,2.6000,1.5000,1.5000,1.5000,1.5000,1.5000,1.5000,1.5000,1.5000,1.5000,1.5000
4.530000,2.6736,2.6736,2.6736,2.6736,2.6736,2.6000,2.6000,2.6000,2.6000,2.6000,1.5000,1.5000,1.5000,1.5000,1.5000,1.5000,1.5000,1.5000,1.5000,1.5000
4.540000,2.6889,2.6889,2.6889,2.6889,2.6889,2.6000,2.6000,2.6000,2.6000,2.6000,1.5000,1.5000,1.5000,1.5000,1.5000,1.5000,1.5000,1.5000,1.5000,1.5000
4.550000,2.7041,2.7041,2.7041,2.7041,2.7041,2.6000,2.6000,2.6000,2.6000,2.6000,1.5000,1.5000,1.5000,1.5000,1.5000,1.5000,1.5000,1.5000,1.5000,1.5000
4.560000,2.7194,2.7194,2.7194,2.7194,2.7194,2.6000,2.6000,2.6000,2.6000,2.6000,1.5000,1.5000,1.5000,1.5000,1.5000,1.5000,1.5000,1.5000,1.5000,1.5000
4.570000,2.7346,2.7346,2.7346,2.7346,2.7346,2.6000,2.6000,2.6000,2.6000,2.6000,1.5000,1.5000,1.5000,1.5000,1.5000,1.5000,1.5000,1.5000,1.5000,1.5000
4.580000,2.7498,2.7498,2.7498,2.7498,2.7498,2.6000,2.6000,2.6000,2.6000,2.6000,1.5000,1.5000,1.5000,1.5000,1.5000,1.5000,1.5000,1.5000,1.5000,1.5000
4.590000,2.7651,2.7651,2.7651,2.7651,2.7651,2.6000,2.6000,2.6000,2.6000,2.6000,1.5000,1.5000,1.5000,1.5000,1.5000,1.5000,1.5000,1.5000,1.5000,1.5000
4.600000,2.7803,2.7803,2.7803,2.7803,2.7803,2.6000,2.6000,2.6000,2.6000,2.6000,1.5000,1.5000,1.5000,1.5000,1.5000,1.5000,1.5000,1.5000,1.5000,1.5000
4.610000,2.7956,2.7956,2.7956,2.7956,2.7956,2.6000,2.6000,2.6000,2.6000,2.6000,1.5000,1.5000,1.5000,1.5000,1.5000,1.5000,1.5000,1.5000,1.5000,1.5000
4.620000,2.8108,2.8108,2.8108,2.8108,2.8108,2.6000,2.6000,2.6000,2.6000,2.6000,1.5000,1.5000,1.5000,1.5000,1.5000,1.5000,1.5000,1.5000,1.5000,1.5000
4.630000,2.8261,2.8261,2.8261,2.8261,2.8261,2.6000,2.6000,2.6000,2.6000,2.6000,1.5000,1.5000,1.5000,1.5000,1.5000,1.5000,1.5000,1.5000,1.5000,1.5000
4.640000,2.8413,2.8413,2.8413,2.8413,2.8413,2.6000,2.6000,2.6000,2.6000,2.6000,1.5000,1.5000,1.5000,1.5000,1.5000,1.5000,1.5000,1.5000,1.5000,1.5000
4.650000,2.8565,2.8565,2.8565,2.8565,2.8565,2.6000,2.6000,2.6000,2.6000,2.6000,1.5000,1.5000,1.5000,1.5000,1.5000,1.5000,1.5000,1.5000,1.5000,1.5000
4.660000,2.8718,2.8718,2.8718,2.8718,2.8718,2.6000,2.6000,2.6000,2.6000,2.6000,1.5000,1.5000,1.5000,1.5000,1.5000,1.5000,1.5000,1.5000,1.5000,1.5000
4.670000,2.8870,2.8870,2.8870,2.8870,2.8870,2.6000,2.6000,2.6000,2.6000,2.6000,1.5000,1.5000,1.5000,1.5000,1.5000,1.5000,1.5000,1.5000,1.5000,1.5000
4.680000,2.9023,2.9023,2.9023,2.9023,2.9023,2.6000,2.6000,2.6000,2.6000,2.6000,1.5000,1.5000,1.5000,1.5000,1.5000,1.5000,1.5000,1.5000,1.5000,1.5000
4.690000,2.9175,2.9175,2.9175,2.9175,2.9175,2.6000,2.6000,2.6000,2.6000,2.6000,1.5000,1.5000,1.5000,1.5000,1.5000,1.5000,1.5000,1.5000,1.5000,1.5000
4.700000,2.9328,2.9328,2.9328,2.9328,2.9328,2.6000,2.6000,2.6000,2.6000,2.6000,1.5000,1.5000,1.5000,1.5000,1.5000,1.5000,1.5000,1.5000,1.5000,1.5000
4.710000,2.9480,2.9480,2.9480,2.9480,2.9480,2.6000,2.6000,2.6000,2.6000,2.6000,1.5000,1.5000,1.5000,1.5000,1.5000,1.5000,1.5000,1.5000,1.5000,1.5000
4.720000,2.9632,2.9632,2.9632,2.9632,2.9632,2.6000,2.6000,2.6000,2.6000,2.6000,1.5000,1.5000,1.5000,1.5000,1.5000,1.5000,1.5000,1.5000,1.5000,1.5000
4.730000,2.9785,2.9785,2.9785,2.9785,2.9785,2.6000,2.6000,2.6000,2.6000,2.6000,1.5000,1.5000,1.5000,1.5000,1.5000,1.5000,1.5000,1.5000,1.5000,1.5000
4.740000,2.9937,2.9937,2.9937,2.9937,2.9937,2.6000,2.6000,2.6000,2.6000,2.6000,1.5000,1.5000,1.5000,1.5000,1.5000,1.5000,1.5000,1.5000,1.5000,1.5000
4.750000,3.0090,3.0090,3.0090,3.0090,3.0090,2.6000,2.6000,2.6000,2.6000,2.6000,1.5000,1.5000,1.5000,1.5000,1.5000,1.5000,1.5000,1.5000,1.5000,1.5000
4.760000,3.0242,3.0242,3.0242,3.0242,3.0242,2.6000,2.6000,2.6000,2.6000,2.6000,1.5000,1.5000,1.5000,1.5000,1.5000,1.5000,1.5000,1.5000,1.5000,1.5000
4.770000,3.0394,3.0394,3.0394,3.0394,3.0394,2.6000,2.6000,2.6000,2.6000,2.6000,1.5000,1.5000,1.5000,1.5000,1.5000,1.5000,1.5000,1.5000,1.5000,1.5000
4.780000,3.0547,3.0547,3.0547,3.0547,3.0547,2.6000,2.6000,2.6000,2.6000,2.6000,1.5000,1.5000,1.5000,1.5000,1.5000,1.5000,1.5000,1.5000,1.5000,1.5000
4.790000,3.0699,3.0699,3.0699,3.0699,3.0699,2.6000,2.6000,2.6000,2.6000,2.6000,1.5000,1.5000,1.5000,1.5000,1.5000,1.5000,1.5000,1.5000,1.5000,1.5000
4.800000,3.0852,3.0852,3.0852,3.0852,3.0852,2.6000,2.6000,2.6000,2.6000,2.6000,1.5000,1.5000,1.5000,1.5000,1.5000,1.5000,1.5000,1.5000,1.5000,1.5000
4.810000,3.1004,3.1004,3.1004,3.1004,3.1004,2.6000,2.6000,2.6000,2.6000,2.6000,1.5000,1.5000,1.5000,1.5000,1.5000,1.5000,1.5000,1.5000,1.5000,1.5000
4.820000,3.1157,3.1157,3.1157,3.1157,3.1157,2.6000,2.6000,2.6000,2.6000,2.6000,1.5000,1.5000,1.5000,1.5000,1.5000,1.5000,1.5000,1.5000,1.5000,1.5000
4.830000,3.1309,3.1309,3.1309,3.1309,3.1309,2.6000,2.6000,2.6000,2.6000,2.6000,1.5000,1.5000,1.5000,1.5000,1.5000,1.5000,1.5000,1.5000,1.5000,1.5000
4.840000,3.1461,3.1461,3.1461,3.1461,3.1461,2.6000,2.6000,2.6000,2.6000,2.6000,1.5000,1.5000,1.5000,1.5000,1.5000,1.5000,1.5000,1.5000,1.5000,1.5000
4.850000,3.1614,3.1614,3.1614,3.1614,3.1614,2.6000,2.6000,2.6000,2.6000,2.6000,1.5000,1.5000,1.5000,1.5000,1.5000,1.5000,1.5000,1.5000,1.5000,1.5000
4.860000,3.1766,3.1766,3.1766,3.1766,3.1766,2.6000,2.6000,2.6000,2.6000,2.6000,1.5000,1.5000,1.5000,1.5000,1.5000,1.5000,1.5000,1.5000,1.5000,1.5000
4.870000,3.1919,3.1919,3.1919,3.1919,3.1919,2.6000,2.6000,2.6000,2.6000,2.6000,1.5000,1.5000,1.5000,1.5000,1.5000,1.5000,1.5000,1.5000,1.5000,1.5000
4.880000,3.2071,3.2071,3.2071,3.2071,3.2071,2.6000,2.6000,2.6000,2.6000,2.6000,1.5000,1.5000,1.5000,1.5000,1.5000,1.5000,1.5000,1.5000,1.5000,1.5000
4.890000,3.2224,3.2224,3.2224,3.2224,3.2224,2.6000,2.6000,2.6000,2.6000,2.6000,1.5000,1.5000,1.5000,1.5000,1.5000,1.5000,1.5000,1.5000,1.5000,1.5000
4.900000,3.2376,3.2376,3.2376,3.2376,3.2376,2.6000,2.6000,2.6000,2.6000,2.6000,1.5000,1.5000,1.5000,1.5000,1.5000,1.5000,1.5000,1.5000,1.5000,1.5000
4.910000,3.2528,3.2528,3.2528,3.2528,3.2528,2.6000,2.6000,2.6000,2.6000,2.6000,1.5000,1.5000,1.5000,1.5000,1.5000,1.5000,1.5000,1.5000,1.5000,1.5000
4.920000,3.2681,3.2681,3.2681,3.2681,3.2681,2.6000,2.6000,2.6000,2.6000,2.6000,1.5000,1.5000,1.5000,1.5000,1.5000,1.5000,1.5000,1.5000,1.5000,1.5000
4.930000,3.2833,3.2833,3.2833,3.2833,3.2833,2.6000,2.6000,2.6000,2.6000,2.6000,1.5000,1.5000,1.5000,1.5000,1.5000,1.5000,1.5000,1.5000,1.5000,1.5000
4.940000,3.2986,3.2986,3.2986,3.2986,3.2986,2.6000,2.6000,2.6000,2.6000,2.6000,1.5000,1.5000,1.5000,1.5000,1.5000,1.5000,1.5000,1.5000,1.5000,1.5000
4.950000,3.3138,3.3138,3.3138,3.3138,3.3138,2.6000,2.6000,2.6000,2.6000,2.6000,1.5000,1.5000,1.5000,1.5000,1.5000,1.5000,1.5000,1.5000,1.5000,1.5000
4.960000,3.3290,3.3290,3.3290,3.3290,3.3290,2.6000,2.6000,2.6000,2.6000,2.6000,1.5000,1.5000,1.5000,1.5000,1.5000,1.5000,1.5000,1.5000,1.5000,1.5000
4.970000,3.3443,3.3443,3.3443,3.3443,3.3443,2.6000,2.6000,2.6000,2.6000,2.6000,1.5000,1.5000,1.5000,1.5000,1.5000,1.5000,1.5000,1.5000,1.5000,1.5000
4.980000,3.3595,3.3595,3.3595,3.3595,3.3595,2.6000,2.6000,2.6000,2.6000,2.6000,1.5000,1.5000,1.5000,1.5000,1.5000,1.5000,1.5000,1.5000,1.5000,1.5000
4.990000,3.3748,3.3748,3.3748,3.3748,3.3748,2.6000,2.6000,2.6000,2.6000,2.6000,1.5000,1.5000,1.5000,1.5000,1.5000,1.5000,1.5000,1.5000,1.5000,1.5000
5.000000,3.3900,3.3900,3.3900,3.3900,3.3900,2.6000,2.6000,2.6000,2.6000,2.6000,1.5000,1.5000,1.5000,1.5000,1.5000,1.5000,1.5000,1.5000,1.5000,1.5000
5.010000,3.4053,3.4053,3.4053,3.4053,3.4053,2.6000,2.6000,2.6000,2.6000,2.6000,1.5000,1.5000,1.5000,1.5000,1.5000,1.5000,1.5000,1.5000,1.5000,1.5000
5.020000,3.3976,3.3976,3.3976,3.3976,3.3976,2.5868,2.5868,2.5868,2.5868,2.5868,1.5000,1.5000,1.5000,1.5000,1.5000,1.5000,1.5000,1.5000,1.5000,1.5000
5.030000,3.3900,3.3900,3.3900,3.3900,3.3900,2.5736,2.5736,2.5736,2.5736,2.5736,1.5000,1.5000,1.5000,1.5000,1.5000,1.5000,1.5000,1.5000,1.5000,1.5000
5.040000,3.3824,3.3824,3.3824,3.3824,3.3824,2.5604,2.5604,2.5604,2.5604,2.5604,1.5000,1.5000,1.5000,1.5000,1.5000,1.5000,1.5000,1.5000,1.5000,1.5000
5.050000,3.3748,3.3748,3.3748,3.3748,3.3748,2.5472,2.5472,2.5472,2.5472,2.5472,1.5000,1.5000,1.5000,1.5000,1.5000,1.5000,1.5000,1.5000,1.5000,1.5000
5.060000,3.3672,3.3672,3.3672,3.3672,3.3672,2.5340,2.5340,2.5340,2.5340,2.5340,1.5000,1.5000,1.5000,1.5000,1.5000,1.5000,1.5000,1.5000,1.5000,1.5000
5.070000,3.3595,3.3595,3.3595,3.3595,3.3595,2.5208,2.5208,2.5208,2.5208,2.5208,1.5000,1.5000,1.5000,1.5000,1.5000,1.5000,1.5000,1.5000,1.5000,1.5000
5.080000,3.3519,3.3519,3.3519,3.3519,3.3519,2.5076,2.5076,2.5076,2.5076,2.5076,1.5000,1.5000,1.5000,1.5000,1.5000,1.5000,1.5000,1.5000,1.5000,1.5000
5.090000,3.3443,3.3443,3.3443,3.3443,3.3443,2.4944,2.4944,2.4944,2.4944,2.4944,1.5000,1.5000,1.5000,1.5000,1.5000,1.5000,1.5000,1.5000,1.5000,1.5000
5.100000,3.3367,3.3367,3.3367,3.3367,3.3367,2.4812,2.4812,2.4812,2.4812,2.4812,1.5000,1.5000,1.5000,1.5000,1.5000,1.5000,1.5000,1.5000,1.5000,1.5000
5.110000,3.3290,3.3290,3.3290,3.3290,3.3290,2.4680,2.4680,2.4680,2.4680,2.4680,1.5000,1.5000,1.5000,1.5000,1.5000,1.5000,1.5000,1.5000,1.5000,1.5000
5.120000,3.3214,3.3214,3.3214,3.3214,3.3214,2.4548,2.4548,2.4548,2.4548,2.4548,1.5000,1.5000,1.5000,1.5000,1.5000,1.5000,1.5000,1.5000,1.5000,1.5000
5.130000,3.3138,3.3138,3.3138,3.3138,3.3138,2.4416,2.4416,2.4416,2.4416,2.4416,1.5000,1.5000,1.5000,1.5000,1.5000,1.5000,1.5000,1.5000,1.5000,1.5000
5.140000,3.3062,3.3062,3.3062,3.3062,3.3062,2.4284,2.4284,2.4284,2.4284,2.4284,1.5000,1.5000,1.5000,1.5000,1.5000,1.5000,1.5000,1.5000,1.5000,1.5000
5.150000,3.2986,3.2986,3.2986,3.2986,3.2986,2.4152,2.4152,2.4152,2.4152,2.4152,1.5000,1.5000,1.5000,1.5000,1.5000,1.5000,1.5000,1.5000,1.5000,1.5000
5.160000,3.2909,3.2909,3.2909,3.2909,3.2909,2.4020,2.4020,2.4020,2.4020,2.4020,1.5000,1.5000,1.5000,1.5000,1.5000,1.5000,1.5000,1.5000,1.5000,1.5000
5.170000,3.2833,3.2833,3.2833,3.2833,3.2833,2.3888,2.3888,2.3888,2.3888,2.3888,1.5000,1.5000,1.5000,1.5000,1.5000,1.5000,1.5000,1.5000,1.5000,1.5000
5.180000,3.2757,3.2757,3.2757,3.2757,3.2757,2.3756,2.3756,2.3756,2.3756,2.3756,1.5000,1.5000,1.5000,1.5000,1.5000,1.5000,1.5000,1.5000,1.5000,1.5000
5.190000,3.2681,3.2681,3.2681,3.2681,3.2681,2.3624,2.3624,2.3624,2.3624,2.3624,1.5000,1.5000,1.5000,1.5000,1.5000,1.5000,1.5000,1.5000,1.5000,1.5000
5.200000,3.2605,3.2605,3.2605,3.2605,3.2605,2.3492,2.3492,2.3492,2.3492,2.3492,1.5000,1.5000,1.5000,1.5000,1.5000,1.5000,1.5000,1.5000,1.5000,1.5000
5.210000,3.2528,3.2528,3.2528,3.2528,3.2528,2.3360,2.3360,2.3360,2.3360,2.3360,1.5000,1.5000,1.5000,1.5000,1.5000,1.5000,1.5000,1.5000,1.5000,1.5000
5.220000,3.2452,3.2452,3.2452,3.2452,3.2452,2.3228,2.3228,2.3228,2.3228,2.3228,1.5000,1.5000,1.5000,1.5000,1.5000,1.5000,1.5000,1.5000,1.5000,1.5000
5.230000,3.2376,3.2376,3.2376,3.2376,3.2376,2.3096,2.3096,2.3096,2.3096,2.3096,1.5000,1.5000,1.5000,1.5000,1.5000,1.5000,1.5000,1.5000,1.5000,1.5000
5.240000,3.2300,3.2300,3.2300,3.2300,3.2300,2.2964,2.2964,2.2964,2.2964,2.2964,1.5000,1.5000,1.5000,1.5000,1.5000,1.5000,1.5000,1.5000,1.5000,1.5000
5.250000,3.2224,3.2224,3.2224,3.2224,3.2224,2.2832,2.2832,2.2832,2.2832,2.2832,1.5000,1.5000,1.5000,1.5000,1.5000,1.5000,1.5000,1.5000,1.5000,1.5000
5.260000,3.2147,3.2147,3.2147,3.2147,3.2147,2.2700,2.2700,2.2700,2.2700,2.2700,1.5000,1.5000,1.5000,1.5000,1.5000,1.5000,1.5000,1.5000,1.5000,1.5000
5.270000,3.2071,3.2071,3.2071,3.2071,3.2071,2.2568,2.2568,2.2568,2.2568,2.2568,1.5000,1.5000,1.5000,1.5000,1.5000,1.5000,1.5000,1.5000,1.5000,1.5000
5.280000,3.1995,3.1995,3.1995,3.1995,3.1995,2.2436,2.2436,2.2436,2.2436,2.2436,1.5000,1.5000,1.5000,1.5000,1.5000,1.5000,1.5000,1.5000,1.5000,1.5000
5.290000,3.1919,3.1919,3.1919,3.1919,3.1919,2.2304,2.2304,2.2304,2.2304,2.2304,1.5000,1.5000,1.5000,1.5000,1.5000,1.5000,1.5000,1.5000,1.5000,1.5000
5.300000,3.1842,3.1842,3.1842,3.1842,3.1842,2.2172,2.2172,2.2172,2.2172,2.2172,1.5000,1.5000,1.5000,1.5000,1.5000,1.5000,1.5000,1.5000,1.5000,1.5000
5.310000,3.1766,3.1766,3.1766,3.1766,3.1766,2.2040,2.2040,2.2040,2.2040,2.2040,1.5000,1.5000,1.5000,1.5000,1.5000,1.5000,1.5000,1.5000,1.5000,1.5000
5.320000,3.1690,3.1690,3.1690,3.1690,3.1690,2.1908,2.1908,2.1908,2.1908,2.1908,1.5000,1.5000,1.5000,1.5000,1.5000,1.5000,1.5000,1.5000,1.5000,1.5000
5.330000,3.1614,3.1614,3.1614,3.1614,3.1614,2.1776,2.1776,2.1776,2.1776,2.1776,1.5000,1.5000,1.5000,1.5000,1.5000,1.5000,1.5000,1.5000,1.5000,1.5000
5.340000,3.1538,3.1538,3.1538,3.1538,3.1538,2.1644,2.1644,2.1644,2.1644,2.1644,1.5000,1.5000,1.5000,1.5000,1.5000,1.5000,1.5000,1.5000,1.5000,1.5000
5.350000,3.1461,3.1461,3.1461,3.1461,3.1461,2.1512,2.1512,2.1512,2.1512,2.1512,1.5000,1.5000,1.5000,1.5000,1.5000,1.5000,1.5000,1.5000,1.5000,1.5000
5.360000,3.1385,3.1385,3.1385,3.1385,3.1385,2.1380,2.1380,2.1380,2.1380,2.1380,1.5000,1.5000,1.5000,1.5000,1.5000,1.5000,1.5000,1.5000,1.5000,1.5000
5.370000,3.1309,3.1309,3.1309,3.1309,3.1309,2.1248,2.1248,2.1248,2.1248,2.1248,1.5000,1.5000,1.5000,1.5000,1.5000,1.5000,1.5000,1.5000,1.5000,1.5000
5.380000,3.1233,3.1233,3.1233,3.1233,3.1233,2.1116,2.1116,2.1116,2.1116,2.1116,1.5000,1.5000,1.5000,1.5000,1.5000,1.5000,1.5000,1.5000,1.5000,1.5000
5.390000,3.1157,3.1157,3.1157,3.1157,3.1157,2.0984,2.0984,2.0984,2.0984,2.0984,1.5000,1.5000,1.5000,1.5000,1.5000,1.5000,1.5000,1.5000,1.5000,1.5000
5.400000,3.1080,3.1080,3.1080,3.1080,3.1080,2.0852,2.0852,2.0852,2.0852,2.0852,1.5000,1.5000,1.5000,1.5000,1.5000,1.5000,1.5000,1.5000,1.5000,1.5000
5.410000,3.1004,3.1004,3.1004,3.1004,3.1004,2.0720,2.0720,2.0720,2.0720,2.0720,1.5000,1.5000,1.5000,1.5000,1.5000,1.5000,1.5000,1.5000,1.5000,1.5000
5.420000,3.0928,3.0928,3.0928,3.0928,3.0928,2.0588,2.0588,2.0588,2.0588,2.0588,1.5000,1.5000,1.5000,1.5000,1.5000,1.5000,1.5000,1.5000,1.5000,1.5000
5.430000,3.0852,3.0852,3.0852,3.0852,3.0852,2.0456,2.0456,2.0456,2.0456,2.0456,1.5000,1.5000,1.5000,1.5000,1.5000,1.5000,1.5000,1.5000,1.5000,1.5000
5.440000,3.0776,3.0776,3.0776,3.0776,3.0776,2.0324,2.0324,2.0324,2.0324,2.0324,1.5000,1.5000,1.5000,1.5000,1.5000,1.5000,1.5000,1.5000,1.5000,1.5000
5.450000,3.0699,3.0699,3.0699,3.0699,3.0699,2.0192,2.0192,2.0192,2.0192,2.0192,1.5000,1.5000,1.5000,1.5000,1.5000,1.5000,1.5000,1.5000,1.5000,1.5000
5.460000,3.0623,3.0623,3.0623,3.0623,3.0623,2.0060,2.0060,2.0060,2.0060,2.0060,1.5000,1.5000,1.5000,1.5000,1.5000,1.5000,1.5000,1.5000,1.5000,1.5000
5.470000,3.0547,3.0547,3.0547,3.0547,3.0547,1.9928,1.9928,1.9928,1.9928,1.9928,1.5000,1.5000,1.5000,1.5000,1.5000,1.5000,1.5000,1.5000,1.5000,1.5000
5.480000,3.0471,3.0471,3.0471,3.0471,3.0471,1.9796,1.9796,1.9796,1.9796,1.9796,1.5000,1.5000,1.5000,1.5000,1.5000,1.5000,1.5000,1.5000,1.5000,1.5000
5.490000,3.0394,3.0394,3.0394,3.0394,3.0394,1.9664,1.9664,1.9664,1.9664,1.9664,1.5000,1.5000,1.5000,1.5000,1.5000,1.5000,1.5000,1.5000,1.5000,1.5000
5.500000,3.0318,3.0318,3.0318,3.0318,3.0318,1.9532,1.9532,1.9532,1.9532,1.9532,1.5000,1.5000,1.5000,1.5000,1.5000,1.5000,1.5000,1.5000,1.5000,1.5000
5.510000,3.0242,3.0242,3.0242,3.0242,3.0242,1.9400,1.9400,1.9400,1.9400,1.9400,1.5000,1.5000,1.5000,1.5000,1.5000,1.5000,1.5000,1.5000,1.5000,1.5000
5.520000,3.0166,3.0166,3.0166,3.0166,3.0166,1.9268,1.9268,1.9268,1.9268,1.9268,1.5000,1.5000,1.5000,1.5000,1.5000,1.5000,1.5000,1.5000,1.5000,1.5000
5.530000,3.0090,3.0090,3.0090,3.0090,3.0090,1.9136,1.9136,1.9136,1.9136,1.9136,1.5000,1.5000,1.5000,1.5000,1.5000,1.5000,1.5000,1.5000,1.5000,1.5000
5.540000,3.0013,3.0013,3.0013,3.0013,3.0013,1.9004,1.9004,1.9004,1.9004,1.9004,1.5000,1.5000,1.5000,1.5000,1.5000,1.5000,1.5000,1.5000,1.5000,1.5000
5.550000,2.9937,2.9937,2.9937,2.9937,2.9937,1.8872,1.8872,1.8872,1.8872,1.8872,1.5000,1.5000,1.5000,1.5000,1.5000,1.5000,1.5000,1.5000,1.5000,1.5000
5.560000,2.9861,2.9861,2.9861,2.9861,2.9861,1.8740,1.8740,1.8740,1.8740,1.8740,1.5000,1.5000,1.5000,1.5000,1.5000,1.5000,1.5000,1.5000,1.5000,1.5000
5.570000,2.9785,2.9785,2.9785,2.9785,2.9785,1.8608,1.8608,1.8608,1.8608,1.8608,1.5000,1.5000,1.5000,1.5000,1.5000,1.5000,1.5000,1.5000,1.5000,1.5000
5.580000,2.9709,2.9709,2.9709,2.9709,2.9709,1.8476,1.8476,1.8476,1.8476,1.8476,1.5000,1.5000,1.5000,1.5000,1.5000,1.5000,1.5000,1.5000,1.5000,1.5000
5.590000,2.9632,2.9632,2.9632,2.9632,2.9632,1.8344,1.8344,1.8344,1.8344,1.8344,1.5000,1.5000,1.5000,1.5000,1.5000,1.5000,1.5000,1.5000,1.5000,1.5000
5.600000,2.9556,2.9556,2.9556,2.9556,2.9556,1.8212,1.8212,1.8212,1.8212,1.8212,1.5000,1.5000,1.5000,1.5000,1.5000,1.5000,1.5000,1.5000,1.5000,1.5000
5.610000,2.9480,2.9480,2.9480,2.9480,2.9480,1.8080,1.8080,1.8080,1.8080,1.8080,1.5000,1.5000,1.5000,1.5000,1.5000,1.5000,1.5000,1.5000,1.5000,1.5000
5.620000,2.9404,2.9404,2.9404,2.9404,2.9404,1.7948,1.7948,1.7948,1.7948,1.7948,1.5000,1.5000,1.5000,1.5000,1.5000,1.5000,1.5000,1.5000,1.5000,1.5000
5.630000,2.9328,2.9328,2.9328,2.9328,2.9328,1.7816,1.7816,1.7816,1.7816,1.7816,1.5000,1.5000,1.5000,1.5000,1.5000,1.5000,1.5000,1.5000,1.5000,1.5000
5.640000,2.9251,2.9251,2.9251,2.9251,2.9251,1.7684,1.7684,1.7684,1.7684,1.7684,1.5000,1.5000,1.5000,1.5000,1.5000,1.5000,1.5000,1.5000,1.5000,1.5000
5.650000,2.9175,2.9175,2.9175,2.9175,2.9175,1.7552,1.7552,1.7552,1.7552,1.7552,1.5000,1.5000,1.5000,1.5000,1.5000,1.5000,1.5000,1.5000,1.5000,1.5000
5.660000,2.9099,2.9099,2.9099,2.9099,2.9099,1.7420,1.7420,1.7420,1.7420,1.7420,1.5000,1.5000,1.5000,1.5000,1.5000,1.5000,1.5000,1.5000,1.5000,1.5000
5.670000,2.9023,2.9023,2.9023,2.9023,2.9023,1.7288,1.7288,1.7288,1.7288,1.7288,1.5000,1.5000,1.5000,1.5000,1.5000,1.5000,1.5000,1.5000,1.5000,1.5000
5.680000,2.8946,2.8946,2.8946,2.8946,2.8946,1.7156,1.7156,1.7156,1.7156,1.7156,1.5000,1.5000,1.5000,1.5000,1.5000,1.5000,1.5000,1.5000,1.5000,1.5000
5.690000,2.8870,2.8870,2.8870,2.8870,2.8870,1.7024,1.7024,1.7024,1.7024,1.7024,1.5000,1.5000,1.5000,1.5000,1.5000,1.5000,1.5000,1.5000,1.5000,1.5000
5.700000,2.8794,2.8794,2.8794,2.8794,2.8794,1.6892,1.6892,1.6892,1.6892,1.6892,1.5000,1.5000,1.5000,1.5000,1.5000,1.5000,1.5000,1.5000,1.5000,1.5000
5.710000,2.8718,2.8718,2.8718,2.8718,2.8718,1.6760,1.6760,1.6760,1.6760,1.6760,1.5000,1.5000,1.5000,1.5000,1.5000,1.5000,1.5000,1.5000,1.5000,1.5000
5.720000,2.8642,2.8642,2.8642,2.8642,2.8642,1.6628,1.6628,1.6628,1.6628,1.6628,1.5000,1.5000,1.5000,1.5000,1.5000,1.5000,1.5000,1.5000,1.5000,1.5000
5.730000,2.8565,2.8565,2.8565,2.8565,2.8565,1.6496,1.6496,1.6496,1.6496,1.6496,1.5000,1.5000,1.5000,1.5000,1.5000,1.5000,1.5000,1.5000,1.5000,1.5000
5.740000,2.8489,2.8489,2.8489,2.8489,2.8489,1.6364,1.6364,1.6364,1.6364,1.6364,1.5000,1.5000,1.5000,1.5000,1.5000,1.5000,1.5000,1.5000,1.5000,1.5000
5.750000,2.8413,2.8413,2.8413,2.8413,2.8413,1.6232,1.6232,1.6232,1.6232,1.6232,1.5000,1.5000,1.5000,1.5000,1.5000,1.5000,1.5000,1.5000,1.5000,1.5000
5.760000,2.8337,2.8337,2.8337,2.8337,2.8337,1.6100,1.6100,1.6100,1.6100,1.6100,1.5000,1.5000,1.5000,1.5000,1.5000,1.5000,1.5000,1.5000,1.5000,1.5000
5.770000,2.8261,2.8261,2.8261,2.8261,2.8261,1.5968,1.5968,1.5968,1.5968,1.5968,1.5000,1.5000,1.5000,1.5000,1.5000,1.5000,1.5000,1.5000,1.5000,1.5000
5.780000,2.8184,2.8184,2.8184,2.8184,2.8184,1.5836,1.5836,1.5836,1.5836,1.5836,1.5000,1.5000,1.5000,1.5000,1.5000,1.5000,1.5000,1.5000,1.5000,1.5000
5.790000,2.8108,2.8108,2.8108,2.8108,2.8108,1.5704,1.5704,1.5704,1.5704,1.5704,1.5000,1.5000,1.5000,1.5000,1.5000,1.5000,1.5000,1.5000,1.5000,1.5000
5.800000,2.8032,2.8032,2.8032,2.8032,2.8032,1.5572,1.5572,1.5572,1.5572,1.5572,1.5000,1.5000,1.5000,1.5000,1.5000,1.5000,1.5000,1.5000,1.5000,1.5000
5.810000,2.7956,2.7956,2.7956,2.7956,2.7956,1.5440,1.5440,1.5440,1.5440,1.5440,1.5000,1.5000,1.5000,1.5000,1.5000,1.5000,1.5000,1.5000,1.5000,1.5000
5.820000,2.7880,2.7880,2.7880,2.7880,2.7880,1.5308,1.5308,1.5308,1.5308,1.5308,1.5000,1.5000,1.5000,1.5000,1.5000,1.5000,1.5000,1.5000,1.5000,1.5000
5.830000,2.7803,2.7803,2.7803,2.7803,2.7803,1.5176,1.5176,1.5176,1.5176,1.5176,1.5000,1.5000,1.5000,1.5000,1.5000,1.5000,1.5000,1.5000,1.5000,1.5000
5.840000,2.7727,2.7727,2.7727,2.7727,2.7727,1.5044,1.5044,1.5044,1.5044,1.5044,1.5000,1.5000,1.5000,1.5000,1.5000,1.5000,1.5000,1.5000,1.5000,1.5000
5.850000,2.7651,2.7651,2.7651,2.7651,2.7651,1.5000,1.5000,1.5000,1.5000,1.5000,1.5000,1.5000,1.5000,1.5000,1.5000,1.5088,1.5088,1.5088,1.5088,1.5088
5.860000,2.7575,2.7575,2.7575,2.7575,2.7575,1.5000,1.5000,1.5000,1.5000,1.5000,1.5000,1.5000,1.5000,1.5000,1.5000,1.5220,1.5220,1.5220,1.5220,1.5220
5.870000,2.7498,2.7498,2.7498,2.7498,2.7498,1.5000,1.5000,1.5000,1.5000,1.5000,1.5000,1.5000,1.5000,1.5000,1.5000,1.5352,1.5352,1.5352,1.5352,1.5352
5.880000,2.7422,2.7422,2.7422,2.7422,2.7422,1.5000,1.5000,1.5000,1.5000,1.5000,1.5000,1.5000,1.5000,1.5000,1.5000,1.5484,1.5484,1.5484,1.5484,1.5484
5.890000,2.7346,2.7346,2.7346,2.7346,2.7346,1.5000,1.5000,1.5000,1.5000,1.5000,1.5000,1.5000,1.5000,1.5000,1.5000,1.5616,1.5616,1.5616,1.5616,1.5616
5.900000,2.7270,2.7270,2.7270,2.7270,2.7270,1.5000,1.5000,1.5000,1.5000,1.5000,1.5000,1.5000,1.5000,1.5000,1.5000,1.5748,1.5748,1.5748,1.5748,1.5748
5.910000,2.7194,2.7194,2.7194,2.7194,2.7194,1.5000,1.5000,1.5000,1.5000,1.5000,1.5000,1.5000,1.5000,1.5000,1.5000,1.5880,1.5880,1.5880,1.5880,1.5880
5.920000,2.7117,2.7117,2.7117,2.7117,2.7117,1.5000,1.5000,1.5000,1.5000,1.5000,1.5000,1.5000,1.5000,1.5000,1.5000,1.6012,1.6012,1.6012,1.6012,1.6012
5.930000,2.7041,2.7041,2.7041,2.7041,2.7041,1.5000,1.5000,1.5000,1.5000,1.5000,1.5000,1.5000,1.5000,1.5000,1.5000,1.6144,1.6144,1.6144,1.6144,1.6144
5.940000,2.6965,2.6965,2.6965,2.6965,2.6965,1.5000,1.5000,1.5000,1.5000,1.5000,1.5000,1.5000,1.5000,1.5000,1.5000,1.6276,1.6276,1.6276,1.6276,1.6276
5.950000,2.6889,2.6889,2.6889,2.6889,2.6889,1.5000,1.5000,1.5000,1.5000,1.5000,1.5000,1.5000,1.5000,1.5000,1.5000,1.6408,1.6408,1.6408,1.6408,1.6408
5.960000,2.6813,2.6813,2.6813,2.6813,2.6813,1.5000,1.5000,1.5000,1.5000,1.5000,1.5000,1.5000,1.5000,1.5000,1.5000,1.6540,1.6540,1.6540,1.6540,1.6540
5.970000,2.6736,2.6736,2.6736,2.6736,2.6736,1.5000,1.5000,1.5000,1.5000,1.5000,1.5000,1.5000,1.5000,1.5000,1.5000,1.6672,1.6672,1.6672,1.6672,1.6672
5.980000,2.6660,2.6660,2.6660,2.6660,2.6660,1.5000,1.5000,1.5000,1.5000,1.5000,1.5000,1.5000,1.5000,1.5000,1.5000,1.6804,1.6804,1.6804,1.6804,1.6804
5.990000,2.6584,2.6584,2.6584,2.6584,2.6584,1.5000,1.5000,1.5000,1.5000,1.5000,1.5000,1.5000,1.5000,1.5000,1.5000,1.6936,1.6936,1.6936,1.6936,1.6936
6.000000,2.6508,2.6508,2.6508,2.6508,2.6508,1.5000,1.5000,1.5000,1.5000,1.5000,1.5000,1.5000,1.5000,1.5000,1.5000,1.7068,1.7068,1.7068,1.7068,1.7068
6.010000,2.6432,2.6432,2.6432,2.6432,2.6432,1.5000,1.5000,1.5000,1.5000,1.5000,1.5000,1.5000,1.5000,1.5000,1.5000,1.7200,1.7200,1.7200,1.7200,1.7200
6.020000,2.6355,2.6355,2.6355,2.6355,2.6355,1.5000,1.5000,1.5000,1.5000,1.5000,1.5000,1.5000,1.5000,1.5000,1.5000,1.7332,1.7332,1.7332,1.7332,1.7332
6.030000,2.6279,2.6279,2.6279,2.6279,2.6279,1.5000,1.5000,1.5000,1.5000,1.5000,1.5000,1.5000,1.5000,1.5000,1.5000,1.7464,1.7464,1.7464,1.7464,1.7464
6.040000,2.6203,2.6203,2.6203,2.6203,2.6203,1.5000,1.5000,1.5000,1.5000,1.5000,1.5000,1.5000,1.5000,1.5000,1.5000,1.7596,1.7596,1.7596,1.7596,1.7596
6.050000,2.6127,2.6127,2.6127,2.6127,2.6127,1.5000,1.5000,1.5000,1.5000,1.5000,1.5000,1.5000,1.5000,1.5000,1.5000,1.7728,1.7728,1.7728,1.7728,1.7728
6.060000,2.6050,2.6050,2.6050,2.6050,2.6050,1.5000,1.5000,1.5000,1.5000,1.5000,1.5000,1.5000,1.5000,1.5000,1.5000,1.7860,1.7860,1.7860,1.7860,1.7860
6.070000,2.5974,2.5974,2.5974,2.5974,2.5974,1.5000,1.5000,1.5000,1.5000,1.5000,1.5000,1.5000,1.5000,1.5000,1.5000,1.7992,1.7992,1.7992,1.7992,1.7992
6.080000,2.5898,2.5898,2.5898,2.5898,2.5898,1.5000,1.5000,1.5000,1.5000,1.5000,1.5000,1.5000,1.5000,1.5000,1.5000,1.8124,1.8124,1.8124,1.8124,1.8124
6.090000,2.5822,2.5822,2.5822,2.5822,2.5822,1.5000,1.5000,1.5000,1.5000,1.5000,1.5000,1.5000,1.5000,1.5000,1.5000,1.8256,1.8256,1.8256,1.8256,1.8256
6.100000,2.5746,2.5746,2.5746,2.5746,2.5746,1.5000,1.5000,1.5000,1.5000,1.5000,1.5000,1.5000,1.5000,1.5000,1.5000,1.8388,1.8388,1.8388,1.8388,1.8388
6.110000,2.5669,2.5669,2.5669,2.5669,2.5669,1.5000,1.5000,1.5000,1.5000,1.5000,1.5000,1.5000,1.5000,1.5000,1.5000,1.8520,1.8520,1.8520,1.8520,1.8520
6.120000,2.5593,2.5593,2.5593,2.5593,2.5593,1.5000,1.5000,1.5000,1.5000,1.5000,1.5000,1.5000,1.5000,1.5000,1.5000,1.8652,1.8652,1.8652,1.8652,1.8652
6.130000,2.5517,2.5517,2.5517,2.5517,2.5517,1.5000,1.5000,1.5000,1.5000,1.5000,1.5000,1.5000,1.5000,1.5000,1.5000,1.8784,1.8784,1.8784,1.8784,1.8784
6.140000,2.5441,2.5441,2.5441,2.5441,2.5441,1.5000,1.5000,1.5000,1.5000,1.5000,1.5000,1.5000,1.5000,1.5000,1.5000,1.8916,1.8916,1.8916,1.8916,1.8916
6.150000,2.5365,2.5365,2.5365,2.5365,2.5365,1.5000,1.5000,1.5000,1.5000,1.5000,1.5000,1.5000,1.5000,1.5000,1.5000,1.9048,1.9048,1.9048,1.9048,1.9048
6.160000,2.5288,2.5288,2.5288,2.5288,2.5288,1.5000,1.5000,1.5000,1.5000,1.5000,1.5000,1.5000,1.5000,1.5000,1.5000,1.9180,1.9180,1.9180,1.9180,1.9180
6.170000,2.5212,2.5212,2.5212,2.5212,2.5212,1.5000,1.5000,1.5000,1.5000,1.5000,1.5000,1.5000,1.5000,1.5000,1.5000,1.9312,1.9312,1.9312,1.9312,1.9312
6.180000,2.5136,2.5136,2.5136,2.5136,2.5136,1.5000,1.5000,1.5000,1.5000,1.5000,1.5000,1.5000,1.5000,1.5000,1.5000,1.9444,1.9444,1.9444,1.9444,1.9444
6.190000,2.5060,2.5060,2.5060,2.5060,2.5060,1.5000,1.5000,1.5000,1.5000,1.5000,1.5000,1.5000,1.5000,1.5000,1.5000,1.9576,1.9576,1.9576,1.9576,1.9576
6.200000,2.4984,2.4984,2.4984,2.4984,2.4984,1.5000,1.5000,1.5000,1.5000,1.5000,1.5000,1.5000,1.5000,1.5000,1.5000,1.9708,1.9708,1.9708,1.9708,1.9708
6.210000,2.4907,2.4907,2.4907,2.4907,2.4907,1.5000,1.5000,1.5000,1.5000,1.5000,1.5000,1.5000,1.5000,1.5000,1.5000,1.9840,1.9840,1.9840,1.9840,1.9840
6.220000,2.4831,2.4831,2.4831,2.4831,2.4831,1.5000,1.5000,1.5000,1.5000,1.5000,1.5000,1.5000,1.5000,1.5000,1.5000,1.9972,1.9972,1.9972,1.9972,1.9972
6.230000,2.4755,2.4755,2.4755,2.4755,2.4755,1.5000,1.5000,1.5000,1.5000,1.5000,1.5000,1.5000,1.5000,1.5000,1.5000,2.0104,2.0104,2.0104,2.0104,2.0104
6.240000,2.4679,2.4679,2.4679,2.4679,2.4679,1.5000,1.5000,1.5000,1.5000,1.5000,1.5000,1.5000,1.5000,1.5000,1.5000,2.0236,2.0236,2.0236,2.0236,2.0236
6.250000,2.4602,2.4602,2.4602,2.4602,2.4602,1.5000,1.5000,1.5000,1.5000,1.5000,1.5000,1.5000,1.5000,1.5000,1.5000,2.0368,2.0368,2.0368,2.0368,2.0368
6.260000,2.4526,2.4526,2.4526,2.4526,2.4526,1.5000,1.5000,1.5000,1.5000,1.5000,1.5000,1.5000,1.5000,1.5000,1.5000,2.0500,2.0500,2.0500,2.0500,2.0500
6.270000,2.4450,2.4450,2.4450,2.4450,2.4450,1.5000,1.5000,1.5000,1.5000,1.5000,1.5000,1.5000,1.5000,1.5000,1.5000,2.0632,2.0632,2.0632,2.0632,2.0632
6.280000,2.4374,2.4374,2.4374,2.4374,2.4374,1.5000,1.5000,1.5000,1.5000,1.5000,1.5000,1.5000,1.5000,1.5000,1.5000,2.0764,2.0764,2.0764,2.0764,2.0764
6.290000,2.4298,2.4298,2.4298,2.4298,2.4298,1.5000,1.5000,1.5000,1.5000,1.5000,1.5000,1.5000,1.5000,1.5000,1.5000,2.0896,2.0896,2.0896,2.0896,2.0896
6.300000,2.4221,2.4221,2.4221,2.4221,2.4221,1.5000,1.5000,1.5000,1.5000,1.5000,1.5000,1.5000,1.5000,1.5000,1.5000,2.1028,2.1028,2.1028,2.1028,2.1028
6.310000,2.4145,2.4145,2.4145,2.4145,2.4145,1.5000,1.5000,1.5000,1.5000,1.5000,1.5000,1.5000,1.5000,1.5000,1.5000,2.1160,2.1160,2.1160,2.1160,2.1160
6.320000,2.4069,2.4069,2.4069,2.4069,2.4069,1.5000,1.5000,1.5000,1.5000,1.5000,1.5000,1.5000,1.5000,1.5000,1.5000,2.1292,2.1292,2.1292,2.1292,2.1292
6.330000,2.3993,2.3993,2.3993,2.3993,2.3993,1.5000,1.5000,1.5000,1.5000,1.5000,1.5000,1.5000,1.5000,1.5000,1.5000,2.1424,2.1424,2.1424,2.1424,2.1424
6.340000,2.3917,2.3917,2.3917,2.3917,2.3917,1.5000,1.5000,1.5000,1.5000,1.5000,1.5000,1.5000,1.5000,1.5000,1.5000,2.1556,2.1556,2.1556,2.1556,2.1556
6.350000,2.3840,2.3840,2.3840,2.3840,2.3840,1.5000,1.5000,1.5000,1.5000,1.5000,1.5000,1.5000,1.5000,1.5000,1.5000,2.1688,2.1688,2.1688,2.1688,2.1688
6.360000,2.3764,2.3764,2.3764,2.3764,2.3764,1.5000,1.5000,1.5000,1.5000,1.5000,1.5000,1.5000,1.5000,1.5000,1.5000,2.1820,2.1820,2.1820,2.1820,2.1820
6.370000,2.3688,2.3688,2.3688,2.3688,2.3688,1.5000,1.5000,1.5000,1.5000,1.5000,1.5000,1.5000,1.5000,1.5000,1.5000,2.1952,2.1952,2.1952,2.1952,2.1952
6.380000,2.3612,2.3612,2.3612,2.3612,2.3612,1.5000,1.5000,1.5000,1.5000,1.5000,1.5000,1.5000,1.5000,1.5000,1.5000,2.2084,2.2084,2.2084,2.2084,2.2084
6.390000,2.3536,2.3536,2.3536,2.3536,2.3536,1.5000,1.5000,1.5000,1.5000,1.5000,1.5000,1.5000,1.5000,1.5000,1.5000,2.2216,2.2216,2.2216,2.2216,2.2216
6.400000,2.3459,2.3459,2.3459,2.3459,2.3459,1.5000,1.5000,1.5000,1.5000,1.5000,1.5000,1.5000,1.5000,1.5000,1.5000,2.2348,2.2348,2.2348,2.2348,2.2348
6.410000,2.3383,2.3383,2.3383,2.3383,2.3383,1.5000,1.5000,1.5000,1.5000,1.5000,1.5000,1.5000,1.5000,1.5000,1.5000,2.2480,2.2480,2.2480,2.2480,2.2480
6.420000,2.3307,2.3307,2.3307,2.3307,2.3307,1.5000,1.5000,1.5000,1.5000,1.5000,1.5000,1.5000,1.5000,1.5000,1.5000,2.2612,2.2612,2.2612,2.2612,2.2612
6.430000,2.3231,2.3231,2.3231,2.3231,2.3231,1.5000,1.5000,1.5000,1.5000,1.5000,1.5000,1.5000,1.5000,1.5000,1.5000,2.2744,2.2744,2.2744,2.2744,2.2744
6.440000,2.3154,2.3154,2.3154,2.3154,2.3154,1.5000,1.5000,1.5000,1.5000,1.5000,1.5000,1.5000,1.5000,1.5000,1.5000,2.2876,2.2876,2.2876,2.2876,2.2876
6.450000,2.3078,2.3078,2.3078,2.3078,2.3078,1.5000,1.5000,1.5000,1.5000,1.5000,1.5000,1.5000,1.5000,1.5000,1.5000,2.3008,2.3008,2.3008,2.3008,2.3008
6.460000,2.3002,2.3002,2.3002,2.3002,2.3002,1.5000,1.5000,1.5000,1.5000,1.5000,1.5000,1.5000,1.5000,1.5000,1.5000,2.3140,2.3140,2.3140,2.3140,2.3140
6.470000,2.2926,2.2926,2.2926,2.2926,2.2926,1.5000,1.5000,1.5000,1.5000,1.5000,1.5000,1.5000,1.5000,1.5000,1.5000,2.3272,2.3272,2.3272,2.3272,2.3272
6.480000,2.2850,2.2850,2.2850,2.2850,2.2850,1.5000,1.5000,1.5000,1.5000,1.5000,1.5000,1.5000,1.5000,1.5000,1.5000,2.3404,2.3404,2.3404,2.3404,2.3404
6.490000,2.2773,2.2773,2.2773,2.2773,2.2773,1.5000,1.5000,1.5000,1.5000,1.5000,1.5000,1.5000,1.5000,1.5000,1.5000,2.3536,2.3536,2.3536,2.3536,2.3536
6.500000,2.2697,2.2697,2.2697,2.2697,2.2697,1.5000,1.5000,1.5000,1.5000,1.5000,1.5000,1.5000,1.5000,1.5000,1.5000,2.3668,2.3668,2.3668,2.3668,2.3668
6.510000,2.2621,2.2621,2.2621,2.2621,2.2621,1.5000,1.5000,1.5000,1.5000,1.5000,1.5000,1.5000,1.5000,1.5000,1.5000,2.3800,2.3800,2.3800,2.3800,2.3800
6.520000,2.2545,2.2545,2.2545,2.2545,2.2545,1.5000,1.5000,1.5000,1.5000,1.5000,1.5000,1.5000,1.5000,1.5000,1.5000,2.3932,2.3932,2.3932,2.3932,2.3932
6.530000,2.2469,2.2469,2.2469,2.2469,2.2469,1.5000,1.5000,1.5000,1.5000,1.5000,1.5000,1.5000,1.5000,1.5000,1.5000,2.4064,2.4064,2.4064,2.4064,2.4064
6.540000,2.2392,2.2392,2.2392,2.2392,2.2392,1.5000,1.5000,1.5000,1.5000,1.5000,1.5000,1.5000,1.5000,1.5000,1.5000,2.4196,2.4196,2.4196,2.4196,2.4196
6.550000,2.2316,2.2316,2.2316,2.2316,2.2316,1.5000,1.5000,1.5000,1.5000,1.5000,1.5000,1.5000,1.5000,1.5000,1.5000,2.4328,2.4328,2.4328,2.4328,2.4328
6.560000,2.2240,2.2240,2.2240,2.2240,2.2240,1.5000,1.5000,1.5000,1.5000,1.5000,1.5000,1.5000,1.5000,1.5000,1.5000,2.4460,2.4460,2.4460,2.4460,2.4460
6.570000,2.2164,2.2164,2.2164,2.2164,2.2164,1.5000,1.5000,1.5000,1.5000,1.5000,1.5000,1.5000,1.5000,1.5000,1.5000,2.4592,2.4592,2.4592,2.4592,2.4592
6.580000,2.2088,2.2088,2.2088,2.2088,2.2088,1.5000,1.5000,1.5000,1.5000,1.5000,1.5000,1.5000,1.5000,1.5000,1.5000,2.4724,2.4724,2.4724,2.4724,2.4724
6.590000,2.2011,2.2011,2.2011,2.2011,2.2011,1.5000,1.5000,1.5000,1.5000,1.5000,1.5000,1.5000,1.5000,1.5000,1.5000,2.4856,2.4856,2.4856,2.4856,2.4856
6.600000,2.1935,2.1935,2.1935,2.1935,2.1935,1.5000,1.5000,1.5000,1.5000,1.5000,1.5000,1.5000,1.5000,1.5000,1.5000,2.4988,2.4988,2.4988,2.4988,2.4988
6.610000,2.1859,2.1859,2.1859,2.1859,2.1859,1.5000,1.5000,1.5000,1.5000,1.5000,1.5000,1.5000,1.5000,1.5000,1.5000,2.5120,2.5120,2.5120,2.5120,2.5120
6.620000,2.1783,2.1783,2.1783,2.1783,2.1783,1.5000,1.5000,1.5000,1.5000,1.5000,1.5000,1.5000,1.5000,1.5000,1.5000,2.5252,2.5252,2.5252,2.5252,2.5252
6.630000,2.1707,2.1707,2.1707,2.1707,2.1707,1.5000,1.5000,1.5000,1.5000,1.5000,1.5000,1.5000,1.5000,1.5000,1.5000,2.5384,2.5384,2.5384,2.5384,2.5384
6.640000,2.1630,2.1630,2.1630,2.1630,2.1630,1.5000,1.5000,1.5000,1.5000,1.5000,1.5000,1.5000,1.5000,1.5000,1.5000,2.5516,2.5516,2.5516,2.5516,2.5516
6.650000,2.1554,2.1554,2.1554,2.1554,2.1554,1.5000,1.5000,1.5000,1.5000,1.5000,1.5000,1.5000,1.5000,1.5000,1.5000,2.5648,2.5648,2.5648,2.5648,2.5648
6.660000,2.1478,2.1478,2.1478,2.1478,2.1478,1.5000,1.5000,1.5000,1.5000,1.5000,1.5000,1.5000,1.5000,1.5000,1.5000,2.5780,2.5780,2.5780,2.5780,2.5780
6.670000,2.1402,2.1402,2.1402,2.1402,2.1402,1.5000,1.5000,1.5000,1.5000,1.5000,1.5000,1.5000,1.5000,1.5000,1.5000,2.5912,2.5912,2.5912,2.5912,2.5912
6.680000,2.1325,2.1325,2.1325,2.1325,2.1325,1.5000,1.5000,1.5000,1.5000,1.5000,1.5000,1.5000,1.5000,1.5000,1.5000,2.6044,2.6044,2.6044,2.6044,2.6044
6.690000,2.1249,2.1249,2.1249,2.1249,2.1249,1.5000,1.5000,1.5000,1.5000,1.5000,1.5000,1.5000,1.5000,1.5000,1.5000,2.6176,2.6176,2.6176,2.6176,2.6176
6.700000,2.1173,2.1173,2.1173,2.1173,2.1173,1.5000,1.5000,1.5000,1.5000,1.5000,1.5000,1.5000,1.5000,1.5000,1.5000,2.6308,2.6308,2.6308,2.6308,2.6308
6.710000,2.1097,2.1097,2.1097,2.1097,2.1097,1.5000,1.5000,1.5000,1.5000,1.5000,1.5000,1.5000,1.5000,1.5000,1.5000,2.6440,2.6440,2.6440,2.6440,2.6440
6.720000,2.1021,2.1021,2.1021,2.1021,2.1021,1.5000,1.5000,1.5000,1.5000,1.5000,1.5000,1.5000,1.5000,1.5000,1.5000,2.6572,2.6572,2.6572,2.6572,2.6572
6.730000,2.0944,2.0944,2.0944,2.0944,2.0944,1.5000,1.5000,1.5000,1.5000,1.5000,1.5000,1.5000,1.5000,1.5000,1.5000,2.6704,2.6704,2.6704,2.6704,2.6704
6.740000,2.0868,2.0868,2.0868,2.0868,2.0868,1.5000,1.5000,1.5000,1.5000,1.5000,1.5000,1.5000,1.5000,1.5000,1.5000,2.6836,2.6836,2.6836,2.6836,2.6836
6.750000,2.0792,2.0792,2.0792,2.0792,2.0792,1.5000,1.5000,1.5000,1.5000,1.5000,1.5000,1.5000,1.5000,1.5000,1.5000,2.6968,2.6968,2.6968,2.6968,2.6968
6.760000,2.0716,2.0716,2.0716,2.0716,2.0716,1.5000,1.5000,1.5000,1.5000,1.5000,1.5000,1.5000,1.5000,1.5000,1.5000,2.7100,2.7100,2.7100,2.7100,2.7100
6.770000,2.0640,2.0640,2.0640,2.0640,2.0640,1.5000,1.5000,1.5000,1.5000,1.5000,1.5000,1.5000,1.5000,1.5000,1.5000,2.7232,2.7232,2.7232,2.7232,2.7232
6.780000,2.0563,2.0563,2.0563,2.0563,2.0563,1.5000,1.5000,1.5000,1.5000,1.5000,1.5000,1.5000,1.5000,1.5000,1.5000,2.7364,2.7364,2.7364,2.7364,2.7364
6.790000,2.0487,2.0487,2.0487,2.0487,2.0487,1.5000,1.5000,1.5000,1.5000,1.5000,1.5000,1.5000,1.5000,1.5000,1.5000,2.7496,2.7496,2.7496,2.7496,2.7496
6.800000,2.0411,2.0411,2.0411,2.0411,2.0411,1.5000,1.5000,1.5000,1.5000,1.5000,1.5000,1.5000,1.5000,1.5000,1.5000,2.7628,2.7628,2.7628,2.7628,2.7628
6.810000,2.0335,2.0335,2.0335,2.0335,2.0335,1.5000,1.5000,1.5000,1.5000,1.5000,1.5000,1.5000,1.5000,1.5000,1.5000,2.7760,2.7760,2.7760,2.7760,2.7760
6.820000,2.0259,2.0259,2.0259,2.0259,2.0259,1.5000,1.5000,1.5000,1.5000,1.5000,1.5000,1.5000,1.5000,1.5000,1.5000,2.7892,2.7892,2.7892,2.7892,2.7892
6.830000,2.0182,2.0182,2.0182,2.0182,2.0182,1.5000,1.5000,1.5000,1.5000,1.5000,1.5000,1.5000,1.5000,1.5000,1.5000,2.8024,2.8024,2.8024,2.8024,2.8024
6.840000,2.0106,2.0106,2.0106,2.0106,2.0106,1.5000,1.5000,1.5000,1.5000,1.5000,1.5000,1.5000,1.5000,1.5000,1.5000,2.8156,2.8156,2.8156,2.8156,2.8156
6.850000,2.0030,2.0030,2.0030,2.0030,2.0030,1.5000,1.5000,1.5000,1.5000,1.5000,1.5000,1.5000,1.5000,1.5000,1.5000,2.8288,2.8288,2.8288,2.8288,2.8288
6.860000,1.9954,1.9954,1.9954,1.9954,1.9954,1.5000,1.5000,1.5000,1.5000,1.5000,1.5000,1.5000,1.5000,1.5000,1.5000,2.8420,2.8420,2.8420,2.8420,2.8420
6.870000,1.9877,1.9877,1.9877,1.9877,1.9877,1.5000,1.5000,1.5000,1.5000,1.5000,1.5000,1.5000,1.5000,1.5000,1.5000,2.8552,2.8552,2.8552,2.8552,2.8552
6.880000,1.9801,1.9801,1.9801,1.9801,1.9801,1.5000,1.5000,1.5000,1.5000,1.5000,1.5000,1.5000,1.5000,1.5000,1.5000,2.8684,2.8684,2.8684,2.8684,2.8684
6.890000,1.9725,1.9725,1.9725,1.9725,1.9725,1.5000,1.5000,1.5000,1.5000,1.5000,1.5000,1.5000,1.5000,1.5000,1.5000,2.8816,2.8816,2.8816,2.8816,2.8816
6.900000,1.9649,1.9649,1.9649,1.9649,1.9649,1.5000,1.5000,1.5000,1.5000,1.5000,1.5000,1.5000,1.5000,1.5000,1.5000,2.8948,2.8948,2.8948,2.8948,2.8948
6.910000,1.9573,1.9573,1.9573,1.9573,1.9573,1.5000,1.5000,1.5000,1.5000,1.5000,1.5000,1.5000,1.5000,1.5000,1.5000,2.9080,2.9080,2.9080,2.9080,2.9080
6.920000,1.9496,1.9496,1.9496,1.9496,1.9496,1.5000,1.5000,1.5000,1.5000,1.5000,1.5000,1.5000,1.5000,1.5000,1.5000,2.9212,2.9212,2.9212,2.9212,2.9212
6.930000,1.9420,1.9420,1.9420,1.9420,1.9420,1.5000,1.5000,1.5000,1.5000,1.5000,1.5000,1.5000,1.5000,1.5000,1.5000,2.9344,2.9344,2.9344,2.9344,2.9344
6.940000,1.9344,1.9344,1.9344,1.9344,1.9344,1.5000,1.5000,1.5000,1.5000,1.5000,1.5000,1.5000,1.5000,1.5000,1.5000,2.9476,2.9476,2.9476,2.9476,2.9476
6.950000,1.9268,1.9268,1.9268,1.9268,1.9268,1.5000,1.5000,1.5000,1.5000,1.5000,1.5000,1.5000,1.5000,1.5000,1.5000,2.9608,2.9608,2.9608,2.9608,2.9608
6.960000,1.9192,1.9192,1.9192,1.9192,1.9192,1.5000,1.5000,1.5000,1.5000,1.5000,1.5000,1.5000,1.5000,1.5000,1.5000,2.9740,2.9740,2.9740,2.9740,2.9740
6.970000,1.9115,1.9115,1.9115,1.9115,1.9115,1.5000,1.5000,1.5000,1.5000,1.5000,1.5000,1.5000,1.5000,1.5000,1.5000,2.9872,2.9872,2.9872,2.9872,2.9872
6.980000,1.9039,1.9039,1.9039,1.9039,1.9039,1.5000,1.5000,1.5000,1.5000,1.5000,1.5000,1.5000,1.5000,1.5000,1.5000,3.0004,3.0004,3.0004,3.0004,3.0004
6.990000,1.8963,1.8963,1.8963,1.8963,1.8963,1.5000,1.5000,1.5000,1.5000,1.5000,1.5000,1.5000,1.5000,1.5000,1.5000,3.0136,3.0136,3.0136,3.0136,3.0136
7.000000,1.8887,1.8887,1.8887,1.8887,1.8887,1.5000,1.5000,1.5000,1.5000,1.5000,1.5000,1.5000,1.5000,1.5000,1.5000,3.0268,3.0268,3.0268,3.0268,3.0268
7.010000,1.8811,1.8811,1.8811,1.8811,1.8811,1.5000,1.5000,1.5000,1.5000,1.5000,1.5000,1.5000,1.5000,1.5000,1.5000,3.0400,3.0400,3.0400,3.0400,3.0400
7.020000,1.8734,1.8734,1.8734,1.8734,1.8734,1.5000,1.5000,1.5000,1.5000,1.5000,1.5000,1.5000,1.5000,1.5000,1.5000,3.0532,3.0532,3.0532,3.0532,3.0532
7.030000,1.8658,1.8658,1.8658,1.8658,1.8658,1.5000,1.5000,1.5000,1.5000,1.5000,1.5000,1.5000,1.5000,1.5000,1.5000,3.0664,3.0664,3.0664,3.0664,3.0664
7.040000,1.8582,1.8582,1.8582,1.8582,1.8582,1.5000,1.5000,1.5000,1.5000,1.5000,1.5000,1.5000,1.5000,1.5000,1.5000,3.0796,3.0796,3.0796,3.0796,3.0796
7.050000,1.8506,1.8506,1.8506,1.8506,1.8506,1.5000,1.5000,1.5000,1.5000,1.5000,1.5000,1.5000,1.5000,1.5000,1.5000,3.0928,3.0928,3.0928,3.0928,3.0928
7.060000,1.8429,1.8429,1.8429,1.8429,1.8429,1.5000,1.5000,1.5000,1.5000,1.5000,1.5000,1.5000,1.5000,1.5000,1.5000,3.1060,3.1060,3.1060,3.1060,3.1060
7.070000,1.8353,1.8353,1.8353,1.8353,1.8353,1.5000,1.5000,1.5000,1.5000,1.5000,1.5000,1.5000,1.5000,1.5000,1.5000,3.1192,3.1192,3.1192,3.1192,3.1192
7.080000,1.8277,1.8277,1.8277,1.8277,1.8277,1.5000,1.5000,1.5000,1.5000,1.5000,1.5000,1.5000,1.5000,1.5000,1.5000,3.1324,3.1324,3.1324,3.1324,3.1324
7.090000,1.8201,1.8201,1.8201,1.8201,1.8201,1.5000,1.5000,1.5000,1.5000,1.5000,1.5000,1.5000,1.5000,1.5000,1.5000,3.1456,3.1456,3.1456,3.1456,3.1456
7.100000,1.8125,1.8125,1.8125,1.8125,1.8125,1.5000,1.5000,1.5000,1.5000,1.5000,1.5000,1.5000,1.5000,1.5000,1.5000,3.1588,3.1588,3.1588,3.1588,3.1588
7.110000,1.8048,1.8048,1.8048,1.8048,1.8048,1.5000,1.5000,1.5000,1.5000,1.5000,1.5000,1.5000,1.5000,1.5000,1.5000,3.1720,3.1720,3.1720,3.1720,3.1720
7.120000,1.7972,1.7972,1.7972,1.7972,1.7972,1.5000,1.5000,1.5000,1.5000,1.5000,1.5000,1.5000,1.5000,1.5000,1.5000,3.1852,3.1852,3.1852,3.1852,3.1852
7.130000,1.7896,1.7896,1.7896,1.7896,1.7896,1.5000,1.5000,1.5000,1.5000,1.5000,1.5000,1.5000,1.5000,1.5000,1.5000,3.1984,3.1984,3.1984,3.1984,3.1984
7.140000,1.7820,1.7820,1.7820,1.7820,1.7820,1.5000,1.5000,1.5000,1.5000,1.5000,1.5000,1.5000,1.5000,1.5000,1.5000,3.2116,3.2116,3.2116,3.2116,3.2116
7.150000,1.7744,1.7744,1.7744,1.7744,1.7744,1.5000,1.5000,1.5000,1.5000,1.5000,1.5000,1.5000,1.5000,1.5000,1.5000,3.2248,3.2248,3.2248,3.2248,3.2248
7.160000,1.7667,1.7667,1.7667,1.7667,1.7667,1.5000,1.5000,1.5000,1.5000,1.5000,1.5000,1.5000,1.5000,1.5000,1.5000,3.2380,3.2380,3.2380,3.2380,3.2380
7.170000,1.7591,1.7591,1.7591,1.7591,1.7591,1.5000,1.5000,1.5000,1.5000,1.5000,1.5000,1.5000,1.5000,1.5000,1.5000,3.2512,3.2512,3.2512,3.2512,3.2512
7.180000,1.7515,1.7515,1.7515,1.7515,1.7515,1.5000,1.5000,1.5000,1.5000,1.5000,1.5000,1.5000,1.5000,1.5000,1.5000,3.2644,3.2644,3.2644,3.2644,3.2644
7.190000,1.7439,1.7439,1.7439,1.7439,1.7439,1.5000,1.5000,1.5000,1.5000,1.5000,1.5000,1.5000,1.5000,1.5000,1.5000,3.2776,3.2776,3.2776,3.2776,3.2776
7.200000,1.7363,1.7363,1.7363,1.7363,1.7363,1.5000,1.5000,1.5000,1.5000,1.5000,1.5000,1.5000,1.5000,1.5000,1.5000,3.2908,3.2908,3.2908,3.2908,3.2908
7.210000,1.7286,1.7286,1.7286,1.7286,1.7286,1.5000,1.5000,1.5000,1.5000,1.5000,1.5000,1.5000,1.5000,1.5000,1.5000,3.3040,3.3040,3.3040,3.3040,3.3040
7.220000,1.7210,1.7210,1.7210,1.7210,1.7210,1.5000,1.5000,1.5000,1.5000,1.5000,1.5000,1.5000,1.5000,1.5000,1.5000,3.3172,3.3172,3.3172,3.3172,3.3172
7.230000,1.7134,1.7134,1.7134,1.7134,1.7134,1.5000,1.5000,1.5000,1.5000,1.5000,1.5000,1.5000,1.5000,1.5000,1.5000,3.3304,3.3304,3.3304,3.3304,3.3304
7.240000,1.7058,1.7058,1.7058,1.7058,1.7058,1.5000,1.5000,1.5000,1.5000,1.5000,1.5000,1.5000,1.5000,1.5000,1.5000,3.3436,3.3436,3.3436,3.3436,3.3436
7.250000,1.6981,1.6981,1.6981,1.6981,1.6981,1.5000,1.5000,1.5000,1.5000,1.5000,1.5000,1.5000,1.5000,1.5000,1.5000,3.3568,3.3568,3.3568,3.3568,3.3568
7.260000,1.6905,1.6905,1.6905,1.6905,1.6905,1.5000,1.5000,1.5000,1.5000,1.5000,1.5000,1.5000,1.5000,1.5000,1.5000,3.3700,3.3700,3.3700,3.3700,3.3700
7.270000,1.6829,1.6829,1.6829,1.6829,1.6829,1.5000,1.5000,1.5000,1.5000,1.5000,1.5000,1.5000,1.5000,1.5000,1.5000,3.3832,3.3832,3.3832,3.3832,3.3832
7.280000,1.6753,1.6753,1.6753,1.6753,1.6753,1.5000,1.5000,1.5000,1.5000,1.5000,1.5000,1.5000,1.5000,1.5000,1.5000,3.3964,3.3964,3.3964,3.3964,3.3964
7.290000,1.6677,1.6677,1.6677,1.6677,1.6677,1.5000,1.5000,1.5000,1.5000,1.5000,1.5000,1.5000,1.5000,1.5000,1.5000,3.4096,3.4096,3.4096,3.4096,3.4096
7.300000,1.6600,1.6600,1.6600,1.6600,1.6600,1.5000,1.5000,1.5000,1.5000,1.5000,1.5000,1.5000,1.5000,1.5000,1.5000,3.4228,3.4228,3.4228,3.4228,3.4228
7.310000,1.6524,1.6524,1.6524,1.6524,1.6524,1.5000,1.5000,1.5000,1.5000,1.5000,1.5000,1.5000,1.5000,1.5000,1.5000,3.4360,3.4360,3.4360,3.4360,3.4360
7.320000,1.6448,1.6448,1.6448,1.6448,1.6448,1.5000,1.5000,1.5000,1.5000,1.5000,1.5000,1.5000,1.5000,1.5000,1.5000,3.4492,3.4492,3.4492,3.4492,3.4492
7.330000,1.6372,1.6372,1.6372,1.6372,1.6372,1.5000,1.5000,1.5000,1.5000,1.5000,1.5000,1.5000,1.5000,1.5000,1.5000,3.4624,3.4624,3.4624,3.4624,3.4624
7.340000,1.6296,1.6296,1.6296,1.6296,1.6296,1.5000,1.5000,1.5000,1.5000,1.5000,1.5000,1.5000,1.5000,1.5000,1.5000,3.4756,3.4756,3.4756,3.4756,3.4756
7.350000,1.6219,1.6219,1.6219,1.6219,1.6219,1.5000,1.5000,1.5000,1.5000,1.5000,1.5000,1.5000,1.5000,1.5000,1.5000,3.4888,3.4888,3.4888,3.4888,3.4888
7.360000,1.6143,1.6143,1.6143,1.6143,1.6143,1.5000,1.5000,1.5000,1.5000,1.5000,1.5000,1.5000,1.5000,1.5000,1.5000,3.5020,3.5020,3.5020,3.5020,3.5020
7.370000,1.6067,1.6067,1.6067,1.6067,1.6067,1.5000,1.5000,1.5000,1.5000,1.5000,1.5000,1.5000,1.5000,1.5000,1.5000,3.5152,3.5152,3.5152,3.5152,3.5152
7.380000,1.5991,1.5991,1.5991,1.5991,1.5991,1.5000,1.5000,1.5000,1.5000,1.5000,1.5000,1.5000,1.5000,1.5000,1.5000,3.5284,3.5284,3.5284,3.5284,3.5284
7.390000,1.5915,1.5915,1.5915,1.5915,1.5915,1.5000,1.5000,1.5000,1.5000,1.5000,1.5000,1.5000,1.5000,1.5000,1.5000,3.5416,3.5416,3.5416,3.5416,3.5416
7.400000,1.5838,1.5838,1.5838,1.5838,1.5838,1.5000,1.5000,1.5000,1.5000,1.5000,1.5000,1.5000,1.5000,1.5000,1.5000,3.5548,3.5548,3.5548,3.5548,3.5548
7.410000,1.5762,1.5762,1.5762,1.5762,1.5762,1.5000,1.5000,1.5000,1.5000,1.5000,1.5000,1.5000,1.5000,1.5000,1.5000,3.5680,3.5680,3.5680,3.5680,3.5680
7.420000,1.5686,1.5686,1.5686,1.5686,1.5686,1.5000,1.5000,1.5000,1.5000,1.5000,1.5000,1.5000,1.5000,1.5000,1.5000,3.5812,3.5812,3.5812,3.5812,3.5812
7.430000,1.5610,1.5610,1.5610,1.5610,1.5610,1.5000,1.5000,1.5000,1.5000,1.5000,1.5000,1.5000,1.5000,1.5000,1.5000,3.5944,3.5944,3.5944,3.5944,3.5944
7.440000,1.5533,1.5533,1.5533,1.5533,1.5533,1.5000,1.5000,1.5000,1.5000,1.5000,1.5000,1.5000,1.5000,1.5000,1.5000,3.6076,3.6076,3.6076,3.6076,3.6076
7.450000,1.5457,1.5457,1.5457,1.5457,1.5457,1.5000,1.5000,1.5000,1.5000,1.5000,1.5000,1.5000,1.5000,1.5000,1.5000,3.6208,3.6208,3.6208,3.6208,3.6208
7.460000,1.5381,1.5381,1.5381,1.5381,1.5381,1.5000,1.5000,1.5000,1.5000,1.5000,1.5000,1.5000,1.5000,1.5000,1.5000,3.6340,3.6340,3.6340,3.6340,3.6340
7.470000,1.5305,1.5305,1.5305,1.5305,1.5305,1.5000,1.5000,1.5000,1.5000,1.5000,1.5000,1.5000,1.5000,1.5000,1.5000,3.6472,3.6472,3.6472,3.6472,3.6472
7.480000,1.5229,1.5229,1.5229,1.5229,1.5229,1.5000,1.5000,1.5000,1.5000,1.5000,1.5000,1.5000,1.5000,1.5000,1.5000,3.6604,3.6604,3.6604,3.6604,3.6604
7.490000,1.5152,1.5152,1.5152,1.5152,1.5152,1.5000,1.5000,1.5000,1.5000,1.5000,1.5000,1.5000,1.5000,1.5000,1.5000,3.6736,3.6736,3.6736,3.6736,3.6736
7.500000,1.5076,1.5076,1.5076,1.5076,1.5076,1.5000,1.5000,1.5000,1.5000,1.5000,1.5000,1.5000,1.5000,1.5000,1.5000,3.6868,3.6868,3.6868,3.6868,3.6868
