time,col1_lv0,col1_lv1,col1_lv2,col1_lv3,col1_lv4,col2_lv0,col2_lv1,col2_lv2,col2_lv3,col2_lv4,col3_lv0,col3_lv1,col3_lv2,col3_lv3,col3_lv4
0.000000,5.5000,5.5000,5.5000,5.5000,5.5000,1.5000,1.5000,1.5000,1.5000,1.5000,1.5000,1.5000,1.5000,1.5000,1.5000
0.010000,5.4940,5.4940,5.4940,5.4940,5.4940,1.5060,1.5060,1.5060,1.5060,1.5060,1.5000,1.5000,1.5000,1.5000,1.5000
0.020000,5.4880,5.4880,5.4880,5.4880,5.4880,1.5120,1.5120,1.5120,1.5120,1.5120,1.5000,1.5000,1.5000,1.5000,1.5000
0.030000,5.4820,5.4820,5.4820,5.4820,5.4820,1.5180,1.5180,1.5180,1.5180,1.5180,1.5000,1.5000,1.5000,1.5000,1.5000
0.040000,5.4760,5.4760,5.4760,5.4760,5.4760,1.5240,1.5240,1.5240,1.5240,1.5240,1.5000,1.5000,1.5000,1.5000,1.5000
0.050000,5.4700,5.4700,5.4700,5.4700,5.4700,1.5300,1.5300,1.5300,1.5300,1.5300,1.5000,1.5000,1.5000,1.5000,1.5000
0.060000,5.4640,5.4640,5.4640,5.4640,5.4640,1.5360,1.5360,1.5360,1.5360,1.5360,1.5000,1.5000,1.5000,1.5000,1.5000
0.070000,5.4580,5.4580,5.4580,5.4580,5.4580,1.5420,1.5420,1.5420,1.5420,1.5420,1.5000,1.5000,1.5000,1.5000,1.5000
0.080000,5.4520,5.4520,5.4520,5.4520,5.4520,1.5480,1.5480,1.5480,1.5480,1.5480,1.5000,1.5000,1.5000,1.5000,1.5000
0.090000,5.4460,5.4460,5.4460,5.4460,5.4460,1.5540,1.5540,1.5540,1.5540,1.5540,1.5000,1.5000,1.5000,1.5000,1.5000
0.100000,5.4400,5.4400,5.4400,5.4400,5.4400,1.5600,1.5600,1.5600,1.5600,1.5600,1.5000,1.5000,1.5000,1.5000,1.5000
0.110000,5.4340,5.4340,5.4340,5.4340,5.4340,1.5660,1.5660,1.5660,1.5660,1.5660,1.5000,1.5000,1.5000,1.5000,1.5000
0.120000,5.4280,5.4280,5.4280,5.4280,5.4280,1.5720,1.5720,1.5720,1.5720,1.5720,1.5000,1.5000,1.5000,1.5000,1.5000
0.130000,5.4220,5.4220,5.4220,5.4220,5.4220,1.5780,1.5780,1.5780,1.5780,1.5780,1.5000,1.5000,1.5000,1.5000,1.5000
0.140000,5.4160,5.4160,5.4160,5.4160,5.4160,1.5840,1.5840,1.5840,1.5840,1.5840,1.5000,1.5000,1.5000,1.5000,1.5000
0.150000,5.4100,5.4100,5.4100,5.4100,5.4100,1.5900,1.5900,1.5900,1.5900,1.5900,1.5000,1.5000,1.5000,1.5000,1.5000
0.160000,5.4040,5.4040,5.4040,5.4040,5.4040,1.5960,1.5960,1.5960,1.5960,1.5960,1.5000,1.5000,1.5000,1.5000,1.5000
0.170000,5.3980,5.3980,5.3980,5.3980,5.3980,1.6020,1.6020,1.6020,1.6020,1.6020,1.5000,1.5000,1.5000,1.5000,1.5000
0.180000,5.3920,5.3920,5.3920,5.3920,5.3920,1.6080,1.6080,1.6080,1.6080,1.6080,1.5000,1.5000,1.5000,1.5000,1.5000
0.190000,5.3860,5.3860,5.3860,5.3860,5.3860,1.6140,1.6140,1.6140,1.6140,1.6140,1.5000,1.5000,1.5000,1.5000,1.5000
0.200000,5.3800,5.3800,5.3800,5.3800,5.3800,1.6200,1.6200,1.6200,1.6200,1.6200,1.5000,1.5000,1.5000,1.5000,1.5000
0.210000,5.3740,5.3740,5.3740,5.3740,5.3740,1.6260,1.6260,1.6260,1.6260,1.6260,1.5000,1.5000,1.5000,1.5000,1.5000
0.220000,5.3680,5.3680,5.3680,5.3680,5.3680,1.6320,1.6320,1.6320,1.6320,1.6320,1.5000,1.5000,1.5000,1.5000,1.5000
0.230000,5.3620,5.3620,5.3620,5.3620,5.3620,1.6380,1.6380,1.6380,1.6380,1.6380,1.5000,1.5000,1.5000,1.5000,1.5000
0.240000,5.3560,5.3560,5.3560,5.3560,5.3560,1.6440,1.6440,1.6440,1.6440,1.6440,1.5000,1.5000,1.5000,1.5000,1.5000
0.250000,5.3500,5.3500,5.3500,5.3500,5.3500,1.6500,1.6500,1.6500,1.6500,1.6500,1.5000,1.5000,1.5000,1.5000,1.5000
0.260000,5.3440,5.3440,5.3440,5.3440,5.3440,1.6560,1.6560,1.6560,1.6560,1.6560,1.5000,1.5000,1.5000,1.5000,1.5000
0.270000,5.3380,5.3380,5.3380,5.3380,5.3380,1.6620,1.6620,1.6620,1.6620,1.6620,1.5000,1.5000,1.5000,1.5000,1.5000
0.280000,5.3320,5.3320,5.3320,5.3320,5.3320,1.6680,1.6680,1.6680,1.6680,1.6680,1.5000,1.5000,1.5000,1.5000,1.5000
0.290000,5.3260,5.3260,5.3260,5.3260,5.3260,1.6740,1.6740,1.6740,1.6740,1.6740,1.5000,1.5000,1.5000,1.5000,1.5000
0.300000,5.3200,5.3200,5.3200,5.3200,5.3200,1.6800,1.6800,1.6800,1.6800,1.6800,1.5000,1.5000,1.5000,1.5000,1.5000
0.310000,5.3140,5.3140,5.3140,5.3140,5.3140,1.6860,1.6860,1.6860,1.6860,1.6860,1.5000,1.5000,1.5000,1.5000,1.5000
0.320000,5.3080,5.3080,5.3080,5.3080,5.3080,1.6920,1.6920,1.6920,1.6920,1.6920,1.5000,1.5000,1.5000,1.5000,1.5000
0.330000,5.3020,5.3020,5.3020,5.3020,5.3020,1.6980,1.6980,1.6980,1.6980,1.6980,1.5000,1.5000,1.5000,1.5000,1.5000
0.340000,5.2960,5.2960,5.2960,5.2960,5.2960,1.7040,1.7040,1.7040,1.7040,1.7040,1.5000,1.5000,1.5000,1.5000,1.5000
0.350000,5.2900,5.2900,5.2900,5.2900,5.2900,1.7100,1.7100,1.7100,1.7100,1.7100,1.5000,1.5000,1.5000,1.5000,1.5000
0.360000,5.2840,5.2840,5.2840,5.2840,5.2840,1.7160,1.7160,1.7160,1.7160,1.7160,1.5000,1.5000,1.5000,1.5000,1.5000
0.370000,5.2780,5.2780,5.2780,5.2780,5.2780,1.7220,1.7220,1.7220,1.7220,1.7220,1.5000,1.5000,1.5000,1.5000,1.5000
0.380000,5.2720,5.2720,5.2720,5.2720,5.2720,1.7280,1.7280,1.7280,1.7280,1.7280,1.5000,1.5000,1.5000,1.5000,1.5000
0.390000,5.2660,5.2660,5.2660,5.2660,5.2660,1.7340,1.7340,1.7340,1.7340,1.7340,1.5000,1.5000,1.5000,1.5000,1.5000
0.400000,5.2600,5.2600,5.2600,5.2600,5.2600,1.7400,1.7400,1.7400,1.7400,1.7400,1.5000,1.5000,1.5000,1.5000,1.5000
0.410000,5.2540,5.2540,5.2540,5.2540,5.2540,1.7460,1.7460,1.7460,1.7460,1.7460,1.5000,1.5000,1.5000,1.5000,1.5000
0.420000,5.2480,5.2480,5.2480,5.2480,5.2480,1.7520,1.7520,1.7520,1.7520,1.7520,1.5000,1.5000,1.5000,1.5000,1.5000
0.430000,5.2420,5.2420,5.2420,5.2420,5.2420,1.7580,1.7580,1.7580,1.7580,1.7580,1.5000,1.5000,1.5000,1.5000,1.5000
0.440000,5.2360,5.2360,5.2360,5.2360,5.2360,1.7640,1.7640,1.7640,1.7640,1.7640,1.5000,1.5000,1.5000,1.5000,1.5000
0.450000,5.2300,5.2300,5.2300,5.2300,5.2300,1.7700,1.7700,1.7700,1.7700,1.7700,1.5000,1.5000,1.5000,1.5000,1.5000
0.460000,5.2240,5.2240,5.2240,5.2240,5.2240,1.7760,1.7760,1.7760,1.7760,1.7760,1.5000,1.5000,1.5000,1.5000,1.5000
0.470000,5.2180,5.2180,5.2180,5.2180,5.2180,1.7820,1.7820,1.7820,1.7820,1.7820,1.5000,1.5000,1.5000,1.5000,1.5000
0.480000,5.2120,5.2120,5.2120,5.2120,5.2120,1.7880,1.7880,1.7880,1.7880,1.7880,1.5000,1.5000,1.5000,1.5000,1.5000
0.490000,5.2060,5.2060,5.2060,5.2060,5.2060,1.7940,1.7940,1.7940,1.7940,1.7940,1.5000,1.5000,1.5000,1.5000,1.5000
0.500000,5.2000,5.2000,5.2000,5.2000,5.2000,1.8000,1.8000,1.8000,1.8000,1.8000,1.5000,1.5000,1.5000,1.5000,1.5000
0.510000,5.1940,5.1940,5.1940,5.1940,5.1940,1.8060,1.8060,1.8060,1.8060,1.8060,1.5000,1.5000,1.5000,1.5000,1.5000
0.520000,5.1880,5.1880,5.1880,5.1880,5.1880,1.8120,1.8120,1.8120,1.8120,1.8120,1.5000,1.5000,1.5000,1.5000,1.5000
0.530000,5.1820,5.1820,5.1820,5.1820,5.1820,1.8180,1.8180,1.8180,1.8180,1.8180,1.5000,1.5000,1.5000,1.5000,1.5000
0.540000,5.1760,5.1760,5.1760,5.1760,5.1760,1.8240,1.8240,1.8240,1.8240,1.8240,1.5000,1.5000,1.5000,1.5000,1.5000
0.550000,5.1700,5.1700,5.1700,5.1700,5.1700,1.8300,1.8300,1.8300,1.8300,1.8300,1.5000,1.5000,1.5000,1.5000,1.5000
0.560000,5.1640,5.1640,5.1640,5.1640,5.1640,1.8360,1.8360,1.8360,1.8360,1.8360,1.5000,1.5000,1.5000,1.5000,1.5000
0.570000,5.1580,5.1580,5.1580,5.1580,5.1580,1.8420,1.8420,1.8420,1.8420,1.8420,1.5000,1.5000,1.5000,1.5000,1.5000
0.580000,5.1520,5.1520,5.1520,5.1520,5.1520,1.8480,1.8480,1.8480,1.8480,1.8480,1.5000,1.5000,1.5000,1.5000,1.5000
0.590000,5.1460,5.1460,5.1460,5.1460,5.1460,1.8540,1.8540,1.8540,1.8540,1.8540,1.5000,1.5000,1.5000,1.5000,1.5000
0.600000,5.1400,5.1400,5.1400,5.1400,5.1400,1.8600,1.8600,1.8600,1.8600,1.8600,1.5000,1.5000,1.5000,1.5000,1.5000
0.610000,5.1340,5.1340,5.1340,5.1340,5.1340,1.8660,1.8660,1.8660,1.8660,1.8660,1.5000,1.5000,1.5000,1.5000,1.5000
0.620000,5.1280,5.1280,5.1280,5.1280,5.1280,1.8720,1.8720,1.8720,1.8720,1.8720,1.5000,1.5000,1.5000,1.5000,1.5000
0.630000,5.1220,5.1220,5.1220,5.1220,5.1220,1.8780,1.8780,1.8780,1.8780,1.8780,1.5000,1.5000,1.5000,1.5000,1.5000
0.640000,5.1160,5.1160,5.1160,5.1160,5.1160,1.8840,1.8840,1.8840,1.8840,1.8840,1.5000,1.5000,1.5000,1.5000,1.5000
0.650000,5.1100,5.1100,5.1100,5.1100,5.1100,1.8900,1.8900,1.8900,1.8900,1.8900,1.5000,1.5000,1.5000,1.5000,1.5000
0.660000,5.1040,5.1040,5.1040,5.1040,5.1040,1.8960,1.8960,1.8960,1.8960,1.8960,1.5000,1.5000,1.5000,1.5000,1.5000
0.670000,5.0980,5.0980,5.0980,5.0980,5.0980,1.9020,1.9020,1.9020,1.9020,1.9020,1.5000,1.5000,1.5000,1.5000,1.5000
0.680000,5.0920,5.0920,5.0920,5.0920,5.0920,1.9080,1.9080,1.9080,1.9080,1.9080,1.5000,1.5000,1.5000,1.5000,1.5000
0.690000,5.0860,5.0860,5.0860,5.0860,5.0860,1.9140,1.9140,1.9140,1.9140,1.9140,1.5000,1.5000,1.5000,1.5000,1.5000
0.700000,5.0800,5.0800,5.0800,5.0800,5.0800,1.9200,1.9200,1.9200,1.9200,1.9200,1.5000,1.5000,1.5000,1.5000,1.5000
0.710000,5.0740,5.0740,5.0740,5.0740,5.0740,1.9260,1.9260,1.9260,1.9260,1.9260,1.5000,1.5000,1.5000,1.5000,1.5000
0.720000,5.0680,5.0680,5.0680,5.0680,5.0680,1.9320,1.9320,1.9320,1.9320,1.9320,1.5000,1.5000,1.5000,1.5000,1.5000
0.730000,5.0620,5.0620,5.0620,5.0620,5.0620,1.9380,1.9380,1.9380,1.9380,1.9380,1.5000,1.5000,1.5000,1.5000,1.5000
0.740000,5.0560,5.0560,5.0560,5.0560,5.0560,1.9440,1.9440,1.9440,1.9440,1.9440,1.5000,1.5000,1.5000,1.5000,1.5000
0.750000,5.0500,5.0500,5.0500,5.0500,5.0500,1.9500,1.9500,1.9500,1.9500,1.9500,1.5000,1.5000,1.5000,1.5000,1.5000
0.760000,5.0440,5.0440,5.0440,5.0440,5.0440,1.9560,1.9560,1.9560,1.9560,1.9560,1.5000,1.5000,1.5000,1.5000,1.5000
0.770000,5.0380,5.0380,5.0380,5.0380,5.0380,1.9620,1.9620,1.9620,1.9620,1.9620,1.5000,1.5000,1.5000,1.5000,1.5000
0.780000,5.0320,5.0320,5.0320,5.0320,5.0320,1.9680,1.9680,1.9680,1.9680,1.9680,1.5000,1.5000,1.5000,1.5000,1.5000
0.790000,5.0260,5.0260,5.0260,5.0260,5.0260,1.9740,1.9740,1.9740,1.9740,1.9740,1.5000,1.5000,1.5000,1.5000,1.5000
0.800000,5.0200,5.0200,5.0200,5.0200,5.0200,1.9800,1.9800,1.9800,1.9800,1.9800,1.5000,1.5000,1.5000,1.5000,1.5000
0.810000,5.0140,5.0140,5.0140,5.0140,5.0140,1.9860,1.9860,1.9860,1.9860,1.9860,1.5000,1.5000,1.5000,1.5000,1.5000
0.820000,5.0080,5.0080,5.0080,5.0080,5.0080,1.9920,1.9920,1.9920,1.9920,1.9920,1.5000,1.5000,1.5000,1.5000,1.5000
0.830000,5.0020,5.0020,5.0020,5.0020,5.0020,1.9980,1.9980,1.9980,1.9980,1.9980,1.5000,1.5000,1.5000,1.5000,1.5000
0.840000,4.9960,4.9960,4.9960,4.9960,4.9960,2.0040,2.0040,2.0040,2.0040,2.0040,1.5000,1.5000,1.5000,1.5000,1.5000
0.850000,4.9900,4.9900,4.9900,4.9900,4.9900,2.0100,2.0100,2.0100,2.0100,2.0100,1.5000,1.5000,1.5000,1.5000,1.5000
0.860000,4.9840,4.9840,4.9840,4.9840,4.9840,2.0160,2.0160,2.0160,2.0160,2.0160,1.5000,1.5000,1.5000,1.5000,1.5000
0.870000,4.9780,4.9780,4.9780,4.9780,4.9780,2.0220,2.0220,2.0220,2.0220,2.0220,1.5000,1.5000,1.5000,1.5000,1.5000
0.880000,4.9720,4.9720,4.9720,4.9720,4.9720,2.0280,2.0280,2.0280,2.0280,2.0280,1.5000,1.5000,1.5000,1.5000,1.5000
0.890000,4.9660,4.9660,4.9660,4.9660,4.9660,2.0340,2.0340,2.0340,2.0340,2.0340,1.5000,1.5000,1.5000,1.5000,1.5000
0.900000,4.9600,4.9600,4.9600,4.9600,4.9600,2.0400,2.0400,2.0400,2.0400,2.0400,1.5000,1.5000,1.5000,1.5000,1.5000
0.910000,4.9540,4.9540,4.9540,4.9540,4.9540,2.0460,2.0460,2.0460,2.0460,2.0460,1.5000,1.5000,1.5000,1.5000,1.5000
0.920000,4.9480,4.9480,4.9480,4.9480,4.9480,2.0520,2.0520,2.0520,2.0520,2.0520,1.5000,1.5000,1.5000,1.5000,1.5000
0.930000,4.9420,4.9420,4.9420,4.9420,4.9420,2.0580,2.0580,2.0580,2.0580,2.0580,1.5000,1.5000,1.5000,1.5000,1.5000
0.940000,4.9360,4.9360,4.9360,4.9360,4.9360,2.0640,2.0640,2.0640,2.0640,2.0640,1.5000,1.5000,1.5000,1.5000,1.5000
0.950000,4.9300,4.9300,4.9300,4.9300,4.9300,2.0700,2.0700,2.0700,2.0700,2.0700,1.5000,1.5000,1.5000,1.5000,1.5000
0.960000,4.9240,4.9240,4.9240,4.9240,4.9240,2.0760,2.0760,2.0760,2.0760,2.0760,1.5000,1.5000,1.5000,1.5000,1.5000
0.970000,4.9180,4.9180,4.9180,4.9180,4.9180,2.0820,2.0820,2.0820,2.0820,2.0820,1.5000,1.5000,1.5000,1.5000,1.5000
0.980000,4.9120,4.9120,4.9120,4.9120,4.9120,2.0880,2.0880,2.0880,2.0880,2.0880,1.5000,1.5000,1.5000,1.5000,1.5000
0.990000,4.9060,4.9060,4.9060,4.9060,4.9060,2.0940,2.0940,2.0940,2.0940,2.0940,1.5000,1.5000,1.5000,1.5000,1.5000
1.000000,4.9000,4.9000,4.9000,4.9000,4.9000,2.1000,2.1000,2.1000,2.1000,2.1000,1.5000,1.5000,1.5000,1.5000,1.5000
1.010000,4.8940,4.8940,4.8940,4.8940,4.8940,2.1060,2.1060,2.1060,2.1060,2.1060,1.5000,1.5000,1.5000,1.5000,1.5000
1.020000,4.8880,4.8880,4.8880,4.8880,4.8880,2.1120,2.1120,2.1120,2.1120,2.1120,1.5000,1.5000,1.5000,1.5000,1.5000
1.030000,4.8820,4.8820,4.8820,4.8820,4.8820,2.1180,2.1180,2.1180,2.1180,2.1180,1.5000,1.5000,1.5000,1.5000,1.5000
1.040000,4.8760,4.8760,4.8760,4.8760,4.8760,2.1240,2.1240,2.1240,2.1240,2.1240,1.5000,1.5000,1.5000,1.5000,1.5000
1.050000,4.8700,4.8700,4.8700,4.8700,4.8700,2.1300,2.1300,2.1300,2.1300,2.1300,1.5000,1.5000,1.5000,1.5000,1.5000
1.060000,4.8640,4.8640,4.8640,4.8640,4.8640,2.1360,2.1360,2.1360,2.1360,2.1360,1.5000,1.5000,1.5000,1.5000,1.5000
1.070000,4.8580,4.8580,4.8580,4.8580,4.8580,2.1420,2.1420,2.1420,2.1420,2.1420,1.5000,1.5000,1.5000,1.5000,1.5000
1.080000,4.8520,4.8520,4.8520,4.8520,4.8520,2.1480,2.1480,2.1480,2.1480,2.1480,1.5000,1.5000,1.5000,1.5000,1.5000
1.090000,4.8460,4.8460,4.8460,4.8460,4.8460,2.1540,2.1540,2.1540,2.1540,2.1540,1.5000,1.5000,1.5000,1.5000,1.5000
1.100000,4.8400,4.8400,4.8400,4.8400,4.8400,2.1600,2.1600,2.1600,2.1600,2.1600,1.5000,1.5000,1.5000,1.5000,1.5000
1.110000,4.8340,4.8340,4.8340,4.8340,4.8340,2.1660,2.1660,2.1660,2.1660,2.1660,1.5000,1.5000,1.5000,1.5000,1.5000
1.120000,4.8280,4.8280,4.8280,4.8280,4.8280,2.1720,2.1720,2.1720,2.1720,2.1720,1.5000,1.5000,1.5000,1.5000,1.5000
1.130000,4.8220,4.8220,4.8220,4.8220,4.8220,2.1780,2.1780,2.1780,2.1780,2.1780,1.5000,1.5000,1.5000,1.5000,1.5000
1.140000,4.8160,4.8160,4.8160,4.8160,4.8160,2.1840,2.1840,2.1840,2.1840,2.1840,1.5000,1.5000,1.5000,1.5000,1.5000
1.150000,4.8100,4.8100,4.8100,4.8100,4.8100,2.1900,2.1900,2.1900,2.1900,2.1900,1.5000,1.5000,1.5000,1.5000,1.5000
1.160000,4.8040,4.8040,4.8040,4.8040,4.8040,2.1960,2.1960,2.1960,2.1960,2.1960,1.5000,1.5000,1.5000,1.5000,1.5000
1.170000,4.7980,4.7980,4.7980,4.7980,4.7980,2.2020,2.2020,2.2020,2.2020,2.2020,1.5000,1.5000,1.5000,1.5000,1.5000
1.180000,4.7920,4.7920,4.7920,4.7920,4.7920,2.2080,2.2080,2.2080,2.2080,2.2080,1.5000,1.5000,1.5000,1.5000,1.5000
1.190000,4.7860,4.7860,4.7860,4.7860,4.7860,2.2140,2.2140,2.2140,2.2140,2.2140,1.5000,1.5000,1.5000,1.5000,1.5000
1.200000,4.7800,4.7800,4.7800,4.7800,4.7800,2.2200,2.2200,2.2200,2.2200,2.2200,1.5000,1.5000,1.5000,1.5000,1.5000
1.210000,4.7740,4.7740,4.7740,4.7740,4.7740,2.2260,2.2260,2.2260,2.2260,2.2260,1.5000,1.5000,1.5000,1.5000,1.5000
1.220000,4.7680,4.7680,4.7680,4.7680,4.7680,2.2320,2.2320,2.2320,2.2320,2.2320,1.5000,1.5000,1.5000,1.5000,1.5000
1.230000,4.7620,4.7620,4.7620,4.7620,4.7620,2.2380,2.2380,2.2380,2.2380,2.2380,1.5000,1.5000,1.5000,1.5000,1.5000
1.240000,4.7560,4.7560,4.7560,4.7560,4.7560,2.2440,2.2440,2.2440,2.2440,2.2440,1.5000,1.5000,1.5000,1.5000,1.5000
1.250000,4.7500,4.7500,4.7500,4.7500,4.7500,2.2500,2.2500,2.2500,2.2500,2.2500,1.5000,1.5000,1.5000,1.5000,1.5000
1.260000,4.7440,4.7440,4.7440,4.7440,4.7440,2.2560,2.2560,2.2560,2.2560,2.2560,1.5000,1.5000,1.5000,1.5000,1.5000
1.270000,4.7380,4.7380,4.7380,4.7380,4.7380,2.2620,2.2620,2.2620,2.2620,2.2620,1.5000,1.5000,1.5000,1.5000,1.5000
1.280000,4.7320,4.7320,4.7320,4.7320,4.7320,2.2680,2.2680,2.2680,2.2680,2.2680,1.5000,1.5000,1.5000,1.5000,1.5000
1.290000,4.7260,4.7260,4.7260,4.7260,4.7260,2.2740,2.2740,2.2740,2.2740,2.2740,1.5000,1.5000,1.5000,1.5000,1.5000
1.300000,4.7200,4.7200,4.7200,4.7200,4.7200,2.2800,2.2800,2.2800,2.2800,2.2800,1.5000,1.5000,1.5000,1.5000,1.5000
1.310000,4.7140,4.7140,4.7140,4.7140,4.7140,2.2860,2.2860,2.2860,2.2860,2.2860,1.5000,1.5000,1.5000,1.5000,1.5000
1.320000,4.7080,4.7080,4.7080,4.7080,4.7080,2.2920,2.2920,2.2920,2.2920,2.2920,1.5000,1.5000,1.5000,1.5000,1.5000
1.330000,4.7020,4.7020,4.7020,4.7020,4.7020,2.2980,2.2980,2.2980,2.2980,2.2980,1.5000,1.5000,1.5000,1.5000,1.5000
1.340000,4.6960,4.6960,4.6960,4.6960,4.6960,2.3040,2.3040,2.3040,2.3040,2.3040,1.5000,1.5000,1.5000,1.5000,1.5000
1.350000,4.6900,4.6900,4.6900,4.6900,4.6900,2.3100,2.3100,2.3100,2.3100,2.3100,1.5000,1.5000,1.5000,1.5000,1.5000
1.360000,4.6840,4.6840,4.6840,4.6840,4.6840,2.3160,2.3160,2.3160,2.3160,2.3160,1.5000,1.5000,1.5000,1.5000,1.5000
1.370000,4.6780,4.6780,4.6780,4.6780,4.6780,2.3220,2.3220,2.3220,2.3220,2.3220,1.5000,1.5000,1.5000,1.5000,1.5000
1.380000,4.6720,4.6720,4.6720,4.6720,4.6720,2.3280,2.3280,2.3280,2.3280,2.3280,1.5000,1.5000,1.5000,1.5000,1.5000
1.390000,4.6660,4.6660,4.6660,4.6660,4.6660,2.3340,2.3340,2.3340,2.3340,2.3340,1.5000,1.5000,1.5000,1.5000,1.5000
1.400000,4.6600,4.6600,4.6600,4.6600,4.6600,2.3400,2.3400,2.3400,2.3400,2.3400,1.5000,1.5000,1.5000,1.5000,1.5000
1.410000,4.6540,4.6540,4.6540,4.6540,4.6540,2.3460,2.3460,2.3460,2.3460,2.3460,1.5000,1.5000,1.5000,1.5000,1.5000
1.420000,4.6480,4.6480,4.6480,4.6480,4.6480,2.3520,2.3520,2.3520,2.3520,2.3520,1.5000,1.5000,1.5000,1.5000,1.5000
1.430000,4.6420,4.6420,4.6420,4.6420,4.6420,2.3580,2.3580,2.3580,2.3580,2.3580,1.5000,1.5000,1.5000,1.5000,1.5000
1.440000,4.6360,4.6360,4.6360,4.6360,4.6360,2.3640,2.3640,2.3640,2.3640,2.3640,1.5000,1.5000,1.5000,1.5000,1.5000
1.450000,4.6300,4.6300,4.6300,4.6300,4.6300,2.3700,2.3700,2.3700,2.3700,2.3700,1.5000,1.5000,1.5000,1.5000,1.5000
1.460000,4.6240,4.6240,4.6240,4.6240,4.6240,2.3760,2.3760,2.3760,2.3760,2.3760,1.5000,1.5000,1.5000,1.5000,1.5000
1.470000,4.6180,4.6180,4.6180,4.6180,4.6180,2.3820,2.3820,2.3820,2.3820,2.3820,1.5000,1.5000,1.5000,1.5000,1.5000
1.480000,4.6120,4.6120,4.6120,4.6120,4.6120,2.3880,2.3880,2.3880,2.3880,2.3880,1.5000,1.5000,1.5000,1.5000,1.5000
1.490000,4.6060,4.6060,4.6060,4.6060,4.6060,2.3940,2.3940,2.3940,2.3940,2.3940,1.5000,1.5000,1.5000,1.5000,1.5000
1.500000,4.6000,4.6000,4.6000,4.6000,4.6000,2.4000,2.4000,2.4000,2.4000,2.4000,1.5000,1.5000,1.5000,1.5000,1.5000
1.510000,4.5940,4.5940,4.5940,4.5940,4.5940,2.4060,2.4060,2.4060,2.4060,2.4060,1.5000,1.5000,1.5000,1.5000,1.5000
1.520000,4.5880,4.5880,4.5880,4.5880,4.5880,2.4120,2.4120,2.4120,2.4120,2.4120,1.5000,1.5000,1.5000,1.5000,1.5000
1.530000,4.5820,4.5820,4.5820,4.5820,4.5820,2.4180,2.4180,2.4180,2.4180,2.4180,1.5000,1.5000,1.5000,1.5000,1.5000
1.540000,4.5760,4.5760,4.5760,4.5760,4.5760,2.4240,2.4240,2.4240,2.4240,2.4240,1.5000,1.5000,1.5000,1.5000,1.5000
1.550000,4.5700,4.5700,4.5700,4.5700,4.5700,2.4300,2.4300,2.4300,2.4300,2.4300,1.5000,1.5000,1.5000,1.5000,1.5000
1.560000,4.5640,4.5640,4.5640,4.5640,4.5640,2.4360,2.4360,2.4360,2.4360,2.4360,1.5000,1.5000,1.5000,1.5000,1.5000
1.570000,4.5580,4.5580,4.5580,4.5580,4.5580,2.4420,2.4420,2.4420,2.4420,2.4420,1.5000,1.5000,1.5000,1.5000,1.5000
1.580000,4.5520,4.5520,4.5520,4.5520,4.5520,2.4480,2.4480,2.4480,2.4480,2.4480,1.5000,1.5000,1.5000,1.5000,1.5000
1.590000,4.5460,4.5460,4.5460,4.5460,4.5460,2.4540,2.4540,2.4540,2.4540,2.4540,1.5000,1.5000,1.5000,1.5000,1.5000
1.600000,4.5400,4.5400,4.5400,4.5400,4.5400,2.4600,2.4600,2.4600,2.4600,2.4600,1.5000,1.5000,1.5000,1.5000,1.5000
1.610000,4.5340,4.5340,4.5340,4.5340,4.5340,2.4660,2.4660,2.4660,2.4660,2.4660,1.5000,1.5000,1.5000,1.5000,1.5000
1.620000,4.5280,4.5280,4.5280,4.5280,4.5280,2.4720,2.4720,2.4720,2.4720,2.4720,1.5000,1.5000,1.5000,1.5000,1.5000
1.630000,4.5220,4.5220,4.5220,4.5220,4.5220,2.4780,2.4780,2.4780,2.4780,2.4780,1.5000,1.5000,1.5000,1.5000,1.5000
1.640000,4.5160,4.5160,4.5160,4.5160,4.5160,2.4840,2.4840,2.4840,2.4840,2.4840,1.5000,1.5000,1.5000,1.5000,1.5000
1.650000,4.5100,4.5100,4.5100,4.5100,4.5100,2.4900,2.4900,2.4900,2.4900,2.4900,1.5000,1.5000,1.5000,1.5000,1.5000
1.660000,4.5040,4.5040,4.5040,4.5040,4.5040,2.4960,2.4960,2.4960,2.4960,2.4960,1.5000,1.5000,1.5000,1.5000,1.5000
1.670000,4.4980,4.4980,4.4980,4.4980,4.4980,2.5020,2.5020,2.5020,2.5020,2.5020,1.5000,1.5000,1.5000,1.5000,1.5000
1.680000,4.4920,4.4920,4.4920,4.4920,4.4920,2.5080,2.5080,2.5080,2.5080,2.5080,1.5000,1.5000,1.5000,1.5000,1.5000
1.690000,4.4860,4.4860,4.4860,4.4860,4.4860,2.5140,2.5140,2.5140,2.5140,2.5140,1.5000,1.5000,1.5000,1.5000,1.5000
1.700000,4.4800,4.4800,4.4800,4.4800,4.4800,2.5200,2.5200,2.5200,2.5200,2.5200,1.5000,1.5000,1.5000,1.5000,1.5000
1.710000,4.4740,4.4740,4.4740,4.4740,4.4740,2.5260,2.5260,2.5260,2.5260,2.5260,1.5000,1.5000,1.5000,1.5000,1.5000
1.720000,4.4680,4.4680,4.4680,4.4680,4.4680,2.5320,2.5320,2.5320,2.5320,2.5320,1.5000,1.5000,1.5000,1.5000,1.5000
1.730000,4.4620,4.4620,4.4620,4.4620,4.4620,2.5380,2.5380,2.5380,2.5380,2.5380,1.5000,1.5000,1.5000,1.5000,1.5000
1.740000,4.4560,4.4560,4.4560,4.4560,4.4560,2.5440,2.5440,2.5440,2.5440,2.5440,1.5000,1.5000,1.5000,1.5000,1.5000
1.750000,4.4500,4.4500,4.4500,4.4500,4.4500,2.5500,2.5500,2.5500,2.5500,2.5500,1.5000,1.5000,1.5000,1.5000,1.5000
1.760000,4.4440,4.4440,4.4440,4.4440,4.4440,2.5560,2.5560,2.5560,2.5560,2.5560,1.5000,1.5000,1.5000,1.5000,1.5000
1.770000,4.4380,4.4380,4.4380,4.4380,4.4380,2.5620,2.5620,2.5620,2.5620,2.5620,1.5000,1.5000,1.5000,1.5000,1.5000
1.780000,4.4320,4.4320,4.4320,4.4320,4.4320,2.5680,2.5680,2.5680,2.5680,2.5680,1.5000,1.5000,1.5000,1.5000,1.5000
1.790000,4.4260,4.4260,4.4260,4.4260,4.4260,2.5740,2.5740,2.5740,2.5740,2.5740,1.5000,1.5000,1.5000,1.5000,1.5000
1.800000,4.4200,4.4200,4.4200,4.4200,4.4200,2.5800,2.5800,2.5800,2.5800,2.5800,1.5000,1.5000,1.5000,1.5000,1.5000
1.810000,4.4140,4.4140,4.4140,4.4140,4.4140,2.5860,2.5860,2.5860,2.5860,2.5860,1.5000,1.5000,1.5000,1.5000,1.5000
1.820000,4.4080,4.4080,4.4080,4.4080,4.4080,2.5920,2.5920,2.5920,2.5920,2.5920,1.5000,1.5000,1.5000,1.5000,1.5000
1.830000,4.4020,4.4020,4.4020,4.4020,4.4020,2.5980,2.5980,2.5980,2.5980,2.5980,1.5000,1.5000,1.5000,1.5000,1.5000
1.840000,4.3960,4.3960,4.3960,4.3960,4.3960,2.6040,2.6040,2.6040,2.6040,2.6040,1.5000,1.5000,1.5000,1.5000,1.5000
1.850000,4.3900,4.3900,4.3900,4.3900,4.3900,2.6100,2.6100,2.6100,2.6100,2.6100,1.5000,1.5000,1.5000,1.5000,1.5000
1.860000,4.3840,4.3840,4.3840,4.3840,4.3840,2.6160,2.6160,2.6160,2.6160,2.6160,1.5000,1.5000,1.5000,1.5000,1.5000
1.870000,4.3780,4.3780,4.3780,4.3780,4.3780,2.6220,2.6220,2.6220,2.6220,2.6220,1.5000,1.5000,1.5000,1.5000,1.5000
1.880000,4.3720,4.3720,4.3720,4.3720,4.3720,2.6280,2.6280,2.6280,2.6280,2.6280,1.5000,1.5000,1.5000,1.5000,1.5000
1.890000,4.3660,4.3660,4.3660,4.3660,4.3660,2.6340,2.6340,2.6340,2.6340,2.6340,1.5000,1.5000,1.5000,1.5000,1.5000
1.900000,4.3600,4.3600,4.3600,4.3600,4.3600,2.6400,2.6400,2.6400,2.6400,2.6400,1.5000,1.5000,1.5000,1.5000,1.5000
1.910000,4.3540,4.3540,4.3540,4.3540,4.3540,2.6460,2.6460,2.6460,2.6460,2.6460,1.5000,1.5000,1.5000,1.5000,1.5000
1.920000,4.3480,4.3480,4.3480,4.3480,4.3480,2.6520,2.6520,2.6520,2.6520,2.6520,1.5000,1.5000,1.5000,1.5000,1.5000
1.930000,4.3420,4.3420,4.3420,4.3420,4.3420,2.6580,2.6580,2.6580,2.6580,2.6580,1.5000,1.5000,1.5000,1.5000,1.5000
1.940000,4.3360,4.3360,4.3360,4.3360,4.3360,2.6640,2.6640,2.6640,2.6640,2.6640,1.5000,1.5000,1.5000,1.5000,1.5000
1.950000,4.3300,4.3300,4.3300,4.3300,4.3300,2.6700,2.6700,2.6700,2.6700,2.6700,1.5000,1.5000,1.5000,1.5000,1.5000
1.960000,4.3240,4.3240,4.3240,4.3240,4.3240,2.6760,2.6760,2.6760,2.6760,2.6760,1.5000,1.5000,1.5000,1.5000,1.5000
1.970000,4.3180,4.3180,4.3180,4.3180,4.3180,2.6820,2.6820,2.6820,2.6820,2.6820,1.5000,1.5000,1.5000,1.5000,1.5000
1.980000,4.3120,4.3120,4.3120,4.3120,4.3120,2.6880,2.6880,2.6880,2.6880,2.6880,1.5000,1.5000,1.5000,1.5000,1.5000
1.990000,4.3060,4.3060,4.3060,4.3060,4.3060,2.6940,2.6940,2.6940,2.6940,2.6940,1.5000,1.5000,1.5000,1.5000,1.5000
2.000000,4.3000,4.3000,4.3000,4.3000,4.3000,2.7000,2.7000,2.7000,2.7000,2.7000,1.5000,1.5000,1.5000,1.5000,1.5000
2.010000,4.2940,4.2940,4.2940,4.2940,4.2940,2.7060,2.7060,2.7060,2.7060,2.7060,1.5000,1.5000,1.5000,1.5000,1.5000
2.020000,4.2880,4.2880,4.2880,4.2880,4.2880,2.7120,2.7120,2.7120,2.7120,2.7120,1.5000,1.5000,1.5000,1.5000,1.5000
2.030000,4.2820,4.2820,4.2820,4.2820,4.2820,2.7180,2.7180,2.7180,2.7180,2.7180,1.5000,1.5000,1.5000,1.5000,1.5000
2.040000,4.2760,4.2760,4.2760,4.2760,4.2760,2.7240,2.7240,2.7240,2.7240,2.7240,1.5000,1.5000,1.5000,1.5000,1.5000
2.050000,4.2700,4.2700,4.2700,4.2700,4.2700,2.7300,2.7300,2.7300,2.7300,2.7300,1.5000,1.5000,1.5000,1.5000,1.5000
2.060000,4.2640,4.2640,4.2640,4.2640,4.2640,2.7360,2.7360,2.7360,2.7360,2.7360,1.5000,1.5000,1.5000,1.5000,1.5000
2.070000,4.2580,4.2580,4.2580,4.2580,4.2580,2.7420,2.7420,2.7420,2.7420,2.7420,1.5000,1.5000,1.5000,1.5000,1.5000
2.080000,4.2520,4.2520,4.2520,4.2520,4.2520,2.7480,2.7480,2.7480,2.7480,2.7480,1.5000,1.5000,1.5000,1.5000,1.5000
2.090000,4.2460,4.2460,4.2460,4.2460,4.2460,2.7540,2.7540,2.7540,2.7540,2.7540,1.5000,1.5000,1.5000,1.5000,1.5000
2.100000,4.2400,4.2400,4.2400,4.2400,4.2400,2.7600,2.7600,2.7600,2.7600,2.7600,1.5000,1.5000,1.5000,1.5000,1.5000
2.110000,4.2340,4.2340,4.2340,4.2340,4.2340,2.7660,2.7660,2.7660,2.7660,2.7660,1.5000,1.5000,1.5000,1.5000,1.5000
2.120000,4.2280,4.2280,4.2280,4.2280,4.2280,2.7720,2.7720,2.7720,2.7720,2.7720,1.5000,1.5000,1.5000,1.5000,1.5000
2.130000,4.2220,4.2220,4.2220,4.2220,4.2220,2.7780,2.7780,2.7780,2.7780,2.7780,1.5000,1.5000,1.5000,1.5000,1.5000
2.140000,4.2160,4.2160,4.2160,4.2160,4.2160,2.7840,2.7840,2.7840,2.7840,2.7840,1.5000,1.5000,1.5000,1.5000,1.5000
2.150000,4.2100,4.2100,4.2100,4.2100,4.2100,2.7900,2.7900,2.7900,2.7900,2.7900,1.5000,1.5000,1.5000,1.5000,1.5000
2.160000,4.2040,4.2040,4.2040,4.2040,4.2040,2.7960,2.7960,2.7960,2.7960,2.7960,1.5000,1.5000,1.5000,1.5000,1.5000
2.170000,4.1980,4.1980,4.1980,4.1980,4.1980,2.8020,2.8020,2.8020,2.8020,2.8020,1.5000,1.5000,1.5000,1.5000,1.5000
2.180000,4.1920,4.1920,4.1920,4.1920,4.1920,2.8080,2.8080,2.8080,2.8080,2.8080,1.5000,1.5000,1.5000,1.5000,1.5000
2.190000,4.1860,4.1860,4.1860,4.1860,4.1860,2.8140,2.8140,2.8140,2.8140,2.8140,1.5000,1.5000,1.5000,1.5000,1.5000
2.200000,4.1800,4.1800,4.1800,4.1800,4.1800,2.8200,2.8200,2.8200,2.8200,2.8200,1.5000,1.5000,1.5000,1.5000,1.5000
2.210000,4.1740,4.1740,4.1740,4.1740,4.1740,2.8260,2.8260,2.8260,2.8260,2.8260,1.5000,1.5000,1.5000,1.5000,1.5000
2.220000,4.1680,4.1680,4.1680,4.1680,4.1680,2.8320,2.8320,2.8320,2.8320,2.8320,1.5000,1.5000,1.5000,1.5000,1.5000
2.230000,4.1620,4.1620,4.1620,4.1620,4.1620,2.8380,2.8380,2.8380,2.8380,2.8380,1.5000,1.5000,1.5000,1.5000,1.5000
2.240000,4.1560,4.1560,4.1560,4.1560,4.1560,2.8440,2.8440,2.8440,2.8440,2.8440,1.5000,1.5000,1.5000,1.5000,1.5000
2.250000,4.1500,4.1500,4.1500,4.1500,4.1500,2.8500,2.8500,2.8500,2.8500,2.8500,1.5000,1.5000,1.5000,1.5000,1.5000
2.260000,4.1440,4.1440,4.1440,4.1440,4.1440,2.8560,2.8560,2.8560,2.8560,2.8560,1.5000,1.5000,1.5000,1.5000,1.5000
2.270000,4.1380,4.1380,4.1380,4.1380,4.1380,2.8620,2.8620,2.8620,2.8620,2.8620,1.5000,1.5000,1.5000,1.5000,1.5000
2.280000,4.1320,4.1320,4.1320,4.1320,4.1320,2.8680,2.8680,2.8680,2.8680,2.8680,1.5000,1.5000,1.5000,1.5000,1.5000
2.290000,4.1260,4.1260,4.1260,4.1260,4.1260,2.8740,2.8740,2.8740,2.8740,2.8740,1.5000,1.5000,1.5000,1.5000,1.5000
2.300000,4.1200,4.1200,4.1200,4.1200,4.1200,2.8800,2.8800,2.8800,2.8800,2.8800,1.5000,1.5000,1.5000,1.5000,1.5000
2.310000,4.1140,4.1140,4.1140,4.1140,4.1140,2.8860,2.8860,2.8860,2.8860,2.8860,1.5000,1.5000,1.5000,1.5000,1.5000
2.320000,4.1080,4.1080,4.1080,4.1080,4.1080,2.8920,2.8920,2.8920,2.8920,2.8920,1.5000,1.5000,1.5000,1.5000,1.5000
2.330000,4.1020,4.1020,4.1020,4.1020,4.1020,2.8980,2.8980,2.8980,2.8980,2.8980,1.5000,1.5000,1.5000,1.5000,1.5000
2.340000,4.0960,4.0960,4.0960,4.0960,4.0960,2.9040,2.9040,2.9040,2.9040,2.9040,1.5000,1.5000,1.5000,1.5000,1.5000
2.350000,4.0900,4.0900,4.0900,4.0900,4.0900,2.9100,2.9100,2.9100,2.9100,2.9100,1.5000,1.5000,1.5000,1.5000,1.5000
2.360000,4.0840,4.0840,4.0840,4.0840,4.0840,2.9160,2.9160,2.9160,2.9160,2.9160,1.5000,1.5000,1.5000,1.5000,1.5000
2.370000,4.0780,4.0780,4.0780,4.0780,4.0780,2.9220,2.9220,2.9220,2.9220,2.9220,1.5000,1.5000,1.5000,1.5000,1.5000
2.380000,4.0720,4.0720,4.0720,4.0720,4.0720,2.9280,2.9280,2.9280,2.9280,2.9280,1.5000,1.5000,1.5000,1.5000,1.5000
2.390000,4.0660,4.0660,4.0660,4.0660,4.0660,2.9340,2.9340,2.9340,2.9340,2.9340,1.5000,1.5000,1.5000,1.5000,1.5000
2.400000,4.0600,4.0600,4.0600,4.0600,4.0600,2.9400,2.9400,2.9400,2.9400,2.9400,1.5000,1.5000,1.5000,1.5000,1.5000
2.410000,4.0540,4.0540,4.0540,4.0540,4.0540,2.9460,2.9460,2.9460,2.9460,2.9460,1.5000,1.5000,1.5000,1.5000,1.5000
2.420000,4.0480,4.0480,4.0480,4.0480,4.0480,2.9520,2.9520,2.9520,2.9520,2.9520,1.5000,1.5000,1.5000,1.5000,1.5000
2.430000,4.0420,4.0420,4.0420,4.0420,4.0420,2.9580,2.9580,2.9580,2.9580,2.9580,1.5000,1.5000,1.5000,1.5000,1.5000
2.440000,4.0360,4.0360,4.0360,4.0360,4.0360,2.9640,2.9640,2.9640,2.9640,2.9640,1.5000,1.5000,1.5000,1.5000,1.5000
2.450000,4.0300,4.0300,4.0300,4.0300,4.0300,2.9700,2.9700,2.9700,2.9700,2.9700,1.5000,1.5000,1.5000,1.5000,1.5000
2.460000,4.0240,4.0240,4.0240,4.0240,4.0240,2.9760,2.9760,2.9760,2.9760,2.9760,1.5000,1.5000,1.5000,1.5000,1.5000
2.470000,4.0180,4.0180,4.0180,4.0180,4.0180,2.9820,2.9820,2.9820,2.9820,2.9820,1.5000,1.5000,1.5000,1.5000,1.5000
2.480000,4.0120,4.0120,4.0120,4.0120,4.0120,2.9880,2.9880,2.9880,2.9880,2.9880,1.5000,1.5000,1.5000,1.5000,1.5000
2.490000,4.0060,4.0060,4.0060,4.0060,4.0060,2.9940,2.9940,2.9940,2.9940,2.9940,1.5000,1.5000,1.5000,1.5000,1.5000
2.500000,4.0000,4.0000,4.0000,4.0000,4.0000,3.0000,3.0000,3.0000,3.0000,3.0000,1.5000,1.5000,1.5000,1.5000,1.5000
2.510000,3.9940,3.9940,3.9940,3.9940,3.9940,3.0060,3.0060,3.0060,3.0060,3.0060,1.5000,1.5000,1.5000,1.5000,1.5000
2.520000,3.9880,3.9880,3.9880,3.9880,3.9880,3.0120,3.0120,3.0120,3.0120,3.0120,1.5000,1.5000,1.5000,1.5000,1.5000
2.530000,3.9820,3.9820,3.9820,3.9820,3.9820,3.0180,3.0180,3.0180,3.0180,3.0180,1.5000,1.5000,1.5000,1.5000,1.5000
2.540000,3.9760,3.9760,3.9760,3.9760,3.9760,3.0240,3.0240,3.0240,3.0240,3.0240,1.5000,1.5000,1.5000,1.5000,1.5000
2.550000,3.9700,3.9700,3.9700,3.9700,3.9700,3.0300,3.0300,3.0300,3.0300,3.0300,1.5000,1.5000,1.5000,1.5000,1.5000
2.560000,3.9640,3.9640,3.9640,3.9640,3.9640,3.0360,3.0360,3.0360,3.0360,3.0360,1.5000,1.5000,1.5000,1.5000,1.5000
2.570000,3.9580,3.9580,3.9580,3.9580,3.9580,3.0420,3.0420,3.0420,3.0420,3.0420,1.5000,1.5000,1.5000,1.5000,1.5000
2.580000,3.9520,3.9520,3.9520,3.9520,3.9520,3.0480,3.0480,3.0480,3.0480,3.0480,1.5000,1.5000,1.5000,1.5000,1.5000
2.590000,3.9460,3.9460,3.9460,3.9460,3.9460,3.0540,3.0540,3.0540,3.0540,3.0540,1.5000,1.5000,1.5000,1.5000,1.5000
2.600000,3.9400,3.9400,3.9400,3.9400,3.9400,3.0600,3.0600,3.0600,3.0600,3.0600,1.5000,1.5000,1.5000,1.5000,1.5000
2.610000,3.9340,3.9340,3.9340,3.9340,3.9340,3.0660,3.0660,3.0660,3.0660,3.0660,1.5000,1.5000,1.5000,1.5000,1.5000
2.620000,3.9280,3.9280,3.9280,3.9280,3.9280,3.0720,3.0720,3.0720,3.0720,3.0720,1.5000,1.5000,1.5000,1.5000,1.5000
2.630000,3.9220,3.9220,3.9220,3.9220,3.9220,3.0780,3.0780,3.0780,3.0780,3.0780,1.5000,1.5000,1.5000,1.5000,1.5000
2.640000,3.9160,3.9160,3.9160,3.9160,3.9160,3.0840,3.0840,3.0840,3.0840,3.0840,1.5000,1.5000,1.5000,1.5000,1.5000
2.650000,3.9100,3.9100,3.9100,3.9100,3.9100,3.0900,3.0900,3.0900,3.0900,3.0900,1.5000,1.5000,1.5000,1.5000,1.5000
2.660000,3.9040,3.9040,3.9040,3.9040,3.9040,3.0960,3.0960,3.0960,3.0960,3.0960,1.5000,1.5000,1.5000,1.5000,1.5000
2.670000,3.8980,3.8980,3.8980,3.8980,3.8980,3.1020,3.1020,3.1020,3.1020,3.1020,1.5000,1.5000,1.5000,1.5000,1.5000
2.680000,3.8920,3.8920,3.8920,3.8920,3.8920,3.1080,3.1080,3.1080,3.1080,3.1080,1.5000,1.5000,1.5000,1.5000,1.5000
2.690000,3.8860,3.8860,3.8860,3.8860,3.8860,3.1140,3.1140,3.1140,3.1140,3.1140,1.5000,1.5000,1.5000,1.5000,1.5000
2.700000,3.8800,3.8800,3.8800,3.8800,3.8800,3.1200,3.1200,3.1200,3.1200,3.1200,1.5000,1.5000,1.5000,1.5000,1.5000
2.710000,3.8740,3.8740,3.8740,3.8740,3.8740,3.1260,3.1260,3.1260,3.1260,3.1260,1.5000,1.5000,1.5000,1.5000,1.5000
2.720000,3.8680,3.8680,3.8680,3.8680,3.8680,3.1320,3.1320,3.1320,3.1320,3.1320,1.5000,1.5000,1.5000,1.5000,1.5000
2.730000,3.8620,3.8620,3.8620,3.8620,3.8620,3.1380,3.1380,3.1380,3.1380,3.1380,1.5000,1.5000,1.5000,1.5000,1.5000
2.740000,3.8560,3.8560,3.8560,3.8560,3.8560,3.1440,3.1440,3.1440,3.1440,3.1440,1.5000,1.5000,1.5000,1.5000,1.5000
2.750000,3.8500,3.8500,3.8500,3.8500,3.8500,3.1500,3.1500,3.1500,3.1500,3.1500,1.5000,1.5000,1.5000,1.5000,1.5000
2.760000,3.8440,3.8440,3.8440,3.8440,3.8440,3.1560,3.1560,3.1560,3.1560,3.1560,1.5000,1.5000,1.5000,1.5000,1.5000
2.770000,3.8380,3.8380,3.8380,3.8380,3.8380,3.1620,3.1620,3.1620,3.1620,3.1620,1.5000,1.5000,1.5000,1.5000,1.5000
2.780000,3.8320,3.8320,3.8320,3.8320,3.8320,3.1680,3.1680,3.1680,3.1680,3.1680,1.5000,1.5000,1.5000,1.5000,1.5000
2.790000,3.8260,3.8260,3.8260,3.8260,3.8260,3.1740,3.1740,3.1740,3.1740,3.1740,1.5000,1.5000,1.5000,1.5000,1.5000
2.800000,3.8200,3.8200,3.8200,3.8200,3.8200,3.1800,3.1800,3.1800,3.1800,3.1800,1.5000,1.5000,1.5000,1.5000,1.5000
2.810000,3.8140,3.8140,3.8140,3.8140,3.8140,3.1860,3.1860,3.1860,3.1860,3.1860,1.5000,1.5000,1.5000,1.5000,1.5000
2.820000,3.8080,3.8080,3.8080,3.8080,3.8080,3.1920,3.1920,3.1920,3.1920,3.1920,1.5000,1.5000,1.5000,1.5000,1.5000
2.830000,3.8020,3.8020,3.8020,3.8020,3.8020,3.1980,3.1980,3.1980,3.1980,3.1980,1.5000,1.5000,1.5000,1.5000,1.5000
2.840000,3.7960,3.7960,3.7960,3.7960,3.7960,3.2040,3.2040,3.2040,3.2040,3.2040,1.5000,1.5000,1.5000,1.5000,1.5000
2.850000,3.7900,3.7900,3.7900,3.7900,3.7900,3.2100,3.2100,3.2100,3.2100,3.2100,1.5000,1.5000,1.5000,1.5000,1.5000
2.860000,3.7840,3.7840,3.7840,3.7840,3.7840,3.2160,3.2160,3.2160,3.2160,3.2160,1.5000,1.5000,1.5000,1.5000,1.5000
2.870000,3.7780,3.7780,3.7780,3.7780,3.7780,3.2220,3.2220,3.2220,3.2220,3.2220,1.5000,1.5000,1.5000,1.5000,1.5000
2.880000,3.7720,3.7720,3.7720,3.7720,3.7720,3.2280,3.2280,3.2280,3.2280,3.2280,1.5000,1.5000,1.5000,1.5000,1.5000
2.890000,3.7660,3.7660,3.7660,3.7660,3.7660,3.2340,3.2340,3.2340,3.2340,3.2340,1.5000,1.5000,1.5000,1.5000,1.5000
2.900000,3.7600,3.7600,3.7600,3.7600,3.7600,3.2400,3.2400,3.2400,3.2400,3.2400,1.5000,1.5000,1.5000,1.5000,1.5000
2.910000,3.7540,3.7540,3.7540,3.7540,3.7540,3.2460,3.2460,3.2460,3.2460,3.2460,1.5000,1.5000,1.5000,1.5000,1.5000
2.920000,3.7480,3.7480,3.7480,3.7480,3.7480,3.2520,3.2520,3.2520,3.2520,3.2520,1.5000,1.5000,1.5000,1.5000,1.5000
2.930000,3.7420,3.7420,3.7420,3.7420,3.7420,3.2580,3.2580,3.2580,3.2580,3.2580,1.5000,1.5000,1.5000,1.5000,1.5000
2.940000,3.7360,3.7360,3.7360,3.7360,3.7360,3.2640,3.2640,3.2640,3.2640,3.2640,1.5000,1.5000,1.5000,1.5000,1.5000
2.950000,3.7300,3.7300,3.7300,3.7300,3.7300,3.2700,3.2700,3.2700,3.2700,3.2700,1.5000,1.5000,1.5000,1.5000,1.5000
2.960000,3.7240,3.7240,3.7240,3.7240,3.7240,3.2760,3.2760,3.2760,3.2760,3.2760,1.5000,1.5000,1.5000,1.5000,1.5000
2.970000,3.7180,3.7180,3.7180,3.7180,3.7180,3.2820,3.2820,3.2820,3.2820,3.2820,1.5000,1.5000,1.5000,1.5000,1.5000
2.980000,3.7120,3.7120,3.7120,3.7120,3.7120,3.2880,3.2880,3.2880,3.2880,3.2880,1.5000,1.5000,1.5000,1.5000,1.5000
2.990000,3.7060,3.7060,3.7060,3.7060,3.7060,3.2940,3.2940,3.2940,3.2940,3.2940,1.5000,1.5000,1.5000,1.5000,1.5000
3.000000,3.7000,3.7000,3.7000,3.7000,3.7000,3.3000,3.3000,3.3000,3.3000,3.3000,1.5000,1.5000,1.5000,1.5000,1.5000
3.010000,3.6940,3.6940,3.6940,3.6940,3.6940,3.3060,3.3060,3.3060,3.3060,3.3060,1.5000,1.5000,1.5000,1.5000,1.5000
3.020000,3.6880,3.6880,3.6880,3.6880,3.6880,3.3120,3.3120,3.3120,3.3120,3.3120,1.5000,1.5000,1.5000,1.5000,1.5000
3.030000,3.6820,3.6820,3.6820,3.6820,3.6820,3.3180,3.3180,3.3180,3.3180,3.3180,1.5000,1.5000,1.5000,1.5000,1.5000
3.040000,3.6760,3.6760,3.6760,3.6760,3.6760,3.3240,3.3240,3.3240,3.3240,3.3240,1.5000,1.5000,1.5000,1.5000,1.5000
3.050000,3.6700,3.6700,3.6700,3.6700,3.6700,3.3300,3.3300,3.3300,3.3300,3.3300,1.5000,1.5000,1.5000,1.5000,1.5000
3.060000,3.6640,3.6640,3.6640,3.6640,3.6640,3.3360,3.3360,3.3360,3.3360,3.3360,1.5000,1.5000,1.5000,1.5000,1.5000
3.070000,3.6580,3.6580,3.6580,3.6580,3.6580,3.3420,3.3420,3.3420,3.3420,3.3420,1.5000,1.5000,1.5000,1.5000,1.5000
3.080000,3.6520,3.6520,3.6520,3.6520,3.6520,3.3480,3.3480,3.3480,3.3480,3.3480,1.5000,1.5000,1.5000,1.5000,1.5000
3.090000,3.6460,3.6460,3.6460,3.6460,3.6460,3.3540,3.3540,3.3540,3.3540,3.3540,1.5000,1.5000,1.5000,1.5000,1.5000
3.100000,3.6400,3.6400,3.6400,3.6400,3.6400,3.3600,3.3600,3.3600,3.3600,3.3600,1.5000,1.5000,1.5000,1.5000,1.5000
3.110000,3.6340,3.6340,3.6340,3.6340,3.6340,3.3660,3.3660,3.3660,3.3660,3.3660,1.5000,1.5000,1.5000,1.5000,1.5000
3.120000,3.6280,3.6280,3.6280,3.6280,3.6280,3.3720,3.3720,3.3720,3.3720,3.3720,1.5000,1.5000,1.5000,1.5000,1.5000
3.130000,3.6220,3.6220,3.6220,3.6220,3.6220,3.3780,3.3780,3.3780,3.3780,3.3780,1.5000,1.5000,1.5000,1.5000,1.5000
3.140000,3.6160,3.6160,3.6160,3.6160,3.6160,3.3840,3.3840,3.3840,3.3840,3.3840,1.5000,1.5000,1.5000,1.5000,1.5000
3.150000,3.6100,3.6100,3.6100,3.6100,3.6100,3.3900,3.3900,3.3900,3.3900,3.3900,1.5000,1.5000,1.5000,1.5000,1.5000
3.160000,3.6040,3.6040,3.6040,3.6040,3.6040,3.3960,3.3960,3.3960,3.3960,3.3960,1.5000,1.5000,1.5000,1.5000,1.5000
3.170000,3.5980,3.5980,3.5980,3.5980,3.5980,3.4020,3.4020,3.4020,3.4020,3.4020,1.5000,1.5000,1.5000,1.5000,1.5000
3.180000,3.5920,3.5920,3.5920,3.5920,3.5920,3.4080,3.4080,3.4080,3.4080,3.4080,1.5000,1.5000,1.5000,1.5000,1.5000
3.190000,3.5860,3.5860,3.5860,3.5860,3.5860,3.4140,3.4140,3.4140,3.4140,3.4140,1.5000,1.5000,1.5000,1.5000,1.5000
3.200000,3.5800,3.5800,3.5800,3.5800,3.5800,3.4200,3.4200,3.4200,3.4200,3.4200,1.5000,1.5000,1.5000,1.5000,1.5000
3.210000,3.5740,3.5740,3.5740,3.5740,3.5740,3.4260,3.4260,3.4260,3.4260,3.4260,1.5000,1.5000,1.5000,1.5000,1.5000
3.220000,3.5680,3.5680,3.5680,3.5680,3.5680,3.4320,3.4320,3.4320,3.4320,3.4320,1.5000,1.5000,1.5000,1.5000,1.5000
3.230000,3.5620,3.5620,3.5620,3.5620,3.5620,3.4380,3.4380,3.4380,3.4380,3.4380,1.5000,1.5000,1.5000,1.5000,1.5000
3.240000,3.5560,3.5560,3.5560,3.5560,3.5560,3.4440,3.4440,3.4440,3.4440,3.4440,1.5000,1.5000,1.5000,1.5000,1.5000
3.250000,3.5500,3.5500,3.5500,3.5500,3.5500,3.4500,3.4500,3.4500,3.4500,3.4500,1.5000,1.5000,1.5000,1.5000,1.5000
3.260000,3.5440,3.5440,3.5440,3.5440,3.5440,3.4560,3.4560,3.4560,3.4560,3.4560,1.5000,1.5000,1.5000,1.5000,1.5000
3.270000,3.5380,3.5380,3.5380,3.5380,3.5380,3.4620,3.4620,3.4620,3.4620,3.4620,1.5000,1.5000,1.5000,1.5000,1.5000
3.280000,3.5320,3.5320,3.5320,3.5320,3.5320,3.4680,3.4680,3.4680,3.4680,3.4680,1.5000,1.5000,1.5000,1.5000,1.5000
3.290000,3.5260,3.5260,3.5260,3.5260,3.5260,3.4740,3.4740,3.4740,3.4740,3.4740,1.5000,1.5000,1.5000,1.5000,1.5000
3.300000,3.5200,3.5200,3.5200,3.5200,3.5200,3.4800,3.4800,3.4800,3.4800,3.4800,1.5000,1.5000,1.5000,1.5000,1.5000
3.310000,3.5140,3.5140,3.5140,3.5140,3.5140,3.4860,3.4860,3.4860,3.4860,3.4860,1.5000,1.5000,1.5000,1.5000,1.5000
3.320000,3.5080,3.5080,3.5080,3.5080,3.5080,3.4920,3.4920,3.4920,3.4920,3.4920,1.5000,1.5000,1.5000,1.5000,1.5000
3.330000,3.5020,3.5020,3.5020,3.5020,3.5020,3.4980,3.4980,3.4980,3.4980,3.4980,1.5000,1.5000,1.5000,1.5000,1.5000
3.340000,3.4960,3.4960,3.4960,3.4960,3.4960,3.5040,3.5040,3.5040,3.5040,3.5040,1.5000,1.5000,1.5000,1.5000,1.5000
3.350000,3.4900,3.4900,3.4900,3.4900,3.4900,3.5100,3.5100,3.5100,3.5100,3.5100,1.5000,1.5000,1.5000,1.5000,1.5000
3.360000,3.4840,3.4840,3.4840,3.4840,3.4840,3.5160,3.5160,3.5160,3.5160,3.5160,1.5000,1.5000,1.5000,1.5000,1.5000
3.370000,3.4780,3.4780,3.4780,3.4780,3.4780,3.5220,3.5220,3.5220,3.5220,3.5220,1.5000,1.5000,1.5000,1.5000,1.5000
3.380000,3.4720,3.4720,3.4720,3.4720,3.4720,3.5280,3.5280,3.5280,3.5280,3.5280,1.5000,1.5000,1.5000,1.5000,1.5000
3.390000,3.4660,3.4660,3.4660,3.4660,3.4660,3.5340,3.5340,3.5340,3.5340,3.5340,1.5000,1.5000,1.5000,1.5000,1.5000
3.400000,3.4600,3.4600,3.4600,3.4600,3.4600,3.5400,3.5400,3.5400,3.5400,3.5400,1.5000,1.5000,1.5000,1.5000,1.5000
3.410000,3.4540,3.4540,3.4540,3.4540,3.4540,3.5460,3.5460,3.5460,3.5460,3.5460,1.5000,1.5000,1.5000,1.5000,1.5000
3.420000,3.4480,3.4480,3.4480,3.4480,3.4480,3.5520,3.5520,3.5520,3.5520,3.5520,1.5000,1.5000,1.5000,1.5000,1.5000
3.430000,3.4420,3.4420,3.4420,3.4420,3.4420,3.5580,3.5580,3.5580,3.5580,3.5580,1.5000,1.5000,1.5000,1.5000,1.5000
3.440000,3.4360,3.4360,3.4360,3.4360,3.4360,3.5640,3.5640,3.5640,3.5640,3.5640,1.5000,1.5000,1.5000,1.5000,1.5000
3.450000,3.4300,3.4300,3.4300,3.4300,3.4300,3.5700,3.5700,3.5700,3.5700,3.5700,1.5000,1.5000,1.5000,1.5000,1.5000
3.460000,3.4240,3.4240,3.4240,3.4240,3.4240,3.5760,3.5760,3.5760,3.5760,3.5760,1.5000,1.5000,1.5000,1.5000,1.5000
3.470000,3.4180,3.4180,3.4180,3.4180,3.4180,3.5820,3.5820,3.5820,3.5820,3.5820,1.5000,1.5000,1.5000,1.5000,1.5000
3.480000,3.4120,3.4120,3.4120,3.4120,3.4120,3.5880,3.5880,3.5880,3.5880,3.5880,1.5000,1.5000,1.5000,1.5000,1.5000
3.490000,3.4060,3.4060,3.4060,3.4060,3.4060,3.5940,3.5940,3.5940,3.5940,3.5940,1.5000,1.5000,1.5000,1.5000,1.5000
3.500000,3.4000,3.4000,3.4000,3.4000,3.4000,3.6000,3.6000,3.6000,3.6000,3.6000,1.5000,1.5000,1.5000,1.5000,1.5000
3.510000,3.3940,3.3940,3.3940,3.3940,3.3940,3.6060,3.6060,3.6060,3.6060,3.6060,1.5000,1.5000,1.5000,1.5000,1.5000
3.520000,3.3880,3.3880,3.3880,3.3880,3.3880,3.6120,3.6120,3.6120,3.6120,3.6120,1.5000,1.5000,1.5000,1.5000,1.5000
3.530000,3.3820,3.3820,3.3820,3.3820,3.3820,3.6180,3.6180,3.6180,3.6180,3.6180,1.5000,1.5000,1.5000,1.5000,1.5000
3.540000,3.3760,3.3760,3.3760,3.3760,3.3760,3.6240,3.6240,3.6240,3.6240,3.6240,1.5000,1.5000,1.5000,1.5000,1.5000
3.550000,3.3700,3.3700,3.3700,3.3700,3.3700,3.6300,3.6300,3.6300,3.6300,3.6300,1.5000,1.5000,1.5000,1.5000,1.5000
3.560000,3.3640,3.3640,3.3640,3.3640,3.3640,3.6360,3.6360,3.6360,3.6360,3.6360,1.5000,1.5000,1.5000,1.5000,1.5000
3.570000,3.3580,3.3580,3.3580,3.3580,3.3580,3.6420,3.6420,3.6420,3.6420,3.6420,1.5000,1.5000,1.5000,1.5000,1.5000
3.580000,3.3520,3.3520,3.3520,3.3520,3.3520,3.6480,3.6480,3.6480,3.6480,3.6480,1.5000,1.5000,1.5000,1.5000,1.5000
3.590000,3.3460,3.3460,3.3460,3.3460,3.3460,3.6540,3.6540,3.6540,3.6540,3.6540,1.5000,1.5000,1.5000,1.5000,1.5000
3.600000,3.3400,3.3400,3.3400,3.3400,3.3400,3.6600,3.6600,3.6600,3.6600,3.6600,1.5000,1.5000,1.5000,1.5000,1.5000
3.610000,3.3340,3.3340,3.3340,3.3340,3.3340,3.6660,3.6660,3.6660,3.6660,3.6660,1.5000,1.5000,1.5000,1.5000,1.5000
3.620000,3.3280,3.3280,3.3280,3.3280,3.3280,3.6720,3.6720,3.6720,3.6720,3.6720,1.5000,1.5000,1.5000,1.5000,1.5000
3.630000,3.3220,3.3220,3.3220,3.3220,3.3220,3.6780,3.6780,3.6780,3.6780,3.6780,1.5000,1.5000,1.5000,1.5000,1.5000
3.640000,3.3160,3.3160,3.3160,3.3160,3.3160,3.6840,3.6840,3.6840,3.6840,3.6840,1.5000,1.5000,1.5000,1.5000,1.5000
3.650000,3.3100,3.3100,3.3100,3.3100,3.3100,3.6900,3.6900,3.6900,3.6900,3.6900,1.5000,1.5000,1.5000,1.5000,1.5000
3.660000,3.3040,3.3040,3.3040,3.3040,3.3040,3.6960,3.6960,3.6960,3.6960,3.6960,1.5000,1.5000,1.5000,1.5000,1.5000
3.670000,3.2980,3.2980,3.2980,3.2980,3.2980,3.7020,3.7020,3.7020,3.7020,3.7020,1.5000,1.5000,1.5000,1.5000,1.5000
3.680000,3.2920,3.2920,3.2920,3.2920,3.2920,3.7080,3.7080,3.7080,3.7080,3.7080,1.5000,1.5000,1.5000,1.5000,1.5000
3.690000,3.2860,3.2860,3.2860,3.2860,3.2860,3.7140,3.7140,3.7140,3.7140,3.7140,1.5000,1.5000,1.5000,1.5000,1.5000
3.700000,3.2800,3.2800,3.2800,3.2800,3.2800,3.7200,3.7200,3.7200,3.7200,3.7200,1.5000,1.5000,1.5000,1.5000,1.5000
3.710000,3.2740,3.2740,3.2740,3.2740,3.2740,3.7260,3.7260,3.7260,3.7260,3.7260,1.5000,1.5000,1.5000,1.5000,1.5000
3.720000,3.2680,3.2680,3.2680,3.2680,3.2680,3.7320,3.7320,3.7320,3.7320,3.7320,1.5000,1.5000,1.5000,1.5000,1.5000
3.730000,3.2620,3.2620,3.2620,3.2620,3.2620,3.7380,3.7380,3.7380,3.7380,3.7380,1.5000,1.5000,1.5000,1.5000,1.5000
3.740000,3.2560,3.2560,3.2560,3.2560,3.2560,3.7440,3.7440,3.7440,3.7440,3.7440,1.5000,1.5000,1.5000,1.5000,1.5000
3.750000,3.2500,3.2500,3.2500,3.2500,3.2500,3.7500,3.7500,3.7500,3.7500,3.7500,1.5000,1.5000,1.5000,1.5000,1.5000
3.760000,3.2440,3.2440,3.2440,3.2440,3.2440,3.7560,3.7560,3.7560,3.7560,3.7560,1.5000,1.5000,1.5000,1.5000,1.5000
3.770000,3.2380,3.2380,3.2380,3.2380,3.2380,3.7620,3.7620,3.7620,3.7620,3.7620,1.5000,1.5000,1.5000,1.5000,1.5000
3.780000,3.2320,3.2320,3.2320,3.2320,3.2320,3.7680,3.7680,3.7680,3.7680,3.7680,1.5000,1.5000,1.5000,1.5000,1.5000
3.790000,3.2260,3.2260,3.2260,3.2260,3.2260,3.7740,3.7740,3.7740,3.7740,3.7740,1.5000,1.5000,1.5000,1.5000,1.5000
3.800000,3.2200,3.2200,3.2200,3.2200,3.2200,3.7800,3.7800,3.7800,3.7800,3.7800,1.5000,1.5000,1.5000,1.5000,1.5000
3.810000,3.2140,3.2140,3.2140,3.2140,3.2140,3.7860,3.7860,3.7860,3.7860,3.7860,1.5000,1.5000,1.5000,1.5000,1.5000
3.820000,3.2080,3.2080,3.2080,3.2080,3.2080,3.7920,3.7920,3.7920,3.7920,3.7920,1.5000,1.5000,1.5000,1.5000,1.5000
3.830000,3.2020,3.2020,3.2020,3.2020,3.2020,3.7980,3.7980,3.7980,3.7980,3.7980,1.5000,1.5000,1.5000,1.5000,1.5000
3.840000,3.1960,3.1960,3.1960,3.1960,3.1960,3.8040,3.8040,3.8040,3.8040,3.8040,1.5000,1.5000,1.5000,1.5000,1.5000
3.850000,3.1900,3.1900,3.1900,3.1900,3.1900,3.8100,3.8100,3.8100,3.8100,3.8100,1.5000,1.5000,1.5000,1.5000,1.5000
3.860000,3.1840,3.1840,3.1840,3.1840,3.1840,3.8160,3.8160,3.8160,3.8160,3.8160,1.5000,1.5000,1.5000,1.5000,1.5000
3.870000,3.1780,3.1780,3.1780,3.1780,3.1780,3.8220,3.8220,3.8220,3.8220,3.8220,1.5000,1.5000,1.5000,1.5000,1.5000
3.880000,3.1720,3.1720,3.1720,3.1720,3.1720,3.8280,3.8280,3.8280,3.8280,3.8280,1.5000,1.5000,1.5000,1.5000,1.5000
3.890000,3.1660,3.1660,3.1660,3.1660,3.1660,3.8340,3.8340,3.8340,3.8340,3.8340,1.5000,1.5000,1.5000,1.5000,1.5000
3.900000,3.1600,3.1600,3.1600,3.1600,3.1600,3.8400,3.8400,3.8400,3.8400,3.8400,1.5000,1.5000,1.5000,1.5000,1.5000
3.910000,3.1540,3.1540,3.1540,3.1540,3.1540,3.8460,3.8460,3.8460,3.8460,3.8460,1.5000,1.5000,1.5000,1.5000,1.5000
3.920000,3.1480,3.1480,3.1480,3.1480,3.1480,3.8520,3.8520,3.8520,3.8520,3.8520,1.5000,1.5000,1.5000,1.5000,1.5000
3.930000,3.1420,3.1420,3.1420,3.1420,3.1420,3.8580,3.8580,3.8580,3.8580,3.8580,1.5000,1.5000,1.5000,1.5000,1.5000
3.940000,3.1360,3.1360,3.1360,3.1360,3.1360,3.8640,3.8640,3.8640,3.8640,3.8640,1.5000,1.5000,1.5000,1.5000,1.5000
3.950000,3.1300,3.1300,3.1300,3.1300,3.1300,3.8700,3.8700,3.8700,3.8700,3.8700,1.5000,1.5000,1.5000,1.5000,1.5000
3.960000,3.1240,3.1240,3.1240,3.1240,3.1240,3.8760,3.8760,3.8760,3.8760,3.8760,1.5000,1.5000,1.5000,1.5000,1.5000
3.970000,3.1180,3.1180,3.1180,3.1180,3.1180,3.8820,3.8820,3.8820,3.8820,3.8820,1.5000,1.5000,1.5000,1.5000,1.5000
3.980000,3.1120,3.1120,3.1120,3.1120,3.1120,3.8880,3.8880,3.8880,3.8880,3.8880,1.5000,1.5000,1.5000,1.5000,1.5000
3.990000,3.1060,3.1060,3.1060,3.1060,3.1060,3.8940,3.8940,3.8940,3.8940,3.8940,1.5000,1.5000,1.5000,1.5000,1.5000
4.000000,3.1000,3.1000,3.1000,3.1000,3.1000,3.9000,3.9000,3.9000,3.9000,3.9000,1.5000,1.5000,1.5000,1.5000,1.5000
4.010000,3.0940,3.0940,3.0940,3.0940,3.0940,3.9060,3.9060,3.9060,3.9060,3.9060,1.5000,1.5000,1.5000,1.5000,1.5000
4.020000,3.0880,3.0880,3.0880,3.0880,3.0880,3.9120,3.9120,3.9120,3.9120,3.9120,1.5000,1.5000,1.5000,1.5000,1.5000
4.030000,3.0820,3.0820,3.0820,3.0820,3.0820,3.9180,3.9180,3.9180,3.9180,3.9180,1.5000,1.5000,1.5000,1.5000,1.5000
4.040000,3.0760,3.0760,3.0760,3.0760,3.0760,3.9240,3.9240,3.9240,3.9240,3.9240,1.5000,1.5000,1.5000,1.5000,1.5000
4.050000,3.0700,3.0700,3.0700,3.0700,3.0700,3.9300,3.9300,3.9300,3.9300,3.9300,1.5000,1.5000,1.5000,1.5000,1.5000
4.060000,3.0640,3.0640,3.0640,3.0640,3.0640,3.9360,3.9360,3.9360,3.9360,3.9360,1.5000,1.5000,1.5000,1.5000,1.5000
4.070000,3.0580,3.0580,3.0580,3.0580,3.0580,3.9420,3.9420,3.9420,3.9420,3.9420,1.5000,1.5000,1.5000,1.5000,1.5000
4.080000,3.0520,3.0520,3.0520,3.0520,3.0520,3.9480,3.9480,3.9480,3.9480,3.9480,1.5000,1.5000,1.5000,1.5000,1.5000
4.090000,3.0460,3.0460,3.0460,3.0460,3.0460,3.9540,3.9540,3.9540,3.9540,3.9540,1.5000,1.5000,1.5000,1.5000,1.5000
4.100000,3.0400,3.0400,3.0400,3.0400,3.0400,3.9600,3.9600,3.9600,3.9600,3.9600,1.5000,1.5000,1.5000,1.5000,1.5000
4.110000,3.0340,3.0340,3.0340,3.0340,3.0340,3.9660,3.9660,3.9660,3.9660,3.9660,1.5000,1.5000,1.5000,1.5000,1.5000
4.120000,3.0280,3.0280,3.0280,3.0280,3.0280,3.9720,3.9720,3.9720,3.9720,3.9720,1.5000,1.5000,1.5000,1.5000,1.5000
4.130000,3.0220,3.0220,3.0220,3.0220,3.0220,3.9780,3.9780,3.9780,3.9780,3.9780,1.5000,1.5000,1.5000,1.5000,1.5000
4.140000,3.0160,3.0160,3.0160,3.0160,3.0160,3.9840,3.9840,3.9840,3.9840,3.9840,1.5000,1.5000,1.5000,1.5000,1.5000
4.150000,3.0100,3.0100,3.0100,3.0100,3.0100,3.9900,3.9900,3.9900,3.9900,3.9900,1.5000,1.5000,1.5000,1.5000,1.5000
4.160000,3.0040,3.0040,3.0040,3.0040,3.0040,3.9960,3.9960,3.9960,3.9960,3.9960,1.5000,1.5000,1.5000,1.5000,1.5000
4.170000,2.9980,2.9980,2.9980,2.9980,2.9980,4.0020,4.0020,4.0020,4.0020,4.0020,1.5000,1.5000,1.5000,1.5000,1.5000
4.180000,2.9920,2.9920,2.9920,2.9920,2.9920,4.0080,4.0080,4.0080,4.0080,4.0080,1.5000,1.5000,1.5000,1.5000,1.5000
4.190000,2.9860,2.9860,2.9860,2.9860,2.9860,4.0140,4.0140,4.0140,4.0140,4.0140,1.5000,1.5000,1.5000,1.5000,1.5000
4.200000,2.9800,2.9800,2.9800,2.9800,2.9800,4.0200,4.0200,4.0200,4.0200,4.0200,1.5000,1.5000,1.5000,1.5000,1.5000
4.210000,2.9740,2.9740,2.9740,2.9740,2.9740,4.0260,4.0260,4.0260,4.0260,4.0260,1.5000,1.5000,1.5000,1.5000,1.5000
4.220000,2.9680,2.9680,2.9680,2.9680,2.9680,4.0320,4.0320,4.0320,4.0320,4.0320,1.5000,1.5000,1.5000,1.5000,1.5000
4.230000,2.9620,2.9620,2.9620,2.9620,2.9620,4.0380,4.0380,4.0380,4.0380,4.0380,1.5000,1.5000,1.5000,1.5000,1.5000
4.240000,2.9560,2.9560,2.9560,2.9560,2.9560,4.0440,4.0440,4.0440,4.0440,4.0440,1.5000,1.5000,1.5000,1.5000,1.5000
4.250000,2.9500,2.9500,2.9500,2.9500,2.9500,4.0500,4.0500,4.0500,4.0500,4.0500,1.5000,1.5000,1.5000,1.5000,1.5000
4.260000,2.9440,2.9440,2.9440,2.9440,2.9440,4.0560,4.0560,4.0560,4.0560,4.0560,1.5000,1.5000,1.5000,1.5000,1.5000
4.270000,2.9380,2.9380,2.9380,2.9380,2.9380,4.0620,4.0620,4.0620,4.0620,4.0620,1.5000,1.5000,1.5000,1.5000,1.5000
4.280000,2.9320,2.9320,2.9320,2.9320,2.9320,4.0680,4.0680,4.0680,4.0680,4.0680,1.5000,1.5000,1.5000,1.5000,1.5000
4.290000,2.9260,2.9260,2.9260,2.9260,2.9260,4.0740,4.0740,4.0740,4.0740,4.0740,1.5000,1.5000,1.5000,1.5000,1.5000
4.300000,2.9200,2.9200,2.9200,2.9200,2.9200,4.0800,4.0800,4.0800,4.0800,4.0800,1.5000,1.5000,1.5000,1.5000,1.5000
4.310000,2.9140,2.9140,2.9140,2.9140,2.9140,4.0860,4.0860,4.0860,4.0860,4.0860,1.5000,1.5000,1.5000,1.5000,1.5000
4.320000,2.9080,2.9080,2.9080,2.9080,2.9080,4.0920,4.0920,4.0920,4.0920,4.0920,1.5000,1.5000,1.5000,1.5000,1.5000
4.330000,2.9020,2.9020,2.9020,2.9020,2.9020,4.0980,4.0980,4.0980,4.0980,4.0980,1.5000,1.5000,1.5000,1.5000,1.5000
4.340000,2.8960,2.8960,2.8960,2.8960,2.8960,4.1040,4.1040,4.1040,4.1040,4.1040,1.5000,1.5000,1.5000,1.5000,1.5000
4.350000,2.8900,2.8900,2.8900,2.8900,2.8900,4.1100,4.1100,4.1100,4.1100,4.1100,1.5000,1.5000,1.5000,1.5000,1.5000
4.360000,2.8840,2.8840,2.8840,2.8840,2.8840,4.1160,4.1160,4.1160,4.1160,4.1160,1.5000,1.5000,1.5000,1.5000,1.5000
4.370000,2.8780,2.8780,2.8780,2.8780,2.8780,4.1220,4.1220,4.1220,4.1220,4.1220,1.5000,1.5000,1.5000,1.5000,1.5000
4.380000,2.8720,2.8720,2.8720,2.8720,2.8720,4.1280,4.1280,4.1280,4.1280,4.1280,1.5000,1.5000,1.5000,1.5000,1.5000
4.390000,2.8660,2.8660,2.8660,2.8660,2.8660,4.1340,4.1340,4.1340,4.1340,4.1340,1.5000,1.5000,1.5000,1.5000,1.5000
4.400000,2.8600,2.8600,2.8600,2.8600,2.8600,4.1400,4.1400,4.1400,4.1400,4.1400,1.5000,1.5000,1.5000,1.5000,1.5000
4.410000,2.8540,2.8540,2.8540,2.8540,2.8540,4.1460,4.1460,4.1460,4.1460,4.1460,1.5000,1.5000,1.5000,1.5000,1.5000
4.420000,2.8480,2.8480,2.8480,2.8480,2.8480,4.1520,4.1520,4.1520,4.1520,4.1520,1.5000,1.5000,1.5000,1.5000,1.5000
4.430000,2.8420,2.8420,2.8420,2.8420,2.8420,4.1580,4.1580,4.1580,4.1580,4.1580,1.5000,1.5000,1.5000,1.5000,1.5000
4.440000,2.8360,2.8360,2.8360,2.8360,2.8360,4.1640,4.1640,4.1640,4.1640,4.1640,1.5000,1.5000,1.5000,1.5000,1.5000
4.450000,2.8300,2.8300,2.8300,2.8300,2.8300,4.1700,4.1700,4.1700,4.1700,4.1700,1.5000,1.5000,1.5000,1.5000,1.5000
4.460000,2.8240,2.8240,2.8240,2.8240,2.8240,4.1760,4.1760,4.1760,4.1760,4.1760,1.5000,1.5000,1.5000,1.5000,1.5000
4.470000,2.8180,2.8180,2.8180,2.8180,2.8180,4.1820,4.1820,4.1820,4.1820,4.1820,1.5000,1.5000,1.5000,1.5000,1.5000
4.480000,2.8120,2.8120,2.8120,2.8120,2.8120,4.1880,4.1880,4.1880,4.1880,4.1880,1.5000,1.5000,1.5000,1.5000,1.5000
4.490000,2.8060,2.8060,2.8060,2.8060,2.8060,4.1940,4.1940,4.1940,4.1940,4.1940,1.5000,1.5000,1.5000,1.5000,1.5000
4.500000,2.8000,2.8000,2.8000,2.8000,2.8000,4.2000,4.2000,4.2000,4.2000,4.2000,1.5000,1.5000,1.5000,1.5000,1.5000
4.510000,2.7940,2.7940,2.7940,2.7940,2.7940,4.2060,4.2060,4.2060,4.2060,4.2060,1.5000,1.5000,1.5000,1.5000,1.5000
4.520000,2.7880,2.7880,2.7880,2.7880,2.7880,4.2120,4.2120,4.2120,4.2120,4.2120,1.5000,1.5000,1.5000,1.5000,1.5000
4.530000,2.7820,2.7820,2.7820,2.7820,2.7820,4.2180,4.2180,4.2180,4.2180,4.2180,1.5000,1.5000,1.5000,1.5000,1.5000
4.540000,2.7760,2.7760,2.7760,2.7760,2.7760,4.2240,4.2240,4.2240,4.2240,4.2240,1.5000,1.5000,1.5000,1.5000,1.5000
4.550000,2.7700,2.7700,2.7700,2.7700,2.7700,4.2300,4.2300,4.2300,4.2300,4.2300,1.5000,1.5000,1.5000,1.5000,1.5000
4.560000,2.7640,2.7640,2.7640,2.7640,2.7640,4.2360,4.2360,4.2360,4.2360,4.2360,1.5000,1.5000,1.5000,1.5000,1.5000
4.570000,2.7580,2.7580,2.7580,2.7580,2.7580,4.2420,4.2420,4.2420,4.2420,4.2420,1.5000,1.5000,1.5000,1.5000,1.5000
4.580000,2.7520,2.7520,2.7520,2.7520,2.7520,4.2480,4.2480,4.2480,4.2480,4.2480,1.5000,1.5000,1.5000,1.5000,1.5000
4.590000,2.7460,2.7460,2.7460,2.7460,2.7460,4.2540,4.2540,4.2540,4.2540,4.2540,1.5000,1.5000,1.5000,1.5000,1.5000
4.600000,2.7400,2.7400,2.7400,2.7400,2.7400,4.2600,4.2600,4.2600,4.2600,4.2600,1.5000,1.5000,1.5000,1.5000,1.5000
4.610000,2.7340,2.7340,2.7340,2.7340,2.7340,4.2660,4.2660,4.2660,4.2660,4.2660,1.5000,1.5000,1.5000,1.5000,1.5000
4.620000,2.7280,2.7280,2.7280,2.7280,2.7280,4.2720,4.2720,4.2720,4.2720,4.2720,1.5000,1.5000,1.5000,1.5000,1.5000
4.630000,2.7220,2.7220,2.7220,2.7220,2.7220,4.2780,4.2780,4.2780,4.2780,4.2780,1.5000,1.5000,1.5000,1.5000,1.5000
4.640000,2.7160,2.7160,2.7160,2.7160,2.7160,4.2840,4.2840,4.2840,4.2840,4.2840,1.5000,1.5000,1.5000,1.5000,1.5000
4.650000,2.7100,2.7100,2.7100,2.7100,2.7100,4.2900,4.2900,4.2900,4.2900,4.2900,1.5000,1.5000,1.5000,1.5000,1.5000
4.660000,2.7040,2.7040,2.7040,2.7040,2.7040,4.2960,4.2960,4.2960,4.2960,4.2960,1.5000,1.5000,1.5000,1.5000,1.5000
4.670000,2.6980,2.6980,2.6980,2.6980,2.6980,4.3020,4.3020,4.3020,4.3020,4.3020,1.5000,1.5000,1.5000,1.5000,1.5000
4.680000,2.6920,2.6920,2.6920,2.6920,2.6920,4.3080,4.3080,4.3080,4.3080,4.3080,1.5000,1.5000,1.5000,1.5000,1.5000
4.690000,2.6860,2.6860,2.6860,2.6860,2.6860,4.3140,4.3140,4.3140,4.3140,4.3140,1.5000,1.5000,1.5000,1.5000,1.5000
4.700000,2.6800,2.6800,2.6800,2.6800,2.6800,4.3200,4.3200,4.3200,4.3200,4.3200,1.5000,1.5000,1.5000,1.5000,1.5000
4.710000,2.6740,2.6740,2.6740,2.6740,2.6740,4.3260,4.3260,4.3260,4.3260,4.3260,1.5000,1.5000,1.5000,1.5000,1.5000
4.720000,2.6680,2.6680,2.6680,2.6680,2.6680,4.3320,4.3320,4.3320,4.3320,4.3320,1.5000,1.5000,1.5000,1.5000,1.5000
4.730000,2.6620,2.6620,2.6620,2.6620,2.6620,4.3380,4.3380,4.3380,4.3380,4.3380,1.5000,1.5000,1.5000,1.5000,1.5000
4.740000,2.6560,2.6560,2.6560,2.6560,2.6560,4.3440,4.3440,4.3440,4.3440,4.3440,1.5000,1.5000,1.5000,1.5000,1.5000
4.750000,2.6500,2.6500,2.6500,2.6500,2.6500,4.3500,4.3500,4.3500,4.3500,4.3500,1.5000,1.5000,1.5000,1.5000,1.5000
4.760000,2.6440,2.6440,2.6440,2.6440,2.6440,4.3560,4.3560,4.3560,4.3560,4.3560,1.5000,1.5000,1.5000,1.5000,1.5000
4.770000,2.6380,2.6380,2.6380,2.6380,2.6380,4.3620,4.3620,4.3620,4.3620,4.3620,1.5000,1.5000,1.5000,1.5000,1.5000
4.780000,2.6320,2.6320,2.6320,2.6320,2.6320,4.3680,4.3680,4.3680,4.3680,4.3680,1.5000,1.5000,1.5000,1.5000,1.5000
4.790000,2.6260,2.6260,2.6260,2.6260,2.6260,4.3740,4.3740,4.3740,4.3740,4.3740,1.5000,1.5000,1.5000,1.5000,1.5000
4.800000,2.6200,2.6200,2.6200,2.6200,2.6200,4.3800,4.3800,4.3800,4.3800,4.3800,1.5000,1.5000,1.5000,1.5000,1.5000
4.810000,2.6140,2.6140,2.6140,2.6140,2.6140,4.3860,4.3860,4.3860,4.3860,4.3860,1.5000,1.5000,1.5000,1.5000,1.5000
4.820000,2.6080,2.6080,2.6080,2.6080,2.6080,4.3920,4.3920,4.3920,4.3920,4.3920,1.5000,1.5000,1.5000,1.5000,1.5000
4.830000,2.6020,2.6020,2.6020,2.6020,2.6020,4.3980,4.3980,4.3980,4.3980,4.3980,1.5000,1.5000,1.5000,1.5000,1.5000
4.840000,2.5960,2.5960,2.5960,2.5960,2.5960,4.4040,4.4040,4.4040,4.4040,4.4040,1.5000,1.5000,1.5000,1.5000,1.5000
4.850000,2.5900,2.5900,2.5900,2.5900,2.5900,4.4100,4.4100,4.4100,4.4100,4.4100,1.5000,1.5000,1.5000,1.5000,1.5000
4.860000,2.5840,2.5840,2.5840,2.5840,2.5840,4.4160,4.4160,4.4160,4.4160,4.4160,1.5000,1.5000,1.5000,1.5000,1.5000
4.870000,2.5780,2.5780,2.5780,2.5780,2.5780,4.4220,4.4220,4.4220,4.4220,4.4220,1.5000,1.5000,1.5000,1.5000,1.5000
4.880000,2.5720,2.5720,2.5720,2.5720,2.5720,4.4280,4.4280,4.4280,4.4280,4.4280,1.5000,1.5000,1.5000,1.5000,1.5000
4.890000,2.5660,2.5660,2.5660,2.5660,2.5660,4.4340,4.4340,4.4340,4.4340,4.4340,1.5000,1.5000,1.5000,1.5000,1.5000
4.900000,2.5600,2.5600,2.5600,2.5600,2.5600,4.4400,4.4400,4.4400,4.4400,4.4400,1.5000,1.5000,1.5000,1.5000,1.5000
4.910000,2.5540,2.5540,2.5540,2.5540,2.5540,4.4460,4.4460,4.4460,4.4460,4.4460,1.5000,1.5000,1.5000,1.5000,1.5000
4.920000,2.5480,2.5480,2.5480,2.5480,2.5480,4.4520,4.4520,4.4520,4.4520,4.4520,1.5000,1.5000,1.5000,1.5000,1.5000
4.930000,2.5420,2.5420,2.5420,2.5420,2.5420,4.4580,4.4580,4.4580,4.4580,4.4580,1.5000,1.5000,1.5000,1.5000,1.5000
4.940000,2.5360,2.5360,2.5360,2.5360,2.5360,4.4640,4.4640,4.4640,4.4640,4.4640,1.5000,1.5000,1.5000,1.5000,1.5000
4.950000,2.5300,2.5300,2.5300,2.5300,2.5300,4.4700,4.4700,4.4700,4.4700,4.4700,1.5000,1.5000,1.5000,1.5000,1.5000
4.960000,2.5240,2.5240,2.5240,2.5240,2.5240,4.4760,4.4760,4.4760,4.4760,4.4760,1.5000,1.5000,1.5000,1.5000,1.5000
4.970000,2.5180,2.5180,2.5180,2.5180,2.5180,4.4820,4.4820,4.4820,4.4820,4.4820,1.5000,1.5000,1.5000,1.5000,1.5000
4.980000,2.5120,2.5120,2.5120,2.5120,2.5120,4.4880,4.4880,4.4880,4.4880,4.4880,1.5000,1.5000,1.5000,1.5000,1.5000
4.990000,2.5060,2.5060,2.5060,2.5060,2.5060,4.4940,4.4940,4.4940,4.4940,4.4940,1.5000,1.5000,1.5000,1.5000,1.5000
5.000000,2.5000,2.5000,2.5000,2.5000,2.5000,4.5000,4.5000,4.5000,4.5000,4.5000,1.5000,1.5000,1.5000,1.5000,1.5000
5.010000,2.4940,2.4940,2.4940,2.4940,2.4940,4.5060,4.5060,4.5060,4.5060,4.5060,1.5000,1.5000,1.5000,1.5000,1.5000
5.020000,2.4880,2.4880,2.4880,2.4880,2.4880,4.5120,4.5120,4.5120,4.5120,4.5120,1.5000,1.5000,1.5000,1.5000,1.5000
5.030000,2.4820,2.4820,2.4820,2.4820,2.4820,4.5180,4.5180,4.5180,4.5180,4.5180,1.5000,1.5000,1.5000,1.5000,1.5000
5.040000,2.4760,2.4760,2.4760,2.4760,2.4760,4.5240,4.5240,4.5240,4.5240,4.5240,1.5000,1.5000,1.5000,1.5000,1.5000
5.050000,2.4700,2.4700,2.4700,2.4700,2.4700,4.5300,4.5300,4.5300,4.5300,4.5300,1.5000,1.5000,1.5000,1.5000,1.5000
5.060000,2.4640,2.4640,2.4640,2.4640,2.4640,4.5360,4.5360,4.5360,4.5360,4.5360,1.5000,1.5000,1.5000,1.5000,1.5000
5.070000,2.4580,2.4580,2.4580,2.4580,2.4580,4.5420,4.5420,4.5420,4.5420,4.5420,1.5000,1.5000,1.5000,1.5000,1.5000
5.080000,2.4520,2.4520,2.4520,2.4520,2.4520,4.5480,4.5480,4.5480,4.5480,4.5480,1.5000,1.5000,1.5000,1.5000,1.5000
5.090000,2.4460,2.4460,2.4460,2.4460,2.4460,4.5540,4.5540,4.5540,4.5540,4.5540,1.5000,1.5000,1.5000,1.5000,1.5000
5.100000,2.4400,2.4400,2.4400,2.4400,2.4400,4.5600,4.5600,4.5600,4.5600,4.5600,1.5000,1.5000,1.5000,1.5000,1.5000
5.110000,2.4340,2.4340,2.4340,2.4340,2.4340,4.5660,4.5660,4.5660,4.5660,4.5660,1.5000,1.5000,1.5000,1.5000,1.5000
5.120000,2.4280,2.4280,2.4280,2.4280,2.4280,4.5720,4.5720,4.5720,4.5720,4.5720,1.5000,1.5000,1.5000,1.5000,1.5000
5.130000,2.4220,2.4220,2.4220,2.4220,2.4220,4.5780,4.5780,4.5780,4.5780,4.5780,1.5000,1.5000,1.5000,1.5000,1.5000
5.140000,2.4160,2.4160,2.4160,2.4160,2.4160,4.5840,4.5840,4.5840,4.5840,4.5840,1.5000,1.5000,1.5000,1.5000,1.5000
5.150000,2.4100,2.4100,2.4100,2.4100,2.4100,4.5900,4.5900,4.5900,4.5900,4.5900,1.5000,1.5000,1.5000,1.5000,1.5000
5.160000,2.4040,2.4040,2.4040,2.4040,2.4040,4.5960,4.5960,4.5960,4.5960,4.5960,1.5000,1.5000,1.5000,1.5000,1.5000
5.170000,2.3980,2.3980,2.3980,2.3980,2.3980,4.6020,4.6020,4.6020,4.6020,4.6020,1.5000,1.5000,1.5000,1.5000,1.5000
5.180000,2.3920,2.3920,2.3920,2.3920,2.3920,4.6080,4.6080,4.6080,4.6080,4.6080,1.5000,1.5000,1.5000,1.5000,1.5000
5.190000,2.3860,2.3860,2.3860,2.3860,2.3860,4.6140,4.6140,4.6140,4.6140,4.6140,1.5000,1.5000,1.5000,1.5000,1.5000
5.200000,2.3800,2.3800,2.3800,2.3800,2.3800,4.6200,4.6200,4.6200,4.6200,4.6200,1.5000,1.5000,1.5000,1.5000,1.5000
5.210000,2.3740,2.3740,2.3740,2.3740,2.3740,4.6260,4.6260,4.6260,4.6260,4.6260,1.5000,1.5000,1.5000,1.5000,1.5000
5.220000,2.3680,2.3680,2.3680,2.3680,2.3680,4.6320,4.6320,4.6320,4.6320,4.6320,1.5000,1.5000,1.5000,1.5000,1.5000
5.230000,2.3620,2.3620,2.3620,2.3620,2.3620,4.6380,4.6380,4.6380,4.6380,4.6380,1.5000,1.5000,1.5000,1.5000,1.5000
5.240000,2.3560,2.3560,2.3560,2.3560,2.3560,4.6440,4.6440,4.6440,4.6440,4.6440,1.5000,1.5000,1.5000,1.5000,1.5000
5.250000,2.3500,2.3500,2.3500,2.3500,2.3500,4.6500,4.6500,4.6500,4.6500,4.6500,1.5000,1.5000,1.5000,1.5000,1.5000
5.260000,2.3440,2.3440,2.3440,2.3440,2.3440,4.6560,4.6560,4.6560,4.6560,4.6560,1.5000,1.5000,1.5000,1.5000,1.5000
5.270000,2.3380,2.3380,2.3380,2.3380,2.3380,4.6620,4.6620,4.6620,4.6620,4.6620,1.5000,1.5000,1.5000,1.5000,1.5000
5.280000,2.3320,2.3320,2.3320,2.3320,2.3320,4.6680,4.6680,4.6680,4.6680,4.6680,1.5000,1.5000,1.5000,1.5000,1.5000
5.290000,2.3260,2.3260,2.3260,2.3260,2.3260,4.6740,4.6740,4.6740,4.6740,4.6740,1.5000,1.5000,1.5000,1.5000,1.5000
5.300000,2.3200,2.3200,2.3200,2.3200,2.3200,4.6800,4.6800,4.6800,4.6800,4.6800,1.5000,1.5000,1.5000,1.5000,1.5000
5.310000,2.3140,2.3140,2.3140,2.3140,2.3140,4.6860,4.6860,4.6860,4.6860,4.6860,1.5000,1.5000,1.5000,1.5000,1.5000
5.320000,2.3080,2.3080,2.3080,2.3080,2.3080,4.6920,4.6920,4.6920,4.6920,4.6920,1.5000,1.5000,1.5000,1.5000,1.5000
5.330000,2.3020,2.3020,2.3020,2.3020,2.3020,4.6980,4.6980,4.6980,4.6980,4.6980,1.5000,1.5000,1.5000,1.5000,1.5000
5.340000,2.2960,2.2960,2.2960,2.2960,2.2960,4.7040,4.7040,4.7040,4.7040,4.7040,1.5000,1.5000,1.5000,1.5000,1.5000
5.350000,2.2900,2.2900,2.2900,2.2900,2.2900,4.7100,4.7100,4.7100,4.7100,4.7100,1.5000,1.5000,1.5000,1.5000,1.5000
5.360000,2.2840,2.2840,2.2840,2.2840,2.2840,4.7160,4.7160,4.7160,4.7160,4.7160,1.5000,1.5000,1.5000,1.5000,1.5000
5.370000,2.2780,2.2780,2.2780,2.2780,2.2780,4.7220,4.7220,4.7220,4.7220,4.7220,1.5000,1.5000,1.5000,1.5000,1.5000
5.380000,2.2720,2.2720,2.2720,2.2720,2.2720,4.7280,4.7280,4.7280,4.7280,4.7280,1.5000,1.5000,1.5000,1.5000,1.5000
5.390000,2.2660,2.2660,2.2660,2.2660,2.2660,4.7340,4.7340,4.7340,4.7340,4.7340,1.5000,1.5000,1.5000,1.5000,1.5000
5.400000,2.2600,2.2600,2.2600,2.2600,2.2600,4.7400,4.7400,4.7400,4.7400,4.7400,1.5000,1.5000,1.5000,1.5000,1.5000
5.410000,2.2540,2.2540,2.2540,2.2540,2.2540,4.7460,4.7460,4.7460,4.7460,4.7460,1.5000,1.5000,1.5000,1.5000,1.5000
5.420000,2.2480,2.2480,2.2480,2.2480,2.2480,4.7520,4.7520,4.7520,4.7520,4.7520,1.5000,1.5000,1.5000,1.5000,1.5000
5.430000,2.2420,2.2420,2.2420,2.2420,2.2420,4.7580,4.7580,4.7580,4.7580,4.7580,1.5000,1.5000,1.5000,1.5000,1.5000
5.440000,2.2360,2.2360,2.2360,2.2360,2.2360,4.7640,4.7640,4.7640,4.7640,4.7640,1.5000,1.5000,1.5000,1.5000,1.5000
5.450000,2.2300,2.2300,2.2300,2.2300,2.2300,4.7700,4.7700,4.7700,4.7700,4.7700,1.5000,1.5000,1.5000,1.5000,1.5000
5.460000,2.2240,2.2240,2.2240,2.2240,2.2240,4.7760,4.7760,4.7760,4.7760,4.7760,1.5000,1.5000,1.5000,1.5000,1.5000
5.470000,2.2180,2.2180,2.2180,2.2180,2.2180,4.7820,4.7820,4.7820,4.7820,4.7820,1.5000,1.5000,1.5000,1.5000,1.5000
5.480000,2.2120,2.2120,2.2120,2.2120,2.2120,4.7880,4.7880,4.7880,4.7880,4.7880,1.5000,1.5000,1.5000,1.5000,1.5000
5.490000,2.2060,2.2060,2.2060,2.2060,2.2060,4.7940,4.7940,4.7940,4.7940,4.7940,1.5000,1.5000,1.5000,1.5000,1.5000
5.500000,2.2000,2.2000,2.2000,2.2000,2.2000,4.8000,4.8000,4.8000,4.8000,4.8000,1.5000,1.5000,1.5000,1.5000,1.5000
5.510000,2.1940,2.1940,2.1940,2.1940,2.1940,4.8060,4.8060,4.8060,4.8060,4.8060,1.5000,1.5000,1.5000,1.5000,1.5000
5.520000,2.1880,2.1880,2.1880,2.1880,2.1880,4.8120,4.8120,4.8120,4.8120,4.8120,1.5000,1.5000,1.5000,1.5000,1.5000
5.530000,2.1820,2.1820,2.1820,2.1820,2.1820,4.8180,4.8180,4.8180,4.8180,4.8180,1.5000,1.5000,1.5000,1.5000,1.5000
5.540000,2.1760,2.1760,2.1760,2.1760,2.1760,4.8240,4.8240,4.8240,4.8240,4.8240,1.5000,1.5000,1.5000,1.5000,1.5000
5.550000,2.1700,2.1700,2.1700,2.1700,2.1700,4.8300,4.8300,4.8300,4.8300,4.8300,1.5000,1.5000,1.5000,1.5000,1.5000
5.560000,2.1640,2.1640,2.1640,2.1640,2.1640,4.8360,4.8360,4.8360,4.8360,4.8360,1.5000,1.5000,1.5000,1.5000,1.5000
5.570000,2.1580,2.1580,2.1580,2.1580,2.1580,4.8420,4.8420,4.8420,4.8420,4.8420,1.5000,1.5000,1.5000,1.5000,1.5000
5.580000,2.1520,2.1520,2.1520,2.1520,2.1520,4.8480,4.8480,4.8480,4.8480,4.8480,1.5000,1.5000,1.5000,1.5000,1.5000
5.590000,2.1460,2.1460,2.1460,2.1460,2.1460,4.8540,4.8540,4.8540,4.8540,4.8540,1.5000,1.5000,1.5000,1.5000,1.5000
5.600000,2.1400,2.1400,2.1400,2.1400,2.1400,4.8600,4.8600,4.8600,4.8600,4.8600,1.5000,1.5000,1.5000,1.5000,1.5000
5.610000,2.1340,2.1340,2.1340,2.1340,2.1340,4.8660,4.8660,4.8660,4.8660,4.8660,1.5000,1.5000,1.5000,1.5000,1.5000
5.620000,2.1280,2.1280,2.1280,2.1280,2.1280,4.8720,4.8720,4.8720,4.8720,4.8720,1.5000,1.5000,1.5000,1.5000,1.5000
5.630000,2.1220,2.1220,2.1220,2.1220,2.1220,4.8780,4.8780,4.8780,4.8780,4.8780,1.5000,1.5000,1.5000,1.5000,1.5000
5.640000,2.1160,2.1160,2.1160,2.1160,2.1160,4.8840,4.8840,4.8840,4.8840,4.8840,1.5000,1.5000,1.5000,1.5000,1.5000
5.650000,2.1100,2.1100,2.1100,2.1100,2.1100,4.8900,4.8900,4.8900,4.8900,4.8900,1.5000,1.5000,1.5000,1.5000,1.5000
5.660000,2.1040,2.1040,2.1040,2.1040,2.1040,4.8960,4.8960,4.8960,4.8960,4.8960,1.5000,1.5000,1.5000,1.5000,1.5000
5.670000,2.0980,2.0980,2.0980,2.0980,2.0980,4.9020,4.9020,4.9020,4.9020,4.9020,1.5000,1.5000,1.5000,1.5000,1.5000
5.680000,2.0920,2.0920,2.0920,2.0920,2.0920,4.9080,4.9080,4.9080,4.9080,4.9080,1.5000,1.5000,1.5000,1.5000,1.5000
5.690000,2.0860,2.0860,2.0860,2.0860,2.0860,4.9140,4.9140,4.9140,4.9140,4.9140,1.5000,1.5000,1.5000,1.5000,1.5000
5.700000,2.0800,2.0800,2.0800,2.0800,2.0800,4.9200,4.9200,4.9200,4.9200,4.9200,1.5000,1.5000,1.5000,1.5000,1.5000
5.710000,2.0740,2.0740,2.0740,2.0740,2.0740,4.9260,4.9260,4.9260,4.9260,4.9260,1.5000,1.5000,1.5000,1.5000,1.5000
5.720000,2.0680,2.0680,2.0680,2.0680,2.0680,4.9320,4.9320,4.9320,4.9320,4.9320,1.5000,1.5000,1.5000,1.5000,1.5000
5.730000,2.0620,2.0620,2.0620,2.0620,2.0620,4.9380,4.9380,4.9380,4.9380,4.9380,1.5000,1.5000,1.5000,1.5000,1.5000
5.740000,2.0560,2.0560,2.0560,2.0560,2.0560,4.9440,4.9440,4.9440,4.9440,4.9440,1.5000,1.5000,1.5000,1.5000,1.5000
5.750000,2.0500,2.0500,2.0500,2.0500,2.0500,4.9500,4.9500,4.9500,4.9500,4.9500,1.5000,1.5000,1.5000,1.5000,1.5000
5.760000,2.0440,2.0440,2.0440,2.0440,2.0440,4.9560,4.9560,4.9560,4.9560,4.9560,1.5000,1.5000,1.5000,1.5000,1.5000
5.770000,2.0380,2.0380,2.0380,2.0380,2.0380,4.9620,4.9620,4.9620,4.9620,4.9620,1.5000,1.5000,1.5000,1.5000,1.5000
5.780000,2.0320,2.0320,2.0320,2.0320,2.0320,4.9680,4.9680,4.9680,4.9680,4.9680,1.5000,1.5000,1.5000,1.5000,1.5000
5.790000,2.0260,2.0260,2.0260,2.0260,2.0260,4.9740,4.9740,4.9740,4.9740,4.9740,1.5000,1.5000,1.5000,1.5000,1.5000
5.800000,2.0200,2.0200,2.0200,2.0200,2.0200,4.9800,4.9800,4.9800,4.9800,4.9800,1.5000,1.5000,1.5000,1.5000,1.5000
5.810000,2.0140,2.0140,2.0140,2.0140,2.0140,4.9860,4.9860,4.9860,4.9860,4.9860,1.5000,1.5000,1.5000,1.5000,1.5000
5.820000,2.0080,2.0080,2.0080,2.0080,2.0080,4.9920,4.9920,4.9920,4.9920,4.9920,1.5000,1.5000,1.5000,1.5000,1.5000
5.830000,2.0020,2.0020,2.0020,2.0020,2.0020,4.9980,4.9980,4.9980,4.9980,4.9980,1.5000,1.5000,1.5000,1.5000,1.5000
5.840000,1.9960,1.9960,1.9960,1.9960,1.9960,5.0040,5.0040,5.0040,5.0040,5.0040,1.5000,1.5000,1.5000,1.5000,1.5000
5.850000,1.9900,1.9900,1.9900,1.9900,1.9900,5.0100,5.0100,5.0100,5.0100,5.0100,1.5000,1.5000,1.5000,1.5000,1.5000
5.860000,1.9840,1.9840,1.9840,1.9840,1.9840,5.0160,5.0160,5.0160,5.0160,5.0160,1.5000,1.5000,1.5000,1.5000,1.5000
5.870000,1.9780,1.9780,1.9780,1.9780,1.9780,5.0220,5.0220,5.0220,5.0220,5.0220,1.5000,1.5000,1.5000,1.5000,1.5000
5.880000,1.9720,1.9720,1.9720,1.9720,1.9720,5.0280,5.0280,5.0280,5.0280,5.0280,1.5000,1.5000,1.5000,1.5000,1.5000
5.890000,1.9660,1.9660,1.9660,1.9660,1.9660,5.0340,5.0340,5.0340,5.0340,5.0340,1.5000,1.5000,1.5000,1.5000,1.5000
5.900000,1.9600,1.9600,1.9600,1.9600,1.9600,5.0400,5.0400,5.0400,5.0400,5.0400,1.5000,1.5000,1.5000,1.5000,1.5000
5.910000,1.9540,1.9540,1.9540,1.9540,1.9540,5.0460,5.0460,5.0460,5.0460,5.0460,1.5000,1.5000,1.5000,1.5000,1.5000
5.920000,1.9480,1.9480,1.9480,1.9480,1.9480,5.0520,5.0520,5.0520,5.0520,5.0520,1.5000,1.5000,1.5000,1.5000,1.5000
5.930000,1.9420,1.9420,1.9420,1.9420,1.9420,5.0580,5.0580,5.0580,5.0580,5.0580,1.5000,1.5000,1.5000,1.5000,1.5000
5.940000,1.9360,1.9360,1.9360,1.9360,1.9360,5.0640,5.0640,5.0640,5.0640,5.0640,1.5000,1.5000,1.5000,1.5000,1.5000
5.950000,1.9300,1.9300,1.9300,1.9300,1.9300,5.0700,5.0700,5.0700,5.0700,5.0700,1.5000,1.5000,1.5000,1.5000,1.5000
5.960000,1.9240,1.9240,1.9240,1.9240,1.9240,5.0760,5.0760,5.0760,5.0760,5.0760,1.5000,1.5000,1.5000,1.5000,1.5000
5.970000,1.9180,1.9180,1.9180,1.9180,1.9180,5.0820,5.0820,5.0820,5.0820,5.0820,1.5000,1.5000,1.5000,1.5000,1.5000
5.980000,1.9120,1.9120,1.9120,1.9120,1.9120,5.0880,5.0880,5.0880,5.0880,5.0880,1.5000,1.5000,1.5000,1.5000,1.5000
5.990000,1.9060,1.9060,1.9060,1.9060,1.9060,5.0940,5.0940,5.0940,5.0940,5.0940,1.5000,1.5000,1.5000,1.5000,1.5000
6.000000,1.9000,1.9000,1.9000,1.9000,1.9000,5.1000,5.1000,5.1000,5.1000,5.1000,1.5000,1.5000,1.5000,1.5000,1.5000
6.010000,1.8940,1.8940,1.8940,1.8940,1.8940,5.1060,5.1060,5.1060,5.1060,5.1060,1.5000,1.5000,1.5000,1.5000,1.5000
6.020000,1.8880,1.8880,1.8880,1.8880,1.8880,5.1120,5.1120,5.1120,5.1120,5.1120,1.5000,1.5000,1.5000,1.5000,1.5000
6.030000,1.8820,1.8820,1.8820,1.8820,1.8820,5.1180,5.1180,5.1180,5.1180,5.1180,1.5000,1.5000,1.5000,1.5000,1.5000
6.040000,1.8760,1.8760,1.8760,1.8760,1.8760,5.1240,5.1240,5.1240,5.1240,5.1240,1.5000,1.5000,1.5000,1.5000,1.5000
6.050000,1.8700,1.8700,1.8700,1.8700,1.8700,5.1300,5.1300,5.1300,5.1300,5.1300,1.5000,1.5000,1.5000,1.5000,1.5000
6.060000,1.8640,1.8640,1.8640,1.8640,1.8640,5.1360,5.1360,5.1360,5.1360,5.1360,1.5000,1.5000,1.5000,1.5000,1.5000
6.070000,1.8580,1.8580,1.8580,1.8580,1.8580,5.1420,5.1420,5.1420,5.1420,5.1420,1.5000,1.5000,1.5000,1.5000,1.5000
6.080000,1.8520,1.8520,1.8520,1.8520,1.8520,5.1480,5.1480,5.1480,5.1480,5.1480,1.5000,1.5000,1.5000,1.5000,1.5000
6.090000,1.8460,1.8460,1.8460,1.8460,1.8460,5.1540,5.1540,5.1540,5.1540,5.1540,1.5000,1.5000,1.5000,1.5000,1.5000
6.100000,1.8400,1.8400,1.8400,1.8400,1.8400,5.1600,5.1600,5.1600,5.1600,5.1600,1.5000,1.5000,1.5000,1.5000,1.5000
6.110000,1.8340,1.8340,1.8340,1.8340,1.8340,5.1660,5.1660,5.1660,5.1660,5.1660,1.5000,1.5000,1.5000,1.5000,1.5000
6.120000,1.8280,1.8280,1.8280,1.8280,1.8280,5.1720,5.1720,5.1720,5.1720,5.1720,1.5000,1.5000,1.5000,1.5000,1.5000
6.130000,1.8220,1.8220,1.8220,1.8220,1.8220,5.1780,5.1780,5.1780,5.1780,5.1780,1.5000,1.5000,1.5000,1.5000,1.5000
6.140000,1.8160,1.8160,1.8160,1.8160,1.8160,5.1840,5.1840,5.1840,5.1840,5.1840,1.5000,1.5000,1.5000,1.5000,1.5000
6.150000,1.8100,1.8100,1.8100,1.8100,1.8100,5.1900,5.1900,5.1900,5.1900,5.1900,1.5000,1.5000,1.5000,1.5000,1.5000
6.160000,1.8040,1.8040,1.8040,1.8040,1.8040,5.1960,5.1960,5.1960,5.1960,5.1960,1.5000,1.5000,1.5000,1.5000,1.5000
6.170000,1.7980,1.7980,1.7980,1.7980,1.7980,5.2020,5.2020,5.2020,5.2020,5.2020,1.5000,1.5000,1.5000,1.5000,1.5000
6.180000,1.7920,1.7920,1.7920,1.7920,1.7920,5.2080,5.2080,5.2080,5.2080,5.2080,1.5000,1.5000,1.5000,1.5000,1.5000
6.190000,1.7860,1.7860,1.7860,1.7860,1.7860,5.2140,5.2140,5.2140,5.2140,5.2140,1.5000,1.5000,1.5000,1.5000,1.5000
6.200000,1.7800,1.7800,1.7800,1.7800,1.7800,5.2200,5.2200,5.2200,5.2200,5.2200,1.5000,1.5000,1.5000,1.5000,1.5000
6.210000,1.7740,1.7740,1.7740,1.7740,1.7740,5.2260,5.2260,5.2260,5.2260,5.2260,1.5000,1.5000,1.5000,1.5000,1.5000
6.220000,1.7680,1.7680,1.7680,1.7680,1.7680,5.2320,5.2320,5.2320,5.2320,5.2320,1.5000,1.5000,1.5000,1.5000,1.5000
6.230000,1.7620,1.7620,1.7620,1.7620,1.7620,5.2380,5.2380,5.2380,5.2380,5.2380,1.5000,1.5000,1.5000,1.5000,1.5000
6.240000,1.7560,1.7560,1.7560,1.7560,1.7560,5.2440,5.2440,5.2440,5.2440,5.2440,1.5000,1.5000,1.5000,1.5000,1.5000
6.250000,1.7500,1.7500,1.7500,1.7500,1.7500,5.2500,5.2500,5.2500,5.2500,5.2500,1.5000,1.5000,1.5000,1.5000,1.5000
6.260000,1.7440,1.7440,1.7440,1.7440,1.7440,5.2560,5.2560,5.2560,5.2560,5.2560,1.5000,1.5000,1.5000,1.5000,1.5000
6.270000,1.7380,1.7380,1.7380,1.7380,1.7380,5.2620,5.2620,5.2620,5.2620,5.2620,1.5000,1.5000,1.5000,1.5000,1.5000
6.280000,1.7320,1.7320,1.7320,1.7320,1.7320,5.2680,5.2680,5.2680,5.2680,5.2680,1.5000,1.5000,1.5000,1.5000,1.5000
6.290000,1.7260,1.7260,1.7260,1.7260,1.7260,5.2740,5.2740,5.2740,5.2740,5.2740,1.5000,1.5000,1.5000,1.5000,1.5000
6.300000,1.7200,1.7200,1.7200,1.7200,1.7200,5.2800,5.2800,5.2800,5.2800,5.2800,1.5000,1.5000,1.5000,1.5000,1.5000
6.310000,1.7140,1.7140,1.7140,1.7140,1.7140,5.2860,5.2860,5.2860,5.2860,5.2860,1.5000,1.5000,1.5000,1.5000,1.5000
6.320000,1.7080,1.7080,1.7080,1.7080,1.7080,5.2920,5.2920,5.2920,5.2920,5.2920,1.5000,1.5000,1.5000,1.5000,1.5000
6.330000,1.7020,1.7020,1.7020,1.7020,1.7020,5.2980,5.2980,5.2980,5.2980,5.2980,1.5000,1.5000,1.5000,1.5000,1.5000
6.340000,1.6960,1.6960,1.6960,1.6960,1.6960,5.3040,5.3040,5.3040,5.3040,5.3040,1.5000,1.5000,1.5000,1.5000,1.5000
6.350000,1.6900,1.6900,1.6900,1.6900,1.6900,5.3100,5.3100,5.3100,5.3100,5.3100,1.5000,1.5000,1.5000,1.5000,1.5000
6.360000,1.6840,1.6840,1.6840,1.6840,1.6840,5.3160,5.3160,5.3160,5.3160,5.3160,1.5000,1.5000,1.5000,1.5000,1.5000
6.370000,1.6780,1.6780,1.6780,1.6780,1.6780,5.3220,5.3220,5.3220,5.3220,5.3220,1.5000,1.5000,1.5000,1.5000,1.5000
6.380000,1.6720,1.6720,1.6720,1.6720,1.6720,5.3280,5.3280,5.3280,5.3280,5.3280,1.5000,1.5000,1.5000,1.5000,1.5000
6.390000,1.6660,1.6660,1.6660,1.6660,1.6660,5.3340,5.3340,5.3340,5.3340,5.3340,1.5000,1.5000,1.5000,1.5000,1.5000
6.400000,1.6600,1.6600,1.6600,1.6600,1.6600,5.3400,5.3400,5.3400,5.3400,5.3400,1.5000,1.5000,1.5000,1.5000,1.5000
6.410000,1.6540,1.6540,1.6540,1.6540,1.6540,5.3460,5.3460,5.3460,5.3460,5.3460,1.5000,1.5000,1.5000,1.5000,1.5000
6.420000,1.6480,1.6480,1.6480,1.6480,1.6480,5.3520,5.3520,5.3520,5.3520,5.3520,1.5000,1.5000,1.5000,1.5000,1.5000
6.430000,1.6420,1.6420,1.6420,1.6420,1.6420,5.3580,5.3580,5.3580,5.3580,5.3580,1.5000,1.5000,1.5000,1.5000,1.5000
6.440000,1.6360,1.6360,1.6360,1.6360,1.6360,5.3640,5.3640,5.3640,5.3640,5.3640,1.5000,1.5000,1.5000,1.5000,1.5000
6.450000,1.6300,1.6300,1.6300,1.6300,1.6300,5.3700,5.3700,5.3700,5.3700,5.3700,1.5000,1.5000,1.5000,1.5000,1.5000
6.460000,1.6240,1.6240,1.6240,1.6240,1.6240,5.3760,5.3760,5.3760,5.3760,5.3760,1.5000,1.5000,1.5000,1.5000,1.5000
6.470000,1.6180,1.6180,1.6180,1.6180,1.6180,5.3820,5.3820,5.3820,5.3820,5.3820,1.5000,1.5000,1.5000,1.5000,1.5000
6.480000,1.6120,1.6120,1.6120,1.6120,1.6120,5.3880,5.3880,5.3880,5.3880,5.3880,1.5000,1.5000,1.5000,1.5000,1.5000
6.490000,1.6060,1.6060,1.6060,1.6060,1.6060,5.3940,5.3940,5.3940,5.3940,5.3940,1.5000,1.5000,1.5000,1.5000,1.5000
6.500000,1.6000,1.6000,1.6000,1.6000,1.6000,5.4000,5.4000,5.4000,5.4000,5.4000,1.5000,1.5000,1.5000,1.5000,1.5000
6.510000,1.5940,1.5940,1.5940,1.5940,1.5940,5.4060,5.4060,5.4060,5.4060,5.4060,1.5000,1.5000,1.5000,1.5000,1.5000
6.520000,1.5880,1.5880,1.5880,1.5880,1.5880,5.4120,5.4120,5.4120,5.4120,5.4120,1.5000,1.5000,1.5000,1.5000,1.5000
6.530000,1.5820,1.5820,1.5820,1.5820,1.5820,5.4180,5.4180,5.4180,5.4180,5.4180,1.5000,1.5000,1.5000,1.5000,1.5000
6.540000,1.5760,1.5760,1.5760,1.5760,1.5760,5.4240,5.4240,5.4240,5.4240,5.4240,1.5000,1.5000,1.5000,1.5000,1.5000
6.550000,1.5700,1.5700,1.5700,1.5700,1.5700,5.4300,5.4300,5.4300,5.4300,5.4300,1.5000,1.5000,1.5000,1.5000,1.5000
6.560000,1.5640,1.5640,1.5640,1.5640,1.5640,5.4360,5.4360,5.4360,5.4360,5.4360,1.5000,1.5000,1.5000,1.5000,1.5000
6.570000,1.5580,1.5580,1.5580,1.5580,1.5580,5.4420,5.4420,5.4420,5.4420,5.4420,1.5000,1.5000,1.5000,1.5000,1.5000
6.580000,1.5520,1.5520,1.5520,1.5520,1.5520,5.4480,5.4480,5.4480,5.4480,5.4480,1.5000,1.5000,1.5000,1.5000,1.5000
6.590000,1.5460,1.5460,1.5460,1.5460,1.5460,5.4540,5.4540,5.4540,5.4540,5.4540,1.5000,1.5000,1.5000,1.5000,1.5000
6.600000,1.5400,1.5400,1.5400,1.5400,1.5400,5.4600,5.4600,5.4600,5.4600,5.4600,1.5000,1.5000,1.5000,1.5000,1.5000
6.610000,1.5340,1.5340,1.5340,1.5340,1.5340,5.4660,5.4660,5.4660,5.4660,5.4660,1.5000,1.5000,1.5000,1.5000,1.5000
6.620000,1.5280,1.5280,1.5280,1.5280,1.5280,5.4720,5.4720,5.4720,5.4720,5.4720,1.5000,1.5000,1.5000,1.5000,1.5000
6.630000,1.5220,1.5220,1.5220,1.5220,1.5220,5.4780,5.4780,5.4780,5.4780,5.4780,1.5000,1.5000,1.5000,1.5000,1.5000
6.640000,1.5160,1.5160,1.5160,1.5160,1.5160,5.4840,5.4840,5.4840,5.4840,5.4840,1.5000,1.5000,1.5000,1.5000,1.5000
6.650000,1.5100,1.5100,1.5100,1.5100,1.5100,5.4900,5.4900,5.4900,5.4900,5.4900,1.5000,1.5000,1.5000,1.5000,1.5000
6.660000,1.5040,1.5040,1.5040,1.5040,1.5040,5.4960,5.4960,5.4960,5.4960,5.4960,1.5000,1.5000,1.5000,1.5000,1.5000
6.670000,1.5000,1.5000,1.5000,1.5000,1.5000,5.4980,5.4980,5.4980,5.4980,5.4980,1.5020,1.5020,1.5020,1.5020,1.5020
6.680000,1.5000,1.5000,1.5000,1.5000,1.5000,5.4920,5.4920,5.4920,5.4920,5.4920,1.5080,1.5080,1.5080,1.5080,1.5080
6.690000,1.5000,1.5000,1.5000,1.5000,1.5000,5.4860,5.4860,5.4860,5.4860,5.4860,1.5140,1.5140,1.5140,1.5140,1.5140
6.700000,1.5000,1.5000,1.5000,1.5000,1.5000,5.4800,5.4800,5.4800,5.4800,5.4800,1.5200,1.5200,1.5200,1.5200,1.5200
6.710000,1.5000,1.5000,1.5000,1.5000,1.5000,5.4740,5.4740,5.4740,5.4740,5.4740,1.5260,1.5260,1.5260,1.5260,1.5260
6.720000,1.5000,1.5000,1.5000,1.5000,1.5000,5.4680,5.4680,5.4680,5.4680,5.4680,1.5320,1.5320,1.5320,1.5320,1.5320
6.730000,1.5000,1.5000,1.5000,1.5000,1.5000,5.4620,5.4620,5.4620,5.4620,5.4620,1.5380,1.5380,1.5380,1.5380,1.5380
6.740000,1.5000,1.5000,1.5000,1.5000,1.5000,5.4560,5.4560,5.4560,5.4560,5.4560,1.5440,1.5440,1.5440,1.5440,1.5440
6.750000,1.5000,1.5000,1.5000,1.5000,1.5000,5.4500,5.4500,5.4500,5.4500,5.4500,1.5500,1.5500,1.5500,1.5500,1.5500
6.760000,1.5000,1.5000,1.5000,1.5000,1.5000,5.4440,5.4440,5.4440,5.4440,5.4440,1.5560,1.5560,1.5560,1.5560,1.5560
6.770000,1.5000,1.5000,1.5000,1.5000,1.5000,5.4380,5.4380,5.4380,5.4380,5.4380,1.5620,1.5620,1.5620,1.5620,1.5620
6.780000,1.5000,1.5000,1.5000,1.5000,1.5000,5.4320,5.4320,5.4320,5.4320,5.4320,1.5680,1.5680,1.5680,1.5680,1.5680
6.790000,1.5000,1.5000,1.5000,1.5000,1.5000,5.4260,5.4260,5.4260,5.4260,5.4260,1.5740,1.5740,1.5740,1.5740,1.5740
6.800000,1.5000,1.5000,1.5000,1.5000,1.5000,5.4200,5.4200,5.4200,5.4200,5.4200,1.5800,1.5800,1.5800,1.5800,1.5800
6.810000,1.5000,1.5000,1.5000,1.5000,1.5000,5.4140,5.4140,5.4140,5.4140,5.4140,1.5860,1.5860,1.5860,1.5860,1.5860
6.820000,1.5000,1.5000,1.5000,1.5000,1.5000,5.4080,5.4080,5.4080,5.4080,5.4080,1.5920,1.5920,1.5920,1.5920,1.5920
6.830000,1.5000,1.5000,1.5000,1.5000,1.5000,5.4020,5.4020,5.4020,5.4020,5.4020,1.5980,1.5980,1.5980,1.5980,1.5980
6.840000,1.5000,1.5000,1.5000,1.5000,1.5000,5.3960,5.3960,5.3960,5.3960,5.3960,1.6040,1.6040,1.6040,1.6040,1.6040
6.850000,1.5000,1.5000,1.5000,1.5000,1.5000,5.3900,5.3900,5.3900,5.3900,5.3900,1.6100,1.6100,1.6100,1.6100,1.6100
6.860000,1.5000,1.5000,1.5000,1.5000,1.5000,5.3840,5.3840,5.3840,5.3840,5.3840,1.6160,1.6160,1.6160,1.6160,1.6160
6.870000,1.5000,1.5000,1.5000,1.5000,1.5000,5.3780,5.3780,5.3780,5.3780,5.3780,1.6220,1.6220,1.6220,1.6220,1.6220
6.880000,1.5000,1.5000,1.5000,1.5000,1.5000,5.3720,5.3720,5.3720,5.3720,5.3720,1.6280,1.6280,1.6280,1.6280,1.6280
6.890000,1.5000,1.5000,1.5000,1.5000,1.5000,5.3660,5.3660,5.3660,5.3660,5.3660,1.6340,1.6340,1.6340,1.6340,1.6340
6.900000,1.5000,1.5000,1.5000,1.5000,1.5000,5.3600,5.3600,5.3600,5.3600,5.3600,1.6400,1.6400,1.6400,1.6400,1.6400
6.910000,1.5000,1.5000,1.5000,1.5000,1.5000,5.3540,5.3540,5.3540,5.3540,5.3540,1.6460,1.6460,1.6460,1.6460,1.6460
6.920000,1.5000,1.5000,1.5000,1.5000,1.5000,5.3480,5.3480,5.3480,5.3480,5.3480,1.6520,1.6520,1.6520,1.6520,1.6520
6.930000,1.5000,1.5000,1.5000,1.5000,1.5000,5.3420,5.3420,5.3420,5.3420,5.3420,1.6580,1.6580,1.6580,1.6580,1.6580
6.940000,1.5000,1.5000,1.5000,1.5000,1.5000,5.3360,5.3360,5.3360,5.3360,5.3360,1.6640,1.6640,1.6640,1.6640,1.6640
6.950000,1.5000,1.5000,1.5000,1.5000,1.5000,5.3300,5.3300,5.3300,5.3300,5.3300,1.6700,1.6700,1.6700,1.6700,1.6700
6.960000,1.5000,1.5000,1.5000,1.5000,1.5000,5.3240,5.3240,5.3240,5.3240,5.3240,1.6760,1.6760,1.6760,1.6760,1.6760
6.970000,1.5000,1.5000,1.5000,1.5000,1.5000,5.3180,5.3180,5.3180,5.3180,5.3180,1.6820,1.6820,1.6820,1.6820,1.6820
6.980000,1.5000,1.5000,1.5000,1.5000,1.5000,5.3120,5.3120,5.3120,5.3120,5.3120,1.6880,1.6880,1.6880,1.6880,1.6880
6.990000,1.5000,1.5000,1.5000,1.5000,1.5000,5.3060,5.3060,5.3060,5.3060,5.3060,1.6940,1.6940,1.6940,1.6940,1.6940
7.000000,1.5000,1.5000,1.5000,1.5000,1.5000,5.3000,5.3000,5.3000,5.3000,5.3000,1.7000,1.7000,1.7000,1.7000,1.7000
7.010000,1.5000,1.5000,1.5000,1.5000,1.5000,5.2940,5.2940,5.2940,5.2940,5.2940,1.7060,1.7060,1.7060,1.7060,1.7060
7.020000,1.5000,1.5000,1.5000,1.5000,1.5000,5.2880,5.2880,5.2880,5.2880,5.2880,1.7120,1.7120,1.7120,1.7120,1.7120
7.030000,1.5000,1.5000,1.5000,1.5000,1.5000,5.2820,5.2820,5.2820,5.2820,5.2820,1.7180,1.7180,1.7180,1.7180,1.7180
7.040000,1.5000,1.5000,1.5000,1.5000,1.5000,5.2760,5.2760,5.2760,5.2760,5.2760,1.7240,1.7240,1.7240,1.7240,1.7240
7.050000,1.5000,1.5000,1.5000,1.5000,1.5000,5.2700,5.2700,5.2700,5.2700,5.2700,1.7300,1.7300,1.7300,1.7300,1.7300
7.060000,1.5000,1.5000,1.5000,1.5000,1.5000,5.2640,5.2640,5.2640,5.2640,5.2640,1.7360,1.7360,1.7360,1.7360,1.7360
7.070000,1.5000,1.5000,1.5000,1.5000,1.5000,5.2580,5.2580,5.2580,5.2580,5.2580,1.7420,1.7420,1.7420,1.7420,1.7420
7.080000,1.5000,1.5000,1.5000,1.5000,1.5000,5.2520,5.2520,5.2520,5.2520,5.2520,1.7480,1.7480,1.7480,1.7480,1.7480
7.090000,1.5000,1.5000,1.5000,1.5000,1.5000,5.2460,5.2460,5.2460,5.2460,5.2460,1.7540,1.7540,1.7540,1.7540,1.7540
7.100000,1.5000,1.5000,1.5000,1.5000,1.5000,5.2400,5.2400,5.2400,5.2400,5.2400,1.7600,1.7600,1.7600,1.7600,1.7600
7.110000,1.5000,1.5000,1.5000,1.5000,1.5000,5.2340,5.2340,5.2340,5.2340,5.2340,1.7660,1.7660,1.7660,1.7660,1.7660
7.120000,1.5000,1.5000,1.5000,1.5000,1.5000,5.2280,5.2280,5.2280,5.2280,5.2280,1.7720,1.7720,1.7720,1.7720,1.7720
7.130000,1.5000,1.5000,1.5000,1.5000,1.5000,5.2220,5.2220,5.2220,5.2220,5.2220,1.7780,1.7780,1.7780,1.7780,1.7780
7.140000,1.5000,1.5000,1.5000,1.5000,1.5000,5.2160,5.2160,5.2160,5.2160,5.2160,1.7840,1.7840,1.7840,1.7840,1.7840
7.150000,1.5000,1.5000,1.5000,1.5000,1.5000,5.2100,5.2100,5.2100,5.2100,5.2100,1.7900,1.7900,1.7900,1.7900,1.7900
7.160000,1.5000,1.5000,1.5000,1.5000,1.5000,5.2040,5.2040,5.2040,5.2040,5.2040,1.7960,1.7960,1.7960,1.7960,1.7960
7.170000,1.5000,1.5000,1.5000,1.5000,1.5000,5.1980,5.1980,5.1980,5.1980,5.1980,1.8020,1.8020,1.8020,1.8020,1.8020
7.180000,1.5000,1.5000,1.5000,1.5000,1.5000,5.1920,5.1920,5.1920,5.1920,5.1920,1.8080,1.8080,1.8080,1.8080,1.8080
7.190000,1.5000,1.5000,1.5000,1.5000,1.5000,5.1860,5.1860,5.1860,5.1860,5.1860,1.8140,1.8140,1.8140,1.8140,1.8140
7.200000,1.5000,1.5000,1.5000,1.5000,1.5000,5.1800,5.1800,5.1800,5.1800,5.1800,1.8200,1.8200,1.8200,1.8200,1.8200
7.210000,1.5000,1.5000,1.5000,1.5000,1.5000,5.1740,5.1740,5.1740,5.1740,5.1740,1.8260,1.8260,1.8260,1.8260,1.8260
7.220000,1.5000,1.5000,1.5000,1.5000,1.5000,5.1680,5.1680,5.1680,5.1680,5.1680,1.8320,1.8320,1.8320,1.8320,1.8320
7.230000,1.5000,1.5000,1.5000,1.5000,1.5000,5.1620,5.1620,5.1620,5.1620,5.1620,1.8380,1.8380,1.8380,1.8380,1.8380
7.240000,1.5000,1.5000,1.5000,1.5000,1.5000,5.1560,5.1560,5.1560,5.1560,5.1560,1.8440,1.8440,1.8440,1.8440,1.8440
7.250000,1.5000,1.5000,1.5000,1.5000,1.5000,5.1500,5.1500,5.1500,5.1500,5.1500,1.8500,1.8500,1.8500,1.8500,1.8500
7.260000,1.5000,1.5000,1.5000,1.5000,1.5000,5.1440,5.1440,5.1440,5.1440,5.1440,1.8560,1.8560,1.8560,1.8560,1.8560
7.270000,1.5000,1.5000,1.5000,1.5000,1.5000,5.1380,5.1380,5.1380,5.1380,5.1380,1.8620,1.8620,1.8620,1.8620,1.8620
7.280000,1.5000,1.5000,1.5000,1.5000,1.5000,5.1320,5.1320,5.1320,5.1320,5.1320,1.8680,1.8680,1.8680,1.8680,1.8680
7.290000,1.5000,1.5000,1.5000,1.5000,1.5000,5.1260,5.1260,5.1260,5.1260,5.1260,1.8740,1.8740,1.8740,1.8740,1.8740
7.300000,1.5000,1.5000,1.5000,1.5000,1.5000,5.1200,5.1200,5.1200,5.1200,5.1200,1.8800,1.8800,1.8800,1.8800,1.8800
7.310000,1.5000,1.5000,1.5000,1.5000,1.5000,5.1140,5.1140,5.1140,5.1140,5.1140,1.8860,1.8860,1.8860,1.8860,1.8860
7.320000,1.5000,1.5000,1.5000,1.5000,1.5000,5.1080,5.1080,5.1080,5.1080,5.1080,1.8920,1.8920,1.8920,1.8920,1.8920
7.330000,1.5000,1.5000,1.5000,1.5000,1.5000,5.1020,5.1020,5.1020,5.1020,5.1020,1.8980,1.8980,1.8980,1.8980,1.8980
7.340000,1.5000,1.5000,1.5000,1.5000,1.5000,5.0960,5.0960,5.0960,5.0960,5.0960,1.9040,1.9040,1.9040,1.9040,1.9040
7.350000,1.5000,1.5000,1.5000,1.5000,1.5000,5.0900,5.0900,5.0900,5.0900,5.0900,1.9100,1.9100,1.9100,1.9100,1.9100
7.360000,1.5000,1.5000,1.5000,1.5000,1.5000,5.0840,5.0840,5.0840,5.0840,5.0840,1.9160,1.9160,1.9160,1.9160,1.9160
7.370000,1.5000,1.5000,1.5000,1.5000,1.5000,5.0780,5.0780,5.0780,5.0780,5.0780,1.9220,1.9220,1.9220,1.9220,1.9220
7.380000,1.5000,1.5000,1.5000,1.5000,1.5000,5.0720,5.0720,5.0720,5.0720,5.0720,1.9280,1.9280,1.9280,1.9280,1.9280
7.390000,1.5000,1.5000,1.5000,1.5000,1.5000,5.0660,5.0660,5.0660,5.0660,5.0660,1.9340,1.9340,1.9340,1.9340,1.9340
7.400000,1.5000,1.5000,1.5000,1.5000,1.5000,5.0600,5.0600,5.0600,5.0600,5.0600,1.9400,1.9400,1.9400,1.9400,1.9400
7.410000,1.5000,1.5000,1.5000,1.5000,1.5000,5.0540,5.0540,5.0540,5.0540,5.0540,1.9460,1.9460,1.9460,1.9460,1.9460
7.420000,1.5000,1.5000,1.5000,1.5000,1.5000,5.0480,5.0480,5.0480,5.0480,5.0480,1.9520,1.9520,1.9520,1.9520,1.9520
7.430000,1.5000,1.5000,1.5000,1.5000,1.5000,5.0420,5.0420,5.0420,5.0420,5.0420,1.9580,1.9580,1.9580,1.9580,1.9580
7.440000,1.5000,1.5000,1.5000,1.5000,1.5000,5.0360,5.0360,5.0360,5.0360,5.0360,1.9640,1.9640,1.9640,1.9640,1.9640
7.450000,1.5000,1.5000,1.5000,1.5000,1.5000,5.0300,5.0300,5.0300,5.0300,5.0300,1.9700,1.9700,1.9700,1.9700,1.9700
7.460000,1.5000,1.5000,1.5000,1.5000,1.5000,5.0240,5.0240,5.0240,5.0240,5.0240,1.9760,1.9760,1.9760,1.9760,1.9760
7.470000,1.5000,1.5000,1.5000,1.5000,1.5000,5.0180,5.0180,5.0180,5.0180,5.0180,1.9820,1.9820,1.9820,1.9820,1.9820
7.480000,1.5000,1.5000,1.5000,1.5000,1.5000,5.0120,5.0120,5.0120,5.0120,5.0120,1.9880,1.9880,1.9880,1.9880,1.9880
7.490000,1.5000,1.5000,1.5000,1.5000,1.5000,5.0060,5.0060,5.0060,5.0060,5.0060,1.9940,1.9940,1.9940,1.9940,1.9940
7.500000,1.5000,1.5000,1.5000,1.5000,1.5000,5.0000,5.0000,5.0000,5.0000,5.0000,2.0000,2.0000,2.0000,2.0000,2.0000
7.510000,1.5000,1.5000,1.5000,1.5000,1.5000,4.9940,4.9940,4.9940,4.9940,4.9940,2.0060,2.0060,2.0060,2.0060,2.0060
7.520000,1.5000,1.5000,1.5000,1.5000,1.5000,4.9880,4.9880,4.9880,4.9880,4.9880,2.0120,2.0120,2.0120,2.0120,2.0120
7.530000,1.5000,1.5000,1.5000,1.5000,1.5000,4.9820,4.9820,4.9820,4.9820,4.9820,2.0180,2.0180,2.0180,2.0180,2.0180
7.540000,1.5000,1.5000,1.5000,1.5000,1.5000,4.9760,4.9760,4.9760,4.9760,4.9760,2.0240,2.0240,2.0240,2.0240,2.0240
7.550000,1.5000,1.5000,1.5000,1.5000,1.5000,4.9700,4.9700,4.9700,4.9700,4.9700,2.0300,2.0300,2.0300,2.0300,2.0300
7.560000,1.5000,1.5000,1.5000,1.5000,1.5000,4.9640,4.9640,4.9640,4.9640,4.9640,2.0360,2.0360,2.0360,2.0360,2.0360
7.570000,1.5000,1.5000,1.5000,1.5000,1.5000,4.9580,4.9580,4.9580,4.9580,4.9580,2.0420,2.0420,2.0420,2.0420,2.0420
7.580000,1.5000,1.5000,1.5000,1.5000,1.5000,4.9520,4.9520,4.9520,4.9520,4.9520,2.0480,2.0480,2.0480,2.0480,2.0480
7.590000,1.5000,1.5000,1.5000,1.5000,1.5000,4.9460,4.9460,4.9460,4.9460,4.9460,2.0540,2.0540,2.0540,2.0540,2.0540
7.600000,1.5000,1.5000,1.5000,1.5000,1.5000,4.9400,4.9400,4.9400,4.9400,4.9400,2.0600,2.0600,2.0600,2.0600,2.0600
7.610000,1.5000,1.5000,1.5000,1.5000,1.5000,4.9340,4.9340,4.9340,4.9340,4.9340,2.0660,2.0660,2.0660,2.0660,2.0660
7.620000,1.5000,1.5000,1.5000,1.5000,1.5000,4.9280,4.9280,4.9280,4.9280,4.9280,2.0720,2.0720,2.0720,2.0720,2.0720
7.630000,1.5000,1.5000,1.5000,1.5000,1.5000,4.9220,4.9220,4.9220,4.9220,4.9220,2.0780,2.0780,2.0780,2.0780,2.0780
7.640000,1.5000,1.5000,1.5000,1.5000,1.5000,4.9160,4.9160,4.9160,4.9160,4.9160,2.0840,2.0840,2.0840,2.0840,2.0840
7.650000,1.5000,1.5000,1.5000,1.5000,1.5000,4.9100,4.9100,4.9100,4.9100,4.9100,2.0900,2.0900,2.0900,2.0900,2.0900
7.660000,1.5000,1.5000,1.5000,1.5000,1.5000,4.9040,4.9040,4.9040,4.9040,4.9040,2.0960,2.0960,2.0960,2.0960,2.0960
7.670000,1.5000,1.5000,1.5000,1.5000,1.5000,4.8980,4.8980,4.8980,4.8980,4.8980,2.1020,2.1020,2.1020,2.1020,2.1020
7.680000,1.5000,1.5000,1.5000,1.5000,1.5000,4.8920,4.8920,4.8920,4.8920,4.8920,2.1080,2.1080,2.1080,2.1080,2.1080
7.690000,1.5000,1.5000,1.5000,1.5000,1.5000,4.8860,4.8860,4.8860,4.8860,4.8860,2.1140,2.1140,2.1140,2.1140,2.1140
7.700000,1.5000,1.5000,1.5000,1.5000,1.5000,4.8800,4.8800,4.8800,4.8800,4.8800,2.1200,2.1200,2.1200,2.1200,2.1200
7.710000,1.5000,1.5000,1.5000,1.5000,1.5000,4.8740,4.8740,4.8740,4.8740,4.8740,2.1260,2.1260,2.1260,2.1260,2.1260
7.720000,1.5000,1.5000,1.5000,1.5000,1.5000,4.8680,4.8680,4.8680,4.8680,4.8680,2.1320,2.1320,2.1320,2.1320,2.1320
7.730000,1.5000,1.5000,1.5000,1.5000,1.5000,4.8620,4.8620,4.8620,4.8620,4.8620,2.1380,2.1380,2.1380,2.1380,2.1380
7.740000,1.5000,1.5000,1.5000,1.5000,1.5000,4.8560,4.8560,4.8560,4.8560,4.8560,2.1440,2.1440,2.1440,2.1440,2.1440
7.750000,1.5000,1.5000,1.5000,1.5000,1.5000,4.8500,4.8500,4.8500,4.8500,4.8500,2.1500,2.1500,2.1500,2.1500,2.1500
7.760000,1.5000,1.5000,1.5000,1.5000,1.5000,4.8440,4.8440,4.8440,4.8440,4.8440,2.1560,2.1560,2.1560,2.1560,2.1560
7.770000,1.5000,1.5000,1.5000,1.5000,1.5000,4.8380,4.8380,4.8380,4.8380,4.8380,2.1620,2.1620,2.1620,2.1620,2.1620
7.780000,1.5000,1.5000,1.5000,1.5000,1.5000,4.8320,4.8320,4.8320,4.8320,4.8320,2.1680,2.1680,2.1680,2.1680,2.1680
7.790000,1.5000,1.5000,1.5000,1.5000,1.5000,4.8260,4.8260,4.8260,4.8260,4.8260,2.1740,2.1740,2.1740,2.1740,2.1740
7.800000,1.5000,1.5000,1.5000,1.5000,1.5000,4.8200,4.8200,4.8200,4.8200,4.8200,2.1800,2.1800,2.1800,2.1800,2.1800
7.810000,1.5000,1.5000,1.5000,1.5000,1.5000,4.8140,4.8140,4.8140,4.8140,4.8140,2.1860,2.1860,2.1860,2.1860,2.1860
7.820000,1.5000,1.5000,1.5000,1.5000,1.5000,4.8080,4.8080,4.8080,4.8080,4.8080,2.1920,2.1920,2.1920,2.1920,2.1920
7.830000,1.5000,1.5000,1.5000,1.5000,1.5000,4.8020,4.8020,4.8020,4.8020,4.8020,2.1980,2.1980,2.1980,2.1980,2.1980
7.840000,1.5000,1.5000,1.5000,1.5000,1.5000,4.7960,4.7960,4.7960,4.7960,4.7960,2.2040,2.2040,2.2040,2.2040,2.2040
7.850000,1.5000,1.5000,1.5000,1.5000,1.5000,4.7900,4.7900,4.7900,4.7900,4.7900,2.2100,2.2100,2.2100,2.2100,2.2100
7.860000,1.5000,1.5000,1.5000,1.5000,1.5000,4.7840,4.7840,4.7840,4.7840,4.7840,2.2160,2.2160,2.2160,2.2160,2.2160
7.870000,1.5000,1.5000,1.5000,1.5000,1.5000,4.7780,4.7780,4.7780,4.7780,4.7780,2.2220,2.2220,2.2220,2.2220,2.2220
7.880000,1.5000,1.5000,1.5000,1.5000,1.5000,4.7720,4.7720,4.7720,4.7720,4.7720,2.2280,2.2280,2.2280,2.2280,2.2280
7.890000,1.5000,1.5000,1.5000,1.5000,1.5000,4.7660,4.7660,4.7660,4.7660,4.7660,2.2340,2.2340,2.2340,2.2340,2.2340
7.900000,1.5000,1.5000,1.5000,1.5000,1.5000,4.7600,4.7600,4.7600,4.7600,4.7600,2.2400,2.2400,2.2400,2.2400,2.2400
7.910000,1.5000,1.5000,1.5000,1.5000,1.5000,4.7540,4.7540,4.7540,4.7540,4.7540,2.2460,2.2460,2.2460,2.2460,2.2460
7.920000,1.5000,1.5000,1.5000,1.5000,1.5000,4.7480,4.7480,4.7480,4.7480,4.7480,2.2520,2.2520,2.2520,2.2520,2.2520
7.930000,1.5000,1.5000,1.5000,1.5000,1.5000,4.7420,4.7420,4.7420,4.7420,4.7420,2.2580,2.2580,2.2580,2.2580,2.2580
7.940000,1.5000,1.5000,1.5000,1.5000,1.5000,4.7360,4.7360,4.7360,4.7360,4.7360,2.2640,2.2640,2.2640,2.2640,2.2640
7.950000,1.5000,1.5000,1.5000,1.5000,1.5000,4.7300,4.7300,4.7300,4.7300,4.7300,2.2700,2.2700,2.2700,2.2700,2.2700
7.960000,1.5000,1.5000,1.5000,1.5000,1.5000,4.7240,4.7240,4.7240,4.7240,4.7240,2.2760,2.2760,2.2760,2.2760,2.2760
7.970000,1.5000,1.5000,1.5000,1.5000,1.5000,4.7180,4.7180,4.7180,4.7180,4.7180,2.2820,2.2820,2.2820,2.2820,2.2820
7.980000,1.5000,1.5000,1.5000,1.5000,1.5000,4.7120,4.7120,4.7120,4.7120,4.7120,2.2880,2.2880,2.2880,2.2880,2.2880
7.990000,1.5000,1.5000,1.5000,1.5000,1.5000,4.7060,4.7060,4.7060,4.7060,4.7060,2.2940,2.2940,2.2940,2.2940,2.2940
8.000000,1.5000,1.5000,1.5000,1.5000,1.5000,4.7000,4.7000,4.7000,4.7000,4.7000,2.3000,2.3000,2.3000,2.3000,2.3000
8.010000,1.5000,1.5000,1.5000,1.5000,1.5000,4.6940,4.6940,4.6940,4.6940,4.6940,2.3060,2.3060,2.3060,2.3060,2.3060
8.020000,1.5000,1.5000,1.5000,1.5000,1.5000,4.6880,4.6880,4.6880,4.6880,4.6880,2.3120,2.3120,2.3120,2.3120,2.3120
8.030000,1.5000,1.5000,1.5000,1.5000,1.5000,4.6820,4.6820,4.6820,4.6820,4.6820,2.3180,2.3180,2.3180,2.3180,2.3180
8.040000,1.5000,1.5000,1.5000,1.5000,1.5000,4.6760,4.6760,4.6760,4.6760,4.6760,2.3240,2.3240,2.3240,2.3240,2.3240
8.050000,1.5000,1.5000,1.5000,1.5000,1.5000,4.6700,4.6700,4.6700,4.6700,4.6700,2.3300,2.3300,2.3300,2.3300,2.3300
8.060000,1.5000,1.5000,1.5000,1.5000,1.5000,4.6640,4.6640,4.6640,4.6640,4.6640,2.3360,2.3360,2.3360,2.3360,2.3360
8.070000,1.5000,1.5000,1.5000,1.5000,1.5000,4.6580,4.6580,4.6580,4.6580,4.6580,2.3420,2.3420,2.3420,2.3420,2.3420
8.080000,1.5000,1.5000,1.5000,1.5000,1.5000,4.6520,4.6520,4.6520,4.6520,4.6520,2.3480,2.3480,2.3480,2.3480,2.3480
8.090000,1.5000,1.5000,1.5000,1.5000,1.5000,4.6460,4.6460,4.6460,4.6460,4.6460,2.3540,2.3540,2.3540,2.3540,2.3540
8.100000,1.5000,1.5000,1.5000,1.5000,1.5000,4.6400,4.6400,4.6400,4.6400,4.6400,2.3600,2.3600,2.3600,2.3600,2.3600
8.110000,1.5000,1.5000,1.5000,1.5000,1.5000,4.6340,4.6340,4.6340,4.6340,4.6340,2.3660,2.3660,2.3660,2.3660,2.3660
8.120000,1.5000,1.5000,1.5000,1.5000,1.5000,4.6280,4.6280,4.6280,4.6280,4.6280,2.3720,2.3720,2.3720,2.3720,2.3720
8.130000,1.5000,1.5000,1.5000,1.5000,1.5000,4.6220,4.6220,4.6220,4.6220,4.6220,2.3780,2.3780,2.3780,2.3780,2.3780
8.140000,1.5000,1.5000,1.5000,1.5000,1.5000,4.6160,4.6160,4.6160,4.6160,4.6160,2.3840,2.3840,2.3840,2.3840,2.3840
8.150000,1.5000,1.5000,1.5000,1.5000,1.5000,4.6100,4.6100,4.6100,4.6100,4.6100,2.3900,2.3900,2.3900,2.3900,2.3900
8.160000,1.5000,1.5000,1.5000,1.5000,1.5000,4.6040,4.6040,4.6040,4.6040,4.6040,2.3960,2.3960,2.3960,2.3960,2.3960
8.170000,1.5000,1.5000,1.5000,1.5000,1.5000,4.5980,4.5980,4.5980,4.5980,4.5980,2.4020,2.4020,2.4020,2.4020,2.4020
8.180000,1.5000,1.5000,1.5000,1.5000,1.5000,4.5920,4.5920,4.5920,4.5920,4.5920,2.4080,2.4080,2.4080,2.4080,2.4080
8.190000,1.5000,1.5000,1.5000,1.5000,1.5000,4.5860,4.5860,4.5860,4.5860,4.5860,2.4140,2.4140,2.4140,2.4140,2.4140
8.200000,1.5000,1.5000,1.5000,1.5000,1.5000,4.5800,4.5800,4.5800,4.5800,4.5800,2.4200,2.4200,2.4200,2.4200,2.4200
8.210000,1.5000,1.5000,1.5000,1.5000,1.5000,4.5740,4.5740,4.5740,4.5740,4.5740,2.4260,2.4260,2.4260,2.4260,2.4260
8.220000,1.5000,1.5000,1.5000,1.5000,1.5000,4.5680,4.5680,4.5680,4.5680,4.5680,2.4320,2.4320,2.4320,2.4320,2.4320
8.230000,1.5000,1.5000,1.5000,1.5000,1.5000,4.5620,4.5620,4.5620,4.5620,4.5620,2.4380,2.4380,2.4380,2.4380,2.4380
8.240000,1.5000,1.5000,1.5000,1.5000,1.5000,4.5560,4.5560,4.5560,4.5560,4.5560,2.4440,2.4440,2.4440,2.4440,2.4440
8.250000,1.5000,1.5000,1.5000,1.5000,1.5000,4.5500,4.5500,4.5500,4.5500,4.5500,2.4500,2.4500,2.4500,2.4500,2.4500
8.260000,1.5000,1.5000,1.5000,1.5000,1.5000,4.5440,4.5440,4.5440,4.5440,4.5440,2.4560,2.4560,2.4560,2.4560,2.4560
8.270000,1.5000,1.5000,1.5000,1.5000,1.5000,4.5380,4.5380,4.5380,4.5380,4.5380,2.4620,2.4620,2.4620,2.4620,2.4620
8.280000,1.5000,1.5000,1.5000,1.5000,1.5000,4.5320,4.5320,4.5320,4.5320,4.5320,2.4680,2.4680,2.4680,2.4680,2.4680
8.290000,1.5000,1.5000,1.5000,1.5000,1.5000,4.5260,4.5260,4.5260,4.5260,4.5260,2.4740,2.4740,2.4740,2.4740,2.4740
8.300000,1.5000,1.5000,1.5000,1.5000,1.5000,4.5200,4.5200,4.5200,4.5200,4.5200,2.4800,2.4800,2.4800,2.4800,2.4800
8.310000,1.5000,1.5000,1.5000,1.5000,1.5000,4.5140,4.5140,4.5140,4.5140,4.5140,2.4860,2.4860,2.4860,2.4860,2.4860
8.320000,1.5000,1.5000,1.5000,1.5000,1.5000,4.5080,4.5080,4.5080,4.5080,4.5080,2.4920,2.4920,2.4920,2.4920,2.4920
8.330000,1.5000,1.5000,1.5000,1.5000,1.5000,4.5020,4.5020,4.5020,4.5020,4.5020,2.4980,2.4980,2.4980,2.4980,2.4980
8.340000,1.5000,1.5000,1.5000,1.5000,1.5000,4.4960,4.4960,4.4960,4.4960,4.4960,2.5040,2.5040,2.5040,2.5040,2.5040
8.350000,1.5000,1.5000,1.5000,1.5000,1.5000,4.4900,4.4900,4.4900,4.4900,4.4900,2.5100,2.5100,2.5100,2.5100,2.5100
8.360000,1.5000,1.5000,1.5000,1.5000,1.5000,4.4840,4.4840,4.4840,4.4840,4.4840,2.5160,2.5160,2.5160,2.5160,2.5160
8.370000,1.5000,1.5000,1.5000,1.5000,1.5000,4.4780,4.4780,4.4780,4.4780,4.4780,2.5220,2.5220,2.5220,2.5220,2.5220
8.380000,1.5000,1.5000,1.5000,1.5000,1.5000,4.4720,4.4720,4.4720,4.4720,4.4720,2.5280,2.5280,2.5280,2.5280,2.5280
8.390000,1.5000,1.5000,1.5000,1.5000,1.5000,4.4660,4.4660,4.4660,4.4660,4.4660,2.5340,2.5340,2.5340,2.5340,2.5340
8.400000,1.5000,1.5000,1.5000,1.5000,1.5000,4.4600,4.4600,4.4600,4.4600,4.4600,2.5400,2.5400,2.5400,2.5400,2.5400
8.410000,1.5000,1.5000,1.5000,1.5000,1.5000,4.4540,4.4540,4.4540,4.4540,4.4540,2.5460,2.5460,2.5460,2.5460,2.5460
8.420000,1.5000,1.5000,1.5000,1.5000,1.5000,4.4480,4.4480,4.4480,4.4480,4.4480,2.5520,2.5520,2.5520,2.5520,2.5520
8.430000,1.5000,1.5000,1.5000,1.5000,1.5000,4.4420,4.4420,4.4420,4.4420,4.4420,2.5580,2.5580,2.5580,2.5580,2.5580
8.440000,1.5000,1.5000,1.5000,1.5000,1.5000,4.4360,4.4360,4.4360,4.4360,4.4360,2.5640,2.5640,2.5640,2.5640,2.5640
8.450000,1.5000,1.5000,1.5000,1.5000,1.5000,4.4300,4.4300,4.4300,4.4300,4.4300,2.5700,2.5700,2.5700,2.5700,2.5700
8.460000,1.5000,1.5000,1.5000,1.5000,1.5000,4.4240,4.4240,4.4240,4.4240,4.4240,2.5760,2.5760,2.5760,2.5760,2.5760
8.470000,1.5000,1.5000,1.5000,1.5000,1.5000,4.4180,4.4180,4.4180,4.4180,4.4180,2.5820,2.5820,2.5820,2.5820,2.5820
8.480000,1.5000,1.5000,1.5000,1.5000,1.5000,4.4120,4.4120,4.4120,4.4120,4.4120,2.5880,2.5880,2.5880,2.5880,2.5880
8.490000,1.5000,1.5000,1.5000,1.5000,1.5000,4.4060,4.4060,4.4060,4.4060,4.4060,2.5940,2.5940,2.5940,2.5940,2.5940
8.500000,1.5000,1.5000,1.5000,1.5000,1.5000,4.4000,4.4000,4.4000,4.4000,4.4000,2.6000,2.6000,2.6000,2.6000,2.6000
8.510000,1.5000,1.5000,1.5000,1.5000,1.5000,4.3940,4.3940,4.3940,4.3940,4.3940,2.6060,2.6060,2.6060,2.6060,2.6060
8.520000,1.5000,1.5000,1.5000,1.5000,1.5000,4.3880,4.3880,4.3880,4.3880,4.3880,2.6120,2.6120,2.6120,2.6120,2.6120
8.530000,1.5000,1.5000,1.5000,1.5000,1.5000,4.3820,4.3820,4.3820,4.3820,4.3820,2.6180,2.6180,2.6180,2.6180,2.6180
8.540000,1.5000,1.5000,1.5000,1.5000,1.5000,4.3760,4.3760,4.3760,4.3760,4.3760,2.6240,2.6240,2.6240,2.6240,2.6240
8.550000,1.5000,1.5000,1.5000,1.5000,1.5000,4.3700,4.3700,4.3700,4.3700,4.3700,2.6300,2.6300,2.6300,2.6300,2.6300
8.560000,1.5000,1.5000,1.5000,1.5000,1.5000,4.3640,4.3640,4.3640,4.3640,4.3640,2.6360,2.6360,2.6360,2.6360,2.6360
8.570000,1.5000,1.5000,1.5000,1.5000,1.5000,4.3580,4.3580,4.3580,4.3580,4.3580,2.6420,2.6420,2.6420,2.6420,2.6420
8.580000,1.5000,1.5000,1.5000,1.5000,1.5000,4.3520,4.3520,4.3520,4.3520,4.3520,2.6480,2.6480,2.6480,2.6480,2.6480
8.590000,1.5000,1.5000,1.5000,1.5000,1.5000,4.3460,4.3460,4.3460,4.3460,4.3460,2.6540,2.6540,2.6540,2.6540,2.6540
8.600000,1.5000,1.5000,1.5000,1.5000,1.5000,4.3400,4.3400,4.3400,4.3400,4.3400,2.6600,2.6600,2.6600,2.6600,2.6600
8.610000,1.5000,1.5000,1.5000,1.5000,1.5000,4.3340,4.3340,4.3340,4.3340,4.3340,2.6660,2.6660,2.6660,2.6660,2.6660
8.620000,1.5000,1.5000,1.5000,1.5000,1.5000,4.3280,4.3280,4.3280,4.3280,4.3280,2.6720,2.6720,2.6720,2.6720,2.6720
8.630000,1.5000,1.5000,1.5000,1.5000,1.5000,4.3220,4.3220,4.3220,4.3220,4.3220,2.6780,2.6780,2.6780,2.6780,2.6780
8.640000,1.5000,1.5000,1.5000,1.5000,1.5000,4.3160,4.3160,4.3160,4.3160,4.3160,2.6840,2.6840,2.6840,2.6840,2.6840
8.650000,1.5000,1.5000,1.5000,1.5000,1.5000,4.3100,4.3100,4.3100,4.3100,4.3100,2.6900,2.6900,2.6900,2.6900,2.6900
8.660000,1.5000,1.5000,1.5000,1.5000,1.5000,4.3040,4.3040,4.3040,4.3040,4.3040,2.6960,2.6960,2.6960,2.6960,2.6960
8.670000,1.5000,1.5000,1.5000,1.5000,1.5000,4.2980,4.2980,4.2980,4.2980,4.2980,2.7020,2.7020,2.7020,2.7020,2.7020
8.680000,1.5000,1.5000,1.5000,1.5000,1.5000,4.2920,4.2920,4.2920,4.2920,4.2920,2.7080,2.7080,2.7080,2.7080,2.7080
8.690000,1.5000,1.5000,1.5000,1.5000,1.5000,4.2860,4.2860,4.2860,4.2860,4.2860,2.7140,2.7140,2.7140,2.7140,2.7140
8.700000,1.5000,1.5000,1.5000,1.5000,1.5000,4.2800,4.2800,4.2800,4.2800,4.2800,2.7200,2.7200,2.7200,2.7200,2.7200
8.710000,1.5000,1.5000,1.5000,1.5000,1.5000,4.2740,4.2740,4.2740,4.2740,4.2740,2.7260,2.7260,2.7260,2.7260,2.7260
8.720000,1.5000,1.5000,1.5000,1.5000,1.5000,4.2680,4.2680,4.2680,4.2680,4.2680,2.7320,2.7320,2.7320,2.7320,2.7320
8.730000,1.5000,1.5000,1.5000,1.5000,1.5000,4.2620,4.2620,4.2620,4.2620,4.2620,2.7380,2.7380,2.7380,2.7380,2.7380
8.740000,1.5000,1.5000,1.5000,1.5000,1.5000,4.2560,4.2560,4.2560,4.2560,4.2560,2.7440,2.7440,2.7440,2.7440,2.7440
8.750000,1.5000,1.5000,1.5000,1.5000,1.5000,4.2500,4.2500,4.2500,4.2500,4.2500,2.7500,2.7500,2.7500,2.7500,2.7500
8.760000,1.5000,1.5000,1.5000,1.5000,1.5000,4.2440,4.2440,4.2440,4.2440,4.2440,2.7560,2.7560,2.7560,2.7560,2.7560
8.770000,1.5000,1.5000,1.5000,1.5000,1.5000,4.2380,4.2380,4.2380,4.2380,4.2380,2.7620,2.7620,2.7620,2.7620,2.7620
8.780000,1.5000,1.5000,1.5000,1.5000,1.5000,4.2320,4.2320,4.2320,4.2320,4.2320,2.7680,2.7680,2.7680,2.7680,2.7680
8.790000,1.5000,1.5000,1.5000,1.5000,1.5000,4.2260,4.2260,4.2260,4.2260,4.2260,2.7740,2.7740,2.7740,2.7740,2.7740
8.800000,1.5000,1.5000,1.5000,1.5000,1.5000,4.2200,4.2200,4.2200,4.2200,4.2200,2.7800,2.7800,2.7800,2.7800,2.7800
8.810000,1.5000,1.5000,1.5000,1.5000,1.5000,4.2140,4.2140,4.2140,4.2140,4.2140,2.7860,2.7860,2.7860,2.7860,2.7860
8.820000,1.5000,1.5000,1.5000,1.5000,1.5000,4.2080,4.2080,4.2080,4.2080,4.2080,2.7920,2.7920,2.7920,2.7920,2.7920
8.830000,1.5000,1.5000,1.5000,1.5000,1.5000,4.2020,4.2020,4.2020,4.2020,4.2020,2.7980,2.7980,2.7980,2.7980,2.7980
8.840000,1.5000,1.5000,1.5000,1.5000,1.5000,4.1960,4.1960,4.1960,4.1960,4.1960,2.8040,2.8040,2.8040,2.8040,2.8040
8.850000,1.5000,1.5000,1.5000,1.5000,1.5000,4.1900,4.1900,4.1900,4.1900,4.1900,2.8100,2.8100,2.8100,2.8100,2.8100
8.860000,1.5000,1.5000,1.5000,1.5000,1.5000,4.1840,4.1840,4.1840,4.1840,4.1840,2.8160,2.8160,2.8160,2.8160,2.8160
8.870000,1.5000,1.5000,1.5000,1.5000,1.5000,4.1780,4.1780,4.1780,4.1780,4.1780,2.8220,2.8220,2.8220,2.8220,2.8220
8.880000,1.5000,1.5000,1.5000,1.5000,1.5000,4.1720,4.1720,4.1720,4.1720,4.1720,2.8280,2.8280,2.8280,2.8280,2.8280
8.890000,1.5000,1.5000,1.5000,1.5000,1.5000,4.1660,4.1660,4.1660,4.1660,4.1660,2.8340,2.8340,2.8340,2.8340,2.8340
8.900000,1.5000,1.5000,1.5000,1.5000,1.5000,4.1600,4.1600,4.1600,4.1600,4.1600,2.8400,2.8400,2.8400,2.8400,2.8400
8.910000,1.5000,1.5000,1.5000,1.5000,1.5000,4.1540,4.1540,4.1540,4.1540,4.1540,2.8460,2.8460,2.8460,2.8460,2.8460
8.920000,1.5000,1.5000,1.5000,1.5000,1.5000,4.1480,4.1480,4.1480,4.1480,4.1480,2.8520,2.8520,2.8520,2.8520,2.8520
8.930000,1.5000,1.5000,1.5000,1.5000,1.5000,4.1420,4.1420,4.1420,4.1420,4.1420,2.8580,2.8580,2.8580,2.8580,2.8580
8.940000,1.5000,1.5000,1.5000,1.5000,1.5000,4.1360,4.1360,4.1360,4.1360,4.1360,2.8640,2.8640,2.8640,2.8640,2.8640
8.950000,1.5000,1.5000,1.5000,1.5000,1.5000,4.1300,4.1300,4.1300,4.1300,4.1300,2.8700,2.8700,2.8700,2.8700,2.8700
8.960000,1.5000,1.5000,1.5000,1.5000,1.5000,4.1240,4.1240,4.1240,4.1240,4.1240,2.8760,2.8760,2.8760,2.8760,2.8760
8.970000,1.5000,1.5000,1.5000,1.5000,1.5000,4.1180,4.1180,4.1180,4.1180,4.1180,2.8820,2.8820,2.8820,2.8820,2.8820
8.980000,1.5000,1.5000,1.5000,1.5000,1.5000,4.1120,4.1120,4.1120,4.1120,4.1120,2.8880,2.8880,2.8880,2.8880,2.8880
8.990000,1.5000,1.5000,1.5000,1.5000,1.5000,4.1060,4.1060,4.1060,4.1060,4.1060,2.8940,2.8940,2.8940,2.8940,2.8940
9.000000,1.5000,1.5000,1.5000,1.5000,1.5000,4.1000,4.1000,4.1000,4.1000,4.1000,2.9000,2.9000,2.9000,2.9000,2.9000
9.010000,1.5000,1.5000,1.5000,1.5000,1.5000,4.0940,4.0940,4.0940,4.0940,4.0940,2.9060,2.9060,2.9060,2.9060,2.9060
9.020000,1.5000,1.5000,1.5000,1.5000,1.5000,4.0880,4.0880,4.0880,4.0880,4.0880,2.9120,2.9120,2.9120,2.9120,2.9120
9.030000,1.5000,1.5000,1.5000,1.5000,1.5000,4.0820,4.0820,4.0820,4.0820,4.0820,2.9180,2.9180,2.9180,2.9180,2.9180
9.040000,1.5000,1.5000,1.5000,1.5000,1.5000,4.0760,4.0760,4.0760,4.0760,4.0760,2.9240,2.9240,2.9240,2.9240,2.9240
9.050000,1.5000,1.5000,1.5000,1.5000,1.5000,4.0700,4.0700,4.0700,4.0700,4.0700,2.9300,2.9300,2.9300,2.9300,2.9300
9.060000,1.5000,1.5000,1.5000,1.5000,1.5000,4.0640,4.0640,4.0640,4.0640,4.0640,2.9360,2.9360,2.9360,2.9360,2.9360
9.070000,1.5000,1.5000,1.5000,1.5000,1.5000,4.0580,4.0580,4.0580,4.0580,4.0580,2.9420,2.9420,2.9420,2.9420,2.9420
9.080000,1.5000,1.5000,1.5000,1.5000,1.5000,4.0520,4.0520,4.0520,4.0520,4.0520,2.9480,2.9480,2.9480,2.9480,2.9480
9.090000,1.5000,1.5000,1.5000,1.5000,1.5000,4.0460,4.0460,4.0460,4.0460,4.0460,2.9540,2.9540,2.9540,2.9540,2.9540
9.100000,1.5000,1.5000,1.5000,1.5000,1.5000,4.0400,4.0400,4.0400,4.0400,4.0400,2.9600,2.9600,2.9600,2.9600,2.9600
9.110000,1.5000,1.5000,1.5000,1.5000,1.5000,4.0340,4.0340,4.0340,4.0340,4.0340,2.9660,2.9660,2.9660,2.9660,2.9660
9.120000,1.5000,1.5000,1.5000,1.5000,1.5000,4.0280,4.0280,4.0280,4.0280,4.0280,2.9720,2.9720,2.9720,2.9720,2.9720
9.130000,1.5000,1.5000,1.5000,1.5000,1.5000,4.0220,4.0220,4.0220,4.0220,4.0220,2.9780,2.9780,2.9780,2.9780,2.9780
9.140000,1.5000,1.5000,1.5000,1.5000,1.5000,4.0160,4.0160,4.0160,4.0160,4.0160,2.9840,2.9840,2.9840,2.9840,2.9840
9.150000,1.5000,1.5000,1.5000,1.5000,1.5000,4.0100,4.0100,4.0100,4.0100,4.0100,2.9900,2.9900,2.9900,2.9900,2.9900
9.160000,1.5000,1.5000,1.5000,1.5000,1.5000,4.0040,4.0040,4.0040,4.0040,4.0040,2.9960,2.9960,2.9960,2.9960,2.9960
9.170000,1.5000,1.5000,1.5000,1.5000,1.5000,3.9980,3.9980,3.9980,3.9980,3.9980,3.0020,3.0020,3.0020,3.0020,3.0020
9.180000,1.5000,1.5000,1.5000,1.5000,1.5000,3.9920,3.9920,3.9920,3.9920,3.9920,3.0080,3.0080,3.0080,3.0080,3.0080
9.190000,1.5000,1.5000,1.5000,1.5000,1.5000,3.9860,3.9860,3.9860,3.9860,3.9860,3.0140,3.0140,3.0140,3.0140,3.0140
9.200000,1.5000,1.5000,1.5000,1.5000,1.5000,3.9800,3.9800,3.9800,3.9800,3.9800,3.0200,3.0200,3.0200,3.0200,3.0200
9.210000,1.5000,1.5000,1.5000,1.5000,1.5000,3.9740,3.9740,3.9740,3.9740,3.9740,3.0260,3.0260,3.0260,3.0260,3.0260
9.220000,1.5000,1.5000,1.5000,1.5000,1.5000,3.9680,3.9680,3.9680,3.9680,3.9680,3.0320,3.0320,3.0320,3.0320,3.0320
9.230000,1.5000,1.5000,1.5000,1.5000,1.5000,3.9620,3.9620,3.9620,3.9620,3.9620,3.0380,3.0380,3.0380,3.0380,3.0380
9.240000,1.5000,1.5000,1.5000,1.5000,1.5000,3.9560,3.9560,3.9560,3.9560,3.9560,3.0440,3.0440,3.0440,3.0440,3.0440
9.250000,1.5000,1.5000,1.5000,1.5000,1.5000,3.9500,3.9500,3.9500,3.9500,3.9500,3.0500,3.0500,3.0500,3.0500,3.0500
9.260000,1.5000,1.5000,1.5000,1.5000,1.5000,3.9440,3.9440,3.9440,3.9440,3.9440,3.0560,3.0560,3.0560,3.0560,3.0560
9.270000,1.5000,1.5000,1.5000,1.5000,1.5000,3.9380,3.9380,3.9380,3.9380,3.9380,3.0620,3.0620,3.0620,3.0620,3.0620
9.280000,1.5000,1.5000,1.5000,1.5000,1.5000,3.9320,3.9320,3.9320,3.9320,3.9320,3.0680,3.0680,3.0680,3.0680,3.0680
9.290000,1.5000,1.5000,1.5000,1.5000,1.5000,3.9260,3.9260,3.9260,3.9260,3.9260,3.0740,3.0740,3.0740,3.0740,3.0740
9.300000,1.5000,1.5000,1.5000,1.5000,1.5000,3.9200,3.9200,3.9200,3.9200,3.9200,3.0800,3.0800,3.0800,3.0800,3.0800
9.310000,1.5000,1.5000,1.5000,1.5000,1.5000,3.9140,3.9140,3.9140,3.9140,3.9140,3.0860,3.0860,3.0860,3.0860,3.0860
9.320000,1.5000,1.5000,1.5000,1.5000,1.5000,3.9080,3.9080,3.9080,3.9080,3.9080,3.0920,3.0920,3.0920,3.0920,3.0920
9.330000,1.5000,1.5000,1.5000,1.5000,1.5000,3.9020,3.9020,3.9020,3.9020,3.9020,3.0980,3.0980,3.0980,3.0980,3.0980
9.340000,1.5000,1.5000,1.5000,1.5000,1.5000,3.8960,3.8960,3.8960,3.8960,3.8960,3.1040,3.1040,3.1040,3.1040,3.1040
9.350000,1.5000,1.5000,1.5000,1.5000,1.5000,3.8900,3.8900,3.8900,3.8900,3.8900,3.1100,3.1100,3.1100,3.1100,3.1100
9.360000,1.5000,1.5000,1.5000,1.5000,1.5000,3.8840,3.8840,3.8840,3.8840,3.8840,3.1160,3.1160,3.1160,3.1160,3.1160
9.370000,1.5000,1.5000,1.5000,1.5000,1.5000,3.8780,3.8780,3.8780,3.8780,3.8780,3.1220,3.1220,3.1220,3.1220,3.1220
9.380000,1.5000,1.5000,1.5000,1.5000,1.5000,3.8720,3.8720,3.8720,3.8720,3.8720,3.1280,3.1280,3.1280,3.1280,3.1280
9.390000,1.5000,1.5000,1.5000,1.5000,1.5000,3.8660,3.8660,3.8660,3.8660,3.8660,3.1340,3.1340,3.1340,3.1340,3.1340
9.400000,1.5000,1.5000,1.5000,1.5000,1.5000,3.8600,3.8600,3.8600,3.8600,3.8600,3.1400,3.1400,3.1400,3.1400,3.1400
9.410000,1.5000,1.5000,1.5000,1.5000,1.5000,3.8540,3.8540,3.8540,3.8540,3.8540,3.1460,3.1460,3.1460,3.1460,3.1460
9.420000,1.5000,1.5000,1.5000,1.5000,1.5000,3.8480,3.8480,3.8480,3.8480,3.8480,3.1520,3.1520,3.1520,3.1520,3.1520
9.430000,1.5000,1.5000,1.5000,1.5000,1.5000,3.8420,3.8420,3.8420,3.8420,3.8420,3.1580,3.1580,3.1580,3.1580,3.1580
9.440000,1.5000,1.5000,1.5000,1.5000,1.5000,3.8360,3.8360,3.8360,3.8360,3.8360,3.1640,3.1640,3.1640,3.1640,3.1640
9.450000,1.5000,1.5000,1.5000,1.5000,1.5000,3.8300,3.8300,3.8300,3.8300,3.8300,3.1700,3.1700,3.1700,3.1700,3.1700
9.460000,1.5000,1.5000,1.5000,1.5000,1.5000,3.8240,3.8240,3.8240,3.8240,3.8240,3.1760,3.1760,3.1760,3.1760,3.1760
9.470000,1.5000,1.5000,1.5000,1.5000,1.5000,3.8180,3.8180,3.8180,3.8180,3.8180,3.1820,3.1820,3.1820,3.1820,3.1820
9.480000,1.5000,1.5000,1.5000,1.5000,1.5000,3.8120,3.8120,3.8120,3.8120,3.8120,3.1880,3.1880,3.1880,3.1880,3.1880
9.490000,1.5000,1.5000,1.5000,1.5000,1.5000,3.8060,3.8060,3.8060,3.8060,3.8060,3.1940,3.1940,3.1940,3.1940,3.1940
9.500000,1.5000,1.5000,1.5000,1.5000,1.5000,3.8000,3.8000,3.8000,3.8000,3.8000,3.2000,3.2000,3.2000,3.2000,3.2000
9.510000,1.5000,1.5000,1.5000,1.5000,1.5000,3.7940,3.7940,3.7940,3.7940,3.7940,3.2060,3.2060,3.2060,3.2060,3.2060
9.520000,1.5000,1.5000,1.5000,1.5000,1.5000,3.7880,3.7880,3.7880,3.7880,3.7880,3.2120,3.2120,3.2120,3.2120,3.2120
9.530000,1.5000,1.5000,1.5000,1.5000,1.5000,3.7820,3.7820,3.7820,3.7820,3.7820,3.2180,3.2180,3.2180,3.2180,3.2180
9.540000,1.5000,1.5000,1.5000,1.5000,1.5000,3.7760,3.7760,3.7760,3.7760,3.7760,3.2240,3.2240,3.2240,3.2240,3.2240
9.550000,1.5000,1.5000,1.5000,1.5000,1.5000,3.7700,3.7700,3.7700,3.7700,3.7700,3.2300,3.2300,3.2300,3.2300,3.2300
9.560000,1.5000,1.5000,1.5000,1.5000,1.5000,3.7640,3.7640,3.7640,3.7640,3.7640,3.2360,3.2360,3.2360,3.2360,3.2360
9.570000,1.5000,1.5000,1.5000,1.5000,1.5000,3.7580,3.7580,3.7580,3.7580,3.7580,3.2420,3.2420,3.2420,3.2420,3.2420
9.580000,1.5000,1.5000,1.5000,1.5000,1.5000,3.7520,3.7520,3.7520,3.7520,3.7520,3.2480,3.2480,3.2480,3.2480,3.2480
9.590000,1.5000,1.5000,1.5000,1.5000,1.5000,3.7460,3.7460,3.7460,3.7460,3.7460,3.2540,3.2540,3.2540,3.2540,3.2540
9.600000,1.5000,1.5000,1.5000,1.5000,1.5000,3.7400,3.7400,3.7400,3.7400,3.7400,3.2600,3.2600,3.2600,3.2600,3.2600
9.610000,1.5000,1.5000,1.5000,1.5000,1.5000,3.7340,3.7340,3.7340,3.7340,3.7340,3.2660,3.2660,3.2660,3.2660,3.2660
9.620000,1.5000,1.5000,1.5000,1.5000,1.5000,3.7280,3.7280,3.7280,3.7280,3.7280,3.2720,3.2720,3.2720,3.2720,3.2720
9.630000,1.5000,1.5000,1.5000,1.5000,1.5000,3.7220,3.7220,3.7220,3.7220,3.7220,3.2780,3.2780,3.2780,3.2780,3.2780
9.640000,1.5000,1.5000,1.5000,1.5000,1.5000,3.7160,3.7160,3.7160,3.7160,3.7160,3.2840,3.2840,3.2840,3.2840,3.2840
9.650000,1.5000,1.5000,1.5000,1.5000,1.5000,3.7100,3.7100,3.7100,3.7100,3.7100,3.2900,3.2900,3.2900,3.2900,3.2900
9.660000,1.5000,1.5000,1.5000,1.5000,1.5000,3.7040,3.7040,3.7040,3.7040,3.7040,3.2960,3.2960,3.2960,3.2960,3.2960
9.670000,1.5000,1.5000,1.5000,1.5000,1.5000,3.6980,3.6980,3.6980,3.6980,3.6980,3.3020,3.3020,3.3020,3.3020,3.3020
9.680000,1.5000,1.5000,1.5000,1.5000,1.5000,3.6920,3.6920,3.6920,3.6920,3.6920,3.3080,3.3080,3.3080,3.3080,3.3080
9.690000,1.5000,1.5000,1.5000,1.5000,1.5000,3.6860,3.6860,3.6860,3.6860,3.6860,3.3140,3.3140,3.3140,3.3140,3.3140
9.700000,1.5000,1.5000,1.5000,1.5000,1.5000,3.6800,3.6800,3.6800,3.6800,3.6800,3.3200,3.3200,3.3200,3.3200,3.3200
9.710000,1.5000,1.5000,1.5000,1.5000,1.5000,3.6740,3.6740,3.6740,3.6740,3.6740,3.3260,3.3260,3.3260,3.3260,3.3260
9.720000,1.5000,1.5000,1.5000,1.5000,1.5000,3.6680,3.6680,3.6680,3.6680,3.6680,3.3320,3.3320,3.3320,3.3320,3.3320
9.730000,1.5000,1.5000,1.5000,1.5000,1.5000,3.6620,3.6620,3.6620,3.6620,3.6620,3.3380,3.3380,3.3380,3.3380,3.3380
9.740000,1.5000,1.5000,1.5000,1.5000,1.5000,3.6560,3.6560,3.6560,3.6560,3.6560,3.3440,3.3440,3.3440,3.3440,3.3440
9.750000,1.5000,1.5000,1.5000,1.5000,1.5000,3.6500,3.6500,3.6500,3.6500,3.6500,3.3500,3.3500,3.3500,3.3500,3.3500
9.760000,1.5000,1.5000,1.5000,1.5000,1.5000,3.6440,3.6440,3.6440,3.6440,3.6440,3.3560,3.3560,3.3560,3.3560,3.3560
9.770000,1.5000,1.5000,1.5000,1.5000,1.5000,3.6380,3.6380,3.6380,3.6380,3.6380,3.3620,3.3620,3.3620,3.3620,3.3620
9.780000,1.5000,1.5000,1.5000,1.5000,1.5000,3.6320,3.6320,3.6320,3.6320,3.6320,3.3680,3.3680,3.3680,3.3680,3.3680
9.790000,1.5000,1.5000,1.5000,1.5000,1.5000,3.6260,3.6260,3.6260,3.6260,3.6260,3.3740,3.3740,3.3740,3.3740,3.3740
9.800000,1.5000,1.5000,1.5000,1.5000,1.5000,3.6200,3.6200,3.6200,3.6200,3.6200,3.3800,3.3800,3.3800,3.3800,3.3800
9.810000,1.5000,1.5000,1.5000,1.5000,1.5000,3.6140,3.6140,3.6140,3.6140,3.6140,3.3860,3.3860,3.3860,3.3860,3.3860
9.820000,1.5000,1.5000,1.5000,1.5000,1.5000,3.6080,3.6080,3.6080,3.6080,3.6080,3.3920,3.3920,3.3920,3.3920,3.3920
9.830000,1.5000,1.5000,1.5000,1.5000,1.5000,3.6020,3.6020,3.6020,3.6020,3.6020,3.3980,3.3980,3.3980,3.3980,3.3980
9.840000,1.5000,1.5000,1.5000,1.5000,1.5000,3.5960,3.5960,3.5960,3.5960,3.5960,3.4040,3.4040,3.4040,3.4040,3.4040
9.850000,1.5000,1.5000,1.5000,1.5000,1.5000,3.5900,3.5900,3.5900,3.5900,3.5900,3.4100,3.4100,3.4100,3.4100,3.4100
9.860000,1.5000,1.5000,1.5000,1.5000,1.5000,3.5840,3.5840,3.5840,3.5840,3.5840,3.4160,3.4160,3.4160,3.4160,3.4160
9.870000,1.5000,1.5000,1.5000,1.5000,1.5000,3.5780,3.5780,3.5780,3.5780,3.5780,3.4220,3.4220,3.4220,3.4220,3.4220
9.880000,1.5000,1.5000,1.5000,1.5000,1.5000,3.5720,3.5720,3.5720,3.5720,3.5720,3.4280,3.4280,3.4280,3.4280,3.4280
9.890000,1.5000,1.5000,1.5000,1.5000,1.5000,3.5660,3.5660,3.5660,3.5660,3.5660,3.4340,3.4340,3.4340,3.4340,3.4340
9.900000,1.5000,1.5000,1.5000,1.5000,1.5000,3.5600,3.5600,3.5600,3.5600,3.5600,3.4400,3.4400,3.4400,3.4400,3.4400
9.910000,1.5000,1.5000,1.5000,1.5000,1.5000,3.5540,3.5540,3.5540,3.5540,3.5540,3.4460,3.4460,3.4460,3.4460,3.4460
9.920000,1.5000,1.5000,1.5000,1.5000,1.5000,3.5480,3.5480,3.5480,3.5480,3.5480,3.4520,3.4520,3.4520,3.4520,3.4520
9.930000,1.5000,1.5000,1.5000,1.5000,1.5000,3.5420,3.5420,3.5420,3.5420,3.5420,3.4580,3.4580,3.4580,3.4580,3.4580
9.940000,1.5000,1.5000,1.5000,1.5000,1.5000,3.5360,3.5360,3.5360,3.5360,3.5360,3.4640,3.4640,3.4640,3.4640,3.4640
9.950000,1.5000,1.5000,1.5000,1.5000,1.5000,3.5300,3.5300,3.5300,3.5300,3.5300,3.4700,3.4700,3.4700,3.4700,3.4700
9.960000,1.5000,1.5000,1.5000,1.5000,1.5000,3.5240,3.5240,3.5240,3.5240,3.5240,3.4760,3.4760,3.4760,3.4760,3.4760
9.970000,1.5000,1.5000,1.5000,1.5000,1.5000,3.5180,3.5180,3.5180,3.5180,3.5180,3.4820,3.4820,3.4820,3.4820,3.4820
9.980000,1.5000,1.5000,1.5000,1.5000,1.5000,3.5120,3.5120,3.5120,3.5120,3.5120,3.4880,3.4880,3.4880,3.4880,3.4880
9.990000,1.5000,1.5000,1.5000,1.5000,1.5000,3.5060,3.5060,3.5060,3.5060,3.5060,3.4940,3.4940,3.4940,3.4940,3.4940
10.000000,1.5000,1.5000,1.5000,1.5000,1.5000,3.5000,3.5000,3.5000,3.5000,3.5000,3.5000,3.5000,3.5000,3.5000,3.5000
10.010000,1.5000,1.5000,1.5000,1.5000,1.5000,3.4940,3.4940,3.4940,3.4940,3.4940,3.5060,3.5060,3.5060,3.5060,3.5060
10.020000,1.5000,1.5000,1.5000,1.5000,1.5000,3.4880,3.4880,3.4880,3.4880,3.4880,3.5120,3.5120,3.5120,3.5120,3.5120
10.030000,1.5000,1.5000,1.5000,1.5000,1.5000,3.4820,3.4820,3.4820,3.4820,3.4820,3.5180,3.5180,3.5180,3.5180,3.5180
10.040000,1.5000,1.5000,1.5000,1.5000,1.5000,3.4760,3.4760,3.4760,3.4760,3.4760,3.5240,3.5240,3.5240,3.5240,3.5240
10.050000,1.5000,1.5000,1.5000,1.5000,1.5000,3.4700,3.4700,3.4700,3.4700,3.4700,3.5300,3.5300,3.5300,3.5300,3.5300
10.060000,1.5000,1.5000,1.5000,1.5000,1.5000,3.4640,3.4640,3.4640,3.4640,3.4640,3.5360,3.5360,3.5360,3.5360,3.5360
10.070000,1.5000,1.5000,1.5000,1.5000,1.5000,3.4580,3.4580,3.4580,3.4580,3.4580,3.5420,3.5420,3.5420,3.5420,3.5420
10.080000,1.5000,1.5000,1.5000,1.5000,1.5000,3.4520,3.4520,3.4520,3.4520,3.4520,3.5480,3.5480,3.5480,3.5480,3.5480
10.090000,1.5000,1.5000,1.5000,1.5000,1.5000,3.4460,3.4460,3.4460,3.4460,3.4460,3.5540,3.5540,3.5540,3.5540,3.5540
10.100000,1.5000,1.5000,1.5000,1.5000,1.5000,3.4400,3.4400,3.4400,3.4400,3.4400,3.5600,3.5600,3.5600,3.5600,3.5600
10.110000,1.5000,1.5000,1.5000,1.5000,1.5000,3.4340,3.4340,3.4340,3.4340,3.4340,3.5660,3.5660,3.5660,3.5660,3.5660
10.120000,1.5000,1.5000,1.5000,1.5000,1.5000,3.4280,3.4280,3.4280,3.4280,3.4280,3.5720,3.5720,3.5720,3.5720,3.5720
10.130000,1.5000,1.5000,1.5000,1.5000,1.5000,3.4220,3.4220,3.4220,3.4220,3.4220,3.5780,3.5780,3.5780,3.5780,3.5780
10.140000,1.5000,1.5000,1.5000,1.5000,1.5000,3.4160,3.4160,3.4160,3.4160,3.4160,3.5840,3.5840,3.5840,3.5840,3.5840
10.150000,1.5000,1.5000,1.5000,1.5000,1.5000,3.4100,3.4100,3.4100,3.4100,3.4100,3.5900,3.5900,3.5900,3.5900,3.5900
10.160000,1.5000,1.5000,1.5000,1.5000,1.5000,3.4040,3.4040,3.4040,3.4040,3.4040,3.5960,3.5960,3.5960,3.5960,3.5960
10.170000,1.5000,1.5000,1.5000,1.5000,1.5000,3.3980,3.3980,3.3980,3.3980,3.3980,3.6020,3.6020,3.6020,3.6020,3.6020
10.180000,1.5000,1.5000,1.5000,1.5000,1.5000,3.3920,3.3920,3.3920,3.3920,3.3920,3.6080,3.6080,3.6080,3.6080,3.6080
10.190000,1.5000,1.5000,1.5000,1.5000,1.5000,3.3860,3.3860,3.3860,3.3860,3.3860,3.6140,3.6140,3.6140,3.6140,3.6140
10.200000,1.5000,1.5000,1.5000,1.5000,1.5000,3.3800,3.3800,3.3800,3.3800,3.3800,3.6200,3.6200,3.6200,3.6200,3.6200
10.210000,1.5000,1.5000,1.5000,1.5000,1.5000,3.3740,3.3740,3.3740,3.3740,3.3740,3.6260,3.6260,3.6260,3.6260,3.6260
10.220000,1.5000,1.5000,1.5000,1.5000,1.5000,3.3680,3.3680,3.3680,3.3680,3.3680,3.6320,3.6320,3.6320,3.6320,3.6320
10.230000,1.5000,1.5000,1.5000,1.5000,1.5000,3.3620,3.3620,3.3620,3.3620,3.3620,3.6380,3.6380,3.6380,3.6380,3.6380
10.240000,1.5000,1.5000,1.5000,1.5000,1.5000,3.3560,3.3560,3.3560,3.3560,3.3560,3.6440,3.6440,3.6440,3.6440,3.6440
10.250000,1.5000,1.5000,1.5000,1.5000,1.5000,3.3500,3.3500,3.3500,3.3500,3.3500,3.6500,3.6500,3.6500,3.6500,3.6500
10.260000,1.5000,1.5000,1.5000,1.5000,1.5000,3.3440,3.3440,3.3440,3.3440,3.3440,3.6560,3.6560,3.6560,3.6560,3.6560
10.270000,1.5000,1.5000,1.5000,1.5000,1.5000,3.3380,3.3380,3.3380,3.3380,3.3380,3.6620,3.6620,3.6620,3.6620,3.6620
10.280000,1.5000,1.5000,1.5000,1.5000,1.5000,3.3320,3.3320,3.3320,3.3320,3.3320,3.6680,3.6680,3.6680,3.6680,3.6680
10.290000,1.5000,1.5000,1.5000,1.5000,1.5000,3.3260,3.3260,3.3260,3.3260,3.3260,3.6740,3.6740,3.6740,3.6740,3.6740
10.300000,1.5000,1.5000,1.5000,1.5000,1.5000,3.3200,3.3200,3.3200,3.3200,3.3200,3.6800,3.6800,3.6800,3.6800,3.6800
10.310000,1.5000,1.5000,1.5000,1.5000,1.5000,3.3140,3.3140,3.3140,3.3140,3.3140,3.6860,3.6860,3.6860,3.6860,3.6860
10.320000,1.5000,1.5000,1.5000,1.5000,1.5000,3.3080,3.3080,3.3080,3.3080,3.3080,3.6920,3.6920,3.6920,3.6920,3.6920
10.330000,1.5000,1.5000,1.5000,1.5000,1.5000,3.3020,3.3020,3.3020,3.3020,3.3020,3.6980,3.6980,3.6980,3.6980,3.6980
10.340000,1.5000,1.5000,1.5000,1.5000,1.5000,3.2960,3.2960,3.2960,3.2960,3.2960,3.7040,3.7040,3.7040,3.7040,3.7040
10.350000,1.5000,1.5000,1.5000,1.5000,1.5000,3.2900,3.2900,3.2900,3.2900,3.2900,3.7100,3.7100,3.7100,3.7100,3.7100
10.360000,1.5000,1.5000,1.5000,1.5000,1.5000,3.2840,3.2840,3.2840,3.2840,3.2840,3.7160,3.7160,3.7160,3.7160,3.7160
10.370000,1.5000,1.5000,1.5000,1.5000,1.5000,3.2780,3.2780,3.2780,3.2780,3.2780,3.7220,3.7220,3.7220,3.7220,3.7220
10.380000,1.5000,1.5000,1.5000,1.5000,1.5000,3.2720,3.2720,3.2720,3.2720,3.2720,3.7280,3.7280,3.7280,3.7280,3.7280
10.390000,1.5000,1.5000,1.5000,1.5000,1.5000,3.2660,3.2660,3.2660,3.2660,3.2660,3.7340,3.7340,3.7340,3.7340,3.7340
10.400000,1.5000,1.5000,1.5000,1.5000,1.5000,3.2600,3.2600,3.2600,3.2600,3.2600,3.7400,3.7400,3.7400,3.7400,3.7400
10.410000,1.5000,1.5000,1.5000,1.5000,1.5000,3.2540,3.2540,3.2540,3.2540,3.2540,3.7460,3.7460,3.7460,3.7460,3.7460
10.420000,1.5000,1.5000,1.5000,1.5000,1.5000,3.2480,3.2480,3.2480,3.2480,3.2480,3.7520,3.7520,3.7520,3.7520,3.7520
10.430000,1.5000,1.5000,1.5000,1.5000,1.5000,3.2420,3.2420,3.2420,3.2420,3.2420,3.7580,3.7580,3.7580,3.7580,3.7580
10.440000,1.5000,1.5000,1.5000,1.5000,1.5000,3.2360,3.2360,3.2360,3.2360,3.2360,3.7640,3.7640,3.7640,3.7640,3.7640
10.450000,1.5000,1.5000,1.5000,1.5000,1.5000,3.2300,3.2300,3.2300,3.2300,3.2300,3.7700,3.7700,3.7700,3.7700,3.7700
10.460000,1.5000,1.5000,1.5000,1.5000,1.5000,3.2240,3.2240,3.2240,3.2240,3.2240,3.7760,3.7760,3.7760,3.7760,3.7760
10.470000,1.5000,1.5000,1.5000,1.5000,1.5000,3.2180,3.2180,3.2180,3.2180,3.2180,3.7820,3.7820,3.7820,3.7820,3.7820
10.480000,1.5000,1.5000,1.5000,1.5000,1.5000,3.2120,3.2120,3.2120,3.2120,3.2120,3.7880,3.7880,3.7880,3.7880,3.7880
10.490000,1.5000,1.5000,1.5000,1.5000,1.5000,3.2060,3.2060,3.2060,3.2060,3.2060,3.7940,3.7940,3.7940,3.7940,3.7940
10.500000,1.5000,1.5000,1.5000,1.5000,1.5000,3.2000,3.2000,3.2000,3.2000,3.2000,3.8000,3.8000,3.8000,3.8000,3.8000
10.510000,1.5000,1.5000,1.5000,1.5000,1.5000,3.1940,3.1940,3.1940,3.1940,3.1940,3.8060,3.8060,3.8060,3.8060,3.8060
10.520000,1.5000,1.5000,1.5000,1.5000,1.5000,3.1880,3.1880,3.1880,3.1880,3.1880,3.8120,3.8120,3.8120,3.8120,3.8120
10.530000,1.5000,1.5000,1.5000,1.5000,1.5000,3.1820,3.1820,3.1820,3.1820,3.1820,3.8180,3.8180,3.8180,3.8180,3.8180
10.540000,1.5000,1.5000,1.5000,1.5000,1.5000,3.1760,3.1760,3.1760,3.1760,3.1760,3.8240,3.8240,3.8240,3.8240,3.8240
10.550000,1.5000,1.5000,1.5000,1.5000,1.5000,3.1700,3.1700,3.1700,3.1700,3.1700,3.8300,3.8300,3.8300,3.8300,3.8300
10.560000,1.5000,1.5000,1.5000,1.5000,1.5000,3.1640,3.1640,3.1640,3.1640,3.1640,3.8360,3.8360,3.8360,3.8360,3.8360
10.570000,1.5000,1.5000,1.5000,1.5000,1.5000,3.1580,3.1580,3.1580,3.1580,3.1580,3.8420,3.8420,3.8420,3.8420,3.8420
10.580000,1.5000,1.5000,1.5000,1.5000,1.5000,3.1520,3.1520,3.1520,3.1520,3.1520,3.8480,3.8480,3.8480,3.8480,3.8480
10.590000,1.5000,1.5000,1.5000,1.5000,1.5000,3.1460,3.1460,3.1460,3.1460,3.1460,3.8540,3.8540,3.8540,3.8540,3.8540
10.600000,1.5000,1.5000,1.5000,1.5000,1.5000,3.1400,3.1400,3.1400,3.1400,3.1400,3.8600,3.8600,3.8600,3.8600,3.8600
10.610000,1.5000,1.5000,1.5000,1.5000,1.5000,3.1340,3.1340,3.1340,3.1340,3.1340,3.8660,3.8660,3.8660,3.8660,3.8660
10.620000,1.5000,1.5000,1.5000,1.5000,1.5000,3.1280,3.1280,3.1280,3.1280,3.1280,3.8720,3.8720,3.8720,3.8720,3.8720
10.630000,1.5000,1.5000,1.5000,1.5000,1.5000,3.1220,3.1220,3.1220,3.1220,3.1220,3.8780,3.8780,3.8780,3.8780,3.8780
10.640000,1.5000,1.5000,1.5000,1.5000,1.5000,3.1160,3.1160,3.1160,3.1160,3.1160,3.8840,3.8840,3.8840,3.8840,3.8840
10.650000,1.5000,1.5000,1.5000,1.5000,1.5000,3.1100,3.1100,3.1100,3.1100,3.1100,3.8900,3.8900,3.8900,3.8900,3.8900
10.660000,1.5000,1.5000,1.5000,1.5000,1.5000,3.1040,3.1040,3.1040,3.1040,3.1040,3.8960,3.8960,3.8960,3.8960,3.8960
10.670000,1.5000,1.5000,1.5000,1.5000,1.5000,3.0980,3.0980,3.0980,3.0980,3.0980,3.9020,3.9020,3.9020,3.9020,3.9020
10.680000,1.5000,1.5000,1.5000,1.5000,1.5000,3.0920,3.0920,3.0920,3.0920,3.0920,3.9080,3.9080,3.9080,3.9080,3.9080
10.690000,1.5000,1.5000,1.5000,1.5000,1.5000,3.0860,3.0860,3.0860,3.0860,3.0860,3.9140,3.9140,3.9140,3.9140,3.9140
10.700000,1.5000,1.5000,1.5000,1.5000,1.5000,3.0800,3.0800,3.0800,3.0800,3.0800,3.9200,3.9200,3.9200,3.9200,3.9200
10.710000,1.5000,1.5000,1.5000,1.5000,1.5000,3.0740,3.0740,3.0740,3.0740,3.0740,3.9260,3.9260,3.9260,3.9260,3.9260
10.720000,1.5000,1.5000,1.5000,1.5000,1.5000,3.0680,3.0680,3.0680,3.0680,3.0680,3.9320,3.9320,3.9320,3.9320,3.9320
10.730000,1.5000,1.5000,1.5000,1.5000,1.5000,3.0620,3.0620,3.0620,3.0620,3.0620,3.9380,3.9380,3.9380,3.9380,3.9380
10.740000,1.5000,1.5000,1.5000,1.5000,1.5000,3.0560,3.0560,3.0560,3.0560,3.0560,3.9440,3.9440,3.9440,3.9440,3.9440
10.750000,1.5000,1.5000,1.5000,1.5000,1.5000,3.0500,3.0500,3.0500,3.0500,3.0500,3.9500,3.9500,3.9500,3.9500,3.9500
10.760000,1.5000,1.5000,1.5000,1.5000,1.5000,3.0440,3.0440,3.0440,3.0440,3.0440,3.9560,3.9560,3.9560,3.9560,3.9560
10.770000,1.5000,1.5000,1.5000,1.5000,1.5000,3.0380,3.0380,3.0380,3.0380,3.0380,3.9620,3.9620,3.9620,3.9620,3.9620
10.780000,1.5000,1.5000,1.5000,1.5000,1.5000,3.0320,3.0320,3.0320,3.0320,3.0320,3.9680,3.9680,3.9680,3.9680,3.9680
10.790000,1.5000,1.5000,1.5000,1.5000,1.5000,3.0260,3.0260,3.0260,3.0260,3.0260,3.9740,3.9740,3.9740,3.9740,3.9740
10.800000,1.5000,1.5000,1.5000,1.5000,1.5000,3.0200,3.0200,3.0200,3.0200,3.0200,3.9800,3.9800,3.9800,3.9800,3.9800
10.810000,1.5000,1.5000,1.5000,1.5000,1.5000,3.0140,3.0140,3.0140,3.0140,3.0140,3.9860,3.9860,3.9860,3.9860,3.9860
10.820000,1.5000,1.5000,1.5000,1.5000,1.5000,3.0080,3.0080,3.0080,3.0080,3.0080,3.9920,3.9920,3.9920,3.9920,3.9920
10.830000,1.5000,1.5000,1.5000,1.5000,1.5000,3.0020,3.0020,3.0020,3.0020,3.0020,3.9980,3.9980,3.9980,3.9980,3.9980
10.840000,1.5000,1.5000,1.5000,1.5000,1.5000,2.9960,2.9960,2.9960,2.9960,2.9960,4.0040,4.0040,4.0040,4.0040,4.0040
10.850000,1.5000,1.5000,1.5000,1.5000,1.5000,2.9900,2.9900,2.9900,2.9900,2.9900,4.0100,4.0100,4.0100,4.0100,4.0100
10.860000,1.5000,1.5000,1.5000,1.5000,1.5000,2.9840,2.9840,2.9840,2.9840,2.9840,4.0160,4.0160,4.0160,4.0160,4.0160
10.870000,1.5000,1.5000,1.5000,1.5000,1.5000,2.9780,2.9780,2.9780,2.9780,2.9780,4.0220,4.0220,4.0220,4.0220,4.0220
10.880000,1.5000,1.5000,1.5000,1.5000,1.5000,2.9720,2.9720,2.9720,2.9720,2.9720,4.0280,4.0280,4.0280,4.0280,4.0280
10.890000,1.5000,1.5000,1.5000,1.5000,1.5000,2.9660,2.9660,2.9660,2.9660,2.9660,4.0340,4.0340,4.0340,4.0340,4.0340
10.900000,1.5000,1.5000,1.5000,1.5000,1.5000,2.9600,2.9600,2.9600,2.9600,2.9600,4.0400,4.0400,4.0400,4.0400,4.0400
10.910000,1.5000,1.5000,1.5000,1.5000,1.5000,2.9540,2.9540,2.9540,2.9540,2.9540,4.0460,4.0460,4.0460,4.0460,4.0460
10.920000,1.5000,1.5000,1.5000,1.5000,1.5000,2.9480,2.9480,2.9480,2.9480,2.9480,4.0520,4.0520,4.0520,4.0520,4.0520
10.930000,1.5000,1.5000,1.5000,1.5000,1.5000,2.9420,2.9420,2.9420,2.9420,2.9420,4.0580,4.0580,4.0580,4.0580,4.0580
10.940000,1.5000,1.5000,1.5000,1.5000,1.5000,2.9360,2.9360,2.9360,2.9360,2.9360,4.0640,4.0640,4.0640,4.0640,4.0640
10.950000,1.5000,1.5000,1.5000,1.5000,1.5000,2.9300,2.9300,2.9300,2.9300,2.9300,4.0700,4.0700,4.0700,4.0700,4.0700
10.960000,1.5000,1.5000,1.5000,1.5000,1.5000,2.9240,2.9240,2.9240,2.9240,2.9240,4.0760,4.0760,4.0760,4.0760,4.0760
10.970000,1.5000,1.5000,1.5000,1.5000,1.5000,2.9180,2.9180,2.9180,2.9180,2.9180,4.0820,4.0820,4.0820,4.0820,4.0820
10.980000,1.5000,1.5000,1.5000,1.5000,1.5000,2.9120,2.9120,2.9120,2.9120,2.9120,4.0880,4.0880,4.0880,4.0880,4.0880
10.990000,1.5000,1.5000,1.5000,1.5000,1.5000,2.9060,2.9060,2.9060,2.9060,2.9060,4.0940,4.0940,4.0940,4.0940,4.0940
11.000000,1.5000,1.5000,1.5000,1.5000,1.5000,2.9000,2.9000,2.9000,2.9000,2.9000,4.1000,4.1000,4.1000,4.1000,4.1000
11.010000,1.5000,1.5000,1.5000,1.5000,1.5000,2.8940,2.8940,2.8940,2.8940,2.8940,4.1060,4.1060,4.1060,4.1060,4.1060
11.020000,1.5000,1.5000,1.5000,1.5000,1.5000,2.8880,2.8880,2.8880,2.8880,2.8880,4.1120,4.1120,4.1120,4.1120,4.1120
11.030000,1.5000,1.5000,1.5000,1.5000,1.5000,2.8820,2.8820,2.8820,2.8820,2.8820,4.1180,4.1180,4.1180,4.1180,4.1180
11.040000,1.5000,1.5000,1.5000,1.5000,1.5000,2.8760,2.8760,2.8760,2.8760,2.8760,4.1240,4.1240,4.1240,4.1240,4.1240
11.050000,1.5000,1.5000,1.5000,1.5000,1.5000,2.8700,2.8700,2.8700,2.8700,2.8700,4.1300,4.1300,4.1300,4.1300,4.1300
11.060000,1.5000,1.5000,1.5000,1.5000,1.5000,2.8640,2.8640,2.8640,2.8640,2.8640,4.1360,4.1360,4.1360,4.1360,4.1360
11.070000,1.5000,1.5000,1.5000,1.5000,1.5000,2.8580,2.8580,2.8580,2.8580,2.8580,4.1420,4.1420,4.1420,4.1420,4.1420
11.080000,1.5000,1.5000,1.5000,1.5000,1.5000,2.8520,2.8520,2.8520,2.8520,2.8520,4.1480,4.1480,4.1480,4.1480,4.1480
11.090000,1.5000,1.5000,1.5000,1.5000,1.5000,2.8460,2.8460,2.8460,2.8460,2.8460,4.1540,4.1540,4.1540,4.1540,4.1540
11.100000,1.5000,1.5000,1.5000,1.5000,1.5000,2.8400,2.8400,2.8400,2.8400,2.8400,4.1600,4.1600,4.1600,4.1600,4.1600
11.110000,1.5000,1.5000,1.5000,1.5000,1.5000,2.8340,2.8340,2.8340,2.8340,2.8340,4.1660,4.1660,4.1660,4.1660,4.1660
11.120000,1.5000,1.5000,1.5000,1.5000,1.5000,2.8280,2.8280,2.8280,2.8280,2.8280,4.1720,4.1720,4.1720,4.1720,4.1720
11.130000,1.5000,1.5000,1.5000,1.5000,1.5000,2.8220,2.8220,2.8220,2.8220,2.8220,4.1780,4.1780,4.1780,4.1780,4.1780
11.140000,1.5000,1.5000,1.5000,1.5000,1.5000,2.8160,2.8160,2.8160,2.8160,2.8160,4.1840,4.1840,4.1840,4.1840,4.1840
11.150000,1.5000,1.5000,1.5000,1.5000,1.5000,2.8100,2.8100,2.8100,2.8100,2.8100,4.1900,4.1900,4.1900,4.1900,4.1900
11.160000,1.5000,1.5000,1.5000,1.5000,1.5000,2.8040,2.8040,2.8040,2.8040,2.8040,4.1960,4.1960,4.1960,4.1960,4.1960
11.170000,1.5000,1.5000,1.5000,1.5000,1.5000,2.7980,2.7980,2.7980,2.7980,2.7980,4.2020,4.2020,4.2020,4.2020,4.2020
11.180000,1.5000,1.5000,1.5000,1.5000,1.5000,2.7920,2.7920,2.7920,2.7920,2.7920,4.2080,4.2080,4.2080,4.2080,4.2080
11.190000,1.5000,1.5000,1.5000,1.5000,1.5000,2.7860,2.7860,2.7860,2.7860,2.7860,4.2140,4.2140,4.2140,4.2140,4.2140
11.200000,1.5000,1.5000,1.5000,1.5000,1.5000,2.7800,2.7800,2.7800,2.7800,2.7800,4.2200,4.2200,4.2200,4.2200,4.2200
11.210000,1.5000,1.5000,1.5000,1.5000,1.5000,2.7740,2.7740,2.7740,2.7740,2.7740,4.2260,4.2260,4.2260,4.2260,4.2260
11.220000,1.5000,1.5000,1.5000,1.5000,1.5000,2.7680,2.7680,2.7680,2.7680,2.7680,4.2320,4.2320,4.2320,4.2320,4.2320
11.230000,1.5000,1.5000,1.5000,1.5000,1.5000,2.7620,2.7620,2.7620,2.7620,2.7620,4.2380,4.2380,4.2380,4.2380,4.2380
11.240000,1.5000,1.5000,1.5000,1.5000,1.5000,2.7560,2.7560,2.7560,2.7560,2.7560,4.2440,4.2440,4.2440,4.2440,4.2440
11.250000,1.5000,1.5000,1.5000,1.5000,1.5000,2.7500,2.7500,2.7500,2.7500,2.7500,4.2500,4.2500,4.2500,4.2500,4.2500
11.260000,1.5000,1.5000,1.5000,1.5000,1.5000,2.7440,2.7440,2.7440,2.7440,2.7440,4.2560,4.2560,4.2560,4.2560,4.2560
11.270000,1.5000,1.5000,1.5000,1.5000,1.5000,2.7380,2.7380,2.7380,2.7380,2.7380,4.2620,4.2620,4.2620,4.2620,4.2620
11.280000,1.5000,1.5000,1.5000,1.5000,1.5000,2.7320,2.7320,2.7320,2.7320,2.7320,4.2680,4.2680,4.2680,4.2680,4.2680
11.290000,1.5000,1.5000,1.5000,1.5000,1.5000,2.7260,2.7260,2.7260,2.7260,2.7260,4.2740,4.2740,4.2740,4.2740,4.2740
11.300000,1.5000,1.5000,1.5000,1.5000,1.5000,2.7200,2.7200,2.7200,2.7200,2.7200,4.2800,4.2800,4.2800,4.2800,4.2800
11.310000,1.5000,1.5000,1.5000,1.5000,1.5000,2.7140,2.7140,2.7140,2.7140,2.7140,4.2860,4.2860,4.2860,4.2860,4.2860
11.320000,1.5000,1.5000,1.5000,1.5000,1.5000,2.7080,2.7080,2.7080,2.7080,2.7080,4.2920,4.2920,4.2920,4.2920,4.2920
11.330000,1.5000,1.5000,1.5000,1.5000,1.5000,2.7020,2.7020,2.7020,2.7020,2.7020,4.2980,4.2980,4.2980,4.2980,4.2980
11.340000,1.5000,1.5000,1.5000,1.5000,1.5000,2.6960,2.6960,2.6960,2.6960,2.6960,4.3040,4.3040,4.3040,4.3040,4.3040
11.350000,1.5000,1.5000,1.5000,1.5000,1.5000,2.6900,2.6900,2.6900,2.6900,2.6900,4.3100,4.3100,4.3100,4.3100,4.3100
11.360000,1.5000,1.5000,1.5000,1.5000,1.5000,2.6840,2.6840,2.6840,2.6840,2.6840,4.3160,4.3160,4.3160,4.3160,4.3160
11.370000,1.5000,1.5000,1.5000,1.5000,1.5000,2.6780,2.6780,2.6780,2.6780,2.6780,4.3220,4.3220,4.3220,4.3220,4.3220
11.380000,1.5000,1.5000,1.5000,1.5000,1.5000,2.6720,2.6720,2.6720,2.6720,2.6720,4.3280,4.3280,4.3280,4.3280,4.3280
11.390000,1.5000,1.5000,1.5000,1.5000,1.5000,2.6660,2.6660,2.6660,2.6660,2.6660,4.3340,4.3340,4.3340,4.3340,4.3340
11.400000,1.5000,1.5000,1.5000,1.5000,1.5000,2.6600,2.6600,2.6600,2.6600,2.6600,4.3400,4.3400,4.3400,4.3400,4.3400
11.410000,1.5000,1.5000,1.5000,1.5000,1.5000,2.6540,2.6540,2.6540,2.6540,2.6540,4.3460,4.3460,4.3460,4.3460,4.3460
11.420000,1.5000,1.5000,1.5000,1.5000,1.5000,2.6480,2.6480,2.6480,2.6480,2.6480,4.3520,4.3520,4.3520,4.3520,4.3520
11.430000,1.5000,1.5000,1.5000,1.5000,1.5000,2.6420,2.6420,2.6420,2.6420,2.6420,4.3580,4.3580,4.3580,4.3580,4.3580
11.440000,1.5000,1.5000,1.5000,1.5000,1.5000,2.6360,2.6360,2.6360,2.6360,2.6360,4.3640,4.3640,4.3640,4.3640,4.3640
11.450000,1.5000,1.5000,1.5000,1.5000,1.5000,2.6300,2.6300,2.6300,2.6300,2.6300,4.3700,4.3700,4.3700,4.3700,4.3700
11.460000,1.5000,1.5000,1.5000,1.5000,1.5000,2.6240,2.6240,2.6240,2.6240,2.6240,4.3760,4.3760,4.3760,4.3760,4.3760
11.470000,1.5000,1.5000,1.5000,1.5000,1.5000,2.6180,2.6180,2.6180,2.6180,2.6180,4.3820,4.3820,4.3820,4.3820,4.3820
11.480000,1.5000,1.5000,1.5000,1.5000,1.5000,2.6120,2.6120,2.6120,2.6120,2.6120,4.3880,4.3880,4.3880,4.3880,4.3880
11.490000,1.5000,1.5000,1.5000,1.5000,1.5000,2.6060,2.6060,2.6060,2.6060,2.6060,4.3940,4.3940,4.3940,4.3940,4.3940
11.500000,1.5000,1.5000,1.5000,1.5000,1.5000,2.6000,2.6000,2.6000,2.6000,2.6000,4.4000,4.4000,4.4000,4.4000,4.4000
11.510000,1.5000,1.5000,1.5000,1.5000,1.5000,2.5940,2.5940,2.5940,2.5940,2.5940,4.4060,4.4060,4.4060,4.4060,4.4060
11.520000,1.5000,1.5000,1.5000,1.5000,1.5000,2.5880,2.5880,2.5880,2.5880,2.5880,4.4120,4.4120,4.4120,4.4120,4.4120
11.530000,1.5000,1.5000,1.5000,1.5000,1.5000,2.5820,2.5820,2.5820,2.5820,2.5820,4.4180,4.4180,4.4180,4.4180,4.4180
11.540000,1.5000,1.5000,1.5000,1.5000,1.5000,2.5760,2.5760,2.5760,2.5760,2.5760,4.4240,4.4240,4.4240,4.4240,4.4240
11.550000,1.5000,1.5000,1.5000,1.5000,1.5000,2.5700,2.5700,2.5700,2.5700,2.5700,4.4300,4.4300,4.4300,4.4300,4.4300
11.560000,1.5000,1.5000,1.5000,1.5000,1.5000,2.5640,2.5640,2.5640,2.5640,2.5640,4.4360,4.4360,4.4360,4.4360,4.4360
11.570000,1.5000,1.5000,1.5000,1.5000,1.5000,2.5580,2.5580,2.5580,2.5580,2.5580,4.4420,4.4420,4.4420,4.4420,4.4420
11.580000,1.5000,1.5000,1.5000,1.5000,1.5000,2.5520,2.5520,2.5520,2.5520,2.5520,4.4480,4.4480,4.4480,4.4480,4.4480
11.590000,1.5000,1.5000,1.5000,1.5000,1.5000,2.5460,2.5460,2.5460,2.5460,2.5460,4.4540,4.4540,4.4540,4.4540,4.4540
11.600000,1.5000,1.5000,1.5000,1.5000,1.5000,2.5400,2.5400,2.5400,2.5400,2.5400,4.4600,4.4600,4.4600,4.4600,4.4600
11.610000,1.5000,1.5000,1.5000,1.5000,1.5000,2.5340,2.5340,2.5340,2.5340,2.5340,4.4660,4.4660,4.4660,4.4660,4.4660
11.620000,1.5000,1.5000,1.5000,1.5000,1.5000,2.5280,2.5280,2.5280,2.5280,2.5280,4.4720,4.4720,4.4720,4.4720,4.4720
11.630000,1.5000,1.5000,1.5000,1.5000,1.5000,2.5220,2.5220,2.5220,2.5220,2.5220,4.4780,4.4780,4.4780,4.4780,4.4780
11.640000,1.5000,1.5000,1.5000,1.5000,1.5000,2.5160,2.5160,2.5160,2.5160,2.5160,4.4840,4.4840,4.4840,4.4840,4.4840
11.650000,1.5000,1.5000,1.5000,1.5000,1.5000,2.5100,2.5100,2.5100,2.5100,2.5100,4.4900,4.4900,4.4900,4.4900,4.4900
11.660000,1.5000,1.5000,1.5000,1.5000,1.5000,2.5040,2.5040,2.5040,2.5040,2.5040,4.4960,4.4960,4.4960,4.4960,4.4960
11.670000,1.5000,1.5000,1.5000,1.5000,1.5000,2.4980,2.4980,2.4980,2.4980,2.4980,4.5020,4.5020,4.5020,4.5020,4.5020
11.680000,1.5000,1.5000,1.5000,1.5000,1.5000,2.4920,2.4920,2.4920,2.4920,2.4920,4.5080,4.5080,4.5080,4.5080,4.5080
11.690000,1.5000,1.5000,1.5000,1.5000,1.5000,2.4860,2.4860,2.4860,2.4860,2.4860,4.5140,4.5140,4.5140,4.5140,4.5140
11.700000,1.5000,1.5000,1.5000,1.5000,1.5000,2.4800,2.4800,2.4800,2.4800,2.4800,4.5200,4.5200,4.5200,4.5200,4.5200
11.710000,1.5000,1.5000,1.5000,1.5000,1.5000,2.4740,2.4740,2.4740,2.4740,2.4740,4.5260,4.5260,4.5260,4.5260,4.5260
11.720000,1.5000,1.5000,1.5000,1.5000,1.5000,2.4680,2.4680,2.4680,2.4680,2.4680,4.5320,4.5320,4.5320,4.5320,4.5320
11.730000,1.5000,1.5000,1.5000,1.5000,1.5000,2.4620,2.4620,2.4620,2.4620,2.4620,4.5380,4.5380,4.5380,4.5380,4.5380
11.740000,1.5000,1.5000,1.5000,1.5000,1.5000,2.4560,2.4560,2.4560,2.4560,2.4560,4.5440,4.5440,4.5440,4.5440,4.5440
11.750000,1.5000,1.5000,1.5000,1.5000,1.5000,2.4500,2.4500,2.4500,2.4500,2.4500,4.5500,4.5500,4.5500,4.5500,4.5500
11.760000,1.5000,1.5000,1.5000,1.5000,1.5000,2.4440,2.4440,2.4440,2.4440,2.4440,4.5560,4.5560,4.5560,4.5560,4.5560
11.770000,1.5000,1.5000,1.5000,1.5000,1.5000,2.4380,2.4380,2.4380,2.4380,2.4380,4.5620,4.5620,4.5620,4.5620,4.5620
11.780000,1.5000,1.5000,1.5000,1.5000,1.5000,2.4320,2.4320,2.4320,2.4320,2.4320,4.5680,4.5680,4.5680,4.5680,4.5680
11.790000,1.5000,1.5000,1.5000,1.5000,1.5000,2.4260,2.4260,2.4260,2.4260,2.4260,4.5740,4.5740,4.5740,4.5740,4.5740
11.800000,1.5000,1.5000,1.5000,1.5000,1.5000,2.4200,2.4200,2.4200,2.4200,2.4200,4.5800,4.5800,4.5800,4.5800,4.5800
11.810000,1.5000,1.5000,1.5000,1.5000,1.5000,2.4140,2.4140,2.4140,2.4140,2.4140,4.5860,4.5860,4.5860,4.5860,4.5860
11.820000,1.5000,1.5000,1.5000,1.5000,1.5000,2.4080,2.4080,2.4080,2.4080,2.4080,4.5920,4.5920,4.5920,4.5920,4.5920
11.830000,1.5000,1.5000,1.5000,1.5000,1.5000,2.4020,2.4020,2.4020,2.4020,2.4020,4.5980,4.5980,4.5980,4.5980,4.5980
11.840000,1.5000,1.5000,1.5000,1.5000,1.5000,2.3960,2.3960,2.3960,2.3960,2.3960,4.6040,4.6040,4.6040,4.6040,4.6040
11.850000,1.5000,1.5000,1.5000,1.5000,1.5000,2.3900,2.3900,2.3900,2.3900,2.3900,4.6100,4.6100,4.6100,4.6100,4.6100
11.860000,1.5000,1.5000,1.5000,1.5000,1.5000,2.3840,2.3840,2.3840,2.3840,2.3840,4.6160,4.6160,4.6160,4.6160,4.6160
11.870000,1.5000,1.5000,1.5000,1.5000,1.5000,2.3780,2.3780,2.3780,2.3780,2.3780,4.6220,4.6220,4.6220,4.6220,4.6220
11.880000,1.5000,1.5000,1.5000,1.5000,1.5000,2.3720,2.3720,2.3720,2.3720,2.3720,4.6280,4.6280,4.6280,4.6280,4.6280
11.890000,1.5000,1.5000,1.5000,1.5000,1.5000,2.3660,2.3660,2.3660,2.3660,2.3660,4.6340,4.6340,4.6340,4.6340,4.6340
11.900000,1.5000,1.5000,1.5000,1.5000,1.5000,2.3600,2.3600,2.3600,2.3600,2.3600,4.6400,4.6400,4.6400,4.6400,4.6400
11.910000,1.5000,1.5000,1.5000,1.5000,1.5000,2.3540,2.3540,2.3540,2.3540,2.3540,4.6460,4.6460,4.6460,4.6460,4.6460
11.920000,1.5000,1.5000,1.5000,1.5000,1.5000,2.3480,2.3480,2.3480,2.3480,2.3480,4.6520,4.6520,4.6520,4.6520,4.6520
11.930000,1.5000,1.5000,1.5000,1.5000,1.5000,2.3420,2.3420,2.3420,2.3420,2.3420,4.6580,4.6580,4.6580,4.6580,4.6580
11.940000,1.5000,1.5000,1.5000,1.5000,1.5000,2.3360,2.3360,2.3360,2.3360,2.3360,4.6640,4.6640,4.6640,4.6640,4.6640
11.950000,1.5000,1.5000,1.5000,1.5000,1.5000,2.3300,2.3300,2.3300,2.3300,2.3300,4.6700,4.6700,4.6700,4.6700,4.6700
11.960000,1.5000,1.5000,1.5000,1.5000,1.5000,2.3240,2.3240,2.3240,2.3240,2.3240,4.6760,4.6760,4.6760,4.6760,4.6760
11.970000,1.5000,1.5000,1.5000,1.5000,1.5000,2.3180,2.3180,2.3180,2.3180,2.3180,4.6820,4.6820,4.6820,4.6820,4.6820
11.980000,1.5000,1.5000,1.5000,1.5000,1.5000,2.3120,2.3120,2.3120,2.3120,2.3120,4.6880,4.6880,4.6880,4.6880,4.6880
11.990000,1.5000,1.5000,1.5000,1.5000,1.5000,2.3060,2.3060,2.3060,2.3060,2.3060,4.6940,4.6940,4.6940,4.6940,4.6940
12.000000,1.5000,1.5000,1.5000,1.5000,1.5000,2.3000,2.3000,2.3000,2.3000,2.3000,4.7000,4.7000,4.7000,4.7000,4.7000
12.010000,1.5000,1.5000,1.5000,1.5000,1.5000,2.2940,2.2940,2.2940,2.2940,2.2940,4.7060,4.7060,4.7060,4.7060,4.7060
12.020000,1.5000,1.5000,1.5000,1.5000,1.5000,2.2880,2.2880,2.2880,2.2880,2.2880,4.7120,4.7120,4.7120,4.7120,4.7120
12.030000,1.5000,1.5000,1.5000,1.5000,1.5000,2.2820,2.2820,2.2820,2.2820,2.2820,4.7180,4.7180,4.7180,4.7180,4.7180
12.040000,1.5000,1.5000,1.5000,1.5000,1.5000,2.2760,2.2760,2.2760,2.2760,2.2760,4.7240,4.7240,4.7240,4.7240,4.7240
12.050000,1.5000,1.5000,1.5000,1.5000,1.5000,2.2700,2.2700,2.2700,2.2700,2.2700,4.7300,4.7300,4.7300,4.7300,4.7300
12.060000,1.5000,1.5000,1.5000,1.5000,1.5000,2.2640,2.2640,2.2640,2.2640,2.2640,4.7360,4.7360,4.7360,4.7360,4.7360
12.070000,1.5000,1.5000,1.5000,1.5000,1.5000,2.2580,2.2580,2.2580,2.2580,2.2580,4.7420,4.7420,4.7420,4.7420,4.7420
12.080000,1.5000,1.5000,1.5000,1.5000,1.5000,2.2520,2.2520,2.2520,2.2520,2.2520,4.7480,4.7480,4.7480,4.7480,4.7480
12.090000,1.5000,1.5000,1.5000,1.5000,1.5000,2.2460,2.2460,2.2460,2.2460,2.2460,4.7540,4.7540,4.7540,4.7540,4.7540
12.100000,1.5000,1.5000,1.5000,1.5000,1.5000,2.2400,2.2400,2.2400,2.2400,2.2400,4.7600,4.7600,4.7600,4.7600,4.7600
12.110000,1.5000,1.5000,1.5000,1.5000,1.5000,2.2340,2.2340,2.2340,2.2340,2.2340,4.7660,4.7660,4.7660,4.7660,4.7660
12.120000,1.5000,1.5000,1.5000,1.5000,1.5000,2.2280,2.2280,2.2280,2.2280,2.2280,4.7720,4.7720,4.7720,4.7720,4.7720
12.130000,1.5000,1.5000,1.5000,1.5000,1.5000,2.2220,2.2220,2.2220,2.2220,2.2220,4.7780,4.7780,4.7780,4.7780,4.7780
12.140000,1.5000,1.5000,1.5000,1.5000,1.5000,2.2160,2.2160,2.2160,2.2160,2.2160,4.7840,4.7840,4.7840,4.7840,4.7840
12.150000,1.5000,1.5000,1.5000,1.5000,1.5000,2.2100,2.2100,2.2100,2.2100,2.2100,4.7900,4.7900,4.7900,4.7900,4.7900
12.160000,1.5000,1.5000,1.5000,1.5000,1.5000,2.2040,2.2040,2.2040,2.2040,2.2040,4.7960,4.7960,4.7960,4.7960,4.7960
12.170000,1.5000,1.5000,1.5000,1.5000,1.5000,2.1980,2.1980,2.1980,2.1980,2.1980,4.8020,4.8020,4.8020,4.8020,4.8020
12.180000,1.5000,1.5000,1.5000,1.5000,1.5000,2.1920,2.1920,2.1920,2.1920,2.1920,4.8080,4.8080,4.8080,4.8080,4.8080
12.190000,1.5000,1.5000,1.5000,1.5000,1.5000,2.1860,2.1860,2.1860,2.1860,2.1860,4.8140,4.8140,4.8140,4.8140,4.8140
12.200000,1.5000,1.5000,1.5000,1.5000,1.5000,2.1800,2.1800,2.1800,2.1800,2.1800,4.8200,4.8200,4.8200,4.8200,4.8200
12.210000,1.5000,1.5000,1.5000,1.5000,1.5000,2.1740,2.1740,2.1740,2.1740,2.1740,4.8260,4.8260,4.8260,4.8260,4.8260
12.220000,1.5000,1.5000,1.5000,1.5000,1.5000,2.1680,2.1680,2.1680,2.1680,2.1680,4.8320,4.8320,4.8320,4.8320,4.8320
12.230000,1.5000,1.5000,1.5000,1.5000,1.5000,2.1620,2.1620,2.1620,2.1620,2.1620,4.8380,4.8380,4.8380,4.8380,4.8380
12.240000,1.5000,1.5000,1.5000,1.5000,1.5000,2.1560,2.1560,2.1560,2.1560,2.1560,4.8440,4.8440,4.8440,4.8440,4.8440
12.250000,1.5000,1.5000,1.5000,1.5000,1.5000,2.1500,2.1500,2.1500,2.1500,2.1500,4.8500,4.8500,4.8500,4.8500,4.8500
12.260000,1.5000,1.5000,1.5000,1.5000,1.5000,2.1440,2.1440,2.1440,2.1440,2.1440,4.8560,4.8560,4.8560,4.8560,4.8560
12.270000,1.5000,1.5000,1.5000,1.5000,1.5000,2.1380,2.1380,2.1380,2.1380,2.1380,4.8620,4.8620,4.8620,4.8620,4.8620
12.280000,1.5000,1.5000,1.5000,1.5000,1.5000,2.1320,2.1320,2.1320,2.1320,2.1320,4.8680,4.8680,4.8680,4.8680,4.8680
12.290000,1.5000,1.5000,1.5000,1.5000,1.5000,2.1260,2.1260,2.1260,2.1260,2.1260,4.8740,4.8740,4.8740,4.8740,4.8740
12.300000,1.5000,1.5000,1.5000,1.5000,1.5000,2.1200,2.1200,2.1200,2.1200,2.1200,4.8800,4.8800,4.8800,4.8800,4.8800
12.310000,1.5000,1.5000,1.5000,1.5000,1.5000,2.1140,2.1140,2.1140,2.1140,2.1140,4.8860,4.8860,4.8860,4.8860,4.8860
12.320000,1.5000,1.5000,1.5000,1.5000,1.5000,2.1080,2.1080,2.1080,2.1080,2.1080,4.8920,4.8920,4.8920,4.8920,4.8920
12.330000,1.5000,1.5000,1.5000,1.5000,1.5000,2.1020,2.1020,2.1020,2.1020,2.1020,4.8980,4.8980,4.8980,4.8980,4.8980
12.340000,1.5000,1.5000,1.5000,1.5000,1.5000,2.0960,2.0960,2.0960,2.0960,2.0960,4.9040,4.9040,4.9040,4.9040,4.9040
12.350000,1.5000,1.5000,1.5000,1.5000,1.5000,2.0900,2.0900,2.0900,2.0900,2.0900,4.9100,4.9100,4.9100,4.9100,4.9100
12.360000,1.5000,1.5000,1.5000,1.5000,1.5000,2.0840,2.0840,2.0840,2.0840,2.0840,4.9160,4.9160,4.9160,4.9160,4.9160
12.370000,1.5000,1.5000,1.5000,1.5000,1.5000,2.0780,2.0780,2.0780,2.0780,2.0780,4.9220,4.9220,4.9220,4.9220,4.9220
12.380000,1.5000,1.5000,1.5000,1.5000,1.5000,2.0720,2.0720,2.0720,2.0720,2.0720,4.9280,4.9280,4.9280,4.9280,4.9280
12.390000,1.5000,1.5000,1.5000,1.5000,1.5000,2.0660,2.0660,2.0660,2.0660,2.0660,4.9340,4.9340,4.9340,4.9340,4.9340
12.400000,1.5000,1.5000,1.5000,1.5000,1.5000,2.0600,2.0600,2.0600,2.0600,2.0600,4.9400,4.9400,4.9400,4.9400,4.9400
12.410000,1.5000,1.5000,1.5000,1.5000,1.5000,2.0540,2.0540,2.0540,2.0540,2.0540,4.9460,4.9460,4.9460,4.9460,4.9460
12.420000,1.5000,1.5000,1.5000,1.5000,1.5000,2.0480,2.0480,2.0480,2.0480,2.0480,4.9520,4.9520,4.9520,4.9520,4.9520
12.430000,1.5000,1.5000,1.5000,1.5000,1.5000,2.0420,2.0420,2.0420,2.0420,2.0420,4.9580,4.9580,4.9580,4.9580,4.9580
12.440000,1.5000,1.5000,1.5000,1.5000,1.5000,2.0360,2.0360,2.0360,2.0360,2.0360,4.9640,4.9640,4.9640,4.9640,4.9640
12.450000,1.5000,1.5000,1.5000,1.5000,1.5000,2.0300,2.0300,2.0300,2.0300,2.0300,4.9700,4.9700,4.9700,4.9700,4.9700
12.460000,1.5000,1.5000,1.5000,1.5000,1.5000,2.0240,2.0240,2.0240,2.0240,2.0240,4.9760,4.9760,4.9760,4.9760,4.9760
12.470000,1.5000,1.5000,1.5000,1.5000,1.5000,2.0180,2.0180,2.0180,2.0180,2.0180,4.9820,4.9820,4.9820,4.9820,4.9820
12.480000,1.5000,1.5000,1.5000,1.5000,1.5000,2.0120,2.0120,2.0120,2.0120,2.0120,4.9880,4.9880,4.9880,4.9880,4.9880
12.490000,1.5000,1.5000,1.5000,1.5000,1.5000,2.0060,2.0060,2.0060,2.0060,2.0060,4.9940,4.9940,4.9940,4.9940,4.9940
12.500000,1.5000,1.5000,1.5000,1.5000,1.5000,2.0000,2.0000,2.0000,2.0000,2.0000,5.0000,5.0000,5.0000,5.0000,5.0000
12.510000,1.5000,1.5000,1.5000,1.5000,1.5000,1.9940,1.9940,1.9940,1.9940,1.9940,5.0060,5.0060,5.0060,5.0060,5.0060
12.520000,1.5000,1.5000,1.5000,1.5000,1.5000,1.9880,1.9880,1.9880,1.9880,1.9880,5.0120,5.0120,5.0120,5.0120,5.0120
12.530000,1.5000,1.5000,1.5000,1.5000,1.5000,1.9820,1.9820,1.9820,1.9820,1.9820,5.0180,5.0180,5.0180,5.0180,5.0180
12.540000,1.5000,1.5000,1.5000,1.5000,1.5000,1.9760,1.9760,1.9760,1.9760,1.9760,5.0240,5.0240,5.0240,5.0240,5.0240
12.550000,1.5000,1.5000,1.5000,1.5000,1.5000,1.9700,1.9700,1.9700,1.9700,1.9700,5.0300,5.0300,5.0300,5.0300,5.0300
12.560000,1.5000,1.5000,1.5000,1.5000,1.5000,1.9640,1.9640,1.9640,1.9640,1.9640,5.0360,5.0360,5.0360,5.0360,5.0360
12.570000,1.5000,1.5000,1.5000,1.5000,1.5000,1.9580,1.9580,1.9580,1.9580,1.9580,5.0420,5.0420,5.0420,5.0420,5.0420
12.580000,1.5000,1.5000,1.5000,1.5000,1.5000,1.9520,1.9520,1.9520,1.9520,1.9520,5.0480,5.0480,5.0480,5.0480,5.0480
12.590000,1.5000,1.5000,1.5000,1.5000,1.5000,1.9460,1.9460,1.9460,1.9460,1.9460,5.0540,5.0540,5.0540,5.0540,5.0540
12.600000,1.5000,1.5000,1.5000,1.5000,1.5000,1.9400,1.9400,1.9400,1.9400,1.9400,5.0600,5.0600,5.0600,5.0600,5.0600
12.610000,1.5000,1.5000,1.5000,1.5000,1.5000,1.9340,1.9340,1.9340,1.9340,1.9340,5.0660,5.0660,5.0660,5.0660,5.0660
12.620000,1.5000,1.5000,1.5000,1.5000,1.5000,1.9280,1.9280,1.9280,1.9280,1.9280,5.0720,5.0720,5.0720,5.0720,5.0720
12.630000,1.5000,1.5000,1.5000,1.5000,1.5000,1.9220,1.9220,1.9220,1.9220,1.9220,5.0780,5.0780,5.0780,5.0780,5.0780
12.640000,1.5000,1.5000,1.5000,1.5000,1.5000,1.9160,1.9160,1.9160,1.9160,1.9160,5.0840,5.0840,5.0840,5.0840,5.0840
12.650000,1.5000,1.5000,1.5000,1.5000,1.5000,1.9100,1.9100,1.9100,1.9100,1.9100,5.0900,5.0900,5.0900,5.0900,5.0900
12.660000,1.5000,1.5000,1.5000,1.5000,1.5000,1.9040,1.9040,1.9040,1.9040,1.9040,5.0960,5.0960,5.0960,5.0960,5.0960
12.670000,1.5000,1.5000,1.5000,1.5000,1.5000,1.8980,1.8980,1.8980,1.8980,1.8980,5.1020,5.1020,5.1020,5.1020,5.1020
12.680000,1.5000,1.5000,1.5000,1.5000,1.5000,1.8920,1.8920,1.8920,1.8920,1.8920,5.1080,5.1080,5.1080,5.1080,5.1080
12.690000,1.5000,1.5000,1.5000,1.5000,1.5000,1.8860,1.8860,1.8860,1.8860,1.8860,5.1140,5.1140,5.1140,5.1140,5.1140
12.700000,1.5000,1.5000,1.5000,1.5000,1.5000,1.8800,1.8800,1.8800,1.8800,1.8800,5.1200,5.1200,5.1200,5.1200,5.1200
12.710000,1.5000,1.5000,1.5000,1.5000,1.5000,1.8740,1.8740,1.8740,1.8740,1.8740,5.1260,5.1260,5.1260,5.1260,5.1260
12.720000,1.5000,1.5000,1.5000,1.5000,1.5000,1.8680,1.8680,1.8680,1.8680,1.8680,5.1320,5.1320,5.1320,5.1320,5.1320
12.730000,1.5000,1.5000,1.5000,1.5000,1.5000,1.8620,1.8620,1.8620,1.8620,1.8620,5.1380,5.1380,5.1380,5.1380,5.1380
12.740000,1.5000,1.5000,1.5000,1.5000,1.5000,1.8560,1.8560,1.8560,1.8560,1.8560,5.1440,5.1440,5.1440,5.1440,5.1440
12.750000,1.5000,1.5000,1.5000,1.5000,1.5000,1.8500,1.8500,1.8500,1.8500,1.8500,5.1500,5.1500,5.1500,5.1500,5.1500
12.760000,1.5000,1.5000,1.5000,1.5000,1.5000,1.8440,1.8440,1.8440,1.8440,1.8440,5.1560,5.1560,5.1560,5.1560,5.1560
12.770000,1.5000,1.5000,1.5000,1.5000,1.5000,1.8380,1.8380,1.8380,1.8380,1.8380,5.1620,5.1620,5.1620,5.1620,5.1620
12.780000,1.5000,1.5000,1.5000,1.5000,1.5000,1.8320,1.8320,1.8320,1.8320,1.8320,5.1680,5.1680,5.1680,5.1680,5.1680
12.790000,1.5000,1.5000,1.5000,1.5000,1.5000,1.8260,1.8260,1.8260,1.8260,1.8260,5.1740,5.1740,5.1740,5.1740,5.1740
12.800000,1.5000,1.5000,1.5000,1.5000,1.5000,1.8200,1.8200,1.8200,1.8200,1.8200,5.1800,5.1800,5.1800,5.1800,5.1800
12.810000,1.5000,1.5000,1.5000,1.5000,1.5000,1.8140,1.8140,1.8140,1.8140,1.8140,5.1860,5.1860,5.1860,5.1860,5.1860
12.820000,1.5000,1.5000,1.5000,1.5000,1.5000,1.8080,1.8080,1.8080,1.8080,1.8080,5.1920,5.1920,5.1920,5.1920,5.1920
12.830000,1.5000,1.5000,1.5000,1.5000,1.5000,1.8020,1.8020,1.8020,1.8020,1.8020,5.1980,5.1980,5.1980,5.1980,5.1980
12.840000,1.5000,1.5000,1.5000,1.5000,1.5000,1.7960,1.7960,1.7960,1.7960,1.7960,5.2040,5.2040,5.2040,5.2040,5.2040
12.850000,1.5000,1.5000,1.5000,1.5000,1.5000,1.7900,1.7900,1.7900,1.7900,1.7900,5.2100,5.2100,5.2100,5.2100,5.2100
12.860000,1.5000,1.5000,1.5000,1.5000,1.5000,1.7840,1.7840,1.7840,1.7840,1.7840,5.2160,5.2160,5.2160,5.2160,5.2160
12.870000,1.5000,1.5000,1.5000,1.5000,1.5000,1.7780,1.7780,1.7780,1.7780,1.7780,5.2220,5.2220,5.2220,5.2220,5.2220
12.880000,1.5000,1.5000,1.5000,1.5000,1.5000,1.7720,1.7720,1.7720,1.7720,1.7720,5.2280,5.2280,5.2280,5.2280,5.2280
12.890000,1.5000,1.5000,1.5000,1.5000,1.5000,1.7660,1.7660,1.7660,1.7660,1.7660,5.2340,5.2340,5.2340,5.2340,5.2340
12.900000,1.5000,1.5000,1.5000,1.5000,1.5000,1.7600,1.7600,1.7600,1.7600,1.7600,5.2400,5.2400,5.2400,5.2400,5.2400
12.910000,1.5000,1.5000,1.5000,1.5000,1.5000,1.7540,1.7540,1.7540,1.7540,1.7540,5.2460,5.2460,5.2460,5.2460,5.2460
12.920000,1.5000,1.5000,1.5000,1.5000,1.5000,1.7480,1.7480,1.7480,1.7480,1.7480,5.2520,5.2520,5.2520,5.2520,5.2520
12.930000,1.5000,1.5000,1.5000,1.5000,1.5000,1.7420,1.7420,1.7420,1.7420,1.7420,5.2580,5.2580,5.2580,5.2580,5.2580
12.940000,1.5000,1.5000,1.5000,1.5000,1.5000,1.7360,1.7360,1.7360,1.7360,1.7360,5.2640,5.2640,5.2640,5.2640,5.2640
12.950000,1.5000,1.5000,1.5000,1.5000,1.5000,1.7300,1.7300,1.7300,1.7300,1.7300,5.2700,5.2700,5.2700,5.2700,5.2700
12.960000,1.5000,1.5000,1.5000,1.5000,1.5000,1.7240,1.7240,1.7240,1.7240,1.7240,5.2760,5.2760,5.2760,5.2760,5.2760
12.970000,1.5000,1.5000,1.5000,1.5000,1.5000,1.7180,1.7180,1.7180,1.7180,1.7180,5.2820,5.2820,5.2820,5.2820,5.2820
12.980000,1.5000,1.5000,1.5000,1.5000,1.5000,1.7120,1.7120,1.7120,1.7120,1.7120,5.2880,5.2880,5.2880,5.2880,5.2880
12.990000,1.5000,1.5000,1.5000,1.5000,1.5000,1.7060,1.7060,1.7060,1.7060,1.7060,5.2940,5.2940,5.2940,5.2940,5.2940
13.000000,1.5000,1.5000,1.5000,1.5000,1.5000,1.7000,1.7000,1.7000,1.7000,1.7000,5.3000,5.3000,5.3000,5.3000,5.3000
13.010000,1.5000,1.5000,1.5000,1.5000,1.5000,1.6940,1.6940,1.6940,1.6940,1.6940,5.3060,5.3060,5.3060,5.3060,5.3060
13.020000,1.5000,1.5000,1.5000,1.5000,1.5000,1.6880,1.6880,1.6880,1.6880,1.6880,5.3120,5.3120,5.3120,5.3120,5.3120
13.030000,1.5000,1.5000,1.5000,1.5000,1.5000,1.6820,1.6820,1.6820,1.6820,1.6820,5.3180,5.3180,5.3180,5.3180,5.3180
13.040000,1.5000,1.5000,1.5000,1.5000,1.5000,1.6760,1.6760,1.6760,1.6760,1.6760,5.3240,5.3240,5.3240,5.3240,5.3240
13.050000,1.5000,1.5000,1.5000,1.5000,1.5000,1.6700,1.6700,1.6700,1.6700,1.6700,5.3300,5.3300,5.3300,5.3300,5.3300
13.060000,1.5000,1.5000,1.5000,1.5000,1.5000,1.6640,1.6640,1.6640,1.6640,1.6640,5.3360,5.3360,5.3360,5.3360,5.3360
13.070000,1.5000,1.5000,1.5000,1.5000,1.5000,1.6580,1.6580,1.6580,1.6580,1.6580,5.3420,5.3420,5.3420,5.3420,5.3420
13.080000,1.5000,1.5000,1.5000,1.5000,1.5000,1.6520,1.6520,1.6520,1.6520,1.6520,5.3480,5.3480,5.3480,5.3480,5.3480
13.090000,1.5000,1.5000,1.5000,1.5000,1.5000,1.6460,1.6460,1.6460,1.6460,1.6460,5.3540,5.3540,5.3540,5.3540,5.3540
13.100000,1.5000,1.5000,1.5000,1.5000,1.5000,1.6400,1.6400,1.6400,1.6400,1.6400,5.3600,5.3600,5.3600,5.3600,5.3600
13.110000,1.5000,1.5000,1.5000,1.5000,1.5000,1.6340,1.6340,1.6340,1.6340,1.6340,5.3660,5.3660,5.3660,5.3660,5.3660
13.120000,1.5000,1.5000,1.5000,1.5000,1.5000,1.6280,1.6280,1.6280,1.6280,1.6280,5.3720,5.3720,5.3720,5.3720,5.3720
13.130000,1.5000,1.5000,1.5000,1.5000,1.5000,1.6220,1.6220,1.6220,1.6220,1.6220,5.3780,5.3780,5.3780,5.3780,5.3780
13.140000,1.5000,1.5000,1.5000,1.5000,1.5000,1.6160,1.6160,1.6160,1.6160,1.6160,5.3840,5.3840,5.3840,5.3840,5.3840
13.150000,1.5000,1.5000,1.5000,1.5000,1.5000,1.6100,1.6100,1.6100,1.6100,1.6100,5.3900,5.3900,5.3900,5.3900,5.3900
13.160000,1.5000,1.5000,1.5000,1.5000,1.5000,1.6040,1.6040,1.6040,1.6040,1.6040,5.3960,5.3960,5.3960,5.3960,5.3960
13.170000,1.5000,1.5000,1.5000,1.5000,1.5000,1.5980,1.5980,1.5980,1.5980,1.5980,5.4020,5.4020,5.4020,5.4020,5.4020
13.180000,1.5000,1.5000,1.5000,1.5000,1.5000,1.5920,1.5920,1.5920,1.5920,1.5920,5.4080,5.4080,5.4080,5.4080,5.4080
13.190000,1.5000,1.5000,1.5000,1.5000,1.5000,1.5860,1.5860,1.5860,1.5860,1.5860,5.4140,5.4140,5.4140,5.4140,5.4140
13.200000,1.5000,1.5000,1.5000,1.5000,1.5000,1.5800,1.5800,1.5800,1.5800,1.5800,5.4200,5.4200,5.4200,5.4200,5.4200
13.210000,1.5000,1.5000,1.5000,1.5000,1.5000,1.5740,1.5740,1.5740,1.5740,1.5740,5.4260,5.4260,5.4260,5.4260,5.4260
13.220000,1.5000,1.5000,1.5000,1.5000,1.5000,1.5680,1.5680,1.5680,1.5680,1.5680,5.4320,5.4320,5.4320,5.4320,5.4320
13.230000,1.5000,1.5000,1.5000,1.5000,1.5000,1.5620,1.5620,1.5620,1.5620,1.5620,5.4380,5.4380,5.4380,5.4380,5.4380
13.240000,1.5000,1.5000,1.5000,1.5000,1.5000,1.5560,1.5560,1.5560,1.5560,1.5560,5.4440,5.4440,5.4440,5.4440,5.4440
13.250000,1.5000,1.5000,1.5000,1.5000,1.5000,1.5500,1.5500,1.5500,1.5500,1.5500,5.4500,5.4500,5.4500,5.4500,5.4500
13.260000,1.5000,1.5000,1.5000,1.5000,1.5000,1.5440,1.5440,1.5440,1.5440,1.5440,5.4560,5.4560,5.4560,5.4560,5.4560
13.270000,1.5000,1.5000,1.5000,1.5000,1.5000,1.5380,1.5380,1.5380,1.5380,1.5380,5.4620,5.4620,5.4620,5.4620,5.4620
13.280000,1.5000,1.5000,1.5000,1.5000,1.5000,1.5320,1.5320,1.5320,1.5320,1.5320,5.4680,5.4680,5.4680,5.4680,5.4680
13.290000,1.5000,1.5000,1.5000,1.5000,1.5000,1.5260,1.5260,1.5260,1.5260,1.5260,5.4740,5.4740,5.4740,5.4740,5.4740
13.300000,1.5000,1.5000,1.5000,1.5000,1.5000,1.5200,1.5200,1.5200,1.5200,1.5200,5.4800,5.4800,5.4800,5.4800,5.4800
13.310000,1.5000,1.5000,1.5000,1.5000,1.5000,1.5140,1.5140,1.5140,1.5140,1.5140,5.4860,5.4860,5.4860,5.4860,5.4860
13.320000,1.5000,1.5000,1.5000,1.5000,1.5000,1.5080,1.5080,1.5080,1.5080,1.5080,5.4920,5.4920,5.4920,5.4920,5.4920
13.330000,1.5000,1.5000,1.5000,1.5000,1.5000,1.5020,1.5020,1.5020,1.5020,1.5020,5.4980,5.4980,5.4980,5.4980,5.4980
13.340000,1.5040,1.5040,1.5040,1.5040,1.5040,1.5000,1.5000,1.5000,1.5000,1.5000,5.4960,5.4960,5.4960,5.4960,5.4960
13.350000,1.5100,1.5100,1.5100,1.5100,1.5100,1.5000,1.5000,1.5000,1.5000,1.5000,5.4900,5.4900,5.4900,5.4900,5.4900
13.360000,1.5160,1.5160,1.5160,1.5160,1.5160,1.5000,1.5000,1.5000,1.5000,1.5000,5.4840,5.4840,5.4840,5.4840,5.4840
13.370000,1.5220,1.5220,1.5220,1.5220,1.5220,1.5000,1.5000,1.5000,1.5000,1.5000,5.4780,5.4780,5.4780,5.4780,5.4780
13.380000,1.5280,1.5280,1.5280,1.5280,1.5280,1.5000,1.5000,1.5000,1.5000,1.5000,5.4720,5.4720,5.4720,5.4720,5.4720
13.390000,1.5340,1.5340,1.5340,1.5340,1.5340,1.5000,1.5000,1.5000,1.5000,1.5000,5.4660,5.4660,5.4660,5.4660,5.4660
13.400000,1.5400,1.5400,1.5400,1.5400,1.5400,1.5000,1.5000,1.5000,1.5000,1.5000,5.4600,5.4600,5.4600,5.4600,5.4600
13.410000,1.5460,1.5460,1.5460,1.5460,1.5460,1.5000,1.5000,1.5000,1.5000,1.5000,5.4540,5.4540,5.4540,5.4540,5.4540
13.420000,1.5520,1.5520,1.5520,1.5520,1.5520,1.5000,1.5000,1.5000,1.5000,1.5000,5.4480,5.4480,5.4480,5.4480,5.4480
13.430000,1.5580,1.5580,1.5580,1.5580,1.5580,1.5000,1.5000,1.5000,1.5000,1.5000,5.4420,5.4420,5.4420,5.4420,5.4420
13.440000,1.5640,1.5640,1.5640,1.5640,1.5640,1.5000,1.5000,1.5000,1.5000,1.5000,5.4360,5.4360,5.4360,5.4360,5.4360
13.450000,1.5700,1.5700,1.5700,1.5700,1.5700,1.5000,1.5000,1.5000,1.5000,1.5000,5.4300,5.4300,5.4300,5.4300,5.4300
13.460000,1.5760,1.5760,1.5760,1.5760,1.5760,1.5000,1.5000,1.5000,1.5000,1.5000,5.4240,5.4240,5.4240,5.4240,5.4240
13.470000,1.5820,1.5820,1.5820,1.5820,1.5820,1.5000,1.5000,1.5000,1.5000,1.5000,5.4180,5.4180,5.4180,5.4180,5.4180
13.480000,1.5880,1.5880,1.5880,1.5880,1.5880,1.5000,1.5000,1.5000,1.5000,1.5000,5.4120,5.4120,5.4120,5.4120,5.4120
13.490000,1.5940,1.5940,1.5940,1.5940,1.5940,1.5000,1.5000,1.5000,1.5000,1.5000,5.4060,5.4060,5.4060,5.4060,5.4060
13.500000,1.6000,1.6000,1.6000,1.6000,1.6000,1.5000,1.5000,1.5000,1.5000,1.5000,5.4000,5.4000,5.4000,5.4000,5.4000
13.510000,1.6060,1.6060,1.6060,1.6060,1.6060,1.5000,1.5000,1.5000,1.5000,1.5000,5.3940,5.3940,5.3940,5.3940,5.3940
13.520000,1.6120,1.6120,1.6120,1.6120,1.6120,1.5000,1.5000,1.5000,1.5000,1.5000,5.3880,5.3880,5.3880,5.3880,5.3880
13.530000,1.6180,1.6180,1.6180,1.6180,1.6180,1.5000,1.5000,1.5000,1.5000,1.5000,5.3820,5.3820,5.3820,5.3820,5.3820
13.540000,1.6240,1.6240,1.6240,1.6240,1.6240,1.5000,1.5000,1.5000,1.5000,1.5000,5.3760,5.3760,5.3760,5.3760,5.3760
13.550000,1.6300,1.6300,1.6300,1.6300,1.6300,1.5000,1.5000,1.5000,1.5000,1.5000,5.3700,5.3700,5.3700,5.3700,5.3700
13.560000,1.6360,1.6360,1.6360,1.6360,1.6360,1.5000,1.5000,1.5000,1.5000,1.5000,5.3640,5.3640,5.3640,5.3640,5.3640
13.570000,1.6420,1.6420,1.6420,1.6420,1.6420,1.5000,1.5000,1.5000,1.5000,1.5000,5.3580,5.3580,5.3580,5.3580,5.3580
13.580000,1.6480,1.6480,1.6480,1.6480,1.6480,1.5000,1.5000,1.5000,1.5000,1.5000,5.3520,5.3520,5.3520,5.3520,5.3520
13.590000,1.6540,1.6540,1.6540,1.6540,1.6540,1.5000,1.5000,1.5000,1.5000,1.5000,5.3460,5.3460,5.3460,5.3460,5.3460
13.600000,1.6600,1.6600,1.6600,1.6600,1.6600,1.5000,1.5000,1.5000,1.5000,1.5000,5.3400,5.3400,5.3400,5.3400,5.3400
13.610000,1.6660,1.6660,1.6660,1.6660,1.6660,1.5000,1.5000,1.5000,1.5000,1.5000,5.3340,5.3340,5.3340,5.3340,5.3340
13.620000,1.6720,1.6720,1.6720,1.6720,1.6720,1.5000,1.5000,1.5000,1.5000,1.5000,5.3280,5.3280,5.3280,5.3280,5.3280
13.630000,1.6780,1.6780,1.6780,1.6780,1.6780,1.5000,1.5000,1.5000,1.5000,1.5000,5.3220,5.3220,5.3220,5.3220,5.3220
13.640000,1.6840,1.6840,1.6840,1.6840,1.6840,1.5000,1.5000,1.5000,1.5000,1.5000,5.3160,5.3160,5.3160,5.3160,5.3160
13.650000,1.6900,1.6900,1.6900,1.6900,1.6900,1.5000,1.5000,1.5000,1.5000,1.5000,5.3100,5.3100,5.3100,5.3100,5.3100
13.660000,1.6960,1.6960,1.6960,1.6960,1.6960,1.5000,1.5000,1.5000,1.5000,1.5000,5.3040,5.3040,5.3040,5.3040,5.3040
13.670000,1.7020,1.7020,1.7020,1.7020,1.7020,1.5000,1.5000,1.5000,1.5000,1.5000,5.2980,5.2980,5.2980,5.2980,5.2980
13.680000,1.7080,1.7080,1.7080,1.7080,1.7080,1.5000,1.5000,1.5000,1.5000,1.5000,5.2920,5.2920,5.2920,5.2920,5.2920
13.690000,1.7140,1.7140,1.7140,1.7140,1.7140,1.5000,1.5000,1.5000,1.5000,1.5000,5.2860,5.2860,5.2860,5.2860,5.2860
13.700000,1.7200,1.7200,1.7200,1.7200,1.7200,1.5000,1.5000,1.5000,1.5000,1.5000,5.2800,5.2800,5.2800,5.2800,5.2800
13.710000,1.7260,1.7260,1.7260,1.7260,1.7260,1.5000,1.5000,1.5000,1.5000,1.5000,5.2740,5.2740,5.2740,5.2740,5.2740
13.720000,1.7320,1.7320,1.7320,1.7320,1.7320,1.5000,1.5000,1.5000,1.5000,1.5000,5.2680,5.2680,5.2680,5.2680,5.2680
13.730000,1.7380,1.7380,1.7380,1.7380,1.7380,1.5000,1.5000,1.5000,1.5000,1.5000,5.2620,5.2620,5.2620,5.2620,5.2620
13.740000,1.7440,1.7440,1.7440,1.7440,1.7440,1.5000,1.5000,1.5000,1.5000,1.5000,5.2560,5.2560,5.2560,5.2560,5.2560
13.750000,1.7500,1.7500,1.7500,1.7500,1.7500,1.5000,1.5000,1.5000,1.5000,1.5000,5.2500,5.2500,5.2500,5.2500,5.2500
13.760000,1.7560,1.7560,1.7560,1.7560,1.7560,1.5000,1.5000,1.5000,1.5000,1.5000,5.2440,5.2440,5.2440,5.2440,5.2440
13.770000,1.7620,1.7620,1.7620,1.7620,1.7620,1.5000,1.5000,1.5000,1.5000,1.5000,5.2380,5.2380,5.2380,5.2380,5.2380
13.780000,1.7680,1.7680,1.7680,1.7680,1.7680,1.5000,1.5000,1.5000,1.5000,1.5000,5.2320,5.2320,5.2320,5.2320,5.2320
13.790000,1.7740,1.7740,1.7740,1.7740,1.7740,1.5000,1.5000,1.5000,1.5000,1.5000,5.2260,5.2260,5.2260,5.2260,5.2260
13.800000,1.7800,1.7800,1.7800,1.7800,1.7800,1.5000,1.5000,1.5000,1.5000,1.5000,5.2200,5.2200,5.2200,5.2200,5.2200
13.810000,1.7860,1.7860,1.7860,1.7860,1.7860,1.5000,1.5000,1.5000,1.5000,1.5000,5.2140,5.2140,5.2140,5.2140,5.2140
13.820000,1.7920,1.7920,1.7920,1.7920,1.7920,1.5000,1.5000,1.5000,1.5000,1.5000,5.2080,5.2080,5.2080,5.2080,5.2080
13.830000,1.7980,1.7980,1.7980,1.7980,1.7980,1.5000,1.5000,1.5000,1.5000,1.5000,5.2020,5.2020,5.2020,5.2020,5.2020
13.840000,1.8040,1.8040,1.8040,1.8040,1.8040,1.5000,1.5000,1.5000,1.5000,1.5000,5.1960,5.1960,5.1960,5.1960,5.1960
13.850000,1.8100,1.8100,1.8100,1.8100,1.8100,1.5000,1.5000,1.5000,1.5000,1.5000,5.1900,5.1900,5.1900,5.1900,5.1900
13.860000,1.8160,1.8160,1.8160,1.8160,1.8160,1.5000,1.5000,1.5000,1.5000,1.5000,5.1840,5.1840,5.1840,5.1840,5.1840
13.870000,1.8220,1.8220,1.8220,1.8220,1.8220,1.5000,1.5000,1.5000,1.5000,1.5000,5.1780,5.1780,5.1780,5.1780,5.1780
13.880000,1.8280,1.8280,1.8280,1.8280,1.8280,1.5000,1.5000,1.5000,1.5000,1.5000,5.1720,5.1720,5.1720,5.1720,5.1720
13.890000,1.8340,1.8340,1.8340,1.8340,1.8340,1.5000,1.5000,1.5000,1.5000,1.5000,5.1660,5.1660,5.1660,5.1660,5.1660
13.900000,1.8400,1.8400,1.8400,1.8400,1.8400,1.5000,1.5000,1.5000,1.5000,1.5000,5.1600,5.1600,5.1600,5.1600,5.1600
13.910000,1.8460,1.8460,1.8460,1.8460,1.8460,1.5000,1.5000,1.5000,1.5000,1.5000,5.1540,5.1540,5.1540,5.1540,5.1540
13.920000,1.8520,1.8520,1.8520,1.8520,1.8520,1.5000,1.5000,1.5000,1.5000,1.5000,5.1480,5.1480,5.1480,5.1480,5.1480
13.930000,1.8580,1.8580,1.8580,1.8580,1.8580,1.5000,1.5000,1.5000,1.5000,1.5000,5.1420,5.1420,5.1420,5.1420,5.1420
13.940000,1.8640,1.8640,1.8640,1.8640,1.8640,1.5000,1.5000,1.5000,1.5000,1.5000,5.1360,5.1360,5.1360,5.1360,5.1360
13.950000,1.8700,1.8700,1.8700,1.8700,1.8700,1.5000,1.5000,1.5000,1.5000,1.5000,5.1300,5.1300,5.1300,5.1300,5.1300
13.960000,1.8760,1.8760,1.8760,1.8760,1.8760,1.5000,1.5000,1.5000,1.5000,1.5000,5.1240,5.1240,5.1240,5.1240,5.1240
13.970000,1.8820,1.8820,1.8820,1.8820,1.8820,1.5000,1.5000,1.5000,1.5000,1.5000,5.1180,5.1180,5.1180,5.1180,5.1180
13.980000,1.8880,1.8880,1.8880,1.8880,1.8880,1.5000,1.5000,1.5000,1.5000,1.5000,5.1120,5.1120,5.1120,5.1120,5.1120
13.990000,1.8940,1.8940,1.8940,1.8940,1.8940,1.5000,1.5000,1.5000,1.5000,1.5000,5.1060,5.1060,5.1060,5.1060,5.1060
14.000000,1.9000,1.9000,1.9000,1.9000,1.9000,1.5000,1.5000,1.5000,1.5000,1.5000,5.1000,5.1000,5.1000,5.1000,5.1000
14.010000,1.9060,1.9060,1.9060,1.9060,1.9060,1.5000,1.5000,1.5000,1.5000,1.5000,5.0940,5.0940,5.0940,5.0940,5.0940
14.020000,1.9120,1.9120,1.9120,1.9120,1.9120,1.5000,1.5000,1.5000,1.5000,1.5000,5.0880,5.0880,5.0880,5.0880,5.0880
14.030000,1.9180,1.9180,1.9180,1.9180,1.9180,1.5000,1.5000,1.5000,1.5000,1.5000,5.0820,5.0820,5.0820,5.0820,5.0820
14.040000,1.9240,1.9240,1.9240,1.9240,1.9240,1.5000,1.5000,1.5000,1.5000,1.5000,5.0760,5.0760,5.0760,5.0760,5.0760
14.050000,1.9300,1.9300,1.9300,1.9300,1.9300,1.5000,1.5000,1.5000,1.5000,1.5000,5.0700,5.0700,5.0700,5.0700,5.0700
14.060000,1.9360,1.9360,1.9360,1.9360,1.9360,1.5000,1.5000,1.5000,1.5000,1.5000,5.0640,5.0640,5.0640,5.0640,5.0640
14.070000,1.9420,1.9420,1.9420,1.9420,1.9420,1.5000,1.5000,1.5000,1.5000,1.5000,5.0580,5.0580,5.0580,5.0580,5.0580
14.080000,1.9480,1.9480,1.9480,1.9480,1.9480,1.5000,1.5000,1.5000,1.5000,1.5000,5.0520,5.0520,5.0520,5.0520,5.0520
14.090000,1.9540,1.9540,1.9540,1.9540,1.9540,1.5000,1.5000,1.5000,1.5000,1.5000,5.0460,5.0460,5.0460,5.0460,5.0460
14.100000,1.9600,1.9600,1.9600,1.9600,1.9600,1.5000,1.5000,1.5000,1.5000,1.5000,5.0400,5.0400,5.0400,5.0400,5.0400
14.110000,1.9660,1.9660,1.9660,1.9660,1.9660,1.5000,1.5000,1.5000,1.5000,1.5000,5.0340,5.0340,5.0340,5.0340,5.0340
14.120000,1.9720,1.9720,1.9720,1.9720,1.9720,1.5000,1.5000,1.5000,1.5000,1.5000,5.0280,5.0280,5.0280,5.0280,5.0280
14.130000,1.9780,1.9780,1.9780,1.9780,1.9780,1.5000,1.5000,1.5000,1.5000,1.5000,5.0220,5.0220,5.0220,5.0220,5.0220
14.140000,1.9840,1.9840,1.9840,1.9840,1.9840,1.5000,1.5000,1.5000,1.5000,1.5000,5.0160,5.0160,5.0160,5.0160,5.0160
14.150000,1.9900,1.9900,1.9900,1.9900,1.9900,1.5000,1.5000,1.5000,1.5000,1.5000,5.0100,5.0100,5.0100,5.0100,5.0100
14.160000,1.9960,1.9960,1.9960,1.9960,1.9960,1.5000,1.5000,1.5000,1.5000,1.5000,5.0040,5.0040,5.0040,5.0040,5.0040
14.170000,2.0020,2.0020,2.0020,2.0020,2.0020,1.5000,1.5000,1.5000,1.5000,1.5000,4.9980,4.9980,4.9980,4.9980,4.9980
14.180000,2.0080,2.0080,2.0080,2.0080,2.0080,1.5000,1.5000,1.5000,1.5000,1.5000,4.9920,4.9920,4.9920,4.9920,4.9920
14.190000,2.0140,2.0140,2.0140,2.0140,2.0140,1.5000,1.5000,1.5000,1.5000,1.5000,4.9860,4.9860,4.9860,4.9860,4.9860
14.200000,2.0200,2.0200,2.0200,2.0200,2.0200,1.5000,1.5000,1.5000,1.5000,1.5000,4.9800,4.9800,4.9800,4.9800,4.9800
14.210000,2.0260,2.0260,2.0260,2.0260,2.0260,1.5000,1.5000,1.5000,1.5000,1.5000,4.9740,4.9740,4.9740,4.9740,4.9740
14.220000,2.0320,2.0320,2.0320,2.0320,2.0320,1.5000,1.5000,1.5000,1.5000,1.5000,4.9680,4.9680,4.9680,4.9680,4.9680
14.230000,2.0380,2.0380,2.0380,2.0380,2.0380,1.5000,1.5000,1.5000,1.5000,1.5000,4.9620,4.9620,4.9620,4.9620,4.9620
14.240000,2.0440,2.0440,2.0440,2.0440,2.0440,1.5000,1.5000,1.5000,1.5000,1.5000,4.9560,4.9560,4.9560,4.9560,4.9560
14.250000,2.0500,2.0500,2.0500,2.0500,2.0500,1.5000,1.5000,1.5000,1.5000,1.5000,4.9500,4.9500,4.9500,4.9500,4.9500
14.260000,2.0560,2.0560,2.0560,2.0560,2.0560,1.5000,1.5000,1.5000,1.5000,1.5000,4.9440,4.9440,4.9440,4.9440,4.9440
14.270000,2.0620,2.0620,2.0620,2.0620,2.0620,1.5000,1.5000,1.5000,1.5000,1.5000,4.9380,4.9380,4.9380,4.9380,4.9380
14.280000,2.0680,2.0680,2.0680,2.0680,2.0680,1.5000,1.5000,1.5000,1.5000,1.5000,4.9320,4.9320,4.9320,4.9320,4.9320
14.290000,2.0740,2.0740,2.0740,2.0740,2.0740,1.5000,1.5000,1.5000,1.5000,1.5000,4.9260,4.9260,4.9260,4.9260,4.9260
14.300000,2.0800,2.0800,2.0800,2.0800,2.0800,1.5000,1.5000,1.5000,1.5000,1.5000,4.9200,4.9200,4.9200,4.9200,4.9200
14.310000,2.0860,2.0860,2.0860,2.0860,2.0860,1.5000,1.5000,1.5000,1.5000,1.5000,4.9140,4.9140,4.9140,4.9140,4.9140
14.320000,2.0920,2.0920,2.0920,2.0920,2.0920,1.5000,1.5000,1.5000,1.5000,1.5000,4.9080,4.9080,4.9080,4.9080,4.9080
14.330000,2.0980,2.0980,2.0980,2.0980,2.0980,1.5000,1.5000,1.5000,1.5000,1.5000,4.9020,4.9020,4.9020,4.9020,4.9020
14.340000,2.1040,2.1040,2.1040,2.1040,2.1040,1.5000,1.5000,1.5000,1.5000,1.5000,4.8960,4.8960,4.8960,4.8960,4.8960
14.350000,2.1100,2.1100,2.1100,2.1100,2.1100,1.5000,1.5000,1.5000,1.5000,1.5000,4.8900,4.8900,4.8900,4.8900,4.8900
14.360000,2.1160,2.1160,2.1160,2.1160,2.1160,1.5000,1.5000,1.5000,1.5000,1.5000,4.8840,4.8840,4.8840,4.8840,4.8840
14.370000,2.1220,2.1220,2.1220,2.1220,2.1220,1.5000,1.5000,1.5000,1.5000,1.5000,4.8780,4.8780,4.8780,4.8780,4.8780
14.380000,2.1280,2.1280,2.1280,2.1280,2.1280,1.5000,1.5000,1.5000,1.5000,1.5000,4.8720,4.8720,4.8720,4.8720,4.8720
14.390000,2.1340,2.1340,2.1340,2.1340,2.1340,1.5000,1.5000,1.5000,1.5000,1.5000,4.8660,4.8660,4.8660,4.8660,4.8660
14.400000,2.1400,2.1400,2.1400,2.1400,2.1400,1.5000,1.5000,1.5000,1.5000,1.5000,4.8600,4.8600,4.8600,4.8600,4.8600
14.410000,2.1460,2.1460,2.1460,2.1460,2.1460,1.5000,1.5000,1.5000,1.5000,1.5000,4.8540,4.8540,4.8540,4.8540,4.8540
14.420000,2.1520,2.1520,2.1520,2.1520,2.1520,1.5000,1.5000,1.5000,1.5000,1.5000,4.8480,4.8480,4.8480,4.8480,4.8480
14.430000,2.1580,2.1580,2.1580,2.1580,2.1580,1.5000,1.5000,1.5000,1.5000,1.5000,4.8420,4.8420,4.8420,4.8420,4.8420
14.440000,2.1640,2.1640,2.1640,2.1640,2.1640,1.5000,1.5000,1.5000,1.5000,1.5000,4.8360,4.8360,4.8360,4.8360,4.8360
14.450000,2.1700,2.1700,2.1700,2.1700,2.1700,1.5000,1.5000,1.5000,1.5000,1.5000,4.8300,4.8300,4.8300,4.8300,4.8300
14.460000,2.1760,2.1760,2.1760,2.1760,2.1760,1.5000,1.5000,1.5000,1.5000,1.5000,4.8240,4.8240,4.8240,4.8240,4.8240
14.470000,2.1820,2.1820,2.1820,2.1820,2.1820,1.5000,1.5000,1.5000,1.5000,1.5000,4.8180,4.8180,4.8180,4.8180,4.8180
14.480000,2.1880,2.1880,2.1880,2.1880,2.1880,1.5000,1.5000,1.5000,1.5000,1.5000,4.8120,4.8120,4.8120,4.8120,4.8120
14.490000,2.1940,2.1940,2.1940,2.1940,2.1940,1.5000,1.5000,1.5000,1.5000,1.5000,4.8060,4.8060,4.8060,4.8060,4.8060
14.500000,2.2000,2.2000,2.2000,2.2000,2.2000,1.5000,1.5000,1.5000,1.5000,1.5000,4.8000,4.8000,4.8000,4.8000,4.8000
14.510000,2.2060,2.2060,2.2060,2.2060,2.2060,1.5000,1.5000,1.5000,1.5000,1.5000,4.7940,4.7940,4.7940,4.7940,4.7940
14.520000,2.2120,2.2120,2.2120,2.2120,2.2120,1.5000,1.5000,1.5000,1.5000,1.5000,4.7880,4.7880,4.7880,4.7880,4.7880
14.530000,2.2180,2.2180,2.2180,2.2180,2.2180,1.5000,1.5000,1.5000,1.5000,1.5000,4.7820,4.7820,4.7820,4.7820,4.7820
14.540000,2.2240,2.2240,2.2240,2.2240,2.2240,1.5000,1.5000,1.5000,1.5000,1.5000,4.7760,4.7760,4.7760,4.7760,4.7760
14.550000,2.2300,2.2300,2.2300,2.2300,2.2300,1.5000,1.5000,1.5000,1.5000,1.5000,4.7700,4.7700,4.7700,4.7700,4.7700
14.560000,2.2360,2.2360,2.2360,2.2360,2.2360,1.5000,1.5000,1.5000,1.5000,1.5000,4.7640,4.7640,4.7640,4.7640,4.7640
14.570000,2.2420,2.2420,2.2420,2.2420,2.2420,1.5000,1.5000,1.5000,1.5000,1.5000,4.7580,4.7580,4.7580,4.7580,4.7580
14.580000,2.2480,2.2480,2.2480,2.2480,2.2480,1.5000,1.5000,1.5000,1.5000,1.5000,4.7520,4.7520,4.7520,4.7520,4.7520
14.590000,2.2540,2.2540,2.2540,2.2540,2.2540,1.5000,1.5000,1.5000,1.5000,1.5000,4.7460,4.7460,4.7460,4.7460,4.7460
14.600000,2.2600,2.2600,2.2600,2.2600,2.2600,1.5000,1.5000,1.5000,1.5000,1.5000,4.7400,4.7400,4.7400,4.7400,4.7400
14.610000,2.2660,2.2660,2.2660,2.2660,2.2660,1.5000,1.5000,1.5000,1.5000,1.5000,4.7340,4.7340,4.7340,4.7340,4.7340
14.620000,2.2720,2.2720,2.2720,2.2720,2.2720,1.5000,1.5000,1.5000,1.5000,1.5000,4.7280,4.7280,4.7280,4.7280,4.7280
14.630000,2.2780,2.2780,2.2780,2.2780,2.2780,1.5000,1.5000,1.5000,1.5000,1.5000,4.7220,4.7220,4.7220,4.7220,4.7220
14.640000,2.2840,2.2840,2.2840,2.2840,2.2840,1.5000,1.5000,1.5000,1.5000,1.5000,4.7160,4.7160,4.7160,4.7160,4.7160
14.650000,2.2900,2.2900,2.2900,2.2900,2.2900,1.5000,1.5000,1.5000,1.5000,1.5000,4.7100,4.7100,4.7100,4.7100,4.7100
14.660000,2.2960,2.2960,2.2960,2.2960,2.2960,1.5000,1.5000,1.5000,1.5000,1.5000,4.7040,4.7040,4.7040,4.7040,4.7040
14.670000,2.3020,2.3020,2.3020,2.3020,2.3020,1.5000,1.5000,1.5000,1.5000,1.5000,4.6980,4.6980,4.6980,4.6980,4.6980
14.680000,2.3080,2.3080,2.3080,2.3080,2.3080,1.5000,1.5000,1.5000,1.5000,1.5000,4.6920,4.6920,4.6920,4.6920,4.6920
14.690000,2.3140,2.3140,2.3140,2.3140,2.3140,1.5000,1.5000,1.5000,1.5000,1.5000,4.6860,4.6860,4.6860,4.6860,4.6860
14.700000,2.3200,2.3200,2.3200,2.3200,2.3200,1.5000,1.5000,1.5000,1.5000,1.5000,4.6800,4.6800,4.6800,4.6800,4.6800
14.710000,2.3260,2.3260,2.3260,2.3260,2.3260,1.5000,1.5000,1.5000,1.5000,1.5000,4.6740,4.6740,4.6740,4.6740,4.6740
14.720000,2.3320,2.3320,2.3320,2.3320,2.3320,1.5000,1.5000,1.5000,1.5000,1.5000,4.6680,4.6680,4.6680,4.6680,4.6680
14.730000,2.3380,2.3380,2.3380,2.3380,2.3380,1.5000,1.5000,1.5000,1.5000,1.5000,4.6620,4.6620,4.6620,4.6620,4.6620
14.740000,2.3440,2.3440,2.3440,2.3440,2.3440,1.5000,1.5000,1.5000,1.5000,1.5000,4.6560,4.6560,4.6560,4.6560,4.6560
14.750000,2.3500,2.3500,2.3500,2.3500,2.3500,1.5000,1.5000,1.5000,1.5000,1.5000,4.6500,4.6500,4.6500,4.6500,4.6500
14.760000,2.3560,2.3560,2.3560,2.3560,2.3560,1.5000,1.5000,1.5000,1.5000,1.5000,4.6440,4.6440,4.6440,4.6440,4.6440
14.770000,2.3620,2.3620,2.3620,2.3620,2.3620,1.5000,1.5000,1.5000,1.5000,1.5000,4.6380,4.6380,4.6380,4.6380,4.6380
14.780000,2.3680,2.3680,2.3680,2.3680,2.3680,1.5000,1.5000,1.5000,1.5000,1.5000,4.6320,4.6320,4.6320,4.6320,4.6320
14.790000,2.3740,2.3740,2.3740,2.3740,2.3740,1.5000,1.5000,1.5000,1.5000,1.5000,4.6260,4.6260,4.6260,4.6260,4.6260
14.800000,2.3800,2.3800,2.3800,2.3800,2.3800,1.5000,1.5000,1.5000,1.5000,1.5000,4.6200,4.6200,4.6200,4.6200,4.6200
14.810000,2.3860,2.3860,2.3860,2.3860,2.3860,1.5000,1.5000,1.5000,1.5000,1.5000,4.6140,4.6140,4.6140,4.6140,4.6140
14.820000,2.3920,2.3920,2.3920,2.3920,2.3920,1.5000,1.5000,1.5000,1.5000,1.5000,4.6080,4.6080,4.6080,4.6080,4.6080
14.830000,2.3980,2.3980,2.3980,2.3980,2.3980,1.5000,1.5000,1.5000,1.5000,1.5000,4.6020,4.6020,4.6020,4.6020,4.6020
14.840000,2.4040,2.4040,2.4040,2.4040,2.4040,1.5000,1.5000,1.5000,1.5000,1.5000,4.5960,4.5960,4.5960,4.5960,4.5960
14.850000,2.4100,2.4100,2.4100,2.4100,2.4100,1.5000,1.5000,1.5000,1.5000,1.5000,4.5900,4.5900,4.5900,4.5900,4.5900
14.860000,2.4160,2.4160,2.4160,2.4160,2.4160,1.5000,1.5000,1.5000,1.5000,1.5000,4.5840,4.5840,4.5840,4.5840,4.5840
14.870000,2.4220,2.4220,2.4220,2.4220,2.4220,1.5000,1.5000,1.5000,1.5000,1.5000,4.5780,4.5780,4.5780,4.5780,4.5780
14.880000,2.4280,2.4280,2.4280,2.4280,2.4280,1.5000,1.5000,1.5000,1.5000,1.5000,4.5720,4.5720,4.5720,4.5720,4.5720
14.890000,2.4340,2.4340,2.4340,2.4340,2.4340,1.5000,1.5000,1.5000,1.5000,1.5000,4.5660,4.5660,4.5660,4.5660,4.5660
14.900000,2.4400,2.4400,2.4400,2.4400,2.4400,1.5000,1.5000,1.5000,1.5000,1.5000,4.5600,4.5600,4.5600,4.5600,4.5600
14.910000,2.4460,2.4460,2.4460,2.4460,2.4460,1.5000,1.5000,1.5000,1.5000,1.5000,4.5540,4.5540,4.5540,4.5540,4.5540
14.920000,2.4520,2.4520,2.4520,2.4520,2.4520,1.5000,1.5000,1.5000,1.5000,1.5000,4.5480,4.5480,4.5480,4.5480,4.5480
14.930000,2.4580,2.4580,2.4580,2.4580,2.4580,1.5000,1.5000,1.5000,1.5000,1.5000,4.5420,4.5420,4.5420,4.5420,4.5420
14.940000,2.4640,2.4640,2.4640,2.4640,2.4640,1.5000,1.5000,1.5000,1.5000,1.5000,4.5360,4.5360,4.5360,4.5360,4.5360
14.950000,2.4700,2.4700,2.4700,2.4700,2.4700,1.5000,1.5000,1.5000,1.5000,1.5000,4.5300,4.5300,4.5300,4.5300,4.5300
14.960000,2.4760,2.4760,2.4760,2.4760,2.4760,1.5000,1.5000,1.5000,1.5000,1.5000,4.5240,4.5240,4.5240,4.5240,4.5240
14.970000,2.4820,2.4820,2.4820,2.4820,2.4820,1.5000,1.5000,1.5000,1.5000,1.5000,4.5180,4.5180,4.5180,4.5180,4.5180
14.980000,2.4880,2.4880,2.4880,2.4880,2.4880,1.5000,1.5000,1.5000,1.5000,1.5000,4.5120,4.5120,4.5120,4.5120,4.5120
14.990000,2.4940,2.4940,2.4940,2.4940,2.4940,1.5000,1.5000,1.5000,1.5000,1.5000,4.5060,4.5060,4.5060,4.5060,4.5060
15.000000,2.5000,2.5000,2.5000,2.5000,2.5000,1.5000,1.5000,1.5000,1.5000,1.5000,4.5000,4.5000,4.5000,4.5000,4.5000
15.010000,2.5060,2.5060,2.5060,2.5060,2.5060,1.5000,1.5000,1.5000,1.5000,1.5000,4.4940,4.4940,4.4940,4.4940,4.4940
15.020000,2.5120,2.5120,2.5120,2.5120,2.5120,1.5000,1.5000,1.5000,1.5000,1.5000,4.4880,4.4880,4.4880,4.4880,4.4880
15.030000,2.5180,2.5180,2.5180,2.5180,2.5180,1.5000,1.5000,1.5000,1.5000,1.5000,4.4820,4.4820,4.4820,4.4820,4.4820
15.040000,2.5240,2.5240,2.5240,2.5240,2.5240,1.5000,1.5000,1.5000,1.5000,1.5000,4.4760,4.4760,4.4760,4.4760,4.4760
15.050000,2.5300,2.5300,2.5300,2.5300,2.5300,1.5000,1.5000,1.5000,1.5000,1.5000,4.4700,4.4700,4.4700,4.4700,4.4700
15.060000,2.5360,2.5360,2.5360,2.5360,2.5360,1.5000,1.5000,1.5000,1.5000,1.5000,4.4640,4.4640,4.4640,4.4640,4.4640
15.070000,2.5420,2.5420,2.5420,2.5420,2.5420,1.5000,1.5000,1.5000,1.5000,1.5000,4.4580,4.4580,4.4580,4.4580,4.4580
15.080000,2.5480,2.5480,2.5480,2.5480,2.5480,1.5000,1.5000,1.5000,1.5000,1.5000,4.4520,4.4520,4.4520,4.4520,4.4520
15.090000,2.5540,2.5540,2.5540,2.5540,2.5540,1.5000,1.5000,1.5000,1.5000,1.5000,4.4460,4.4460,4.4460,4.4460,4.4460
15.100000,2.5600,2.5600,2.5600,2.5600,2.5600,1.5000,1.5000,1.5000,1.5000,1.5000,4.4400,4.4400,4.4400,4.4400,4.4400
15.110000,2.5660,2.5660,2.5660,2.5660,2.5660,1.5000,1.5000,1.5000,1.5000,1.5000,4.4340,4.4340,4.4340,4.4340,4.4340
15.120000,2.5720,2.5720,2.5720,2.5720,2.5720,1.5000,1.5000,1.5000,1.5000,1.5000,4.4280,4.4280,4.4280,4.4280,4.4280
15.130000,2.5780,2.5780,2.5780,2.5780,2.5780,1.5000,1.5000,1.5000,1.5000,1.5000,4.4220,4.4220,4.4220,4.4220,4.4220
15.140000,2.5840,2.5840,2.5840,2.5840,2.5840,1.5000,1.5000,1.5000,1.5000,1.5000,4.4160,4.4160,4.4160,4.4160,4.4160
15.150000,2.5900,2.5900,2.5900,2.5900,2.5900,1.5000,1.5000,1.5000,1.5000,1.5000,4.4100,4.4100,4.4100,4.4100,4.4100
15.160000,2.5960,2.5960,2.5960,2.5960,2.5960,1.5000,1.5000,1.5000,1.5000,1.5000,4.4040,4.4040,4.4040,4.4040,4.4040
15.170000,2.6020,2.6020,2.6020,2.6020,2.6020,1.5000,1.5000,1.5000,1.5000,1.5000,4.3980,4.3980,4.3980,4.3980,4.3980
15.180000,2.6080,2.6080,2.6080,2.6080,2.6080,1.5000,1.5000,1.5000,1.5000,1.5000,4.3920,4.3920,4.3920,4.3920,4.3920
15.190000,2.6140,2.6140,2.6140,2.6140,2.6140,1.5000,1.5000,1.5000,1.5000,1.5000,4.3860,4.3860,4.3860,4.3860,4.3860
15.200000,2.6200,2.6200,2.6200,2.6200,2.6200,1.5000,1.5000,1.5000,1.5000,1.5000,4.3800,4.3800,4.3800,4.3800,4.3800
15.210000,2.6260,2.6260,2.6260,2.6260,2.6260,1.5000,1.5000,1.5000,1.5000,1.5000,4.3740,4.3740,4.3740,4.3740,4.3740
15.220000,2.6320,2.6320,2.6320,2.6320,2.6320,1.5000,1.5000,1.5000,1.5000,1.5000,4.3680,4.3680,4.3680,4.3680,4.3680
15.230000,2.6380,2.6380,2.6380,2.6380,2.6380,1.5000,1.5000,1.5000,1.5000,1.5000,4.3620,4.3620,4.3620,4.3620,4.3620
15.240000,2.6440,2.6440,2.6440,2.6440,2.6440,1.5000,1.5000,1.5000,1.5000,1.5000,4.3560,4.3560,4.3560,4.3560,4.3560
15.250000,2.6500,2.6500,2.6500,2.6500,2.6500,1.5000,1.5000,1.5000,1.5000,1.5000,4.3500,4.3500,4.3500,4.3500,4.3500
15.260000,2.6560,2.6560,2.6560,2.6560,2.6560,1.5000,1.5000,1.5000,1.5000,1.5000,4.3440,4.3440,4.3440,4.3440,4.3440
15.270000,2.6620,2.6620,2.6620,2.6620,2.6620,1.5000,1.5000,1.5000,1.5000,1.5000,4.3380,4.3380,4.3380,4.3380,4.3380
15.280000,2.6680,2.6680,2.6680,2.6680,2.6680,1.5000,1.5000,1.5000,1.5000,1.5000,4.3320,4.3320,4.3320,4.3320,4.3320
15.290000,2.6740,2.6740,2.6740,2.6740,2.6740,1.5000,1.5000,1.5000,1.5000,1.5000,4.3260,4.3260,4.3260,4.3260,4.3260
15.300000,2.6800,2.6800,2.6800,2.6800,2.6800,1.5000,1.5000,1.5000,1.5000,1.5000,4.3200,4.3200,4.3200,4.3200,4.3200
15.310000,2.6860,2.6860,2.6860,2.6860,2.6860,1.5000,1.5000,1.5000,1.5000,1.5000,4.3140,4.3140,4.3140,4.3140,4.3140
15.320000,2.6920,2.6920,2.6920,2.6920,2.6920,1.5000,1.5000,1.5000,1.5000,1.5000,4.3080,4.3080,4.3080,4.3080,4.3080
15.330000,2.6980,2.6980,2.6980,2.6980,2.6980,1.5000,1.5000,1.5000,1.5000,1.5000,4.3020,4.3020,4.3020,4.3020,4.3020
15.340000,2.7040,2.7040,2.7040,2.7040,2.7040,1.5000,1.5000,1.5000,1.5000,1.5000,4.2960,4.2960,4.2960,4.2960,4.2960
15.350000,2.7100,2.7100,2.7100,2.7100,2.7100,1.5000,1.5000,1.5000,1.5000,1.5000,4.2900,4.2900,4.2900,4.2900,4.2900
15.360000,2.7160,2.7160,2.7160,2.7160,2.7160,1.5000,1.5000,1.5000,1.5000,1.5000,4.2840,4.2840,4.2840,4.2840,4.2840
15.370000,2.7220,2.7220,2.7220,2.7220,2.7220,1.5000,1.5000,1.5000,1.5000,1.5000,4.2780,4.2780,4.2780,4.2780,4.2780
15.380000,2.7280,2.7280,2.7280,2.7280,2.7280,1.5000,1.5000,1.5000,1.5000,1.5000,4.2720,4.2720,4.2720,4.2720,4.2720
15.390000,2.7340,2.7340,2.7340,2.7340,2.7340,1.5000,1.5000,1.5000,1.5000,1.5000,4.2660,4.2660,4.2660,4.2660,4.2660
15.400000,2.7400,2.7400,2.7400,2.7400,2.7400,1.5000,1.5000,1.5000,1.5000,1.5000,4.2600,4.2600,4.2600,4.2600,4.2600
15.410000,2.7460,2.7460,2.7460,2.7460,2.7460,1.5000,1.5000,1.5000,1.5000,1.5000,4.2540,4.2540,4.2540,4.2540,4.2540
15.420000,2.7520,2.7520,2.7520,2.7520,2.7520,1.5000,1.5000,1.5000,1.5000,1.5000,4.2480,4.2480,4.2480,4.2480,4.2480
15.430000,2.7580,2.7580,2.7580,2.7580,2.7580,1.5000,1.5000,1.5000,1.5000,1.5000,4.2420,4.2420,4.2420,4.2420,4.2420
15.440000,2.7640,2.7640,2.7640,2.7640,2.7640,1.5000,1.5000,1.5000,1.5000,1.5000,4.2360,4.2360,4.2360,4.2360,4.2360
15.450000,2.7700,2.7700,2.7700,2.7700,2.7700,1.5000,1.5000,1.5000,1.5000,1.5000,4.2300,4.2300,4.2300,4.2300,4.2300
15.460000,2.7760,2.7760,2.7760,2.7760,2.7760,1.5000,1.5000,1.5000,1.5000,1.5000,4.2240,4.2240,4.2240,4.2240,4.2240
15.470000,2.7820,2.7820,2.7820,2.7820,2.7820,1.5000,1.5000,1.5000,1.5000,1.5000,4.2180,4.2180,4.2180,4.2180,4.2180
15.480000,2.7880,2.7880,2.7880,2.7880,2.7880,1.5000,1.5000,1.5000,1.5000,1.5000,4.2120,4.2120,4.2120,4.2120,4.2120
15.490000,2.7940,2.7940,2.7940,2.7940,2.7940,1.5000,1.5000,1.5000,1.5000,1.5000,4.2060,4.2060,4.2060,4.2060,4.2060
15.500000,2.8000,2.8000,2.8000,2.8000,2.8000,1.5000,1.5000,1.5000,1.5000,1.5000,4.2000,4.2000,4.2000,4.2000,4.2000
15.510000,2.8060,2.8060,2.8060,2.8060,2.8060,1.5000,1.5000,1.5000,1.5000,1.5000,4.1940,4.1940,4.1940,4.1940,4.1940
15.520000,2.8120,2.8120,2.8120,2.8120,2.8120,1.5000,1.5000,1.5000,1.5000,1.5000,4.1880,4.1880,4.1880,4.1880,4.1880
15.530000,2.8180,2.8180,2.8180,2.8180,2.8180,1.5000,1.5000,1.5000,1.5000,1.5000,4.1820,4.1820,4.1820,4.1820,4.1820
15.540000,2.8240,2.8240,2.8240,2.8240,2.8240,1.5000,1.5000,1.5000,1.5000,1.5000,4.1760,4.1760,4.1760,4.1760,4.1760
15.550000,2.8300,2.8300,2.8300,2.8300,2.8300,1.5000,1.5000,1.5000,1.5000,1.5000,4.1700,4.1700,4.1700,4.1700,4.1700
15.560000,2.8360,2.8360,2.8360,2.8360,2.8360,1.5000,1.5000,1.5000,1.5000,1.5000,4.1640,4.1640,4.1640,4.1640,4.1640
15.570000,2.8420,2.8420,2.8420,2.8420,2.8420,1.5000,1.5000,1.5000,1.5000,1.5000,4.1580,4.1580,4.1580,4.1580,4.1580
15.580000,2.8480,2.8480,2.8480,2.8480,2.8480,1.5000,1.5000,1.5000,1.5000,1.5000,4.1520,4.1520,4.1520,4.1520,4.1520
15.590000,2.8540,2.8540,2.8540,2.8540,2.8540,1.5000,1.5000,1.5000,1.5000,1.5000,4.1460,4.1460,4.1460,4.1460,4.1460
15.600000,2.8600,2.8600,2.8600,2.8600,2.8600,1.5000,1.5000,1.5000,1.5000,1.5000,4.1400,4.1400,4.1400,4.1400,4.1400
15.610000,2.8660,2.8660,2.8660,2.8660,2.8660,1.5000,1.5000,1.5000,1.5000,1.5000,4.1340,4.1340,4.1340,4.1340,4.1340
15.620000,2.8720,2.8720,2.8720,2.8720,2.8720,1.5000,1.5000,1.5000,1.5000,1.5000,4.1280,4.1280,4.1280,4.1280,4.1280
15.630000,2.8780,2.8780,2.8780,2.8780,2.8780,1.5000,1.5000,1.5000,1.5000,1.5000,4.1220,4.1220,4.1220,4.1220,4.1220
15.640000,2.8840,2.8840,2.8840,2.8840,2.8840,1.5000,1.5000,1.5000,1.5000,1.5000,4.1160,4.1160,4.1160,4.1160,4.1160
15.650000,2.8900,2.8900,2.8900,2.8900,2.8900,1.5000,1.5000,1.5000,1.5000,1.5000,4.1100,4.1100,4.1100,4.1100,4.1100
15.660000,2.8960,2.8960,2.8960,2.8960,2.8960,1.5000,1.5000,1.5000,1.5000,1.5000,4.1040,4.1040,4.1040,4.1040,4.1040
15.670000,2.9020,2.9020,2.9020,2.9020,2.9020,1.5000,1.5000,1.5000,1.5000,1.5000,4.0980,4.0980,4.0980,4.0980,4.0980
15.680000,2.9080,2.9080,2.9080,2.9080,2.9080,1.5000,1.5000,1.5000,1.5000,1.5000,4.0920,4.0920,4.0920,4.0920,4.0920
15.690000,2.9140,2.9140,2.9140,2.9140,2.9140,1.5000,1.5000,1.5000,1.5000,1.5000,4.0860,4.0860,4.0860,4.0860,4.0860
15.700000,2.9200,2.9200,2.9200,2.9200,2.9200,1.5000,1.5000,1.5000,1.5000,1.5000,4.0800,4.0800,4.0800,4.0800,4.0800
15.710000,2.9260,2.9260,2.9260,2.9260,2.9260,1.5000,1.5000,1.5000,1.5000,1.5000,4.0740,4.0740,4.0740,4.0740,4.0740
15.720000,2.9320,2.9320,2.9320,2.9320,2.9320,1.5000,1.5000,1.5000,1.5000,1.5000,4.0680,4.0680,4.0680,4.0680,4.0680
15.730000,2.9380,2.9380,2.9380,2.9380,2.9380,1.5000,1.5000,1.5000,1.5000,1.5000,4.0620,4.0620,4.0620,4.0620,4.0620
15.740000,2.9440,2.9440,2.9440,2.9440,2.9440,1.5000,1.5000,1.5000,1.5000,1.5000,4.0560,4.0560,4.0560,4.0560,4.0560
15.750000,2.9500,2.9500,2.9500,2.9500,2.9500,1.5000,1.5000,1.5000,1.5000,1.5000,4.0500,4.0500,4.0500,4.0500,4.0500
15.760000,2.9560,2.9560,2.9560,2.9560,2.9560,1.5000,1.5000,1.5000,1.5000,1.5000,4.0440,4.0440,4.0440,4.0440,4.0440
15.770000,2.9620,2.9620,2.9620,2.9620,2.9620,1.5000,1.5000,1.5000,1.5000,1.5000,4.0380,4.0380,4.0380,4.0380,4.0380
15.780000,2.9680,2.9680,2.9680,2.9680,2.9680,1.5000,1.5000,1.5000,1.5000,1.5000,4.0320,4.0320,4.0320,4.0320,4.0320
15.790000,2.9740,2.9740,2.9740,2.9740,2.9740,1.5000,1.5000,1.5000,1.5000,1.5000,4.0260,4.0260,4.0260,4.0260,4.0260
15.800000,2.9800,2.9800,2.9800,2.9800,2.9800,1.5000,1.5000,1.5000,1.5000,1.5000,4.0200,4.0200,4.0200,4.0200,4.0200
15.810000,2.9860,2.9860,2.9860,2.9860,2.9860,1.5000,1.5000,1.5000,1.5000,1.5000,4.0140,4.0140,4.0140,4.0140,4.0140
15.820000,2.9920,2.9920,2.9920,2.9920,2.9920,1.5000,1.5000,1.5000,1.5000,1.5000,4.0080,4.0080,4.0080,4.0080,4.0080
15.830000,2.9980,2.9980,2.9980,2.9980,2.9980,1.5000,1.5000,1.5000,1.5000,1.5000,4.0020,4.0020,4.0020,4.0020,4.0020
15.840000,3.0040,3.0040,3.0040,3.0040,3.0040,1.5000,1.5000,1.5000,1.5000,1.5000,3.9960,3.9960,3.9960,3.9960,3.9960
15.850000,3.0100,3.0100,3.0100,3.0100,3.0100,1.5000,1.5000,1.5000,1.5000,1.5000,3.9900,3.9900,3.9900,3.9900,3.9900
15.860000,3.0160,3.0160,3.0160,3.0160,3.0160,1.5000,1.5000,1.5000,1.5000,1.5000,3.9840,3.9840,3.9840,3.9840,3.9840
15.870000,3.0220,3.0220,3.0220,3.0220,3.0220,1.5000,1.5000,1.5000,1.5000,1.5000,3.9780,3.9780,3.9780,3.9780,3.9780
15.880000,3.0280,3.0280,3.0280,3.0280,3.0280,1.5000,1.5000,1.5000,1.5000,1.5000,3.9720,3.9720,3.9720,3.9720,3.9720
15.890000,3.0340,3.0340,3.0340,3.0340,3.0340,1.5000,1.5000,1.5000,1.5000,1.5000,3.9660,3.9660,3.9660,3.9660,3.9660
15.900000,3.0400,3.0400,3.0400,3.0400,3.0400,1.5000,1.5000,1.5000,1.5000,1.5000,3.9600,3.9600,3.9600,3.9600,3.9600
15.910000,3.0460,3.0460,3.0460,3.0460,3.0460,1.5000,1.5000,1.5000,1.5000,1.5000,3.9540,3.9540,3.9540,3.9540,3.9540
15.920000,3.0520,3.0520,3.0520,3.0520,3.0520,1.5000,1.5000,1.5000,1.5000,1.5000,3.9480,3.9480,3.9480,3.9480,3.9480
15.930000,3.0580,3.0580,3.0580,3.0580,3.0580,1.5000,1.5000,1.5000,1.5000,1.5000,3.9420,3.9420,3.9420,3.9420,3.9420
15.940000,3.0640,3.0640,3.0640,3.0640,3.0640,1.5000,1.5000,1.5000,1.5000,1.5000,3.9360,3.9360,3.9360,3.9360,3.9360
15.950000,3.0700,3.0700,3.0700,3.0700,3.0700,1.5000,1.5000,1.5000,1.5000,1.5000,3.9300,3.9300,3.9300,3.9300,3.9300
15.960000,3.0760,3.0760,3.0760,3.0760,3.0760,1.5000,1.5000,1.5000,1.5000,1.5000,3.9240,3.9240,3.9240,3.9240,3.9240
15.970000,3.0820,3.0820,3.0820,3.0820,3.0820,1.5000,1.5000,1.5000,1.5000,1.5000,3.9180,3.9180,3.9180,3.9180,3.9180
15.980000,3.0880,3.0880,3.0880,3.0880,3.0880,1.5000,1.5000,1.5000,1.5000,1.5000,3.9120,3.9120,3.9120,3.9120,3.9120
15.990000,3.0940,3.0940,3.0940,3.0940,3.0940,1.5000,1.5000,1.5000,1.5000,1.5000,3.9060,3.9060,3.9060,3.9060,3.9060
16.000000,3.1000,3.1000,3.1000,3.1000,3.1000,1.5000,1.5000,1.5000,1.5000,1.5000,3.9000,3.9000,3.9000,3.9000,3.9000
16.010000,3.1060,3.1060,3.1060,3.1060,3.1060,1.5000,1.5000,1.5000,1.5000,1.5000,3.8940,3.8940,3.8940,3.8940,3.8940
16.020000,3.1120,3.1120,3.1120,3.1120,3.1120,1.5000,1.5000,1.5000,1.5000,1.5000,3.8880,3.8880,3.8880,3.8880,3.8880
16.030000,3.1180,3.1180,3.1180,3.1180,3.1180,1.5000,1.5000,1.5000,1.5000,1.5000,3.8820,3.8820,3.8820,3.8820,3.8820
16.040000,3.1240,3.1240,3.1240,3.1240,3.1240,1.5000,1.5000,1.5000,1.5000,1.5000,3.8760,3.8760,3.8760,3.8760,3.8760
16.050000,3.1300,3.1300,3.1300,3.1300,3.1300,1.5000,1.5000,1.5000,1.5000,1.5000,3.8700,3.8700,3.8700,3.8700,3.8700
16.060000,3.1360,3.1360,3.1360,3.1360,3.1360,1.5000,1.5000,1.5000,1.5000,1.5000,3.8640,3.8640,3.8640,3.8640,3.8640
16.070000,3.1420,3.1420,3.1420,3.1420,3.1420,1.5000,1.5000,1.5000,1.5000,1.5000,3.8580,3.8580,3.8580,3.8580,3.8580
16.080000,3.1480,3.1480,3.1480,3.1480,3.1480,1.5000,1.5000,1.5000,1.5000,1.5000,3.8520,3.8520,3.8520,3.8520,3.8520
16.090000,3.1540,3.1540,3.1540,3.1540,3.1540,1.5000,1.5000,1.5000,1.5000,1.5000,3.8460,3.8460,3.8460,3.8460,3.8460
16.100000,3.1600,3.1600,3.1600,3.1600,3.1600,1.5000,1.5000,1.5000,1.5000,1.5000,3.8400,3.8400,3.8400,3.8400,3.8400
16.110000,3.1660,3.1660,3.1660,3.1660,3.1660,1.5000,1.5000,1.5000,1.5000,1.5000,3.8340,3.8340,3.8340,3.8340,3.8340
16.120000,3.1720,3.1720,3.1720,3.1720,3.1720,1.5000,1.5000,1.5000,1.5000,1.5000,3.8280,3.8280,3.8280,3.8280,3.8280
16.130000,3.1780,3.1780,3.1780,3.1780,3.1780,1.5000,1.5000,1.5000,1.5000,1.5000,3.8220,3.8220,3.8220,3.8220,3.8220
16.140000,3.1840,3.1840,3.1840,3.1840,3.1840,1.5000,1.5000,1.5000,1.5000,1.5000,3.8160,3.8160,3.8160,3.8160,3.8160
16.150000,3.1900,3.1900,3.1900,3.1900,3.1900,1.5000,1.5000,1.5000,1.5000,1.5000,3.8100,3.8100,3.8100,3.8100,3.8100
16.160000,3.1960,3.1960,3.1960,3.1960,3.1960,1.5000,1.5000,1.5000,1.5000,1.5000,3.8040,3.8040,3.8040,3.8040,3.8040
16.170000,3.2020,3.2020,3.2020,3.2020,3.2020,1.5000,1.5000,1.5000,1.5000,1.5000,3.7980,3.7980,3.7980,3.7980,3.7980
16.180000,3.2080,3.2080,3.2080,3.2080,3.2080,1.5000,1.5000,1.5000,1.5000,1.5000,3.7920,3.7920,3.7920,3.7920,3.7920
16.190000,3.2140,3.2140,3.2140,3.2140,3.2140,1.5000,1.5000,1.5000,1.5000,1.5000,3.7860,3.7860,3.7860,3.7860,3.7860
16.200000,3.2200,3.2200,3.2200,3.2200,3.2200,1.5000,1.5000,1.5000,1.5000,1.5000,3.7800,3.7800,3.7800,3.7800,3.7800
16.210000,3.2260,3.2260,3.2260,3.2260,3.2260,1.5000,1.5000,1.5000,1.5000,1.5000,3.7740,3.7740,3.7740,3.7740,3.7740
16.220000,3.2320,3.2320,3.2320,3.2320,3.2320,1.5000,1.5000,1.5000,1.5000,1.5000,3.7680,3.7680,3.7680,3.7680,3.7680
16.230000,3.2380,3.2380,3.2380,3.2380,3.2380,1.5000,1.5000,1.5000,1.5000,1.5000,3.7620,3.7620,3.7620,3.7620,3.7620
16.240000,3.2440,3.2440,3.2440,3.2440,3.2440,1.5000,1.5000,1.5000,1.5000,1.5000,3.7560,3.7560,3.7560,3.7560,3.7560
16.250000,3.2500,3.2500,3.2500,3.2500,3.2500,1.5000,1.5000,1.5000,1.5000,1.5000,3.7500,3.7500,3.7500,3.7500,3.7500
16.260000,3.2560,3.2560,3.2560,3.2560,3.2560,1.5000,1.5000,1.5000,1.5000,1.5000,3.7440,3.7440,3.7440,3.7440,3.7440
16.270000,3.2620,3.2620,3.2620,3.2620,3.2620,1.5000,1.5000,1.5000,1.5000,1.5000,3.7380,3.7380,3.7380,3.7380,3.7380
16.280000,3.2680,3.2680,3.2680,3.2680,3.2680,1.5000,1.5000,1.5000,1.5000,1.5000,3.7320,3.7320,3.7320,3.7320,3.7320
16.290000,3.2740,3.2740,3.2740,3.2740,3.2740,1.5000,1.5000,1.5000,1.5000,1.5000,3.7260,3.7260,3.7260,3.7260,3.7260
16.300000,3.2800,3.2800,3.2800,3.2800,3.2800,1.5000,1.5000,1.5000,1.5000,1.5000,3.7200,3.7200,3.7200,3.7200,3.7200
16.310000,3.2860,3.2860,3.2860,3.2860,3.2860,1.5000,1.5000,1.5000,1.5000,1.5000,3.7140,3.7140,3.7140,3.7140,3.7140
16.320000,3.2920,3.2920,3.2920,3.2920,3.2920,1.5000,1.5000,1.5000,1.5000,1.5000,3.7080,3.7080,3.7080,3.7080,3.7080
16.330000,3.2980,3.2980,3.2980,3.2980,3.2980,1.5000,1.5000,1.5000,1.5000,1.5000,3.7020,3.7020,3.7020,3.7020,3.7020
16.340000,3.3040,3.3040,3.3040,3.3040,3.3040,1.5000,1.5000,1.5000,1.5000,1.5000,3.6960,3.6960,3.6960,3.6960,3.6960
16.350000,3.3100,3.3100,3.3100,3.3100,3.3100,1.5000,1.5000,1.5000,1.5000,1.5000,3.6900,3.6900,3.6900,3.6900,3.6900
16.360000,3.3160,3.3160,3.3160,3.3160,3.3160,1.5000,1.5000,1.5000,1.5000,1.5000,3.6840,3.6840,3.6840,3.6840,3.6840
16.370000,3.3220,3.3220,3.3220,3.3220,3.3220,1.5000,1.5000,1.5000,1.5000,1.5000,3.6780,3.6780,3.6780,3.6780,3.6780
16.380000,3.3280,3.3280,3.3280,3.3280,3.3280,1.5000,1.5000,1.5000,1.5000,1.5000,3.6720,3.6720,3.6720,3.6720,3.6720
16.390000,3.3340,3.3340,3.3340,3.3340,3.3340,1.5000,1.5000,1.5000,1.5000,1.5000,3.6660,3.6660,3.6660,3.6660,3.6660
16.400000,3.3400,3.3400,3.3400,3.3400,3.3400,1.5000,1.5000,1.5000,1.5000,1.5000,3.6600,3.6600,3.6600,3.6600,3.6600
16.410000,3.3460,3.3460,3.3460,3.3460,3.3460,1.5000,1.5000,1.5000,1.5000,1.5000,3.6540,3.6540,3.6540,3.6540,3.6540
16.420000,3.3520,3.3520,3.3520,3.3520,3.3520,1.5000,1.5000,1.5000,1.5000,1.5000,3.6480,3.6480,3.6480,3.6480,3.6480
16.430000,3.3580,3.3580,3.3580,3.3580,3.3580,1.5000,1.5000,1.5000,1.5000,1.5000,3.6420,3.6420,3.6420,3.6420,3.6420
16.440000,3.3640,3.3640,3.3640,3.3640,3.3640,1.5000,1.5000,1.5000,1.5000,1.5000,3.6360,3.6360,3.6360,3.6360,3.6360
16.450000,3.3700,3.3700,3.3700,3.3700,3.3700,1.5000,1.5000,1.5000,1.5000,1.5000,3.6300,3.6300,3.6300,3.6300,3.6300
16.460000,3.3760,3.3760,3.3760,3.3760,3.3760,1.5000,1.5000,1.5000,1.5000,1.5000,3.6240,3.6240,3.6240,3.6240,3.6240
16.470000,3.3820,3.3820,3.3820,3.3820,3.3820,1.5000,1.5000,1.5000,1.5000,1.5000,3.6180,3.6180,3.6180,3.6180,3.6180
16.480000,3.3880,3.3880,3.3880,3.3880,3.3880,1.5000,1.5000,1.5000,1.5000,1.5000,3.6120,3.6120,3.6120,3.6120,3.6120
16.490000,3.3940,3.3940,3.3940,3.3940,3.3940,1.5000,1.5000,1.5000,1.5000,1.5000,3.6060,3.6060,3.6060,3.6060,3.6060
16.500000,3.4000,3.4000,3.4000,3.4000,3.4000,1.5000,1.5000,1.5000,1.5000,1.5000,3.6000,3.6000,3.6000,3.6000,3.6000
16.510000,3.4060,3.4060,3.4060,3.4060,3.4060,1.5000,1.5000,1.5000,1.5000,1.5000,3.5940,3.5940,3.5940,3.5940,3.5940
16.520000,3.4120,3.4120,3.4120,3.4120,3.4120,1.5000,1.5000,1.5000,1.5000,1.5000,3.5880,3.5880,3.5880,3.5880,3.5880
16.530000,3.4180,3.4180,3.4180,3.4180,3.4180,1.5000,1.5000,1.5000,1.5000,1.5000,3.5820,3.5820,3.5820,3.5820,3.5820
16.540000,3.4240,3.4240,3.4240,3.4240,3.4240,1.5000,1.5000,1.5000,1.5000,1.5000,3.5760,3.5760,3.5760,3.5760,3.5760
16.550000,3.4300,3.4300,3.4300,3.4300,3.4300,1.5000,1.5000,1.5000,1.5000,1.5000,3.5700,3.5700,3.5700,3.5700,3.5700
16.560000,3.4360,3.4360,3.4360,3.4360,3.4360,1.5000,1.5000,1.5000,1.5000,1.5000,3.5640,3.5640,3.5640,3.5640,3.5640
16.570000,3.4420,3.4420,3.4420,3.4420,3.4420,1.5000,1.5000,1.5000,1.5000,1.5000,3.5580,3.5580,3.5580,3.5580,3.5580
16.580000,3.4480,3.4480,3.4480,3.4480,3.4480,1.5000,1.5000,1.5000,1.5000,1.5000,3.5520,3.5520,3.5520,3.5520,3.5520
16.590000,3.4540,3.4540,3.4540,3.4540,3.4540,1.5000,1.5000,1.5000,1.5000,1.5000,3.5460,3.5460,3.5460,3.5460,3.5460
16.600000,3.4600,3.4600,3.4600,3.4600,3.4600,1.5000,1.5000,1.5000,1.5000,1.5000,3.5400,3.5400,3.5400,3.5400,3.5400
16.610000,3.4660,3.4660,3.4660,3.4660,3.4660,1.5000,1.5000,1.5000,1.5000,1.5000,3.5340,3.5340,3.5340,3.5340,3.5340
16.620000,3.4720,3.4720,3.4720,3.4720,3.4720,1.5000,1.5000,1.5000,1.5000,1.5000,3.5280,3.5280,3.5280,3.5280,3.5280
16.630000,3.4780,3.4780,3.4780,3.4780,3.4780,1.5000,1.5000,1.5000,1.5000,1.5000,3.5220,3.5220,3.5220,3.5220,3.5220
16.640000,3.4840,3.4840,3.4840,3.4840,3.4840,1.5000,1.5000,1.5000,1.5000,1.5000,3.5160,3.5160,3.5160,3.5160,3.5160
16.650000,3.4900,3.4900,3.4900,3.4900,3.4900,1.5000,1.5000,1.5000,1.5000,1.5000,3.5100,3.5100,3.5100,3.5100,3.5100
16.660000,3.4960,3.4960,3.4960,3.4960,3.4960,1.5000,1.5000,1.5000,1.5000,1.5000,3.5040,3.5040,3.5040,3.5040,3.5040
16.670000,3.5020,3.5020,3.5020,3.5020,3.5020,1.5000,1.5000,1.5000,1.5000,1.5000,3.4980,3.4980,3.4980,3.4980,3.4980
16.680000,3.5080,3.5080,3.5080,3.5080,3.5080,1.5000,1.5000,1.5000,1.5000,1.5000,3.4920,3.4920,3.4920,3.4920,3.4920
16.690000,3.5140,3.5140,3.5140,3.5140,3.5140,1.5000,1.5000,1.5000,1.5000,1.5000,3.4860,3.4860,3.4860,3.4860,3.4860
16.700000,3.5200,3.5200,3.5200,3.5200,3.5200,1.5000,1.5000,1.5000,1.5000,1.5000,3.4800,3.4800,3.4800,3.4800,3.4800
16.710000,3.5260,3.5260,3.5260,3.5260,3.5260,1.5000,1.5000,1.5000,1.5000,1.5000,3.4740,3.4740,3.4740,3.4740,3.4740
16.720000,3.5320,3.5320,3.5320,3.5320,3.5320,1.5000,1.5000,1.5000,1.5000,1.5000,3.4680,3.4680,3.4680,3.4680,3.4680
16.730000,3.5380,3.5380,3.5380,3.5380,3.5380,1.5000,1.5000,1.5000,1.5000,1.5000,3.4620,3.4620,3.4620,3.4620,3.4620
16.740000,3.5440,3.5440,3.5440,3.5440,3.5440,1.5000,1.5000,1.5000,1.5000,1.5000,3.4560,3.4560,3.4560,3.4560,3.4560
16.750000,3.5500,3.5500,3.5500,3.5500,3.5500,1.5000,1.5000,1.5000,1.5000,1.5000,3.4500,3.4500,3.4500,3.4500,3.4500
16.760000,3.5560,3.5560,3.5560,3.5560,3.5560,1.5000,1.5000,1.5000,1.5000,1.5000,3.4440,3.4440,3.4440,3.4440,3.4440
16.770000,3.5620,3.5620,3.5620,3.5620,3.5620,1.5000,1.5000,1.5000,1.5000,1.5000,3.4380,3.4380,3.4380,3.4380,3.4380
16.780000,3.5680,3.5680,3.5680,3.5680,3.5680,1.5000,1.5000,1.5000,1.5000,1.5000,3.4320,3.4320,3.4320,3.4320,3.4320
16.790000,3.5740,3.5740,3.5740,3.5740,3.5740,1.5000,1.5000,1.5000,1.5000,1.5000,3.4260,3.4260,3.4260,3.4260,3.4260
16.800000,3.5800,3.5800,3.5800,3.5800,3.5800,1.5000,1.5000,1.5000,1.5000,1.5000,3.4200,3.4200,3.4200,3.4200,3.4200
16.810000,3.5860,3.5860,3.5860,3.5860,3.5860,1.5000,1.5000,1.5000,1.5000,1.5000,3.4140,3.4140,3.4140,3.4140,3.4140
16.820000,3.5920,3.5920,3.5920,3.5920,3.5920,1.5000,1.5000,1.5000,1.5000,1.5000,3.4080,3.4080,3.4080,3.4080,3.4080
16.830000,3.5980,3.5980,3.5980,3.5980,3.5980,1.5000,1.5000,1.5000,1.5000,1.5000,3.4020,3.4020,3.4020,3.4020,3.4020
16.840000,3.6040,3.6040,3.6040,3.6040,3.6040,1.5000,1.5000,1.5000,1.5000,1.5000,3.3960,3.3960,3.3960,3.3960,3.3960
16.850000,3.6100,3.6100,3.6100,3.6100,3.6100,1.5000,1.5000,1.5000,1.5000,1.5000,3.3900,3.3900,3.3900,3.3900,3.3900
16.860000,3.6160,3.6160,3.6160,3.6160,3.6160,1.5000,1.5000,1.5000,1.5000,1.5000,3.3840,3.3840,3.3840,3.3840,3.3840
16.870000,3.6220,3.6220,3.6220,3.6220,3.6220,1.5000,1.5000,1.5000,1.5000,1.5000,3.3780,3.3780,3.3780,3.3780,3.3780
16.880000,3.6280,3.6280,3.6280,3.6280,3.6280,1.5000,1.5000,1.5000,1.5000,1.5000,3.3720,3.3720,3.3720,3.3720,3.3720
16.890000,3.6340,3.6340,3.6340,3.6340,3.6340,1.5000,1.5000,1.5000,1.5000,1.5000,3.3660,3.3660,3.3660,3.3660,3.3660
16.900000,3.6400,3.6400,3.6400,3.6400,3.6400,1.5000,1.5000,1.5000,1.5000,1.5000,3.3600,3.3600,3.3600,3.3600,3.3600
16.910000,3.6460,3.6460,3.6460,3.6460,3.6460,1.5000,1.5000,1.5000,1.5000,1.5000,3.3540,3.3540,3.3540,3.3540,3.3540
16.920000,3.6520,3.6520,3.6520,3.6520,3.6520,1.5000,1.5000,1.5000,1.5000,1.5000,3.3480,3.3480,3.3480,3.3480,3.3480
16.930000,3.6580,3.6580,3.6580,3.6580,3.6580,1.5000,1.5000,1.5000,1.5000,1.5000,3.3420,3.3420,3.3420,3.3420,3.3420
16.940000,3.6640,3.6640,3.6640,3.6640,3.6640,1.5000,1.5000,1.5000,1.5000,1.5000,3.3360,3.3360,3.3360,3.3360,3.3360
16.950000,3.6700,3.6700,3.6700,3.6700,3.6700,1.5000,1.5000,1.5000,1.5000,1.5000,3.3300,3.3300,3.3300,3.3300,3.3300
16.960000,3.6760,3.6760,3.6760,3.6760,3.6760,1.5000,1.5000,1.5000,1.5000,1.5000,3.3240,3.3240,3.3240,3.3240,3.3240
16.970000,3.6820,3.6820,3.6820,3.6820,3.6820,1.5000,1.5000,1.5000,1.5000,1.5000,3.3180,3.3180,3.3180,3.3180,3.3180
16.980000,3.6880,3.6880,3.6880,3.6880,3.6880,1.5000,1.5000,1.5000,1.5000,1.5000,3.3120,3.3120,3.3120,3.3120,3.3120
16.990000,3.6940,3.6940,3.6940,3.6940,3.6940,1.5000,1.5000,1.5000,1.5000,1.5000,3.3060,3.3060,3.3060,3.3060,3.3060
17.000000,3.7000,3.7000,3.7000,3.7000,3.7000,1.5000,1.5000,1.5000,1.5000,1.5000,3.3000,3.3000,3.3000,3.3000,3.3000
17.010000,3.7060,3.7060,3.7060,3.7060,3.7060,1.5000,1.5000,1.5000,1.5000,1.5000,3.2940,3.2940,3.2940,3.2940,3.2940
17.020000,3.7120,3.7120,3.7120,3.7120,3.7120,1.5000,1.5000,1.5000,1.5000,1.5000,3.2880,3.2880,3.2880,3.2880,3.2880
17.030000,3.7180,3.7180,3.7180,3.7180,3.7180,1.5000,1.5000,1.5000,1.5000,1.5000,3.2820,3.2820,3.2820,3.2820,3.2820
17.040000,3.7240,3.7240,3.7240,3.7240,3.7240,1.5000,1.5000,1.5000,1.5000,1.5000,3.2760,3.2760,3.2760,3.2760,3.2760
17.050000,3.7300,3.7300,3.7300,3.7300,3.7300,1.5000,1.5000,1.5000,1.5000,1.5000,3.2700,3.2700,3.2700,3.2700,3.2700
17.060000,3.7360,3.7360,3.7360,3.7360,3.7360,1.5000,1.5000,1.5000,1.5000,1.5000,3.2640,3.2640,3.2640,3.2640,3.2640
17.070000,3.7420,3.7420,3.7420,3.7420,3.7420,1.5000,1.5000,1.5000,1.5000,1.5000,3.2580,3.2580,3.2580,3.2580,3.2580
17.080000,3.7480,3.7480,3.7480,3.7480,3.7480,1.5000,1.5000,1.5000,1.5000,1.5000,3.2520,3.2520,3.2520,3.2520,3.2520
17.090000,3.7540,3.7540,3.7540,3.7540,3.7540,1.5000,1.5000,1.5000,1.5000,1.5000,3.2460,3.2460,3.2460,3.2460,3.2460
17.100000,3.7600,3.7600,3.7600,3.7600,3.7600,1.5000,1.5000,1.5000,1.5000,1.5000,3.2400,3.2400,3.2400,3.2400,3.2400
17.110000,3.7660,3.7660,3.7660,3.7660,3.7660,1.5000,1.5000,1.5000,1.5000,1.5000,3.2340,3.2340,3.2340,3.2340,3.2340
17.120000,3.7720,3.7720,3.7720,3.7720,3.7720,1.5000,1.5000,1.5000,1.5000,1.5000,3.2280,3.2280,3.2280,3.2280,3.2280
17.130000,3.7780,3.7780,3.7780,3.7780,3.7780,1.5000,1.5000,1.5000,1.5000,1.5000,3.2220,3.2220,3.2220,3.2220,3.2220
17.140000,3.7840,3.7840,3.7840,3.7840,3.7840,1.5000,1.5000,1.5000,1.5000,1.5000,3.2160,3.2160,3.2160,3.2160,3.2160
17.150000,3.7900,3.7900,3.7900,3.7900,3.7900,1.5000,1.5000,1.5000,1.5000,1.5000,3.2100,3.2100,3.2100,3.2100,3.2100
17.160000,3.7960,3.7960,3.7960,3.7960,3.7960,1.5000,1.5000,1.5000,1.5000,1.5000,3.2040,3.2040,3.2040,3.2040,3.2040
17.170000,3.8020,3.8020,3.8020,3.8020,3.8020,1.5000,1.5000,1.5000,1.5000,1.5000,3.1980,3.1980,3.1980,3.1980,3.1980
17.180000,3.8080,3.8080,3.8080,3.8080,3.8080,1.5000,1.5000,1.5000,1.5000,1.5000,3.1920,3.1920,3.1920,3.1920,3.1920
17.190000,3.8140,3.8140,3.8140,3.8140,3.8140,1.5000,1.5000,1.5000,1.5000,1.5000,3.1860,3.1860,3.1860,3.1860,3.1860
17.200000,3.8200,3.8200,3.8200,3.8200,3.8200,1.5000,1.5000,1.5000,1.5000,1.5000,3.1800,3.1800,3.1800,3.1800,3.1800
17.210000,3.8260,3.8260,3.8260,3.8260,3.8260,1.5000,1.5000,1.5000,1.5000,1.5000,3.1740,3.1740,3.1740,3.1740,3.1740
17.220000,3.8320,3.8320,3.8320,3.8320,3.8320,1.5000,1.5000,1.5000,1.5000,1.5000,3.1680,3.1680,3.1680,3.1680,3.1680
17.230000,3.8380,3.8380,3.8380,3.8380,3.8380,1.5000,1.5000,1.5000,1.5000,1.5000,3.1620,3.1620,3.1620,3.1620,3.1620
17.240000,3.8440,3.8440,3.8440,3.8440,3.8440,1.5000,1.5000,1.5000,1.5000,1.5000,3.1560,3.1560,3.1560,3.1560,3.1560
17.250000,3.8500,3.8500,3.8500,3.8500,3.8500,1.5000,1.5000,1.5000,1.5000,1.5000,3.1500,3.1500,3.1500,3.1500,3.1500
17.260000,3.8560,3.8560,3.8560,3.8560,3.8560,1.5000,1.5000,1.5000,1.5000,1.5000,3.1440,3.1440,3.1440,3.1440,3.1440
17.270000,3.8620,3.8620,3.8620,3.8620,3.8620,1.5000,1.5000,1.5000,1.5000,1.5000,3.1380,3.1380,3.1380,3.1380,3.1380
17.280000,3.8680,3.8680,3.8680,3.8680,3.8680,1.5000,1.5000,1.5000,1.5000,1.5000,3.1320,3.1320,3.1320,3.1320,3.1320
17.290000,3.8740,3.8740,3.8740,3.8740,3.8740,1.5000,1.5000,1.5000,1.5000,1.5000,3.1260,3.1260,3.1260,3.1260,3.1260
17.300000,3.8800,3.8800,3.8800,3.8800,3.8800,1.5000,1.5000,1.5000,1.5000,1.5000,3.1200,3.1200,3.1200,3.1200,3.1200
17.310000,3.8860,3.8860,3.8860,3.8860,3.8860,1.5000,1.5000,1.5000,1.5000,1.5000,3.1140,3.1140,3.1140,3.1140,3.1140
17.320000,3.8920,3.8920,3.8920,3.8920,3.8920,1.5000,1.5000,1.5000,1.5000,1.5000,3.1080,3.1080,3.1080,3.1080,3.1080
17.330000,3.8980,3.8980,3.8980,3.8980,3.8980,1.5000,1.5000,1.5000,1.5000,1.5000,3.1020,3.1020,3.1020,3.1020,3.1020
17.340000,3.9040,3.9040,3.9040,3.9040,3.9040,1.5000,1.5000,1.5000,1.5000,1.5000,3.0960,3.0960,3.0960,3.0960,3.0960
17.350000,3.9100,3.9100,3.9100,3.9100,3.9100,1.5000,1.5000,1.5000,1.5000,1.5000,3.0900,3.0900,3.0900,3.0900,3.0900
17.360000,3.9160,3.9160,3.9160,3.9160,3.9160,1.5000,1.5000,1.5000,1.5000,1.5000,3.0840,3.0840,3.0840,3.0840,3.0840
17.370000,3.9220,3.9220,3.9220,3.9220,3.9220,1.5000,1.5000,1.5000,1.5000,1.5000,3.0780,3.0780,3.0780,3.0780,3.0780
17.380000,3.9280,3.9280,3.9280,3.9280,3.9280,1.5000,1.5000,1.5000,1.5000,1.5000,3.0720,3.0720,3.0720,3.0720,3.0720
17.390000,3.9340,3.9340,3.9340,3.9340,3.9340,1.5000,1.5000,1.5000,1.5000,1.5000,3.0660,3.0660,3.0660,3.0660,3.0660
17.400000,3.9400,3.9400,3.9400,3.9400,3.9400,1.5000,1.5000,1.5000,1.5000,1.5000,3.0600,3.0600,3.0600,3.0600,3.0600
17.410000,3.9460,3.9460,3.9460,3.9460,3.9460,1.5000,1.5000,1.5000,1.5000,1.5000,3.0540,3.0540,3.0540,3.0540,3.0540
17.420000,3.9520,3.9520,3.9520,3.9520,3.9520,1.5000,1.5000,1.5000,1.5000,1.5000,3.0480,3.0480,3.0480,3.0480,3.0480
17.430000,3.9580,3.9580,3.9580,3.9580,3.9580,1.5000,1.5000,1.5000,1.5000,1.5000,3.0420,3.0420,3.0420,3.0420,3.0420
17.440000,3.9640,3.9640,3.9640,3.9640,3.9640,1.5000,1.5000,1.5000,1.5000,1.5000,3.0360,3.0360,3.0360,3.0360,3.0360
17.450000,3.9700,3.9700,3.9700,3.9700,3.9700,1.5000,1.5000,1.5000,1.5000,1.5000,3.0300,3.0300,3.0300,3.0300,3.0300
17.460000,3.9760,3.9760,3.9760,3.9760,3.9760,1.5000,1.5000,1.5000,1.5000,1.5000,3.0240,3.0240,3.0240,3.0240,3.0240
17.470000,3.9820,3.9820,3.9820,3.9820,3.9820,1.5000,1.5000,1.5000,1.5000,1.5000,3.0180,3.0180,3.0180,3.0180,3.0180
17.480000,3.9880,3.9880,3.9880,3.9880,3.9880,1.5000,1.5000,1.5000,1.5000,1.5000,3.0120,3.0120,3.0120,3.0120,3.0120
17.490000,3.9940,3.9940,3.9940,3.9940,3.9940,1.5000,1.5000,1.5000,1.5000,1.5000,3.0060,3.0060,3.0060,3.0060,3.0060
17.500000,4.0000,4.0000,4.0000,4.0000,4.0000,1.5000,1.5000,1.5000,1.5000,1.5000,3.0000,3.0000,3.0000,3.0000,3.0000
17.510000,4.0060,4.0060,4.0060,4.0060,4.0060,1.5000,1.5000,1.5000,1.5000,1.5000,2.9940,2.9940,2.9940,2.9940,2.9940
17.520000,4.0120,4.0120,4.0120,4.0120,4.0120,1.5000,1.5000,1.5000,1.5000,1.5000,2.9880,2.9880,2.9880,2.9880,2.9880
17.530000,4.0180,4.0180,4.0180,4.0180,4.0180,1.5000,1.5000,1.5000,1.5000,1.5000,2.9820,2.9820,2.9820,2.9820,2.9820
17.540000,4.0240,4.0240,4.0240,4.0240,4.0240,1.5000,1.5000,1.5000,1.5000,1.5000,2.9760,2.9760,2.9760,2.9760,2.9760
17.550000,4.0300,4.0300,4.0300,4.0300,4.0300,1.5000,1.5000,1.5000,1.5000,1.5000,2.9700,2.9700,2.9700,2.9700,2.9700
17.560000,4.0360,4.0360,4.0360,4.0360,4.0360,1.5000,1.5000,1.5000,1.5000,1.5000,2.9640,2.9640,2.9640,2.9640,2.9640
17.570000,4.0420,4.0420,4.0420,4.0420,4.0420,1.5000,1.5000,1.5000,1.5000,1.5000,2.9580,2.9580,2.9580,2.9580,2.9580
17.580000,4.0480,4.0480,4.0480,4.0480,4.0480,1.5000,1.5000,1.5000,1.5000,1.5000,2.9520,2.9520,2.9520,2.9520,2.9520
17.590000,4.0540,4.0540,4.0540,4.0540,4.0540,1.5000,1.5000,1.5000,1.5000,1.5000,2.9460,2.9460,2.9460,2.9460,2.9460
17.600000,4.0600,4.0600,4.0600,4.0600,4.0600,1.5000,1.5000,1.5000,1.5000,1.5000,2.9400,2.9400,2.9400,2.9400,2.9400
17.610000,4.0660,4.0660,4.0660,4.0660,4.0660,1.5000,1.5000,1.5000,1.5000,1.5000,2.9340,2.9340,2.9340,2.9340,2.9340
17.620000,4.0720,4.0720,4.0720,4.0720,4.0720,1.5000,1.5000,1.5000,1.5000,1.5000,2.9280,2.9280,2.9280,2.9280,2.9280
17.630000,4.0780,4.0780,4.0780,4.0780,4.0780,1.5000,1.5000,1.5000,1.5000,1.5000,2.9220,2.9220,2.9220,2.9220,2.9220
17.640000,4.0840,4.0840,4.0840,4.0840,4.0840,1.5000,1.5000,1.5000,1.5000,1.5000,2.9160,2.9160,2.9160,2.9160,2.9160
17.650000,4.0900,4.0900,4.0900,4.0900,4.0900,1.5000,1.5000,1.5000,1.5000,1.5000,2.9100,2.9100,2.9100,2.9100,2.9100
17.660000,4.0960,4.0960,4.0960,4.0960,4.0960,1.5000,1.5000,1.5000,1.5000,1.5000,2.9040,2.9040,2.9040,2.9040,2.9040
17.670000,4.1020,4.1020,4.1020,4.1020,4.1020,1.5000,1.5000,1.5000,1.5000,1.5000,2.8980,2.8980,2.8980,2.8980,2.8980
17.680000,4.1080,4.1080,4.1080,4.1080,4.1080,1.5000,1.5000,1.5000,1.5000,1.5000,2.8920,2.8920,2.8920,2.8920,2.8920
17.690000,4.1140,4.1140,4.1140,4.1140,4.1140,1.5000,1.5000,1.5000,1.5000,1.5000,2.8860,2.8860,2.8860,2.8860,2.8860
17.700000,4.1200,4.1200,4.1200,4.1200,4.1200,1.5000,1.5000,1.5000,1.5000,1.5000,2.8800,2.8800,2.8800,2.8800,2.8800
17.710000,4.1260,4.1260,4.1260,4.1260,4.1260,1.5000,1.5000,1.5000,1.5000,1.5000,2.8740,2.8740,2.8740,2.8740,2.8740
17.720000,4.1320,4.1320,4.1320,4.1320,4.1320,1.5000,1.5000,1.5000,1.5000,1.5000,2.8680,2.8680,2.8680,2.8680,2.8680
17.730000,4.1380,4.1380,4.1380,4.1380,4.1380,1.5000,1.5000,1.5000,1.5000,1.5000,2.8620,2.8620,2.8620,2.8620,2.8620
17.740000,4.1440,4.1440,4.1440,4.1440,4.1440,1.5000,1.5000,1.5000,1.5000,1.5000,2.8560,2.8560,2.8560,2.8560,2.8560
17.750000,4.1500,4.1500,4.1500,4.1500,4.1500,1.5000,1.5000,1.5000,1.5000,1.5000,2.8500,2.8500,2.8500,2.8500,2.8500
17.760000,4.1560,4.1560,4.1560,4.1560,4.1560,1.5000,1.5000,1.5000,1.5000,1.5000,2.8440,2.8440,2.8440,2.8440,2.8440
17.770000,4.1620,4.1620,4.1620,4.1620,4.1620,1.5000,1.5000,1.5000,1.5000,1.5000,2.8380,2.8380,2.8380,2.8380,2.8380
17.780000,4.1680,4.1680,4.1680,4.1680,4.1680,1.5000,1.5000,1.5000,1.5000,1.5000,2.8320,2.8320,2.8320,2.8320,2.8320
17.790000,4.1740,4.1740,4.1740,4.1740,4.1740,1.5000,1.5000,1.5000,1.5000,1.5000,2.8260,2.8260,2.8260,2.8260,2.8260
17.800000,4.1800,4.1800,4.1800,4.1800,4.1800,1.5000,1.5000,1.5000,1.5000,1.5000,2.8200,2.8200,2.8200,2.8200,2.8200
17.810000,4.1860,4.1860,4.1860,4.1860,4.1860,1.5000,1.5000,1.5000,1.5000,1.5000,2.8140,2.8140,2.8140,2.8140,2.8140
17.820000,4.1920,4.1920,4.1920,4.1920,4.1920,1.5000,1.5000,1.5000,1.5000,1.5000,2.8080,2.8080,2.8080,2.8080,2.8080
17.830000,4.1980,4.1980,4.1980,4.1980,4.1980,1.5000,1.5000,1.5000,1.5000,1.5000,2.8020,2.8020,2.8020,2.8020,2.8020
17.840000,4.2040,4.2040,4.2040,4.2040,4.2040,1.5000,1.5000,1.5000,1.5000,1.5000,2.7960,2.7960,2.7960,2.7960,2.7960
17.850000,4.2100,4.2100,4.2100,4.2100,4.2100,1.5000,1.5000,1.5000,1.5000,1.5000,2.7900,2.7900,2.7900,2.7900,2.7900
17.860000,4.2160,4.2160,4.2160,4.2160,4.2160,1.5000,1.5000,1.5000,1.5000,1.5000,2.7840,2.7840,2.7840,2.7840,2.7840
17.870000,4.2220,4.2220,4.2220,4.2220,4.2220,1.5000,1.5000,1.5000,1.5000,1.5000,2.7780,2.7780,2.7780,2.7780,2.7780
17.880000,4.2280,4.2280,4.2280,4.2280,4.2280,1.5000,1.5000,1.5000,1.5000,1.5000,2.7720,2.7720,2.7720,2.7720,2.7720
17.890000,4.2340,4.2340,4.2340,4.2340,4.2340,1.5000,1.5000,1.5000,1.5000,1.5000,2.7660,2.7660,2.7660,2.7660,2.7660
17.900000,4.2400,4.2400,4.2400,4.2400,4.2400,1.5000,1.5000,1.5000,1.5000,1.5000,2.7600,2.7600,2.7600,2.7600,2.7600
17.910000,4.2460,4.2460,4.2460,4.2460,4.2460,1.5000,1.5000,1.5000,1.5000,1.5000,2.7540,2.7540,2.7540,2.7540,2.7540
17.920000,4.2520,4.2520,4.2520,4.2520,4.2520,1.5000,1.5000,1.5000,1.5000,1.5000,2.7480,2.7480,2.7480,2.7480,2.7480
17.930000,4.2580,4.2580,4.2580,4.2580,4.2580,1.5000,1.5000,1.5000,1.5000,1.5000,2.7420,2.7420,2.7420,2.7420,2.7420
17.940000,4.2640,4.2640,4.2640,4.2640,4.2640,1.5000,1.5000,1.5000,1.5000,1.5000,2.7360,2.7360,2.7360,2.7360,2.7360
17.950000,4.2700,4.2700,4.2700,4.2700,4.2700,1.5000,1.5000,1.5000,1.5000,1.5000,2.7300,2.7300,2.7300,2.7300,2.7300
17.960000,4.2760,4.2760,4.2760,4.2760,4.2760,1.5000,1.5000,1.5000,1.5000,1.5000,2.7240,2.7240,2.7240,2.7240,2.7240
17.970000,4.2820,4.2820,4.2820,4.2820,4.2820,1.5000,1.5000,1.5000,1.5000,1.5000,2.7180,2.7180,2.7180,2.7180,2.7180
17.980000,4.2880,4.2880,4.2880,4.2880,4.2880,1.5000,1.5000,1.5000,1.5000,1.5000,2.7120,2.7120,2.7120,2.7120,2.7120
17.990000,4.2940,4.2940,4.2940,4.2940,4.2940,1.5000,1.5000,1.5000,1.5000,1.5000,2.7060,2.7060,2.7060,2.7060,2.7060
18.000000,4.3000,4.3000,4.3000,4.3000,4.3000,1.5000,1.5000,1.5000,1.5000,1.5000,2.7000,2.7000,2.7000,2.7000,2.7000
18.010000,4.3060,4.3060,4.3060,4.3060,4.3060,1.5000,1.5000,1.5000,1.5000,1.5000,2.6940,2.6940,2.6940,2.6940,2.6940
18.020000,4.3120,4.3120,4.3120,4.3120,4.3120,1.5000,1.5000,1.5000,1.5000,1.5000,2.6880,2.6880,2.6880,2.6880,2.6880
18.030000,4.3180,4.3180,4.3180,4.3180,4.3180,1.5000,1.5000,1.5000,1.5000,1.5000,2.6820,2.6820,2.6820,2.6820,2.6820
18.040000,4.3240,4.3240,4.3240,4.3240,4.3240,1.5000,1.5000,1.5000,1.5000,1.5000,2.6760,2.6760,2.6760,2.6760,2.6760
18.050000,4.3300,4.3300,4.3300,4.3300,4.3300,1.5000,1.5000,1.5000,1.5000,1.5000,2.6700,2.6700,2.6700,2.6700,2.6700
18.060000,4.3360,4.3360,4.3360,4.3360,4.3360,1.5000,1.5000,1.5000,1.5000,1.5000,2.6640,2.6640,2.6640,2.6640,2.6640
18.070000,4.3420,4.3420,4.3420,4.3420,4.3420,1.5000,1.5000,1.5000,1.5000,1.5000,2.6580,2.6580,2.6580,2.6580,2.6580
18.080000,4.3480,4.3480,4.3480,4.3480,4.3480,1.5000,1.5000,1.5000,1.5000,1.5000,2.6520,2.6520,2.6520,2.6520,2.6520
18.090000,4.3540,4.3540,4.3540,4.3540,4.3540,1.5000,1.5000,1.5000,1.5000,1.5000,2.6460,2.6460,2.6460,2.6460,2.6460
18.100000,4.3600,4.3600,4.3600,4.3600,4.3600,1.5000,1.5000,1.5000,1.5000,1.5000,2.6400,2.6400,2.6400,2.6400,2.6400
18.110000,4.3660,4.3660,4.3660,4.3660,4.3660,1.5000,1.5000,1.5000,1.5000,1.5000,2.6340,2.6340,2.6340,2.6340,2.6340
18.120000,4.3720,4.3720,4.3720,4.3720,4.3720,1.5000,1.5000,1.5000,1.5000,1.5000,2.6280,2.6280,2.6280,2.6280,2.6280
18.130000,4.3780,4.3780,4.3780,4.3780,4.3780,1.5000,1.5000,1.5000,1.5000,1.5000,2.6220,2.6220,2.6220,2.6220,2.6220
18.140000,4.3840,4.3840,4.3840,4.3840,4.3840,1.5000,1.5000,1.5000,1.5000,1.5000,2.6160,2.6160,2.6160,2.6160,2.6160
18.150000,4.3900,4.3900,4.3900,4.3900,4.3900,1.5000,1.5000,1.5000,1.5000,1.5000,2.6100,2.6100,2.6100,2.6100,2.6100
18.160000,4.3960,4.3960,4.3960,4.3960,4.3960,1.5000,1.5000,1.5000,1.5000,1.5000,2.6040,2.6040,2.6040,2.6040,2.6040
18.170000,4.4020,4.4020,4.4020,4.4020,4.4020,1.5000,1.5000,1.5000,1.5000,1.5000,2.5980,2.5980,2.5980,2.5980,2.5980
18.180000,4.4080,4.4080,4.4080,4.4080,4.4080,1.5000,1.5000,1.5000,1.5000,1.5000,2.5920,2.5920,2.5920,2.5920,2.5920
18.190000,4.4140,4.4140,4.4140,4.4140,4.4140,1.5000,1.5000,1.5000,1.5000,1.5000,2.5860,2.5860,2.5860,2.5860,2.5860
18.200000,4.4200,4.4200,4.4200,4.4200,4.4200,1.5000,1.5000,1.5000,1.5000,1.5000,2.5800,2.5800,2.5800,2.5800,2.5800
18.210000,4.4260,4.4260,4.4260,4.4260,4.4260,1.5000,1.5000,1.5000,1.5000,1.5000,2.5740,2.5740,2.5740,2.5740,2.5740
18.220000,4.4320,4.4320,4.4320,4.4320,4.4320,1.5000,1.5000,1.5000,1.5000,1.5000,2.5680,2.5680,2.5680,2.5680,2.5680
18.230000,4.4380,4.4380,4.4380,4.4380,4.4380,1.5000,1.5000,1.5000,1.5000,1.5000,2.5620,2.5620,2.5620,2.5620,2.5620
18.240000,4.4440,4.4440,4.4440,4.4440,4.4440,1.5000,1.5000,1.5000,1.5000,1.5000,2.5560,2.5560,2.5560,2.5560,2.5560
18.250000,4.4500,4.4500,4.4500,4.4500,4.4500,1.5000,1.5000,1.5000,1.5000,1.5000,2.5500,2.5500,2.5500,2.5500,2.5500
18.260000,4.4560,4.4560,4.4560,4.4560,4.4560,1.5000,1.5000,1.5000,1.5000,1.5000,2.5440,2.5440,2.5440,2.5440,2.5440
18.270000,4.4620,4.4620,4.4620,4.4620,4.4620,1.5000,1.5000,1.5000,1.5000,1.5000,2.5380,2.5380,2.5380,2.5380,2.5380
18.280000,4.4680,4.4680,4.4680,4.4680,4.4680,1.5000,1.5000,1.5000,1.5000,1.5000,2.5320,2.5320,2.5320,2.5320,2.5320
18.290000,4.4740,4.4740,4.4740,4.4740,4.4740,1.5000,1.5000,1.5000,1.5000,1.5000,2.5260,2.5260,2.5260,2.5260,2.5260
18.300000,4.4800,4.4800,4.4800,4.4800,4.4800,1.5000,1.5000,1.5000,1.5000,1.5000,2.5200,2.5200,2.5200,2.5200,2.5200
18.310000,4.4860,4.4860,4.4860,4.4860,4.4860,1.5000,1.5000,1.5000,1.5000,1.5000,2.5140,2.5140,2.5140,2.5140,2.5140
18.320000,4.4920,4.4920,4.4920,4.4920,4.4920,1.5000,1.5000,1.5000,1.5000,1.5000,2.5080,2.5080,2.5080,2.5080,2.5080
18.330000,4.4980,4.4980,4.4980,4.4980,4.4980,1.5000,1.5000,1.5000,1.5000,1.5000,2.5020,2.5020,2.5020,2.5020,2.5020
18.340000,4.5040,4.5040,4.5040,4.5040,4.5040,1.5000,1.5000,1.5000,1.5000,1.5000,2.4960,2.4960,2.4960,2.4960,2.4960
18.350000,4.5100,4.5100,4.5100,4.5100,4.5100,1.5000,1.5000,1.5000,1.5000,1.5000,2.4900,2.4900,2.4900,2.4900,2.4900
18.360000,4.5160,4.5160,4.5160,4.5160,4.5160,1.5000,1.5000,1.5000,1.5000,1.5000,2.4840,2.4840,2.4840,2.4840,2.4840
18.370000,4.5220,4.5220,4.5220,4.5220,4.5220,1.5000,1.5000,1.5000,1.5000,1.5000,2.4780,2.4780,2.4780,2.4780,2.4780
18.380000,4.5280,4.5280,4.5280,4.5280,4.5280,1.5000,1.5000,1.5000,1.5000,1.5000,2.4720,2.4720,2.4720,2.4720,2.4720
18.390000,4.5340,4.5340,4.5340,4.5340,4.5340,1.5000,1.5000,1.5000,1.5000,1.5000,2.4660,2.4660,2.4660,2.4660,2.4660
18.400000,4.5400,4.5400,4.5400,4.5400,4.5400,1.5000,1.5000,1.5000,1.5000,1.5000,2.4600,2.4600,2.4600,2.4600,2.4600
18.410000,4.5460,4.5460,4.5460,4.5460,4.5460,1.5000,1.5000,1.5000,1.5000,1.5000,2.4540,2.4540,2.4540,2.4540,2.4540
18.420000,4.5520,4.5520,4.5520,4.5520,4.5520,1.5000,1.5000,1.5000,1.5000,1.5000,2.4480,2.4480,2.4480,2.4480,2.4480
18.430000,4.5580,4.5580,4.5580,4.5580,4.5580,1.5000,1.5000,1.5000,1.5000,1.5000,2.4420,2.4420,2.4420,2.4420,2.4420
18.440000,4.5640,4.5640,4.5640,4.5640,4.5640,1.5000,1.5000,1.5000,1.5000,1.5000,2.4360,2.4360,2.4360,2.4360,2.4360
18.450000,4.5700,4.5700,4.5700,4.5700,4.5700,1.5000,1.5000,1.5000,1.5000,1.5000,2.4300,2.4300,2.4300,2.4300,2.4300
18.460000,4.5760,4.5760,4.5760,4.5760,4.5760,1.5000,1.5000,1.5000,1.5000,1.5000,2.4240,2.4240,2.4240,2.4240,2.4240
18.470000,4.5820,4.5820,4.5820,4.5820,4.5820,1.5000,1.5000,1.5000,1.5000,1.5000,2.4180,2.4180,2.4180,2.4180,2.4180
18.480000,4.5880,4.5880,4.5880,4.5880,4.5880,1.5000,1.5000,1.5000,1.5000,1.5000,2.4120,2.4120,2.4120,2.4120,2.4120
18.490000,4.5940,4.5940,4.5940,4.5940,4.5940,1.5000,1.5000,1.5000,1.5000,1.5000,2.4060,2.4060,2.4060,2.4060,2.4060
18.500000,4.6000,4.6000,4.6000,4.6000,4.6000,1.5000,1.5000,1.5000,1.5000,1.5000,2.4000,2.4000,2.4000,2.4000,2.4000
18.510000,4.6060,4.6060,4.6060,4.6060,4.6060,1.5000,1.5000,1.5000,1.5000,1.5000,2.3940,2.3940,2.3940,2.3940,2.3940
18.520000,4.6120,4.6120,4.6120,4.6120,4.6120,1.5000,1.5000,1.5000,1.5000,1.5000,2.3880,2.3880,2.3880,2.3880,2.3880
18.530000,4.6180,4.6180,4.6180,4.6180,4.6180,1.5000,1.5000,1.5000,1.5000,1.5000,2.3820,2.3820,2.3820,2.3820,2.3820
18.540000,4.6240,4.6240,4.6240,4.6240,4.6240,1.5000,1.5000,1.5000,1.5000,1.5000,2.3760,2.3760,2.3760,2.3760,2.3760
18.550000,4.6300,4.6300,4.6300,4.6300,4.6300,1.5000,1.5000,1.5000,1.5000,1.5000,2.3700,2.3700,2.3700,2.3700,2.3700
18.560000,4.6360,4.6360,4.6360,4.6360,4.6360,1.5000,1.5000,1.5000,1.5000,1.5000,2.3640,2.3640,2.3640,2.3640,2.3640
18.570000,4.6420,4.6420,4.6420,4.6420,4.6420,1.5000,1.5000,1.5000,1.5000,1.5000,2.3580,2.3580,2.3580,2.3580,2.3580
18.580000,4.6480,4.6480,4.6480,4.6480,4.6480,1.5000,1.5000,1.5000,1.5000,1.5000,2.3520,2.3520,2.3520,2.3520,2.3520
18.590000,4.6540,4.6540,4.6540,4.6540,4.6540,1.5000,1.5000,1.5000,1.5000,1.5000,2.3460,2.3460,2.3460,2.3460,2.3460
18.600000,4.6600,4.6600,4.6600,4.6600,4.6600,1.5000,1.5000,1.5000,1.5000,1.5000,2.3400,2.3400,2.3400,2.3400,2.3400
18.610000,4.6660,4.6660,4.6660,4.6660,4.6660,1.5000,1.5000,1.5000,1.5000,1.5000,2.3340,2.3340,2.3340,2.3340,2.3340
18.620000,4.6720,4.6720,4.6720,4.6720,4.6720,1.5000,1.5000,1.5000,1.5000,1.5000,2.3280,2.3280,2.3280,2.3280,2.3280
18.630000,4.6780,4.6780,4.6780,4.6780,4.6780,1.5000,1.5000,1.5000,1.5000,1.5000,2.3220,2.3220,2.3220,2.3220,2.3220
18.640000,4.6840,4.6840,4.6840,4.6840,4.6840,1.5000,1.5000,1.5000,1.5000,1.5000,2.3160,2.3160,2.3160,2.3160,2.3160
18.650000,4.6900,4.6900,4.6900,4.6900,4.6900,1.5000,1.5000,1.5000,1.5000,1.5000,2.3100,2.3100,2.3100,2.3100,2.3100
18.660000,4.6960,4.6960,4.6960,4.6960,4.6960,1.5000,1.5000,1.5000,1.5000,1.5000,2.3040,2.3040,2.3040,2.3040,2.3040
18.670000,4.7020,4.7020,4.7020,4.7020,4.7020,1.5000,1.5000,1.5000,1.5000,1.5000,2.2980,2.2980,2.2980,2.2980,2.2980
18.680000,4.7080,4.7080,4.7080,4.7080,4.7080,1.5000,1.5000,1.5000,1.5000,1.5000,2.2920,2.2920,2.2920,2.2920,2.2920
18.690000,4.7140,4.7140,4.7140,4.7140,4.7140,1.5000,1.5000,1.5000,1.5000,1.5000,2.2860,2.2860,2.2860,2.2860,2.2860
18.700000,4.7200,4.7200,4.7200,4.7200,4.7200,1.5000,1.5000,1.5000,1.5000,1.5000,2.2800,2.2800,2.2800,2.2800,2.2800
18.710000,4.7260,4.7260,4.7260,4.7260,4.7260,1.5000,1.5000,1.5000,1.5000,1.5000,2.2740,2.2740,2.2740,2.2740,2.2740
18.720000,4.7320,4.7320,4.7320,4.7320,4.7320,1.5000,1.5000,1.5000,1.5000,1.5000,2.2680,2.2680,2.2680,2.2680,2.2680
18.730000,4.7380,4.7380,4.7380,4.7380,4.7380,1.5000,1.5000,1.5000,1.5000,1.5000,2.2620,2.2620,2.2620,2.2620,2.2620
18.740000,4.7440,4.7440,4.7440,4.7440,4.7440,1.5000,1.5000,1.5000,1.5000,1.5000,2.2560,2.2560,2.2560,2.2560,2.2560
18.750000,4.7500,4.7500,4.7500,4.7500,4.7500,1.5000,1.5000,1.5000,1.5000,1.5000,2.2500,2.2500,2.2500,2.2500,2.2500
18.760000,4.7560,4.7560,4.7560,4.7560,4.7560,1.5000,1.5000,1.5000,1.5000,1.5000,2.2440,2.2440,2.2440,2.2440,2.2440
18.770000,4.7620,4.7620,4.7620,4.7620,4.7620,1.5000,1.5000,1.5000,1.5000,1.5000,2.2380,2.2380,2.2380,2.2380,2.2380
18.780000,4.7680,4.7680,4.7680,4.7680,4.7680,1.5000,1.5000,1.5000,1.5000,1.5000,2.2320,2.2320,2.2320,2.2320,2.2320
18.790000,4.7740,4.7740,4.7740,4.7740,4.7740,1.5000,1.5000,1.5000,1.5000,1.5000,2.2260,2.2260,2.2260,2.2260,2.2260
18.800000,4.7800,4.7800,4.7800,4.7800,4.7800,1.5000,1.5000,1.5000,1.5000,1.5000,2.2200,2.2200,2.2200,2.2200,2.2200
18.810000,4.7860,4.7860,4.7860,4.7860,4.7860,1.5000,1.5000,1.5000,1.5000,1.5000,2.2140,2.2140,2.2140,2.2140,2.2140
18.820000,4.7920,4.7920,4.7920,4.7920,4.7920,1.5000,1.5000,1.5000,1.5000,1.5000,2.2080,2.2080,2.2080,2.2080,2.2080
18.830000,4.7980,4.7980,4.7980,4.7980,4.7980,1.5000,1.5000,1.5000,1.5000,1.5000,2.2020,2.2020,2.2020,2.2020,2.2020
18.840000,4.8040,4.8040,4.8040,4.8040,4.8040,1.5000,1.5000,1.5000,1.5000,1.5000,2.1960,2.1960,2.1960,2.1960,2.1960
18.850000,4.8100,4.8100,4.8100,4.8100,4.8100,1.5000,1.5000,1.5000,1.5000,1.5000,2.1900,2.1900,2.1900,2.1900,2.1900
18.860000,4.8160,4.8160,4.8160,4.8160,4.8160,1.5000,1.5000,1.5000,1.5000,1.5000,2.1840,2.1840,2.1840,2.1840,2.1840
18.870000,4.8220,4.8220,4.8220,4.8220,4.8220,1.5000,1.5000,1.5000,1.5000,1.5000,2.1780,2.1780,2.1780,2.1780,2.1780
18.880000,4.8280,4.8280,4.8280,4.8280,4.8280,1.5000,1.5000,1.5000,1.5000,1.5000,2.1720,2.1720,2.1720,2.1720,2.1720
18.890000,4.8340,4.8340,4.8340,4.8340,4.8340,1.5000,1.5000,1.5000,1.5000,1.5000,2.1660,2.1660,2.1660,2.1660,2.1660
18.900000,4.8400,4.8400,4.8400,4.8400,4.8400,1.5000,1.5000,1.5000,1.5000,1.5000,2.1600,2.1600,2.1600,2.1600,2.1600
18.910000,4.8460,4.8460,4.8460,4.8460,4.8460,1.5000,1.5000,1.5000,1.5000,1.5000,2.1540,2.1540,2.1540,2.1540,2.1540
18.920000,4.8520,4.8520,4.8520,4.8520,4.8520,1.5000,1.5000,1.5000,1.5000,1.5000,2.1480,2.1480,2.1480,2.1480,2.1480
18.930000,4.8580,4.8580,4.8580,4.8580,4.8580,1.5000,1.5000,1.5000,1.5000,1.5000,2.1420,2.1420,2.1420,2.1420,2.1420
18.940000,4.8640,4.8640,4.8640,4.8640,4.8640,1.5000,1.5000,1.5000,1.5000,1.5000,2.1360,2.1360,2.1360,2.1360,2.1360
18.950000,4.8700,4.8700,4.8700,4.8700,4.8700,1.5000,1.5000,1.5000,1.5000,1.5000,2.1300,2.1300,2.1300,2.1300,2.1300
18.960000,4.8760,4.8760,4.8760,4.8760,4.8760,1.5000,1.5000,1.5000,1.5000,1.5000,2.1240,2.1240,2.1240,2.1240,2.1240
18.970000,4.8820,4.8820,4.8820,4.8820,4.8820,1.5000,1.5000,1.5000,1.5000,1.5000,2.1180,2.1180,2.1180,2.1180,2.1180
18.980000,4.8880,4.8880,4.8880,4.8880,4.8880,1.5000,1.5000,1.5000,1.5000,1.5000,2.1120,2.1120,2.1120,2.1120,2.1120
18.990000,4.8940,4.8940,4.8940,4.8940,4.8940,1.5000,1.5000,1.5000,1.5000,1.5000,2.1060,2.1060,2.1060,2.1060,2.1060
19.000000,4.9000,4.9000,4.9000,4.9000,4.9000,1.5000,1.5000,1.5000,1.5000,1.5000,2.1000,2.1000,2.1000,2.1000,2.1000
19.010000,4.9060,4.9060,4.9060,4.9060,4.9060,1.5000,1.5000,1.5000,1.5000,1.5000,2.0940,2.0940,2.0940,2.0940,2.0940
19.020000,4.9120,4.9120,4.9120,4.9120,4.9120,1.5000,1.5000,1.5000,1.5000,1.5000,2.0880,2.0880,2.0880,2.0880,2.0880
19.030000,4.9180,4.9180,4.9180,4.9180,4.9180,1.5000,1.5000,1.5000,1.5000,1.5000,2.0820,2.0820,2.0820,2.0820,2.0820
19.040000,4.9240,4.9240,4.9240,4.9240,4.9240,1.5000,1.5000,1.5000,1.5000,1.5000,2.0760,2.0760,2.0760,2.0760,2.0760
19.050000,4.9300,4.9300,4.9300,4.9300,4.9300,1.5000,1.5000,1.5000,1.5000,1.5000,2.0700,2.0700,2.0700,2.0700,2.0700
19.060000,4.9360,4.9360,4.9360,4.9360,4.9360,1.5000,1.5000,1.5000,1.5000,1.5000,2.0640,2.0640,2.0640,2.0640,2.0640
19.070000,4.9420,4.9420,4.9420,4.9420,4.9420,1.5000,1.5000,1.5000,1.5000,1.5000,2.0580,2.0580,2.0580,2.0580,2.0580
19.080000,4.9480,4.9480,4.9480,4.9480,4.9480,1.5000,1.5000,1.5000,1.5000,1.5000,2.0520,2.0520,2.0520,2.0520,2.0520
19.090000,4.9540,4.9540,4.9540,4.9540,4.9540,1.5000,1.5000,1.5000,1.5000,1.5000,2.0460,2.0460,2.0460,2.0460,2.0460
19.100000,4.9600,4.9600,4.9600,4.9600,4.9600,1.5000,1.5000,1.5000,1.5000,1.5000,2.0400,2.0400,2.0400,2.0400,2.0400
19.110000,4.9660,4.9660,4.9660,4.9660,4.9660,1.5000,1.5000,1.5000,1.5000,1.5000,2.0340,2.0340,2.0340,2.0340,2.0340
19.120000,4.9720,4.9720,4.9720,4.9720,4.9720,1.5000,1.5000,1.5000,1.5000,1.5000,2.0280,2.0280,2.0280,2.0280,2.0280
19.130000,4.9780,4.9780,4.9780,4.9780,4.9780,1.5000,1.5000,1.5000,1.5000,1.5000,2.0220,2.0220,2.0220,2.0220,2.0220
19.140000,4.9840,4.9840,4.9840,4.9840,4.9840,1.5000,1.5000,1.5000,1.5000,1.5000,2.0160,2.0160,2.0160,2.0160,2.0160
19.150000,4.9900,4.9900,4.9900,4.9900,4.9900,1.5000,1.5000,1.5000,1.5000,1.5000,2.0100,2.0100,2.0100,2.0100,2.0100
19.160000,4.9960,4.9960,4.9960,4.9960,4.9960,1.5000,1.5000,1.5000,1.5000,1.5000,2.0040,2.0040,2.0040,2.0040,2.0040
19.170000,5.0020,5.0020,5.0020,5.0020,5.0020,1.5000,1.5000,1.5000,1.5000,1.5000,1.9980,1.9980,1.9980,1.9980,1.9980
19.180000,5.0080,5.0080,5.0080,5.0080,5.0080,1.5000,1.5000,1.5000,1.5000,1.5000,1.9920,1.9920,1.9920,1.9920,1.9920
19.190000,5.0140,5.0140,5.0140,5.0140,5.0140,1.5000,1.5000,1.5000,1.5000,1.5000,1.9860,1.9860,1.9860,1.9860,1.9860
19.200000,5.0200,5.0200,5.0200,5.0200,5.0200,1.5000,1.5000,1.5000,1.5000,1.5000,1.9800,1.9800,1.9800,1.9800,1.9800
19.210000,5.0260,5.0260,5.0260,5.0260,5.0260,1.5000,1.5000,1.5000,1.5000,1.5000,1.9740,1.9740,1.9740,1.9740,1.9740
19.220000,5.0320,5.0320,5.0320,5.0320,5.0320,1.5000,1.5000,1.5000,1.5000,1.5000,1.9680,1.9680,1.9680,1.9680,1.9680
19.230000,5.0380,5.0380,5.0380,5.0380,5.0380,1.5000,1.5000,1.5000,1.5000,1.5000,1.9620,1.9620,1.9620,1.9620,1.9620
19.240000,5.0440,5.0440,5.0440,5.0440,5.0440,1.5000,1.5000,1.5000,1.5000,1.5000,1.9560,1.9560,1.9560,1.9560,1.9560
19.250000,5.0500,5.0500,5.0500,5.0500,5.0500,1.5000,1.5000,1.5000,1.5000,1.5000,1.9500,1.9500,1.9500,1.9500,1.9500
19.260000,5.0560,5.0560,5.0560,5.0560,5.0560,1.5000,1.5000,1.5000,1.5000,1.5000,1.9440,1.9440,1.9440,1.9440,1.9440
19.270000,5.0620,5.0620,5.0620,5.0620,5.0620,1.5000,1.5000,1.5000,1.5000,1.5000,1.9380,1.9380,1.9380,1.9380,1.9380
19.280000,5.0680,5.0680,5.0680,5.0680,5.0680,1.5000,1.5000,1.5000,1.5000,1.5000,1.9320,1.9320,1.9320,1.9320,1.9320
19.290000,5.0740,5.0740,5.0740,5.0740,5.0740,1.5000,1.5000,1.5000,1.5000,1.5000,1.9260,1.9260,1.9260,1.9260,1.9260
19.300000,5.0800,5.0800,5.0800,5.0800,5.0800,1.5000,1.5000,1.5000,1.5000,1.5000,1.9200,1.9200,1.9200,1.9200,1.9200
19.310000,5.0860,5.0860,5.0860,5.0860,5.0860,1.5000,1.5000,1.5000,1.5000,1.5000,1.9140,1.9140,1.9140,1.9140,1.9140
19.320000,5.0920,5.0920,5.0920,5.0920,5.0920,1.5000,1.5000,1.5000,1.5000,1.5000,1.9080,1.9080,1.9080,1.9080,1.9080
19.330000,5.0980,5.0980,5.0980,5.0980,5.0980,1.5000,1.5000,1.5000,1.5000,1.5000,1.9020,1.9020,1.9020,1.9020,1.9020
19.340000,5.1040,5.1040,5.1040,5.1040,5.1040,1.5000,1.5000,1.5000,1.5000,1.5000,1.8960,1.8960,1.8960,1.8960,1.8960
19.350000,5.1100,5.1100,5.1100,5.1100,5.1100,1.5000,1.5000,1.5000,1.5000,1.5000,1.8900,1.8900,1.8900,1.8900,1.8900
19.360000,5.1160,5.1160,5.1160,5.1160,5.1160,1.5000,1.5000,1.5000,1.5000,1.5000,1.8840,1.8840,1.8840,1.8840,1.8840
19.370000,5.1220,5.1220,5.1220,5.1220,5.1220,1.5000,1.5000,1.5000,1.5000,1.5000,1.8780,1.8780,1.8780,1.8780,1.8780
19.380000,5.1280,5.1280,5.1280,5.1280,5.1280,1.5000,1.5000,1.5000,1.5000,1.5000,1.8720,1.8720,1.8720,1.8720,1.8720
19.390000,5.1340,5.1340,5.1340,5.1340,5.1340,1.5000,1.5000,1.5000,1.5000,1.5000,1.8660,1.8660,1.8660,1.8660,1.8660
19.400000,5.1400,5.1400,5.1400,5.1400,5.1400,1.5000,1.5000,1.5000,1.5000,1.5000,1.8600,1.8600,1.8600,1.8600,1.8600
19.410000,5.1460,5.1460,5.1460,5.1460,5.1460,1.5000,1.5000,1.5000,1.5000,1.5000,1.8540,1.8540,1.8540,1.8540,1.8540
19.420000,5.1520,5.1520,5.1520,5.1520,5.1520,1.5000,1.5000,1.5000,1.5000,1.5000,1.8480,1.8480,1.8480,1.8480,1.8480
19.430000,5.1580,5.1580,5.1580,5.1580,5.1580,1.5000,1.5000,1.5000,1.5000,1.5000,1.8420,1.8420,1.8420,1.8420,1.8420
19.440000,5.1640,5.1640,5.1640,5.1640,5.1640,1.5000,1.5000,1.5000,1.5000,1.5000,1.8360,1.8360,1.8360,1.8360,1.8360
19.450000,5.1700,5.1700,5.1700,5.1700,5.1700,1.5000,1.5000,1.5000,1.5000,1.5000,1.8300,1.8300,1.8300,1.8300,1.8300
19.460000,5.1760,5.1760,5.1760,5.1760,5.1760,1.5000,1.5000,1.5000,1.5000,1.5000,1.8240,1.8240,1.8240,1.8240,1.8240
19.470000,5.1820,5.1820,5.1820,5.1820,5.1820,1.5000,1.5000,1.5000,1.5000,1.5000,1.8180,1.8180,1.8180,1.8180,1.8180
19.480000,5.1880,5.1880,5.1880,5.1880,5.1880,1.5000,1.5000,1.5000,1.5000,1.5000,1.8120,1.8120,1.8120,1.8120,1.8120
19.490000,5.1940,5.1940,5.1940,5.1940,5.1940,1.5000,1.5000,1.5000,1.5000,1.5000,1.8060,1.8060,1.8060,1.8060,1.8060
19.500000,5.2000,5.2000,5.2000,5.2000,5.2000,1.5000,1.5000,1.5000,1.5000,1.5000,1.8000,1.8000,1.8000,1.8000,1.8000
19.510000,5.2060,5.2060,5.2060,5.2060,5.2060,1.5000,1.5000,1.5000,1.5000,1.5000,1.7940,1.7940,1.7940,1.7940,1.7940
19.520000,5.2120,5.2120,5.2120,5.2120,5.2120,1.5000,1.5000,1.5000,1.5000,1.5000,1.7880,1.7880,1.7880,1.7880,1.7880
19.530000,5.2180,5.2180,5.2180,5.2180,5.2180,1.5000,1.5000,1.5000,1.5000,1.5000,1.7820,1.7820,1.7820,1.7820,1.7820
19.540000,5.2240,5.2240,5.2240,5.2240,5.2240,1.5000,1.5000,1.5000,1.5000,1.5000,1.7760,1.7760,1.7760,1.7760,1.7760
19.550000,5.2300,5.2300,5.2300,5.2300,5.2300,1.5000,1.5000,1.5000,1.5000,1.5000,1.7700,1.7700,1.7700,1.7700,1.7700
19.560000,5.2360,5.2360,5.2360,5.2360,5.2360,1.5000,1.5000,1.5000,1.5000,1.5000,1.7640,1.7640,1.7640,1.7640,1.7640
19.570000,5.2420,5.2420,5.2420,5.2420,5.2420,1.5000,1.5000,1.5000,1.5000,1.5000,1.7580,1.7580,1.7580,1.7580,1.7580
19.580000,5.2480,5.2480,5.2480,5.2480,5.2480,1.5000,1.5000,1.5000,1.5000,1.5000,1.7520,1.7520,1.7520,1.7520,1.7520
19.590000,5.2540,5.2540,5.2540,5.2540,5.2540,1.5000,1.5000,1.5000,1.5000,1.5000,1.7460,1.7460,1.7460,1.7460,1.7460
19.600000,5.2600,5.2600,5.2600,5.2600,5.2600,1.5000,1.5000,1.5000,1.5000,1.5000,1.7400,1.7400,1.7400,1.7400,1.7400
19.610000,5.2660,5.2660,5.2660,5.2660,5.2660,1.5000,1.5000,1.5000,1.5000,1.5000,1.7340,1.7340,1.7340,1.7340,1.7340
19.620000,5.2720,5.2720,5.2720,5.2720,5.2720,1.5000,1.5000,1.5000,1.5000,1.5000,1.7280,1.7280,1.7280,1.7280,1.7280
19.630000,5.2780,5.2780,5.2780,5.2780,5.2780,1.5000,1.5000,1.5000,1.5000,1.5000,1.7220,1.7220,1.7220,1.7220,1.7220
19.640000,5.2840,5.2840,5.2840,5.2840,5.2840,1.5000,1.5000,1.5000,1.5000,1.5000,1.7160,1.7160,1.7160,1.7160,1.7160
19.650000,5.2900,5.2900,5.2900,5.2900,5.2900,1.5000,1.5000,1.5000,1.5000,1.5000,1.7100,1.7100,1.7100,1.7100,1.7100
19.660000,5.2960,5.2960,5.2960,5.2960,5.2960,1.5000,1.5000,1.5000,1.5000,1.5000,1.7040,1.7040,1.7040,1.7040,1.7040
19.670000,5.3020,5.3020,5.3020,5.3020,5.3020,1.5000,1.5000,1.5000,1.5000,1.5000,1.6980,1.6980,1.6980,1.6980,1.6980
19.680000,5.3080,5.3080,5.3080,5.3080,5.3080,1.5000,1.5000,1.5000,1.5000,1.5000,1.6920,1.6920,1.6920,1.6920,1.6920
19.690000,5.3140,5.3140,5.3140,5.3140,5.3140,1.5000,1.5000,1.5000,1.5000,1.5000,1.6860,1.6860,1.6860,1.6860,1.6860
19.700000,5.3200,5.3200,5.3200,5.3200,5.3200,1.5000,1.5000,1.5000,1.5000,1.5000,1.6800,1.6800,1.6800,1.6800,1.6800
19.710000,5.3260,5.3260,5.3260,5.3260,5.3260,1.5000,1.5000,1.5000,1.5000,1.5000,1.6740,1.6740,1.6740,1.6740,1.6740
19.720000,5.3320,5.3320,5.3320,5.3320,5.3320,1.5000,1.5000,1.5000,1.5000,1.5000,1.6680,1.6680,1.6680,1.6680,1.6680
19.730000,5.3380,5.3380,5.3380,5.3380,5.3380,1.5000,1.5000,1.5000,1.5000,1.5000,1.6620,1.6620,1.6620,1.6620,1.6620
19.740000,5.3440,5.3440,5.3440,5.3440,5.3440,1.5000,1.5000,1.5000,1.5000,1.5000,1.6560,1.6560,1.6560,1.6560,1.6560
19.750000,5.3500,5.3500,5.3500,5.3500,5.3500,1.5000,1.5000,1.5000,1.5000,1.5000,1.6500,1.6500,1.6500,1.6500,1.6500
19.760000,5.3560,5.3560,5.3560,5.3560,5.3560,1.5000,1.5000,1.5000,1.5000,1.5000,1.6440,1.6440,1.6440,1.6440,1.6440
19.770000,5.3620,5.3620,5.3620,5.3620,5.3620,1.5000,1.5000,1.5000,1.5000,1.5000,1.6380,1.6380,1.6380,1.6380,1.6380
19.780000,5.3680,5.3680,5.3680,5.3680,5.3680,1.5000,1.5000,1.5000,1.5000,1.5000,1.6320,1.6320,1.6320,1.6320,1.6320
19.790000,5.3740,5.3740,5.3740,5.3740,5.3740,1.5000,1.5000,1.5000,1.5000,1.5000,1.6260,1.6260,1.6260,1.6260,1.6260
19.800000,5.3800,5.3800,5.3800,5.3800,5.3800,1.5000,1.5000,1.5000,1.5000,1.5000,1.6200,1.6200,1.6200,1.6200,1.6200
19.810000,5.3860,5.3860,5.3860,5.3860,5.3860,1.5000,1.5000,1.5000,1.5000,1.5000,1.6140,1.6140,1.6140,1.6140,1.6140
19.820000,5.3920,5.3920,5.3920,5.3920,5.3920,1.5000,1.5000,1.5000,1.5000,1.5000,1.6080,1.6080,1.6080,1.6080,1.6080
19.830000,5.3980,5.3980,5.3980,5.3980,5.3980,1.5000,1.5000,1.5000,1.5000,1.5000,1.6020,1.6020,1.6020,1.6020,1.6020
19.840000,5.4040,5.4040,5.4040,5.4040,5.4040,1.5000,1.5000,1.5000,1.5000,1.5000,1.5960,1.5960,1.5960,1.5960,1.5960
19.850000,5.4100,5.4100,5.4100,5.4100,5.4100,1.5000,1.5000,1.5000,1.5000,1.5000,1.5900,1.5900,1.5900,1.5900,1.5900
19.860000,5.4160,5.4160,5.4160,5.4160,5.4160,1.5000,1.5000,1.5000,1.5000,1.5000,1.5840,1.5840,1.5840,1.5840,1.5840
19.870000,5.4220,5.4220,5.4220,5.4220,5.4220,1.5000,1.5000,1.5000,1.5000,1.5000,1.5780,1.5780,1.5780,1.5780,1.5780
19.880000,5.4280,5.4280,5.4280,5.4280,5.4280,1.5000,1.5000,1.5000,1.5000,1.5000,1.5720,1.5720,1.5720,1.5720,1.5720
19.890000,5.4340,5.4340,5.4340,5.4340,5.4340,1.5000,1.5000,1.5000,1.5000,1.5000,1.5660,1.5660,1.5660,1.5660,1.5660
19.900000,5.4400,5.4400,5.4400,5.4400,5.4400,1.5000,1.5000,1.5000,1.5000,1.5000,1.5600,1.5600,1.5600,1.5600,1.5600
19.910000,5.4460,5.4460,5.4460,5.4460,5.4460,1.5000,1.5000,1.5000,1.5000,1.5000,1.5540,1.5540,1.5540,1.5540,1.5540
19.920000,5.4520,5.4520,5.4520,5.4520,5.4520,1.5000,1.5000,1.5000,1.5000,1.5000,1.5480,1.5480,1.5480,1.5480,1.5480
19.930000,5.4580,5.4580,5.4580,5.4580,5.4580,1.5000,1.5000,1.5000,1.5000,1.5000,1.5420,1.5420,1.5420,1.5420,1.5420
19.940000,5.4640,5.4640,5.4640,5.4640,5.4640,1.5000,1.5000,1.5000,1.5000,1.5000,1.5360,1.5360,1.5360,1.5360,1.5360
19.950000,5.4700,5.4700,5.4700,5.4700,5.4700,1.5000,1.5000,1.5000,1.5000,1.5000,1.5300,1.5300,1.5300,1.5300,1.5300
19.960000,5.4760,5.4760,5.4760,5.4760,5.4760,1.5000,1.5000,1.5000,1.5000,1.5000,1.5240,1.5240,1.5240,1.5240,1.5240
19.970000,5.4820,5.4820,5.4820,5.4820,5.4820,1.5000,1.5000,1.5000,1.5000,1.5000,1.5180,1.5180,1.5180,1.5180,1.5180
19.980000,5.4880,5.4880,5.4880,5.4880,5.4880,1.5000,1.5000,1.5000,1.5000,1.5000,1.5120,1.5120,1.5120,1.5120,1.5120
19.990000,5.4940,5.4940,5.4940,5.4940,5.4940,1.5000,1.5000,1.5000,1.5000,1.5000,1.5060,1.5060,1.5060,1.5060,1.5060
