time,col1_lv0,col1_lv1,col1_lv2,col1_lv3,col1_lv4,col2_lv0,col2_lv1,col2_lv2,col2_lv3,col2_lv4,col3_lv0,col3_lv1,col3_lv2,col3_lv3,col3_lv4
0.000000,3.5000,3.5000,3.5000,3.5000,3.5000,3.5000,3.5000,3.5000,3.5000,3.5000,3.5000,3.5000,3.5000,3.5000,3.5000
0.010000,3.5126,3.5126,3.5126,3.5126,3.5126,3.5126,3.5126,3.5126,3.5126,3.5126,3.5126,3.5126,3.5126,3.5126,3.5126
0.020000,3.5251,3.5251,3.5251,3.5251,3.5251,3.5251,3.5251,3.5251,3.5251,3.5251,3.5251,3.5251,3.5251,3.5251,3.5251
0.030000,3.5377,3.5377,3.5377,3.5377,3.5377,3.5377,3.5377,3.5377,3.5377,3.5377,3.5377,3.5377,3.5377,3.5377,3.5377
0.040000,3.5503,3.5503,3.5503,3.5503,3.5503,3.5503,3.5503,3.5503,3.5503,3.5503,3.5503,3.5503,3.5503,3.5503,3.5503
0.050000,3.5628,3.5628,3.5628,3.5628,3.5628,3.5628,3.5628,3.5628,3.5628,3.5628,3.5628,3.5628,3.5628,3.5628,3.5628
0.060000,3.5754,3.5754,3.5754,3.5754,3.5754,3.5754,3.5754,3.5754,3.5754,3.5754,3.5754,3.5754,3.5754,3.5754,3.5754
0.070000,3.5879,3.5879,3.5879,3.5879,3.5879,3.5879,3.5879,3.5879,3.5879,3.5879,3.5879,3.5879,3.5879,3.5879,3.5879
0.080000,3.6005,3.6005,3.6005,3.6005,3.6005,3.6005,3.6005,3.6005,3.6005,3.6005,3.6005,3.6005,3.6005,3.6005,3.6005
0.090000,3.6130,3.6130,3.6130,3.6130,3.6130,3.6130,3.6130,3.6130,3.6130,3.6130,3.6130,3.6130,3.6130,3.6130,3.6130
0.100000,3.6256,3.6256,3.6256,3.6256,3.6256,3.6256,3.6256,3.6256,3.6256,3.6256,3.6256,3.6256,3.6256,3.6256,3.6256
0.110000,3.6381,3.6381,3.6381,3.6381,3.6381,3.6381,3.6381,3.6381,3.6381,3.6381,3.6381,3.6381,3.6381,3.6381,3.6381
0.120000,3.6507,3.6507,3.6507,3.6507,3.6507,3.6507,3.6507,3.6507,3.6507,3.6507,3.6507,3.6507,3.6507,3.6507,3.6507
0.130000,3.6632,3.6632,3.6632,3.6632,3.6632,3.6632,3.6632,3.6632,3.6632,3.6632,3.6632,3.6632,3.6632,3.6632,3.6632
0.140000,3.6757,3.6757,3.6757,3.6757,3.6757,3.6757,3.6757,3.6757,3.6757,3.6757,3.6757,3.6757,3.6757,3.6757,3.6757
0.150000,3.6882,3.6882,3.6882,3.6882,3.6882,3.6882,3.6882,3.6882,3.6882,3.6882,3.6882,3.6882,3.6882,3.6882,3.6882
0.160000,3.7007,3.7007,3.7007,3.7007,3.7007,3.7007,3.7007,3.7007,3.7007,3.7007,3.7007,3.7007,3.7007,3.7007,3.7007
0.170000,3.7132,3.7132,3.7132,3.7132,3.7132,3.7132,3.7132,3.7132,3.7132,3.7132,3.7132,3.7132,3.7132,3.7132,3.7132
0.180000,3.7257,3.7257,3.7257,3.7257,3.7257,3.7257,3.7257,3.7257,3.7257,3.7257,3.7257,3.7257,3.7257,3.7257,3.7257
0.190000,3.7382,3.7382,3.7382,3.7382,3.7382,3.7382,3.7382,3.7382,3.7382,3.7382,3.7382,3.7382,3.7382,3.7382,3.7382
0.200000,3.7507,3.7507,3.7507,3.7507,3.7507,3.7507,3.7507,3.7507,3.7507,3.7507,3.7507,3.7507,3.7507,3.7507,3.7507
0.210000,3.7631,3.7631,3.7631,3.7631,3.7631,3.7631,3.7631,3.7631,3.7631,3.7631,3.7631,3.7631,3.7631,3.7631,3.7631
0.220000,3.7756,3.7756,3.7756,3.7756,3.7756,3.7756,3.7756,3.7756,3.7756,3.7756,3.7756,3.7756,3.7756,3.7756,3.7756
0.230000,3.7880,3.7880,3.7880,3.7880,3.7880,3.7880,3.7880,3.7880,3.7880,3.7880,3.7880,3.7880,3.7880,3.7880,3.7880
0.240000,3.8005,3.8005,3.8005,3.8005,3.8005,3.8005,3.8005,3.8005,3.8005,3.8005,3.8005,3.8005,3.8005,3.8005,3.8005
0.250000,3.8129,3.8129,3.8129,3.8129,3.8129,3.8129,3.8129,3.8129,3.8129,3.8129,3.8129,3.8129,3.8129,3.8129,3.8129
0.260000,3.8253,3.8253,3.8253,3.8253,3.8253,3.8253,3.8253,3.8253,3.8253,3.8253,3.8253,3.8253,3.8253,3.8253,3.8253
0.270000,3.8377,3.8377,3.8377,3.8377,3.8377,3.8377,3.8377,3.8377,3.8377,3.8377,3.8377,3.8377,3.8377,3.8377,3.8377
0.280000,3.8500,3.8500,3.8500,3.8500,3.8500,3.8500,3.8500,3.8500,3.8500,3.8500,3.8500,3.8500,3.8500,3.8500,3.8500
0.290000,3.8624,3.8624,3.8624,3.8624,3.8624,3.8624,3.8624,3.8624,3.8624,3.8624,3.8624,3.8624,3.8624,3.8624,3.8624
0.300000,3.8748,3.8748,3.8748,3.8748,3.8748,3.8748,3.8748,3.8748,3.8748,3.8748,3.8748,3.8748,3.8748,3.8748,3.8748
0.310000,3.8871,3.8871,3.8871,3.8871,3.8871,3.8871,3.8871,3.8871,3.8871,3.8871,3.8871,3.8871,3.8871,3.8871,3.8871
0.320000,3.8994,3.8994,3.8994,3.8994,3.8994,3.8994,3.8994,3.8994,3.8994,3.8994,3.8994,3.8994,3.8994,3.8994,3.8994
0.330000,3.9117,3.9117,3.9117,3.9117,3.9117,3.9117,3.9117,3.9117,3.9117,3.9117,3.9117,3.9117,3.9117,3.9117,3.9117
0.340000,3.9240,3.9240,3.9240,3.9240,3.9240,3.9240,3.9240,3.9240,3.9240,3.9240,3.9240,3.9240,3.9240,3.9240,3.9240
0.350000,3.9363,3.9363,3.9363,3.9363,3.9363,3.9363,3.9363,3.9363,3.9363,3.9363,3.9363,3.9363,3.9363,3.9363,3.9363
0.360000,3.9485,3.9485,3.9485,3.9485,3.9485,3.9485,3.9485,3.9485,3.9485,3.9485,3.9485,3.9485,3.9485,3.9485,3.9485
0.370000,3.9608,3.9608,3.9608,3.9608,3.9608,3.9608,3.9608,3.9608,3.9608,3.9608,3.9608,3.9608,3.9608,3.9608,3.9608
0.380000,3.9730,3.9730,3.9730,3.9730,3.9730,3.9730,3.9730,3.9730,3.9730,3.9730,3.9730,3.9730,3.9730,3.9730,3.9730
0.390000,3.9852,3.9852,3.9852,3.9852,3.9852,3.9852,3.9852,3.9852,3.9852,3.9852,3.9852,3.9852,3.9852,3.9852,3.9852
0.400000,3.9974,3.9974,3.9974,3.9974,3.9974,3.9974,3.9974,3.9974,3.9974,3.9974,3.9974,3.9974,3.9974,3.9974,3.9974
0.410000,4.0095,4.0095,4.0095,4.0095,4.0095,4.0095,4.0095,4.0095,4.0095,4.0095,4.0095,4.0095,4.0095,4.0095,4.0095
0.420000,4.0217,4.0217,4.0217,4.0217,4.0217,4.0217,4.0217,4.0217,4.0217,4.0217,4.0217,4.0217,4.0217,4.0217,4.0217
0.430000,4.0338,4.0338,4.0338,4.0338,4.0338,4.0338,4.0338,4.0338,4.0338,4.0338,4.0338,4.0338,4.0338,4.0338,4.0338
0.440000,4.0459,4.0459,4.0459,4.0459,4.0459,4.0459,4.0459,4.0459,4.0459,4.0459,4.0459,4.0459,4.0459,4.0459,4.0459
0.450000,4.0580,4.0580,4.0580,4.0580,4.0580,4.0580,4.0580,4.0580,4.0580,4.0580,4.0580,4.0580,4.0580,4.0580,4.0580
0.460000,4.0700,4.0700,4.0700,4.0700,4.0700,4.0700,4.0700,4.0700,4.0700,4.0700,4.0700,4.0700,4.0700,4.0700,4.0700
0.470000,4.0821,4.0821,4.0821,4.0821,4.0821,4.0821,4.0821,4.0821,4.0821,4.0821,4.0821,4.0821,4.0821,4.0821,4.0821
0.480000,4.0941,4.0941,4.0941,4.0941,4.0941,4.0941,4.0941,4.0941,4.0941,4.0941,4.0941,4.0941,4.0941,4.0941,4.0941
0.490000,4.1061,4.1061,4.1061,4.1061,4.1061,4.1061,4.1061,4.1061,4.1061,4.1061,4.1061,4.1061,4.1061,4.1061,4.1061
0.500000,4.1180,4.1180,4.1180,4.1180,4.1180,4.1180,4.1180,4.1180,4.1180,4.1180,4.1180,4.1180,4.1180,4.1180,4.1180
0.510000,4.1300,4.1300,4.1300,4.1300,4.1300,4.1300,4.1300,4.1300,4.1300,4.1300,4.1300,4.1300,4.1300,4.1300,4.1300
0.520000,4.1419,4.1419,4.1419,4.1419,4.1419,4.1419,4.1419,4.1419,4.1419,4.1419,4.1419,4.1419,4.1419,4.1419,4.1419
0.530000,4.1538,4.1538,4.1538,4.1538,4.1538,4.1538,4.1538,4.1538,4.1538,4.1538,4.1538,4.1538,4.1538,4.1538,4.1538
0.540000,4.1656,4.1656,4.1656,4.1656,4.1656,4.1656,4.1656,4.1656,4.1656,4.1656,4.1656,4.1656,4.1656,4.1656,4.1656
0.550000,4.1775,4.1775,4.1775,4.1775,4.1775,4.1775,4.1775,4.1775,4.1775,4.1775,4.1775,4.1775,4.1775,4.1775,4.1775
0.560000,4.1893,4.1893,4.1893,4.1893,4.1893,4.1893,4.1893,4.1893,4.1893,4.1893,4.1893,4.1893,4.1893,4.1893,4.1893
0.570000,4.2011,4.2011,4.2011,4.2011,4.2011,4.2011,4.2011,4.2011,4.2011,4.2011,4.2011,4.2011,4.2011,4.2011,4.2011
0.580000,4.2128,4.2128,4.2128,4.2128,4.2128,4.2128,4.2128,4.2128,4.2128,4.2128,4.2128,4.2128,4.2128,4.2128,4.2128
0.590000,4.2246,4.2246,4.2246,4.2246,4.2246,4.2246,4.2246,4.2246,4.2246,4.2246,4.2246,4.2246,4.2246,4.2246,4.2246
0.600000,4.2362,4.2362,4.2362,4.2362,4.2362,4.2362,4.2362,4.2362,4.2362,4.2362,4.2362,4.2362,4.2362,4.2362,4.2362
0.610000,4.2479,4.2479,4.2479,4.2479,4.2479,4.2479,4.2479,4.2479,4.2479,4.2479,4.2479,4.2479,4.2479,4.2479,4.2479
0.620000,4.2596,4.2596,4.2596,4.2596,4.2596,4.2596,4.2596,4.2596,4.2596,4.2596,4.2596,4.2596,4.2596,4.2596,4.2596
0.630000,4.2712,4.2712,4.2712,4.2712,4.2712,4.2712,4.2712,4.2712,4.2712,4.2712,4.2712,4.2712,4.2712,4.2712,4.2712
0.640000,4.2827,4.2827,4.2827,4.2827,4.2827,4.2827,4.2827,4.2827,4.2827,4.2827,4.2827,4.2827,4.2827,4.2827,4.2827
0.650000,4.2943,4.2943,4.2943,4.2943,4.2943,4.2943,4.2943,4.2943,4.2943,4.2943,4.2943,4.2943,4.2943,4.2943,4.2943
0.660000,4.3058,4.3058,4.3058,4.3058,4.3058,4.3058,4.3058,4.3058,4.3058,4.3058,4.3058,4.3058,4.3058,4.3058,4.3058
0.670000,4.3173,4.3173,4.3173,4.3173,4.3173,4.3173,4.3173,4.3173,4.3173,4.3173,4.3173,4.3173,4.3173,4.3173,4.3173
0.680000,4.3288,4.3288,4.3288,4.3288,4.3288,4.3288,4.3288,4.3288,4.3288,4.3288,4.3288,4.3288,4.3288,4.3288,4.3288
0.690000,4.3402,4.3402,4.3402,4.3402,4.3402,4.3402,4.3402,4.3402,4.3402,4.3402,4.3402,4.3402,4.3402,4.3402,4.3402
0.700000,4.3516,4.3516,4.3516,4.3516,4.3516,4.3516,4.3516,4.3516,4.3516,4.3516,4.3516,4.3516,4.3516,4.3516,4.3516
0.710000,4.3629,4.3629,4.3629,4.3629,4.3629,4.3629,4.3629,4.3629,4.3629,4.3629,4.3629,4.3629,4.3629,4.3629,4.3629
0.720000,4.3742,4.3742,4.3742,4.3742,4.3742,4.3742,4.3742,4.3742,4.3742,4.3742,4.3742,4.3742,4.3742,4.3742,4.3742
0.730000,4.3855,4.3855,4.3855,4.3855,4.3855,4.3855,4.3855,4.3855,4.3855,4.3855,4.3855,4.3855,4.3855,4.3855,4.3855
0.740000,4.3968,4.3968,4.3968,4.3968,4.3968,4.3968,4.3968,4.3968,4.3968,4.3968,4.3968,4.3968,4.3968,4.3968,4.3968
0.750000,4.4080,4.4080,4.4080,4.4080,4.4080,4.4080,4.4080,4.4080,4.4080,4.4080,4.4080,4.4080,4.4080,4.4080,4.4080
0.760000,4.4192,4.4192,4.4192,4.4192,4.4192,4.4192,4.4192,4.4192,4.4192,4.4192,4.4192,4.4192,4.4192,4.4192,4.4192
0.770000,4.4303,4.4303,4.4303,4.4303,4.4303,4.4303,4.4303,4.4303,4.4303,4.4303,4.4303,4.4303,4.4303,4.4303,4.4303
0.780000,4.4414,4.4414,4.4414,4.4414,4.4414,4.4414,4.4414,4.4414,4.4414,4.4414,4.4414,4.4414,4.4414,4.4414,4.4414
0.790000,4.4525,4.4525,4.4525,4.4525,4.4525,4.4525,4.4525,4.4525,4.4525,4.4525,4.4525,4.4525,4.4525,4.4525,4.4525
0.800000,4.4635,4.4635,4.4635,4.4635,4.4635,4.4635,4.4635,4.4635,4.4635,4.4635,4.4635,4.4635,4.4635,4.4635,4.4635
0.810000,4.4745,4.4745,4.4745,4.4745,4.4745,4.4745,4.4745,4.4745,4.4745,4.4745,4.4745,4.4745,4.4745,4.4745,4.4745
0.820000,4.4855,4.4855,4.4855,4.4855,4.4855,4.4855,4.4855,4.4855,4.4855,4.4855,4.4855,4.4855,4.4855,4.4855,4.4855
0.830000,4.4964,4.4964,4.4964,4.4964,4.4964,4.4964,4.4964,4.4964,4.4964,4.4964,4.4964,4.4964,4.4964,4.4964,4.4964
0.840000,4.5072,4.5072,4.5072,4.5072,4.5072,4.5072,4.5072,4.5072,4.5072,4.5072,4.5072,4.5072,4.5072,4.5072,4.5072
0.850000,4.5181,4.5181,4.5181,4.5181,4.5181,4.5181,4.5181,4.5181,4.5181,4.5181,4.5181,4.5181,4.5181,4.5181,4.5181
0.860000,4.5289,4.5289,4.5289,4.5289,4.5289,4.5289,4.5289,4.5289,4.5289,4.5289,4.5289,4.5289,4.5289,4.5289,4.5289
0.870000,4.5396,4.5396,4.5396,4.5396,4.5396,4.5396,4.5396,4.5396,4.5396,4.5396,4.5396,4.5396,4.5396,4.5396,4.5396
0.880000,4.5503,4.5503,4.5503,4.5503,4.5503,4.5503,4.5503,4.5503,4.5503,4.5503,4.5503,4.5503,4.5503,4.5503,4.5503
0.890000,4.5610,4.5610,4.5610,4.5610,4.5610,4.5610,4.5610,4.5610,4.5610,4.5610,4.5610,4.5610,4.5610,4.5610,4.5610
0.900000,4.5717,4.5717,4.5717,4.5717,4.5717,4.5717,4.5717,4.5717,4.5717,4.5717,4.5717,4.5717,4.5717,4.5717,4.5717
0.910000,4.5822,4.5822,4.5822,4.5822,4.5822,4.5822,4.5822,4.5822,4.5822,4.5822,4.5822,4.5822,4.5822,4.5822,4.5822
0.920000,4.5928,4.5928,4.5928,4.5928,4.5928,4.5928,4.5928,4.5928,4.5928,4.5928,4.5928,4.5928,4.5928,4.5928,4.5928
0.930000,4.6033,4.6033,4.6033,4.6033,4.6033,4.6033,4.6033,4.6033,4.6033,4.6033,4.6033,4.6033,4.6033,4.6033,4.6033
0.940000,4.6138,4.6138,4.6138,4.6138,4.6138,4.6138,4.6138,4.6138,4.6138,4.6138,4.6138,4.6138,4.6138,4.6138,4.6138
0.950000,4.6242,4.6242,4.6242,4.6242,4.6242,4.6242,4.6242,4.6242,4.6242,4.6242,4.6242,4.6242,4.6242,4.6242,4.6242
0.960000,4.6345,4.6345,4.6345,4.6345,4.6345,4.6345,4.6345,4.6345,4.6345,4.6345,4.6345,4.6345,4.6345,4.6345,4.6345
0.970000,4.6449,4.6449,4.6449,4.6449,4.6449,4.6449,4.6449,4.6449,4.6449,4.6449,4.6449,4.6449,4.6449,4.6449,4.6449
0.980000,4.6551,4.6551,4.6551,4.6551,4.6551,4.6551,4.6551,4.6551,4.6551,4.6551,4.6551,4.6551,4.6551,4.6551,4.6551
0.990000,4.6654,4.6654,4.6654,4.6654,4.6654,4.6654,4.6654,4.6654,4.6654,4.6654,4.6654,4.6654,4.6654,4.6654,4.6654
1.000000,4.6756,4.6756,4.6756,4.6756,4.6756,4.6756,4.6756,4.6756,4.6756,4.6756,4.6756,4.6756,4.6756,4.6756,4.6756
1.010000,4.6857,4.6857,4.6857,4.6857,4.6857,4.6857,4.6857,4.6857,4.6857,4.6857,4.6857,4.6857,4.6857,4.6857,4.6857
1.020000,4.6958,4.6958,4.6958,4.6958,4.6958,4.6958,4.6958,4.6958,4.6958,4.6958,4.6958,4.6958,4.6958,4.6958,4.6958
1.030000,4.7059,4.7059,4.7059,4.7059,4.7059,4.7059,4.7059,4.7059,4.7059,4.7059,4.7059,4.7059,4.7059,4.7059,4.7059
1.040000,4.7159,4.7159,4.7159,4.7159,4.7159,4.7159,4.7159,4.7159,4.7159,4.7159,4.7159,4.7159,4.7159,4.7159,4.7159
1.050000,4.7258,4.7258,4.7258,4.7258,4.7258,4.7258,4.7258,4.7258,4.7258,4.7258,4.7258,4.7258,4.7258,4.7258,4.7258
1.060000,4.7357,4.7357,4.7357,4.7357,4.7357,4.7357,4.7357,4.7357,4.7357,4.7357,4.7357,4.7357,4.7357,4.7357,4.7357
1.070000,4.7456,4.7456,4.7456,4.7456,4.7456,4.7456,4.7456,4.7456,4.7456,4.7456,4.7456,4.7456,4.7456,4.7456,4.7456
1.080000,4.7554,4.7554,4.7554,4.7554,4.7554,4.7554,4.7554,4.7554,4.7554,4.7554,4.7554,4.7554,4.7554,4.7554,4.7554
1.090000,4.7651,4.7651,4.7651,4.7651,4.7651,4.7651,4.7651,4.7651,4.7651,4.7651,4.7651,4.7651,4.7651,4.7651,4.7651
1.100000,4.7748,4.7748,4.7748,4.7748,4.7748,4.7748,4.7748,4.7748,4.7748,4.7748,4.7748,4.7748,4.7748,4.7748,4.7748
1.110000,4.7845,4.7845,4.7845,4.7845,4.7845,4.7845,4.7845,4.7845,4.7845,4.7845,4.7845,4.7845,4.7845,4.7845,4.7845
1.120000,4.7941,4.7941,4.7941,4.7941,4.7941,4.7941,4.7941,4.7941,4.7941,4.7941,4.7941,4.7941,4.7941,4.7941,4.7941
1.130000,4.8037,4.8037,4.8037,4.8037,4.8037,4.8037,4.8037,4.8037,4.8037,4.8037,4.8037,4.8037,4.8037,4.8037,4.8037
1.140000,4.8132,4.8132,4.8132,4.8132,4.8132,4.8132,4.8132,4.8132,4.8132,4.8132,4.8132,4.8132,4.8132,4.8132,4.8132
1.150000,4.8226,4.8226,4.8226,4.8226,4.8226,4.8226,4.8226,4.8226,4.8226,4.8226,4.8226,4.8226,4.8226,4.8226,4.8226
1.160000,4.8320,4.8320,4.8320,4.8320,4.8320,4.8320,4.8320,4.8320,4.8320,4.8320,4.8320,4.8320,4.8320,4.8320,4.8320
1.170000,4.8414,4.8414,4.8414,4.8414,4.8414,4.8414,4.8414,4.8414,4.8414,4.8414,4.8414,4.8414,4.8414,4.8414,4.8414
1.180000,4.8507,4.8507,4.8507,4.8507,4.8507,4.8507,4.8507,4.8507,4.8507,4.8507,4.8507,4.8507,4.8507,4.8507,4.8507
1.190000,4.8599,4.8599,4.8599,4.8599,4.8599,4.8599,4.8599,4.8599,4.8599,4.8599,4.8599,4.8599,4.8599,4.8599,4.8599
1.200000,4.8691,4.8691,4.8691,4.8691,4.8691,4.8691,4.8691,4.8691,4.8691,4.8691,4.8691,4.8691,4.8691,4.8691,4.8691
1.210000,4.8782,4.8782,4.8782,4.8782,4.8782,4.8782,4.8782,4.8782,4.8782,4.8782,4.8782,4.8782,4.8782,4.8782,4.8782
1.220000,4.8873,4.8873,4.8873,4.8873,4.8873,4.8873,4.8873,4.8873,4.8873,4.8873,4.8873,4.8873,4.8873,4.8873,4.8873
1.230000,4.8963,4.8963,4.8963,4.8963,4.8963,4.8963,4.8963,4.8963,4.8963,4.8963,4.8963,4.8963,4.8963,4.8963,4.8963
1.240000,4.9053,4.9053,4.9053,4.9053,4.9053,4.9053,4.9053,4.9053,4.9053,4.9053,4.9053,4.9053,4.9053,4.9053,4.9053
1.250000,4.9142,4.9142,4.9142,4.9142,4.9142,4.9142,4.9142,4.9142,4.9142,4.9142,4.9142,4.9142,4.9142,4.9142,4.9142
1.260000,4.9231,4.9231,4.9231,4.9231,4.9231,4.9231,4.9231,4.9231,4.9231,4.9231,4.9231,4.9231,4.9231,4.9231,4.9231
1.270000,4.9319,4.9319,4.9319,4.9319,4.9319,4.9319,4.9319,4.9319,4.9319,4.9319,4.9319,4.9319,4.9319,4.9319,4.9319
1.280000,4.9406,4.9406,4.9406,4.9406,4.9406,4.9406,4.9406,4.9406,4.9406,4.9406,4.9406,4.9406,4.9406,4.9406,4.9406
1.290000,4.9493,4.9493,4.9493,4.9493,4.9493,4.9493,4.9493,4.9493,4.9493,4.9493,4.9493,4.9493,4.9493,4.9493,4.9493
1.300000,4.9579,4.9579,4.9579,4.9579,4.9579,4.9579,4.9579,4.9579,4.9579,4.9579,4.9579,4.9579,4.9579,4.9579,4.9579
1.310000,4.9665,4.9665,4.9665,4.9665,4.9665,4.9665,4.9665,4.9665,4.9665,4.9665,4.9665,4.9665,4.9665,4.9665,4.9665
1.320000,4.9750,4.9750,4.9750,4.9750,4.9750,4.9750,4.9750,4.9750,4.9750,4.9750,4.9750,4.9750,4.9750,4.9750,4.9750
1.330000,4.9835,4.9835,4.9835,4.9835,4.9835,4.9835,4.9835,4.9835,4.9835,4.9835,4.9835,4.9835,4.9835,4.9835,4.9835
1.340000,4.9919,4.9919,4.9919,4.9919,4.9919,4.9919,4.9919,4.9919,4.9919,4.9919,4.9919,4.9919,4.9919,4.9919,4.9919
1.350000,5.0002,5.0002,5.0002,5.0002,5.0002,5.0002,5.0002,5.0002,5.0002,5.0002,5.0002,5.0002,5.0002,5.0002,5.0002
1.360000,5.0085,5.0085,5.0085,5.0085,5.0085,5.0085,5.0085,5.0085,5.0085,5.0085,5.0085,5.0085,5.0085,5.0085,5.0085
1.370000,5.0167,5.0167,5.0167,5.0167,5.0167,5.0167,5.0167,5.0167,5.0167,5.0167,5.0167,5.0167,5.0167,5.0167,5.0167
1.380000,5.0249,5.0249,5.0249,5.0249,5.0249,5.0249,5.0249,5.0249,5.0249,5.0249,5.0249,5.0249,5.0249,5.0249,5.0249
1.390000,5.0330,5.0330,5.0330,5.0330,5.0330,5.0330,5.0330,5.0330,5.0330,5.0330,5.0330,5.0330,5.0330,5.0330,5.0330
1.400000,5.0410,5.0410,5.0410,5.0410,5.0410,5.0410,5.0410,5.0410,5.0410,5.0410,5.0410,5.0410,5.0410,5.0410,5.0410
1.410000,5.0490,5.0490,5.0490,5.0490,5.0490,5.0490,5.0490,5.0490,5.0490,5.0490,5.0490,5.0490,5.0490,5.0490,5.0490
1.420000,5.0569,5.0569,5.0569,5.0569,5.0569,5.0569,5.0569,5.0569,5.0569,5.0569,5.0569,5.0569,5.0569,5.0569,5.0569
1.430000,5.0648,5.0648,5.0648,5.0648,5.0648,5.0648,5.0648,5.0648,5.0648,5.0648,5.0648,5.0648,5.0648,5.0648,5.0648
1.440000,5.0726,5.0726,5.0726,5.0726,5.0726,5.0726,5.0726,5.0726,5.0726,5.0726,5.0726,5.0726,5.0726,5.0726,5.0726
1.450000,5.0803,5.0803,5.0803,5.0803,5.0803,5.0803,5.0803,5.0803,5.0803,5.0803,5.0803,5.0803,5.0803,5.0803,5.0803
1.460000,5.0880,5.0880,5.0880,5.0880,5.0880,5.0880,5.0880,5.0880,5.0880,5.0880,5.0880,5.0880,5.0880,5.0880,5.0880
1.470000,5.0956,5.0956,5.0956,5.0956,5.0956,5.0956,5.0956,5.0956,5.0956,5.0956,5.0956,5.0956,5.0956,5.0956,5.0956
1.480000,5.1031,5.1031,5.1031,5.1031,5.1031,5.1031,5.1031,5.1031,5.1031,5.1031,5.1031,5.1031,5.1031,5.1031,5.1031
1.490000,5.1106,5.1106,5.1106,5.1106,5.1106,5.1106,5.1106,5.1106,5.1106,5.1106,5.1106,5.1106,5.1106,5.1106,5.1106
1.500000,5.1180,5.1180,5.1180,5.1180,5.1180,5.1180,5.1180,5.1180,5.1180,5.1180,5.1180,5.1180,5.1180,5.1180,5.1180
1.510000,5.1254,5.1254,5.1254,5.1254,5.1254,5.1254,5.1254,5.1254,5.1254,5.1254,5.1254,5.1254,5.1254,5.1254,5.1254
1.520000,5.1327,5.1327,5.1327,5.1327,5.1327,5.1327,5.1327,5.1327,5.1327,5.1327,5.1327,5.1327,5.1327,5.1327,5.1327
1.530000,5.1399,5.1399,5.1399,5.1399,5.1399,5.1399,5.1399,5.1399,5.1399,5.1399,5.1399,5.1399,5.1399,5.1399,5.1399
1.540000,5.1471,5.1471,5.1471,5.1471,5.1471,5.1471,5.1471,5.1471,5.1471,5.1471,5.1471,5.1471,5.1471,5.1471,5.1471
1.550000,5.1542,5.1542,5.1542,5.1542,5.1542,5.1542,5.1542,5.1542,5.1542,5.1542,5.1542,5.1542,5.1542,5.1542,5.1542
1.560000,5.1612,5.1612,5.1612,5.1612,5.1612,5.1612,5.1612,5.1612,5.1612,5.1612,5.1612,5.1612,5.1612,5.1612,5.1612
1.570000,5.1682,5.1682,5.1682,5.1682,5.1682,5.1682,5.1682,5.1682,5.1682,5.1682,5.1682,5.1682,5.1682,5.1682,5.1682
1.580000,5.1751,5.1751,5.1751,5.1751,5.1751,5.1751,5.1751,5.1751,5.1751,5.1751,5.1751,5.1751,5.1751,5.1751,5.1751
1.590000,5.1819,5.1819,5.1819,5.1819,5.1819,5.1819,5.1819,5.1819,5.1819,5.1819,5.1819,5.1819,5.1819,5.1819,5.1819
1.600000,5.1887,5.1887,5.1887,5.1887,5.1887,5.1887,5.1887,5.1887,5.1887,5.1887,5.1887,5.1887,5.1887,5.1887,5.1887
1.610000,5.1954,5.1954,5.1954,5.1954,5.1954,5.1954,5.1954,5.1954,5.1954,5.1954,5.1954,5.1954,5.1954,5.1954,5.1954
1.620000,5.2020,5.2020,5.2020,5.2020,5.2020,5.2020,5.2020,5.2020,5.2020,5.2020,5.2020,5.2020,5.2020,5.2020,5.2020
1.630000,5.2086,5.2086,5.2086,5.2086,5.2086,5.2086,5.2086,5.2086,5.2086,5.2086,5.2086,5.2086,5.2086,5.2086,5.2086
1.640000,5.2151,5.2151,5.2151,5.2151,5.2151,5.2151,5.2151,5.2151,5.2151,5.2151,5.2151,5.2151,5.2151,5.2151,5.2151
1.650000,5.2215,5.2215,5.2215,5.2215,5.2215,5.2215,5.2215,5.2215,5.2215,5.2215,5.2215,5.2215,5.2215,5.2215,5.2215
1.660000,5.2278,5.2278,5.2278,5.2278,5.2278,5.2278,5.2278,5.2278,5.2278,5.2278,5.2278,5.2278,5.2278,5.2278,5.2278
1.670000,5.2341,5.2341,5.2341,5.2341,5.2341,5.2341,5.2341,5.2341,5.2341,5.2341,5.2341,5.2341,5.2341,5.2341,5.2341
1.680000,5.2404,5.2404,5.2404,5.2404,5.2404,5.2404,5.2404,5.2404,5.2404,5.2404,5.2404,5.2404,5.2404,5.2404,5.2404
1.690000,5.2465,5.2465,5.2465,5.2465,5.2465,5.2465,5.2465,5.2465,5.2465,5.2465,5.2465,5.2465,5.2465,5.2465,5.2465
1.700000,5.2526,5.2526,5.2526,5.2526,5.2526,5.2526,5.2526,5.2526,5.2526,5.2526,5.2526,5.2526,5.2526,5.2526,5.2526
1.710000,5.2586,5.2586,5.2586,5.2586,5.2586,5.2586,5.2586,5.2586,5.2586,5.2586,5.2586,5.2586,5.2586,5.2586,5.2586
1.720000,5.2646,5.2646,5.2646,5.2646,5.2646,5.2646,5.2646,5.2646,5.2646,5.2646,5.2646,5.2646,5.2646,5.2646,5.2646
1.730000,5.2705,5.2705,5.2705,5.2705,5.2705,5.2705,5.2705,5.2705,5.2705,5.2705,5.2705,5.2705,5.2705,5.2705,5.2705
1.740000,5.2763,5.2763,5.2763,5.2763,5.2763,5.2763,5.2763,5.2763,5.2763,5.2763,5.2763,5.2763,5.2763,5.2763,5.2763
1.750000,5.2820,5.2820,5.2820,5.2820,5.2820,5.2820,5.2820,5.2820,5.2820,5.2820,5.2820,5.2820,5.2820,5.2820,5.2820
1.760000,5.2877,5.2877,5.2877,5.2877,5.2877,5.2877,5.2877,5.2877,5.2877,5.2877,5.2877,5.2877,5.2877,5.2877,5.2877
1.770000,5.2933,5.2933,5.2933,5.2933,5.2933,5.2933,5.2933,5.2933,5.2933,5.2933,5.2933,5.2933,5.2933,5.2933,5.2933
1.780000,5.2988,5.2988,5.2988,5.2988,5.2988,5.2988,5.2988,5.2988,5.2988,5.2988,5.2988,5.2988,5.2988,5.2988,5.2988
1.790000,5.3043,5.3043,5.3043,5.3043,5.3043,5.3043,5.3043,5.3043,5.3043,5.3043,5.3043,5.3043,5.3043,5.3043,5.3043
1.800000,5.3097,5.3097,5.3097,5.3097,5.3097,5.3097,5.3097,5.3097,5.3097,5.3097,5.3097,5.3097,5.3097,5.3097,5.3097
1.810000,5.3150,5.3150,5.3150,5.3150,5.3150,5.3150,5.3150,5.3150,5.3150,5.3150,5.3150,5.3150,5.3150,5.3150,5.3150
1.820000,5.3202,5.3202,5.3202,5.3202,5.3202,5.3202,5.3202,5.3202,5.3202,5.3202,5.3202,5.3202,5.3202,5.3202,5.3202
1.830000,5.3254,5.3254,5.3254,5.3254,5.3254,5.3254,5.3254,5.3254,5.3254,5.3254,5.3254,5.3254,5.3254,5.3254,5.3254
1.840000,5.3305,5.3305,5.3305,5.3305,5.3305,5.3305,5.3305,5.3305,5.3305,5.3305,5.3305,5.3305,5.3305,5.3305,5.3305
1.850000,5.3355,5.3355,5.3355,5.3355,5.3355,5.3355,5.3355,5.3355,5.3355,5.3355,5.3355,5.3355,5.3355,5.3355,5.3355
1.860000,5.3405,5.3405,5.3405,5.3405,5.3405,5.3405,5.3405,5.3405,5.3405,5.3405,5.3405,5.3405,5.3405,5.3405,5.3405
1.870000,5.3453,5.3453,5.3453,5.3453,5.3453,5.3453,5.3453,5.3453,5.3453,5.3453,5.3453,5.3453,5.3453,5.3453,5.3453
1.880000,5.3502,5.3502,5.3502,5.3502,5.3502,5.3502,5.3502,5.3502,5.3502,5.3502,5.3502,5.3502,5.3502,5.3502,5.3502
1.890000,5.3549,5.3549,5.3549,5.3549,5.3549,5.3549,5.3549,5.3549,5.3549,5.3549,5.3549,5.3549,5.3549,5.3549,5.3549
1.900000,5.3596,5.3596,5.3596,5.3596,5.3596,5.3596,5.3596,5.3596,5.3596,5.3596,5.3596,5.3596,5.3596,5.3596,5.3596
1.910000,5.3641,5.3641,5.3641,5.3641,5.3641,5.3641,5.3641,5.3641,5.3641,5.3641,5.3641,5.3641,5.3641,5.3641,5.3641
1.920000,5.3687,5.3687,5.3687,5.3687,5.3687,5.3687,5.3687,5.3687,5.3687,5.3687,5.3687,5.3687,5.3687,5.3687,5.3687
1.930000,5.3731,5.3731,5.3731,5.3731,5.3731,5.3731,5.3731,5.3731,5.3731,5.3731,5.3731,5.3731,5.3731,5.3731,5.3731
1.940000,5.3775,5.3775,5.3775,5.3775,5.3775,5.3775,5.3775,5.3775,5.3775,5.3775,5.3775,5.3775,5.3775,5.3775,5.3775
1.950000,5.3818,5.3818,5.3818,5.3818,5.3818,5.3818,5.3818,5.3818,5.3818,5.3818,5.3818,5.3818,5.3818,5.3818,5.3818
1.960000,5.3860,5.3860,5.3860,5.3860,5.3860,5.3860,5.3860,5.3860,5.3860,5.3860,5.3860,5.3860,5.3860,5.3860,5.3860
1.970000,5.3901,5.3901,5.3901,5.3901,5.3901,5.3901,5.3901,5.3901,5.3901,5.3901,5.3901,5.3901,5.3901,5.3901,5.3901
1.980000,5.3942,5.3942,5.3942,5.3942,5.3942,5.3942,5.3942,5.3942,5.3942,5.3942,5.3942,5.3942,5.3942,5.3942,5.3942
1.990000,5.3982,5.3982,5.3982,5.3982,5.3982,5.3982,5.3982,5.3982,5.3982,5.3982,5.3982,5.3982,5.3982,5.3982,5.3982
2.000000,5.4021,5.4021,5.4021,5.4021,5.4021,5.4021,5.4021,5.4021,5.4021,5.4021,5.4021,5.4021,5.4021,5.4021,5.4021
2.010000,5.4060,5.4060,5.4060,5.4060,5.4060,5.4060,5.4060,5.4060,5.4060,5.4060,5.4060,5.4060,5.4060,5.4060,5.4060
2.020000,5.4097,5.4097,5.4097,5.4097,5.4097,5.4097,5.4097,5.4097,5.4097,5.4097,5.4097,5.4097,5.4097,5.4097,5.4097
2.030000,5.4134,5.4134,5.4134,5.4134,5.4134,5.4134,5.4134,5.4134,5.4134,5.4134,5.4134,5.4134,5.4134,5.4134,5.4134
2.040000,5.4170,5.4170,5.4170,5.4170,5.4170,5.4170,5.4170,5.4170,5.4170,5.4170,5.4170,5.4170,5.4170,5.4170,5.4170
2.050000,5.4206,5.4206,5.4206,5.4206,5.4206,5.4206,5.4206,5.4206,5.4206,5.4206,5.4206,5.4206,5.4206,5.4206,5.4206
2.060000,5.4241,5.4241,5.4241,5.4241,5.4241,5.4241,5.4241,5.4241,5.4241,5.4241,5.4241,5.4241,5.4241,5.4241,5.4241
2.070000,5.4274,5.4274,5.4274,5.4274,5.4274,5.4274,5.4274,5.4274,5.4274,5.4274,5.4274,5.4274,5.4274,5.4274,5.4274
2.080000,5.4308,5.4308,5.4308,5.4308,5.4308,5.4308,5.4308,5.4308,5.4308,5.4308,5.4308,5.4308,5.4308,5.4308,5.4308
2.090000,5.4340,5.4340,5.4340,5.4340,5.4340,5.4340,5.4340,5.4340,5.4340,5.4340,5.4340,5.4340,5.4340,5.4340,5.4340
2.100000,5.4372,5.4372,5.4372,5.4372,5.4372,5.4372,5.4372,5.4372,5.4372,5.4372,5.4372,5.4372,5.4372,5.4372,5.4372
2.110000,5.4403,5.4403,5.4403,5.4403,5.4403,5.4403,5.4403,5.4403,5.4403,5.4403,5.4403,5.4403,5.4403,5.4403,5.4403
2.120000,5.4433,5.4433,5.4433,5.4433,5.4433,5.4433,5.4433,5.4433,5.4433,5.4433,5.4433,5.4433,5.4433,5.4433,5.4433
2.130000,5.4462,5.4462,5.4462,5.4462,5.4462,5.4462,5.4462,5.4462,5.4462,5.4462,5.4462,5.4462,5.4462,5.4462,5.4462
2.140000,5.4491,5.4491,5.4491,5.4491,5.4491,5.4491,5.4491,5.4491,5.4491,5.4491,5.4491,5.4491,5.4491,5.4491,5.4491
2.150000,5.4518,5.4518,5.4518,5.4518,5.4518,5.4518,5.4518,5.4518,5.4518,5.4518,5.4518,5.4518,5.4518,5.4518,5.4518
2.160000,5.4545,5.4545,5.4545,5.4545,5.4545,5.4545,5.4545,5.4545,5.4545,5.4545,5.4545,5.4545,5.4545,5.4545,5.4545
2.170000,5.4572,5.4572,5.4572,5.4572,5.4572,5.4572,5.4572,5.4572,5.4572,5.4572,5.4572,5.4572,5.4572,5.4572,5.4572
2.180000,5.4597,5.4597,5.4597,5.4597,5.4597,5.4597,5.4597,5.4597,5.4597,5.4597,5.4597,5.4597,5.4597,5.4597,5.4597
2.190000,5.4622,5.4622,5.4622,5.4622,5.4622,5.4622,5.4622,5.4622,5.4622,5.4622,5.4622,5.4622,5.4622,5.4622,5.4622
2.200000,5.4646,5.4646,5.4646,5.4646,5.4646,5.4646,5.4646,5.4646,5.4646,5.4646,5.4646,5.4646,5.4646,5.4646,5.4646
2.210000,5.4669,5.4669,5.4669,5.4669,5.4669,5.4669,5.4669,5.4669,5.4669,5.4669,5.4669,5.4669,5.4669,5.4669,5.4669
2.220000,5.4691,5.4691,5.4691,5.4691,5.4691,5.4691,5.4691,5.4691,5.4691,5.4691,5.4691,5.4691,5.4691,5.4691,5.4691
2.230000,5.4713,5.4713,5.4713,5.4713,5.4713,5.4713,5.4713,5.4713,5.4713,5.4713,5.4713,5.4713,5.4713,5.4713,5.4713
2.240000,5.4734,5.4734,5.4734,5.4734,5.4734,5.4734,5.4734,5.4734,5.4734,5.4734,5.4734,5.4734,5.4734,5.4734,5.4734
2.250000,5.4754,5.4754,5.4754,5.4754,5.4754,5.4754,5.4754,5.4754,5.4754,5.4754,5.4754,5.4754,5.4754,5.4754,5.4754
2.260000,5.4773,5.4773,5.4773,5.4773,5.4773,5.4773,5.4773,5.4773,5.4773,5.4773,5.4773,5.4773,5.4773,5.4773,5.4773
2.270000,5.4792,5.4792,5.4792,5.4792,5.4792,5.4792,5.4792,5.4792,5.4792,5.4792,5.4792,5.4792,5.4792,5.4792,5.4792
2.280000,5.4809,5.4809,5.4809,5.4809,5.4809,5.4809,5.4809,5.4809,5.4809,5.4809,5.4809,5.4809,5.4809,5.4809,5.4809
2.290000,5.4826,5.4826,5.4826,5.4826,5.4826,5.4826,5.4826,5.4826,5.4826,5.4826,5.4826,5.4826,5.4826,5.4826,5.4826
2.300000,5.4842,5.4842,5.4842,5.4842,5.4842,5.4842,5.4842,5.4842,5.4842,5.4842,5.4842,5.4842,5.4842,5.4842,5.4842
2.310000,5.4858,5.4858,5.4858,5.4858,5.4858,5.4858,5.4858,5.4858,5.4858,5.4858,5.4858,5.4858,5.4858,5.4858,5.4858
2.320000,5.4872,5.4872,5.4872,5.4872,5.4872,5.4872,5.4872,5.4872,5.4872,5.4872,5.4872,5.4872,5.4872,5.4872,5.4872
2.330000,5.4886,5.4886,5.4886,5.4886,5.4886,5.4886,5.4886,5.4886,5.4886,5.4886,5.4886,5.4886,5.4886,5.4886,5.4886
2.340000,5.4899,5.4899,5.4899,5.4899,5.4899,5.4899,5.4899,5.4899,5.4899,5.4899,5.4899,5.4899,5.4899,5.4899,5.4899
2.350000,5.4911,5.4911,5.4911,5.4911,5.4911,5.4911,5.4911,5.4911,5.4911,5.4911,5.4911,5.4911,5.4911,5.4911,5.4911
2.360000,5.4923,5.4923,5.4923,5.4923,5.4923,5.4923,5.4923,5.4923,5.4923,5.4923,5.4923,5.4923,5.4923,5.4923,5.4923
2.370000,5.4933,5.4933,5.4933,5.4933,5.4933,5.4933,5.4933,5.4933,5.4933,5.4933,5.4933,5.4933,5.4933,5.4933,5.4933
2.380000,5.4943,5.4943,5.4943,5.4943,5.4943,5.4943,5.4943,5.4943,5.4943,5.4943,5.4943,5.4943,5.4943,5.4943,5.4943
2.390000,5.4952,5.4952,5.4952,5.4952,5.4952,5.4952,5.4952,5.4952,5.4952,5.4952,5.4952,5.4952,5.4952,5.4952,5.4952
2.400000,5.4961,5.4961,5.4961,5.4961,5.4961,5.4961,5.4961,5.4961,5.4961,5.4961,5.4961,5.4961,5.4961,5.4961,5.4961
2.410000,5.4968,5.4968,5.4968,5.4968,5.4968,5.4968,5.4968,5.4968,5.4968,5.4968,5.4968,5.4968,5.4968,5.4968,5.4968
2.420000,5.4975,5.4975,5.4975,5.4975,5.4975,5.4975,5.4975,5.4975,5.4975,5.4975,5.4975,5.4975,5.4975,5.4975,5.4975
2.430000,5.4981,5.4981,5.4981,5.4981,5.4981,5.4981,5.4981,5.4981,5.4981,5.4981,5.4981,5.4981,5.4981,5.4981,5.4981
2.440000,5.4986,5.4986,5.4986,5.4986,5.4986,5.4986,5.4986,5.4986,5.4986,5.4986,5.4986,5.4986,5.4986,5.4986,5.4986
2.450000,5.4990,5.4990,5.4990,5.4990,5.4990,5.4990,5.4990,5.4990,5.4990,5.4990,5.4990,5.4990,5.4990,5.4990,5.4990
2.460000,5.4994,5.4994,5.4994,5.4994,5.4994,5.4994,5.4994,5.4994,5.4994,5.4994,5.4994,5.4994,5.4994,5.4994,5.4994
2.470000,5.4996,5.4996,5.4996,5.4996,5.4996,5.4996,5.4996,5.4996,5.4996,5.4996,5.4996,5.4996,5.4996,5.4996,5.4996
2.480000,5.4998,5.4998,5.4998,5.4998,5.4998,5.4998,5.4998,5.4998,5.4998,5.4998,5.4998,5.4998,5.4998,5.4998,5.4998
2.490000,5.5000,5.5000,5.5000,5.5000,5.5000,5.5000,5.5000,5.5000,5.5000,5.5000,5.5000,5.5000,5.5000,5.5000,5.5000
2.500000,5.5000,5.5000,5.5000,5.5000,5.5000,5.5000,5.5000,5.5000,5.5000,5.5000,5.5000,5.5000,5.5000,5.5000,5.5000
2.510000,5.5000,5.5000,5.5000,5.5000,5.5000,5.5000,5.5000,5.5000,5.5000,5.5000,5.5000,5.5000,5.5000,5.5000,5.5000
2.520000,5.4998,5.4998,5.4998,5.4998,5.4998,5.4998,5.4998,5.4998,5.4998,5.4998,5.4998,5.4998,5.4998,5.4998,5.4998
2.530000,5.4996,5.4996,5.4996,5.4996,5.4996,5.4996,5.4996,5.4996,5.4996,5.4996,5.4996,5.4996,5.4996,5.4996,5.4996
2.540000,5.4994,5.4994,5.4994,5.4994,5.4994,5.4994,5.4994,5.4994,5.4994,5.4994,5.4994,5.4994,5.4994,5.4994,5.4994
2.550000,5.4990,5.4990,5.4990,5.4990,5.4990,5.4990,5.4990,5.4990,5.4990,5.4990,5.4990,5.4990,5.4990,5.4990,5.4990
2.560000,5.4986,5.4986,5.4986,5.4986,5.4986,5.4986,5.4986,5.4986,5.4986,5.4986,5.4986,5.4986,5.4986,5.4986,5.4986
2.570000,5.4981,5.4981,5.4981,5.4981,5.4981,5.4981,5.4981,5.4981,5.4981,5.4981,5.4981,5.4981,5.4981,5.4981,5.4981
2.580000,5.4975,5.4975,5.4975,5.4975,5.4975,5.4975,5.4975,5.4975,5.4975,5.4975,5.4975,5.4975,5.4975,5.4975,5.4975
2.590000,5.4968,5.4968,5.4968,5.4968,5.4968,5.4968,5.4968,5.4968,5.4968,5.4968,5.4968,5.4968,5.4968,5.4968,5.4968
2.600000,5.4961,5.4961,5.4961,5.4961,5.4961,5.4961,5.4961,5.4961,5.4961,5.4961,5.4961,5.4961,5.4961,5.4961,5.4961
2.610000,5.4952,5.4952,5.4952,5.4952,5.4952,5.4952,5.4952,5.4952,5.4952,5.4952,5.4952,5.4952,5.4952,5.4952,5.4952
2.620000,5.4943,5.4943,5.4943,5.4943,5.4943,5.4943,5.4943,5.4943,5.4943,5.4943,5.4943,5.4943,5.4943,5.4943,5.4943
2.630000,5.4933,5.4933,5.4933,5.4933,5.4933,5.4933,5.4933,5.4933,5.4933,5.4933,5.4933,5.4933,5.4933,5.4933,5.4933
2.640000,5.4923,5.4923,5.4923,5.4923,5.4923,5.4923,5.4923,5.4923,5.4923,5.4923,5.4923,5.4923,5.4923,5.4923,5.4923
2.650000,5.4911,5.4911,5.4911,5.4911,5.4911,5.4911,5.4911,5.4911,5.4911,5.4911,5.4911,5.4911,5.4911,5.4911,5.4911
2.660000,5.4899,5.4899,5.4899,5.4899,5.4899,5.4899,5.4899,5.4899,5.4899,5.4899,5.4899,5.4899,5.4899,5.4899,5.4899
2.670000,5.4886,5.4886,5.4886,5.4886,5.4886,5.4886,5.4886,5.4886,5.4886,5.4886,5.4886,5.4886,5.4886,5.4886,5.4886
2.680000,5.4872,5.4872,5.4872,5.4872,5.4872,5.4872,5.4872,5.4872,5.4872,5.4872,5.4872,5.4872,5.4872,5.4872,5.4872
2.690000,5.4858,5.4858,5.4858,5.4858,5.4858,5.4858,5.4858,5.4858,5.4858,5.4858,5.4858,5.4858,5.4858,5.4858,5.4858
2.700000,5.4842,5.4842,5.4842,5.4842,5.4842,5.4842,5.4842,5.4842,5.4842,5.4842,5.4842,5.4842,5.4842,5.4842,5.4842
2.710000,5.4826,5.4826,5.4826,5.4826,5.4826,5.4826,5.4826,5.4826,5.4826,5.4826,5.4826,5.4826,5.4826,5.4826,5.4826
2.720000,5.4809,5.4809,5.4809,5.4809,5.4809,5.4809,5.4809,5.4809,5.4809,5.4809,5.4809,5.4809,5.4809,5.4809,5.4809
2.730000,5.4792,5.4792,5.4792,5.4792,5.4792,5.4792,5.4792,5.4792,5.4792,5.4792,5.4792,5.4792,5.4792,5.4792,5.4792
2.740000,5.4773,5.4773,5.4773,5.4773,5.4773,5.4773,5.4773,5.4773,5.4773,5.4773,5.4773,5.4773,5.4773,5.4773,5.4773
2.750000,5.4754,5.4754,5.4754,5.4754,5.4754,5.4754,5.4754,5.4754,5.4754,5.4754,5.4754,5.4754,5.4754,5.4754,5.4754
2.760000,5.4734,5.4734,5.4734,5.4734,5.4734,5.4734,5.4734,5.4734,5.4734,5.4734,5.4734,5.4734,5.4734,5.4734,5.4734
2.770000,5.4713,5.4713,5.4713,5.4713,5.4713,5.4713,5.4713,5.4713,5.4713,5.4713,5.4713,5.4713,5.4713,5.4713,5.4713
2.780000,5.4691,5.4691,5.4691,5.4691,5.4691,5.4691,5.4691,5.4691,5.4691,5.4691,5.4691,5.4691,5.4691,5.4691,5.4691
2.790000,5.4669,5.4669,5.4669,5.4669,5.4669,5.4669,5.4669,5.4669,5.4669,5.4669,5.4669,5.4669,5.4669,5.4669,5.4669
2.800000,5.4646,5.4646,5.4646,5.4646,5.4646,5.4646,5.4646,5.4646,5.4646,5.4646,5.4646,5.4646,5.4646,5.4646,5.4646
2.810000,5.4622,5.4622,5.4622,5.4622,5.4622,5.4622,5.4622,5.4622,5.4622,5.4622,5.4622,5.4622,5.4622,5.4622,5.4622
2.820000,5.4597,5.4597,5.4597,5.4597,5.4597,5.4597,5.4597,5.4597,5.4597,5.4597,5.4597,5.4597,5.4597,5.4597,5.4597
2.830000,5.4572,5.4572,5.4572,5.4572,5.4572,5.4572,5.4572,5.4572,5.4572,5.4572,5.4572,5.4572,5.4572,5.4572,5.4572
2.840000,5.4545,5.4545,5.4545,5.4545,5.4545,5.4545,5.4545,5.4545,5.4545,5.4545,5.4545,5.4545,5.4545,5.4545,5.4545
2.850000,5.4518,5.4518,5.4518,5.4518,5.4518,5.4518,5.4518,5.4518,5.4518,5.4518,5.4518,5.4518,5.4518,5.4518,5.4518
2.860000,5.4491,5.4491,5.4491,5.4491,5.4491,5.4491,5.4491,5.4491,5.4491,5.4491,5.4491,5.4491,5.4491,5.4491,5.4491
2.870000,5.4462,5.4462,5.4462,5.4462,5.4462,5.4462,5.4462,5.4462,5.4462,5.4462,5.4462,5.4462,5.4462,5.4462,5.4462
2.880000,5.4433,5.4433,5.4433,5.4433,5.4433,5.4433,5.4433,5.4433,5.4433,5.4433,5.4433,5.4433,5.4433,5.4433,5.4433
2.890000,5.4403,5.4403,5.4403,5.4403,5.4403,5.4403,5.4403,5.4403,5.4403,5.4403,5.4403,5.4403,5.4403,5.4403,5.4403
2.900000,5.4372,5.4372,5.4372,5.4372,5.4372,5.4372,5.4372,5.4372,5.4372,5.4372,5.4372,5.4372,5.4372,5.4372,5.4372
2.910000,5.4340,5.4340,5.4340,5.4340,5.4340,5.4340,5.4340,5.4340,5.4340,5.4340,5.4340,5.4340,5.4340,5.4340,5.4340
2.920000,5.4308,5.4308,5.4308,5.4308,5.4308,5.4308,5.4308,5.4308,5.4308,5.4308,5.4308,5.4308,5.4308,5.4308,5.4308
2.930000,5.4274,5.4274,5.4274,5.4274,5.4274,5.4274,5.4274,5.4274,5.4274,5.4274,5.4274,5.4274,5.4274,5.4274,5.4274
2.940000,5.4241,5.4241,5.4241,5.4241,5.4241,5.4241,5.4241,5.4241,5.4241,5.4241,5.4241,5.4241,5.4241,5.4241,5.4241
2.950000,5.4206,5.4206,5.4206,5.4206,5.4206,5.4206,5.4206,5.4206,5.4206,5.4206,5.4206,5.4206,5.4206,5.4206,5.4206
2.960000,5.4170,5.4170,5.4170,5.4170,5.4170,5.4170,5.4170,5.4170,5.4170,5.4170,5.4170,5.4170,5.4170,5.4170,5.4170
2.970000,5.4134,5.4134,5.4134,5.4134,5.4134,5.4134,5.4134,5.4134,5.4134,5.4134,5.4134,5.4134,5.4134,5.4134,5.4134
2.980000,5.4097,5.4097,5.4097,5.4097,5.4097,5.4097,5.4097,5.4097,5.4097,5.4097,5.4097,5.4097,5.4097,5.4097,5.4097
2.990000,5.4060,5.4060,5.4060,5.4060,5.4060,5.4060,5.4060,5.4060,5.4060,5.4060,5.4060,5.4060,5.4060,5.4060,5.4060
3.000000,5.4021,5.4021,5.4021,5.4021,5.4021,5.4021,5.4021,5.4021,5.4021,5.4021,5.4021,5.4021,5.4021,5.4021,5.4021
3.010000,5.3982,5.3982,5.3982,5.3982,5.3982,5.3982,5.3982,5.3982,5.3982,5.3982,5.3982,5.3982,5.3982,5.3982,5.3982
3.020000,5.3942,5.3942,5.3942,5.3942,5.3942,5.3942,5.3942,5.3942,5.3942,5.3942,5.3942,5.3942,5.3942,5.3942,5.3942
3.030000,5.3901,5.3901,5.3901,5.3901,5.3901,5.3901,5.3901,5.3901,5.3901,5.3901,5.3901,5.3901,5.3901,5.3901,5.3901
3.040000,5.3860,5.3860,5.3860,5.3860,5.3860,5.3860,5.3860,5.3860,5.3860,5.3860,5.3860,5.3860,5.3860,5.3860,5.3860
3.050000,5.3818,5.3818,5.3818,5.3818,5.3818,5.3818,5.3818,5.3818,5.3818,5.3818,5.3818,5.3818,5.3818,5.3818,5.3818
3.060000,5.3775,5.3775,5.3775,5.3775,5.3775,5.3775,5.3775,5.3775,5.3775,5.3775,5.3775,5.3775,5.3775,5.3775,5.3775
3.070000,5.3731,5.3731,5.3731,5.3731,5.3731,5.3731,5.3731,5.3731,5.3731,5.3731,5.3731,5.3731,5.3731,5.3731,5.3731
3.080000,5.3687,5.3687,5.3687,5.3687,5.3687,5.3687,5.3687,5.3687,5.3687,5.3687,5.3687,5.3687,5.3687,5.3687,5.3687
3.090000,5.3641,5.3641,5.3641,5.3641,5.3641,5.3641,5.3641,5.3641,5.3641,5.3641,5.3641,5.3641,5.3641,5.3641,5.3641
3.100000,5.3596,5.3596,5.3596,5.3596,5.3596,5.3596,5.3596,5.3596,5.3596,5.3596,5.3596,5.3596,5.3596,5.3596,5.3596
3.110000,5.3549,5.3549,5.3549,5.3549,5.3549,5.3549,5.3549,5.3549,5.3549,5.3549,5.3549,5.3549,5.3549,5.3549,5.3549
3.120000,5.3502,5.3502,5.3502,5.3502,5.3502,5.3502,5.3502,5.3502,5.3502,5.3502,5.3502,5.3502,5.3502,5.3502,5.3502
3.130000,5.3453,5.3453,5.3453,5.3453,5.3453,5.3453,5.3453,5.3453,5.3453,5.3453,5.3453,5.3453,5.3453,5.3453,5.3453
3.140000,5.3405,5.3405,5.3405,5.3405,5.3405,5.3405,5.3405,5.3405,5.3405,5.3405,5.3405,5.3405,5.3405,5.3405,5.3405
3.150000,5.3355,5.3355,5.3355,5.3355,5.3355,5.3355,5.3355,5.3355,5.3355,5.3355,5.3355,5.3355,5.3355,5.3355,5.3355
3.160000,5.3305,5.3305,5.3305,5.3305,5.3305,5.3305,5.3305,5.3305,5.3305,5.3305,5.3305,5.3305,5.3305,5.3305,5.3305
3.170000,5.3254,5.3254,5.3254,5.3254,5.3254,5.3254,5.3254,5.3254,5.3254,5.3254,5.3254,5.3254,5.3254,5.3254,5.3254
3.180000,5.3202,5.3202,5.3202,5.3202,5.3202,5.3202,5.3202,5.3202,5.3202,5.3202,5.3202,5.3202,5.3202,5.3202,5.3202
3.190000,5.3150,5.3150,5.3150,5.3150,5.3150,5.3150,5.3150,5.3150,5.3150,5.3150,5.3150,5.3150,5.3150,5.3150,5.3150
3.200000,5.3097,5.3097,5.3097,5.3097,5.3097,5.3097,5.3097,5.3097,5.3097,5.3097,5.3097,5.3097,5.3097,5.3097,5.3097
3.210000,5.3043,5.3043,5.3043,5.3043,5.3043,5.3043,5.3043,5.3043,5.3043,5.3043,5.3043,5.3043,5.3043,5.3043,5.3043
3.220000,5.2988,5.2988,5.2988,5.2988,5.2988,5.2988,5.2988,5.2988,5.2988,5.2988,5.2988,5.2988,5.2988,5.2988,5.2988
3.230000,5.2933,5.2933,5.2933,5.2933,5.2933,5.2933,5.2933,5.2933,5.2933,5.2933,5.2933,5.2933,5.2933,5.2933,5.2933
3.240000,5.2877,5.2877,5.2877,5.2877,5.2877,5.2877,5.2877,5.2877,5.2877,5.2877,5.2877,5.2877,5.2877,5.2877,5.2877
3.250000,5.2820,5.2820,5.2820,5.2820,5.2820,5.2820,5.2820,5.2820,5.2820,5.2820,5.2820,5.2820,5.2820,5.2820,5.2820
3.260000,5.2763,5.2763,5.2763,5.2763,5.2763,5.2763,5.2763,5.2763,5.2763,5.2763,5.2763,5.2763,5.2763,5.2763,5.2763
3.270000,5.2705,5.2705,5.2705,5.2705,5.2705,5.2705,5.2705,5.2705,5.2705,5.2705,5.2705,5.2705,5.2705,5.2705,5.2705
3.280000,5.2646,5.2646,5.2646,5.2646,5.2646,5.2646,5.2646,5.2646,5.2646,5.2646,5.2646,5.2646,5.2646,5.2646,5.2646
3.290000,5.2586,5.2586,5.2586,5.2586,5.2586,5.2586,5.2586,5.2586,5.2586,5.2586,5.2586,5.2586,5.2586,5.2586,5.2586
3.300000,5.2526,5.2526,5.2526,5.2526,5.2526,5.2526,5.2526,5.2526,5.2526,5.2526,5.2526,5.2526,5.2526,5.2526,5.2526
3.310000,5.2465,5.2465,5.2465,5.2465,5.2465,5.2465,5.2465,5.2465,5.2465,5.2465,5.2465,5.2465,5.2465,5.2465,5.2465
3.320000,5.2404,5.2404,5.2404,5.2404,5.2404,5.2404,5.2404,5.2404,5.2404,5.2404,5.2404,5.2404,5.2404,5.2404,5.2404
3.330000,5.2341,5.2341,5.2341,5.2341,5.2341,5.2341,5.2341,5.2341,5.2341,5.2341,5.2341,5.2341,5.2341,5.2341,5.2341
3.340000,5.2278,5.2278,5.2278,5.2278,5.2278,5.2278,5.2278,5.2278,5.2278,5.2278,5.2278,5.2278,5.2278,5.2278,5.2278
3.350000,5.2215,5.2215,5.2215,5.2215,5.2215,5.2215,5.2215,5.2215,5.2215,5.2215,5.2215,5.2215,5.2215,5.2215,5.2215
3.360000,5.2151,5.2151,5.2151,5.2151,5.2151,5.2151,5.2151,5.2151,5.2151,5.2151,5.2151,5.2151,5.2151,5.2151,5.2151
3.370000,5.2086,5.2086,5.2086,5.2086,5.2086,5.2086,5.2086,5.2086,5.2086,5.2086,5.2086,5.2086,5.2086,5.2086,5.2086
3.380000,5.2020,5.2020,5.2020,5.2020,5.2020,5.2020,5.2020,5.2020,5.2020,5.2020,5.2020,5.2020,5.2020,5.2020,5.2020
3.390000,5.1954,5.1954,5.1954,5.1954,5.1954,5.1954,5.1954,5.1954,5.1954,5.1954,5.1954,5.1954,5.1954,5.1954,5.1954
3.400000,5.1887,5.1887,5.1887,5.1887,5.1887,5.1887,5.1887,5.1887,5.1887,5.1887,5.1887,5.1887,5.1887,5.1887,5.1887
3.410000,5.1819,5.1819,5.1819,5.1819,5.1819,5.1819,5.1819,5.1819,5.1819,5.1819,5.1819,5.1819,5.1819,5.1819,5.1819
3.420000,5.1751,5.1751,5.1751,5.1751,5.1751,5.1751,5.1751,5.1751,5.1751,5.1751,5.1751,5.1751,5.1751,5.1751,5.1751
3.430000,5.1682,5.1682,5.1682,5.1682,5.1682,5.1682,5.1682,5.1682,5.1682,5.1682,5.1682,5.1682,5.1682,5.1682,5.1682
3.440000,5.1612,5.1612,5.1612,5.1612,5.1612,5.1612,5.1612,5.1612,5.1612,5.1612,5.1612,5.1612,5.1612,5.1612,5.1612
3.450000,5.1542,5.1542,5.1542,5.1542,5.1542,5.1542,5.1542,5.1542,5.1542,5.1542,5.1542,5.1542,5.1542,5.1542,5.1542
3.460000,5.1471,5.1471,5.1471,5.1471,5.1471,5.1471,5.1471,5.1471,5.1471,5.1471,5.1471,5.1471,5.1471,5.1471,5.1471
3.470000,5.1399,5.1399,5.1399,5.1399,5.1399,5.1399,5.1399,5.1399,5.1399,5.1399,5.1399,5.1399,5.1399,5.1399,5.1399
3.480000,5.1327,5.1327,5.1327,5.1327,5.1327,5.1327,5.1327,5.1327,5.1327,5.1327,5.1327,5.1327,5.1327,5.1327,5.1327
3.490000,5.1254,5.1254,5.1254,5.1254,5.1254,5.1254,5.1254,5.1254,5.1254,5.1254,5.1254,5.1254,5.1254,5.1254,5.1254
3.500000,5.1180,5.1180,5.1180,5.1180,5.1180,5.1180,5.1180,5.1180,5.1180,5.1180,5.1180,5.1180,5.1180,5.1180,5.1180
3.510000,5.1106,5.1106,5.1106,5.1106,5.1106,5.1106,5.1106,5.1106,5.1106,5.1106,5.1106,5.1106,5.1106,5.1106,5.1106
3.520000,5.1031,5.1031,5.1031,5.1031,5.1031,5.1031,5.1031,5.1031,5.1031,5.1031,5.1031,5.1031,5.1031,5.1031,5.1031
3.530000,5.0956,5.0956,5.0956,5.0956,5.0956,5.0956,5.0956,5.0956,5.0956,5.0956,5.0956,5.0956,5.0956,5.0956,5.0956
3.540000,5.0880,5.0880,5.0880,5.0880,5.0880,5.0880,5.0880,5.0880,5.0880,5.0880,5.0880,5.0880,5.0880,5.0880,5.0880
3.550000,5.0803,5.0803,5.0803,5.0803,5.0803,5.0803,5.0803,5.0803,5.0803,5.0803,5.0803,5.0803,5.0803,5.0803,5.0803
3.560000,5.0726,5.0726,5.0726,5.0726,5.0726,5.0726,5.0726,5.0726,5.0726,5.0726,5.0726,5.0726,5.0726,5.0726,5.0726
3.570000,5.0648,5.0648,5.0648,5.0648,5.0648,5.0648,5.0648,5.0648,5.0648,5.0648,5.0648,5.0648,5.0648,5.0648,5.0648
3.580000,5.0569,5.0569,5.0569,5.0569,5.0569,5.0569,5.0569,5.0569,5.0569,5.0569,5.0569,5.0569,5.0569,5.0569,5.0569
3.590000,5.0490,5.0490,5.0490,5.0490,5.0490,5.0490,5.0490,5.0490,5.0490,5.0490,5.0490,5.0490,5.0490,5.0490,5.0490
3.600000,5.0410,5.0410,5.0410,5.0410,5.0410,5.0410,5.0410,5.0410,5.0410,5.0410,5.0410,5.0410,5.0410,5.0410,5.0410
3.610000,5.0330,5.0330,5.0330,5.0330,5.0330,5.0330,5.0330,5.0330,5.0330,5.0330,5.0330,5.0330,5.0330,5.0330,5.0330
3.620000,5.0249,5.0249,5.0249,5.0249,5.0249,5.0249,5.0249,5.0249,5.0249,5.0249,5.0249,5.0249,5.0249,5.0249,5.0249
3.630000,5.0167,5.0167,5.0167,5.0167,5.0167,5.0167,5.0167,5.0167,5.0167,5.0167,5.0167,5.0167,5.0167,5.0167,5.0167
3.640000,5.0085,5.0085,5.0085,5.0085,5.0085,5.0085,5.0085,5.0085,5.0085,5.0085,5.0085,5.0085,5.0085,5.0085,5.0085
3.650000,5.0002,5.0002,5.0002,5.0002,5.0002,5.0002,5.0002,5.0002,5.0002,5.0002,5.0002,5.0002,5.0002,5.0002,5.0002
3.660000,4.9919,4.9919,4.9919,4.9919,4.9919,4.9919,4.9919,4.9919,4.9919,4.9919,4.9919,4.9919,4.9919,4.9919,4.9919
3.670000,4.9835,4.9835,4.9835,4.9835,4.9835,4.9835,4.9835,4.9835,4.9835,4.9835,4.9835,4.9835,4.9835,4.9835,4.9835
3.680000,4.9750,4.9750,4.9750,4.9750,4.9750,4.9750,4.9750,4.9750,4.9750,4.9750,4.9750,4.9750,4.9750,4.9750,4.9750
3.690000,4.9665,4.9665,4.9665,4.9665,4.9665,4.9665,4.9665,4.9665,4.9665,4.9665,4.9665,4.9665,4.9665,4.9665,4.9665
3.700000,4.9579,4.9579,4.9579,4.9579,4.9579,4.9579,4.9579,4.9579,4.9579,4.9579,4.9579,4.9579,4.9579,4.9579,4.9579
3.710000,4.9493,4.9493,4.9493,4.9493,4.9493,4.9493,4.9493,4.9493,4.9493,4.9493,4.9493,4.9493,4.9493,4.9493,4.9493
3.720000,4.9406,4.9406,4.9406,4.9406,4.9406,4.9406,4.9406,4.9406,4.9406,4.9406,4.9406,4.9406,4.9406,4.9406,4.9406
3.730000,4.9319,4.9319,4.9319,4.9319,4.9319,4.9319,4.9319,4.9319,4.9319,4.9319,4.9319,4.9319,4.9319,4.9319,4.9319
3.740000,4.9231,4.9231,4.9231,4.9231,4.9231,4.9231,4.9231,4.9231,4.9231,4.9231,4.9231,4.9231,4.9231,4.9231,4.9231
3.750000,4.9142,4.9142,4.9142,4.9142,4.9142,4.9142,4.9142,4.9142,4.9142,4.9142,4.9142,4.9142,4.9142,4.9142,4.9142
3.760000,4.9053,4.9053,4.9053,4.9053,4.9053,4.9053,4.9053,4.9053,4.9053,4.9053,4.9053,4.9053,4.9053,4.9053,4.9053
3.770000,4.8963,4.8963,4.8963,4.8963,4.8963,4.8963,4.8963,4.8963,4.8963,4.8963,4.8963,4.8963,4.8963,4.8963,4.8963
3.780000,4.8873,4.8873,4.8873,4.8873,4.8873,4.8873,4.8873,4.8873,4.8873,4.8873,4.8873,4.8873,4.8873,4.8873,4.8873
3.790000,4.8782,4.8782,4.8782,4.8782,4.8782,4.8782,4.8782,4.8782,4.8782,4.8782,4.8782,4.8782,4.8782,4.8782,4.8782
3.800000,4.8691,4.8691,4.8691,4.8691,4.8691,4.8691,4.8691,4.8691,4.8691,4.8691,4.8691,4.8691,4.8691,4.8691,4.8691
3.810000,4.8599,4.8599,4.8599,4.8599,4.8599,4.8599,4.8599,4.8599,4.8599,4.8599,4.8599,4.8599,4.8599,4.8599,4.8599
3.820000,4.8507,4.8507,4.8507,4.8507,4.8507,4.8507,4.8507,4.8507,4.8507,4.8507,4.8507,4.8507,4.8507,4.8507,4.8507
3.830000,4.8414,4.8414,4.8414,4.8414,4.8414,4.8414,4.8414,4.8414,4.8414,4.8414,4.8414,4.8414,4.8414,4.8414,4.8414
3.840000,4.8320,4.8320,4.8320,4.8320,4.8320,4.8320,4.8320,4.8320,4.8320,4.8320,4.8320,4.8320,4.8320,4.8320,4.8320
3.850000,4.8226,4.8226,4.8226,4.8226,4.8226,4.8226,4.8226,4.8226,4.8226,4.8226,4.8226,4.8226,4.8226,4.8226,4.8226
3.860000,4.8132,4.8132,4.8132,4.8132,4.8132,4.8132,4.8132,4.8132,4.8132,4.8132,4.8132,4.8132,4.8132,4.8132,4.8132
3.870000,4.8037,4.8037,4.8037,4.8037,4.8037,4.8037,4.8037,4.8037,4.8037,4.8037,4.8037,4.8037,4.8037,4.8037,4.8037
3.880000,4.7941,4.7941,4.7941,4.7941,4.7941,4.7941,4.7941,4.7941,4.7941,4.7941,4.7941,4.7941,4.7941,4.7941,4.7941
3.890000,4.7845,4.7845,4.7845,4.7845,4.7845,4.7845,4.7845,4.7845,4.7845,4.7845,4.7845,4.7845,4.7845,4.7845,4.7845
3.900000,4.7748,4.7748,4.7748,4.7748,4.7748,4.7748,4.7748,4.7748,4.7748,4.7748,4.7748,4.7748,4.7748,4.7748,4.7748
3.910000,4.7651,4.7651,4.7651,4.7651,4.7651,4.7651,4.7651,4.7651,4.7651,4.7651,4.7651,4.7651,4.7651,4.7651,4.7651
3.920000,4.7554,4.7554,4.7554,4.7554,4.7554,4.7554,4.7554,4.7554,4.7554,4.7554,4.7554,4.7554,4.7554,4.7554,4.7554
3.930000,4.7456,4.7456,4.7456,4.7456,4.7456,4.7456,4.7456,4.7456,4.7456,4.7456,4.7456,4.7456,4.7456,4.7456,4.7456
3.940000,4.7357,4.7357,4.7357,4.7357,4.7357,4.7357,4.7357,4.7357,4.7357,4.7357,4.7357,4.7357,4.7357,4.7357,4.7357
3.950000,4.7258,4.7258,4.7258,4.7258,4.7258,4.7258,4.7258,4.7258,4.7258,4.7258,4.7258,4.7258,4.7258,4.7258,4.7258
3.960000,4.7159,4.7159,4.7159,4.7159,4.7159,4.7159,4.7159,4.7159,4.7159,4.7159,4.7159,4.7159,4.7159,4.7159,4.7159
3.970000,4.7059,4.7059,4.7059,4.7059,4.7059,4.7059,4.7059,4.7059,4.7059,4.7059,4.7059,4.7059,4.7059,4.7059,4.7059
3.980000,4.6958,4.6958,4.6958,4.6958,4.6958,4.6958,4.6958,4.6958,4.6958,4.6958,4.6958,4.6958,4.6958,4.6958,4.6958
3.990000,4.6857,4.6857,4.6857,4.6857,4.6857,4.6857,4.6857,4.6857,4.6857,4.6857,4.6857,4.6857,4.6857,4.6857,4.6857
4.000000,4.6756,4.6756,4.6756,4.6756,4.6756,4.6756,4.6756,4.6756,4.6756,4.6756,4.6756,4.6756,4.6756,4.6756,4.6756
4.010000,4.6654,4.6654,4.6654,4.6654,4.6654,4.6654,4.6654,4.6654,4.6654,4.6654,4.6654,4.6654,4.6654,4.6654,4.6654
4.020000,4.6551,4.6551,4.6551,4.6551,4.6551,4.6551,4.6551,4.6551,4.6551,4.6551,4.6551,4.6551,4.6551,4.6551,4.6551
4.030000,4.6449,4.6449,4.6449,4.6449,4.6449,4.6449,4.6449,4.6449,4.6449,4.6449,4.6449,4.6449,4.6449,4.6449,4.6449
4.040000,4.6345,4.6345,4.6345,4.6345,4.6345,4.6345,4.6345,4.6345,4.6345,4.6345,4.6345,4.6345,4.6345,4.6345,4.6345
4.050000,4.6242,4.6242,4.6242,4.6242,4.6242,4.6242,4.6242,4.6242,4.6242,4.6242,4.6242,4.6242,4.6242,4.6242,4.6242
4.060000,4.6138,4.6138,4.6138,4.6138,4.6138,4.6138,4.6138,4.6138,4.6138,4.6138,4.6138,4.6138,4.6138,4.6138,4.6138
4.070000,4.6033,4.6033,4.6033,4.6033,4.6033,4.6033,4.6033,4.6033,4.6033,4.6033,4.6033,4.6033,4.6033,4.6033,4.6033
4.080000,4.5928,4.5928,4.5928,4.5928,4.5928,4.5928,4.5928,4.5928,4.5928,4.5928,4.5928,4.5928,4.5928,4.5928,4.5928
4.090000,4.5822,4.5822,4.5822,4.5822,4.5822,4.5822,4.5822,4.5822,4.5822,4.5822,4.5822,4.5822,4.5822,4.5822,4.5822
4.100000,4.5717,4.5717,4.5717,4.5717,4.5717,4.5717,4.5717,4.5717,4.5717,4.5717,4.5717,4.5717,4.5717,4.5717,4.5717
4.110000,4.5610,4.5610,4.5610,4.5610,4.5610,4.5610,4.5610,4.5610,4.5610,4.5610,4.5610,4.5610,4.5610,4.5610,4.5610
4.120000,4.5503,4.5503,4.5503,4.5503,4.5503,4.5503,4.5503,4.5503,4.5503,4.5503,4.5503,4.5503,4.5503,4.5503,4.5503
4.130000,4.5396,4.5396,4.5396,4.5396,4.5396,4.5396,4.5396,4.5396,4.5396,4.5396,4.5396,4.5396,4.5396,4.5396,4.5396
4.140000,4.5289,4.5289,4.5289,4.5289,4.5289,4.5289,4.5289,4.5289,4.5289,4.5289,4.5289,4.5289,4.5289,4.5289,4.5289
4.150000,4.5181,4.5181,4.5181,4.5181,4.5181,4.5181,4.5181,4.5181,4.5181,4.5181,4.5181,4.5181,4.5181,4.5181,4.5181
4.160000,4.5072,4.5072,4.5072,4.5072,4.5072,4.5072,4.5072,4.5072,4.5072,4.5072,4.5072,4.5072,4.5072,4.5072,4.5072
4.170000,4.4964,4.4964,4.4964,4.4964,4.4964,4.4964,4.4964,4.4964,4.4964,4.4964,4.4964,4.4964,4.4964,4.4964,4.4964
4.180000,4.4855,4.4855,4.4855,4.4855,4.4855,4.4855,4.4855,4.4855,4.4855,4.4855,4.4855,4.4855,4.4855,4.4855,4.4855
4.190000,4.4745,4.4745,4.4745,4.4745,4.4745,4.4745,4.4745,4.4745,4.4745,4.4745,4.4745,4.4745,4.4745,4.4745,4.4745
4.200000,4.4635,4.4635,4.4635,4.4635,4.4635,4.4635,4.4635,4.4635,4.4635,4.4635,4.4635,4.4635,4.4635,4.4635,4.4635
4.210000,4.4525,4.4525,4.4525,4.4525,4.4525,4.4525,4.4525,4.4525,4.4525,4.4525,4.4525,4.4525,4.4525,4.4525,4.4525
4.220000,4.4414,4.4414,4.4414,4.4414,4.4414,4.4414,4.4414,4.4414,4.4414,4.4414,4.4414,4.4414,4.4414,4.4414,4.4414
4.230000,4.4303,4.4303,4.4303,4.4303,4.4303,4.4303,4.4303,4.4303,4.4303,4.4303,4.4303,4.4303,4.4303,4.4303,4.4303
4.240000,4.4192,4.4192,4.4192,4.4192,4.4192,4.4192,4.4192,4.4192,4.4192,4.4192,4.4192,4.4192,4.4192,4.4192,4.4192
4.250000,4.4080,4.4080,4.4080,4.4080,4.4080,4.4080,4.4080,4.4080,4.4080,4.4080,4.4080,4.4080,4.4080,4.4080,4.4080
4.260000,4.3968,4.3968,4.3968,4.3968,4.3968,4.3968,4.3968,4.3968,4.3968,4.3968,4.3968,4.3968,4.3968,4.3968,4.3968
4.270000,4.3855,4.3855,4.3855,4.3855,4.3855,4.3855,4.3855,4.3855,4.3855,4.3855,4.3855,4.3855,4.3855,4.3855,4.3855
4.280000,4.3742,4.3742,4.3742,4.3742,4.3742,4.3742,4.3742,4.3742,4.3742,4.3742,4.3742,4.3742,4.3742,4.3742,4.3742
4.290000,4.3629,4.3629,4.3629,4.3629,4.3629,4.3629,4.3629,4.3629,4.3629,4.3629,4.3629,4.3629,4.3629,4.3629,4.3629
4.300000,4.3516,4.3516,4.3516,4.3516,4.3516,4.3516,4.3516,4.3516,4.3516,4.3516,4.3516,4.3516,4.3516,4.3516,4.3516
4.310000,4.3402,4.3402,4.3402,4.3402,4.3402,4.3402,4.3402,4.3402,4.3402,4.3402,4.3402,4.3402,4.3402,4.3402,4.3402
4.320000,4.3288,4.3288,4.3288,4.3288,4.3288,4.3288,4.3288,4.3288,4.3288,4.3288,4.3288,4.3288,4.3288,4.3288,4.3288
4.330000,4.3173,4.3173,4.3173,4.3173,4.3173,4.3173,4.3173,4.3173,4.3173,4.3173,4.3173,4.3173,4.3173,4.3173,4.3173
4.340000,4.3058,4.3058,4.3058,4.3058,4.3058,4.3058,4.3058,4.3058,4.3058,4.3058,4.3058,4.3058,4.3058,4.3058,4.3058
4.350000,4.2943,4.2943,4.2943,4.2943,4.2943,4.2943,4.2943,4.2943,4.2943,4.2943,4.2943,4.2943,4.2943,4.2943,4.2943
4.360000,4.2827,4.2827,4.2827,4.2827,4.2827,4.2827,4.2827,4.2827,4.2827,4.2827,4.2827,4.2827,4.2827,4.2827,4.2827
4.370000,4.2712,4.2712,4.2712,4.2712,4.2712,4.2712,4.2712,4.2712,4.2712,4.2712,4.2712,4.2712,4.2712,4.2712,4.2712
4.380000,4.2596,4.2596,4.2596,4.2596,4.2596,4.2596,4.2596,4.2596,4.2596,4.2596,4.2596,4.2596,4.2596,4.2596,4.2596
4.390000,4.2479,4.2479,4.2479,4.2479,4.2479,4.2479,4.2479,4.2479,4.2479,4.2479,4.2479,4.2479,4.2479,4.2479,4.2479
4.400000,4.2362,4.2362,4.2362,4.2362,4.2362,4.2362,4.2362,4.2362,4.2362,4.2362,4.2362,4.2362,4.2362,4.2362,4.2362
4.410000,4.2246,4.2246,4.2246,4.2246,4.2246,4.2246,4.2246,4.2246,4.2246,4.2246,4.2246,4.2246,4.2246,4.2246,4.2246
4.420000,4.2128,4.2128,4.2128,4.2128,4.2128,4.2128,4.2128,4.2128,4.2128,4.2128,4.2128,4.2128,4.2128,4.2128,4.2128
4.430000,4.2011,4.2011,4.2011,4.2011,4.2011,4.2011,4.2011,4.2011,4.2011,4.2011,4.2011,4.2011,4.2011,4.2011,4.2011
4.440000,4.1893,4.1893,4.1893,4.1893,4.1893,4.1893,4.1893,4.1893,4.1893,4.1893,4.1893,4.1893,4.1893,4.1893,4.1893
4.450000,4.1775,4.1775,4.1775,4.1775,4.1775,4.1775,4.1775,4.1775,4.1775,4.1775,4.1775,4.1775,4.1775,4.1775,4.1775
4.460000,4.1656,4.1656,4.1656,4.1656,4.1656,4.1656,4.1656,4.1656,4.1656,4.1656,4.1656,4.1656,4.1656,4.1656,4.1656
4.470000,4.1538,4.1538,4.1538,4.1538,4.1538,4.1538,4.1538,4.1538,4.1538,4.1538,4.1538,4.1538,4.1538,4.1538,4.1538
4.480000,4.1419,4.1419,4.1419,4.1419,4.1419,4.1419,4.1419,4.1419,4.1419,4.1419,4.1419,4.1419,4.1419,4.1419,4.1419
4.490000,4.1300,4.1300,4.1300,4.1300,4.1300,4.1300,4.1300,4.1300,4.1300,4.1300,4.1300,4.1300,4.1300,4.1300,4.1300
4.500000,4.1180,4.1180,4.1180,4.1180,4.1180,4.1180,4.1180,4.1180,4.1180,4.1180,4.1180,4.1180,4.1180,4.1180,4.1180
4.510000,4.1061,4.1061,4.1061,4.1061,4.1061,4.1061,4.1061,4.1061,4.1061,4.1061,4.1061,4.1061,4.1061,4.1061,4.1061
4.520000,4.0941,4.0941,4.0941,4.0941,4.0941,4.0941,4.0941,4.0941,4.0941,4.0941,4.0941,4.0941,4.0941,4.0941,4.0941
4.530000,4.0821,4.0821,4.0821,4.0821,4.0821,4.0821,4.0821,4.0821,4.0821,4.0821,4.0821,4.0821,4.0821,4.0821,4.0821
4.540000,4.0700,4.0700,4.0700,4.0700,4.0700,4.0700,4.0700,4.0700,4.0700,4.0700,4.0700,4.0700,4.0700,4.0700,4.0700
4.550000,4.0580,4.0580,4.0580,4.0580,4.0580,4.0580,4.0580,4.0580,4.0580,4.0580,4.0580,4.0580,4.0580,4.0580,4.0580
4.560000,4.0459,4.0459,4.0459,4.0459,4.0459,4.0459,4.0459,4.0459,4.0459,4.0459,4.0459,4.0459,4.0459,4.0459,4.0459
4.570000,4.0338,4.0338,4.0338,4.0338,4.0338,4.0338,4.0338,4.0338,4.0338,4.0338,4.0338,4.0338,4.0338,4.0338,4.0338
4.580000,4.0217,4.0217,4.0217,4.0217,4.0217,4.0217,4.0217,4.0217,4.0217,4.0217,4.0217,4.0217,4.0217,4.0217,4.0217
4.590000,4.0095,4.0095,4.0095,4.0095,4.0095,4.0095,4.0095,4.0095,4.0095,4.0095,4.0095,4.0095,4.0095,4.0095,4.0095
4.600000,3.9974,3.9974,3.9974,3.9974,3.9974,3.9974,3.9974,3.9974,3.9974,3.9974,3.9974,3.9974,3.9974,3.9974,3.9974
4.610000,3.9852,3.9852,3.9852,3.9852,3.9852,3.9852,3.9852,3.9852,3.9852,3.9852,3.9852,3.9852,3.9852,3.9852,3.9852
4.620000,3.9730,3.9730,3.9730,3.9730,3.9730,3.9730,3.9730,3.9730,3.9730,3.9730,3.9730,3.9730,3.9730,3.9730,3.9730
4.630000,3.9608,3.9608,3.9608,3.9608,3.9608,3.9608,3.9608,3.9608,3.9608,3.9608,3.9608,3.9608,3.9608,3.9608,3.9608
4.640000,3.9485,3.9485,3.9485,3.9485,3.9485,3.9485,3.9485,3.9485,3.9485,3.9485,3.9485,3.9485,3.9485,3.9485,3.9485
4.650000,3.9363,3.9363,3.9363,3.9363,3.9363,3.9363,3.9363,3.9363,3.9363,3.9363,3.9363,3.9363,3.9363,3.9363,3.9363
4.660000,3.9240,3.9240,3.9240,3.9240,3.9240,3.9240,3.9240,3.9240,3.9240,3.9240,3.9240,3.9240,3.9240,3.9240,3.9240
4.670000,3.9117,3.9117,3.9117,3.9117,3.9117,3.9117,3.9117,3.9117,3.9117,3.9117,3.9117,3.9117,3.9117,3.9117,3.9117
4.680000,3.8994,3.8994,3.8994,3.8994,3.8994,3.8994,3.8994,3.8994,3.8994,3.8994,3.8994,3.8994,3.8994,3.8994,3.8994
4.690000,3.8871,3.8871,3.8871,3.8871,3.8871,3.8871,3.8871,3.8871,3.8871,3.8871,3.8871,3.8871,3.8871,3.8871,3.8871
4.700000,3.8748,3.8748,3.8748,3.8748,3.8748,3.8748,3.8748,3.8748,3.8748,3.8748,3.8748,3.8748,3.8748,3.8748,3.8748
4.710000,3.8624,3.8624,3.8624,3.8624,3.8624,3.8624,3.8624,3.8624,3.8624,3.8624,3.8624,3.8624,3.8624,3.8624,3.8624
4.720000,3.8500,3.8500,3.8500,3.8500,3.8500,3.8500,3.8500,3.8500,3.8500,3.8500,3.8500,3.8500,3.8500,3.8500,3.8500
4.730000,3.8377,3.8377,3.8377,3.8377,3.8377,3.8377,3.8377,3.8377,3.8377,3.8377,3.8377,3.8377,3.8377,3.8377,3.8377
4.740000,3.8253,3.8253,3.8253,3.8253,3.8253,3.8253,3.8253,3.8253,3.8253,3.8253,3.8253,3.8253,3.8253,3.8253,3.8253
4.750000,3.8129,3.8129,3.8129,3.8129,3.8129,3.8129,3.8129,3.8129,3.8129,3.8129,3.8129,3.8129,3.8129,3.8129,3.8129
4.760000,3.8005,3.8005,3.8005,3.8005,3.8005,3.8005,3.8005,3.8005,3.8005,3.8005,3.8005,3.8005,3.8005,3.8005,3.8005
4.770000,3.7880,3.7880,3.7880,3.7880,3.7880,3.7880,3.7880,3.7880,3.7880,3.7880,3.7880,3.7880,3.7880,3.7880,3.7880
4.780000,3.7756,3.7756,3.7756,3.7756,3.7756,3.7756,3.7756,3.7756,3.7756,3.7756,3.7756,3.7756,3.7756,3.7756,3.7756
4.790000,3.7631,3.7631,3.7631,3.7631,3.7631,3.7631,3.7631,3.7631,3.7631,3.7631,3.7631,3.7631,3.7631,3.7631,3.7631
4.800000,3.7507,3.7507,3.7507,3.7507,3.7507,3.7507,3.7507,3.7507,3.7507,3.7507,3.7507,3.7507,3.7507,3.7507,3.7507
4.810000,3.7382,3.7382,3.7382,3.7382,3.7382,3.7382,3.7382,3.7382,3.7382,3.7382,3.7382,3.7382,3.7382,3.7382,3.7382
4.820000,3.7257,3.7257,3.7257,3.7257,3.7257,3.7257,3.7257,3.7257,3.7257,3.7257,3.7257,3.7257,3.7257,3.7257,3.7257
4.830000,3.7132,3.7132,3.7132,3.7132,3.7132,3.7132,3.7132,3.7132,3.7132,3.7132,3.7132,3.7132,3.7132,3.7132,3.7132
4.840000,3.7007,3.7007,3.7007,3.7007,3.7007,3.7007,3.7007,3.7007,3.7007,3.7007,3.7007,3.7007,3.7007,3.7007,3.7007
4.850000,3.6882,3.6882,3.6882,3.6882,3.6882,3.6882,3.6882,3.6882,3.6882,3.6882,3.6882,3.6882,3.6882,3.6882,3.6882
4.860000,3.6757,3.6757,3.6757,3.6757,3.6757,3.6757,3.6757,3.6757,3.6757,3.6757,3.6757,3.6757,3.6757,3.6757,3.6757
4.870000,3.6632,3.6632,3.6632,3.6632,3.6632,3.6632,3.6632,3.6632,3.6632,3.6632,3.6632,3.6632,3.6632,3.6632,3.6632
4.880000,3.6507,3.6507,3.6507,3.6507,3.6507,3.6507,3.6507,3.6507,3.6507,3.6507,3.6507,3.6507,3.6507,3.6507,3.6507
4.890000,3.6381,3.6381,3.6381,3.6381,3.6381,3.6381,3.6381,3.6381,3.6381,3.6381,3.6381,3.6381,3.6381,3.6381,3.6381
4.900000,3.6256,3.6256,3.6256,3.6256,3.6256,3.6256,3.6256,3.6256,3.6256,3.6256,3.6256,3.6256,3.6256,3.6256,3.6256
4.910000,3.6130,3.6130,3.6130,3.6130,3.6130,3.6130,3.6130,3.6130,3.6130,3.6130,3.6130,3.6130,3.6130,3.6130,3.6130
4.920000,3.6005,3.6005,3.6005,3.6005,3.6005,3.6005,3.6005,3.6005,3.6005,3.6005,3.6005,3.6005,3.6005,3.6005,3.6005
4.930000,3.5879,3.5879,3.5879,3.5879,3.5879,3.5879,3.5879,3.5879,3.5879,3.5879,3.5879,3.5879,3.5879,3.5879,3.5879
4.940000,3.5754,3.5754,3.5754,3.5754,3.5754,3.5754,3.5754,3.5754,3.5754,3.5754,3.5754,3.5754,3.5754,3.5754,3.5754
4.950000,3.5628,3.5628,3.5628,3.5628,3.5628,3.5628,3.5628,3.5628,3.5628,3.5628,3.5628,3.5628,3.5628,3.5628,3.5628
4.960000,3.5503,3.5503,3.5503,3.5503,3.5503,3.5503,3.5503,3.5503,3.5503,3.5503,3.5503,3.5503,3.5503,3.5503,3.5503
4.970000,3.5377,3.5377,3.5377,3.5377,3.5377,3.5377,3.5377,3.5377,3.5377,3.5377,3.5377,3.5377,3.5377,3.5377,3.5377
4.980000,3.5251,3.5251,3.5251,3.5251,3.5251,3.5251,3.5251,3.5251,3.5251,3.5251,3.5251,3.5251,3.5251,3.5251,3.5251
4.990000,3.5126,3.5126,3.5126,3.5126,3.5126,3.5126,3.5126,3.5126,3.5126,3.5126,3.5126,3.5126,3.5126,3.5126,3.5126
5.000000,3.5000,3.5000,3.5000,3.5000,3.5000,3.5000,3.5000,3.5000,3.5000,3.5000,3.5000,3.5000,3.5000,3.5000,3.5000
5.010000,3.4874,3.4874,3.4874,3.4874,3.4874,3.4874,3.4874,3.4874,3.4874,3.4874,3.4874,3.4874,3.4874,3.4874,3.4874
5.020000,3.4749,3.4749,3.4749,3.4749,3.4749,3.4749,3.4749,3.4749,3.4749,3.4749,3.4749,3.4749,3.4749,3.4749,3.4749
5.030000,3.4623,3.4623,3.4623,3.4623,3.4623,3.4623,3.4623,3.4623,3.4623,3.4623,3.4623,3.4623,3.4623,3.4623,3.4623
5.040000,3.4497,3.4497,3.4497,3.4497,3.4497,3.4497,3.4497,3.4497,3.4497,3.4497,3.4497,3.4497,3.4497,3.4497,3.4497
5.050000,3.4372,3.4372,3.4372,3.4372,3.4372,3.4372,3.4372,3.4372,3.4372,3.4372,3.4372,3.4372,3.4372,3.4372,3.4372
5.060000,3.4246,3.4246,3.4246,3.4246,3.4246,3.4246,3.4246,3.4246,3.4246,3.4246,3.4246,3.4246,3.4246,3.4246,3.4246
5.070000,3.4121,3.4121,3.4121,3.4121,3.4121,3.4121,3.4121,3.4121,3.4121,3.4121,3.4121,3.4121,3.4121,3.4121,3.4121
5.080000,3.3995,3.3995,3.3995,3.3995,3.3995,3.3995,3.3995,3.3995,3.3995,3.3995,3.3995,3.3995,3.3995,3.3995,3.3995
5.090000,3.3870,3.3870,3.3870,3.3870,3.3870,3.3870,3.3870,3.3870,3.3870,3.3870,3.3870,3.3870,3.3870,3.3870,3.3870
5.100000,3.3744,3.3744,3.3744,3.3744,3.3744,3.3744,3.3744,3.3744,3.3744,3.3744,3.3744,3.3744,3.3744,3.3744,3.3744
5.110000,3.3619,3.3619,3.3619,3.3619,3.3619,3.3619,3.3619,3.3619,3.3619,3.3619,3.3619,3.3619,3.3619,3.3619,3.3619
5.120000,3.3493,3.3493,3.3493,3.3493,3.3493,3.3493,3.3493,3.3493,3.3493,3.3493,3.3493,3.3493,3.3493,3.3493,3.3493
5.130000,3.3368,3.3368,3.3368,3.3368,3.3368,3.3368,3.3368,3.3368,3.3368,3.3368,3.3368,3.3368,3.3368,3.3368,3.3368
5.140000,3.3243,3.3243,3.3243,3.3243,3.3243,3.3243,3.3243,3.3243,3.3243,3.3243,3.3243,3.3243,3.3243,3.3243,3.3243
5.150000,3.3118,3.3118,3.3118,3.3118,3.3118,3.3118,3.3118,3.3118,3.3118,3.3118,3.3118,3.3118,3.3118,3.3118,3.3118
5.160000,3.2993,3.2993,3.2993,3.2993,3.2993,3.2993,3.2993,3.2993,3.2993,3.2993,3.2993,3.2993,3.2993,3.2993,3.2993
5.170000,3.2868,3.2868,3.2868,3.2868,3.2868,3.2868,3.2868,3.2868,3.2868,3.2868,3.2868,3.2868,3.2868,3.2868,3.2868
5.180000,3.2743,3.2743,3.2743,3.2743,3.2743,3.2743,3.2743,3.2743,3.2743,3.2743,3.2743,3.2743,3.2743,3.2743,3.2743
5.190000,3.2618,3.2618,3.2618,3.2618,3.2618,3.2618,3.2618,3.2618,3.2618,3.2618,3.2618,3.2618,3.2618,3.2618,3.2618
5.200000,3.2493,3.2493,3.2493,3.2493,3.2493,3.2493,3.2493,3.2493,3.2493,3.2493,3.2493,3.2493,3.2493,3.2493,3.2493
5.210000,3.2369,3.2369,3.2369,3.2369,3.2369,3.2369,3.2369,3.2369,3.2369,3.2369,3.2369,3.2369,3.2369,3.2369,3.2369
5.220000,3.2244,3.2244,3.2244,3.2244,3.2244,3.2244,3.2244,3.2244,3.2244,3.2244,3.2244,3.2244,3.2244,3.2244,3.2244
5.230000,3.2120,3.2120,3.2120,3.2120,3.2120,3.2120,3.2120,3.2120,3.2120,3.2120,3.2120,3.2120,3.2120,3.2120,3.2120
5.240000,3.1995,3.1995,3.1995,3.1995,3.1995,3.1995,3.1995,3.1995,3.1995,3.1995,3.1995,3.1995,3.1995,3.1995,3.1995
5.250000,3.1871,3.1871,3.1871,3.1871,3.1871,3.1871,3.1871,3.1871,3.1871,3.1871,3.1871,3.1871,3.1871,3.1871,3.1871
5.260000,3.1747,3.1747,3.1747,3.1747,3.1747,3.1747,3.1747,3.1747,3.1747,3.1747,3.1747,3.1747,3.1747,3.1747,3.1747
5.270000,3.1623,3.1623,3.1623,3.1623,3.1623,3.1623,3.1623,3.1623,3.1623,3.1623,3.1623,3.1623,3.1623,3.1623,3.1623
5.280000,3.1500,3.1500,3.1500,3.1500,3.1500,3.1500,3.1500,3.1500,3.1500,3.1500,3.1500,3.1500,3.1500,3.1500,3.1500
5.290000,3.1376,3.1376,3.1376,3.1376,3.1376,3.1376,3.1376,3.1376,3.1376,3.1376,3.1376,3.1376,3.1376,3.1376,3.1376
5.300000,3.1252,3.1252,3.1252,3.1252,3.1252,3.1252,3.1252,3.1252,3.1252,3.1252,3.1252,3.1252,3.1252,3.1252,3.1252
5.310000,3.1129,3.1129,3.1129,3.1129,3.1129,3.1129,3.1129,3.1129,3.1129,3.1129,3.1129,3.1129,3.1129,3.1129,3.1129
5.320000,3.1006,3.1006,3.1006,3.1006,3.1006,3.1006,3.1006,3.1006,3.1006,3.1006,3.1006,3.1006,3.1006,3.1006,3.1006
5.330000,3.0883,3.0883,3.0883,3.0883,3.0883,3.0883,3.0883,3.0883,3.0883,3.0883,3.0883,3.0883,3.0883,3.0883,3.0883
5.340000,3.0760,3.0760,3.0760,3.0760,3.0760,3.0760,3.0760,3.0760,3.0760,3.0760,3.0760,3.0760,3.0760,3.0760,3.0760
5.350000,3.0637,3.0637,3.0637,3.0637,3.0637,3.0637,3.0637,3.0637,3.0637,3.0637,3.0637,3.0637,3.0637,3.0637,3.0637
5.360000,3.0515,3.0515,3.0515,3.0515,3.0515,3.0515,3.0515,3.0515,3.0515,3.0515,3.0515,3.0515,3.0515,3.0515,3.0515
5.370000,3.0392,3.0392,3.0392,3.0392,3.0392,3.0392,3.0392,3.0392,3.0392,3.0392,3.0392,3.0392,3.0392,3.0392,3.0392
5.380000,3.0270,3.0270,3.0270,3.0270,3.0270,3.0270,3.0270,3.0270,3.0270,3.0270,3.0270,3.0270,3.0270,3.0270,3.0270
5.390000,3.0148,3.0148,3.0148,3.0148,3.0148,3.0148,3.0148,3.0148,3.0148,3.0148,3.0148,3.0148,3.0148,3.0148,3.0148
5.400000,3.0026,3.0026,3.0026,3.0026,3.0026,3.0026,3.0026,3.0026,3.0026,3.0026,3.0026,3.0026,3.0026,3.0026,3.0026
5.410000,2.9905,2.9905,2.9905,2.9905,2.9905,2.9905,2.9905,2.9905,2.9905,2.9905,2.9905,2.9905,2.9905,2.9905,2.9905
5.420000,2.9783,2.9783,2.9783,2.9783,2.9783,2.9783,2.9783,2.9783,2.9783,2.9783,2.9783,2.9783,2.9783,2.9783,2.9783
5.430000,2.9662,2.9662,2.9662,2.9662,2.9662,2.9662,2.9662,2.9662,2.9662,2.9662,2.9662,2.9662,2.9662,2.9662,2.9662
5.440000,2.9541,2.9541,2.9541,2.9541,2.9541,2.9541,2.9541,2.9541,2.9541,2.9541,2.9541,2.9541,2.9541,2.9541,2.9541
5.450000,2.9420,2.9420,2.9420,2.9420,2.9420,2.9420,2.9420,2.9420,2.9420,2.9420,2.9420,2.9420,2.9420,2.9420,2.9420
5.460000,2.9300,2.9300,2.9300,2.9300,2.9300,2.9300,2.9300,2.9300,2.9300,2.9300,2.9300,2.9300,2.9300,2.9300,2.9300
5.470000,2.9179,2.9179,2.9179,2.9179,2.9179,2.9179,2.9179,2.9179,2.9179,2.9179,2.9179,2.9179,2.9179,2.9179,2.9179
5.480000,2.9059,2.9059,2.9059,2.9059,2.9059,2.9059,2.9059,2.9059,2.9059,2.9059,2.9059,2.9059,2.9059,2.9059,2.9059
5.490000,2.8939,2.8939,2.8939,2.8939,2.8939,2.8939,2.8939,2.8939,2.8939,2.8939,2.8939,2.8939,2.8939,2.8939,2.8939
5.500000,2.8820,2.8820,2.8820,2.8820,2.8820,2.8820,2.8820,2.8820,2.8820,2.8820,2.8820,2.8820,2.8820,2.8820,2.8820
5.510000,2.8700,2.8700,2.8700,2.8700,2.8700,2.8700,2.8700,2.8700,2.8700,2.8700,2.8700,2.8700,2.8700,2.8700,2.8700
5.520000,2.8581,2.8581,2.8581,2.8581,2.8581,2.8581,2.8581,2.8581,2.8581,2.8581,2.8581,2.8581,2.8581,2.8581,2.8581
5.530000,2.8462,2.8462,2.8462,2.8462,2.8462,2.8462,2.8462,2.8462,2.8462,2.8462,2.8462,2.8462,2.8462,2.8462,2.8462
5.540000,2.8344,2.8344,2.8344,2.8344,2.8344,2.8344,2.8344,2.8344,2.8344,2.8344,2.8344,2.8344,2.8344,2.8344,2.8344
5.550000,2.8225,2.8225,2.8225,2.8225,2.8225,2.8225,2.8225,2.8225,2.8225,2.8225,2.8225,2.8225,2.8225,2.8225,2.8225
5.560000,2.8107,2.8107,2.8107,2.8107,2.8107,2.8107,2.8107,2.8107,2.8107,2.8107,2.8107,2.8107,2.8107,2.8107,2.8107
5.570000,2.7989,2.7989,2.7989,2.7989,2.7989,2.7989,2.7989,2.7989,2.7989,2.7989,2.7989,2.7989,2.7989,2.7989,2.7989
5.580000,2.7872,2.7872,2.7872,2.7872,2.7872,2.7872,2.7872,2.7872,2.7872,2.7872,2.7872,2.7872,2.7872,2.7872,2.7872
5.590000,2.7754,2.7754,2.7754,2.7754,2.7754,2.7754,2.7754,2.7754,2.7754,2.7754,2.7754,2.7754,2.7754,2.7754,2.7754
5.600000,2.7638,2.7638,2.7638,2.7638,2.7638,2.7638,2.7638,2.7638,2.7638,2.7638,2.7638,2.7638,2.7638,2.7638,2.7638
5.610000,2.7521,2.7521,2.7521,2.7521,2.7521,2.7521,2.7521,2.7521,2.7521,2.7521,2.7521,2.7521,2.7521,2.7521,2.7521
5.620000,2.7404,2.7404,2.7404,2.7404,2.7404,2.7404,2.7404,2.7404,2.7404,2.7404,2.7404,2.7404,2.7404,2.7404,2.7404
5.630000,2.7288,2.7288,2.7288,2.7288,2.7288,2.7288,2.7288,2.7288,2.7288,2.7288,2.7288,2.7288,2.7288,2.7288,2.7288
5.640000,2.7173,2.7173,2.7173,2.7173,2.7173,2.7173,2.7173,2.7173,2.7173,2.7173,2.7173,2.7173,2.7173,2.7173,2.7173
5.650000,2.7057,2.7057,2.7057,2.7057,2.7057,2.7057,2.7057,2.7057,2.7057,2.7057,2.7057,2.7057,2.7057,2.7057,2.7057
5.660000,2.6942,2.6942,2.6942,2.6942,2.6942,2.6942,2.6942,2.6942,2.6942,2.6942,2.6942,2.6942,2.6942,2.6942,2.6942
5.670000,2.6827,2.6827,2.6827,2.6827,2.6827,2.6827,2.6827,2.6827,2.6827,2.6827,2.6827,2.6827,2.6827,2.6827,2.6827
5.680000,2.6712,2.6712,2.6712,2.6712,2.6712,2.6712,2.6712,2.6712,2.6712,2.6712,2.6712,2.6712,2.6712,2.6712,2.6712
5.690000,2.6598,2.6598,2.6598,2.6598,2.6598,2.6598,2.6598,2.6598,2.6598,2.6598,2.6598,2.6598,2.6598,2.6598,2.6598
5.700000,2.6484,2.6484,2.6484,2.6484,2.6484,2.6484,2.6484,2.6484,2.6484,2.6484,2.6484,2.6484,2.6484,2.6484,2.6484
5.710000,2.6371,2.6371,2.6371,2.6371,2.6371,2.6371,2.6371,2.6371,2.6371,2.6371,2.6371,2.6371,2.6371,2.6371,2.6371
5.720000,2.6258,2.6258,2.6258,2.6258,2.6258,2.6258,2.6258,2.6258,2.6258,2.6258,2.6258,2.6258,2.6258,2.6258,2.6258
5.730000,2.6145,2.6145,2.6145,2.6145,2.6145,2.6145,2.6145,2.6145,2.6145,2.6145,2.6145,2.6145,2.6145,2.6145,2.6145
5.740000,2.6032,2.6032,2.6032,2.6032,2.6032,2.6032,2.6032,2.6032,2.6032,2.6032,2.6032,2.6032,2.6032,2.6032,2.6032
5.750000,2.5920,2.5920,2.5920,2.5920,2.5920,2.5920,2.5920,2.5920,2.5920,2.5920,2.5920,2.5920,2.5920,2.5920,2.5920
5.760000,2.5808,2.5808,2.5808,2.5808,2.5808,2.5808,2.5808,2.5808,2.5808,2.5808,2.5808,2.5808,2.5808,2.5808,2.5808
5.770000,2.5697,2.5697,2.5697,2.5697,2.5697,2.5697,2.5697,2.5697,2.5697,2.5697,2.5697,2.5697,2.5697,2.5697,2.5697
5.780000,2.5586,2.5586,2.5586,2.5586,2.5586,2.5586,2.5586,2.5586,2.5586,2.5586,2.5586,2.5586,2.5586,2.5586,2.5586
5.790000,2.5475,2.5475,2.5475,2.5475,2.5475,2.5475,2.5475,2.5475,2.5475,2.5475,2.5475,2.5475,2.5475,2.5475,2.5475
5.800000,2.5365,2.5365,2.5365,2.5365,2.5365,2.5365,2.5365,2.5365,2.5365,2.5365,2.5365,2.5365,2.5365,2.5365,2.5365
5.810000,2.5255,2.5255,2.5255,2.5255,2.5255,2.5255,2.5255,2.5255,2.5255,2.5255,2.5255,2.5255,2.5255,2.5255,2.5255
5.820000,2.5145,2.5145,2.5145,2.5145,2.5145,2.5145,2.5145,2.5145,2.5145,2.5145,2.5145,2.5145,2.5145,2.5145,2.5145
5.830000,2.5036,2.5036,2.5036,2.5036,2.5036,2.5036,2.5036,2.5036,2.5036,2.5036,2.5036,2.5036,2.5036,2.5036,2.5036
5.840000,2.4928,2.4928,2.4928,2.4928,2.4928,2.4928,2.4928,2.4928,2.4928,2.4928,2.4928,2.4928,2.4928,2.4928,2.4928
5.850000,2.4819,2.4819,2.4819,2.4819,2.4819,2.4819,2.4819,2.4819,2.4819,2.4819,2.4819,2.4819,2.4819,2.4819,2.4819
5.860000,2.4711,2.4711,2.4711,2.4711,2.4711,2.4711,2.4711,2.4711,2.4711,2.4711,2.4711,2.4711,2.4711,2.4711,2.4711
5.870000,2.4604,2.4604,2.4604,2.4604,2.4604,2.4604,2.4604,2.4604,2.4604,2.4604,2.4604,2.4604,2.4604,2.4604,2.4604
5.880000,2.4497,2.4497,2.4497,2.4497,2.4497,2.4497,2.4497,2.4497,2.4497,2.4497,2.4497,2.4497,2.4497,2.4497,2.4497
5.890000,2.4390,2.4390,2.4390,2.4390,2.4390,2.4390,2.4390,2.4390,2.4390,2.4390,2.4390,2.4390,2.4390,2.4390,2.4390
5.900000,2.4283,2.4283,2.4283,2.4283,2.4283,2.4283,2.4283,2.4283,2.4283,2.4283,2.4283,2.4283,2.4283,2.4283,2.4283
5.910000,2.4178,2.4178,2.4178,2.4178,2.4178,2.4178,2.4178,2.4178,2.4178,2.4178,2.4178,2.4178,2.4178,2.4178,2.4178
5.920000,2.4072,2.4072,2.4072,2.4072,2.4072,2.4072,2.4072,2.4072,2.4072,2.4072,2.4072,2.4072,2.4072,2.4072,2.4072
5.930000,2.3967,2.3967,2.3967,2.3967,2.3967,2.3967,2.3967,2.3967,2.3967,2.3967,2.3967,2.3967,2.3967,2.3967,2.3967
5.940000,2.3862,2.3862,2.3862,2.3862,2.3862,2.3862,2.3862,2.3862,2.3862,2.3862,2.3862,2.3862,2.3862,2.3862,2.3862
5.950000,2.3758,2.3758,2.3758,2.3758,2.3758,2.3758,2.3758,2.3758,2.3758,2.3758,2.3758,2.3758,2.3758,2.3758,2.3758
5.960000,2.3655,2.3655,2.3655,2.3655,2.3655,2.3655,2.3655,2.3655,2.3655,2.3655,2.3655,2.3655,2.3655,2.3655,2.3655
5.970000,2.3551,2.3551,2.3551,2.3551,2.3551,2.3551,2.3551,2.3551,2.3551,2.3551,2.3551,2.3551,2.3551,2.3551,2.3551
5.980000,2.3449,2.3449,2.3449,2.3449,2.3449,2.3449,2.3449,2.3449,2.3449,2.3449,2.3449,2.3449,2.3449,2.3449,2.3449
5.990000,2.3346,2.3346,2.3346,2.3346,2.3346,2.3346,2.3346,2.3346,2.3346,2.3346,2.3346,2.3346,2.3346,2.3346,2.3346
6.000000,2.3244,2.3244,2.3244,2.3244,2.3244,2.3244,2.3244,2.3244,2.3244,2.3244,2.3244,2.3244,2.3244,2.3244,2.3244
6.010000,2.3143,2.3143,2.3143,2.3143,2.3143,2.3143,2.3143,2.3143,2.3143,2.3143,2.3143,2.3143,2.3143,2.3143,2.3143
6.020000,2.3042,2.3042,2.3042,2.3042,2.3042,2.3042,2.3042,2.3042,2.3042,2.3042,2.3042,2.3042,2.3042,2.3042,2.3042
6.030000,2.2941,2.2941,2.2941,2.2941,2.2941,2.2941,2.2941,2.2941,2.2941,2.2941,2.2941,2.2941,2.2941,2.2941,2.2941
6.040000,2.2841,2.2841,2.2841,2.2841,2.2841,2.2841,2.2841,2.2841,2.2841,2.2841,2.2841,2.2841,2.2841,2.2841,2.2841
6.050000,2.2742,2.2742,2.2742,2.2742,2.2742,2.2742,2.2742,2.2742,2.2742,2.2742,2.2742,2.2742,2.2742,2.2742,2.2742
6.060000,2.2643,2.2643,2.2643,2.2643,2.2643,2.2643,2.2643,2.2643,2.2643,2.2643,2.2643,2.2643,2.2643,2.2643,2.2643
6.070000,2.2544,2.2544,2.2544,2.2544,2.2544,2.2544,2.2544,2.2544,2.2544,2.2544,2.2544,2.2544,2.2544,2.2544,2.2544
6.080000,2.2446,2.2446,2.2446,2.2446,2.2446,2.2446,2.2446,2.2446,2.2446,2.2446,2.2446,2.2446,2.2446,2.2446,2.2446
6.090000,2.2349,2.2349,2.2349,2.2349,2.2349,2.2349,2.2349,2.2349,2.2349,2.2349,2.2349,2.2349,2.2349,2.2349,2.2349
6.100000,2.2252,2.2252,2.2252,2.2252,2.2252,2.2252,2.2252,2.2252,2.2252,2.2252,2.2252,2.2252,2.2252,2.2252,2.2252
6.110000,2.2155,2.2155,2.2155,2.2155,2.2155,2.2155,2.2155,2.2155,2.2155,2.2155,2.2155,2.2155,2.2155,2.2155,2.2155
6.120000,2.2059,2.2059,2.2059,2.2059,2.2059,2.2059,2.2059,2.2059,2.2059,2.2059,2.2059,2.2059,2.2059,2.2059,2.2059
6.130000,2.1963,2.1963,2.1963,2.1963,2.1963,2.1963,2.1963,2.1963,2.1963,2.1963,2.1963,2.1963,2.1963,2.1963,2.1963
6.140000,2.1868,2.1868,2.1868,2.1868,2.1868,2.1868,2.1868,2.1868,2.1868,2.1868,2.1868,2.1868,2.1868,2.1868,2.1868
6.150000,2.1774,2.1774,2.1774,2.1774,2.1774,2.1774,2.1774,2.1774,2.1774,2.1774,2.1774,2.1774,2.1774,2.1774,2.1774
6.160000,2.1680,2.1680,2.1680,2.1680,2.1680,2.1680,2.1680,2.1680,2.1680,2.1680,2.1680,2.1680,2.1680,2.1680,2.1680
6.170000,2.1586,2.1586,2.1586,2.1586,2.1586,2.1586,2.1586,2.1586,2.1586,2.1586,2.1586,2.1586,2.1586,2.1586,2.1586
6.180000,2.1493,2.1493,2.1493,2.1493,2.1493,2.1493,2.1493,2.1493,2.1493,2.1493,2.1493,2.1493,2.1493,2.1493,2.1493
6.190000,2.1401,2.1401,2.1401,2.1401,2.1401,2.1401,2.1401,2.1401,2.1401,2.1401,2.1401,2.1401,2.1401,2.1401,2.1401
6.200000,2.1309,2.1309,2.1309,2.1309,2.1309,2.1309,2.1309,2.1309,2.1309,2.1309,2.1309,2.1309,2.1309,2.1309,2.1309
6.210000,2.1218,2.1218,2.1218,2.1218,2.1218,2.1218,2.1218,2.1218,2.1218,2.1218,2.1218,2.1218,2.1218,2.1218,2.1218
6.220000,2.1127,2.1127,2.1127,2.1127,2.1127,2.1127,2.1127,2.1127,2.1127,2.1127,2.1127,2.1127,2.1127,2.1127,2.1127
6.230000,2.1037,2.1037,2.1037,2.1037,2.1037,2.1037,2.1037,2.1037,2.1037,2.1037,2.1037,2.1037,2.1037,2.1037,2.1037
6.240000,2.0947,2.0947,2.0947,2.0947,2.0947,2.0947,2.0947,2.0947,2.0947,2.0947,2.0947,2.0947,2.0947,2.0947,2.0947
6.250000,2.0858,2.0858,2.0858,2.0858,2.0858,2.0858,2.0858,2.0858,2.0858,2.0858,2.0858,2.0858,2.0858,2.0858,2.0858
6.260000,2.0769,2.0769,2.0769,2.0769,2.0769,2.0769,2.0769,2.0769,2.0769,2.0769,2.0769,2.0769,2.0769,2.0769,2.0769
6.270000,2.0681,2.0681,2.0681,2.0681,2.0681,2.0681,2.0681,2.0681,2.0681,2.0681,2.0681,2.0681,2.0681,2.0681,2.0681
6.280000,2.0594,2.0594,2.0594,2.0594,2.0594,2.0594,2.0594,2.0594,2.0594,2.0594,2.0594,2.0594,2.0594,2.0594,2.0594
6.290000,2.0507,2.0507,2.0507,2.0507,2.0507,2.0507,2.0507,2.0507,2.0507,2.0507,2.0507,2.0507,2.0507,2.0507,2.0507
6.300000,2.0421,2.0421,2.0421,2.0421,2.0421,2.0421,2.0421,2.0421,2.0421,2.0421,2.0421,2.0421,2.0421,2.0421,2.0421
6.310000,2.0335,2.0335,2.0335,2.0335,2.0335,2.0335,2.0335,2.0335,2.0335,2.0335,2.0335,2.0335,2.0335,2.0335,2.0335
6.320000,2.0250,2.0250,2.0250,2.0250,2.0250,2.0250,2.0250,2.0250,2.0250,2.0250,2.0250,2.0250,2.0250,2.0250,2.0250
6.330000,2.0165,2.0165,2.0165,2.0165,2.0165,2.0165,2.0165,2.0165,2.0165,2.0165,2.0165,2.0165,2.0165,2.0165,2.0165
6.340000,2.0081,2.0081,2.0081,2.0081,2.0081,2.0081,2.0081,2.0081,2.0081,2.0081,2.0081,2.0081,2.0081,2.0081,2.0081
6.350000,1.9998,1.9998,1.9998,1.9998,1.9998,1.9998,1.9998,1.9998,1.9998,1.9998,1.9998,1.9998,1.9998,1.9998,1.9998
6.360000,1.9915,1.9915,1.9915,1.9915,1.9915,1.9915,1.9915,1.9915,1.9915,1.9915,1.9915,1.9915,1.9915,1.9915,1.9915
6.370000,1.9833,1.9833,1.9833,1.9833,1.9833,1.9833,1.9833,1.9833,1.9833,1.9833,1.9833,1.9833,1.9833,1.9833,1.9833
6.380000,1.9751,1.9751,1.9751,1.9751,1.9751,1.9751,1.9751,1.9751,1.9751,1.9751,1.9751,1.9751,1.9751,1.9751,1.9751
6.390000,1.9670,1.9670,1.9670,1.9670,1.9670,1.9670,1.9670,1.9670,1.9670,1.9670,1.9670,1.9670,1.9670,1.9670,1.9670
6.400000,1.9590,1.9590,1.9590,1.9590,1.9590,1.9590,1.9590,1.9590,1.9590,1.9590,1.9590,1.9590,1.9590,1.9590,1.9590
6.410000,1.9510,1.9510,1.9510,1.9510,1.9510,1.9510,1.9510,1.9510,1.9510,1.9510,1.9510,1.9510,1.9510,1.9510,1.9510
6.420000,1.9431,1.9431,1.9431,1.9431,1.9431,1.9431,1.9431,1.9431,1.9431,1.9431,1.9431,1.9431,1.9431,1.9431,1.9431
6.430000,1.9352,1.9352,1.9352,1.9352,1.9352,1.9352,1.9352,1.9352,1.9352,1.9352,1.9352,1.9352,1.9352,1.9352,1.9352
6.440000,1.9274,1.9274,1.9274,1.9274,1.9274,1.9274,1.9274,1.9274,1.9274,1.9274,1.9274,1.9274,1.9274,1.9274,1.9274
6.450000,1.9197,1.9197,1.9197,1.9197,1.9197,1.9197,1.9197,1.9197,1.9197,1.9197,1.9197,1.9197,1.9197,1.9197,1.9197
6.460000,1.9120,1.9120,1.9120,1.9120,1.9120,1.9120,1.9120,1.9120,1.9120,1.9120,1.9120,1.9120,1.9120,1.9120,1.9120
6.470000,1.9044,1.9044,1.9044,1.9044,1.9044,1.9044,1.9044,1.9044,1.9044,1.9044,1.9044,1.9044,1.9044,1.9044,1.9044
6.480000,1.8969,1.8969,1.8969,1.8969,1.8969,1.8969,1.8969,1.8969,1.8969,1.8969,1.8969,1.8969,1.8969,1.8969,1.8969
6.490000,1.8894,1.8894,1.8894,1.8894,1.8894,1.8894,1.8894,1.8894,1.8894,1.8894,1.8894,1.8894,1.8894,1.8894,1.8894
6.500000,1.8820,1.8820,1.8820,1.8820,1.8820,1.8820,1.8820,1.8820,1.8820,1.8820,1.8820,1.8820,1.8820,1.8820,1.8820
6.510000,1.8746,1.8746,1.8746,1.8746,1.8746,1.8746,1.8746,1.8746,1.8746,1.8746,1.8746,1.8746,1.8746,1.8746,1.8746
6.520000,1.8673,1.8673,1.8673,1.8673,1.8673,1.8673,1.8673,1.8673,1.8673,1.8673,1.8673,1.8673,1.8673,1.8673,1.8673
6.530000,1.8601,1.8601,1.8601,1.8601,1.8601,1.8601,1.8601,1.8601,1.8601,1.8601,1.8601,1.8601,1.8601,1.8601,1.8601
6.540000,1.8529,1.8529,1.8529,1.8529,1.8529,1.8529,1.8529,1.8529,1.8529,1.8529,1.8529,1.8529,1.8529,1.8529,1.8529
6.550000,1.8458,1.8458,1.8458,1.8458,1.8458,1.8458,1.8458,1.8458,1.8458,1.8458,1.8458,1.8458,1.8458,1.8458,1.8458
6.560000,1.8388,1.8388,1.8388,1.8388,1.8388,1.8388,1.8388,1.8388,1.8388,1.8388,1.8388,1.8388,1.8388,1.8388,1.8388
6.570000,1.8318,1.8318,1.8318,1.8318,1.8318,1.8318,1.8318,1.8318,1.8318,1.8318,1.8318,1.8318,1.8318,1.8318,1.8318
6.580000,1.8249,1.8249,1.8249,1.8249,1.8249,1.8249,1.8249,1.8249,1.8249,1.8249,1.8249,1.8249,1.8249,1.8249,1.8249
6.590000,1.8181,1.8181,1.8181,1.8181,1.8181,1.8181,1.8181,1.8181,1.8181,1.8181,1.8181,1.8181,1.8181,1.8181,1.8181
6.600000,1.8113,1.8113,1.8113,1.8113,1.8113,1.8113,1.8113,1.8113,1.8113,1.8113,1.8113,1.8113,1.8113,1.8113,1.8113
6.610000,1.8046,1.8046,1.8046,1.8046,1.8046,1.8046,1.8046,1.8046,1.8046,1.8046,1.8046,1.8046,1.8046,1.8046,1.8046
6.620000,1.7980,1.7980,1.7980,1.7980,1.7980,1.7980,1.7980,1.7980,1.7980,1.7980,1.7980,1.7980,1.7980,1.7980,1.7980
6.630000,1.7914,1.7914,1.7914,1.7914,1.7914,1.7914,1.7914,1.7914,1.7914,1.7914,1.7914,1.7914,1.7914,1.7914,1.7914
6.640000,1.7849,1.7849,1.7849,1.7849,1.7849,1.7849,1.7849,1.7849,1.7849,1.7849,1.7849,1.7849,1.7849,1.7849,1.7849
6.650000,1.7785,1.7785,1.7785,1.7785,1.7785,1.7785,1.7785,1.7785,1.7785,1.7785,1.7785,1.7785,1.7785,1.7785,1.7785
6.660000,1.7722,1.7722,1.7722,1.7722,1.7722,1.7722,1.7722,1.7722,1.7722,1.7722,1.7722,1.7722,1.7722,1.7722,1.7722
6.670000,1.7659,1.7659,1.7659,1.7659,1.7659,1.7659,1.7659,1.7659,1.7659,1.7659,1.7659,1.7659,1.7659,1.7659,1.7659
6.680000,1.7596,1.7596,1.7596,1.7596,1.7596,1.7596,1.7596,1.7596,1.7596,1.7596,1.7596,1.7596,1.7596,1.7596,1.7596
6.690000,1.7535,1.7535,1.7535,1.7535,1.7535,1.7535,1.7535,1.7535,1.7535,1.7535,1.7535,1.7535,1.7535,1.7535,1.7535
6.700000,1.7474,1.7474,1.7474,1.7474,1.7474,1.7474,1.7474,1.7474,1.7474,1.7474,1.7474,1.7474,1.7474,1.7474,1.7474
6.710000,1.7414,1.7414,1.7414,1.7414,1.7414,1.7414,1.7414,1.7414,1.7414,1.7414,1.7414,1.7414,1.7414,1.7414,1.7414
6.720000,1.7354,1.7354,1.7354,1.7354,1.7354,1.7354,1.7354,1.7354,1.7354,1.7354,1.7354,1.7354,1.7354,1.7354,1.7354
6.730000,1.7295,1.7295,1.7295,1.7295,1.7295,1.7295,1.7295,1.7295,1.7295,1.7295,1.7295,1.7295,1.7295,1.7295,1.7295
6.740000,1.7237,1.7237,1.7237,1.7237,1.7237,1.7237,1.7237,1.7237,1.7237,1.7237,1.7237,1.7237,1.7237,1.7237,1.7237
6.750000,1.7180,1.7180,1.7180,1.7180,1.7180,1.7180,1.7180,1.7180,1.7180,1.7180,1.7180,1.7180,1.7180,1.7180,1.7180
6.760000,1.7123,1.7123,1.7123,1.7123,1.7123,1.7123,1.7123,1.7123,1.7123,1.7123,1.7123,1.7123,1.7123,1.7123,1.7123
6.770000,1.7067,1.7067,1.7067,1.7067,1.7067,1.7067,1.7067,1.7067,1.7067,1.7067,1.7067,1.7067,1.7067,1.7067,1.7067
6.780000,1.7012,1.7012,1.7012,1.7012,1.7012,1.7012,1.7012,1.7012,1.7012,1.7012,1.7012,1.7012,1.7012,1.7012,1.7012
6.790000,1.6957,1.6957,1.6957,1.6957,1.6957,1.6957,1.6957,1.6957,1.6957,1.6957,1.6957,1.6957,1.6957,1.6957,1.6957
6.800000,1.6903,1.6903,1.6903,1.6903,1.6903,1.6903,1.6903,1.6903,1.6903,1.6903,1.6903,1.6903,1.6903,1.6903,1.6903
6.810000,1.6850,1.6850,1.6850,1.6850,1.6850,1.6850,1.6850,1.6850,1.6850,1.6850,1.6850,1.6850,1.6850,1.6850,1.6850
6.820000,1.6798,1.6798,1.6798,1.6798,1.6798,1.6798,1.6798,1.6798,1.6798,1.6798,1.6798,1.6798,1.6798,1.6798,1.6798
6.830000,1.6746,1.6746,1.6746,1.6746,1.6746,1.6746,1.6746,1.6746,1.6746,1.6746,1.6746,1.6746,1.6746,1.6746,1.6746
6.840000,1.6695,1.6695,1.6695,1.6695,1.6695,1.6695,1.6695,1.6695,1.6695,1.6695,1.6695,1.6695,1.6695,1.6695,1.6695
6.850000,1.6645,1.6645,1.6645,1.6645,1.6645,1.6645,1.6645,1.6645,1.6645,1.6645,1.6645,1.6645,1.6645,1.6645,1.6645
6.860000,1.6595,1.6595,1.6595,1.6595,1.6595,1.6595,1.6595,1.6595,1.6595,1.6595,1.6595,1.6595,1.6595,1.6595,1.6595
6.870000,1.6547,1.6547,1.6547,1.6547,1.6547,1.6547,1.6547,1.6547,1.6547,1.6547,1.6547,1.6547,1.6547,1.6547,1.6547
6.880000,1.6498,1.6498,1.6498,1.6498,1.6498,1.6498,1.6498,1.6498,1.6498,1.6498,1.6498,1.6498,1.6498,1.6498,1.6498
6.890000,1.6451,1.6451,1.6451,1.6451,1.6451,1.6451,1.6451,1.6451,1.6451,1.6451,1.6451,1.6451,1.6451,1.6451,1.6451
6.900000,1.6404,1.6404,1.6404,1.6404,1.6404,1.6404,1.6404,1.6404,1.6404,1.6404,1.6404,1.6404,1.6404,1.6404,1.6404
6.910000,1.6359,1.6359,1.6359,1.6359,1.6359,1.6359,1.6359,1.6359,1.6359,1.6359,1.6359,1.6359,1.6359,1.6359,1.6359
6.920000,1.6313,1.6313,1.6313,1.6313,1.6313,1.6313,1.6313,1.6313,1.6313,1.6313,1.6313,1.6313,1.6313,1.6313,1.6313
6.930000,1.6269,1.6269,1.6269,1.6269,1.6269,1.6269,1.6269,1.6269,1.6269,1.6269,1.6269,1.6269,1.6269,1.6269,1.6269
6.940000,1.6225,1.6225,1.6225,1.6225,1.6225,1.6225,1.6225,1.6225,1.6225,1.6225,1.6225,1.6225,1.6225,1.6225,1.6225
6.950000,1.6182,1.6182,1.6182,1.6182,1.6182,1.6182,1.6182,1.6182,1.6182,1.6182,1.6182,1.6182,1.6182,1.6182,1.6182
6.960000,1.6140,1.6140,1.6140,1.6140,1.6140,1.6140,1.6140,1.6140,1.6140,1.6140,1.6140,1.6140,1.6140,1.6140,1.6140
6.970000,1.6099,1.6099,1.6099,1.6099,1.6099,1.6099,1.6099,1.6099,1.6099,1.6099,1.6099,1.6099,1.6099,1.6099,1.6099
6.980000,1.6058,1.6058,1.6058,1.6058,1.6058,1.6058,1.6058,1.6058,1.6058,1.6058,1.6058,1.6058,1.6058,1.6058,1.6058
6.990000,1.6018,1.6018,1.6018,1.6018,1.6018,1.6018,1.6018,1.6018,1.6018,1.6018,1.6018,1.6018,1.6018,1.6018,1.6018
7.000000,1.5979,1.5979,1.5979,1.5979,1.5979,1.5979,1.5979,1.5979,1.5979,1.5979,1.5979,1.5979,1.5979,1.5979,1.5979
7.010000,1.5940,1.5940,1.5940,1.5940,1.5940,1.5940,1.5940,1.5940,1.5940,1.5940,1.5940,1.5940,1.5940,1.5940,1.5940
7.020000,1.5903,1.5903,1.5903,1.5903,1.5903,1.5903,1.5903,1.5903,1.5903,1.5903,1.5903,1.5903,1.5903,1.5903,1.5903
7.030000,1.5866,1.5866,1.5866,1.5866,1.5866,1.5866,1.5866,1.5866,1.5866,1.5866,1.5866,1.5866,1.5866,1.5866,1.5866
7.040000,1.5830,1.5830,1.5830,1.5830,1.5830,1.5830,1.5830,1.5830,1.5830,1.5830,1.5830,1.5830,1.5830,1.5830,1.5830
7.050000,1.5794,1.5794,1.5794,1.5794,1.5794,1.5794,1.5794,1.5794,1.5794,1.5794,1.5794,1.5794,1.5794,1.5794,1.5794
7.060000,1.5759,1.5759,1.5759,1.5759,1.5759,1.5759,1.5759,1.5759,1.5759,1.5759,1.5759,1.5759,1.5759,1.5759,1.5759
7.070000,1.5726,1.5726,1.5726,1.5726,1.5726,1.5726,1.5726,1.5726,1.5726,1.5726,1.5726,1.5726,1.5726,1.5726,1.5726
7.080000,1.5692,1.5692,1.5692,1.5692,1.5692,1.5692,1.5692,1.5692,1.5692,1.5692,1.5692,1.5692,1.5692,1.5692,1.5692
7.090000,1.5660,1.5660,1.5660,1.5660,1.5660,1.5660,1.5660,1.5660,1.5660,1.5660,1.5660,1.5660,1.5660,1.5660,1.5660
7.100000,1.5628,1.5628,1.5628,1.5628,1.5628,1.5628,1.5628,1.5628,1.5628,1.5628,1.5628,1.5628,1.5628,1.5628,1.5628
7.110000,1.5597,1.5597,1.5597,1.5597,1.5597,1.5597,1.5597,1.5597,1.5597,1.5597,1.5597,1.5597,1.5597,1.5597,1.5597
7.120000,1.5567,1.5567,1.5567,1.5567,1.5567,1.5567,1.5567,1.5567,1.5567,1.5567,1.5567,1.5567,1.5567,1.5567,1.5567
7.130000,1.5538,1.5538,1.5538,1.5538,1.5538,1.5538,1.5538,1.5538,1.5538,1.5538,1.5538,1.5538,1.5538,1.5538,1.5538
7.140000,1.5509,1.5509,1.5509,1.5509,1.5509,1.5509,1.5509,1.5509,1.5509,1.5509,1.5509,1.5509,1.5509,1.5509,1.5509
7.150000,1.5482,1.5482,1.5482,1.5482,1.5482,1.5482,1.5482,1.5482,1.5482,1.5482,1.5482,1.5482,1.5482,1.5482,1.5482
7.160000,1.5455,1.5455,1.5455,1.5455,1.5455,1.5455,1.5455,1.5455,1.5455,1.5455,1.5455,1.5455,1.5455,1.5455,1.5455
7.170000,1.5428,1.5428,1.5428,1.5428,1.5428,1.5428,1.5428,1.5428,1.5428,1.5428,1.5428,1.5428,1.5428,1.5428,1.5428
7.180000,1.5403,1.5403,1.5403,1.5403,1.5403,1.5403,1.5403,1.5403,1.5403,1.5403,1.5403,1.5403,1.5403,1.5403,1.5403
7.190000,1.5378,1.5378,1.5378,1.5378,1.5378,1.5378,1.5378,1.5378,1.5378,1.5378,1.5378,1.5378,1.5378,1.5378,1.5378
7.200000,1.5354,1.5354,1.5354,1.5354,1.5354,1.5354,1.5354,1.5354,1.5354,1.5354,1.5354,1.5354,1.5354,1.5354,1.5354
7.210000,1.5331,1.5331,1.5331,1.5331,1.5331,1.5331,1.5331,1.5331,1.5331,1.5331,1.5331,1.5331,1.5331,1.5331,1.5331
7.220000,1.5309,1.5309,1.5309,1.5309,1.5309,1.5309,1.5309,1.5309,1.5309,1.5309,1.5309,1.5309,1.5309,1.5309,1.5309
7.230000,1.5287,1.5287,1.5287,1.5287,1.5287,1.5287,1.5287,1.5287,1.5287,1.5287,1.5287,1.5287,1.5287,1.5287,1.5287
7.240000,1.5266,1.5266,1.5266,1.5266,1.5266,1.5266,1.5266,1.5266,1.5266,1.5266,1.5266,1.5266,1.5266,1.5266,1.5266
7.250000,1.5246,1.5246,1.5246,1.5246,1.5246,1.5246,1.5246,1.5246,1.5246,1.5246,1.5246,1.5246,1.5246,1.5246,1.5246
7.260000,1.5227,1.5227,1.5227,1.5227,1.5227,1.5227,1.5227,1.5227,1.5227,1.5227,1.5227,1.5227,1.5227,1.5227,1.5227
7.270000,1.5208,1.5208,1.5208,1.5208,1.5208,1.5208,1.5208,1.5208,1.5208,1.5208,1.5208,1.5208,1.5208,1.5208,1.5208
7.280000,1.5191,1.5191,1.5191,1.5191,1.5191,1.5191,1.5191,1.5191,1.5191,1.5191,1.5191,1.5191,1.5191,1.5191,1.5191
7.290000,1.5174,1.5174,1.5174,1.5174,1.5174,1.5174,1.5174,1.5174,1.5174,1.5174,1.5174,1.5174,1.5174,1.5174,1.5174
7.300000,1.5158,1.5158,1.5158,1.5158,1.5158,1.5158,1.5158,1.5158,1.5158,1.5158,1.5158,1.5158,1.5158,1.5158,1.5158
7.310000,1.5142,1.5142,1.5142,1.5142,1.5142,1.5142,1.5142,1.5142,1.5142,1.5142,1.5142,1.5142,1.5142,1.5142,1.5142
7.320000,1.5128,1.5128,1.5128,1.5128,1.5128,1.5128,1.5128,1.5128,1.5128,1.5128,1.5128,1.5128,1.5128,1.5128,1.5128
7.330000,1.5114,1.5114,1.5114,1.5114,1.5114,1.5114,1.5114,1.5114,1.5114,1.5114,1.5114,1.5114,1.5114,1.5114,1.5114
7.340000,1.5101,1.5101,1.5101,1.5101,1.5101,1.5101,1.5101,1.5101,1.5101,1.5101,1.5101,1.5101,1.5101,1.5101,1.5101
7.350000,1.5089,1.5089,1.5089,1.5089,1.5089,1.5089,1.5089,1.5089,1.5089,1.5089,1.5089,1.5089,1.5089,1.5089,1.5089
7.360000,1.5077,1.5077,1.5077,1.5077,1.5077,1.5077,1.5077,1.5077,1.5077,1.5077,1.5077,1.5077,1.5077,1.5077,1.5077
7.370000,1.5067,1.5067,1.5067,1.5067,1.5067,1.5067,1.5067,1.5067,1.5067,1.5067,1.5067,1.5067,1.5067,1.5067,1.5067
7.380000,1.5057,1.5057,1.5057,1.5057,1.5057,1.5057,1.5057,1.5057,1.5057,1.5057,1.5057,1.5057,1.5057,1.5057,1.5057
7.390000,1.5048,1.5048,1.5048,1.5048,1.5048,1.5048,1.5048,1.5048,1.5048,1.5048,1.5048,1.5048,1.5048,1.5048,1.5048
7.400000,1.5039,1.5039,1.5039,1.5039,1.5039,1.5039,1.5039,1.5039,1.5039,1.5039,1.5039,1.5039,1.5039,1.5039,1.5039
7.410000,1.5032,1.5032,1.5032,1.5032,1.5032,1.5032,1.5032,1.5032,1.5032,1.5032,1.5032,1.5032,1.5032,1.5032,1.5032
7.420000,1.5025,1.5025,1.5025,1.5025,1.5025,1.5025,1.5025,1.5025,1.5025,1.5025,1.5025,1.5025,1.5025,1.5025,1.5025
7.430000,1.5019,1.5019,1.5019,1.5019,1.5019,1.5019,1.5019,1.5019,1.5019,1.5019,1.5019,1.5019,1.5019,1.5019,1.5019
7.440000,1.5014,1.5014,1.5014,1.5014,1.5014,1.5014,1.5014,1.5014,1.5014,1.5014,1.5014,1.5014,1.5014,1.5014,1.5014
7.450000,1.5010,1.5010,1.5010,1.5010,1.5010,1.5010,1.5010,1.5010,1.5010,1.5010,1.5010,1.5010,1.5010,1.5010,1.5010
7.460000,1.5006,1.5006,1.5006,1.5006,1.5006,1.5006,1.5006,1.5006,1.5006,1.5006,1.5006,1.5006,1.5006,1.5006,1.5006
7.470000,1.5004,1.5004,1.5004,1.5004,1.5004,1.5004,1.5004,1.5004,1.5004,1.5004,1.5004,1.5004,1.5004,1.5004,1.5004
7.480000,1.5002,1.5002,1.5002,1.5002,1.5002,1.5002,1.5002,1.5002,1.5002,1.5002,1.5002,1.5002,1.5002,1.5002,1.5002
7.490000,1.5000,1.5000,1.5000,1.5000,1.5000,1.5000,1.5000,1.5000,1.5000,1.5000,1.5000,1.5000,1.5000,1.5000,1.5000
7.500000,1.5000,1.5000,1.5000,1.5000,1.5000,1.5000,1.5000,1.5000,1.5000,1.5000,1.5000,1.5000,1.5000,1.5000,1.5000
7.510000,1.5000,1.5000,1.5000,1.5000,1.5000,1.5000,1.5000,1.5000,1.5000,1.5000,1.5000,1.5000,1.5000,1.5000,1.5000
7.520000,1.5002,1.5002,1.5002,1.5002,1.5002,1.5002,1.5002,1.5002,1.5002,1.5002,1.5002,1.5002,1.5002,1.5002,1.5002
7.530000,1.5004,1.5004,1.5004,1.5004,1.5004,1.5004,1.5004,1.5004,1.5004,1.5004,1.5004,1.5004,1.5004,1.5004,1.5004
7.540000,1.5006,1.5006,1.5006,1.5006,1.5006,1.5006,1.5006,1.5006,1.5006,1.5006,1.5006,1.5006,1.5006,1.5006,1.5006
7.550000,1.5010,1.5010,1.5010,1.5010,1.5010,1.5010,1.5010,1.5010,1.5010,1.5010,1.5010,1.5010,1.5010,1.5010,1.5010
7.560000,1.5014,1.5014,1.5014,1.5014,1.5014,1.5014,1.5014,1.5014,1.5014,1.5014,1.5014,1.5014,1.5014,1.5014,1.5014
7.570000,1.5019,1.5019,1.5019,1.5019,1.5019,1.5019,1.5019,1.5019,1.5019,1.5019,1.5019,1.5019,1.5019,1.5019,1.5019
7.580000,1.5025,1.5025,1.5025,1.5025,1.5025,1.5025,1.5025,1.5025,1.5025,1.5025,1.5025,1.5025,1.5025,1.5025,1.5025
7.590000,1.5032,1.5032,1.5032,1.5032,1.5032,1.5032,1.5032,1.5032,1.5032,1.5032,1.5032,1.5032,1.5032,1.5032,1.5032
7.600000,1.5039,1.5039,1.5039,1.5039,1.5039,1.5039,1.5039,1.5039,1.5039,1.5039,1.5039,1.5039,1.5039,1.5039,1.5039
7.610000,1.5048,1.5048,1.5048,1.5048,1.5048,1.5048,1.5048,1.5048,1.5048,1.5048,1.5048,1.5048,1.5048,1.5048,1.5048
7.620000,1.5057,1.5057,1.5057,1.5057,1.5057,1.5057,1.5057,1.5057,1.5057,1.5057,1.5057,1.5057,1.5057,1.5057,1.5057
7.630000,1.5067,1.5067,1.5067,1.5067,1.5067,1.5067,1.5067,1.5067,1.5067,1.5067,1.5067,1.5067,1.5067,1.5067,1.5067
7.640000,1.5077,1.5077,1.5077,1.5077,1.5077,1.5077,1.5077,1.5077,1.5077,1.5077,1.5077,1.5077,1.5077,1.5077,1.5077
7.650000,1.5089,1.5089,1.5089,1.5089,1.5089,1.5089,1.5089,1.5089,1.5089,1.5089,1.5089,1.5089,1.5089,1.5089,1.5089
7.660000,1.5101,1.5101,1.5101,1.5101,1.5101,1.5101,1.5101,1.5101,1.5101,1.5101,1.5101,1.5101,1.5101,1.5101,1.5101
7.670000,1.5114,1.5114,1.5114,1.5114,1.5114,1.5114,1.5114,1.5114,1.5114,1.5114,1.5114,1.5114,1.5114,1.5114,1.5114
7.680000,1.5128,1.5128,1.5128,1.5128,1.5128,1.5128,1.5128,1.5128,1.5128,1.5128,1.5128,1.5128,1.5128,1.5128,1.5128
7.690000,1.5142,1.5142,1.5142,1.5142,1.5142,1.5142,1.5142,1.5142,1.5142,1.5142,1.5142,1.5142,1.5142,1.5142,1.5142
7.700000,1.5158,1.5158,1.5158,1.5158,1.5158,1.5158,1.5158,1.5158,1.5158,1.5158,1.5158,1.5158,1.5158,1.5158,1.5158
7.710000,1.5174,1.5174,1.5174,1.5174,1.5174,1.5174,1.5174,1.5174,1.5174,1.5174,1.5174,1.5174,1.5174,1.5174,1.5174
7.720000,1.5191,1.5191,1.5191,1.5191,1.5191,1.5191,1.5191,1.5191,1.5191,1.5191,1.5191,1.5191,1.5191,1.5191,1.5191
7.730000,1.5208,1.5208,1.5208,1.5208,1.5208,1.5208,1.5208,1.5208,1.5208,1.5208,1.5208,1.5208,1.5208,1.5208,1.5208
7.740000,1.5227,1.5227,1.5227,1.5227,1.5227,1.5227,1.5227,1.5227,1.5227,1.5227,1.5227,1.5227,1.5227,1.5227,1.5227
7.750000,1.5246,1.5246,1.5246,1.5246,1.5246,1.5246,1.5246,1.5246,1.5246,1.5246,1.5246,1.5246,1.5246,1.5246,1.5246
7.760000,1.5266,1.5266,1.5266,1.5266,1.5266,1.5266,1.5266,1.5266,1.5266,1.5266,1.5266,1.5266,1.5266,1.5266,1.5266
7.770000,1.5287,1.5287,1.5287,1.5287,1.5287,1.5287,1.5287,1.5287,1.5287,1.5287,1.5287,1.5287,1.5287,1.5287,1.5287
7.780000,1.5309,1.5309,1.5309,1.5309,1.5309,1.5309,1.5309,1.5309,1.5309,1.5309,1.5309,1.5309,1.5309,1.5309,1.5309
7.790000,1.5331,1.5331,1.5331,1.5331,1.5331,1.5331,1.5331,1.5331,1.5331,1.5331,1.5331,1.5331,1.5331,1.5331,1.5331
7.800000,1.5354,1.5354,1.5354,1.5354,1.5354,1.5354,1.5354,1.5354,1.5354,1.5354,1.5354,1.5354,1.5354,1.5354,1.5354
7.810000,1.5378,1.5378,1.5378,1.5378,1.5378,1.5378,1.5378,1.5378,1.5378,1.5378,1.5378,1.5378,1.5378,1.5378,1.5378
7.820000,1.5403,1.5403,1.5403,1.5403,1.5403,1.5403,1.5403,1.5403,1.5403,1.5403,1.5403,1.5403,1.5403,1.5403,1.5403
7.830000,1.5428,1.5428,1.5428,1.5428,1.5428,1.5428,1.5428,1.5428,1.5428,1.5428,1.5428,1.5428,1.5428,1.5428,1.5428
7.840000,1.5455,1.5455,1.5455,1.5455,1.5455,1.5455,1.5455,1.5455,1.5455,1.5455,1.5455,1.5455,1.5455,1.5455,1.5455
7.850000,1.5482,1.5482,1.5482,1.5482,1.5482,1.5482,1.5482,1.5482,1.5482,1.5482,1.5482,1.5482,1.5482,1.5482,1.5482
7.860000,1.5509,1.5509,1.5509,1.5509,1.5509,1.5509,1.5509,1.5509,1.5509,1.5509,1.5509,1.5509,1.5509,1.5509,1.5509
7.870000,1.5538,1.5538,1.5538,1.5538,1.5538,1.5538,1.5538,1.5538,1.5538,1.5538,1.5538,1.5538,1.5538,1.5538,1.5538
7.880000,1.5567,1.5567,1.5567,1.5567,1.5567,1.5567,1.5567,1.5567,1.5567,1.5567,1.5567,1.5567,1.5567,1.5567,1.5567
7.890000,1.5597,1.5597,1.5597,1.5597,1.5597,1.5597,1.5597,1.5597,1.5597,1.5597,1.5597,1.5597,1.5597,1.5597,1.5597
7.900000,1.5628,1.5628,1.5628,1.5628,1.5628,1.5628,1.5628,1.5628,1.5628,1.5628,1.5628,1.5628,1.5628,1.5628,1.5628
7.910000,1.5660,1.5660,1.5660,1.5660,1.5660,1.5660,1.5660,1.5660,1.5660,1.5660,1.5660,1.5660,1.5660,1.5660,1.5660
7.920000,1.5692,1.5692,1.5692,1.5692,1.5692,1.5692,1.5692,1.5692,1.5692,1.5692,1.5692,1.5692,1.5692,1.5692,1.5692
7.930000,1.5726,1.5726,1.5726,1.5726,1.5726,1.5726,1.5726,1.5726,1.5726,1.5726,1.5726,1.5726,1.5726,1.5726,1.5726
7.940000,1.5759,1.5759,1.5759,1.5759,1.5759,1.5759,1.5759,1.5759,1.5759,1.5759,1.5759,1.5759,1.5759,1.5759,1.5759
7.950000,1.5794,1.5794,1.5794,1.5794,1.5794,1.5794,1.5794,1.5794,1.5794,1.5794,1.5794,1.5794,1.5794,1.5794,1.5794
7.960000,1.5830,1.5830,1.5830,1.5830,1.5830,1.5830,1.5830,1.5830,1.5830,1.5830,1.5830,1.5830,1.5830,1.5830,1.5830
7.970000,1.5866,1.5866,1.5866,1.5866,1.5866,1.5866,1.5866,1.5866,1.5866,1.5866,1.5866,1.5866,1.5866,1.5866,1.5866
7.980000,1.5903,1.5903,1.5903,1.5903,1.5903,1.5903,1.5903,1.5903,1.5903,1.5903,1.5903,1.5903,1.5903,1.5903,1.5903
7.990000,1.5940,1.5940,1.5940,1.5940,1.5940,1.5940,1.5940,1.5940,1.5940,1.5940,1.5940,1.5940,1.5940,1.5940,1.5940
8.000000,1.5979,1.5979,1.5979,1.5979,1.5979,1.5979,1.5979,1.5979,1.5979,1.5979,1.5979,1.5979,1.5979,1.5979,1.5979
8.010000,1.6018,1.6018,1.6018,1.6018,1.6018,1.6018,1.6018,1.6018,1.6018,1.6018,1.6018,1.6018,1.6018,1.6018,1.6018
8.020000,1.6058,1.6058,1.6058,1.6058,1.6058,1.6058,1.6058,1.6058,1.6058,1.6058,1.6058,1.6058,1.6058,1.6058,1.6058
8.030000,1.6099,1.6099,1.6099,1.6099,1.6099,1.6099,1.6099,1.6099,1.6099,1.6099,1.6099,1.6099,1.6099,1.6099,1.6099
8.040000,1.6140,1.6140,1.6140,1.6140,1.6140,1.6140,1.6140,1.6140,1.6140,1.6140,1.6140,1.6140,1.6140,1.6140,1.6140
8.050000,1.6182,1.6182,1.6182,1.6182,1.6182,1.6182,1.6182,1.6182,1.6182,1.6182,1.6182,1.6182,1.6182,1.6182,1.6182
8.060000,1.6225,1.6225,1.6225,1.6225,1.6225,1.6225,1.6225,1.6225,1.6225,1.6225,1.6225,1.6225,1.6225,1.6225,1.6225
8.070000,1.6269,1.6269,1.6269,1.6269,1.6269,1.6269,1.6269,1.6269,1.6269,1.6269,1.6269,1.6269,1.6269,1.6269,1.6269
8.080000,1.6313,1.6313,1.6313,1.6313,1.6313,1.6313,1.6313,1.6313,1.6313,1.6313,1.6313,1.6313,1.6313,1.6313,1.6313
8.090000,1.6359,1.6359,1.6359,1.6359,1.6359,1.6359,1.6359,1.6359,1.6359,1.6359,1.6359,1.6359,1.6359,1.6359,1.6359
8.100000,1.6404,1.6404,1.6404,1.6404,1.6404,1.6404,1.6404,1.6404,1.6404,1.6404,1.6404,1.6404,1.6404,1.6404,1.6404
8.110000,1.6451,1.6451,1.6451,1.6451,1.6451,1.6451,1.6451,1.6451,1.6451,1.6451,1.6451,1.6451,1.6451,1.6451,1.6451
8.120000,1.6498,1.6498,1.6498,1.6498,1.6498,1.6498,1.6498,1.6498,1.6498,1.6498,1.6498,1.6498,1.6498,1.6498,1.6498
8.130000,1.6547,1.6547,1.6547,1.6547,1.6547,1.6547,1.6547,1.6547,1.6547,1.6547,1.6547,1.6547,1.6547,1.6547,1.6547
8.140000,1.6595,1.6595,1.6595,1.6595,1.6595,1.6595,1.6595,1.6595,1.6595,1.6595,1.6595,1.6595,1.6595,1.6595,1.6595
8.150000,1.6645,1.6645,1.6645,1.6645,1.6645,1.6645,1.6645,1.6645,1.6645,1.6645,1.6645,1.6645,1.6645,1.6645,1.6645
8.160000,1.6695,1.6695,1.6695,1.6695,1.6695,1.6695,1.6695,1.6695,1.6695,1.6695,1.6695,1.6695,1.6695,1.6695,1.6695
8.170000,1.6746,1.6746,1.6746,1.6746,1.6746,1.6746,1.6746,1.6746,1.6746,1.6746,1.6746,1.6746,1.6746,1.6746,1.6746
8.180000,1.6798,1.6798,1.6798,1.6798,1.6798,1.6798,1.6798,1.6798,1.6798,1.6798,1.6798,1.6798,1.6798,1.6798,1.6798
8.190000,1.6850,1.6850,1.6850,1.6850,1.6850,1.6850,1.6850,1.6850,1.6850,1.6850,1.6850,1.6850,1.6850,1.6850,1.6850
8.200000,1.6903,1.6903,1.6903,1.6903,1.6903,1.6903,1.6903,1.6903,1.6903,1.6903,1.6903,1.6903,1.6903,1.6903,1.6903
8.210000,1.6957,1.6957,1.6957,1.6957,1.6957,1.6957,1.6957,1.6957,1.6957,1.6957,1.6957,1.6957,1.6957,1.6957,1.6957
8.220000,1.7012,1.7012,1.7012,1.7012,1.7012,1.7012,1.7012,1.7012,1.7012,1.7012,1.7012,1.7012,1.7012,1.7012,1.7012
8.230000,1.7067,1.7067,1.7067,1.7067,1.7067,1.7067,1.7067,1.7067,1.7067,1.7067,1.7067,1.7067,1.7067,1.7067,1.7067
8.240000,1.7123,1.7123,1.7123,1.7123,1.7123,1.7123,1.7123,1.7123,1.7123,1.7123,1.7123,1.7123,1.7123,1.7123,1.7123
8.250000,1.7180,1.7180,1.7180,1.7180,1.7180,1.7180,1.7180,1.7180,1.7180,1.7180,1.7180,1.7180,1.7180,1.7180,1.7180
8.260000,1.7237,1.7237,1.7237,1.7237,1.7237,1.7237,1.7237,1.7237,1.7237,1.7237,1.7237,1.7237,1.7237,1.7237,1.7237
8.270000,1.7295,1.7295,1.7295,1.7295,1.7295,1.7295,1.7295,1.7295,1.7295,1.7295,1.7295,1.7295,1.7295,1.7295,1.7295
8.280000,1.7354,1.7354,1.7354,1.7354,1.7354,1.7354,1.7354,1.7354,1.7354,1.7354,1.7354,1.7354,1.7354,1.7354,1.7354
8.290000,1.7414,1.7414,1.7414,1.7414,1.7414,1.7414,1.7414,1.7414,1.7414,1.7414,1.7414,1.7414,1.7414,1.7414,1.7414
8.300000,1.7474,1.7474,1.7474,1.7474,1.7474,1.7474,1.7474,1.7474,1.7474,1.7474,1.7474,1.7474,1.7474,1.7474,1.7474
8.310000,1.7535,1.7535,1.7535,1.7535,1.7535,1.7535,1.7535,1.7535,1.7535,1.7535,1.7535,1.7535,1.7535,1.7535,1.7535
8.320000,1.7596,1.7596,1.7596,1.7596,1.7596,1.7596,1.7596,1.7596,1.7596,1.7596,1.7596,1.7596,1.7596,1.7596,1.7596
8.330000,1.7659,1.7659,1.7659,1.7659,1.7659,1.7659,1.7659,1.7659,1.7659,1.7659,1.7659,1.7659,1.7659,1.7659,1.7659
8.340000,1.7722,1.7722,1.7722,1.7722,1.7722,1.7722,1.7722,1.7722,1.7722,1.7722,1.7722,1.7722,1.7722,1.7722,1.7722
8.350000,1.7785,1.7785,1.7785,1.7785,1.7785,1.7785,1.7785,1.7785,1.7785,1.7785,1.7785,1.7785,1.7785,1.7785,1.7785
8.360000,1.7849,1.7849,1.7849,1.7849,1.7849,1.7849,1.7849,1.7849,1.7849,1.7849,1.7849,1.7849,1.7849,1.7849,1.7849
8.370000,1.7914,1.7914,1.7914,1.7914,1.7914,1.7914,1.7914,1.7914,1.7914,1.7914,1.7914,1.7914,1.7914,1.7914,1.7914
8.380000,1.7980,1.7980,1.7980,1.7980,1.7980,1.7980,1.7980,1.7980,1.7980,1.7980,1.7980,1.7980,1.7980,1.7980,1.7980
8.390000,1.8046,1.8046,1.8046,1.8046,1.8046,1.8046,1.8046,1.8046,1.8046,1.8046,1.8046,1.8046,1.8046,1.8046,1.8046
8.400000,1.8113,1.8113,1.8113,1.8113,1.8113,1.8113,1.8113,1.8113,1.8113,1.8113,1.8113,1.8113,1.8113,1.8113,1.8113
8.410000,1.8181,1.8181,1.8181,1.8181,1.8181,1.8181,1.8181,1.8181,1.8181,1.8181,1.8181,1.8181,1.8181,1.8181,1.8181
8.420000,1.8249,1.8249,1.8249,1.8249,1.8249,1.8249,1.8249,1.8249,1.8249,1.8249,1.8249,1.8249,1.8249,1.8249,1.8249
8.430000,1.8318,1.8318,1.8318,1.8318,1.8318,1.8318,1.8318,1.8318,1.8318,1.8318,1.8318,1.8318,1.8318,1.8318,1.8318
8.440000,1.8388,1.8388,1.8388,1.8388,1.8388,1.8388,1.8388,1.8388,1.8388,1.8388,1.8388,1.8388,1.8388,1.8388,1.8388
8.450000,1.8458,1.8458,1.8458,1.8458,1.8458,1.8458,1.8458,1.8458,1.8458,1.8458,1.8458,1.8458,1.8458,1.8458,1.8458
8.460000,1.8529,1.8529,1.8529,1.8529,1.8529,1.8529,1.8529,1.8529,1.8529,1.8529,1.8529,1.8529,1.8529,1.8529,1.8529
8.470000,1.8601,1.8601,1.8601,1.8601,1.8601,1.8601,1.8601,1.8601,1.8601,1.8601,1.8601,1.8601,1.8601,1.8601,1.8601
8.480000,1.8673,1.8673,1.8673,1.8673,1.8673,1.8673,1.8673,1.8673,1.8673,1.8673,1.8673,1.8673,1.8673,1.8673,1.8673
8.490000,1.8746,1.8746,1.8746,1.8746,1.8746,1.8746,1.8746,1.8746,1.8746,1.8746,1.8746,1.8746,1.8746,1.8746,1.8746
8.500000,1.8820,1.8820,1.8820,1.8820,1.8820,1.8820,1.8820,1.8820,1.8820,1.8820,1.8820,1.8820,1.8820,1.8820,1.8820
8.510000,1.8894,1.8894,1.8894,1.8894,1.8894,1.8894,1.8894,1.8894,1.8894,1.8894,1.8894,1.8894,1.8894,1.8894,1.8894
8.520000,1.8969,1.8969,1.8969,1.8969,1.8969,1.8969,1.8969,1.8969,1.8969,1.8969,1.8969,1.8969,1.8969,1.8969,1.8969
8.530000,1.9044,1.9044,1.9044,1.9044,1.9044,1.9044,1.9044,1.9044,1.9044,1.9044,1.9044,1.9044,1.9044,1.9044,1.9044
8.540000,1.9120,1.9120,1.9120,1.9120,1.9120,1.9120,1.9120,1.9120,1.9120,1.9120,1.9120,1.9120,1.9120,1.9120,1.9120
8.550000,1.9197,1.9197,1.9197,1.9197,1.9197,1.9197,1.9197,1.9197,1.9197,1.9197,1.9197,1.9197,1.9197,1.9197,1.9197
8.560000,1.9274,1.9274,1.9274,1.9274,1.9274,1.9274,1.9274,1.9274,1.9274,1.9274,1.9274,1.9274,1.9274,1.9274,1.9274
8.570000,1.9352,1.9352,1.9352,1.9352,1.9352,1.9352,1.9352,1.9352,1.9352,1.9352,1.9352,1.9352,1.9352,1.9352,1.9352
8.580000,1.9431,1.9431,1.9431,1.9431,1.9431,1.9431,1.9431,1.9431,1.9431,1.9431,1.9431,1.9431,1.9431,1.9431,1.9431
8.590000,1.9510,1.9510,1.9510,1.9510,1.9510,1.9510,1.9510,1.9510,1.9510,1.9510,1.9510,1.9510,1.9510,1.9510,1.9510
8.600000,1.9590,1.9590,1.9590,1.9590,1.9590,1.9590,1.9590,1.9590,1.9590,1.9590,1.9590,1.9590,1.9590,1.9590,1.9590
8.610000,1.9670,1.9670,1.9670,1.9670,1.9670,1.9670,1.9670,1.9670,1.9670,1.9670,1.9670,1.9670,1.9670,1.9670,1.9670
8.620000,1.9751,1.9751,1.9751,1.9751,1.9751,1.9751,1.9751,1.9751,1.9751,1.9751,1.9751,1.9751,1.9751,1.9751,1.9751
8.630000,1.9833,1.9833,1.9833,1.9833,1.9833,1.9833,1.9833,1.9833,1.9833,1.9833,1.9833,1.9833,1.9833,1.9833,1.9833
8.640000,1.9915,1.9915,1.9915,1.9915,1.9915,1.9915,1.9915,1.9915,1.9915,1.9915,1.9915,1.9915,1.9915,1.9915,1.9915
8.650000,1.9998,1.9998,1.9998,1.9998,1.9998,1.9998,1.9998,1.9998,1.9998,1.9998,1.9998,1.9998,1.9998,1.9998,1.9998
8.660000,2.0081,2.0081,2.0081,2.0081,2.0081,2.0081,2.0081,2.0081,2.0081,2.0081,2.0081,2.0081,2.0081,2.0081,2.0081
8.670000,2.0165,2.0165,2.0165,2.0165,2.0165,2.0165,2.0165,2.0165,2.0165,2.0165,2.0165,2.0165,2.0165,2.0165,2.0165
8.680000,2.0250,2.0250,2.0250,2.0250,2.0250,2.0250,2.0250,2.0250,2.0250,2.0250,2.0250,2.0250,2.0250,2.0250,2.0250
8.690000,2.0335,2.0335,2.0335,2.0335,2.0335,2.0335,2.0335,2.0335,2.0335,2.0335,2.0335,2.0335,2.0335,2.0335,2.0335
8.700000,2.0421,2.0421,2.0421,2.0421,2.0421,2.0421,2.0421,2.0421,2.0421,2.0421,2.0421,2.0421,2.0421,2.0421,2.0421
8.710000,2.0507,2.0507,2.0507,2.0507,2.0507,2.0507,2.0507,2.0507,2.0507,2.0507,2.0507,2.0507,2.0507,2.0507,2.0507
8.720000,2.0594,2.0594,2.0594,2.0594,2.0594,2.0594,2.0594,2.0594,2.0594,2.0594,2.0594,2.0594,2.0594,2.0594,2.0594
8.730000,2.0681,2.0681,2.0681,2.0681,2.0681,2.0681,2.0681,2.0681,2.0681,2.0681,2.0681,2.0681,2.0681,2.0681,2.0681
8.740000,2.0769,2.0769,2.0769,2.0769,2.0769,2.0769,2.0769,2.0769,2.0769,2.0769,2.0769,2.0769,2.0769,2.0769,2.0769
8.750000,2.0858,2.0858,2.0858,2.0858,2.0858,2.0858,2.0858,2.0858,2.0858,2.0858,2.0858,2.0858,2.0858,2.0858,2.0858
8.760000,2.0947,2.0947,2.0947,2.0947,2.0947,2.0947,2.0947,2.0947,2.0947,2.0947,2.0947,2.0947,2.0947,2.0947,2.0947
8.770000,2.1037,2.1037,2.1037,2.1037,2.1037,2.1037,2.1037,2.1037,2.1037,2.1037,2.1037,2.1037,2.1037,2.1037,2.1037
8.780000,2.1127,2.1127,2.1127,2.1127,2.1127,2.1127,2.1127,2.1127,2.1127,2.1127,2.1127,2.1127,2.1127,2.1127,2.1127
8.790000,2.1218,2.1218,2.1218,2.1218,2.1218,2.1218,2.1218,2.1218,2.1218,2.1218,2.1218,2.1218,2.1218,2.1218,2.1218
8.800000,2.1309,2.1309,2.1309,2.1309,2.1309,2.1309,2.1309,2.1309,2.1309,2.1309,2.1309,2.1309,2.1309,2.1309,2.1309
8.810000,2.1401,2.1401,2.1401,2.1401,2.1401,2.1401,2.1401,2.1401,2.1401,2.1401,2.1401,2.1401,2.1401,2.1401,2.1401
8.820000,2.1493,2.1493,2.1493,2.1493,2.1493,2.1493,2.1493,2.1493,2.1493,2.1493,2.1493,2.1493,2.1493,2.1493,2.1493
8.830000,2.1586,2.1586,2.1586,2.1586,2.1586,2.1586,2.1586,2.1586,2.1586,2.1586,2.1586,2.1586,2.1586,2.1586,2.1586
8.840000,2.1680,2.1680,2.1680,2.1680,2.1680,2.1680,2.1680,2.1680,2.1680,2.1680,2.1680,2.1680,2.1680,2.1680,2.1680
8.850000,2.1774,2.1774,2.1774,2.1774,2.1774,2.1774,2.1774,2.1774,2.1774,2.1774,2.1774,2.1774,2.1774,2.1774,2.1774
8.860000,2.1868,2.1868,2.1868,2.1868,2.1868,2.1868,2.1868,2.1868,2.1868,2.1868,2.1868,2.1868,2.1868,2.1868,2.1868
8.870000,2.1963,2.1963,2.1963,2.1963,2.1963,2.1963,2.1963,2.1963,2.1963,2.1963,2.1963,2.1963,2.1963,2.1963,2.1963
8.880000,2.2059,2.2059,2.2059,2.2059,2.2059,2.2059,2.2059,2.2059,2.2059,2.2059,2.2059,2.2059,2.2059,2.2059,2.2059
8.890000,2.2155,2.2155,2.2155,2.2155,2.2155,2.2155,2.2155,2.2155,2.2155,2.2155,2.2155,2.2155,2.2155,2.2155,2.2155
8.900000,2.2252,2.2252,2.2252,2.2252,2.2252,2.2252,2.2252,2.2252,2.2252,2.2252,2.2252,2.2252,2.2252,2.2252,2.2252
8.910000,2.2349,2.2349,2.2349,2.2349,2.2349,2.2349,2.2349,2.2349,2.2349,2.2349,2.2349,2.2349,2.2349,2.2349,2.2349
8.920000,2.2446,2.2446,2.2446,2.2446,2.2446,2.2446,2.2446,2.2446,2.2446,2.2446,2.2446,2.2446,2.2446,2.2446,2.2446
8.930000,2.2544,2.2544,2.2544,2.2544,2.2544,2.2544,2.2544,2.2544,2.2544,2.2544,2.2544,2.2544,2.2544,2.2544,2.2544
8.940000,2.2643,2.2643,2.2643,2.2643,2.2643,2.2643,2.2643,2.2643,2.2643,2.2643,2.2643,2.2643,2.2643,2.2643,2.2643
8.950000,2.2742,2.2742,2.2742,2.2742,2.2742,2.2742,2.2742,2.2742,2.2742,2.2742,2.2742,2.2742,2.2742,2.2742,2.2742
8.960000,2.2841,2.2841,2.2841,2.2841,2.2841,2.2841,2.2841,2.2841,2.2841,2.2841,2.2841,2.2841,2.2841,2.2841,2.2841
8.970000,2.2941,2.2941,2.2941,2.2941,2.2941,2.2941,2.2941,2.2941,2.2941,2.2941,2.2941,2.2941,2.2941,2.2941,2.2941
8.980000,2.3042,2.3042,2.3042,2.3042,2.3042,2.3042,2.3042,2.3042,2.3042,2.3042,2.3042,2.3042,2.3042,2.3042,2.3042
8.990000,2.3143,2.3143,2.3143,2.3143,2.3143,2.3143,2.3143,2.3143,2.3143,2.3143,2.3143,2.3143,2.3143,2.3143,2.3143
9.000000,2.3244,2.3244,2.3244,2.3244,2.3244,2.3244,2.3244,2.3244,2.3244,2.3244,2.3244,2.3244,2.3244,2.3244,2.3244
9.010000,2.3346,2.3346,2.3346,2.3346,2.3346,2.3346,2.3346,2.3346,2.3346,2.3346,2.3346,2.3346,2.3346,2.3346,2.3346
9.020000,2.3449,2.3449,2.3449,2.3449,2.3449,2.3449,2.3449,2.3449,2.3449,2.3449,2.3449,2.3449,2.3449,2.3449,2.3449
9.030000,2.3551,2.3551,2.3551,2.3551,2.3551,2.3551,2.3551,2.3551,2.3551,2.3551,2.3551,2.3551,2.3551,2.3551,2.3551
9.040000,2.3655,2.3655,2.3655,2.3655,2.3655,2.3655,2.3655,2.3655,2.3655,2.3655,2.3655,2.3655,2.3655,2.3655,2.3655
9.050000,2.3758,2.3758,2.3758,2.3758,2.3758,2.3758,2.3758,2.3758,2.3758,2.3758,2.3758,2.3758,2.3758,2.3758,2.3758
9.060000,2.3862,2.3862,2.3862,2.3862,2.3862,2.3862,2.3862,2.3862,2.3862,2.3862,2.3862,2.3862,2.3862,2.3862,2.3862
9.070000,2.3967,2.3967,2.3967,2.3967,2.3967,2.3967,2.3967,2.3967,2.3967,2.3967,2.3967,2.3967,2.3967,2.3967,2.3967
9.080000,2.4072,2.4072,2.4072,2.4072,2.4072,2.4072,2.4072,2.4072,2.4072,2.4072,2.4072,2.4072,2.4072,2.4072,2.4072
9.090000,2.4178,2.4178,2.4178,2.4178,2.4178,2.4178,2.4178,2.4178,2.4178,2.4178,2.4178,2.4178,2.4178,2.4178,2.4178
9.100000,2.4283,2.4283,2.4283,2.4283,2.4283,2.4283,2.4283,2.4283,2.4283,2.4283,2.4283,2.4283,2.4283,2.4283,2.4283
9.110000,2.4390,2.4390,2.4390,2.4390,2.4390,2.4390,2.4390,2.4390,2.4390,2.4390,2.4390,2.4390,2.4390,2.4390,2.4390
9.120000,2.4497,2.4497,2.4497,2.4497,2.4497,2.4497,2.4497,2.4497,2.4497,2.4497,2.4497,2.4497,2.4497,2.4497,2.4497
9.130000,2.4604,2.4604,2.4604,2.4604,2.4604,2.4604,2.4604,2.4604,2.4604,2.4604,2.4604,2.4604,2.4604,2.4604,2.4604
9.140000,2.4711,2.4711,2.4711,2.4711,2.4711,2.4711,2.4711,2.4711,2.4711,2.4711,2.4711,2.4711,2.4711,2.4711,2.4711
9.150000,2.4819,2.4819,2.4819,2.4819,2.4819,2.4819,2.4819,2.4819,2.4819,2.4819,2.4819,2.4819,2.4819,2.4819,2.4819
9.160000,2.4928,2.4928,2.4928,2.4928,2.4928,2.4928,2.4928,2.4928,2.4928,2.4928,2.4928,2.4928,2.4928,2.4928,2.4928
9.170000,2.5036,2.5036,2.5036,2.5036,2.5036,2.5036,2.5036,2.5036,2.5036,2.5036,2.5036,2.5036,2.5036,2.5036,2.5036
9.180000,2.5145,2.5145,2.5145,2.5145,2.5145,2.5145,2.5145,2.5145,2.5145,2.5145,2.5145,2.5145,2.5145,2.5145,2.5145
9.190000,2.5255,2.5255,2.5255,2.5255,2.5255,2.5255,2.5255,2.5255,2.5255,2.5255,2.5255,2.5255,2.5255,2.5255,2.5255
9.200000,2.5365,2.5365,2.5365,2.5365,2.5365,2.5365,2.5365,2.5365,2.5365,2.5365,2.5365,2.5365,2.5365,2.5365,2.5365
9.210000,2.5475,2.5475,2.5475,2.5475,2.5475,2.5475,2.5475,2.5475,2.5475,2.5475,2.5475,2.5475,2.5475,2.5475,2.5475
9.220000,2.5586,2.5586,2.5586,2.5586,2.5586,2.5586,2.5586,2.5586,2.5586,2.5586,2.5586,2.5586,2.5586,2.5586,2.5586
9.230000,2.5697,2.5697,2.5697,2.5697,2.5697,2.5697,2.5697,2.5697,2.5697,2.5697,2.5697,2.5697,2.5697,2.5697,2.5697
9.240000,2.5808,2.5808,2.5808,2.5808,2.5808,2.5808,2.5808,2.5808,2.5808,2.5808,2.5808,2.5808,2.5808,2.5808,2.5808
9.250000,2.5920,2.5920,2.5920,2.5920,2.5920,2.5920,2.5920,2.5920,2.5920,2.5920,2.5920,2.5920,2.5920,2.5920,2.5920
9.260000,2.6032,2.6032,2.6032,2.6032,2.6032,2.6032,2.6032,2.6032,2.6032,2.6032,2.6032,2.6032,2.6032,2.6032,2.6032
9.270000,2.6145,2.6145,2.6145,2.6145,2.6145,2.6145,2.6145,2.6145,2.6145,2.6145,2.6145,2.6145,2.6145,2.6145,2.6145
9.280000,2.6258,2.6258,2.6258,2.6258,2.6258,2.6258,2.6258,2.6258,2.6258,2.6258,2.6258,2.6258,2.6258,2.6258,2.6258
9.290000,2.6371,2.6371,2.6371,2.6371,2.6371,2.6371,2.6371,2.6371,2.6371,2.6371,2.6371,2.6371,2.6371,2.6371,2.6371
9.300000,2.6484,2.6484,2.6484,2.6484,2.6484,2.6484,2.6484,2.6484,2.6484,2.6484,2.6484,2.6484,2.6484,2.6484,2.6484
9.310000,2.6598,2.6598,2.6598,2.6598,2.6598,2.6598,2.6598,2.6598,2.6598,2.6598,2.6598,2.6598,2.6598,2.6598,2.6598
9.320000,2.6712,2.6712,2.6712,2.6712,2.6712,2.6712,2.6712,2.6712,2.6712,2.6712,2.6712,2.6712,2.6712,2.6712,2.6712
9.330000,2.6827,2.6827,2.6827,2.6827,2.6827,2.6827,2.6827,2.6827,2.6827,2.6827,2.6827,2.6827,2.6827,2.6827,2.6827
9.340000,2.6942,2.6942,2.6942,2.6942,2.6942,2.6942,2.6942,2.6942,2.6942,2.6942,2.6942,2.6942,2.6942,2.6942,2.6942
9.350000,2.7057,2.7057,2.7057,2.7057,2.7057,2.7057,2.7057,2.7057,2.7057,2.7057,2.7057,2.7057,2.7057,2.7057,2.7057
9.360000,2.7173,2.7173,2.7173,2.7173,2.7173,2.7173,2.7173,2.7173,2.7173,2.7173,2.7173,2.7173,2.7173,2.7173,2.7173
9.370000,2.7288,2.7288,2.7288,2.7288,2.7288,2.7288,2.7288,2.7288,2.7288,2.7288,2.7288,2.7288,2.7288,2.7288,2.7288
9.380000,2.7404,2.7404,2.7404,2.7404,2.7404,2.7404,2.7404,2.7404,2.7404,2.7404,2.7404,2.7404,2.7404,2.7404,2.7404
9.390000,2.7521,2.7521,2.7521,2.7521,2.7521,2.7521,2.7521,2.7521,2.7521,2.7521,2.7521,2.7521,2.7521,2.7521,2.7521
9.400000,2.7638,2.7638,2.7638,2.7638,2.7638,2.7638,2.7638,2.7638,2.7638,2.7638,2.7638,2.7638,2.7638,2.7638,2.7638
9.410000,2.7754,2.7754,2.7754,2.7754,2.7754,2.7754,2.7754,2.7754,2.7754,2.7754,2.7754,2.7754,2.7754,2.7754,2.7754
9.420000,2.7872,2.7872,2.7872,2.7872,2.7872,2.7872,2.7872,2.7872,2.7872,2.7872,2.7872,2.7872,2.7872,2.7872,2.7872
9.430000,2.7989,2.7989,2.7989,2.7989,2.7989,2.7989,2.7989,2.7989,2.7989,2.7989,2.7989,2.7989,2.7989,2.7989,2.7989
9.440000,2.8107,2.8107,2.8107,2.8107,2.8107,2.8107,2.8107,2.8107,2.8107,2.8107,2.8107,2.8107,2.8107,2.8107,2.8107
9.450000,2.8225,2.8225,2.8225,2.8225,2.8225,2.8225,2.8225,2.8225,2.8225,2.8225,2.8225,2.8225,2.8225,2.8225,2.8225
9.460000,2.8344,2.8344,2.8344,2.8344,2.8344,2.8344,2.8344,2.8344,2.8344,2.8344,2.8344,2.8344,2.8344,2.8344,2.8344
9.470000,2.8462,2.8462,2.8462,2.8462,2.8462,2.8462,2.8462,2.8462,2.8462,2.8462,2.8462,2.8462,2.8462,2.8462,2.8462
9.480000,2.8581,2.8581,2.8581,2.8581,2.8581,2.8581,2.8581,2.8581,2.8581,2.8581,2.8581,2.8581,2.8581,2.8581,2.8581
9.490000,2.8700,2.8700,2.8700,2.8700,2.8700,2.8700,2.8700,2.8700,2.8700,2.8700,2.8700,2.8700,2.8700,2.8700,2.8700
9.500000,2.8820,2.8820,2.8820,2.8820,2.8820,2.8820,2.8820,2.8820,2.8820,2.8820,2.8820,2.8820,2.8820,2.8820,2.8820
9.510000,2.8939,2.8939,2.8939,2.8939,2.8939,2.8939,2.8939,2.8939,2.8939,2.8939,2.8939,2.8939,2.8939,2.8939,2.8939
9.520000,2.9059,2.9059,2.9059,2.9059,2.9059,2.9059,2.9059,2.9059,2.9059,2.9059,2.9059,2.9059,2.9059,2.9059,2.9059
9.530000,2.9179,2.9179,2.9179,2.9179,2.9179,2.9179,2.9179,2.9179,2.9179,2.9179,2.9179,2.9179,2.9179,2.9179,2.9179
9.540000,2.9300,2.9300,2.9300,2.9300,2.9300,2.9300,2.9300,2.9300,2.9300,2.9300,2.9300,2.9300,2.9300,2.9300,2.9300
9.550000,2.9420,2.9420,2.9420,2.9420,2.9420,2.9420,2.9420,2.9420,2.9420,2.9420,2.9420,2.9420,2.9420,2.9420,2.9420
9.560000,2.9541,2.9541,2.9541,2.9541,2.9541,2.9541,2.9541,2.9541,2.9541,2.9541,2.9541,2.9541,2.9541,2.9541,2.9541
9.570000,2.9662,2.9662,2.9662,2.9662,2.9662,2.9662,2.9662,2.9662,2.9662,2.9662,2.9662,2.9662,2.9662,2.9662,2.9662
9.580000,2.9783,2.9783,2.9783,2.9783,2.9783,2.9783,2.9783,2.9783,2.9783,2.9783,2.9783,2.9783,2.9783,2.9783,2.9783
9.590000,2.9905,2.9905,2.9905,2.9905,2.9905,2.9905,2.9905,2.9905,2.9905,2.9905,2.9905,2.9905,2.9905,2.9905,2.9905
9.600000,3.0026,3.0026,3.0026,3.0026,3.0026,3.0026,3.0026,3.0026,3.0026,3.0026,3.0026,3.0026,3.0026,3.0026,3.0026
9.610000,3.0148,3.0148,3.0148,3.0148,3.0148,3.0148,3.0148,3.0148,3.0148,3.0148,3.0148,3.0148,3.0148,3.0148,3.0148
9.620000,3.0270,3.0270,3.0270,3.0270,3.0270,3.0270,3.0270,3.0270,3.0270,3.0270,3.0270,3.0270,3.0270,3.0270,3.0270
9.630000,3.0392,3.0392,3.0392,3.0392,3.0392,3.0392,3.0392,3.0392,3.0392,3.0392,3.0392,3.0392,3.0392,3.0392,3.0392
9.640000,3.0515,3.0515,3.0515,3.0515,3.0515,3.0515,3.0515,3.0515,3.0515,3.0515,3.0515,3.0515,3.0515,3.0515,3.0515
9.650000,3.0637,3.0637,3.0637,3.0637,3.0637,3.0637,3.0637,3.0637,3.0637,3.0637,3.0637,3.0637,3.0637,3.0637,3.0637
9.660000,3.0760,3.0760,3.0760,3.0760,3.0760,3.0760,3.0760,3.0760,3.0760,3.0760,3.0760,3.0760,3.0760,3.0760,3.0760
9.670000,3.0883,3.0883,3.0883,3.0883,3.0883,3.0883,3.0883,3.0883,3.0883,3.0883,3.0883,3.0883,3.0883,3.0883,3.0883
9.680000,3.1006,3.1006,3.1006,3.1006,3.1006,3.1006,3.1006,3.1006,3.1006,3.1006,3.1006,3.1006,3.1006,3.1006,3.1006
9.690000,3.1129,3.1129,3.1129,3.1129,3.1129,3.1129,3.1129,3.1129,3.1129,3.1129,3.1129,3.1129,3.1129,3.1129,3.1129
9.700000,3.1252,3.1252,3.1252,3.1252,3.1252,3.1252,3.1252,3.1252,3.1252,3.1252,3.1252,3.1252,3.1252,3.1252,3.1252
9.710000,3.1376,3.1376,3.1376,3.1376,3.1376,3.1376,3.1376,3.1376,3.1376,3.1376,3.1376,3.1376,3.1376,3.1376,3.1376
9.720000,3.1500,3.1500,3.1500,3.1500,3.1500,3.1500,3.1500,3.1500,3.1500,3.1500,3.1500,3.1500,3.1500,3.1500,3.1500
9.730000,3.1623,3.1623,3.1623,3.1623,3.1623,3.1623,3.1623,3.1623,3.1623,3.1623,3.1623,3.1623,3.1623,3.1623,3.1623
9.740000,3.1747,3.1747,3.1747,3.1747,3.1747,3.1747,3.1747,3.1747,3.1747,3.1747,3.1747,3.1747,3.1747,3.1747,3.1747
9.750000,3.1871,3.1871,3.1871,3.1871,3.1871,3.1871,3.1871,3.1871,3.1871,3.1871,3.1871,3.1871,3.1871,3.1871,3.1871
9.760000,3.1995,3.1995,3.1995,3.1995,3.1995,3.1995,3.1995,3.1995,3.1995,3.1995,3.1995,3.1995,3.1995,3.1995,3.1995
9.770000,3.2120,3.2120,3.2120,3.2120,3.2120,3.2120,3.2120,3.2120,3.2120,3.2120,3.2120,3.2120,3.2120,3.2120,3.2120
9.780000,3.2244,3.2244,3.2244,3.2244,3.2244,3.2244,3.2244,3.2244,3.2244,3.2244,3.2244,3.2244,3.2244,3.2244,3.2244
9.790000,3.2369,3.2369,3.2369,3.2369,3.2369,3.2369,3.2369,3.2369,3.2369,3.2369,3.2369,3.2369,3.2369,3.2369,3.2369
9.800000,3.2493,3.2493,3.2493,3.2493,3.2493,3.2493,3.2493,3.2493,3.2493,3.2493,3.2493,3.2493,3.2493,3.2493,3.2493
9.810000,3.2618,3.2618,3.2618,3.2618,3.2618,3.2618,3.2618,3.2618,3.2618,3.2618,3.2618,3.2618,3.2618,3.2618,3.2618
9.820000,3.2743,3.2743,3.2743,3.2743,3.2743,3.2743,3.2743,3.2743,3.2743,3.2743,3.2743,3.2743,3.2743,3.2743,3.2743
9.830000,3.2868,3.2868,3.2868,3.2868,3.2868,3.2868,3.2868,3.2868,3.2868,3.2868,3.2868,3.2868,3.2868,3.2868,3.2868
9.840000,3.2993,3.2993,3.2993,3.2993,3.2993,3.2993,3.2993,3.2993,3.2993,3.2993,3.2993,3.2993,3.2993,3.2993,3.2993
9.850000,3.3118,3.3118,3.3118,3.3118,3.3118,3.3118,3.3118,3.3118,3.3118,3.3118,3.3118,3.3118,3.3118,3.3118,3.3118
9.860000,3.3243,3.3243,3.3243,3.3243,3.3243,3.3243,3.3243,3.3243,3.3243,3.3243,3.3243,3.3243,3.3243,3.3243,3.3243
9.870000,3.3368,3.3368,3.3368,3.3368,3.3368,3.3368,3.3368,3.3368,3.3368,3.3368,3.3368,3.3368,3.3368,3.3368,3.3368
9.880000,3.3493,3.3493,3.3493,3.3493,3.3493,3.3493,3.3493,3.3493,3.3493,3.3493,3.3493,3.3493,3.3493,3.3493,3.3493
9.890000,3.3619,3.3619,3.3619,3.3619,3.3619,3.3619,3.3619,3.3619,3.3619,3.3619,3.3619,3.3619,3.3619,3.3619,3.3619
9.900000,3.3744,3.3744,3.3744,3.3744,3.3744,3.3744,3.3744,3.3744,3.3744,3.3744,3.3744,3.3744,3.3744,3.3744,3.3744
9.910000,3.3870,3.3870,3.3870,3.3870,3.3870,3.3870,3.3870,3.3870,3.3870,3.3870,3.3870,3.3870,3.3870,3.3870,3.3870
9.920000,3.3995,3.3995,3.3995,3.3995,3.3995,3.3995,3.3995,3.3995,3.3995,3.3995,3.3995,3.3995,3.3995,3.3995,3.3995
9.930000,3.4121,3.4121,3.4121,3.4121,3.4121,3.4121,3.4121,3.4121,3.4121,3.4121,3.4121,3.4121,3.4121,3.4121,3.4121
9.940000,3.4246,3.4246,3.4246,3.4246,3.4246,3.4246,3.4246,3.4246,3.4246,3.4246,3.4246,3.4246,3.4246,3.4246,3.4246
9.950000,3.4372,3.4372,3.4372,3.4372,3.4372,3.4372,3.4372,3.4372,3.4372,3.4372,3.4372,3.4372,3.4372,3.4372,3.4372
9.960000,3.4497,3.4497,3.4497,3.4497,3.4497,3.4497,3.4497,3.4497,3.4497,3.4497,3.4497,3.4497,3.4497,3.4497,3.4497
9.970000,3.4623,3.4623,3.4623,3.4623,3.4623,3.4623,3.4623,3.4623,3.4623,3.4623,3.4623,3.4623,3.4623,3.4623,3.4623
9.980000,3.4749,3.4749,3.4749,3.4749,3.4749,3.4749,3.4749,3.4749,3.4749,3.4749,3.4749,3.4749,3.4749,3.4749,3.4749
9.990000,3.4874,3.4874,3.4874,3.4874,3.4874,3.4874,3.4874,3.4874,3.4874,3.4874,3.4874,3.4874,3.4874,3.4874,3.4874
10.000000,3.5000,3.5000,3.5000,3.5000,3.5000,3.5000,3.5000,3.5000,3.5000,3.5000,3.5000,3.5000,3.5000,3.5000,3.5000
10.010000,3.5126,3.5126,3.5126,3.5126,3.5126,3.5126,3.5126,3.5126,3.5126,3.5126,3.5126,3.5126,3.5126,3.5126,3.5126
10.020000,3.5251,3.5251,3.5251,3.5251,3.5251,3.5251,3.5251,3.5251,3.5251,3.5251,3.5251,3.5251,3.5251,3.5251,3.5251
10.030000,3.5377,3.5377,3.5377,3.5377,3.5377,3.5377,3.5377,3.5377,3.5377,3.5377,3.5377,3.5377,3.5377,3.5377,3.5377
10.040000,3.5503,3.5503,3.5503,3.5503,3.5503,3.5503,3.5503,3.5503,3.5503,3.5503,3.5503,3.5503,3.5503,3.5503,3.5503
10.050000,3.5628,3.5628,3.5628,3.5628,3.5628,3.5628,3.5628,3.5628,3.5628,3.5628,3.5628,3.5628,3.5628,3.5628,3.5628
10.060000,3.5754,3.5754,3.5754,3.5754,3.5754,3.5754,3.5754,3.5754,3.5754,3.5754,3.5754,3.5754,3.5754,3.5754,3.5754
10.070000,3.5879,3.5879,3.5879,3.5879,3.5879,3.5879,3.5879,3.5879,3.5879,3.5879,3.5879,3.5879,3.5879,3.5879,3.5879
10.080000,3.6005,3.6005,3.6005,3.6005,3.6005,3.6005,3.6005,3.6005,3.6005,3.6005,3.6005,3.6005,3.6005,3.6005,3.6005
10.090000,3.6130,3.6130,3.6130,3.6130,3.6130,3.6130,3.6130,3.6130,3.6130,3.6130,3.6130,3.6130,3.6130,3.6130,3.6130
10.100000,3.6256,3.6256,3.6256,3.6256,3.6256,3.6256,3.6256,3.6256,3.6256,3.6256,3.6256,3.6256,3.6256,3.6256,3.6256
10.110000,3.6381,3.6381,3.6381,3.6381,3.6381,3.6381,3.6381,3.6381,3.6381,3.6381,3.6381,3.6381,3.6381,3.6381,3.6381
10.120000,3.6507,3.6507,3.6507,3.6507,3.6507,3.6507,3.6507,3.6507,3.6507,3.6507,3.6507,3.6507,3.6507,3.6507,3.6507
10.130000,3.6632,3.6632,3.6632,3.6632,3.6632,3.6632,3.6632,3.6632,3.6632,3.6632,3.6632,3.6632,3.6632,3.6632,3.6632
10.140000,3.6757,3.6757,3.6757,3.6757,3.6757,3.6757,3.6757,3.6757,3.6757,3.6757,3.6757,3.6757,3.6757,3.6757,3.6757
10.150000,3.6882,3.6882,3.6882,3.6882,3.6882,3.6882,3.6882,3.6882,3.6882,3.6882,3.6882,3.6882,3.6882,3.6882,3.6882
10.160000,3.7007,3.7007,3.7007,3.7007,3.7007,3.7007,3.7007,3.7007,3.7007,3.7007,3.7007,3.7007,3.7007,3.7007,3.7007
10.170000,3.7132,3.7132,3.7132,3.7132,3.7132,3.7132,3.7132,3.7132,3.7132,3.7132,3.7132,3.7132,3.7132,3.7132,3.7132
10.180000,3.7257,3.7257,3.7257,3.7257,3.7257,3.7257,3.7257,3.7257,3.7257,3.7257,3.7257,3.7257,3.7257,3.7257,3.7257
10.190000,3.7382,3.7382,3.7382,3.7382,3.7382,3.7382,3.7382,3.7382,3.7382,3.7382,3.7382,3.7382,3.7382,3.7382,3.7382
10.200000,3.7507,3.7507,3.7507,3.7507,3.7507,3.7507,3.7507,3.7507,3.7507,3.7507,3.7507,3.7507,3.7507,3.7507,3.7507
10.210000,3.7631,3.7631,3.7631,3.7631,3.7631,3.7631,3.7631,3.7631,3.7631,3.7631,3.7631,3.7631,3.7631,3.7631,3.7631
10.220000,3.7756,3.7756,3.7756,3.7756,3.7756,3.7756,3.7756,3.7756,3.7756,3.7756,3.7756,3.7756,3.7756,3.7756,3.7756
10.230000,3.7880,3.7880,3.7880,3.7880,3.7880,3.7880,3.7880,3.7880,3.7880,3.7880,3.7880,3.7880,3.7880,3.7880,3.7880
10.240000,3.8005,3.8005,3.8005,3.8005,3.8005,3.8005,3.8005,3.8005,3.8005,3.8005,3.8005,3.8005,3.8005,3.8005,3.8005
10.250000,3.8129,3.8129,3.8129,3.8129,3.8129,3.8129,3.8129,3.8129,3.8129,3.8129,3.8129,3.8129,3.8129,3.8129,3.8129
10.260000,3.8253,3.8253,3.8253,3.8253,3.8253,3.8253,3.8253,3.8253,3.8253,3.8253,3.8253,3.8253,3.8253,3.8253,3.8253
10.270000,3.8377,3.8377,3.8377,3.8377,3.8377,3.8377,3.8377,3.8377,3.8377,3.8377,3.8377,3.8377,3.8377,3.8377,3.8377
10.280000,3.8500,3.8500,3.8500,3.8500,3.8500,3.8500,3.8500,3.8500,3.8500,3.8500,3.8500,3.8500,3.8500,3.8500,3.8500
10.290000,3.8624,3.8624,3.8624,3.8624,3.8624,3.8624,3.8624,3.8624,3.8624,3.8624,3.8624,3.8624,3.8624,3.8624,3.8624
10.300000,3.8748,3.8748,3.8748,3.8748,3.8748,3.8748,3.8748,3.8748,3.8748,3.8748,3.8748,3.8748,3.8748,3.8748,3.8748
10.310000,3.8871,3.8871,3.8871,3.8871,3.8871,3.8871,3.8871,3.8871,3.8871,3.8871,3.8871,3.8871,3.8871,3.8871,3.8871
10.320000,3.8994,3.8994,3.8994,3.8994,3.8994,3.8994,3.8994,3.8994,3.8994,3.8994,3.8994,3.8994,3.8994,3.8994,3.8994
10.330000,3.9117,3.9117,3.9117,3.9117,3.9117,3.9117,3.9117,3.9117,3.9117,3.9117,3.9117,3.9117,3.9117,3.9117,3.9117
10.340000,3.9240,3.9240,3.9240,3.9240,3.9240,3.9240,3.9240,3.9240,3.9240,3.9240,3.9240,3.9240,3.9240,3.9240,3.9240
10.350000,3.9363,3.9363,3.9363,3.9363,3.9363,3.9363,3.9363,3.9363,3.9363,3.9363,3.9363,3.9363,3.9363,3.9363,3.9363
10.360000,3.9485,3.9485,3.9485,3.9485,3.9485,3.9485,3.9485,3.9485,3.9485,3.9485,3.9485,3.9485,3.9485,3.9485,3.9485
10.370000,3.9608,3.9608,3.9608,3.9608,3.9608,3.9608,3.9608,3.9608,3.9608,3.9608,3.9608,3.9608,3.9608,3.9608,3.9608
10.380000,3.9730,3.9730,3.9730,3.9730,3.9730,3.9730,3.9730,3.9730,3.9730,3.9730,3.9730,3.9730,3.9730,3.9730,3.9730
10.390000,3.9852,3.9852,3.9852,3.9852,3.9852,3.9852,3.9852,3.9852,3.9852,3.9852,3.9852,3.9852,3.9852,3.9852,3.9852
10.400000,3.9974,3.9974,3.9974,3.9974,3.9974,3.9974,3.9974,3.9974,3.9974,3.9974,3.9974,3.9974,3.9974,3.9974,3.9974
10.410000,4.0095,4.0095,4.0095,4.0095,4.0095,4.0095,4.0095,4.0095,4.0095,4.0095,4.0095,4.0095,4.0095,4.0095,4.0095
10.420000,4.0217,4.0217,4.0217,4.0217,4.0217,4.0217,4.0217,4.0217,4.0217,4.0217,4.0217,4.0217,4.0217,4.0217,4.0217
10.430000,4.0338,4.0338,4.0338,4.0338,4.0338,4.0338,4.0338,4.0338,4.0338,4.0338,4.0338,4.0338,4.0338,4.0338,4.0338
10.440000,4.0459,4.0459,4.0459,4.0459,4.0459,4.0459,4.0459,4.0459,4.0459,4.0459,4.0459,4.0459,4.0459,4.0459,4.0459
10.450000,4.0580,4.0580,4.0580,4.0580,4.0580,4.0580,4.0580,4.0580,4.0580,4.0580,4.0580,4.0580,4.0580,4.0580,4.0580
10.460000,4.0700,4.0700,4.0700,4.0700,4.0700,4.0700,4.0700,4.0700,4.0700,4.0700,4.0700,4.0700,4.0700,4.0700,4.0700
10.470000,4.0821,4.0821,4.0821,4.0821,4.0821,4.0821,4.0821,4.0821,4.0821,4.0821,4.0821,4.0821,4.0821,4.0821,4.0821
10.480000,4.0941,4.0941,4.0941,4.0941,4.0941,4.0941,4.0941,4.0941,4.0941,4.0941,4.0941,4.0941,4.0941,4.0941,4.0941
10.490000,4.1061,4.1061,4.1061,4.1061,4.1061,4.1061,4.1061,4.1061,4.1061,4.1061,4.1061,4.1061,4.1061,4.1061,4.1061
10.500000,4.1180,4.1180,4.1180,4.1180,4.1180,4.1180,4.1180,4.1180,4.1180,4.1180,4.1180,4.1180,4.1180,4.1180,4.1180
10.510000,4.1300,4.1300,4.1300,4.1300,4.1300,4.1300,4.1300,4.1300,4.1300,4.1300,4.1300,4.1300,4.1300,4.1300,4.1300
10.520000,4.1419,4.1419,4.1419,4.1419,4.1419,4.1419,4.1419,4.1419,4.1419,4.1419,4.1419,4.1419,4.1419,4.1419,4.1419
10.530000,4.1538,4.1538,4.1538,4.1538,4.1538,4.1538,4.1538,4.1538,4.1538,4.1538,4.1538,4.1538,4.1538,4.1538,4.1538
10.540000,4.1656,4.1656,4.1656,4.1656,4.1656,4.1656,4.1656,4.1656,4.1656,4.1656,4.1656,4.1656,4.1656,4.1656,4.1656
10.550000,4.1775,4.1775,4.1775,4.1775,4.1775,4.1775,4.1775,4.1775,4.1775,4.1775,4.1775,4.1775,4.1775,4.1775,4.1775
10.560000,4.1893,4.1893,4.1893,4.1893,4.1893,4.1893,4.1893,4.1893,4.1893,4.1893,4.1893,4.1893,4.1893,4.1893,4.1893
10.570000,4.2011,4.2011,4.2011,4.2011,4.2011,4.2011,4.2011,4.2011,4.2011,4.2011,4.2011,4.2011,4.2011,4.2011,4.2011
10.580000,4.2128,4.2128,4.2128,4.2128,4.2128,4.2128,4.2128,4.2128,4.2128,4.2128,4.2128,4.2128,4.2128,4.2128,4.2128
10.590000,4.2246,4.2246,4.2246,4.2246,4.2246,4.2246,4.2246,4.2246,4.2246,4.2246,4.2246,4.2246,4.2246,4.2246,4.2246
10.600000,4.2362,4.2362,4.2362,4.2362,4.2362,4.2362,4.2362,4.2362,4.2362,4.2362,4.2362,4.2362,4.2362,4.2362,4.2362
10.610000,4.2479,4.2479,4.2479,4.2479,4.2479,4.2479,4.2479,4.2479,4.2479,4.2479,4.2479,4.2479,4.2479,4.2479,4.2479
10.620000,4.2596,4.2596,4.2596,4.2596,4.2596,4.2596,4.2596,4.2596,4.2596,4.2596,4.2596,4.2596,4.2596,4.2596,4.2596
10.630000,4.2712,4.2712,4.2712,4.2712,4.2712,4.2712,4.2712,4.2712,4.2712,4.2712,4.2712,4.2712,4.2712,4.2712,4.2712
10.640000,4.2827,4.2827,4.2827,4.2827,4.2827,4.2827,4.2827,4.2827,4.2827,4.2827,4.2827,4.2827,4.2827,4.2827,4.2827
10.650000,4.2943,4.2943,4.2943,4.2943,4.2943,4.2943,4.2943,4.2943,4.2943,4.2943,4.2943,4.2943,4.2943,4.2943,4.2943
10.660000,4.3058,4.3058,4.3058,4.3058,4.3058,4.3058,4.3058,4.3058,4.3058,4.3058,4.3058,4.3058,4.3058,4.3058,4.3058
10.670000,4.3173,4.3173,4.3173,4.3173,4.3173,4.3173,4.3173,4.3173,4.3173,4.3173,4.3173,4.3173,4.3173,4.3173,4.3173
10.680000,4.3288,4.3288,4.3288,4.3288,4.3288,4.3288,4.3288,4.3288,4.3288,4.3288,4.3288,4.3288,4.3288,4.3288,4.3288
10.690000,4.3402,4.3402,4.3402,4.3402,4.3402,4.3402,4.3402,4.3402,4.3402,4.3402,4.3402,4.3402,4.3402,4.3402,4.3402
10.700000,4.3516,4.3516,4.3516,4.3516,4.3516,4.3516,4.3516,4.3516,4.3516,4.3516,4.3516,4.3516,4.3516,4.3516,4.3516
10.710000,4.3629,4.3629,4.3629,4.3629,4.3629,4.3629,4.3629,4.3629,4.3629,4.3629,4.3629,4.3629,4.3629,4.3629,4.3629
10.720000,4.3742,4.3742,4.3742,4.3742,4.3742,4.3742,4.3742,4.3742,4.3742,4.3742,4.3742,4.3742,4.3742,4.3742,4.3742
10.730000,4.3855,4.3855,4.3855,4.3855,4.3855,4.3855,4.3855,4.3855,4.3855,4.3855,4.3855,4.3855,4.3855,4.3855,4.3855
10.740000,4.3968,4.3968,4.3968,4.3968,4.3968,4.3968,4.3968,4.3968,4.3968,4.3968,4.3968,4.3968,4.3968,4.3968,4.3968
10.750000,4.4080,4.4080,4.4080,4.4080,4.4080,4.4080,4.4080,4.4080,4.4080,4.4080,4.4080,4.4080,4.4080,4.4080,4.4080
10.760000,4.4192,4.4192,4.4192,4.4192,4.4192,4.4192,4.4192,4.4192,4.4192,4.4192,4.4192,4.4192,4.4192,4.4192,4.4192
10.770000,4.4303,4.4303,4.4303,4.4303,4.4303,4.4303,4.4303,4.4303,4.4303,4.4303,4.4303,4.4303,4.4303,4.4303,4.4303
10.780000,4.4414,4.4414,4.4414,4.4414,4.4414,4.4414,4.4414,4.4414,4.4414,4.4414,4.4414,4.4414,4.4414,4.4414,4.4414
10.790000,4.4525,4.4525,4.4525,4.4525,4.4525,4.4525,4.4525,4.4525,4.4525,4.4525,4.4525,4.4525,4.4525,4.4525,4.4525
10.800000,4.4635,4.4635,4.4635,4.4635,4.4635,4.4635,4.4635,4.4635,4.4635,4.4635,4.4635,4.4635,4.4635,4.4635,4.4635
10.810000,4.4745,4.4745,4.4745,4.4745,4.4745,4.4745,4.4745,4.4745,4.4745,4.4745,4.4745,4.4745,4.4745,4.4745,4.4745
10.820000,4.4855,4.4855,4.4855,4.4855,4.4855,4.4855,4.4855,4.4855,4.4855,4.4855,4.4855,4.4855,4.4855,4.4855,4.4855
10.830000,4.4964,4.4964,4.4964,4.4964,4.4964,4.4964,4.4964,4.4964,4.4964,4.4964,4.4964,4.4964,4.4964,4.4964,4.4964
10.840000,4.5072,4.5072,4.5072,4.5072,4.5072,4.5072,4.5072,4.5072,4.5072,4.5072,4.5072,4.5072,4.5072,4.5072,4.5072
10.850000,4.5181,4.5181,4.5181,4.5181,4.5181,4.5181,4.5181,4.5181,4.5181,4.5181,4.5181,4.5181,4.5181,4.5181,4.5181
10.860000,4.5289,4.5289,4.5289,4.5289,4.5289,4.5289,4.5289,4.5289,4.5289,4.5289,4.5289,4.5289,4.5289,4.5289,4.5289
10.870000,4.5396,4.5396,4.5396,4.5396,4.5396,4.5396,4.5396,4.5396,4.5396,4.5396,4.5396,4.5396,4.5396,4.5396,4.5396
10.880000,4.5503,4.5503,4.5503,4.5503,4.5503,4.5503,4.5503,4.5503,4.5503,4.5503,4.5503,4.5503,4.5503,4.5503,4.5503
10.890000,4.5610,4.5610,4.5610,4.5610,4.5610,4.5610,4.5610,4.5610,4.5610,4.5610,4.5610,4.5610,4.5610,4.5610,4.5610
10.900000,4.5717,4.5717,4.5717,4.5717,4.5717,4.5717,4.5717,4.5717,4.5717,4.5717,4.5717,4.5717,4.5717,4.5717,4.5717
10.910000,4.5822,4.5822,4.5822,4.5822,4.5822,4.5822,4.5822,4.5822,4.5822,4.5822,4.5822,4.5822,4.5822,4.5822,4.5822
10.920000,4.5928,4.5928,4.5928,4.5928,4.5928,4.5928,4.5928,4.5928,4.5928,4.5928,4.5928,4.5928,4.5928,4.5928,4.5928
10.930000,4.6033,4.6033,4.6033,4.6033,4.6033,4.6033,4.6033,4.6033,4.6033,4.6033,4.6033,4.6033,4.6033,4.6033,4.6033
10.940000,4.6138,4.6138,4.6138,4.6138,4.6138,4.6138,4.6138,4.6138,4.6138,4.6138,4.6138,4.6138,4.6138,4.6138,4.6138
10.950000,4.6242,4.6242,4.6242,4.6242,4.6242,4.6242,4.6242,4.6242,4.6242,4.6242,4.6242,4.6242,4.6242,4.6242,4.6242
10.960000,4.6345,4.6345,4.6345,4.6345,4.6345,4.6345,4.6345,4.6345,4.6345,4.6345,4.6345,4.6345,4.6345,4.6345,4.6345
10.970000,4.6449,4.6449,4.6449,4.6449,4.6449,4.6449,4.6449,4.6449,4.6449,4.6449,4.6449,4.6449,4.6449,4.6449,4.6449
10.980000,4.6551,4.6551,4.6551,4.6551,4.6551,4.6551,4.6551,4.6551,4.6551,4.6551,4.6551,4.6551,4.6551,4.6551,4.6551
10.990000,4.6654,4.6654,4.6654,4.6654,4.6654,4.6654,4.6654,4.6654,4.6654,4.6654,4.6654,4.6654,4.6654,4.6654,4.6654
11.000000,4.6756,4.6756,4.6756,4.6756,4.6756,4.6756,4.6756,4.6756,4.6756,4.6756,4.6756,4.6756,4.6756,4.6756,4.6756
11.010000,4.6857,4.6857,4.6857,4.6857,4.6857,4.6857,4.6857,4.6857,4.6857,4.6857,4.6857,4.6857,4.6857,4.6857,4.6857
11.020000,4.6958,4.6958,4.6958,4.6958,4.6958,4.6958,4.6958,4.6958,4.6958,4.6958,4.6958,4.6958,4.6958,4.6958,4.6958
11.030000,4.7059,4.7059,4.7059,4.7059,4.7059,4.7059,4.7059,4.7059,4.7059,4.7059,4.7059,4.7059,4.7059,4.7059,4.7059
11.040000,4.7159,4.7159,4.7159,4.7159,4.7159,4.7159,4.7159,4.7159,4.7159,4.7159,4.7159,4.7159,4.7159,4.7159,4.7159
11.050000,4.7258,4.7258,4.7258,4.7258,4.7258,4.7258,4.7258,4.7258,4.7258,4.7258,4.7258,4.7258,4.7258,4.7258,4.7258
11.060000,4.7357,4.7357,4.7357,4.7357,4.7357,4.7357,4.7357,4.7357,4.7357,4.7357,4.7357,4.7357,4.7357,4.7357,4.7357
11.070000,4.7456,4.7456,4.7456,4.7456,4.7456,4.7456,4.7456,4.7456,4.7456,4.7456,4.7456,4.7456,4.7456,4.7456,4.7456
11.080000,4.7554,4.7554,4.7554,4.7554,4.7554,4.7554,4.7554,4.7554,4.7554,4.7554,4.7554,4.7554,4.7554,4.7554,4.7554
11.090000,4.7651,4.7651,4.7651,4.7651,4.7651,4.7651,4.7651,4.7651,4.7651,4.7651,4.7651,4.7651,4.7651,4.7651,4.7651
11.100000,4.7748,4.7748,4.7748,4.7748,4.7748,4.7748,4.7748,4.7748,4.7748,4.7748,4.7748,4.7748,4.7748,4.7748,4.7748
11.110000,4.7845,4.7845,4.7845,4.7845,4.7845,4.7845,4.7845,4.7845,4.7845,4.7845,4.7845,4.7845,4.7845,4.7845,4.7845
11.120000,4.7941,4.7941,4.7941,4.7941,4.7941,4.7941,4.7941,4.7941,4.7941,4.7941,4.7941,4.7941,4.7941,4.7941,4.7941
11.130000,4.8037,4.8037,4.8037,4.8037,4.8037,4.8037,4.8037,4.8037,4.8037,4.8037,4.8037,4.8037,4.8037,4.8037,4.8037
11.140000,4.8132,4.8132,4.8132,4.8132,4.8132,4.8132,4.8132,4.8132,4.8132,4.8132,4.8132,4.8132,4.8132,4.8132,4.8132
11.150000,4.8226,4.8226,4.8226,4.8226,4.8226,4.8226,4.8226,4.8226,4.8226,4.8226,4.8226,4.8226,4.8226,4.8226,4.8226
11.160000,4.8320,4.8320,4.8320,4.8320,4.8320,4.8320,4.8320,4.8320,4.8320,4.8320,4.8320,4.8320,4.8320,4.8320,4.8320
11.170000,4.8414,4.8414,4.8414,4.8414,4.8414,4.8414,4.8414,4.8414,4.8414,4.8414,4.8414,4.8414,4.8414,4.8414,4.8414
11.180000,4.8507,4.8507,4.8507,4.8507,4.8507,4.8507,4.8507,4.8507,4.8507,4.8507,4.8507,4.8507,4.8507,4.8507,4.8507
11.190000,4.8599,4.8599,4.8599,4.8599,4.8599,4.8599,4.8599,4.8599,4.8599,4.8599,4.8599,4.8599,4.8599,4.8599,4.8599
11.200000,4.8691,4.8691,4.8691,4.8691,4.8691,4.8691,4.8691,4.8691,4.8691,4.8691,4.8691,4.8691,4.8691,4.8691,4.8691
11.210000,4.8782,4.8782,4.8782,4.8782,4.8782,4.8782,4.8782,4.8782,4.8782,4.8782,4.8782,4.8782,4.8782,4.8782,4.8782
11.220000,4.8873,4.8873,4.8873,4.8873,4.8873,4.8873,4.8873,4.8873,4.8873,4.8873,4.8873,4.8873,4.8873,4.8873,4.8873
11.230000,4.8963,4.8963,4.8963,4.8963,4.8963,4.8963,4.8963,4.8963,4.8963,4.8963,4.8963,4.8963,4.8963,4.8963,4.8963
11.240000,4.9053,4.9053,4.9053,4.9053,4.9053,4.9053,4.9053,4.9053,4.9053,4.9053,4.9053,4.9053,4.9053,4.9053,4.9053
11.250000,4.9142,4.9142,4.9142,4.9142,4.9142,4.9142,4.9142,4.9142,4.9142,4.9142,4.9142,4.9142,4.9142,4.9142,4.9142
11.260000,4.9231,4.9231,4.9231,4.9231,4.9231,4.9231,4.9231,4.9231,4.9231,4.9231,4.9231,4.9231,4.9231,4.9231,4.9231
11.270000,4.9319,4.9319,4.9319,4.9319,4.9319,4.9319,4.9319,4.9319,4.9319,4.9319,4.9319,4.9319,4.9319,4.9319,4.9319
11.280000,4.9406,4.9406,4.9406,4.9406,4.9406,4.9406,4.9406,4.9406,4.9406,4.9406,4.9406,4.9406,4.9406,4.9406,4.9406
11.290000,4.9493,4.9493,4.9493,4.9493,4.9493,4.9493,4.9493,4.9493,4.9493,4.9493,4.9493,4.9493,4.9493,4.9493,4.9493
11.300000,4.9579,4.9579,4.9579,4.9579,4.9579,4.9579,4.9579,4.9579,4.9579,4.9579,4.9579,4.9579,4.9579,4.9579,4.9579
11.310000,4.9665,4.9665,4.9665,4.9665,4.9665,4.9665,4.9665,4.9665,4.9665,4.9665,4.9665,4.9665,4.9665,4.9665,4.9665
11.320000,4.9750,4.9750,4.9750,4.9750,4.9750,4.9750,4.9750,4.9750,4.9750,4.9750,4.9750,4.9750,4.9750,4.9750,4.9750
11.330000,4.9835,4.9835,4.9835,4.9835,4.9835,4.9835,4.9835,4.9835,4.9835,4.9835,4.9835,4.9835,4.9835,4.9835,4.9835
11.340000,4.9919,4.9919,4.9919,4.9919,4.9919,4.9919,4.9919,4.9919,4.9919,4.9919,4.9919,4.9919,4.9919,4.9919,4.9919
11.350000,5.0002,5.0002,5.0002,5.0002,5.0002,5.0002,5.0002,5.0002,5.0002,5.0002,5.0002,5.0002,5.0002,5.0002,5.0002
11.360000,5.0085,5.0085,5.0085,5.0085,5.0085,5.0085,5.0085,5.0085,5.0085,5.0085,5.0085,5.0085,5.0085,5.0085,5.0085
11.370000,5.0167,5.0167,5.0167,5.0167,5.0167,5.0167,5.0167,5.0167,5.0167,5.0167,5.0167,5.0167,5.0167,5.0167,5.0167
11.380000,5.0249,5.0249,5.0249,5.0249,5.0249,5.0249,5.0249,5.0249,5.0249,5.0249,5.0249,5.0249,5.0249,5.0249,5.0249
11.390000,5.0330,5.0330,5.0330,5.0330,5.0330,5.0330,5.0330,5.0330,5.0330,5.0330,5.0330,5.0330,5.0330,5.0330,5.0330
11.400000,5.0410,5.0410,5.0410,5.0410,5.0410,5.0410,5.0410,5.0410,5.0410,5.0410,5.0410,5.0410,5.0410,5.0410,5.0410
11.410000,5.0490,5.0490,5.0490,5.0490,5.0490,5.0490,5.0490,5.0490,5.0490,5.0490,5.0490,5.0490,5.0490,5.0490,5.0490
11.420000,5.0569,5.0569,5.0569,5.0569,5.0569,5.0569,5.0569,5.0569,5.0569,5.0569,5.0569,5.0569,5.0569,5.0569,5.0569
11.430000,5.0648,5.0648,5.0648,5.0648,5.0648,5.0648,5.0648,5.0648,5.0648,5.0648,5.0648,5.0648,5.0648,5.0648,5.0648
11.440000,5.0726,5.0726,5.0726,5.0726,5.0726,5.0726,5.0726,5.0726,5.0726,5.0726,5.0726,5.0726,5.0726,5.0726,5.0726
11.450000,5.0803,5.0803,5.0803,5.0803,5.0803,5.0803,5.0803,5.0803,5.0803,5.0803,5.0803,5.0803,5.0803,5.0803,5.0803
11.460000,5.0880,5.0880,5.0880,5.0880,5.0880,5.0880,5.0880,5.0880,5.0880,5.0880,5.0880,5.0880,5.0880,5.0880,5.0880
11.470000,5.0956,5.0956,5.0956,5.0956,5.0956,5.0956,5.0956,5.0956,5.0956,5.0956,5.0956,5.0956,5.0956,5.0956,5.0956
11.480000,5.1031,5.1031,5.1031,5.1031,5.1031,5.1031,5.1031,5.1031,5.1031,5.1031,5.1031,5.1031,5.1031,5.1031,5.1031
11.490000,5.1106,5.1106,5.1106,5.1106,5.1106,5.1106,5.1106,5.1106,5.1106,5.1106,5.1106,5.1106,5.1106,5.1106,5.1106
11.500000,5.1180,5.1180,5.1180,5.1180,5.1180,5.1180,5.1180,5.1180,5.1180,5.1180,5.1180,5.1180,5.1180,5.1180,5.1180
11.510000,5.1254,5.1254,5.1254,5.1254,5.1254,5.1254,5.1254,5.1254,5.1254,5.1254,5.1254,5.1254,5.1254,5.1254,5.1254
11.520000,5.1327,5.1327,5.1327,5.1327,5.1327,5.1327,5.1327,5.1327,5.1327,5.1327,5.1327,5.1327,5.1327,5.1327,5.1327
11.530000,5.1399,5.1399,5.1399,5.1399,5.1399,5.1399,5.1399,5.1399,5.1399,5.1399,5.1399,5.1399,5.1399,5.1399,5.1399
11.540000,5.1471,5.1471,5.1471,5.1471,5.1471,5.1471,5.1471,5.1471,5.1471,5.1471,5.1471,5.1471,5.1471,5.1471,5.1471
11.550000,5.1542,5.1542,5.1542,5.1542,5.1542,5.1542,5.1542,5.1542,5.1542,5.1542,5.1542,5.1542,5.1542,5.1542,5.1542
11.560000,5.1612,5.1612,5.1612,5.1612,5.1612,5.1612,5.1612,5.1612,5.1612,5.1612,5.1612,5.1612,5.1612,5.1612,5.1612
11.570000,5.1682,5.1682,5.1682,5.1682,5.1682,5.1682,5.1682,5.1682,5.1682,5.1682,5.1682,5.1682,5.1682,5.1682,5.1682
11.580000,5.1751,5.1751,5.1751,5.1751,5.1751,5.1751,5.1751,5.1751,5.1751,5.1751,5.1751,5.1751,5.1751,5.1751,5.1751
11.590000,5.1819,5.1819,5.1819,5.1819,5.1819,5.1819,5.1819,5.1819,5.1819,5.1819,5.1819,5.1819,5.1819,5.1819,5.1819
11.600000,5.1887,5.1887,5.1887,5.1887,5.1887,5.1887,5.1887,5.1887,5.1887,5.1887,5.1887,5.1887,5.1887,5.1887,5.1887
11.610000,5.1954,5.1954,5.1954,5.1954,5.1954,5.1954,5.1954,5.1954,5.1954,5.1954,5.1954,5.1954,5.1954,5.1954,5.1954
11.620000,5.2020,5.2020,5.2020,5.2020,5.2020,5.2020,5.2020,5.2020,5.2020,5.2020,5.2020,5.2020,5.2020,5.2020,5.2020
11.630000,5.2086,5.2086,5.2086,5.2086,5.2086,5.2086,5.2086,5.2086,5.2086,5.2086,5.2086,5.2086,5.2086,5.2086,5.2086
11.640000,5.2151,5.2151,5.2151,5.2151,5.2151,5.2151,5.2151,5.2151,5.2151,5.2151,5.2151,5.2151,5.2151,5.2151,5.2151
11.650000,5.2215,5.2215,5.2215,5.2215,5.2215,5.2215,5.2215,5.2215,5.2215,5.2215,5.2215,5.2215,5.2215,5.2215,5.2215
11.660000,5.2278,5.2278,5.2278,5.2278,5.2278,5.2278,5.2278,5.2278,5.2278,5.2278,5.2278,5.2278,5.2278,5.2278,5.2278
11.670000,5.2341,5.2341,5.2341,5.2341,5.2341,5.2341,5.2341,5.2341,5.2341,5.2341,5.2341,5.2341,5.2341,5.2341,5.2341
11.680000,5.2404,5.2404,5.2404,5.2404,5.2404,5.2404,5.2404,5.2404,5.2404,5.2404,5.2404,5.2404,5.2404,5.2404,5.2404
11.690000,5.2465,5.2465,5.2465,5.2465,5.2465,5.2465,5.2465,5.2465,5.2465,5.2465,5.2465,5.2465,5.2465,5.2465,5.2465
11.700000,5.2526,5.2526,5.2526,5.2526,5.2526,5.2526,5.2526,5.2526,5.2526,5.2526,5.2526,5.2526,5.2526,5.2526,5.2526
11.710000,5.2586,5.2586,5.2586,5.2586,5.2586,5.2586,5.2586,5.2586,5.2586,5.2586,5.2586,5.2586,5.2586,5.2586,5.2586
11.720000,5.2646,5.2646,5.2646,5.2646,5.2646,5.2646,5.2646,5.2646,5.2646,5.2646,5.2646,5.2646,5.2646,5.2646,5.2646
11.730000,5.2705,5.2705,5.2705,5.2705,5.2705,5.2705,5.2705,5.2705,5.2705,5.2705,5.2705,5.2705,5.2705,5.2705,5.2705
11.740000,5.2763,5.2763,5.2763,5.2763,5.2763,5.2763,5.2763,5.2763,5.2763,5.2763,5.2763,5.2763,5.2763,5.2763,5.2763
11.750000,5.2820,5.2820,5.2820,5.2820,5.2820,5.2820,5.2820,5.2820,5.2820,5.2820,5.2820,5.2820,5.2820,5.2820,5.2820
11.760000,5.2877,5.2877,5.2877,5.2877,5.2877,5.2877,5.2877,5.2877,5.2877,5.2877,5.2877,5.2877,5.2877,5.2877,5.2877
11.770000,5.2933,5.2933,5.2933,5.2933,5.2933,5.2933,5.2933,5.2933,5.2933,5.2933,5.2933,5.2933,5.2933,5.2933,5.2933
11.780000,5.2988,5.2988,5.2988,5.2988,5.2988,5.2988,5.2988,5.2988,5.2988,5.2988,5.2988,5.2988,5.2988,5.2988,5.2988
11.790000,5.3043,5.3043,5.3043,5.3043,5.3043,5.3043,5.3043,5.3043,5.3043,5.3043,5.3043,5.3043,5.3043,5.3043,5.3043
11.800000,5.3097,5.3097,5.3097,5.3097,5.3097,5.3097,5.3097,5.3097,5.3097,5.3097,5.3097,5.3097,5.3097,5.3097,5.3097
11.810000,5.3150,5.3150,5.3150,5.3150,5.3150,5.3150,5.3150,5.3150,5.3150,5.3150,5.3150,5.3150,5.3150,5.3150,5.3150
11.820000,5.3202,5.3202,5.3202,5.3202,5.3202,5.3202,5.3202,5.3202,5.3202,5.3202,5.3202,5.3202,5.3202,5.3202,5.3202
11.830000,5.3254,5.3254,5.3254,5.3254,5.3254,5.3254,5.3254,5.3254,5.3254,5.3254,5.3254,5.3254,5.3254,5.3254,5.3254
11.840000,5.3305,5.3305,5.3305,5.3305,5.3305,5.3305,5.3305,5.3305,5.3305,5.3305,5.3305,5.3305,5.3305,5.3305,5.3305
11.850000,5.3355,5.3355,5.3355,5.3355,5.3355,5.3355,5.3355,5.3355,5.3355,5.3355,5.3355,5.3355,5.3355,5.3355,5.3355
11.860000,5.3405,5.3405,5.3405,5.3405,5.3405,5.3405,5.3405,5.3405,5.3405,5.3405,5.3405,5.3405,5.3405,5.3405,5.3405
11.870000,5.3453,5.3453,5.3453,5.3453,5.3453,5.3453,5.3453,5.3453,5.3453,5.3453,5.3453,5.3453,5.3453,5.3453,5.3453
11.880000,5.3502,5.3502,5.3502,5.3502,5.3502,5.3502,5.3502,5.3502,5.3502,5.3502,5.3502,5.3502,5.3502,5.3502,5.3502
11.890000,5.3549,5.3549,5.3549,5.3549,5.3549,5.3549,5.3549,5.3549,5.3549,5.3549,5.3549,5.3549,5.3549,5.3549,5.3549
11.900000,5.3596,5.3596,5.3596,5.3596,5.3596,5.3596,5.3596,5.3596,5.3596,5.3596,5.3596,5.3596,5.3596,5.3596,5.3596
11.910000,5.3641,5.3641,5.3641,5.3641,5.3641,5.3641,5.3641,5.3641,5.3641,5.3641,5.3641,5.3641,5.3641,5.3641,5.3641
11.920000,5.3687,5.3687,5.3687,5.3687,5.3687,5.3687,5.3687,5.3687,5.3687,5.3687,5.3687,5.3687,5.3687,5.3687,5.3687
11.930000,5.3731,5.3731,5.3731,5.3731,5.3731,5.3731,5.3731,5.3731,5.3731,5.3731,5.3731,5.3731,5.3731,5.3731,5.3731
11.940000,5.3775,5.3775,5.3775,5.3775,5.3775,5.3775,5.3775,5.3775,5.3775,5.3775,5.3775,5.3775,5.3775,5.3775,5.3775
11.950000,5.3818,5.3818,5.3818,5.3818,5.3818,5.3818,5.3818,5.3818,5.3818,5.3818,5.3818,5.3818,5.3818,5.3818,5.3818
11.960000,5.3860,5.3860,5.3860,5.3860,5.3860,5.3860,5.3860,5.3860,5.3860,5.3860,5.3860,5.3860,5.3860,5.3860,5.3860
11.970000,5.3901,5.3901,5.3901,5.3901,5.3901,5.3901,5.3901,5.3901,5.3901,5.3901,5.3901,5.3901,5.3901,5.3901,5.3901
11.980000,5.3942,5.3942,5.3942,5.3942,5.3942,5.3942,5.3942,5.3942,5.3942,5.3942,5.3942,5.3942,5.3942,5.3942,5.3942
11.990000,5.3982,5.3982,5.3982,5.3982,5.3982,5.3982,5.3982,5.3982,5.3982,5.3982,5.3982,5.3982,5.3982,5.3982,5.3982
12.000000,5.4021,5.4021,5.4021,5.4021,5.4021,5.4021,5.4021,5.4021,5.4021,5.4021,5.4021,5.4021,5.4021,5.4021,5.4021
12.010000,5.4060,5.4060,5.4060,5.4060,5.4060,5.4060,5.4060,5.4060,5.4060,5.4060,5.4060,5.4060,5.4060,5.4060,5.4060
12.020000,5.4097,5.4097,5.4097,5.4097,5.4097,5.4097,5.4097,5.4097,5.4097,5.4097,5.4097,5.4097,5.4097,5.4097,5.4097
12.030000,5.4134,5.4134,5.4134,5.4134,5.4134,5.4134,5.4134,5.4134,5.4134,5.4134,5.4134,5.4134,5.4134,5.4134,5.4134
12.040000,5.4170,5.4170,5.4170,5.4170,5.4170,5.4170,5.4170,5.4170,5.4170,5.4170,5.4170,5.4170,5.4170,5.4170,5.4170
12.050000,5.4206,5.4206,5.4206,5.4206,5.4206,5.4206,5.4206,5.4206,5.4206,5.4206,5.4206,5.4206,5.4206,5.4206,5.4206
12.060000,5.4241,5.4241,5.4241,5.4241,5.4241,5.4241,5.4241,5.4241,5.4241,5.4241,5.4241,5.4241,5.4241,5.4241,5.4241
12.070000,5.4274,5.4274,5.4274,5.4274,5.4274,5.4274,5.4274,5.4274,5.4274,5.4274,5.4274,5.4274,5.4274,5.4274,5.4274
12.080000,5.4308,5.4308,5.4308,5.4308,5.4308,5.4308,5.4308,5.4308,5.4308,5.4308,5.4308,5.4308,5.4308,5.4308,5.4308
12.090000,5.4340,5.4340,5.4340,5.4340,5.4340,5.4340,5.4340,5.4340,5.4340,5.4340,5.4340,5.4340,5.4340,5.4340,5.4340
12.100000,5.4372,5.4372,5.4372,5.4372,5.4372,5.4372,5.4372,5.4372,5.4372,5.4372,5.4372,5.4372,5.4372,5.4372,5.4372
12.110000,5.4403,5.4403,5.4403,5.4403,5.4403,5.4403,5.4403,5.4403,5.4403,5.4403,5.4403,5.4403,5.4403,5.4403,5.4403
12.120000,5.4433,5.4433,5.4433,5.4433,5.4433,5.4433,5.4433,5.4433,5.4433,5.4433,5.4433,5.4433,5.4433,5.4433,5.4433
12.130000,5.4462,5.4462,5.4462,5.4462,5.4462,5.4462,5.4462,5.4462,5.4462,5.4462,5.4462,5.4462,5.4462,5.4462,5.4462
12.140000,5.4491,5.4491,5.4491,5.4491,5.4491,5.4491,5.4491,5.4491,5.4491,5.4491,5.4491,5.4491,5.4491,5.4491,5.4491
12.150000,5.4518,5.4518,5.4518,5.4518,5.4518,5.4518,5.4518,5.4518,5.4518,5.4518,5.4518,5.4518,5.4518,5.4518,5.4518
12.160000,5.4545,5.4545,5.4545,5.4545,5.4545,5.4545,5.4545,5.4545,5.4545,5.4545,5.4545,5.4545,5.4545,5.4545,5.4545
12.170000,5.4572,5.4572,5.4572,5.4572,5.4572,5.4572,5.4572,5.4572,5.4572,5.4572,5.4572,5.4572,5.4572,5.4572,5.4572
12.180000,5.4597,5.4597,5.4597,5.4597,5.4597,5.4597,5.4597,5.4597,5.4597,5.4597,5.4597,5.4597,5.4597,5.4597,5.4597
12.190000,5.4622,5.4622,5.4622,5.4622,5.4622,5.4622,5.4622,5.4622,5.4622,5.4622,5.4622,5.4622,5.4622,5.4622,5.4622
12.200000,5.4646,5.4646,5.4646,5.4646,5.4646,5.4646,5.4646,5.4646,5.4646,5.4646,5.4646,5.4646,5.4646,5.4646,5.4646
12.210000,5.4669,5.4669,5.4669,5.4669,5.4669,5.4669,5.4669,5.4669,5.4669,5.4669,5.4669,5.4669,5.4669,5.4669,5.4669
12.220000,5.4691,5.4691,5.4691,5.4691,5.4691,5.4691,5.4691,5.4691,5.4691,5.4691,5.4691,5.4691,5.4691,5.4691,5.4691
12.230000,5.4713,5.4713,5.4713,5.4713,5.4713,5.4713,5.4713,5.4713,5.4713,5.4713,5.4713,5.4713,5.4713,5.4713,5.4713
12.240000,5.4734,5.4734,5.4734,5.4734,5.4734,5.4734,5.4734,5.4734,5.4734,5.4734,5.4734,5.4734,5.4734,5.4734,5.4734
12.250000,5.4754,5.4754,5.4754,5.4754,5.4754,5.4754,5.4754,5.4754,5.4754,5.4754,5.4754,5.4754,5.4754,5.4754,5.4754
12.260000,5.4773,5.4773,5.4773,5.4773,5.4773,5.4773,5.4773,5.4773,5.4773,5.4773,5.4773,5.4773,5.4773,5.4773,5.4773
12.270000,5.4792,5.4792,5.4792,5.4792,5.4792,5.4792,5.4792,5.4792,5.4792,5.4792,5.4792,5.4792,5.4792,5.4792,5.4792
12.280000,5.4809,5.4809,5.4809,5.4809,5.4809,5.4809,5.4809,5.4809,5.4809,5.4809,5.4809,5.4809,5.4809,5.4809,5.4809
12.290000,5.4826,5.4826,5.4826,5.4826,5.4826,5.4826,5.4826,5.4826,5.4826,5.4826,5.4826,5.4826,5.4826,5.4826,5.4826
12.300000,5.4842,5.4842,5.4842,5.4842,5.4842,5.4842,5.4842,5.4842,5.4842,5.4842,5.4842,5.4842,5.4842,5.4842,5.4842
12.310000,5.4858,5.4858,5.4858,5.4858,5.4858,5.4858,5.4858,5.4858,5.4858,5.4858,5.4858,5.4858,5.4858,5.4858,5.4858
12.320000,5.4872,5.4872,5.4872,5.4872,5.4872,5.4872,5.4872,5.4872,5.4872,5.4872,5.4872,5.4872,5.4872,5.4872,5.4872
12.330000,5.4886,5.4886,5.4886,5.4886,5.4886,5.4886,5.4886,5.4886,5.4886,5.4886,5.4886,5.4886,5.4886,5.4886,5.4886
12.340000,5.4899,5.4899,5.4899,5.4899,5.4899,5.4899,5.4899,5.4899,5.4899,5.4899,5.4899,5.4899,5.4899,5.4899,5.4899
12.350000,5.4911,5.4911,5.4911,5.4911,5.4911,5.4911,5.4911,5.4911,5.4911,5.4911,5.4911,5.4911,5.4911,5.4911,5.4911
12.360000,5.4923,5.4923,5.4923,5.4923,5.4923,5.4923,5.4923,5.4923,5.4923,5.4923,5.4923,5.4923,5.4923,5.4923,5.4923
12.370000,5.4933,5.4933,5.4933,5.4933,5.4933,5.4933,5.4933,5.4933,5.4933,5.4933,5.4933,5.4933,5.4933,5.4933,5.4933
12.380000,5.4943,5.4943,5.4943,5.4943,5.4943,5.4943,5.4943,5.4943,5.4943,5.4943,5.4943,5.4943,5.4943,5.4943,5.4943
12.390000,5.4952,5.4952,5.4952,5.4952,5.4952,5.4952,5.4952,5.4952,5.4952,5.4952,5.4952,5.4952,5.4952,5.4952,5.4952
12.400000,5.4961,5.4961,5.4961,5.4961,5.4961,5.4961,5.4961,5.4961,5.4961,5.4961,5.4961,5.4961,5.4961,5.4961,5.4961
12.410000,5.4968,5.4968,5.4968,5.4968,5.4968,5.4968,5.4968,5.4968,5.4968,5.4968,5.4968,5.4968,5.4968,5.4968,5.4968
12.420000,5.4975,5.4975,5.4975,5.4975,5.4975,5.4975,5.4975,5.4975,5.4975,5.4975,5.4975,5.4975,5.4975,5.4975,5.4975
12.430000,5.4981,5.4981,5.4981,5.4981,5.4981,5.4981,5.4981,5.4981,5.4981,5.4981,5.4981,5.4981,5.4981,5.4981,5.4981
12.440000,5.4986,5.4986,5.4986,5.4986,5.4986,5.4986,5.4986,5.4986,5.4986,5.4986,5.4986,5.4986,5.4986,5.4986,5.4986
12.450000,5.4990,5.4990,5.4990,5.4990,5.4990,5.4990,5.4990,5.4990,5.4990,5.4990,5.4990,5.4990,5.4990,5.4990,5.4990
12.460000,5.4994,5.4994,5.4994,5.4994,5.4994,5.4994,5.4994,5.4994,5.4994,5.4994,5.4994,5.4994,5.4994,5.4994,5.4994
12.470000,5.4996,5.4996,5.4996,5.4996,5.4996,5.4996,5.4996,5.4996,5.4996,5.4996,5.4996,5.4996,5.4996,5.4996,5.4996
12.480000,5.4998,5.4998,5.4998,5.4998,5.4998,5.4998,5.4998,5.4998,5.4998,5.4998,5.4998,5.4998,5.4998,5.4998,5.4998
12.490000,5.5000,5.5000,5.5000,5.5000,5.5000,5.5000,5.5000,5.5000,5.5000,5.5000,5.5000,5.5000,5.5000,5.5000,5.5000
12.500000,5.5000,5.5000,5.5000,5.5000,5.5000,5.5000,5.5000,5.5000,5.5000,5.5000,5.5000,5.5000,5.5000,5.5000,5.5000
12.510000,5.5000,5.5000,5.5000,5.5000,5.5000,5.5000,5.5000,5.5000,5.5000,5.5000,5.5000,5.5000,5.5000,5.5000,5.5000
12.520000,5.4998,5.4998,5.4998,5.4998,5.4998,5.4998,5.4998,5.4998,5.4998,5.4998,5.4998,5.4998,5.4998,5.4998,5.4998
12.530000,5.4996,5.4996,5.4996,5.4996,5.4996,5.4996,5.4996,5.4996,5.4996,5.4996,5.4996,5.4996,5.4996,5.4996,5.4996
12.540000,5.4994,5.4994,5.4994,5.4994,5.4994,5.4994,5.4994,5.4994,5.4994,5.4994,5.4994,5.4994,5.4994,5.4994,5.4994
12.550000,5.4990,5.4990,5.4990,5.4990,5.4990,5.4990,5.4990,5.4990,5.4990,5.4990,5.4990,5.4990,5.4990,5.4990,5.4990
12.560000,5.4986,5.4986,5.4986,5.4986,5.4986,5.4986,5.4986,5.4986,5.4986,5.4986,5.4986,5.4986,5.4986,5.4986,5.4986
12.570000,5.4981,5.4981,5.4981,5.4981,5.4981,5.4981,5.4981,5.4981,5.4981,5.4981,5.4981,5.4981,5.4981,5.4981,5.4981
12.580000,5.4975,5.4975,5.4975,5.4975,5.4975,5.4975,5.4975,5.4975,5.4975,5.4975,5.4975,5.4975,5.4975,5.4975,5.4975
12.590000,5.4968,5.4968,5.4968,5.4968,5.4968,5.4968,5.4968,5.4968,5.4968,5.4968,5.4968,5.4968,5.4968,5.4968,5.4968
12.600000,5.4961,5.4961,5.4961,5.4961,5.4961,5.4961,5.4961,5.4961,5.4961,5.4961,5.4961,5.4961,5.4961,5.4961,5.4961
12.610000,5.4952,5.4952,5.4952,5.4952,5.4952,5.4952,5.4952,5.4952,5.4952,5.4952,5.4952,5.4952,5.4952,5.4952,5.4952
12.620000,5.4943,5.4943,5.4943,5.4943,5.4943,5.4943,5.4943,5.4943,5.4943,5.4943,5.4943,5.4943,5.4943,5.4943,5.4943
12.630000,5.4933,5.4933,5.4933,5.4933,5.4933,5.4933,5.4933,5.4933,5.4933,5.4933,5.4933,5.4933,5.4933,5.4933,5.4933
12.640000,5.4923,5.4923,5.4923,5.4923,5.4923,5.4923,5.4923,5.4923,5.4923,5.4923,5.4923,5.4923,5.4923,5.4923,5.4923
12.650000,5.4911,5.4911,5.4911,5.4911,5.4911,5.4911,5.4911,5.4911,5.4911,5.4911,5.4911,5.4911,5.4911,5.4911,5.4911
12.660000,5.4899,5.4899,5.4899,5.4899,5.4899,5.4899,5.4899,5.4899,5.4899,5.4899,5.4899,5.4899,5.4899,5.4899,5.4899
12.670000,5.4886,5.4886,5.4886,5.4886,5.4886,5.4886,5.4886,5.4886,5.4886,5.4886,5.4886,5.4886,5.4886,5.4886,5.4886
12.680000,5.4872,5.4872,5.4872,5.4872,5.4872,5.4872,5.4872,5.4872,5.4872,5.4872,5.4872,5.4872,5.4872,5.4872,5.4872
12.690000,5.4858,5.4858,5.4858,5.4858,5.4858,5.4858,5.4858,5.4858,5.4858,5.4858,5.4858,5.4858,5.4858,5.4858,5.4858
12.700000,5.4842,5.4842,5.4842,5.4842,5.4842,5.4842,5.4842,5.4842,5.4842,5.4842,5.4842,5.4842,5.4842,5.4842,5.4842
12.710000,5.4826,5.4826,5.4826,5.4826,5.4826,5.4826,5.4826,5.4826,5.4826,5.4826,5.4826,5.4826,5.4826,5.4826,5.4826
12.720000,5.4809,5.4809,5.4809,5.4809,5.4809,5.4809,5.4809,5.4809,5.4809,5.4809,5.4809,5.4809,5.4809,5.4809,5.4809
12.730000,5.4792,5.4792,5.4792,5.4792,5.4792,5.4792,5.4792,5.4792,5.4792,5.4792,5.4792,5.4792,5.4792,5.4792,5.4792
12.740000,5.4773,5.4773,5.4773,5.4773,5.4773,5.4773,5.4773,5.4773,5.4773,5.4773,5.4773,5.4773,5.4773,5.4773,5.4773
12.750000,5.4754,5.4754,5.4754,5.4754,5.4754,5.4754,5.4754,5.4754,5.4754,5.4754,5.4754,5.4754,5.4754,5.4754,5.4754
12.760000,5.4734,5.4734,5.4734,5.4734,5.4734,5.4734,5.4734,5.4734,5.4734,5.4734,5.4734,5.4734,5.4734,5.4734,5.4734
12.770000,5.4713,5.4713,5.4713,5.4713,5.4713,5.4713,5.4713,5.4713,5.4713,5.4713,5.4713,5.4713,5.4713,5.4713,5.4713
12.780000,5.4691,5.4691,5.4691,5.4691,5.4691,5.4691,5.4691,5.4691,5.4691,5.4691,5.4691,5.4691,5.4691,5.4691,5.4691
12.790000,5.4669,5.4669,5.4669,5.4669,5.4669,5.4669,5.4669,5.4669,5.4669,5.4669,5.4669,5.4669,5.4669,5.4669,5.4669
12.800000,5.4646,5.4646,5.4646,5.4646,5.4646,5.4646,5.4646,5.4646,5.4646,5.4646,5.4646,5.4646,5.4646,5.4646,5.4646
12.810000,5.4622,5.4622,5.4622,5.4622,5.4622,5.4622,5.4622,5.4622,5.4622,5.4622,5.4622,5.4622,5.4622,5.4622,5.4622
12.820000,5.4597,5.4597,5.4597,5.4597,5.4597,5.4597,5.4597,5.4597,5.4597,5.4597,5.4597,5.4597,5.4597,5.4597,5.4597
12.830000,5.4572,5.4572,5.4572,5.4572,5.4572,5.4572,5.4572,5.4572,5.4572,5.4572,5.4572,5.4572,5.4572,5.4572,5.4572
12.840000,5.4545,5.4545,5.4545,5.4545,5.4545,5.4545,5.4545,5.4545,5.4545,5.4545,5.4545,5.4545,5.4545,5.4545,5.4545
12.850000,5.4518,5.4518,5.4518,5.4518,5.4518,5.4518,5.4518,5.4518,5.4518,5.4518,5.4518,5.4518,5.4518,5.4518,5.4518
12.860000,5.4491,5.4491,5.4491,5.4491,5.4491,5.4491,5.4491,5.4491,5.4491,5.4491,5.4491,5.4491,5.4491,5.4491,5.4491
12.870000,5.4462,5.4462,5.4462,5.4462,5.4462,5.4462,5.4462,5.4462,5.4462,5.4462,5.4462,5.4462,5.4462,5.4462,5.4462
12.880000,5.4433,5.4433,5.4433,5.4433,5.4433,5.4433,5.4433,5.4433,5.4433,5.4433,5.4433,5.4433,5.4433,5.4433,5.4433
12.890000,5.4403,5.4403,5.4403,5.4403,5.4403,5.4403,5.4403,5.4403,5.4403,5.4403,5.4403,5.4403,5.4403,5.4403,5.4403
12.900000,5.4372,5.4372,5.4372,5.4372,5.4372,5.4372,5.4372,5.4372,5.4372,5.4372,5.4372,5.4372,5.4372,5.4372,5.4372
12.910000,5.4340,5.4340,5.4340,5.4340,5.4340,5.4340,5.4340,5.4340,5.4340,5.4340,5.4340,5.4340,5.4340,5.4340,5.4340
12.920000,5.4308,5.4308,5.4308,5.4308,5.4308,5.4308,5.4308,5.4308,5.4308,5.4308,5.4308,5.4308,5.4308,5.4308,5.4308
12.930000,5.4274,5.4274,5.4274,5.4274,5.4274,5.4274,5.4274,5.4274,5.4274,5.4274,5.4274,5.4274,5.4274,5.4274,5.4274
12.940000,5.4241,5.4241,5.4241,5.4241,5.4241,5.4241,5.4241,5.4241,5.4241,5.4241,5.4241,5.4241,5.4241,5.4241,5.4241
12.950000,5.4206,5.4206,5.4206,5.4206,5.4206,5.4206,5.4206,5.4206,5.4206,5.4206,5.4206,5.4206,5.4206,5.4206,5.4206
12.960000,5.4170,5.4170,5.4170,5.4170,5.4170,5.4170,5.4170,5.4170,5.4170,5.4170,5.4170,5.4170,5.4170,5.4170,5.4170
12.970000,5.4134,5.4134,5.4134,5.4134,5.4134,5.4134,5.4134,5.4134,5.4134,5.4134,5.4134,5.4134,5.4134,5.4134,5.4134
12.980000,5.4097,5.4097,5.4097,5.4097,5.4097,5.4097,5.4097,5.4097,5.4097,5.4097,5.4097,5.4097,5.4097,5.4097,5.4097
12.990000,5.4060,5.4060,5.4060,5.4060,5.4060,5.4060,5.4060,5.4060,5.4060,5.4060,5.4060,5.4060,5.4060,5.4060,5.4060
13.000000,5.4021,5.4021,5.4021,5.4021,5.4021,5.4021,5.4021,5.4021,5.4021,5.4021,5.4021,5.4021,5.4021,5.4021,5.4021
13.010000,5.3982,5.3982,5.3982,5.3982,5.3982,5.3982,5.3982,5.3982,5.3982,5.3982,5.3982,5.3982,5.3982,5.3982,5.3982
13.020000,5.3942,5.3942,5.3942,5.3942,5.3942,5.3942,5.3942,5.3942,5.3942,5.3942,5.3942,5.3942,5.3942,5.3942,5.3942
13.030000,5.3901,5.3901,5.3901,5.3901,5.3901,5.3901,5.3901,5.3901,5.3901,5.3901,5.3901,5.3901,5.3901,5.3901,5.3901
13.040000,5.3860,5.3860,5.3860,5.3860,5.3860,5.3860,5.3860,5.3860,5.3860,5.3860,5.3860,5.3860,5.3860,5.3860,5.3860
13.050000,5.3818,5.3818,5.3818,5.3818,5.3818,5.3818,5.3818,5.3818,5.3818,5.3818,5.3818,5.3818,5.3818,5.3818,5.3818
13.060000,5.3775,5.3775,5.3775,5.3775,5.3775,5.3775,5.3775,5.3775,5.3775,5.3775,5.3775,5.3775,5.3775,5.3775,5.3775
13.070000,5.3731,5.3731,5.3731,5.3731,5.3731,5.3731,5.3731,5.3731,5.3731,5.3731,5.3731,5.3731,5.3731,5.3731,5.3731
13.080000,5.3687,5.3687,5.3687,5.3687,5.3687,5.3687,5.3687,5.3687,5.3687,5.3687,5.3687,5.3687,5.3687,5.3687,5.3687
13.090000,5.3641,5.3641,5.3641,5.3641,5.3641,5.3641,5.3641,5.3641,5.3641,5.3641,5.3641,5.3641,5.3641,5.3641,5.3641
13.100000,5.3596,5.3596,5.3596,5.3596,5.3596,5.3596,5.3596,5.3596,5.3596,5.3596,5.3596,5.3596,5.3596,5.3596,5.3596
13.110000,5.3549,5.3549,5.3549,5.3549,5.3549,5.3549,5.3549,5.3549,5.3549,5.3549,5.3549,5.3549,5.3549,5.3549,5.3549
13.120000,5.3502,5.3502,5.3502,5.3502,5.3502,5.3502,5.3502,5.3502,5.3502,5.3502,5.3502,5.3502,5.3502,5.3502,5.3502
13.130000,5.3453,5.3453,5.3453,5.3453,5.3453,5.3453,5.3453,5.3453,5.3453,5.3453,5.3453,5.3453,5.3453,5.3453,5.3453
13.140000,5.3405,5.3405,5.3405,5.3405,5.3405,5.3405,5.3405,5.3405,5.3405,5.3405,5.3405,5.3405,5.3405,5.3405,5.3405
13.150000,5.3355,5.3355,5.3355,5.3355,5.3355,5.3355,5.3355,5.3355,5.3355,5.3355,5.3355,5.3355,5.3355,5.3355,5.3355
13.160000,5.3305,5.3305,5.3305,5.3305,5.3305,5.3305,5.3305,5.3305,5.3305,5.3305,5.3305,5.3305,5.3305,5.3305,5.3305
13.170000,5.3254,5.3254,5.3254,5.3254,5.3254,5.3254,5.3254,5.3254,5.3254,5.3254,5.3254,5.3254,5.3254,5.3254,5.3254
13.180000,5.3202,5.3202,5.3202,5.3202,5.3202,5.3202,5.3202,5.3202,5.3202,5.3202,5.3202,5.3202,5.3202,5.3202,5.3202
13.190000,5.3150,5.3150,5.3150,5.3150,5.3150,5.3150,5.3150,5.3150,5.3150,5.3150,5.3150,5.3150,5.3150,5.3150,5.3150
13.200000,5.3097,5.3097,5.3097,5.3097,5.3097,5.3097,5.3097,5.3097,5.3097,5.3097,5.3097,5.3097,5.3097,5.3097,5.3097
13.210000,5.3043,5.3043,5.3043,5.3043,5.3043,5.3043,5.3043,5.3043,5.3043,5.3043,5.3043,5.3043,5.3043,5.3043,5.3043
13.220000,5.2988,5.2988,5.2988,5.2988,5.2988,5.2988,5.2988,5.2988,5.2988,5.2988,5.2988,5.2988,5.2988,5.2988,5.2988
13.230000,5.2933,5.2933,5.2933,5.2933,5.2933,5.2933,5.2933,5.2933,5.2933,5.2933,5.2933,5.2933,5.2933,5.2933,5.2933
13.240000,5.2877,5.2877,5.2877,5.2877,5.2877,5.2877,5.2877,5.2877,5.2877,5.2877,5.2877,5.2877,5.2877,5.2877,5.2877
13.250000,5.2820,5.2820,5.2820,5.2820,5.2820,5.2820,5.2820,5.2820,5.2820,5.2820,5.2820,5.2820,5.2820,5.2820,5.2820
13.260000,5.2763,5.2763,5.2763,5.2763,5.2763,5.2763,5.2763,5.2763,5.2763,5.2763,5.2763,5.2763,5.2763,5.2763,5.2763
13.270000,5.2705,5.2705,5.2705,5.2705,5.2705,5.2705,5.2705,5.2705,5.2705,5.2705,5.2705,5.2705,5.2705,5.2705,5.2705
13.280000,5.2646,5.2646,5.2646,5.2646,5.2646,5.2646,5.2646,5.2646,5.2646,5.2646,5.2646,5.2646,5.2646,5.2646,5.2646
13.290000,5.2586,5.2586,5.2586,5.2586,5.2586,5.2586,5.2586,5.2586,5.2586,5.2586,5.2586,5.2586,5.2586,5.2586,5.2586
13.300000,5.2526,5.2526,5.2526,5.2526,5.2526,5.2526,5.2526,5.2526,5.2526,5.2526,5.2526,5.2526,5.2526,5.2526,5.2526
13.310000,5.2465,5.2465,5.2465,5.2465,5.2465,5.2465,5.2465,5.2465,5.2465,5.2465,5.2465,5.2465,5.2465,5.2465,5.2465
13.320000,5.2404,5.2404,5.2404,5.2404,5.2404,5.2404,5.2404,5.2404,5.2404,5.2404,5.2404,5.2404,5.2404,5.2404,5.2404
13.330000,5.2341,5.2341,5.2341,5.2341,5.2341,5.2341,5.2341,5.2341,5.2341,5.2341,5.2341,5.2341,5.2341,5.2341,5.2341
13.340000,5.2278,5.2278,5.2278,5.2278,5.2278,5.2278,5.2278,5.2278,5.2278,5.2278,5.2278,5.2278,5.2278,5.2278,5.2278
13.350000,5.2215,5.2215,5.2215,5.2215,5.2215,5.2215,5.2215,5.2215,5.2215,5.2215,5.2215,5.2215,5.2215,5.2215,5.2215
13.360000,5.2151,5.2151,5.2151,5.2151,5.2151,5.2151,5.2151,5.2151,5.2151,5.2151,5.2151,5.2151,5.2151,5.2151,5.2151
13.370000,5.2086,5.2086,5.2086,5.2086,5.2086,5.2086,5.2086,5.2086,5.2086,5.2086,5.2086,5.2086,5.2086,5.2086,5.2086
13.380000,5.2020,5.2020,5.2020,5.2020,5.2020,5.2020,5.2020,5.2020,5.2020,5.2020,5.2020,5.2020,5.2020,5.2020,5.2020
13.390000,5.1954,5.1954,5.1954,5.1954,5.1954,5.1954,5.1954,5.1954,5.1954,5.1954,5.1954,5.1954,5.1954,5.1954,5.1954
13.400000,5.1887,5.1887,5.1887,5.1887,5.1887,5.1887,5.1887,5.1887,5.1887,5.1887,5.1887,5.1887,5.1887,5.1887,5.1887
13.410000,5.1819,5.1819,5.1819,5.1819,5.1819,5.1819,5.1819,5.1819,5.1819,5.1819,5.1819,5.1819,5.1819,5.1819,5.1819
13.420000,5.1751,5.1751,5.1751,5.1751,5.1751,5.1751,5.1751,5.1751,5.1751,5.1751,5.1751,5.1751,5.1751,5.1751,5.1751
13.430000,5.1682,5.1682,5.1682,5.1682,5.1682,5.1682,5.1682,5.1682,5.1682,5.1682,5.1682,5.1682,5.1682,5.1682,5.1682
13.440000,5.1612,5.1612,5.1612,5.1612,5.1612,5.1612,5.1612,5.1612,5.1612,5.1612,5.1612,5.1612,5.1612,5.1612,5.1612
13.450000,5.1542,5.1542,5.1542,5.1542,5.1542,5.1542,5.1542,5.1542,5.1542,5.1542,5.1542,5.1542,5.1542,5.1542,5.1542
13.460000,5.1471,5.1471,5.1471,5.1471,5.1471,5.1471,5.1471,5.1471,5.1471,5.1471,5.1471,5.1471,5.1471,5.1471,5.1471
13.470000,5.1399,5.1399,5.1399,5.1399,5.1399,5.1399,5.1399,5.1399,5.1399,5.1399,5.1399,5.1399,5.1399,5.1399,5.1399
13.480000,5.1327,5.1327,5.1327,5.1327,5.1327,5.1327,5.1327,5.1327,5.1327,5.1327,5.1327,5.1327,5.1327,5.1327,5.1327
13.490000,5.1254,5.1254,5.1254,5.1254,5.1254,5.1254,5.1254,5.1254,5.1254,5.1254,5.1254,5.1254,5.1254,5.1254,5.1254
13.500000,5.1180,5.1180,5.1180,5.1180,5.1180,5.1180,5.1180,5.1180,5.1180,5.1180,5.1180,5.1180,5.1180,5.1180,5.1180
13.510000,5.1106,5.1106,5.1106,5.1106,5.1106,5.1106,5.1106,5.1106,5.1106,5.1106,5.1106,5.1106,5.1106,5.1106,5.1106
13.520000,5.1031,5.1031,5.1031,5.1031,5.1031,5.1031,5.1031,5.1031,5.1031,5.1031,5.1031,5.1031,5.1031,5.1031,5.1031
13.530000,5.0956,5.0956,5.0956,5.0956,5.0956,5.0956,5.0956,5.0956,5.0956,5.0956,5.0956,5.0956,5.0956,5.0956,5.0956
13.540000,5.0880,5.0880,5.0880,5.0880,5.0880,5.0880,5.0880,5.0880,5.0880,5.0880,5.0880,5.0880,5.0880,5.0880,5.0880
13.550000,5.0803,5.0803,5.0803,5.0803,5.0803,5.0803,5.0803,5.0803,5.0803,5.0803,5.0803,5.0803,5.0803,5.0803,5.0803
13.560000,5.0726,5.0726,5.0726,5.0726,5.0726,5.0726,5.0726,5.0726,5.0726,5.0726,5.0726,5.0726,5.0726,5.0726,5.0726
13.570000,5.0648,5.0648,5.0648,5.0648,5.0648,5.0648,5.0648,5.0648,5.0648,5.0648,5.0648,5.0648,5.0648,5.0648,5.0648
13.580000,5.0569,5.0569,5.0569,5.0569,5.0569,5.0569,5.0569,5.0569,5.0569,5.0569,5.0569,5.0569,5.0569,5.0569,5.0569
13.590000,5.0490,5.0490,5.0490,5.0490,5.0490,5.0490,5.0490,5.0490,5.0490,5.0490,5.0490,5.0490,5.0490,5.0490,5.0490
13.600000,5.0410,5.0410,5.0410,5.0410,5.0410,5.0410,5.0410,5.0410,5.0410,5.0410,5.0410,5.0410,5.0410,5.0410,5.0410
13.610000,5.0330,5.0330,5.0330,5.0330,5.0330,5.0330,5.0330,5.0330,5.0330,5.0330,5.0330,5.0330,5.0330,5.0330,5.0330
13.620000,5.0249,5.0249,5.0249,5.0249,5.0249,5.0249,5.0249,5.0249,5.0249,5.0249,5.0249,5.0249,5.0249,5.0249,5.0249
13.630000,5.0167,5.0167,5.0167,5.0167,5.0167,5.0167,5.0167,5.0167,5.0167,5.0167,5.0167,5.0167,5.0167,5.0167,5.0167
13.640000,5.0085,5.0085,5.0085,5.0085,5.0085,5.0085,5.0085,5.0085,5.0085,5.0085,5.0085,5.0085,5.0085,5.0085,5.0085
13.650000,5.0002,5.0002,5.0002,5.0002,5.0002,5.0002,5.0002,5.0002,5.0002,5.0002,5.0002,5.0002,5.0002,5.0002,5.0002
13.660000,4.9919,4.9919,4.9919,4.9919,4.9919,4.9919,4.9919,4.9919,4.9919,4.9919,4.9919,4.9919,4.9919,4.9919,4.9919
13.670000,4.9835,4.9835,4.9835,4.9835,4.9835,4.9835,4.9835,4.9835,4.9835,4.9835,4.9835,4.9835,4.9835,4.9835,4.9835
13.680000,4.9750,4.9750,4.9750,4.9750,4.9750,4.9750,4.9750,4.9750,4.9750,4.9750,4.9750,4.9750,4.9750,4.9750,4.9750
13.690000,4.9665,4.9665,4.9665,4.9665,4.9665,4.9665,4.9665,4.9665,4.9665,4.9665,4.9665,4.9665,4.9665,4.9665,4.9665
13.700000,4.9579,4.9579,4.9579,4.9579,4.9579,4.9579,4.9579,4.9579,4.9579,4.9579,4.9579,4.9579,4.9579,4.9579,4.9579
13.710000,4.9493,4.9493,4.9493,4.9493,4.9493,4.9493,4.9493,4.9493,4.9493,4.9493,4.9493,4.9493,4.9493,4.9493,4.9493
13.720000,4.9406,4.9406,4.9406,4.9406,4.9406,4.9406,4.9406,4.9406,4.9406,4.9406,4.9406,4.9406,4.9406,4.9406,4.9406
13.730000,4.9319,4.9319,4.9319,4.9319,4.9319,4.9319,4.9319,4.9319,4.9319,4.9319,4.9319,4.9319,4.9319,4.9319,4.9319
13.740000,4.9231,4.9231,4.9231,4.9231,4.9231,4.9231,4.9231,4.9231,4.9231,4.9231,4.9231,4.9231,4.9231,4.9231,4.9231
13.750000,4.9142,4.9142,4.9142,4.9142,4.9142,4.9142,4.9142,4.9142,4.9142,4.9142,4.9142,4.9142,4.9142,4.9142,4.9142
13.760000,4.9053,4.9053,4.9053,4.9053,4.9053,4.9053,4.9053,4.9053,4.9053,4.9053,4.9053,4.9053,4.9053,4.9053,4.9053
13.770000,4.8963,4.8963,4.8963,4.8963,4.8963,4.8963,4.8963,4.8963,4.8963,4.8963,4.8963,4.8963,4.8963,4.8963,4.8963
13.780000,4.8873,4.8873,4.8873,4.8873,4.8873,4.8873,4.8873,4.8873,4.8873,4.8873,4.8873,4.8873,4.8873,4.8873,4.8873
13.790000,4.8782,4.8782,4.8782,4.8782,4.8782,4.8782,4.8782,4.8782,4.8782,4.8782,4.8782,4.8782,4.8782,4.8782,4.8782
13.800000,4.8691,4.8691,4.8691,4.8691,4.8691,4.8691,4.8691,4.8691,4.8691,4.8691,4.8691,4.8691,4.8691,4.8691,4.8691
13.810000,4.8599,4.8599,4.8599,4.8599,4.8599,4.8599,4.8599,4.8599,4.8599,4.8599,4.8599,4.8599,4.8599,4.8599,4.8599
13.820000,4.8507,4.8507,4.8507,4.8507,4.8507,4.8507,4.8507,4.8507,4.8507,4.8507,4.8507,4.8507,4.8507,4.8507,4.8507
13.830000,4.8414,4.8414,4.8414,4.8414,4.8414,4.8414,4.8414,4.8414,4.8414,4.8414,4.8414,4.8414,4.8414,4.8414,4.8414
13.840000,4.8320,4.8320,4.8320,4.8320,4.8320,4.8320,4.8320,4.8320,4.8320,4.8320,4.8320,4.8320,4.8320,4.8320,4.8320
13.850000,4.8226,4.8226,4.8226,4.8226,4.8226,4.8226,4.8226,4.8226,4.8226,4.8226,4.8226,4.8226,4.8226,4.8226,4.8226
13.860000,4.8132,4.8132,4.8132,4.8132,4.8132,4.8132,4.8132,4.8132,4.8132,4.8132,4.8132,4.8132,4.8132,4.8132,4.8132
13.870000,4.8037,4.8037,4.8037,4.8037,4.8037,4.8037,4.8037,4.8037,4.8037,4.8037,4.8037,4.8037,4.8037,4.8037,4.8037
13.880000,4.7941,4.7941,4.7941,4.7941,4.7941,4.7941,4.7941,4.7941,4.7941,4.7941,4.7941,4.7941,4.7941,4.7941,4.7941
13.890000,4.7845,4.7845,4.7845,4.7845,4.7845,4.7845,4.7845,4.7845,4.7845,4.7845,4.7845,4.7845,4.7845,4.7845,4.7845
13.900000,4.7748,4.7748,4.7748,4.7748,4.7748,4.7748,4.7748,4.7748,4.7748,4.7748,4.7748,4.7748,4.7748,4.7748,4.7748
13.910000,4.7651,4.7651,4.7651,4.7651,4.7651,4.7651,4.7651,4.7651,4.7651,4.7651,4.7651,4.7651,4.7651,4.7651,4.7651
13.920000,4.7554,4.7554,4.7554,4.7554,4.7554,4.7554,4.7554,4.7554,4.7554,4.7554,4.7554,4.7554,4.7554,4.7554,4.7554
13.930000,4.7456,4.7456,4.7456,4.7456,4.7456,4.7456,4.7456,4.7456,4.7456,4.7456,4.7456,4.7456,4.7456,4.7456,4.7456
13.940000,4.7357,4.7357,4.7357,4.7357,4.7357,4.7357,4.7357,4.7357,4.7357,4.7357,4.7357,4.7357,4.7357,4.7357,4.7357
13.950000,4.7258,4.7258,4.7258,4.7258,4.7258,4.7258,4.7258,4.7258,4.7258,4.7258,4.7258,4.7258,4.7258,4.7258,4.7258
13.960000,4.7159,4.7159,4.7159,4.7159,4.7159,4.7159,4.7159,4.7159,4.7159,4.7159,4.7159,4.7159,4.7159,4.7159,4.7159
13.970000,4.7059,4.7059,4.7059,4.7059,4.7059,4.7059,4.7059,4.7059,4.7059,4.7059,4.7059,4.7059,4.7059,4.7059,4.7059
13.980000,4.6958,4.6958,4.6958,4.6958,4.6958,4.6958,4.6958,4.6958,4.6958,4.6958,4.6958,4.6958,4.6958,4.6958,4.6958
13.990000,4.6857,4.6857,4.6857,4.6857,4.6857,4.6857,4.6857,4.6857,4.6857,4.6857,4.6857,4.6857,4.6857,4.6857,4.6857
14.000000,4.6756,4.6756,4.6756,4.6756,4.6756,4.6756,4.6756,4.6756,4.6756,4.6756,4.6756,4.6756,4.6756,4.6756,4.6756
14.010000,4.6654,4.6654,4.6654,4.6654,4.6654,4.6654,4.6654,4.6654,4.6654,4.6654,4.6654,4.6654,4.6654,4.6654,4.6654
14.020000,4.6551,4.6551,4.6551,4.6551,4.6551,4.6551,4.6551,4.6551,4.6551,4.6551,4.6551,4.6551,4.6551,4.6551,4.6551
14.030000,4.6449,4.6449,4.6449,4.6449,4.6449,4.6449,4.6449,4.6449,4.6449,4.6449,4.6449,4.6449,4.6449,4.6449,4.6449
14.040000,4.6345,4.6345,4.6345,4.6345,4.6345,4.6345,4.6345,4.6345,4.6345,4.6345,4.6345,4.6345,4.6345,4.6345,4.6345
14.050000,4.6242,4.6242,4.6242,4.6242,4.6242,4.6242,4.6242,4.6242,4.6242,4.6242,4.6242,4.6242,4.6242,4.6242,4.6242
14.060000,4.6138,4.6138,4.6138,4.6138,4.6138,4.6138,4.6138,4.6138,4.6138,4.6138,4.6138,4.6138,4.6138,4.6138,4.6138
14.070000,4.6033,4.6033,4.6033,4.6033,4.6033,4.6033,4.6033,4.6033,4.6033,4.6033,4.6033,4.6033,4.6033,4.6033,4.6033
14.080000,4.5928,4.5928,4.5928,4.5928,4.5928,4.5928,4.5928,4.5928,4.5928,4.5928,4.5928,4.5928,4.5928,4.5928,4.5928
14.090000,4.5822,4.5822,4.5822,4.5822,4.5822,4.5822,4.5822,4.5822,4.5822,4.5822,4.5822,4.5822,4.5822,4.5822,4.5822
14.100000,4.5717,4.5717,4.5717,4.5717,4.5717,4.5717,4.5717,4.5717,4.5717,4.5717,4.5717,4.5717,4.5717,4.5717,4.5717
14.110000,4.5610,4.5610,4.5610,4.5610,4.5610,4.5610,4.5610,4.5610,4.5610,4.5610,4.5610,4.5610,4.5610,4.5610,4.5610
14.120000,4.5503,4.5503,4.5503,4.5503,4.5503,4.5503,4.5503,4.5503,4.5503,4.5503,4.5503,4.5503,4.5503,4.5503,4.5503
14.130000,4.5396,4.5396,4.5396,4.5396,4.5396,4.5396,4.5396,4.5396,4.5396,4.5396,4.5396,4.5396,4.5396,4.5396,4.5396
14.140000,4.5289,4.5289,4.5289,4.5289,4.5289,4.5289,4.5289,4.5289,4.5289,4.5289,4.5289,4.5289,4.5289,4.5289,4.5289
14.150000,4.5181,4.5181,4.5181,4.5181,4.5181,4.5181,4.5181,4.5181,4.5181,4.5181,4.5181,4.5181,4.5181,4.5181,4.5181
14.160000,4.5072,4.5072,4.5072,4.5072,4.5072,4.5072,4.5072,4.5072,4.5072,4.5072,4.5072,4.5072,4.5072,4.5072,4.5072
14.170000,4.4964,4.4964,4.4964,4.4964,4.4964,4.4964,4.4964,4.4964,4.4964,4.4964,4.4964,4.4964,4.4964,4.4964,4.4964
14.180000,4.4855,4.4855,4.4855,4.4855,4.4855,4.4855,4.4855,4.4855,4.4855,4.4855,4.4855,4.4855,4.4855,4.4855,4.4855
14.190000,4.4745,4.4745,4.4745,4.4745,4.4745,4.4745,4.4745,4.4745,4.4745,4.4745,4.4745,4.4745,4.4745,4.4745,4.4745
14.200000,4.4635,4.4635,4.4635,4.4635,4.4635,4.4635,4.4635,4.4635,4.4635,4.4635,4.4635,4.4635,4.4635,4.4635,4.4635
14.210000,4.4525,4.4525,4.4525,4.4525,4.4525,4.4525,4.4525,4.4525,4.4525,4.4525,4.4525,4.4525,4.4525,4.4525,4.4525
14.220000,4.4414,4.4414,4.4414,4.4414,4.4414,4.4414,4.4414,4.4414,4.4414,4.4414,4.4414,4.4414,4.4414,4.4414,4.4414
14.230000,4.4303,4.4303,4.4303,4.4303,4.4303,4.4303,4.4303,4.4303,4.4303,4.4303,4.4303,4.4303,4.4303,4.4303,4.4303
14.240000,4.4192,4.4192,4.4192,4.4192,4.4192,4.4192,4.4192,4.4192,4.4192,4.4192,4.4192,4.4192,4.4192,4.4192,4.4192
14.250000,4.4080,4.4080,4.4080,4.4080,4.4080,4.4080,4.4080,4.4080,4.4080,4.4080,4.4080,4.4080,4.4080,4.4080,4.4080
14.260000,4.3968,4.3968,4.3968,4.3968,4.3968,4.3968,4.3968,4.3968,4.3968,4.3968,4.3968,4.3968,4.3968,4.3968,4.3968
14.270000,4.3855,4.3855,4.3855,4.3855,4.3855,4.3855,4.3855,4.3855,4.3855,4.3855,4.3855,4.3855,4.3855,4.3855,4.3855
14.280000,4.3742,4.3742,4.3742,4.3742,4.3742,4.3742,4.3742,4.3742,4.3742,4.3742,4.3742,4.3742,4.3742,4.3742,4.3742
14.290000,4.3629,4.3629,4.3629,4.3629,4.3629,4.3629,4.3629,4.3629,4.3629,4.3629,4.3629,4.3629,4.3629,4.3629,4.3629
14.300000,4.3516,4.3516,4.3516,4.3516,4.3516,4.3516,4.3516,4.3516,4.3516,4.3516,4.3516,4.3516,4.3516,4.3516,4.3516
14.310000,4.3402,4.3402,4.3402,4.3402,4.3402,4.3402,4.3402,4.3402,4.3402,4.3402,4.3402,4.3402,4.3402,4.3402,4.3402
14.320000,4.3288,4.3288,4.3288,4.3288,4.3288,4.3288,4.3288,4.3288,4.3288,4.3288,4.3288,4.3288,4.3288,4.3288,4.3288
14.330000,4.3173,4.3173,4.3173,4.3173,4.3173,4.3173,4.3173,4.3173,4.3173,4.3173,4.3173,4.3173,4.3173,4.3173,4.3173
14.340000,4.3058,4.3058,4.3058,4.3058,4.3058,4.3058,4.3058,4.3058,4.3058,4.3058,4.3058,4.3058,4.3058,4.3058,4.3058
14.350000,4.2943,4.2943,4.2943,4.2943,4.2943,4.2943,4.2943,4.2943,4.2943,4.2943,4.2943,4.2943,4.2943,4.2943,4.2943
14.360000,4.2827,4.2827,4.2827,4.2827,4.2827,4.2827,4.2827,4.2827,4.2827,4.2827,4.2827,4.2827,4.2827,4.2827,4.2827
14.370000,4.2712,4.2712,4.2712,4.2712,4.2712,4.2712,4.2712,4.2712,4.2712,4.2712,4.2712,4.2712,4.2712,4.2712,4.2712
14.380000,4.2596,4.2596,4.2596,4.2596,4.2596,4.2596,4.2596,4.2596,4.2596,4.2596,4.2596,4.2596,4.2596,4.2596,4.2596
14.390000,4.2479,4.2479,4.2479,4.2479,4.2479,4.2479,4.2479,4.2479,4.2479,4.2479,4.2479,4.2479,4.2479,4.2479,4.2479
14.400000,4.2362,4.2362,4.2362,4.2362,4.2362,4.2362,4.2362,4.2362,4.2362,4.2362,4.2362,4.2362,4.2362,4.2362,4.2362
14.410000,4.2246,4.2246,4.2246,4.2246,4.2246,4.2246,4.2246,4.2246,4.2246,4.2246,4.2246,4.2246,4.2246,4.2246,4.2246
14.420000,4.2128,4.2128,4.2128,4.2128,4.2128,4.2128,4.2128,4.2128,4.2128,4.2128,4.2128,4.2128,4.2128,4.2128,4.2128
14.430000,4.2011,4.2011,4.2011,4.2011,4.2011,4.2011,4.2011,4.2011,4.2011,4.2011,4.2011,4.2011,4.2011,4.2011,4.2011
14.440000,4.1893,4.1893,4.1893,4.1893,4.1893,4.1893,4.1893,4.1893,4.1893,4.1893,4.1893,4.1893,4.1893,4.1893,4.1893
14.450000,4.1775,4.1775,4.1775,4.1775,4.1775,4.1775,4.1775,4.1775,4.1775,4.1775,4.1775,4.1775,4.1775,4.1775,4.1775
14.460000,4.1656,4.1656,4.1656,4.1656,4.1656,4.1656,4.1656,4.1656,4.1656,4.1656,4.1656,4.1656,4.1656,4.1656,4.1656
14.470000,4.1538,4.1538,4.1538,4.1538,4.1538,4.1538,4.1538,4.1538,4.1538,4.1538,4.1538,4.1538,4.1538,4.1538,4.1538
14.480000,4.1419,4.1419,4.1419,4.1419,4.1419,4.1419,4.1419,4.1419,4.1419,4.1419,4.1419,4.1419,4.1419,4.1419,4.1419
14.490000,4.1300,4.1300,4.1300,4.1300,4.1300,4.1300,4.1300,4.1300,4.1300,4.1300,4.1300,4.1300,4.1300,4.1300,4.1300
14.500000,4.1180,4.1180,4.1180,4.1180,4.1180,4.1180,4.1180,4.1180,4.1180,4.1180,4.1180,4.1180,4.1180,4.1180,4.1180
14.510000,4.1061,4.1061,4.1061,4.1061,4.1061,4.1061,4.1061,4.1061,4.1061,4.1061,4.1061,4.1061,4.1061,4.1061,4.1061
14.520000,4.0941,4.0941,4.0941,4.0941,4.0941,4.0941,4.0941,4.0941,4.0941,4.0941,4.0941,4.0941,4.0941,4.0941,4.0941
14.530000,4.0821,4.0821,4.0821,4.0821,4.0821,4.0821,4.0821,4.0821,4.0821,4.0821,4.0821,4.0821,4.0821,4.0821,4.0821
14.540000,4.0700,4.0700,4.0700,4.0700,4.0700,4.0700,4.0700,4.0700,4.0700,4.0700,4.0700,4.0700,4.0700,4.0700,4.0700
14.550000,4.0580,4.0580,4.0580,4.0580,4.0580,4.0580,4.0580,4.0580,4.0580,4.0580,4.0580,4.0580,4.0580,4.0580,4.0580
14.560000,4.0459,4.0459,4.0459,4.0459,4.0459,4.0459,4.0459,4.0459,4.0459,4.0459,4.0459,4.0459,4.0459,4.0459,4.0459
14.570000,4.0338,4.0338,4.0338,4.0338,4.0338,4.0338,4.0338,4.0338,4.0338,4.0338,4.0338,4.0338,4.0338,4.0338,4.0338
14.580000,4.0217,4.0217,4.0217,4.0217,4.0217,4.0217,4.0217,4.0217,4.0217,4.0217,4.0217,4.0217,4.0217,4.0217,4.0217
14.590000,4.0095,4.0095,4.0095,4.0095,4.0095,4.0095,4.0095,4.0095,4.0095,4.0095,4.0095,4.0095,4.0095,4.0095,4.0095
14.600000,3.9974,3.9974,3.9974,3.9974,3.9974,3.9974,3.9974,3.9974,3.9974,3.9974,3.9974,3.9974,3.9974,3.9974,3.9974
14.610000,3.9852,3.9852,3.9852,3.9852,3.9852,3.9852,3.9852,3.9852,3.9852,3.9852,3.9852,3.9852,3.9852,3.9852,3.9852
14.620000,3.9730,3.9730,3.9730,3.9730,3.9730,3.9730,3.9730,3.9730,3.9730,3.9730,3.9730,3.9730,3.9730,3.9730,3.9730
14.630000,3.9608,3.9608,3.9608,3.9608,3.9608,3.9608,3.9608,3.9608,3.9608,3.9608,3.9608,3.9608,3.9608,3.9608,3.9608
14.640000,3.9485,3.9485,3.9485,3.9485,3.9485,3.9485,3.9485,3.9485,3.9485,3.9485,3.9485,3.9485,3.9485,3.9485,3.9485
14.650000,3.9363,3.9363,3.9363,3.9363,3.9363,3.9363,3.9363,3.9363,3.9363,3.9363,3.9363,3.9363,3.9363,3.9363,3.9363
14.660000,3.9240,3.9240,3.9240,3.9240,3.9240,3.9240,3.9240,3.9240,3.9240,3.9240,3.9240,3.9240,3.9240,3.9240,3.9240
14.670000,3.9117,3.9117,3.9117,3.9117,3.9117,3.9117,3.9117,3.9117,3.9117,3.9117,3.9117,3.9117,3.9117,3.9117,3.9117
14.680000,3.8994,3.8994,3.8994,3.8994,3.8994,3.8994,3.8994,3.8994,3.8994,3.8994,3.8994,3.8994,3.8994,3.8994,3.8994
14.690000,3.8871,3.8871,3.8871,3.8871,3.8871,3.8871,3.8871,3.8871,3.8871,3.8871,3.8871,3.8871,3.8871,3.8871,3.8871
14.700000,3.8748,3.8748,3.8748,3.8748,3.8748,3.8748,3.8748,3.8748,3.8748,3.8748,3.8748,3.8748,3.8748,3.8748,3.8748
14.710000,3.8624,3.8624,3.8624,3.8624,3.8624,3.8624,3.8624,3.8624,3.8624,3.8624,3.8624,3.8624,3.8624,3.8624,3.8624
14.720000,3.8500,3.8500,3.8500,3.8500,3.8500,3.8500,3.8500,3.8500,3.8500,3.8500,3.8500,3.8500,3.8500,3.8500,3.8500
14.730000,3.8377,3.8377,3.8377,3.8377,3.8377,3.8377,3.8377,3.8377,3.8377,3.8377,3.8377,3.8377,3.8377,3.8377,3.8377
14.740000,3.8253,3.8253,3.8253,3.8253,3.8253,3.8253,3.8253,3.8253,3.8253,3.8253,3.8253,3.8253,3.8253,3.8253,3.8253
14.750000,3.8129,3.8129,3.8129,3.8129,3.8129,3.8129,3.8129,3.8129,3.8129,3.8129,3.8129,3.8129,3.8129,3.8129,3.8129
14.760000,3.8005,3.8005,3.8005,3.8005,3.8005,3.8005,3.8005,3.8005,3.8005,3.8005,3.8005,3.8005,3.8005,3.8005,3.8005
14.770000,3.7880,3.7880,3.7880,3.7880,3.7880,3.7880,3.7880,3.7880,3.7880,3.7880,3.7880,3.7880,3.7880,3.7880,3.7880
14.780000,3.7756,3.7756,3.7756,3.7756,3.7756,3.7756,3.7756,3.7756,3.7756,3.7756,3.7756,3.7756,3.7756,3.7756,3.7756
14.790000,3.7631,3.7631,3.7631,3.7631,3.7631,3.7631,3.7631,3.7631,3.7631,3.7631,3.7631,3.7631,3.7631,3.7631,3.7631
14.800000,3.7507,3.7507,3.7507,3.7507,3.7507,3.7507,3.7507,3.7507,3.7507,3.7507,3.7507,3.7507,3.7507,3.7507,3.7507
14.810000,3.7382,3.7382,3.7382,3.7382,3.7382,3.7382,3.7382,3.7382,3.7382,3.7382,3.7382,3.7382,3.7382,3.7382,3.7382
14.820000,3.7257,3.7257,3.7257,3.7257,3.7257,3.7257,3.7257,3.7257,3.7257,3.7257,3.7257,3.7257,3.7257,3.7257,3.7257
14.830000,3.7132,3.7132,3.7132,3.7132,3.7132,3.7132,3.7132,3.7132,3.7132,3.7132,3.7132,3.7132,3.7132,3.7132,3.7132
14.840000,3.7007,3.7007,3.7007,3.7007,3.7007,3.7007,3.7007,3.7007,3.7007,3.7007,3.7007,3.7007,3.7007,3.7007,3.7007
14.850000,3.6882,3.6882,3.6882,3.6882,3.6882,3.6882,3.6882,3.6882,3.6882,3.6882,3.6882,3.6882,3.6882,3.6882,3.6882
14.860000,3.6757,3.6757,3.6757,3.6757,3.6757,3.6757,3.6757,3.6757,3.6757,3.6757,3.6757,3.6757,3.6757,3.6757,3.6757
14.870000,3.6632,3.6632,3.6632,3.6632,3.6632,3.6632,3.6632,3.6632,3.6632,3.6632,3.6632,3.6632,3.6632,3.6632,3.6632
14.880000,3.6507,3.6507,3.6507,3.6507,3.6507,3.6507,3.6507,3.6507,3.6507,3.6507,3.6507,3.6507,3.6507,3.6507,3.6507
14.890000,3.6381,3.6381,3.6381,3.6381,3.6381,3.6381,3.6381,3.6381,3.6381,3.6381,3.6381,3.6381,3.6381,3.6381,3.6381
14.900000,3.6256,3.6256,3.6256,3.6256,3.6256,3.6256,3.6256,3.6256,3.6256,3.6256,3.6256,3.6256,3.6256,3.6256,3.6256
14.910000,3.6130,3.6130,3.6130,3.6130,3.6130,3.6130,3.6130,3.6130,3.6130,3.6130,3.6130,3.6130,3.6130,3.6130,3.6130
14.920000,3.6005,3.6005,3.6005,3.6005,3.6005,3.6005,3.6005,3.6005,3.6005,3.6005,3.6005,3.6005,3.6005,3.6005,3.6005
14.930000,3.5879,3.5879,3.5879,3.5879,3.5879,3.5879,3.5879,3.5879,3.5879,3.5879,3.5879,3.5879,3.5879,3.5879,3.5879
14.940000,3.5754,3.5754,3.5754,3.5754,3.5754,3.5754,3.5754,3.5754,3.5754,3.5754,3.5754,3.5754,3.5754,3.5754,3.5754
14.950000,3.5628,3.5628,3.5628,3.5628,3.5628,3.5628,3.5628,3.5628,3.5628,3.5628,3.5628,3.5628,3.5628,3.5628,3.5628
14.960000,3.5503,3.5503,3.5503,3.5503,3.5503,3.5503,3.5503,3.5503,3.5503,3.5503,3.5503,3.5503,3.5503,3.5503,3.5503
14.970000,3.5377,3.5377,3.5377,3.5377,3.5377,3.5377,3.5377,3.5377,3.5377,3.5377,3.5377,3.5377,3.5377,3.5377,3.5377
14.980000,3.5251,3.5251,3.5251,3.5251,3.5251,3.5251,3.5251,3.5251,3.5251,3.5251,3.5251,3.5251,3.5251,3.5251,3.5251
14.990000,3.5126,3.5126,3.5126,3.5126,3.5126,3.5126,3.5126,3.5126,3.5126,3.5126,3.5126,3.5126,3.5126,3.5126,3.5126
15.000000,3.5000,3.5000,3.5000,3.5000,3.5000,3.5000,3.5000,3.5000,3.5000,3.5000,3.5000,3.5000,3.5000,3.5000,3.5000
15.010000,3.4874,3.4874,3.4874,3.4874,3.4874,3.4874,3.4874,3.4874,3.4874,3.4874,3.4874,3.4874,3.4874,3.4874,3.4874
15.020000,3.4749,3.4749,3.4749,3.4749,3.4749,3.4749,3.4749,3.4749,3.4749,3.4749,3.4749,3.4749,3.4749,3.4749,3.4749
15.030000,3.4623,3.4623,3.4623,3.4623,3.4623,3.4623,3.4623,3.4623,3.4623,3.4623,3.4623,3.4623,3.4623,3.4623,3.4623
15.040000,3.4497,3.4497,3.4497,3.4497,3.4497,3.4497,3.4497,3.4497,3.4497,3.4497,3.4497,3.4497,3.4497,3.4497,3.4497
15.050000,3.4372,3.4372,3.4372,3.4372,3.4372,3.4372,3.4372,3.4372,3.4372,3.4372,3.4372,3.4372,3.4372,3.4372,3.4372
15.060000,3.4246,3.4246,3.4246,3.4246,3.4246,3.4246,3.4246,3.4246,3.4246,3.4246,3.4246,3.4246,3.4246,3.4246,3.4246
15.070000,3.4121,3.4121,3.4121,3.4121,3.4121,3.4121,3.4121,3.4121,3.4121,3.4121,3.4121,3.4121,3.4121,3.4121,3.4121
15.080000,3.3995,3.3995,3.3995,3.3995,3.3995,3.3995,3.3995,3.3995,3.3995,3.3995,3.3995,3.3995,3.3995,3.3995,3.3995
15.090000,3.3870,3.3870,3.3870,3.3870,3.3870,3.3870,3.3870,3.3870,3.3870,3.3870,3.3870,3.3870,3.3870,3.3870,3.3870
15.100000,3.3744,3.3744,3.3744,3.3744,3.3744,3.3744,3.3744,3.3744,3.3744,3.3744,3.3744,3.3744,3.3744,3.3744,3.3744
15.110000,3.3619,3.3619,3.3619,3.3619,3.3619,3.3619,3.3619,3.3619,3.3619,3.3619,3.3619,3.3619,3.3619,3.3619,3.3619
15.120000,3.3493,3.3493,3.3493,3.3493,3.3493,3.3493,3.3493,3.3493,3.3493,3.3493,3.3493,3.3493,3.3493,3.3493,3.3493
15.130000,3.3368,3.3368,3.3368,3.3368,3.3368,3.3368,3.3368,3.3368,3.3368,3.3368,3.3368,3.3368,3.3368,3.3368,3.3368
15.140000,3.3243,3.3243,3.3243,3.3243,3.3243,3.3243,3.3243,3.3243,3.3243,3.3243,3.3243,3.3243,3.3243,3.3243,3.3243
15.150000,3.3118,3.3118,3.3118,3.3118,3.3118,3.3118,3.3118,3.3118,3.3118,3.3118,3.3118,3.3118,3.3118,3.3118,3.3118
15.160000,3.2993,3.2993,3.2993,3.2993,3.2993,3.2993,3.2993,3.2993,3.2993,3.2993,3.2993,3.2993,3.2993,3.2993,3.2993
15.170000,3.2868,3.2868,3.2868,3.2868,3.2868,3.2868,3.2868,3.2868,3.2868,3.2868,3.2868,3.2868,3.2868,3.2868,3.2868
15.180000,3.2743,3.2743,3.2743,3.2743,3.2743,3.2743,3.2743,3.2743,3.2743,3.2743,3.2743,3.2743,3.2743,3.2743,3.2743
15.190000,3.2618,3.2618,3.2618,3.2618,3.2618,3.2618,3.2618,3.2618,3.2618,3.2618,3.2618,3.2618,3.2618,3.2618,3.2618
15.200000,3.2493,3.2493,3.2493,3.2493,3.2493,3.2493,3.2493,3.2493,3.2493,3.2493,3.2493,3.2493,3.2493,3.2493,3.2493
15.210000,3.2369,3.2369,3.2369,3.2369,3.2369,3.2369,3.2369,3.2369,3.2369,3.2369,3.2369,3.2369,3.2369,3.2369,3.2369
15.220000,3.2244,3.2244,3.2244,3.2244,3.2244,3.2244,3.2244,3.2244,3.2244,3.2244,3.2244,3.2244,3.2244,3.2244,3.2244
15.230000,3.2120,3.2120,3.2120,3.2120,3.2120,3.2120,3.2120,3.2120,3.2120,3.2120,3.2120,3.2120,3.2120,3.2120,3.2120
15.240000,3.1995,3.1995,3.1995,3.1995,3.1995,3.1995,3.1995,3.1995,3.1995,3.1995,3.1995,3.1995,3.1995,3.1995,3.1995
15.250000,3.1871,3.1871,3.1871,3.1871,3.1871,3.1871,3.1871,3.1871,3.1871,3.1871,3.1871,3.1871,3.1871,3.1871,3.1871
15.260000,3.1747,3.1747,3.1747,3.1747,3.1747,3.1747,3.1747,3.1747,3.1747,3.1747,3.1747,3.1747,3.1747,3.1747,3.1747
15.270000,3.1623,3.1623,3.1623,3.1623,3.1623,3.1623,3.1623,3.1623,3.1623,3.1623,3.1623,3.1623,3.1623,3.1623,3.1623
15.280000,3.1500,3.1500,3.1500,3.1500,3.1500,3.1500,3.1500,3.1500,3.1500,3.1500,3.1500,3.1500,3.1500,3.1500,3.1500
15.290000,3.1376,3.1376,3.1376,3.1376,3.1376,3.1376,3.1376,3.1376,3.1376,3.1376,3.1376,3.1376,3.1376,3.1376,3.1376
15.300000,3.1252,3.1252,3.1252,3.1252,3.1252,3.1252,3.1252,3.1252,3.1252,3.1252,3.1252,3.1252,3.1252,3.1252,3.1252
15.310000,3.1129,3.1129,3.1129,3.1129,3.1129,3.1129,3.1129,3.1129,3.1129,3.1129,3.1129,3.1129,3.1129,3.1129,3.1129
15.320000,3.1006,3.1006,3.1006,3.1006,3.1006,3.1006,3.1006,3.1006,3.1006,3.1006,3.1006,3.1006,3.1006,3.1006,3.1006
15.330000,3.0883,3.0883,3.0883,3.0883,3.0883,3.0883,3.0883,3.0883,3.0883,3.0883,3.0883,3.0883,3.0883,3.0883,3.0883
15.340000,3.0760,3.0760,3.0760,3.0760,3.0760,3.0760,3.0760,3.0760,3.0760,3.0760,3.0760,3.0760,3.0760,3.0760,3.0760
15.350000,3.0637,3.0637,3.0637,3.0637,3.0637,3.0637,3.0637,3.0637,3.0637,3.0637,3.0637,3.0637,3.0637,3.0637,3.0637
15.360000,3.0515,3.0515,3.0515,3.0515,3.0515,3.0515,3.0515,3.0515,3.0515,3.0515,3.0515,3.0515,3.0515,3.0515,3.0515
15.370000,3.0392,3.0392,3.0392,3.0392,3.0392,3.0392,3.0392,3.0392,3.0392,3.0392,3.0392,3.0392,3.0392,3.0392,3.0392
15.380000,3.0270,3.0270,3.0270,3.0270,3.0270,3.0270,3.0270,3.0270,3.0270,3.0270,3.0270,3.0270,3.0270,3.0270,3.0270
15.390000,3.0148,3.0148,3.0148,3.0148,3.0148,3.0148,3.0148,3.0148,3.0148,3.0148,3.0148,3.0148,3.0148,3.0148,3.0148
15.400000,3.0026,3.0026,3.0026,3.0026,3.0026,3.0026,3.0026,3.0026,3.0026,3.0026,3.0026,3.0026,3.0026,3.0026,3.0026
15.410000,2.9905,2.9905,2.9905,2.9905,2.9905,2.9905,2.9905,2.9905,2.9905,2.9905,2.9905,2.9905,2.9905,2.9905,2.9905
15.420000,2.9783,2.9783,2.9783,2.9783,2.9783,2.9783,2.9783,2.9783,2.9783,2.9783,2.9783,2.9783,2.9783,2.9783,2.9783
15.430000,2.9662,2.9662,2.9662,2.9662,2.9662,2.9662,2.9662,2.9662,2.9662,2.9662,2.9662,2.9662,2.9662,2.9662,2.9662
15.440000,2.9541,2.9541,2.9541,2.9541,2.9541,2.9541,2.9541,2.9541,2.9541,2.9541,2.9541,2.9541,2.9541,2.9541,2.9541
15.450000,2.9420,2.9420,2.9420,2.9420,2.9420,2.9420,2.9420,2.9420,2.9420,2.9420,2.9420,2.9420,2.9420,2.9420,2.9420
15.460000,2.9300,2.9300,2.9300,2.9300,2.9300,2.9300,2.9300,2.9300,2.9300,2.9300,2.9300,2.9300,2.9300,2.9300,2.9300
15.470000,2.9179,2.9179,2.9179,2.9179,2.9179,2.9179,2.9179,2.9179,2.9179,2.9179,2.9179,2.9179,2.9179,2.9179,2.9179
15.480000,2.9059,2.9059,2.9059,2.9059,2.9059,2.9059,2.9059,2.9059,2.9059,2.9059,2.9059,2.9059,2.9059,2.9059,2.9059
15.490000,2.8939,2.8939,2.8939,2.8939,2.8939,2.8939,2.8939,2.8939,2.8939,2.8939,2.8939,2.8939,2.8939,2.8939,2.8939
15.500000,2.8820,2.8820,2.8820,2.8820,2.8820,2.8820,2.8820,2.8820,2.8820,2.8820,2.8820,2.8820,2.8820,2.8820,2.8820
15.510000,2.8700,2.8700,2.8700,2.8700,2.8700,2.8700,2.8700,2.8700,2.8700,2.8700,2.8700,2.8700,2.8700,2.8700,2.8700
15.520000,2.8581,2.8581,2.8581,2.8581,2.8581,2.8581,2.8581,2.8581,2.8581,2.8581,2.8581,2.8581,2.8581,2.8581,2.8581
15.530000,2.8462,2.8462,2.8462,2.8462,2.8462,2.8462,2.8462,2.8462,2.8462,2.8462,2.8462,2.8462,2.8462,2.8462,2.8462
15.540000,2.8344,2.8344,2.8344,2.8344,2.8344,2.8344,2.8344,2.8344,2.8344,2.8344,2.8344,2.8344,2.8344,2.8344,2.8344
15.550000,2.8225,2.8225,2.8225,2.8225,2.8225,2.8225,2.8225,2.8225,2.8225,2.8225,2.8225,2.8225,2.8225,2.8225,2.8225
15.560000,2.8107,2.8107,2.8107,2.8107,2.8107,2.8107,2.8107,2.8107,2.8107,2.8107,2.8107,2.8107,2.8107,2.8107,2.8107
15.570000,2.7989,2.7989,2.7989,2.7989,2.7989,2.7989,2.7989,2.7989,2.7989,2.7989,2.7989,2.7989,2.7989,2.7989,2.7989
15.580000,2.7872,2.7872,2.7872,2.7872,2.7872,2.7872,2.7872,2.7872,2.7872,2.7872,2.7872,2.7872,2.7872,2.7872,2.7872
15.590000,2.7754,2.7754,2.7754,2.7754,2.7754,2.7754,2.7754,2.7754,2.7754,2.7754,2.7754,2.7754,2.7754,2.7754,2.7754
15.600000,2.7638,2.7638,2.7638,2.7638,2.7638,2.7638,2.7638,2.7638,2.7638,2.7638,2.7638,2.7638,2.7638,2.7638,2.7638
15.610000,2.7521,2.7521,2.7521,2.7521,2.7521,2.7521,2.7521,2.7521,2.7521,2.7521,2.7521,2.7521,2.7521,2.7521,2.7521
15.620000,2.7404,2.7404,2.7404,2.7404,2.7404,2.7404,2.7404,2.7404,2.7404,2.7404,2.7404,2.7404,2.7404,2.7404,2.7404
15.630000,2.7288,2.7288,2.7288,2.7288,2.7288,2.7288,2.7288,2.7288,2.7288,2.7288,2.7288,2.7288,2.7288,2.7288,2.7288
15.640000,2.7173,2.7173,2.7173,2.7173,2.7173,2.7173,2.7173,2.7173,2.7173,2.7173,2.7173,2.7173,2.7173,2.7173,2.7173
15.650000,2.7057,2.7057,2.7057,2.7057,2.7057,2.7057,2.7057,2.7057,2.7057,2.7057,2.7057,2.7057,2.7057,2.7057,2.7057
15.660000,2.6942,2.6942,2.6942,2.6942,2.6942,2.6942,2.6942,2.6942,2.6942,2.6942,2.6942,2.6942,2.6942,2.6942,2.6942
15.670000,2.6827,2.6827,2.6827,2.6827,2.6827,2.6827,2.6827,2.6827,2.6827,2.6827,2.6827,2.6827,2.6827,2.6827,2.6827
15.680000,2.6712,2.6712,2.6712,2.6712,2.6712,2.6712,2.6712,2.6712,2.6712,2.6712,2.6712,2.6712,2.6712,2.6712,2.6712
15.690000,2.6598,2.6598,2.6598,2.6598,2.6598,2.6598,2.6598,2.6598,2.6598,2.6598,2.6598,2.6598,2.6598,2.6598,2.6598
15.700000,2.6484,2.6484,2.6484,2.6484,2.6484,2.6484,2.6484,2.6484,2.6484,2.6484,2.6484,2.6484,2.6484,2.6484,2.6484
15.710000,2.6371,2.6371,2.6371,2.6371,2.6371,2.6371,2.6371,2.6371,2.6371,2.6371,2.6371,2.6371,2.6371,2.6371,2.6371
15.720000,2.6258,2.6258,2.6258,2.6258,2.6258,2.6258,2.6258,2.6258,2.6258,2.6258,2.6258,2.6258,2.6258,2.6258,2.6258
15.730000,2.6145,2.6145,2.6145,2.6145,2.6145,2.6145,2.6145,2.6145,2.6145,2.6145,2.6145,2.6145,2.6145,2.6145,2.6145
15.740000,2.6032,2.6032,2.6032,2.6032,2.6032,2.6032,2.6032,2.6032,2.6032,2.6032,2.6032,2.6032,2.6032,2.6032,2.6032
15.750000,2.5920,2.5920,2.5920,2.5920,2.5920,2.5920,2.5920,2.5920,2.5920,2.5920,2.5920,2.5920,2.5920,2.5920,2.5920
15.760000,2.5808,2.5808,2.5808,2.5808,2.5808,2.5808,2.5808,2.5808,2.5808,2.5808,2.5808,2.5808,2.5808,2.5808,2.5808
15.770000,2.5697,2.5697,2.5697,2.5697,2.5697,2.5697,2.5697,2.5697,2.5697,2.5697,2.5697,2.5697,2.5697,2.5697,2.5697
15.780000,2.5586,2.5586,2.5586,2.5586,2.5586,2.5586,2.5586,2.5586,2.5586,2.5586,2.5586,2.5586,2.5586,2.5586,2.5586
15.790000,2.5475,2.5475,2.5475,2.5475,2.5475,2.5475,2.5475,2.5475,2.5475,2.5475,2.5475,2.5475,2.5475,2.5475,2.5475
15.800000,2.5365,2.5365,2.5365,2.5365,2.5365,2.5365,2.5365,2.5365,2.5365,2.5365,2.5365,2.5365,2.5365,2.5365,2.5365
15.810000,2.5255,2.5255,2.5255,2.5255,2.5255,2.5255,2.5255,2.5255,2.5255,2.5255,2.5255,2.5255,2.5255,2.5255,2.5255
15.820000,2.5145,2.5145,2.5145,2.5145,2.5145,2.5145,2.5145,2.5145,2.5145,2.5145,2.5145,2.5145,2.5145,2.5145,2.5145
15.830000,2.5036,2.5036,2.5036,2.5036,2.5036,2.5036,2.5036,2.5036,2.5036,2.5036,2.5036,2.5036,2.5036,2.5036,2.5036
15.840000,2.4928,2.4928,2.4928,2.4928,2.4928,2.4928,2.4928,2.4928,2.4928,2.4928,2.4928,2.4928,2.4928,2.4928,2.4928
15.850000,2.4819,2.4819,2.4819,2.4819,2.4819,2.4819,2.4819,2.4819,2.4819,2.4819,2.4819,2.4819,2.4819,2.4819,2.4819
15.860000,2.4711,2.4711,2.4711,2.4711,2.4711,2.4711,2.4711,2.4711,2.4711,2.4711,2.4711,2.4711,2.4711,2.4711,2.4711
15.870000,2.4604,2.4604,2.4604,2.4604,2.4604,2.4604,2.4604,2.4604,2.4604,2.4604,2.4604,2.4604,2.4604,2.4604,2.4604
15.880000,2.4497,2.4497,2.4497,2.4497,2.4497,2.4497,2.4497,2.4497,2.4497,2.4497,2.4497,2.4497,2.4497,2.4497,2.4497
15.890000,2.4390,2.4390,2.4390,2.4390,2.4390,2.4390,2.4390,2.4390,2.4390,2.4390,2.4390,2.4390,2.4390,2.4390,2.4390
15.900000,2.4283,2.4283,2.4283,2.4283,2.4283,2.4283,2.4283,2.4283,2.4283,2.4283,2.4283,2.4283,2.4283,2.4283,2.4283
15.910000,2.4178,2.4178,2.4178,2.4178,2.4178,2.4178,2.4178,2.4178,2.4178,2.4178,2.4178,2.4178,2.4178,2.4178,2.4178
15.920000,2.4072,2.4072,2.4072,2.4072,2.4072,2.4072,2.4072,2.4072,2.4072,2.4072,2.4072,2.4072,2.4072,2.4072,2.4072
15.930000,2.3967,2.3967,2.3967,2.3967,2.3967,2.3967,2.3967,2.3967,2.3967,2.3967,2.3967,2.3967,2.3967,2.3967,2.3967
15.940000,2.3862,2.3862,2.3862,2.3862,2.3862,2.3862,2.3862,2.3862,2.3862,2.3862,2.3862,2.3862,2.3862,2.3862,2.3862
15.950000,2.3758,2.3758,2.3758,2.3758,2.3758,2.3758,2.3758,2.3758,2.3758,2.3758,2.3758,2.3758,2.3758,2.3758,2.3758
15.960000,2.3655,2.3655,2.3655,2.3655,2.3655,2.3655,2.3655,2.3655,2.3655,2.3655,2.3655,2.3655,2.3655,2.3655,2.3655
15.970000,2.3551,2.3551,2.3551,2.3551,2.3551,2.3551,2.3551,2.3551,2.3551,2.3551,2.3551,2.3551,2.3551,2.3551,2.3551
15.980000,2.3449,2.3449,2.3449,2.3449,2.3449,2.3449,2.3449,2.3449,2.3449,2.3449,2.3449,2.3449,2.3449,2.3449,2.3449
15.990000,2.3346,2.3346,2.3346,2.3346,2.3346,2.3346,2.3346,2.3346,2.3346,2.3346,2.3346,2.3346,2.3346,2.3346,2.3346
16.000000,2.3244,2.3244,2.3244,2.3244,2.3244,2.3244,2.3244,2.3244,2.3244,2.3244,2.3244,2.3244,2.3244,2.3244,2.3244
16.010000,2.3143,2.3143,2.3143,2.3143,2.3143,2.3143,2.3143,2.3143,2.3143,2.3143,2.3143,2.3143,2.3143,2.3143,2.3143
16.020000,2.3042,2.3042,2.3042,2.3042,2.3042,2.3042,2.3042,2.3042,2.3042,2.3042,2.3042,2.3042,2.3042,2.3042,2.3042
16.030000,2.2941,2.2941,2.2941,2.2941,2.2941,2.2941,2.2941,2.2941,2.2941,2.2941,2.2941,2.2941,2.2941,2.2941,2.2941
16.040000,2.2841,2.2841,2.2841,2.2841,2.2841,2.2841,2.2841,2.2841,2.2841,2.2841,2.2841,2.2841,2.2841,2.2841,2.2841
16.050000,2.2742,2.2742,2.2742,2.2742,2.2742,2.2742,2.2742,2.2742,2.2742,2.2742,2.2742,2.2742,2.2742,2.2742,2.2742
16.060000,2.2643,2.2643,2.2643,2.2643,2.2643,2.2643,2.2643,2.2643,2.2643,2.2643,2.2643,2.2643,2.2643,2.2643,2.2643
16.070000,2.2544,2.2544,2.2544,2.2544,2.2544,2.2544,2.2544,2.2544,2.2544,2.2544,2.2544,2.2544,2.2544,2.2544,2.2544
16.080000,2.2446,2.2446,2.2446,2.2446,2.2446,2.2446,2.2446,2.2446,2.2446,2.2446,2.2446,2.2446,2.2446,2.2446,2.2446
16.090000,2.2349,2.2349,2.2349,2.2349,2.2349,2.2349,2.2349,2.2349,2.2349,2.2349,2.2349,2.2349,2.2349,2.2349,2.2349
16.100000,2.2252,2.2252,2.2252,2.2252,2.2252,2.2252,2.2252,2.2252,2.2252,2.2252,2.2252,2.2252,2.2252,2.2252,2.2252
16.110000,2.2155,2.2155,2.2155,2.2155,2.2155,2.2155,2.2155,2.2155,2.2155,2.2155,2.2155,2.2155,2.2155,2.2155,2.2155
16.120000,2.2059,2.2059,2.2059,2.2059,2.2059,2.2059,2.2059,2.2059,2.2059,2.2059,2.2059,2.2059,2.2059,2.2059,2.2059
16.130000,2.1963,2.1963,2.1963,2.1963,2.1963,2.1963,2.1963,2.1963,2.1963,2.1963,2.1963,2.1963,2.1963,2.1963,2.1963
16.140000,2.1868,2.1868,2.1868,2.1868,2.1868,2.1868,2.1868,2.1868,2.1868,2.1868,2.1868,2.1868,2.1868,2.1868,2.1868
16.150000,2.1774,2.1774,2.1774,2.1774,2.1774,2.1774,2.1774,2.1774,2.1774,2.1774,2.1774,2.1774,2.1774,2.1774,2.1774
16.160000,2.1680,2.1680,2.1680,2.1680,2.1680,2.1680,2.1680,2.1680,2.1680,2.1680,2.1680,2.1680,2.1680,2.1680,2.1680
16.170000,2.1586,2.1586,2.1586,2.1586,2.1586,2.1586,2.1586,2.1586,2.1586,2.1586,2.1586,2.1586,2.1586,2.1586,2.1586
16.180000,2.1493,2.1493,2.1493,2.1493,2.1493,2.1493,2.1493,2.1493,2.1493,2.1493,2.1493,2.1493,2.1493,2.1493,2.1493
16.190000,2.1401,2.1401,2.1401,2.1401,2.1401,2.1401,2.1401,2.1401,2.1401,2.1401,2.1401,2.1401,2.1401,2.1401,2.1401
16.200000,2.1309,2.1309,2.1309,2.1309,2.1309,2.1309,2.1309,2.1309,2.1309,2.1309,2.1309,2.1309,2.1309,2.1309,2.1309
16.210000,2.1218,2.1218,2.1218,2.1218,2.1218,2.1218,2.1218,2.1218,2.1218,2.1218,2.1218,2.1218,2.1218,2.1218,2.1218
16.220000,2.1127,2.1127,2.1127,2.1127,2.1127,2.1127,2.1127,2.1127,2.1127,2.1127,2.1127,2.1127,2.1127,2.1127,2.1127
16.230000,2.1037,2.1037,2.1037,2.1037,2.1037,2.1037,2.1037,2.1037,2.1037,2.1037,2.1037,2.1037,2.1037,2.1037,2.1037
16.240000,2.0947,2.0947,2.0947,2.0947,2.0947,2.0947,2.0947,2.0947,2.0947,2.0947,2.0947,2.0947,2.0947,2.0947,2.0947
16.250000,2.0858,2.0858,2.0858,2.0858,2.0858,2.0858,2.0858,2.0858,2.0858,2.0858,2.0858,2.0858,2.0858,2.0858,2.0858
16.260000,2.0769,2.0769,2.0769,2.0769,2.0769,2.0769,2.0769,2.0769,2.0769,2.0769,2.0769,2.0769,2.0769,2.0769,2.0769
16.270000,2.0681,2.0681,2.0681,2.0681,2.0681,2.0681,2.0681,2.0681,2.0681,2.0681,2.0681,2.0681,2.0681,2.0681,2.0681
16.280000,2.0594,2.0594,2.0594,2.0594,2.0594,2.0594,2.0594,2.0594,2.0594,2.0594,2.0594,2.0594,2.0594,2.0594,2.0594
16.290000,2.0507,2.0507,2.0507,2.0507,2.0507,2.0507,2.0507,2.0507,2.0507,2.0507,2.0507,2.0507,2.0507,2.0507,2.0507
16.300000,2.0421,2.0421,2.0421,2.0421,2.0421,2.0421,2.0421,2.0421,2.0421,2.0421,2.0421,2.0421,2.0421,2.0421,2.0421
16.310000,2.0335,2.0335,2.0335,2.0335,2.0335,2.0335,2.0335,2.0335,2.0335,2.0335,2.0335,2.0335,2.0335,2.0335,2.0335
16.320000,2.0250,2.0250,2.0250,2.0250,2.0250,2.0250,2.0250,2.0250,2.0250,2.0250,2.0250,2.0250,2.0250,2.0250,2.0250
16.330000,2.0165,2.0165,2.0165,2.0165,2.0165,2.0165,2.0165,2.0165,2.0165,2.0165,2.0165,2.0165,2.0165,2.0165,2.0165
16.340000,2.0081,2.0081,2.0081,2.0081,2.0081,2.0081,2.0081,2.0081,2.0081,2.0081,2.0081,2.0081,2.0081,2.0081,2.0081
16.350000,1.9998,1.9998,1.9998,1.9998,1.9998,1.9998,1.9998,1.9998,1.9998,1.9998,1.9998,1.9998,1.9998,1.9998,1.9998
16.360000,1.9915,1.9915,1.9915,1.9915,1.9915,1.9915,1.9915,1.9915,1.9915,1.9915,1.9915,1.9915,1.9915,1.9915,1.9915
16.370000,1.9833,1.9833,1.9833,1.9833,1.9833,1.9833,1.9833,1.9833,1.9833,1.9833,1.9833,1.9833,1.9833,1.9833,1.9833
16.380000,1.9751,1.9751,1.9751,1.9751,1.9751,1.9751,1.9751,1.9751,1.9751,1.9751,1.9751,1.9751,1.9751,1.9751,1.9751
16.390000,1.9670,1.9670,1.9670,1.9670,1.9670,1.9670,1.9670,1.9670,1.9670,1.9670,1.9670,1.9670,1.9670,1.9670,1.9670
16.400000,1.9590,1.9590,1.9590,1.9590,1.9590,1.9590,1.9590,1.9590,1.9590,1.9590,1.9590,1.9590,1.9590,1.9590,1.9590
16.410000,1.9510,1.9510,1.9510,1.9510,1.9510,1.9510,1.9510,1.9510,1.9510,1.9510,1.9510,1.9510,1.9510,1.9510,1.9510
16.420000,1.9431,1.9431,1.9431,1.9431,1.9431,1.9431,1.9431,1.9431,1.9431,1.9431,1.9431,1.9431,1.9431,1.9431,1.9431
16.430000,1.9352,1.9352,1.9352,1.9352,1.9352,1.9352,1.9352,1.9352,1.9352,1.9352,1.9352,1.9352,1.9352,1.9352,1.9352
16.440000,1.9274,1.9274,1.9274,1.9274,1.9274,1.9274,1.9274,1.9274,1.9274,1.9274,1.9274,1.9274,1.9274,1.9274,1.9274
16.450000,1.9197,1.9197,1.9197,1.9197,1.9197,1.9197,1.9197,1.9197,1.9197,1.9197,1.9197,1.9197,1.9197,1.9197,1.9197
16.460000,1.9120,1.9120,1.9120,1.9120,1.9120,1.9120,1.9120,1.9120,1.9120,1.9120,1.9120,1.9120,1.9120,1.9120,1.9120
16.470000,1.9044,1.9044,1.9044,1.9044,1.9044,1.9044,1.9044,1.9044,1.9044,1.9044,1.9044,1.9044,1.9044,1.9044,1.9044
16.480000,1.8969,1.8969,1.8969,1.8969,1.8969,1.8969,1.8969,1.8969,1.8969,1.8969,1.8969,1.8969,1.8969,1.8969,1.8969
16.490000,1.8894,1.8894,1.8894,1.8894,1.8894,1.8894,1.8894,1.8894,1.8894,1.8894,1.8894,1.8894,1.8894,1.8894,1.8894
16.500000,1.8820,1.8820,1.8820,1.8820,1.8820,1.8820,1.8820,1.8820,1.8820,1.8820,1.8820,1.8820,1.8820,1.8820,1.8820
16.510000,1.8746,1.8746,1.8746,1.8746,1.8746,1.8746,1.8746,1.8746,1.8746,1.8746,1.8746,1.8746,1.8746,1.8746,1.8746
16.520000,1.8673,1.8673,1.8673,1.8673,1.8673,1.8673,1.8673,1.8673,1.8673,1.8673,1.8673,1.8673,1.8673,1.8673,1.8673
16.530000,1.8601,1.8601,1.8601,1.8601,1.8601,1.8601,1.8601,1.8601,1.8601,1.8601,1.8601,1.8601,1.8601,1.8601,1.8601
16.540000,1.8529,1.8529,1.8529,1.8529,1.8529,1.8529,1.8529,1.8529,1.8529,1.8529,1.8529,1.8529,1.8529,1.8529,1.8529
16.550000,1.8458,1.8458,1.8458,1.8458,1.8458,1.8458,1.8458,1.8458,1.8458,1.8458,1.8458,1.8458,1.8458,1.8458,1.8458
16.560000,1.8388,1.8388,1.8388,1.8388,1.8388,1.8388,1.8388,1.8388,1.8388,1.8388,1.8388,1.8388,1.8388,1.8388,1.8388
16.570000,1.8318,1.8318,1.8318,1.8318,1.8318,1.8318,1.8318,1.8318,1.8318,1.8318,1.8318,1.8318,1.8318,1.8318,1.8318
16.580000,1.8249,1.8249,1.8249,1.8249,1.8249,1.8249,1.8249,1.8249,1.8249,1.8249,1.8249,1.8249,1.8249,1.8249,1.8249
16.590000,1.8181,1.8181,1.8181,1.8181,1.8181,1.8181,1.8181,1.8181,1.8181,1.8181,1.8181,1.8181,1.8181,1.8181,1.8181
16.600000,1.8113,1.8113,1.8113,1.8113,1.8113,1.8113,1.8113,1.8113,1.8113,1.8113,1.8113,1.8113,1.8113,1.8113,1.8113
16.610000,1.8046,1.8046,1.8046,1.8046,1.8046,1.8046,1.8046,1.8046,1.8046,1.8046,1.8046,1.8046,1.8046,1.8046,1.8046
16.620000,1.7980,1.7980,1.7980,1.7980,1.7980,1.7980,1.7980,1.7980,1.7980,1.7980,1.7980,1.7980,1.7980,1.7980,1.7980
16.630000,1.7914,1.7914,1.7914,1.7914,1.7914,1.7914,1.7914,1.7914,1.7914,1.7914,1.7914,1.7914,1.7914,1.7914,1.7914
16.640000,1.7849,1.7849,1.7849,1.7849,1.7849,1.7849,1.7849,1.7849,1.7849,1.7849,1.7849,1.7849,1.7849,1.7849,1.7849
16.650000,1.7785,1.7785,1.7785,1.7785,1.7785,1.7785,1.7785,1.7785,1.7785,1.7785,1.7785,1.7785,1.7785,1.7785,1.7785
16.660000,1.7722,1.7722,1.7722,1.7722,1.7722,1.7722,1.7722,1.7722,1.7722,1.7722,1.7722,1.7722,1.7722,1.7722,1.7722
16.670000,1.7659,1.7659,1.7659,1.7659,1.7659,1.7659,1.7659,1.7659,1.7659,1.7659,1.7659,1.7659,1.7659,1.7659,1.7659
16.680000,1.7596,1.7596,1.7596,1.7596,1.7596,1.7596,1.7596,1.7596,1.7596,1.7596,1.7596,1.7596,1.7596,1.7596,1.7596
16.690000,1.7535,1.7535,1.7535,1.7535,1.7535,1.7535,1.7535,1.7535,1.7535,1.7535,1.7535,1.7535,1.7535,1.7535,1.7535
16.700000,1.7474,1.7474,1.7474,1.7474,1.7474,1.7474,1.7474,1.7474,1.7474,1.7474,1.7474,1.7474,1.7474,1.7474,1.7474
16.710000,1.7414,1.7414,1.7414,1.7414,1.7414,1.7414,1.7414,1.7414,1.7414,1.7414,1.7414,1.7414,1.7414,1.7414,1.7414
16.720000,1.7354,1.7354,1.7354,1.7354,1.7354,1.7354,1.7354,1.7354,1.7354,1.7354,1.7354,1.7354,1.7354,1.7354,1.7354
16.730000,1.7295,1.7295,1.7295,1.7295,1.7295,1.7295,1.7295,1.7295,1.7295,1.7295,1.7295,1.7295,1.7295,1.7295,1.7295
16.740000,1.7237,1.7237,1.7237,1.7237,1.7237,1.7237,1.7237,1.7237,1.7237,1.7237,1.7237,1.7237,1.7237,1.7237,1.7237
16.750000,1.7180,1.7180,1.7180,1.7180,1.7180,1.7180,1.7180,1.7180,1.7180,1.7180,1.7180,1.7180,1.7180,1.7180,1.7180
16.760000,1.7123,1.7123,1.7123,1.7123,1.7123,1.7123,1.7123,1.7123,1.7123,1.7123,1.7123,1.7123,1.7123,1.7123,1.7123
16.770000,1.7067,1.7067,1.7067,1.7067,1.7067,1.7067,1.7067,1.7067,1.7067,1.7067,1.7067,1.7067,1.7067,1.7067,1.7067
16.780000,1.7012,1.7012,1.7012,1.7012,1.7012,1.7012,1.7012,1.7012,1.7012,1.7012,1.7012,1.7012,1.7012,1.7012,1.7012
16.790000,1.6957,1.6957,1.6957,1.6957,1.6957,1.6957,1.6957,1.6957,1.6957,1.6957,1.6957,1.6957,1.6957,1.6957,1.6957
16.800000,1.6903,1.6903,1.6903,1.6903,1.6903,1.6903,1.6903,1.6903,1.6903,1.6903,1.6903,1.6903,1.6903,1.6903,1.6903
16.810000,1.6850,1.6850,1.6850,1.6850,1.6850,1.6850,1.6850,1.6850,1.6850,1.6850,1.6850,1.6850,1.6850,1.6850,1.6850
16.820000,1.6798,1.6798,1.6798,1.6798,1.6798,1.6798,1.6798,1.6798,1.6798,1.6798,1.6798,1.6798,1.6798,1.6798,1.6798
16.830000,1.6746,1.6746,1.6746,1.6746,1.6746,1.6746,1.6746,1.6746,1.6746,1.6746,1.6746,1.6746,1.6746,1.6746,1.6746
16.840000,1.6695,1.6695,1.6695,1.6695,1.6695,1.6695,1.6695,1.6695,1.6695,1.6695,1.6695,1.6695,1.6695,1.6695,1.6695
16.850000,1.6645,1.6645,1.6645,1.6645,1.6645,1.6645,1.6645,1.6645,1.6645,1.6645,1.6645,1.6645,1.6645,1.6645,1.6645
16.860000,1.6595,1.6595,1.6595,1.6595,1.6595,1.6595,1.6595,1.6595,1.6595,1.6595,1.6595,1.6595,1.6595,1.6595,1.6595
16.870000,1.6547,1.6547,1.6547,1.6547,1.6547,1.6547,1.6547,1.6547,1.6547,1.6547,1.6547,1.6547,1.6547,1.6547,1.6547
16.880000,1.6498,1.6498,1.6498,1.6498,1.6498,1.6498,1.6498,1.6498,1.6498,1.6498,1.6498,1.6498,1.6498,1.6498,1.6498
16.890000,1.6451,1.6451,1.6451,1.6451,1.6451,1.6451,1.6451,1.6451,1.6451,1.6451,1.6451,1.6451,1.6451,1.6451,1.6451
16.900000,1.6404,1.6404,1.6404,1.6404,1.6404,1.6404,1.6404,1.6404,1.6404,1.6404,1.6404,1.6404,1.6404,1.6404,1.6404
16.910000,1.6359,1.6359,1.6359,1.6359,1.6359,1.6359,1.6359,1.6359,1.6359,1.6359,1.6359,1.6359,1.6359,1.6359,1.6359
16.920000,1.6313,1.6313,1.6313,1.6313,1.6313,1.6313,1.6313,1.6313,1.6313,1.6313,1.6313,1.6313,1.6313,1.6313,1.6313
16.930000,1.6269,1.6269,1.6269,1.6269,1.6269,1.6269,1.6269,1.6269,1.6269,1.6269,1.6269,1.6269,1.6269,1.6269,1.6269
16.940000,1.6225,1.6225,1.6225,1.6225,1.6225,1.6225,1.6225,1.6225,1.6225,1.6225,1.6225,1.6225,1.6225,1.6225,1.6225
16.950000,1.6182,1.6182,1.6182,1.6182,1.6182,1.6182,1.6182,1.6182,1.6182,1.6182,1.6182,1.6182,1.6182,1.6182,1.6182
16.960000,1.6140,1.6140,1.6140,1.6140,1.6140,1.6140,1.6140,1.6140,1.6140,1.6140,1.6140,1.6140,1.6140,1.6140,1.6140
16.970000,1.6099,1.6099,1.6099,1.6099,1.6099,1.6099,1.6099,1.6099,1.6099,1.6099,1.6099,1.6099,1.6099,1.6099,1.6099
16.980000,1.6058,1.6058,1.6058,1.6058,1.6058,1.6058,1.6058,1.6058,1.6058,1.6058,1.6058,1.6058,1.6058,1.6058,1.6058
16.990000,1.6018,1.6018,1.6018,1.6018,1.6018,1.6018,1.6018,1.6018,1.6018,1.6018,1.6018,1.6018,1.6018,1.6018,1.6018
17.000000,1.5979,1.5979,1.5979,1.5979,1.5979,1.5979,1.5979,1.5979,1.5979,1.5979,1.5979,1.5979,1.5979,1.5979,1.5979
17.010000,1.5940,1.5940,1.5940,1.5940,1.5940,1.5940,1.5940,1.5940,1.5940,1.5940,1.5940,1.5940,1.5940,1.5940,1.5940
17.020000,1.5903,1.5903,1.5903,1.5903,1.5903,1.5903,1.5903,1.5903,1.5903,1.5903,1.5903,1.5903,1.5903,1.5903,1.5903
17.030000,1.5866,1.5866,1.5866,1.5866,1.5866,1.5866,1.5866,1.5866,1.5866,1.5866,1.5866,1.5866,1.5866,1.5866,1.5866
17.040000,1.5830,1.5830,1.5830,1.5830,1.5830,1.5830,1.5830,1.5830,1.5830,1.5830,1.5830,1.5830,1.5830,1.5830,1.5830
17.050000,1.5794,1.5794,1.5794,1.5794,1.5794,1.5794,1.5794,1.5794,1.5794,1.5794,1.5794,1.5794,1.5794,1.5794,1.5794
17.060000,1.5759,1.5759,1.5759,1.5759,1.5759,1.5759,1.5759,1.5759,1.5759,1.5759,1.5759,1.5759,1.5759,1.5759,1.5759
17.070000,1.5726,1.5726,1.5726,1.5726,1.5726,1.5726,1.5726,1.5726,1.5726,1.5726,1.5726,1.5726,1.5726,1.5726,1.5726
17.080000,1.5692,1.5692,1.5692,1.5692,1.5692,1.5692,1.5692,1.5692,1.5692,1.5692,1.5692,1.5692,1.5692,1.5692,1.5692
17.090000,1.5660,1.5660,1.5660,1.5660,1.5660,1.5660,1.5660,1.5660,1.5660,1.5660,1.5660,1.5660,1.5660,1.5660,1.5660
17.100000,1.5628,1.5628,1.5628,1.5628,1.5628,1.5628,1.5628,1.5628,1.5628,1.5628,1.5628,1.5628,1.5628,1.5628,1.5628
17.110000,1.5597,1.5597,1.5597,1.5597,1.5597,1.5597,1.5597,1.5597,1.5597,1.5597,1.5597,1.5597,1.5597,1.5597,1.5597
17.120000,1.5567,1.5567,1.5567,1.5567,1.5567,1.5567,1.5567,1.5567,1.5567,1.5567,1.5567,1.5567,1.5567,1.5567,1.5567
17.130000,1.5538,1.5538,1.5538,1.5538,1.5538,1.5538,1.5538,1.5538,1.5538,1.5538,1.5538,1.5538,1.5538,1.5538,1.5538
17.140000,1.5509,1.5509,1.5509,1.5509,1.5509,1.5509,1.5509,1.5509,1.5509,1.5509,1.5509,1.5509,1.5509,1.5509,1.5509
17.150000,1.5482,1.5482,1.5482,1.5482,1.5482,1.5482,1.5482,1.5482,1.5482,1.5482,1.5482,1.5482,1.5482,1.5482,1.5482
17.160000,1.5455,1.5455,1.5455,1.5455,1.5455,1.5455,1.5455,1.5455,1.5455,1.5455,1.5455,1.5455,1.5455,1.5455,1.5455
17.170000,1.5428,1.5428,1.5428,1.5428,1.5428,1.5428,1.5428,1.5428,1.5428,1.5428,1.5428,1.5428,1.5428,1.5428,1.5428
17.180000,1.5403,1.5403,1.5403,1.5403,1.5403,1.5403,1.5403,1.5403,1.5403,1.5403,1.5403,1.5403,1.5403,1.5403,1.5403
17.190000,1.5378,1.5378,1.5378,1.5378,1.5378,1.5378,1.5378,1.5378,1.5378,1.5378,1.5378,1.5378,1.5378,1.5378,1.5378
17.200000,1.5354,1.5354,1.5354,1.5354,1.5354,1.5354,1.5354,1.5354,1.5354,1.5354,1.5354,1.5354,1.5354,1.5354,1.5354
17.210000,1.5331,1.5331,1.5331,1.5331,1.5331,1.5331,1.5331,1.5331,1.5331,1.5331,1.5331,1.5331,1.5331,1.5331,1.5331
17.220000,1.5309,1.5309,1.5309,1.5309,1.5309,1.5309,1.5309,1.5309,1.5309,1.5309,1.5309,1.5309,1.5309,1.5309,1.5309
17.230000,1.5287,1.5287,1.5287,1.5287,1.5287,1.5287,1.5287,1.5287,1.5287,1.5287,1.5287,1.5287,1.5287,1.5287,1.5287
17.240000,1.5266,1.5266,1.5266,1.5266,1.5266,1.5266,1.5266,1.5266,1.5266,1.5266,1.5266,1.5266,1.5266,1.5266,1.5266
17.250000,1.5246,1.5246,1.5246,1.5246,1.5246,1.5246,1.5246,1.5246,1.5246,1.5246,1.5246,1.5246,1.5246,1.5246,1.5246
17.260000,1.5227,1.5227,1.5227,1.5227,1.5227,1.5227,1.5227,1.5227,1.5227,1.5227,1.5227,1.5227,1.5227,1.5227,1.5227
17.270000,1.5208,1.5208,1.5208,1.5208,1.5208,1.5208,1.5208,1.5208,1.5208,1.5208,1.5208,1.5208,1.5208,1.5208,1.5208
17.280000,1.5191,1.5191,1.5191,1.5191,1.5191,1.5191,1.5191,1.5191,1.5191,1.5191,1.5191,1.5191,1.5191,1.5191,1.5191
17.290000,1.5174,1.5174,1.5174,1.5174,1.5174,1.5174,1.5174,1.5174,1.5174,1.5174,1.5174,1.5174,1.5174,1.5174,1.5174
17.300000,1.5158,1.5158,1.5158,1.5158,1.5158,1.5158,1.5158,1.5158,1.5158,1.5158,1.5158,1.5158,1.5158,1.5158,1.5158
17.310000,1.5142,1.5142,1.5142,1.5142,1.5142,1.5142,1.5142,1.5142,1.5142,1.5142,1.5142,1.5142,1.5142,1.5142,1.5142
17.320000,1.5128,1.5128,1.5128,1.5128,1.5128,1.5128,1.5128,1.5128,1.5128,1.5128,1.5128,1.5128,1.5128,1.5128,1.5128
17.330000,1.5114,1.5114,1.5114,1.5114,1.5114,1.5114,1.5114,1.5114,1.5114,1.5114,1.5114,1.5114,1.5114,1.5114,1.5114
17.340000,1.5101,1.5101,1.5101,1.5101,1.5101,1.5101,1.5101,1.5101,1.5101,1.5101,1.5101,1.5101,1.5101,1.5101,1.5101
17.350000,1.5089,1.5089,1.5089,1.5089,1.5089,1.5089,1.5089,1.5089,1.5089,1.5089,1.5089,1.5089,1.5089,1.5089,1.5089
17.360000,1.5077,1.5077,1.5077,1.5077,1.5077,1.5077,1.5077,1.5077,1.5077,1.5077,1.5077,1.5077,1.5077,1.5077,1.5077
17.370000,1.5067,1.5067,1.5067,1.5067,1.5067,1.5067,1.5067,1.5067,1.5067,1.5067,1.5067,1.5067,1.5067,1.5067,1.5067
17.380000,1.5057,1.5057,1.5057,1.5057,1.5057,1.5057,1.5057,1.5057,1.5057,1.5057,1.5057,1.5057,1.5057,1.5057,1.5057
17.390000,1.5048,1.5048,1.5048,1.5048,1.5048,1.5048,1.5048,1.5048,1.5048,1.5048,1.5048,1.5048,1.5048,1.5048,1.5048
17.400000,1.5039,1.5039,1.5039,1.5039,1.5039,1.5039,1.5039,1.5039,1.5039,1.5039,1.5039,1.5039,1.5039,1.5039,1.5039
17.410000,1.5032,1.5032,1.5032,1.5032,1.5032,1.5032,1.5032,1.5032,1.5032,1.5032,1.5032,1.5032,1.5032,1.5032,1.5032
17.420000,1.5025,1.5025,1.5025,1.5025,1.5025,1.5025,1.5025,1.5025,1.5025,1.5025,1.5025,1.5025,1.5025,1.5025,1.5025
17.430000,1.5019,1.5019,1.5019,1.5019,1.5019,1.5019,1.5019,1.5019,1.5019,1.5019,1.5019,1.5019,1.5019,1.5019,1.5019
17.440000,1.5014,1.5014,1.5014,1.5014,1.5014,1.5014,1.5014,1.5014,1.5014,1.5014,1.5014,1.5014,1.5014,1.5014,1.5014
17.450000,1.5010,1.5010,1.5010,1.5010,1.5010,1.5010,1.5010,1.5010,1.5010,1.5010,1.5010,1.5010,1.5010,1.5010,1.5010
17.460000,1.5006,1.5006,1.5006,1.5006,1.5006,1.5006,1.5006,1.5006,1.5006,1.5006,1.5006,1.5006,1.5006,1.5006,1.5006
17.470000,1.5004,1.5004,1.5004,1.5004,1.5004,1.5004,1.5004,1.5004,1.5004,1.5004,1.5004,1.5004,1.5004,1.5004,1.5004
17.480000,1.5002,1.5002,1.5002,1.5002,1.5002,1.5002,1.5002,1.5002,1.5002,1.5002,1.5002,1.5002,1.5002,1.5002,1.5002
17.490000,1.5000,1.5000,1.5000,1.5000,1.5000,1.5000,1.5000,1.5000,1.5000,1.5000,1.5000,1.5000,1.5000,1.5000,1.5000
17.500000,1.5000,1.5000,1.5000,1.5000,1.5000,1.5000,1.5000,1.5000,1.5000,1.5000,1.5000,1.5000,1.5000,1.5000,1.5000
17.510000,1.5000,1.5000,1.5000,1.5000,1.5000,1.5000,1.5000,1.5000,1.5000,1.5000,1.5000,1.5000,1.5000,1.5000,1.5000
17.520000,1.5002,1.5002,1.5002,1.5002,1.5002,1.5002,1.5002,1.5002,1.5002,1.5002,1.5002,1.5002,1.5002,1.5002,1.5002
17.530000,1.5004,1.5004,1.5004,1.5004,1.5004,1.5004,1.5004,1.5004,1.5004,1.5004,1.5004,1.5004,1.5004,1.5004,1.5004
17.540000,1.5006,1.5006,1.5006,1.5006,1.5006,1.5006,1.5006,1.5006,1.5006,1.5006,1.5006,1.5006,1.5006,1.5006,1.5006
17.550000,1.5010,1.5010,1.5010,1.5010,1.5010,1.5010,1.5010,1.5010,1.5010,1.5010,1.5010,1.5010,1.5010,1.5010,1.5010
17.560000,1.5014,1.5014,1.5014,1.5014,1.5014,1.5014,1.5014,1.5014,1.5014,1.5014,1.5014,1.5014,1.5014,1.5014,1.5014
17.570000,1.5019,1.5019,1.5019,1.5019,1.5019,1.5019,1.5019,1.5019,1.5019,1.5019,1.5019,1.5019,1.5019,1.5019,1.5019
17.580000,1.5025,1.5025,1.5025,1.5025,1.5025,1.5025,1.5025,1.5025,1.5025,1.5025,1.5025,1.5025,1.5025,1.5025,1.5025
17.590000,1.5032,1.5032,1.5032,1.5032,1.5032,1.5032,1.5032,1.5032,1.5032,1.5032,1.5032,1.5032,1.5032,1.5032,1.5032
17.600000,1.5039,1.5039,1.5039,1.5039,1.5039,1.5039,1.5039,1.5039,1.5039,1.5039,1.5039,1.5039,1.5039,1.5039,1.5039
17.610000,1.5048,1.5048,1.5048,1.5048,1.5048,1.5048,1.5048,1.5048,1.5048,1.5048,1.5048,1.5048,1.5048,1.5048,1.5048
17.620000,1.5057,1.5057,1.5057,1.5057,1.5057,1.5057,1.5057,1.5057,1.5057,1.5057,1.5057,1.5057,1.5057,1.5057,1.5057
17.630000,1.5067,1.5067,1.5067,1.5067,1.5067,1.5067,1.5067,1.5067,1.5067,1.5067,1.5067,1.5067,1.5067,1.5067,1.5067
17.640000,1.5077,1.5077,1.5077,1.5077,1.5077,1.5077,1.5077,1.5077,1.5077,1.5077,1.5077,1.5077,1.5077,1.5077,1.5077
17.650000,1.5089,1.5089,1.5089,1.5089,1.5089,1.5089,1.5089,1.5089,1.5089,1.5089,1.5089,1.5089,1.5089,1.5089,1.5089
17.660000,1.5101,1.5101,1.5101,1.5101,1.5101,1.5101,1.5101,1.5101,1.5101,1.5101,1.5101,1.5101,1.5101,1.5101,1.5101
17.670000,1.5114,1.5114,1.5114,1.5114,1.5114,1.5114,1.5114,1.5114,1.5114,1.5114,1.5114,1.5114,1.5114,1.5114,1.5114
17.680000,1.5128,1.5128,1.5128,1.5128,1.5128,1.5128,1.5128,1.5128,1.5128,1.5128,1.5128,1.5128,1.5128,1.5128,1.5128
17.690000,1.5142,1.5142,1.5142,1.5142,1.5142,1.5142,1.5142,1.5142,1.5142,1.5142,1.5142,1.5142,1.5142,1.5142,1.5142
17.700000,1.5158,1.5158,1.5158,1.5158,1.5158,1.5158,1.5158,1.5158,1.5158,1.5158,1.5158,1.5158,1.5158,1.5158,1.5158
17.710000,1.5174,1.5174,1.5174,1.5174,1.5174,1.5174,1.5174,1.5174,1.5174,1.5174,1.5174,1.5174,1.5174,1.5174,1.5174
17.720000,1.5191,1.5191,1.5191,1.5191,1.5191,1.5191,1.5191,1.5191,1.5191,1.5191,1.5191,1.5191,1.5191,1.5191,1.5191
17.730000,1.5208,1.5208,1.5208,1.5208,1.5208,1.5208,1.5208,1.5208,1.5208,1.5208,1.5208,1.5208,1.5208,1.5208,1.5208
17.740000,1.5227,1.5227,1.5227,1.5227,1.5227,1.5227,1.5227,1.5227,1.5227,1.5227,1.5227,1.5227,1.5227,1.5227,1.5227
17.750000,1.5246,1.5246,1.5246,1.5246,1.5246,1.5246,1.5246,1.5246,1.5246,1.5246,1.5246,1.5246,1.5246,1.5246,1.5246
17.760000,1.5266,1.5266,1.5266,1.5266,1.5266,1.5266,1.5266,1.5266,1.5266,1.5266,1.5266,1.5266,1.5266,1.5266,1.5266
17.770000,1.5287,1.5287,1.5287,1.5287,1.5287,1.5287,1.5287,1.5287,1.5287,1.5287,1.5287,1.5287,1.5287,1.5287,1.5287
17.780000,1.5309,1.5309,1.5309,1.5309,1.5309,1.5309,1.5309,1.5309,1.5309,1.5309,1.5309,1.5309,1.5309,1.5309,1.5309
17.790000,1.5331,1.5331,1.5331,1.5331,1.5331,1.5331,1.5331,1.5331,1.5331,1.5331,1.5331,1.5331,1.5331,1.5331,1.5331
17.800000,1.5354,1.5354,1.5354,1.5354,1.5354,1.5354,1.5354,1.5354,1.5354,1.5354,1.5354,1.5354,1.5354,1.5354,1.5354
17.810000,1.5378,1.5378,1.5378,1.5378,1.5378,1.5378,1.5378,1.5378,1.5378,1.5378,1.5378,1.5378,1.5378,1.5378,1.5378
17.820000,1.5403,1.5403,1.5403,1.5403,1.5403,1.5403,1.5403,1.5403,1.5403,1.5403,1.5403,1.5403,1.5403,1.5403,1.5403
17.830000,1.5428,1.5428,1.5428,1.5428,1.5428,1.5428,1.5428,1.5428,1.5428,1.5428,1.5428,1.5428,1.5428,1.5428,1.5428
17.840000,1.5455,1.5455,1.5455,1.5455,1.5455,1.5455,1.5455,1.5455,1.5455,1.5455,1.5455,1.5455,1.5455,1.5455,1.5455
17.850000,1.5482,1.5482,1.5482,1.5482,1.5482,1.5482,1.5482,1.5482,1.5482,1.5482,1.5482,1.5482,1.5482,1.5482,1.5482
17.860000,1.5509,1.5509,1.5509,1.5509,1.5509,1.5509,1.5509,1.5509,1.5509,1.5509,1.5509,1.5509,1.5509,1.5509,1.5509
17.870000,1.5538,1.5538,1.5538,1.5538,1.5538,1.5538,1.5538,1.5538,1.5538,1.5538,1.5538,1.5538,1.5538,1.5538,1.5538
17.880000,1.5567,1.5567,1.5567,1.5567,1.5567,1.5567,1.5567,1.5567,1.5567,1.5567,1.5567,1.5567,1.5567,1.5567,1.5567
17.890000,1.5597,1.5597,1.5597,1.5597,1.5597,1.5597,1.5597,1.5597,1.5597,1.5597,1.5597,1.5597,1.5597,1.5597,1.5597
17.900000,1.5628,1.5628,1.5628,1.5628,1.5628,1.5628,1.5628,1.5628,1.5628,1.5628,1.5628,1.5628,1.5628,1.5628,1.5628
17.910000,1.5660,1.5660,1.5660,1.5660,1.5660,1.5660,1.5660,1.5660,1.5660,1.5660,1.5660,1.5660,1.5660,1.5660,1.5660
17.920000,1.5692,1.5692,1.5692,1.5692,1.5692,1.5692,1.5692,1.5692,1.5692,1.5692,1.5692,1.5692,1.5692,1.5692,1.5692
17.930000,1.5726,1.5726,1.5726,1.5726,1.5726,1.5726,1.5726,1.5726,1.5726,1.5726,1.5726,1.5726,1.5726,1.5726,1.5726
17.940000,1.5759,1.5759,1.5759,1.5759,1.5759,1.5759,1.5759,1.5759,1.5759,1.5759,1.5759,1.5759,1.5759,1.5759,1.5759
17.950000,1.5794,1.5794,1.5794,1.5794,1.5794,1.5794,1.5794,1.5794,1.5794,1.5794,1.5794,1.5794,1.5794,1.5794,1.5794
17.960000,1.5830,1.5830,1.5830,1.5830,1.5830,1.5830,1.5830,1.5830,1.5830,1.5830,1.5830,1.5830,1.5830,1.5830,1.5830
17.970000,1.5866,1.5866,1.5866,1.5866,1.5866,1.5866,1.5866,1.5866,1.5866,1.5866,1.5866,1.5866,1.5866,1.5866,1.5866
17.980000,1.5903,1.5903,1.5903,1.5903,1.5903,1.5903,1.5903,1.5903,1.5903,1.5903,1.5903,1.5903,1.5903,1.5903,1.5903
17.990000,1.5940,1.5940,1.5940,1.5940,1.5940,1.5940,1.5940,1.5940,1.5940,1.5940,1.5940,1.5940,1.5940,1.5940,1.5940
18.000000,1.5979,1.5979,1.5979,1.5979,1.5979,1.5979,1.5979,1.5979,1.5979,1.5979,1.5979,1.5979,1.5979,1.5979,1.5979
18.010000,1.6018,1.6018,1.6018,1.6018,1.6018,1.6018,1.6018,1.6018,1.6018,1.6018,1.6018,1.6018,1.6018,1.6018,1.6018
18.020000,1.6058,1.6058,1.6058,1.6058,1.6058,1.6058,1.6058,1.6058,1.6058,1.6058,1.6058,1.6058,1.6058,1.6058,1.6058
18.030000,1.6099,1.6099,1.6099,1.6099,1.6099,1.6099,1.6099,1.6099,1.6099,1.6099,1.6099,1.6099,1.6099,1.6099,1.6099
18.040000,1.6140,1.6140,1.6140,1.6140,1.6140,1.6140,1.6140,1.6140,1.6140,1.6140,1.6140,1.6140,1.6140,1.6140,1.6140
18.050000,1.6182,1.6182,1.6182,1.6182,1.6182,1.6182,1.6182,1.6182,1.6182,1.6182,1.6182,1.6182,1.6182,1.6182,1.6182
18.060000,1.6225,1.6225,1.6225,1.6225,1.6225,1.6225,1.6225,1.6225,1.6225,1.6225,1.6225,1.6225,1.6225,1.6225,1.6225
18.070000,1.6269,1.6269,1.6269,1.6269,1.6269,1.6269,1.6269,1.6269,1.6269,1.6269,1.6269,1.6269,1.6269,1.6269,1.6269
18.080000,1.6313,1.6313,1.6313,1.6313,1.6313,1.6313,1.6313,1.6313,1.6313,1.6313,1.6313,1.6313,1.6313,1.6313,1.6313
18.090000,1.6359,1.6359,1.6359,1.6359,1.6359,1.6359,1.6359,1.6359,1.6359,1.6359,1.6359,1.6359,1.6359,1.6359,1.6359
18.100000,1.6404,1.6404,1.6404,1.6404,1.6404,1.6404,1.6404,1.6404,1.6404,1.6404,1.6404,1.6404,1.6404,1.6404,1.6404
18.110000,1.6451,1.6451,1.6451,1.6451,1.6451,1.6451,1.6451,1.6451,1.6451,1.6451,1.6451,1.6451,1.6451,1.6451,1.6451
18.120000,1.6498,1.6498,1.6498,1.6498,1.6498,1.6498,1.6498,1.6498,1.6498,1.6498,1.6498,1.6498,1.6498,1.6498,1.6498
18.130000,1.6547,1.6547,1.6547,1.6547,1.6547,1.6547,1.6547,1.6547,1.6547,1.6547,1.6547,1.6547,1.6547,1.6547,1.6547
18.140000,1.6595,1.6595,1.6595,1.6595,1.6595,1.6595,1.6595,1.6595,1.6595,1.6595,1.6595,1.6595,1.6595,1.6595,1.6595
18.150000,1.6645,1.6645,1.6645,1.6645,1.6645,1.6645,1.6645,1.6645,1.6645,1.6645,1.6645,1.6645,1.6645,1.6645,1.6645
18.160000,1.6695,1.6695,1.6695,1.6695,1.6695,1.6695,1.6695,1.6695,1.6695,1.6695,1.6695,1.6695,1.6695,1.6695,1.6695
18.170000,1.6746,1.6746,1.6746,1.6746,1.6746,1.6746,1.6746,1.6746,1.6746,1.6746,1.6746,1.6746,1.6746,1.6746,1.6746
18.180000,1.6798,1.6798,1.6798,1.6798,1.6798,1.6798,1.6798,1.6798,1.6798,1.6798,1.6798,1.6798,1.6798,1.6798,1.6798
18.190000,1.6850,1.6850,1.6850,1.6850,1.6850,1.6850,1.6850,1.6850,1.6850,1.6850,1.6850,1.6850,1.6850,1.6850,1.6850
18.200000,1.6903,1.6903,1.6903,1.6903,1.6903,1.6903,1.6903,1.6903,1.6903,1.6903,1.6903,1.6903,1.6903,1.6903,1.6903
18.210000,1.6957,1.6957,1.6957,1.6957,1.6957,1.6957,1.6957,1.6957,1.6957,1.6957,1.6957,1.6957,1.6957,1.6957,1.6957
18.220000,1.7012,1.7012,1.7012,1.7012,1.7012,1.7012,1.7012,1.7012,1.7012,1.7012,1.7012,1.7012,1.7012,1.7012,1.7012
18.230000,1.7067,1.7067,1.7067,1.7067,1.7067,1.7067,1.7067,1.7067,1.7067,1.7067,1.7067,1.7067,1.7067,1.7067,1.7067
18.240000,1.7123,1.7123,1.7123,1.7123,1.7123,1.7123,1.7123,1.7123,1.7123,1.7123,1.7123,1.7123,1.7123,1.7123,1.7123
18.250000,1.7180,1.7180,1.7180,1.7180,1.7180,1.7180,1.7180,1.7180,1.7180,1.7180,1.7180,1.7180,1.7180,1.7180,1.7180
18.260000,1.7237,1.7237,1.7237,1.7237,1.7237,1.7237,1.7237,1.7237,1.7237,1.7237,1.7237,1.7237,1.7237,1.7237,1.7237
18.270000,1.7295,1.7295,1.7295,1.7295,1.7295,1.7295,1.7295,1.7295,1.7295,1.7295,1.7295,1.7295,1.7295,1.7295,1.7295
18.280000,1.7354,1.7354,1.7354,1.7354,1.7354,1.7354,1.7354,1.7354,1.7354,1.7354,1.7354,1.7354,1.7354,1.7354,1.7354
18.290000,1.7414,1.7414,1.7414,1.7414,1.7414,1.7414,1.7414,1.7414,1.7414,1.7414,1.7414,1.7414,1.7414,1.7414,1.7414
18.300000,1.7474,1.7474,1.7474,1.7474,1.7474,1.7474,1.7474,1.7474,1.7474,1.7474,1.7474,1.7474,1.7474,1.7474,1.7474
18.310000,1.7535,1.7535,1.7535,1.7535,1.7535,1.7535,1.7535,1.7535,1.7535,1.7535,1.7535,1.7535,1.7535,1.7535,1.7535
18.320000,1.7596,1.7596,1.7596,1.7596,1.7596,1.7596,1.7596,1.7596,1.7596,1.7596,1.7596,1.7596,1.7596,1.7596,1.7596
18.330000,1.7659,1.7659,1.7659,1.7659,1.7659,1.7659,1.7659,1.7659,1.7659,1.7659,1.7659,1.7659,1.7659,1.7659,1.7659
18.340000,1.7722,1.7722,1.7722,1.7722,1.7722,1.7722,1.7722,1.7722,1.7722,1.7722,1.7722,1.7722,1.7722,1.7722,1.7722
18.350000,1.7785,1.7785,1.7785,1.7785,1.7785,1.7785,1.7785,1.7785,1.7785,1.7785,1.7785,1.7785,1.7785,1.7785,1.7785
18.360000,1.7849,1.7849,1.7849,1.7849,1.7849,1.7849,1.7849,1.7849,1.7849,1.7849,1.7849,1.7849,1.7849,1.7849,1.7849
18.370000,1.7914,1.7914,1.7914,1.7914,1.7914,1.7914,1.7914,1.7914,1.7914,1.7914,1.7914,1.7914,1.7914,1.7914,1.7914
18.380000,1.7980,1.7980,1.7980,1.7980,1.7980,1.7980,1.7980,1.7980,1.7980,1.7980,1.7980,1.7980,1.7980,1.7980,1.7980
18.390000,1.8046,1.8046,1.8046,1.8046,1.8046,1.8046,1.8046,1.8046,1.8046,1.8046,1.8046,1.8046,1.8046,1.8046,1.8046
18.400000,1.8113,1.8113,1.8113,1.8113,1.8113,1.8113,1.8113,1.8113,1.8113,1.8113,1.8113,1.8113,1.8113,1.8113,1.8113
18.410000,1.8181,1.8181,1.8181,1.8181,1.8181,1.8181,1.8181,1.8181,1.8181,1.8181,1.8181,1.8181,1.8181,1.8181,1.8181
18.420000,1.8249,1.8249,1.8249,1.8249,1.8249,1.8249,1.8249,1.8249,1.8249,1.8249,1.8249,1.8249,1.8249,1.8249,1.8249
18.430000,1.8318,1.8318,1.8318,1.8318,1.8318,1.8318,1.8318,1.8318,1.8318,1.8318,1.8318,1.8318,1.8318,1.8318,1.8318
18.440000,1.8388,1.8388,1.8388,1.8388,1.8388,1.8388,1.8388,1.8388,1.8388,1.8388,1.8388,1.8388,1.8388,1.8388,1.8388
18.450000,1.8458,1.8458,1.8458,1.8458,1.8458,1.8458,1.8458,1.8458,1.8458,1.8458,1.8458,1.8458,1.8458,1.8458,1.8458
18.460000,1.8529,1.8529,1.8529,1.8529,1.8529,1.8529,1.8529,1.8529,1.8529,1.8529,1.8529,1.8529,1.8529,1.8529,1.8529
18.470000,1.8601,1.8601,1.8601,1.8601,1.8601,1.8601,1.8601,1.8601,1.8601,1.8601,1.8601,1.8601,1.8601,1.8601,1.8601
18.480000,1.8673,1.8673,1.8673,1.8673,1.8673,1.8673,1.8673,1.8673,1.8673,1.8673,1.8673,1.8673,1.8673,1.8673,1.8673
18.490000,1.8746,1.8746,1.8746,1.8746,1.8746,1.8746,1.8746,1.8746,1.8746,1.8746,1.8746,1.8746,1.8746,1.8746,1.8746
18.500000,1.8820,1.8820,1.8820,1.8820,1.8820,1.8820,1.8820,1.8820,1.8820,1.8820,1.8820,1.8820,1.8820,1.8820,1.8820
18.510000,1.8894,1.8894,1.8894,1.8894,1.8894,1.8894,1.8894,1.8894,1.8894,1.8894,1.8894,1.8894,1.8894,1.8894,1.8894
18.520000,1.8969,1.8969,1.8969,1.8969,1.8969,1.8969,1.8969,1.8969,1.8969,1.8969,1.8969,1.8969,1.8969,1.8969,1.8969
18.530000,1.9044,1.9044,1.9044,1.9044,1.9044,1.9044,1.9044,1.9044,1.9044,1.9044,1.9044,1.9044,1.9044,1.9044,1.9044
18.540000,1.9120,1.9120,1.9120,1.9120,1.9120,1.9120,1.9120,1.9120,1.9120,1.9120,1.9120,1.9120,1.9120,1.9120,1.9120
18.550000,1.9197,1.9197,1.9197,1.9197,1.9197,1.9197,1.9197,1.9197,1.9197,1.9197,1.9197,1.9197,1.9197,1.9197,1.9197
18.560000,1.9274,1.9274,1.9274,1.9274,1.9274,1.9274,1.9274,1.9274,1.9274,1.9274,1.9274,1.9274,1.9274,1.9274,1.9274
18.570000,1.9352,1.9352,1.9352,1.9352,1.9352,1.9352,1.9352,1.9352,1.9352,1.9352,1.9352,1.9352,1.9352,1.9352,1.9352
18.580000,1.9431,1.9431,1.9431,1.9431,1.9431,1.9431,1.9431,1.9431,1.9431,1.9431,1.9431,1.9431,1.9431,1.9431,1.9431
18.590000,1.9510,1.9510,1.9510,1.9510,1.9510,1.9510,1.9510,1.9510,1.9510,1.9510,1.9510,1.9510,1.9510,1.9510,1.9510
18.600000,1.9590,1.9590,1.9590,1.9590,1.9590,1.9590,1.9590,1.9590,1.9590,1.9590,1.9590,1.9590,1.9590,1.9590,1.9590
18.610000,1.9670,1.9670,1.9670,1.9670,1.9670,1.9670,1.9670,1.9670,1.9670,1.9670,1.9670,1.9670,1.9670,1.9670,1.9670
18.620000,1.9751,1.9751,1.9751,1.9751,1.9751,1.9751,1.9751,1.9751,1.9751,1.9751,1.9751,1.9751,1.9751,1.9751,1.9751
18.630000,1.9833,1.9833,1.9833,1.9833,1.9833,1.9833,1.9833,1.9833,1.9833,1.9833,1.9833,1.9833,1.9833,1.9833,1.9833
18.640000,1.9915,1.9915,1.9915,1.9915,1.9915,1.9915,1.9915,1.9915,1.9915,1.9915,1.9915,1.9915,1.9915,1.9915,1.9915
18.650000,1.9998,1.9998,1.9998,1.9998,1.9998,1.9998,1.9998,1.9998,1.9998,1.9998,1.9998,1.9998,1.9998,1.9998,1.9998
18.660000,2.0081,2.0081,2.0081,2.0081,2.0081,2.0081,2.0081,2.0081,2.0081,2.0081,2.0081,2.0081,2.0081,2.0081,2.0081
18.670000,2.0165,2.0165,2.0165,2.0165,2.0165,2.0165,2.0165,2.0165,2.0165,2.0165,2.0165,2.0165,2.0165,2.0165,2.0165
18.680000,2.0250,2.0250,2.0250,2.0250,2.0250,2.0250,2.0250,2.0250,2.0250,2.0250,2.0250,2.0250,2.0250,2.0250,2.0250
18.690000,2.0335,2.0335,2.0335,2.0335,2.0335,2.0335,2.0335,2.0335,2.0335,2.0335,2.0335,2.0335,2.0335,2.0335,2.0335
18.700000,2.0421,2.0421,2.0421,2.0421,2.0421,2.0421,2.0421,2.0421,2.0421,2.0421,2.0421,2.0421,2.0421,2.0421,2.0421
18.710000,2.0507,2.0507,2.0507,2.0507,2.0507,2.0507,2.0507,2.0507,2.0507,2.0507,2.0507,2.0507,2.0507,2.0507,2.0507
18.720000,2.0594,2.0594,2.0594,2.0594,2.0594,2.0594,2.0594,2.0594,2.0594,2.0594,2.0594,2.0594,2.0594,2.0594,2.0594
18.730000,2.0681,2.0681,2.0681,2.0681,2.0681,2.0681,2.0681,2.0681,2.0681,2.0681,2.0681,2.0681,2.0681,2.0681,2.0681
18.740000,2.0769,2.0769,2.0769,2.0769,2.0769,2.0769,2.0769,2.0769,2.0769,2.0769,2.0769,2.0769,2.0769,2.0769,2.0769
18.750000,2.0858,2.0858,2.0858,2.0858,2.0858,2.0858,2.0858,2.0858,2.0858,2.0858,2.0858,2.0858,2.0858,2.0858,2.0858
18.760000,2.0947,2.0947,2.0947,2.0947,2.0947,2.0947,2.0947,2.0947,2.0947,2.0947,2.0947,2.0947,2.0947,2.0947,2.0947
18.770000,2.1037,2.1037,2.1037,2.1037,2.1037,2.1037,2.1037,2.1037,2.1037,2.1037,2.1037,2.1037,2.1037,2.1037,2.1037
18.780000,2.1127,2.1127,2.1127,2.1127,2.1127,2.1127,2.1127,2.1127,2.1127,2.1127,2.1127,2.1127,2.1127,2.1127,2.1127
18.790000,2.1218,2.1218,2.1218,2.1218,2.1218,2.1218,2.1218,2.1218,2.1218,2.1218,2.1218,2.1218,2.1218,2.1218,2.1218
18.800000,2.1309,2.1309,2.1309,2.1309,2.1309,2.1309,2.1309,2.1309,2.1309,2.1309,2.1309,2.1309,2.1309,2.1309,2.1309
18.810000,2.1401,2.1401,2.1401,2.1401,2.1401,2.1401,2.1401,2.1401,2.1401,2.1401,2.1401,2.1401,2.1401,2.1401,2.1401
18.820000,2.1493,2.1493,2.1493,2.1493,2.1493,2.1493,2.1493,2.1493,2.1493,2.1493,2.1493,2.1493,2.1493,2.1493,2.1493
18.830000,2.1586,2.1586,2.1586,2.1586,2.1586,2.1586,2.1586,2.1586,2.1586,2.1586,2.1586,2.1586,2.1586,2.1586,2.1586
18.840000,2.1680,2.1680,2.1680,2.1680,2.1680,2.1680,2.1680,2.1680,2.1680,2.1680,2.1680,2.1680,2.1680,2.1680,2.1680
18.850000,2.1774,2.1774,2.1774,2.1774,2.1774,2.1774,2.1774,2.1774,2.1774,2.1774,2.1774,2.1774,2.1774,2.1774,2.1774
18.860000,2.1868,2.1868,2.1868,2.1868,2.1868,2.1868,2.1868,2.1868,2.1868,2.1868,2.1868,2.1868,2.1868,2.1868,2.1868
18.870000,2.1963,2.1963,2.1963,2.1963,2.1963,2.1963,2.1963,2.1963,2.1963,2.1963,2.1963,2.1963,2.1963,2.1963,2.1963
18.880000,2.2059,2.2059,2.2059,2.2059,2.2059,2.2059,2.2059,2.2059,2.2059,2.2059,2.2059,2.2059,2.2059,2.2059,2.2059
18.890000,2.2155,2.2155,2.2155,2.2155,2.2155,2.2155,2.2155,2.2155,2.2155,2.2155,2.2155,2.2155,2.2155,2.2155,2.2155
18.900000,2.2252,2.2252,2.2252,2.2252,2.2252,2.2252,2.2252,2.2252,2.2252,2.2252,2.2252,2.2252,2.2252,2.2252,2.2252
18.910000,2.2349,2.2349,2.2349,2.2349,2.2349,2.2349,2.2349,2.2349,2.2349,2.2349,2.2349,2.2349,2.2349,2.2349,2.2349
18.920000,2.2446,2.2446,2.2446,2.2446,2.2446,2.2446,2.2446,2.2446,2.2446,2.2446,2.2446,2.2446,2.2446,2.2446,2.2446
18.930000,2.2544,2.2544,2.2544,2.2544,2.2544,2.2544,2.2544,2.2544,2.2544,2.2544,2.2544,2.2544,2.2544,2.2544,2.2544
18.940000,2.2643,2.2643,2.2643,2.2643,2.2643,2.2643,2.2643,2.2643,2.2643,2.2643,2.2643,2.2643,2.2643,2.2643,2.2643
18.950000,2.2742,2.2742,2.2742,2.2742,2.2742,2.2742,2.2742,2.2742,2.2742,2.2742,2.2742,2.2742,2.2742,2.2742,2.2742
18.960000,2.2841,2.2841,2.2841,2.2841,2.2841,2.2841,2.2841,2.2841,2.2841,2.2841,2.2841,2.2841,2.2841,2.2841,2.2841
18.970000,2.2941,2.2941,2.2941,2.2941,2.2941,2.2941,2.2941,2.2941,2.2941,2.2941,2.2941,2.2941,2.2941,2.2941,2.2941
18.980000,2.3042,2.3042,2.3042,2.3042,2.3042,2.3042,2.3042,2.3042,2.3042,2.3042,2.3042,2.3042,2.3042,2.3042,2.3042
18.990000,2.3143,2.3143,2.3143,2.3143,2.3143,2.3143,2.3143,2.3143,2.3143,2.3143,2.3143,2.3143,2.3143,2.3143,2.3143
19.000000,2.3244,2.3244,2.3244,2.3244,2.3244,2.3244,2.3244,2.3244,2.3244,2.3244,2.3244,2.3244,2.3244,2.3244,2.3244
19.010000,2.3346,2.3346,2.3346,2.3346,2.3346,2.3346,2.3346,2.3346,2.3346,2.3346,2.3346,2.3346,2.3346,2.3346,2.3346
19.020000,2.3449,2.3449,2.3449,2.3449,2.3449,2.3449,2.3449,2.3449,2.3449,2.3449,2.3449,2.3449,2.3449,2.3449,2.3449
19.030000,2.3551,2.3551,2.3551,2.3551,2.3551,2.3551,2.3551,2.3551,2.3551,2.3551,2.3551,2.3551,2.3551,2.3551,2.3551
19.040000,2.3655,2.3655,2.3655,2.3655,2.3655,2.3655,2.3655,2.3655,2.3655,2.3655,2.3655,2.3655,2.3655,2.3655,2.3655
19.050000,2.3758,2.3758,2.3758,2.3758,2.3758,2.3758,2.3758,2.3758,2.3758,2.3758,2.3758,2.3758,2.3758,2.3758,2.3758
19.060000,2.3862,2.3862,2.3862,2.3862,2.3862,2.3862,2.3862,2.3862,2.3862,2.3862,2.3862,2.3862,2.3862,2.3862,2.3862
19.070000,2.3967,2.3967,2.3967,2.3967,2.3967,2.3967,2.3967,2.3967,2.3967,2.3967,2.3967,2.3967,2.3967,2.3967,2.3967
19.080000,2.4072,2.4072,2.4072,2.4072,2.4072,2.4072,2.4072,2.4072,2.4072,2.4072,2.4072,2.4072,2.4072,2.4072,2.4072
19.090000,2.4178,2.4178,2.4178,2.4178,2.4178,2.4178,2.4178,2.4178,2.4178,2.4178,2.4178,2.4178,2.4178,2.4178,2.4178
19.100000,2.4283,2.4283,2.4283,2.4283,2.4283,2.4283,2.4283,2.4283,2.4283,2.4283,2.4283,2.4283,2.4283,2.4283,2.4283
19.110000,2.4390,2.4390,2.4390,2.4390,2.4390,2.4390,2.4390,2.4390,2.4390,2.4390,2.4390,2.4390,2.4390,2.4390,2.4390
19.120000,2.4497,2.4497,2.4497,2.4497,2.4497,2.4497,2.4497,2.4497,2.4497,2.4497,2.4497,2.4497,2.4497,2.4497,2.4497
19.130000,2.4604,2.4604,2.4604,2.4604,2.4604,2.4604,2.4604,2.4604,2.4604,2.4604,2.4604,2.4604,2.4604,2.4604,2.4604
19.140000,2.4711,2.4711,2.4711,2.4711,2.4711,2.4711,2.4711,2.4711,2.4711,2.4711,2.4711,2.4711,2.4711,2.4711,2.4711
19.150000,2.4819,2.4819,2.4819,2.4819,2.4819,2.4819,2.4819,2.4819,2.4819,2.4819,2.4819,2.4819,2.4819,2.4819,2.4819
19.160000,2.4928,2.4928,2.4928,2.4928,2.4928,2.4928,2.4928,2.4928,2.4928,2.4928,2.4928,2.4928,2.4928,2.4928,2.4928
19.170000,2.5036,2.5036,2.5036,2.5036,2.5036,2.5036,2.5036,2.5036,2.5036,2.5036,2.5036,2.5036,2.5036,2.5036,2.5036
19.180000,2.5145,2.5145,2.5145,2.5145,2.5145,2.5145,2.5145,2.5145,2.5145,2.5145,2.5145,2.5145,2.5145,2.5145,2.5145
19.190000,2.5255,2.5255,2.5255,2.5255,2.5255,2.5255,2.5255,2.5255,2.5255,2.5255,2.5255,2.5255,2.5255,2.5255,2.5255
19.200000,2.5365,2.5365,2.5365,2.5365,2.5365,2.5365,2.5365,2.5365,2.5365,2.5365,2.5365,2.5365,2.5365,2.5365,2.5365
19.210000,2.5475,2.5475,2.5475,2.5475,2.5475,2.5475,2.5475,2.5475,2.5475,2.5475,2.5475,2.5475,2.5475,2.5475,2.5475
19.220000,2.5586,2.5586,2.5586,2.5586,2.5586,2.5586,2.5586,2.5586,2.5586,2.5586,2.5586,2.5586,2.5586,2.5586,2.5586
19.230000,2.5697,2.5697,2.5697,2.5697,2.5697,2.5697,2.5697,2.5697,2.5697,2.5697,2.5697,2.5697,2.5697,2.5697,2.5697
19.240000,2.5808,2.5808,2.5808,2.5808,2.5808,2.5808,2.5808,2.5808,2.5808,2.5808,2.5808,2.5808,2.5808,2.5808,2.5808
19.250000,2.5920,2.5920,2.5920,2.5920,2.5920,2.5920,2.5920,2.5920,2.5920,2.5920,2.5920,2.5920,2.5920,2.5920,2.5920
19.260000,2.6032,2.6032,2.6032,2.6032,2.6032,2.6032,2.6032,2.6032,2.6032,2.6032,2.6032,2.6032,2.6032,2.6032,2.6032
19.270000,2.6145,2.6145,2.6145,2.6145,2.6145,2.6145,2.6145,2.6145,2.6145,2.6145,2.6145,2.6145,2.6145,2.6145,2.6145
19.280000,2.6258,2.6258,2.6258,2.6258,2.6258,2.6258,2.6258,2.6258,2.6258,2.6258,2.6258,2.6258,2.6258,2.6258,2.6258
19.290000,2.6371,2.6371,2.6371,2.6371,2.6371,2.6371,2.6371,2.6371,2.6371,2.6371,2.6371,2.6371,2.6371,2.6371,2.6371
19.300000,2.6484,2.6484,2.6484,2.6484,2.6484,2.6484,2.6484,2.6484,2.6484,2.6484,2.6484,2.6484,2.6484,2.6484,2.6484
19.310000,2.6598,2.6598,2.6598,2.6598,2.6598,2.6598,2.6598,2.6598,2.6598,2.6598,2.6598,2.6598,2.6598,2.6598,2.6598
19.320000,2.6712,2.6712,2.6712,2.6712,2.6712,2.6712,2.6712,2.6712,2.6712,2.6712,2.6712,2.6712,2.6712,2.6712,2.6712
19.330000,2.6827,2.6827,2.6827,2.6827,2.6827,2.6827,2.6827,2.6827,2.6827,2.6827,2.6827,2.6827,2.6827,2.6827,2.6827
19.340000,2.6942,2.6942,2.6942,2.6942,2.6942,2.6942,2.6942,2.6942,2.6942,2.6942,2.6942,2.6942,2.6942,2.6942,2.6942
19.350000,2.7057,2.7057,2.7057,2.7057,2.7057,2.7057,2.7057,2.7057,2.7057,2.7057,2.7057,2.7057,2.7057,2.7057,2.7057
19.360000,2.7173,2.7173,2.7173,2.7173,2.7173,2.7173,2.7173,2.7173,2.7173,2.7173,2.7173,2.7173,2.7173,2.7173,2.7173
19.370000,2.7288,2.7288,2.7288,2.7288,2.7288,2.7288,2.7288,2.7288,2.7288,2.7288,2.7288,2.7288,2.7288,2.7288,2.7288
19.380000,2.7404,2.7404,2.7404,2.7404,2.7404,2.7404,2.7404,2.7404,2.7404,2.7404,2.7404,2.7404,2.7404,2.7404,2.7404
19.390000,2.7521,2.7521,2.7521,2.7521,2.7521,2.7521,2.7521,2.7521,2.7521,2.7521,2.7521,2.7521,2.7521,2.7521,2.7521
19.400000,2.7638,2.7638,2.7638,2.7638,2.7638,2.7638,2.7638,2.7638,2.7638,2.7638,2.7638,2.7638,2.7638,2.7638,2.7638
19.410000,2.7754,2.7754,2.7754,2.7754,2.7754,2.7754,2.7754,2.7754,2.7754,2.7754,2.7754,2.7754,2.7754,2.7754,2.7754
19.420000,2.7872,2.7872,2.7872,2.7872,2.7872,2.7872,2.7872,2.7872,2.7872,2.7872,2.7872,2.7872,2.7872,2.7872,2.7872
19.430000,2.7989,2.7989,2.7989,2.7989,2.7989,2.7989,2.7989,2.7989,2.7989,2.7989,2.7989,2.7989,2.7989,2.7989,2.7989
19.440000,2.8107,2.8107,2.8107,2.8107,2.8107,2.8107,2.8107,2.8107,2.8107,2.8107,2.8107,2.8107,2.8107,2.8107,2.8107
19.450000,2.8225,2.8225,2.8225,2.8225,2.8225,2.8225,2.8225,2.8225,2.8225,2.8225,2.8225,2.8225,2.8225,2.8225,2.8225
19.460000,2.8344,2.8344,2.8344,2.8344,2.8344,2.8344,2.8344,2.8344,2.8344,2.8344,2.8344,2.8344,2.8344,2.8344,2.8344
19.470000,2.8462,2.8462,2.8462,2.8462,2.8462,2.8462,2.8462,2.8462,2.8462,2.8462,2.8462,2.8462,2.8462,2.8462,2.8462
19.480000,2.8581,2.8581,2.8581,2.8581,2.8581,2.8581,2.8581,2.8581,2.8581,2.8581,2.8581,2.8581,2.8581,2.8581,2.8581
19.490000,2.8700,2.8700,2.8700,2.8700,2.8700,2.8700,2.8700,2.8700,2.8700,2.8700,2.8700,2.8700,2.8700,2.8700,2.8700
19.500000,2.8820,2.8820,2.8820,2.8820,2.8820,2.8820,2.8820,2.8820,2.8820,2.8820,2.8820,2.8820,2.8820,2.8820,2.8820
19.510000,2.8939,2.8939,2.8939,2.8939,2.8939,2.8939,2.8939,2.8939,2.8939,2.8939,2.8939,2.8939,2.8939,2.8939,2.8939
19.520000,2.9059,2.9059,2.9059,2.9059,2.9059,2.9059,2.9059,2.9059,2.9059,2.9059,2.9059,2.9059,2.9059,2.9059,2.9059
19.530000,2.9179,2.9179,2.9179,2.9179,2.9179,2.9179,2.9179,2.9179,2.9179,2.9179,2.9179,2.9179,2.9179,2.9179,2.9179
19.540000,2.9300,2.9300,2.9300,2.9300,2.9300,2.9300,2.9300,2.9300,2.9300,2.9300,2.9300,2.9300,2.9300,2.9300,2.9300
19.550000,2.9420,2.9420,2.9420,2.9420,2.9420,2.9420,2.9420,2.9420,2.9420,2.9420,2.9420,2.9420,2.9420,2.9420,2.9420
19.560000,2.9541,2.9541,2.9541,2.9541,2.9541,2.9541,2.9541,2.9541,2.9541,2.9541,2.9541,2.9541,2.9541,2.9541,2.9541
19.570000,2.9662,2.9662,2.9662,2.9662,2.9662,2.9662,2.9662,2.9662,2.9662,2.9662,2.9662,2.9662,2.9662,2.9662,2.9662
19.580000,2.9783,2.9783,2.9783,2.9783,2.9783,2.9783,2.9783,2.9783,2.9783,2.9783,2.9783,2.9783,2.9783,2.9783,2.9783
19.590000,2.9905,2.9905,2.9905,2.9905,2.9905,2.9905,2.9905,2.9905,2.9905,2.9905,2.9905,2.9905,2.9905,2.9905,2.9905
19.600000,3.0026,3.0026,3.0026,3.0026,3.0026,3.0026,3.0026,3.0026,3.0026,3.0026,3.0026,3.0026,3.0026,3.0026,3.0026
19.610000,3.0148,3.0148,3.0148,3.0148,3.0148,3.0148,3.0148,3.0148,3.0148,3.0148,3.0148,3.0148,3.0148,3.0148,3.0148
19.620000,3.0270,3.0270,3.0270,3.0270,3.0270,3.0270,3.0270,3.0270,3.0270,3.0270,3.0270,3.0270,3.0270,3.0270,3.0270
19.630000,3.0392,3.0392,3.0392,3.0392,3.0392,3.0392,3.0392,3.0392,3.0392,3.0392,3.0392,3.0392,3.0392,3.0392,3.0392
19.640000,3.0515,3.0515,3.0515,3.0515,3.0515,3.0515,3.0515,3.0515,3.0515,3.0515,3.0515,3.0515,3.0515,3.0515,3.0515
19.650000,3.0637,3.0637,3.0637,3.0637,3.0637,3.0637,3.0637,3.0637,3.0637,3.0637,3.0637,3.0637,3.0637,3.0637,3.0637
19.660000,3.0760,3.0760,3.0760,3.0760,3.0760,3.0760,3.0760,3.0760,3.0760,3.0760,3.0760,3.0760,3.0760,3.0760,3.0760
19.670000,3.0883,3.0883,3.0883,3.0883,3.0883,3.0883,3.0883,3.0883,3.0883,3.0883,3.0883,3.0883,3.0883,3.0883,3.0883
19.680000,3.1006,3.1006,3.1006,3.1006,3.1006,3.1006,3.1006,3.1006,3.1006,3.1006,3.1006,3.1006,3.1006,3.1006,3.1006
19.690000,3.1129,3.1129,3.1129,3.1129,3.1129,3.1129,3.1129,3.1129,3.1129,3.1129,3.1129,3.1129,3.1129,3.1129,3.1129
19.700000,3.1252,3.1252,3.1252,3.1252,3.1252,3.1252,3.1252,3.1252,3.1252,3.1252,3.1252,3.1252,3.1252,3.1252,3.1252
19.710000,3.1376,3.1376,3.1376,3.1376,3.1376,3.1376,3.1376,3.1376,3.1376,3.1376,3.1376,3.1376,3.1376,3.1376,3.1376
19.720000,3.1500,3.1500,3.1500,3.1500,3.1500,3.1500,3.1500,3.1500,3.1500,3.1500,3.1500,3.1500,3.1500,3.1500,3.1500
19.730000,3.1623,3.1623,3.1623,3.1623,3.1623,3.1623,3.1623,3.1623,3.1623,3.1623,3.1623,3.1623,3.1623,3.1623,3.1623
19.740000,3.1747,3.1747,3.1747,3.1747,3.1747,3.1747,3.1747,3.1747,3.1747,3.1747,3.1747,3.1747,3.1747,3.1747,3.1747
19.750000,3.1871,3.1871,3.1871,3.1871,3.1871,3.1871,3.1871,3.1871,3.1871,3.1871,3.1871,3.1871,3.1871,3.1871,3.1871
19.760000,3.1995,3.1995,3.1995,3.1995,3.1995,3.1995,3.1995,3.1995,3.1995,3.1995,3.1995,3.1995,3.1995,3.1995,3.1995
19.770000,3.2120,3.2120,3.2120,3.2120,3.2120,3.2120,3.2120,3.2120,3.2120,3.2120,3.2120,3.2120,3.2120,3.2120,3.2120
19.780000,3.2244,3.2244,3.2244,3.2244,3.2244,3.2244,3.2244,3.2244,3.2244,3.2244,3.2244,3.2244,3.2244,3.2244,3.2244
19.790000,3.2369,3.2369,3.2369,3.2369,3.2369,3.2369,3.2369,3.2369,3.2369,3.2369,3.2369,3.2369,3.2369,3.2369,3.2369
19.800000,3.2493,3.2493,3.2493,3.2493,3.2493,3.2493,3.2493,3.2493,3.2493,3.2493,3.2493,3.2493,3.2493,3.2493,3.2493
19.810000,3.2618,3.2618,3.2618,3.2618,3.2618,3.2618,3.2618,3.2618,3.2618,3.2618,3.2618,3.2618,3.2618,3.2618,3.2618
19.820000,3.2743,3.2743,3.2743,3.2743,3.2743,3.2743,3.2743,3.2743,3.2743,3.2743,3.2743,3.2743,3.2743,3.2743,3.2743
19.830000,3.2868,3.2868,3.2868,3.2868,3.2868,3.2868,3.2868,3.2868,3.2868,3.2868,3.2868,3.2868,3.2868,3.2868,3.2868
19.840000,3.2993,3.2993,3.2993,3.2993,3.2993,3.2993,3.2993,3.2993,3.2993,3.2993,3.2993,3.2993,3.2993,3.2993,3.2993
19.850000,3.3118,3.3118,3.3118,3.3118,3.3118,3.3118,3.3118,3.3118,3.3118,3.3118,3.3118,3.3118,3.3118,3.3118,3.3118
19.860000,3.3243,3.3243,3.3243,3.3243,3.3243,3.3243,3.3243,3.3243,3.3243,3.3243,3.3243,3.3243,3.3243,3.3243,3.3243
19.870000,3.3368,3.3368,3.3368,3.3368,3.3368,3.3368,3.3368,3.3368,3.3368,3.3368,3.3368,3.3368,3.3368,3.3368,3.3368
19.880000,3.3493,3.3493,3.3493,3.3493,3.3493,3.3493,3.3493,3.3493,3.3493,3.3493,3.3493,3.3493,3.3493,3.3493,3.3493
19.890000,3.3619,3.3619,3.3619,3.3619,3.3619,3.3619,3.3619,3.3619,3.3619,3.3619,3.3619,3.3619,3.3619,3.3619,3.3619
19.900000,3.3744,3.3744,3.3744,3.3744,3.3744,3.3744,3.3744,3.3744,3.3744,3.3744,3.3744,3.3744,3.3744,3.3744,3.3744
19.910000,3.3870,3.3870,3.3870,3.3870,3.3870,3.3870,3.3870,3.3870,3.3870,3.3870,3.3870,3.3870,3.3870,3.3870,3.3870
19.920000,3.3995,3.3995,3.3995,3.3995,3.3995,3.3995,3.3995,3.3995,3.3995,3.3995,3.3995,3.3995,3.3995,3.3995,3.3995
19.930000,3.4121,3.4121,3.4121,3.4121,3.4121,3.4121,3.4121,3.4121,3.4121,3.4121,3.4121,3.4121,3.4121,3.4121,3.4121
19.940000,3.4246,3.4246,3.4246,3.4246,3.4246,3.4246,3.4246,3.4246,3.4246,3.4246,3.4246,3.4246,3.4246,3.4246,3.4246
19.950000,3.4372,3.4372,3.4372,3.4372,3.4372,3.4372,3.4372,3.4372,3.4372,3.4372,3.4372,3.4372,3.4372,3.4372,3.4372
19.960000,3.4497,3.4497,3.4497,3.4497,3.4497,3.4497,3.4497,3.4497,3.4497,3.4497,3.4497,3.4497,3.4497,3.4497,3.4497
19.970000,3.4623,3.4623,3.4623,3.4623,3.4623,3.4623,3.4623,3.4623,3.4623,3.4623,3.4623,3.4623,3.4623,3.4623,3.4623
19.980000,3.4749,3.4749,3.4749,3.4749,3.4749,3.4749,3.4749,3.4749,3.4749,3.4749,3.4749,3.4749,3.4749,3.4749,3.4749
19.990000,3.4874,3.4874,3.4874,3.4874,3.4874,3.4874,3.4874,3.4874,3.4874,3.4874,3.4874,3.4874,3.4874,3.4874,3.4874
