time,col1_lv0,col1_lv1,col1_lv2,col1_lv3,col1_lv4,col2_lv0,col2_lv1,col2_lv2,col2_lv3,col2_lv4,col3_lv0,col3_lv1,col3_lv2,col3_lv3,col3_lv4
0.000000,5.5000,5.5000,5.5000,5.5000,5.5000,2.5000,2.5000,2.5000,2.5000,2.5000,2.5000,2.5000,2.5000,2.5000,2.5000
0.010000,5.5000,5.5000,5.5000,5.5000,5.5000,2.5054,2.5054,2.5054,2.5054,2.5054,2.4946,2.4946,2.4946,2.4946,2.4946
0.020000,5.5000,5.5000,5.5000,5.5000,5.5000,2.5109,2.5109,2.5109,2.5109,2.5109,2.4891,2.4891,2.4891,2.4891,2.4891
0.030000,5.4999,5.4999,5.4999,5.4999,5.4999,2.5164,2.5164,2.5164,2.5164,2.5164,2.4837,2.4837,2.4837,2.4837,2.4837
0.040000,5.4998,5.4998,5.4998,5.4998,5.4998,2.5218,2.5218,2.5218,2.5218,2.5218,2.4783,2.4783,2.4783,2.4783,2.4783
0.050000,5.4998,5.4998,5.4998,5.4998,5.4998,2.5273,2.5273,2.5273,2.5273,2.5273,2.4729,2.4729,2.4729,2.4729,2.4729
0.060000,5.4996,5.4996,5.4996,5.4996,5.4996,2.5328,2.5328,2.5328,2.5328,2.5328,2.4675,2.4675,2.4675,2.4675,2.4675
0.070000,5.4995,5.4995,5.4995,5.4995,5.4995,2.5383,2.5383,2.5383,2.5383,2.5383,2.4622,2.4622,2.4622,2.4622,2.4622
0.080000,5.4994,5.4994,5.4994,5.4994,5.4994,2.5438,2.5438,2.5438,2.5438,2.5438,2.4568,2.4568,2.4568,2.4568,2.4568
0.090000,5.4992,5.4992,5.4992,5.4992,5.4992,2.5494,2.5494,2.5494,2.5494,2.5494,2.4514,2.4514,2.4514,2.4514,2.4514
0.100000,5.4990,5.4990,5.4990,5.4990,5.4990,2.5549,2.5549,2.5549,2.5549,2.5549,2.4461,2.4461,2.4461,2.4461,2.4461
0.110000,5.4988,5.4988,5.4988,5.4988,5.4988,2.5604,2.5604,2.5604,2.5604,2.5604,2.4408,2.4408,2.4408,2.4408,2.4408
0.120000,5.4986,5.4986,5.4986,5.4986,5.4986,2.5660,2.5660,2.5660,2.5660,2.5660,2.4354,2.4354,2.4354,2.4354,2.4354
0.130000,5.4983,5.4983,5.4983,5.4983,5.4983,2.5716,2.5716,2.5716,2.5716,2.5716,2.4301,2.4301,2.4301,2.4301,2.4301
0.140000,5.4981,5.4981,5.4981,5.4981,5.4981,2.5771,2.5771,2.5771,2.5771,2.5771,2.4248,2.4248,2.4248,2.4248,2.4248
0.150000,5.4978,5.4978,5.4978,5.4978,5.4978,2.5827,2.5827,2.5827,2.5827,2.5827,2.4195,2.4195,2.4195,2.4195,2.4195
0.160000,5.4975,5.4975,5.4975,5.4975,5.4975,2.5883,2.5883,2.5883,2.5883,2.5883,2.4142,2.4142,2.4142,2.4142,2.4142
0.170000,5.4971,5.4971,5.4971,5.4971,5.4971,2.5939,2.5939,2.5939,2.5939,2.5939,2.4090,2.4090,2.4090,2.4090,2.4090
0.180000,5.4968,5.4968,5.4968,5.4968,5.4968,2.5995,2.5995,2.5995,2.5995,2.5995,2.4037,2.4037,2.4037,2.4037,2.4037
0.190000,5.4964,5.4964,5.4964,5.4964,5.4964,2.6051,2.6051,2.6051,2.6051,2.6051,2.3985,2.3985,2.3985,2.3985,2.3985
0.200000,5.4961,5.4961,5.4961,5.4961,5.4961,2.6107,2.6107,2.6107,2.6107,2.6107,2.3932,2.3932,2.3932,2.3932,2.3932
0.210000,5.4956,5.4956,5.4956,5.4956,5.4956,2.6164,2.6164,2.6164,2.6164,2.6164,2.3880,2.3880,2.3880,2.3880,2.3880
0.220000,5.4952,5.4952,5.4952,5.4952,5.4952,2.6220,2.6220,2.6220,2.6220,2.6220,2.3828,2.3828,2.3828,2.3828,2.3828
0.230000,5.4948,5.4948,5.4948,5.4948,5.4948,2.6277,2.6277,2.6277,2.6277,2.6277,2.3776,2.3776,2.3776,2.3776,2.3776
0.240000,5.4943,5.4943,5.4943,5.4943,5.4943,2.6333,2.6333,2.6333,2.6333,2.6333,2.3724,2.3724,2.3724,2.3724,2.3724
0.250000,5.4938,5.4938,5.4938,5.4938,5.4938,2.6390,2.6390,2.6390,2.6390,2.6390,2.3672,2.3672,2.3672,2.3672,2.3672
0.260000,5.4933,5.4933,5.4933,5.4933,5.4933,2.6447,2.6447,2.6447,2.6447,2.6447,2.3620,2.3620,2.3620,2.3620,2.3620
0.270000,5.4928,5.4928,5.4928,5.4928,5.4928,2.6503,2.6503,2.6503,2.6503,2.6503,2.3569,2.3569,2.3569,2.3569,2.3569
0.280000,5.4923,5.4923,5.4923,5.4923,5.4923,2.6560,2.6560,2.6560,2.6560,2.6560,2.3517,2.3517,2.3517,2.3517,2.3517
0.290000,5.4917,5.4917,5.4917,5.4917,5.4917,2.6617,2.6617,2.6617,2.6617,2.6617,2.3466,2.3466,2.3466,2.3466,2.3466
0.300000,5.4911,5.4911,5.4911,5.4911,5.4911,2.6674,2.6674,2.6674,2.6674,2.6674,2.3414,2.3414,2.3414,2.3414,2.3414
0.310000,5.4905,5.4905,5.4905,5.4905,5.4905,2.6732,2.6732,2.6732,2.6732,2.6732,2.3363,2.3363,2.3363,2.3363,2.3363
0.320000,5.4899,5.4899,5.4899,5.4899,5.4899,2.6789,2.6789,2.6789,2.6789,2.6789,2.3312,2.3312,2.3312,2.3312,2.3312
0.330000,5.4893,5.4893,5.4893,5.4893,5.4893,2.6846,2.6846,2.6846,2.6846,2.6846,2.3261,2.3261,2.3261,2.3261,2.3261
0.340000,5.4886,5.4886,5.4886,5.4886,5.4886,2.6904,2.6904,2.6904,2.6904,2.6904,2.3210,2.3210,2.3210,2.3210,2.3210
0.350000,5.4879,5.4879,5.4879,5.4879,5.4879,2.6961,2.6961,2.6961,2.6961,2.6961,2.3160,2.3160,2.3160,2.3160,2.3160
0.360000,5.4872,5.4872,5.4872,5.4872,5.4872,2.7019,2.7019,2.7019,2.7019,2.7019,2.3109,2.3109,2.3109,2.3109,2.3109
0.370000,5.4865,5.4865,5.4865,5.4865,5.4865,2.7076,2.7076,2.7076,2.7076,2.7076,2.3059,2.3059,2.3059,2.3059,2.3059
0.380000,5.4858,5.4858,5.4858,5.4858,5.4858,2.7134,2.7134,2.7134,2.7134,2.7134,2.3008,2.3008,2.3008,2.3008,2.3008
0.390000,5.4850,5.4850,5.4850,5.4850,5.4850,2.7192,2.7192,2.7192,2.7192,2.7192,2.2958,2.2958,2.2958,2.2958,2.2958
0.400000,5.4842,5.4842,5.4842,5.4842,5.4842,2.7250,2.7250,2.7250,2.7250,2.7250,2.2908,2.2908,2.2908,2.2908,2.2908
0.410000,5.4834,5.4834,5.4834,5.4834,5.4834,2.7308,2.7308,2.7308,2.7308,2.7308,2.2858,2.2858,2.2858,2.2858,2.2858
0.420000,5.4826,5.4826,5.4826,5.4826,5.4826,2.7366,2.7366,2.7366,2.7366,2.7366,2.2808,2.2808,2.2808,2.2808,2.2808
0.430000,5.4818,5.4818,5.4818,5.4818,5.4818,2.7424,2.7424,2.7424,2.7424,2.7424,2.2758,2.2758,2.2758,2.2758,2.2758
0.440000,5.4809,5.4809,5.4809,5.4809,5.4809,2.7482,2.7482,2.7482,2.7482,2.7482,2.2709,2.2709,2.2709,2.2709,2.2709
0.450000,5.4800,5.4800,5.4800,5.4800,5.4800,2.7540,2.7540,2.7540,2.7540,2.7540,2.2659,2.2659,2.2659,2.2659,2.2659
0.460000,5.4792,5.4792,5.4792,5.4792,5.4792,2.7599,2.7599,2.7599,2.7599,2.7599,2.2610,2.2610,2.2610,2.2610,2.2610
0.470000,5.4782,5.4782,5.4782,5.4782,5.4782,2.7657,2.7657,2.7657,2.7657,2.7657,2.2561,2.2561,2.2561,2.2561,2.2561
0.480000,5.4773,5.4773,5.4773,5.4773,5.4773,2.7715,2.7715,2.7715,2.7715,2.7715,2.2511,2.2511,2.2511,2.2511,2.2511
0.490000,5.4763,5.4763,5.4763,5.4763,5.4763,2.7774,2.7774,2.7774,2.7774,2.7774,2.2462,2.2462,2.2462,2.2462,2.2462
0.500000,5.4754,5.4754,5.4754,5.4754,5.4754,2.7833,2.7833,2.7833,2.7833,2.7833,2.2414,2.2414,2.2414,2.2414,2.2414
0.510000,5.4744,5.4744,5.4744,5.4744,5.4744,2.7891,2.7891,2.7891,2.7891,2.7891,2.2365,2.2365,2.2365,2.2365,2.2365
0.520000,5.4734,5.4734,5.4734,5.4734,5.4734,2.7950,2.7950,2.7950,2.7950,2.7950,2.2316,2.2316,2.2316,2.2316,2.2316
0.530000,5.4723,5.4723,5.4723,5.4723,5.4723,2.8009,2.8009,2.8009,2.8009,2.8009,2.2268,2.2268,2.2268,2.2268,2.2268
0.540000,5.4713,5.4713,5.4713,5.4713,5.4713,2.8068,2.8068,2.8068,2.8068,2.8068,2.2219,2.2219,2.2219,2.2219,2.2219
0.550000,5.4702,5.4702,5.4702,5.4702,5.4702,2.8127,2.8127,2.8127,2.8127,2.8127,2.2171,2.2171,2.2171,2.2171,2.2171
0.560000,5.4691,5.4691,5.4691,5.4691,5.4691,2.8186,2.8186,2.8186,2.8186,2.8186,2.2123,2.2123,2.2123,2.2123,2.2123
0.570000,5.4680,5.4680,5.4680,5.4680,5.4680,2.8245,2.8245,2.8245,2.8245,2.8245,2.2075,2.2075,2.2075,2.2075,2.2075
0.580000,5.4669,5.4669,5.4669,5.4669,5.4669,2.8304,2.8304,2.8304,2.8304,2.8304,2.2027,2.2027,2.2027,2.2027,2.2027
0.590000,5.4657,5.4657,5.4657,5.4657,5.4657,2.8363,2.8363,2.8363,2.8363,2.8363,2.1979,2.1979,2.1979,2.1979,2.1979
0.600000,5.4646,5.4646,5.4646,5.4646,5.4646,2.8423,2.8423,2.8423,2.8423,2.8423,2.1932,2.1932,2.1932,2.1932,2.1932
0.610000,5.4634,5.4634,5.4634,5.4634,5.4634,2.8482,2.8482,2.8482,2.8482,2.8482,2.1884,2.1884,2.1884,2.1884,2.1884
0.620000,5.4622,5.4622,5.4622,5.4622,5.4622,2.8541,2.8541,2.8541,2.8541,2.8541,2.1837,2.1837,2.1837,2.1837,2.1837
0.630000,5.4610,5.4610,5.4610,5.4610,5.4610,2.8601,2.8601,2.8601,2.8601,2.8601,2.1789,2.1789,2.1789,2.1789,2.1789
0.640000,5.4597,5.4597,5.4597,5.4597,5.4597,2.8661,2.8661,2.8661,2.8661,2.8661,2.1742,2.1742,2.1742,2.1742,2.1742
0.650000,5.4584,5.4584,5.4584,5.4584,5.4584,2.8720,2.8720,2.8720,2.8720,2.8720,2.1695,2.1695,2.1695,2.1695,2.1695
0.660000,5.4572,5.4572,5.4572,5.4572,5.4572,2.8780,2.8780,2.8780,2.8780,2.8780,2.1649,2.1649,2.1649,2.1649,2.1649
0.670000,5.4559,5.4559,5.4559,5.4559,5.4559,2.8840,2.8840,2.8840,2.8840,2.8840,2.1602,2.1602,2.1602,2.1602,2.1602
0.680000,5.4545,5.4545,5.4545,5.4545,5.4545,2.8899,2.8899,2.8899,2.8899,2.8899,2.1555,2.1555,2.1555,2.1555,2.1555
0.690000,5.4532,5.4532,5.4532,5.4532,5.4532,2.8959,2.8959,2.8959,2.8959,2.8959,2.1509,2.1509,2.1509,2.1509,2.1509
0.700000,5.4518,5.4518,5.4518,5.4518,5.4518,2.9019,2.9019,2.9019,2.9019,2.9019,2.1462,2.1462,2.1462,2.1462,2.1462
0.710000,5.4505,5.4505,5.4505,5.4505,5.4505,2.9079,2.9079,2.9079,2.9079,2.9079,2.1416,2.1416,2.1416,2.1416,2.1416
0.720000,5.4491,5.4491,5.4491,5.4491,5.4491,2.9139,2.9139,2.9139,2.9139,2.9139,2.1370,2.1370,2.1370,2.1370,2.1370
0.730000,5.4476,5.4476,5.4476,5.4476,5.4476,2.9199,2.9199,2.9199,2.9199,2.9199,2.1324,2.1324,2.1324,2.1324,2.1324
0.740000,5.4462,5.4462,5.4462,5.4462,5.4462,2.9259,2.9259,2.9259,2.9259,2.9259,2.1279,2.1279,2.1279,2.1279,2.1279
0.750000,5.4447,5.4447,5.4447,5.4447,5.4447,2.9320,2.9320,2.9320,2.9320,2.9320,2.1233,2.1233,2.1233,2.1233,2.1233
0.760000,5.4433,5.4433,5.4433,5.4433,5.4433,2.9380,2.9380,2.9380,2.9380,2.9380,2.1187,2.1187,2.1187,2.1187,2.1187
0.770000,5.4418,5.4418,5.4418,5.4418,5.4418,2.9440,2.9440,2.9440,2.9440,2.9440,2.1142,2.1142,2.1142,2.1142,2.1142
0.780000,5.4403,5.4403,5.4403,5.4403,5.4403,2.9501,2.9501,2.9501,2.9501,2.9501,2.1097,2.1097,2.1097,2.1097,2.1097
0.790000,5.4387,5.4387,5.4387,5.4387,5.4387,2.9561,2.9561,2.9561,2.9561,2.9561,2.1052,2.1052,2.1052,2.1052,2.1052
0.800000,5.4372,5.4372,5.4372,5.4372,5.4372,2.9622,2.9622,2.9622,2.9622,2.9622,2.1007,2.1007,2.1007,2.1007,2.1007
0.810000,5.4356,5.4356,5.4356,5.4356,5.4356,2.9682,2.9682,2.9682,2.9682,2.9682,2.0962,2.0962,2.0962,2.0962,2.0962
0.820000,5.4340,5.4340,5.4340,5.4340,5.4340,2.9743,2.9743,2.9743,2.9743,2.9743,2.0917,2.0917,2.0917,2.0917,2.0917
0.830000,5.4324,5.4324,5.4324,5.4324,5.4324,2.9803,2.9803,2.9803,2.9803,2.9803,2.0873,2.0873,2.0873,2.0873,2.0873
0.840000,5.4308,5.4308,5.4308,5.4308,5.4308,2.9864,2.9864,2.9864,2.9864,2.9864,2.0828,2.0828,2.0828,2.0828,2.0828
0.850000,5.4291,5.4291,5.4291,5.4291,5.4291,2.9925,2.9925,2.9925,2.9925,2.9925,2.0784,2.0784,2.0784,2.0784,2.0784
0.860000,5.4274,5.4274,5.4274,5.4274,5.4274,2.9986,2.9986,2.9986,2.9986,2.9986,2.0740,2.0740,2.0740,2.0740,2.0740
0.870000,5.4258,5.4258,5.4258,5.4258,5.4258,3.0046,3.0046,3.0046,3.0046,3.0046,2.0696,2.0696,2.0696,2.0696,2.0696
0.880000,5.4241,5.4241,5.4241,5.4241,5.4241,3.0107,3.0107,3.0107,3.0107,3.0107,2.0652,2.0652,2.0652,2.0652,2.0652
0.890000,5.4223,5.4223,5.4223,5.4223,5.4223,3.0168,3.0168,3.0168,3.0168,3.0168,2.0608,2.0608,2.0608,2.0608,2.0608
0.900000,5.4206,5.4206,5.4206,5.4206,5.4206,3.0229,3.0229,3.0229,3.0229,3.0229,2.0565,2.0565,2.0565,2.0565,2.0565
0.910000,5.4188,5.4188,5.4188,5.4188,5.4188,3.0290,3.0290,3.0290,3.0290,3.0290,2.0521,2.0521,2.0521,2.0521,2.0521
0.920000,5.4170,5.4170,5.4170,5.4170,5.4170,3.0351,3.0351,3.0351,3.0351,3.0351,2.0478,2.0478,2.0478,2.0478,2.0478
0.930000,5.4152,5.4152,5.4152,5.4152,5.4152,3.0413,3.0413,3.0413,3.0413,3.0413,2.0435,2.0435,2.0435,2.0435,2.0435
0.940000,5.4134,5.4134,5.4134,5.4134,5.4134,3.0474,3.0474,3.0474,3.0474,3.0474,2.0392,2.0392,2.0392,2.0392,2.0392
0.950000,5.4116,5.4116,5.4116,5.4116,5.4116,3.0535,3.0535,3.0535,3.0535,3.0535,2.0349,2.0349,2.0349,2.0349,2.0349
0.960000,5.4097,5.4097,5.4097,5.4097,5.4097,3.0596,3.0596,3.0596,3.0596,3.0596,2.0306,2.0306,2.0306,2.0306,2.0306
0.970000,5.4079,5.4079,5.4079,5.4079,5.4079,3.0658,3.0658,3.0658,3.0658,3.0658,2.0264,2.0264,2.0264,2.0264,2.0264
0.980000,5.4060,5.4060,5.4060,5.4060,5.4060,3.0719,3.0719,3.0719,3.0719,3.0719,2.0221,2.0221,2.0221,2.0221,2.0221
0.990000,5.4040,5.4040,5.4040,5.4040,5.4040,3.0780,3.0780,3.0780,3.0780,3.0780,2.0179,2.0179,2.0179,2.0179,2.0179
1.000000,5.4021,5.4021,5.4021,5.4021,5.4021,3.0842,3.0842,3.0842,3.0842,3.0842,2.0137,2.0137,2.0137,2.0137,2.0137
1.010000,5.4002,5.4002,5.4002,5.4002,5.4002,3.0903,3.0903,3.0903,3.0903,3.0903,2.0095,2.0095,2.0095,2.0095,2.0095
1.020000,5.3982,5.3982,5.3982,5.3982,5.3982,3.0965,3.0965,3.0965,3.0965,3.0965,2.0053,2.0053,2.0053,2.0053,2.0053
1.030000,5.3962,5.3962,5.3962,5.3962,5.3962,3.1026,3.1026,3.1026,3.1026,3.1026,2.0012,2.0012,2.0012,2.0012,2.0012
1.040000,5.3942,5.3942,5.3942,5.3942,5.3942,3.1088,3.1088,3.1088,3.1088,3.1088,1.9970,1.9970,1.9970,1.9970,1.9970
1.050000,5.3922,5.3922,5.3922,5.3922,5.3922,3.1150,3.1150,3.1150,3.1150,3.1150,1.9929,1.9929,1.9929,1.9929,1.9929
1.060000,5.3901,5.3901,5.3901,5.3901,5.3901,3.1211,3.1211,3.1211,3.1211,3.1211,1.9888,1.9888,1.9888,1.9888,1.9888
1.070000,5.3881,5.3881,5.3881,5.3881,5.3881,3.1273,3.1273,3.1273,3.1273,3.1273,1.9846,1.9846,1.9846,1.9846,1.9846
1.080000,5.3860,5.3860,5.3860,5.3860,5.3860,3.1335,3.1335,3.1335,3.1335,3.1335,1.9805,1.9805,1.9805,1.9805,1.9805
1.090000,5.3839,5.3839,5.3839,5.3839,5.3839,3.1396,3.1396,3.1396,3.1396,3.1396,1.9765,1.9765,1.9765,1.9765,1.9765
1.100000,5.3818,5.3818,5.3818,5.3818,5.3818,3.1458,3.1458,3.1458,3.1458,3.1458,1.9724,1.9724,1.9724,1.9724,1.9724
1.110000,5.3796,5.3796,5.3796,5.3796,5.3796,3.1520,3.1520,3.1520,3.1520,3.1520,1.9684,1.9684,1.9684,1.9684,1.9684
1.120000,5.3775,5.3775,5.3775,5.3775,5.3775,3.1582,3.1582,3.1582,3.1582,3.1582,1.9643,1.9643,1.9643,1.9643,1.9643
1.130000,5.3753,5.3753,5.3753,5.3753,5.3753,3.1644,3.1644,3.1644,3.1644,3.1644,1.9603,1.9603,1.9603,1.9603,1.9603
1.140000,5.3731,5.3731,5.3731,5.3731,5.3731,3.1706,3.1706,3.1706,3.1706,3.1706,1.9563,1.9563,1.9563,1.9563,1.9563
1.150000,5.3709,5.3709,5.3709,5.3709,5.3709,3.1768,3.1768,3.1768,3.1768,3.1768,1.9523,1.9523,1.9523,1.9523,1.9523
1.160000,5.3687,5.3687,5.3687,5.3687,5.3687,3.1830,3.1830,3.1830,3.1830,3.1830,1.9483,1.9483,1.9483,1.9483,1.9483
1.170000,5.3664,5.3664,5.3664,5.3664,5.3664,3.1892,3.1892,3.1892,3.1892,3.1892,1.9444,1.9444,1.9444,1.9444,1.9444
1.180000,5.3641,5.3641,5.3641,5.3641,5.3641,3.1954,3.1954,3.1954,3.1954,3.1954,1.9404,1.9404,1.9404,1.9404,1.9404
1.190000,5.3619,5.3619,5.3619,5.3619,5.3619,3.2016,3.2016,3.2016,3.2016,3.2016,1.9365,1.9365,1.9365,1.9365,1.9365
1.200000,5.3596,5.3596,5.3596,5.3596,5.3596,3.2078,3.2078,3.2078,3.2078,3.2078,1.9326,1.9326,1.9326,1.9326,1.9326
1.210000,5.3572,5.3572,5.3572,5.3572,5.3572,3.2141,3.2141,3.2141,3.2141,3.2141,1.9287,1.9287,1.9287,1.9287,1.9287
1.220000,5.3549,5.3549,5.3549,5.3549,5.3549,3.2203,3.2203,3.2203,3.2203,3.2203,1.9248,1.9248,1.9248,1.9248,1.9248
1.230000,5.3525,5.3525,5.3525,5.3525,5.3525,3.2265,3.2265,3.2265,3.2265,3.2265,1.9210,1.9210,1.9210,1.9210,1.9210
1.240000,5.3502,5.3502,5.3502,5.3502,5.3502,3.2327,3.2327,3.2327,3.2327,3.2327,1.9171,1.9171,1.9171,1.9171,1.9171
1.250000,5.3478,5.3478,5.3478,5.3478,5.3478,3.2389,3.2389,3.2389,3.2389,3.2389,1.9133,1.9133,1.9133,1.9133,1.9133
1.260000,5.3453,5.3453,5.3453,5.3453,5.3453,3.2452,3.2452,3.2452,3.2452,3.2452,1.9095,1.9095,1.9095,1.9095,1.9095
1.270000,5.3429,5.3429,5.3429,5.3429,5.3429,3.2514,3.2514,3.2514,3.2514,3.2514,1.9057,1.9057,1.9057,1.9057,1.9057
1.280000,5.3405,5.3405,5.3405,5.3405,5.3405,3.2576,3.2576,3.2576,3.2576,3.2576,1.9019,1.9019,1.9019,1.9019,1.9019
1.290000,5.3380,5.3380,5.3380,5.3380,5.3380,3.2639,3.2639,3.2639,3.2639,3.2639,1.8981,1.8981,1.8981,1.8981,1.8981
1.300000,5.3355,5.3355,5.3355,5.3355,5.3355,3.2701,3.2701,3.2701,3.2701,3.2701,1.8944,1.8944,1.8944,1.8944,1.8944
1.310000,5.3330,5.3330,5.3330,5.3330,5.3330,3.2764,3.2764,3.2764,3.2764,3.2764,1.8906,1.8906,1.8906,1.8906,1.8906
1.320000,5.3305,5.3305,5.3305,5.3305,5.3305,3.2826,3.2826,3.2826,3.2826,3.2826,1.8869,1.8869,1.8869,1.8869,1.8869
1.330000,5.3279,5.3279,5.3279,5.3279,5.3279,3.2889,3.2889,3.2889,3.2889,3.2889,1.8832,1.8832,1.8832,1.8832,1.8832
1.340000,5.3254,5.3254,5.3254,5.3254,5.3254,3.2951,3.2951,3.2951,3.2951,3.2951,1.8795,1.8795,1.8795,1.8795,1.8795
1.350000,5.3228,5.3228,5.3228,5.3228,5.3228,3.3014,3.3014,3.3014,3.3014,3.3014,1.8758,1.8758,1.8758,1.8758,1.8758
1.360000,5.3202,5.3202,5.3202,5.3202,5.3202,3.3076,3.3076,3.3076,3.3076,3.3076,1.8722,1.8722,1.8722,1.8722,1.8722
1.370000,5.3176,5.3176,5.3176,5.3176,5.3176,3.3139,3.3139,3.3139,3.3139,3.3139,1.8685,1.8685,1.8685,1.8685,1.8685
1.380000,5.3150,5.3150,5.3150,5.3150,5.3150,3.3201,3.3201,3.3201,3.3201,3.3201,1.8649,1.8649,1.8649,1.8649,1.8649
1.390000,5.3123,5.3123,5.3123,5.3123,5.3123,3.3264,3.3264,3.3264,3.3264,3.3264,1.8613,1.8613,1.8613,1.8613,1.8613
1.400000,5.3097,5.3097,5.3097,5.3097,5.3097,3.3326,3.3326,3.3326,3.3326,3.3326,1.8577,1.8577,1.8577,1.8577,1.8577
1.410000,5.3070,5.3070,5.3070,5.3070,5.3070,3.3389,3.3389,3.3389,3.3389,3.3389,1.8541,1.8541,1.8541,1.8541,1.8541
1.420000,5.3043,5.3043,5.3043,5.3043,5.3043,3.3452,3.3452,3.3452,3.3452,3.3452,1.8506,1.8506,1.8506,1.8506,1.8506
1.430000,5.3015,5.3015,5.3015,5.3015,5.3015,3.3514,3.3514,3.3514,3.3514,3.3514,1.8470,1.8470,1.8470,1.8470,1.8470
1.440000,5.2988,5.2988,5.2988,5.2988,5.2988,3.3577,3.3577,3.3577,3.3577,3.3577,1.8435,1.8435,1.8435,1.8435,1.8435
1.450000,5.2961,5.2961,5.2961,5.2961,5.2961,3.3640,3.3640,3.3640,3.3640,3.3640,1.8400,1.8400,1.8400,1.8400,1.8400
1.460000,5.2933,5.2933,5.2933,5.2933,5.2933,3.3702,3.3702,3.3702,3.3702,3.3702,1.8365,1.8365,1.8365,1.8365,1.8365
1.470000,5.2905,5.2905,5.2905,5.2905,5.2905,3.3765,3.3765,3.3765,3.3765,3.3765,1.8330,1.8330,1.8330,1.8330,1.8330
1.480000,5.2877,5.2877,5.2877,5.2877,5.2877,3.3828,3.3828,3.3828,3.3828,3.3828,1.8295,1.8295,1.8295,1.8295,1.8295
1.490000,5.2849,5.2849,5.2849,5.2849,5.2849,3.3891,3.3891,3.3891,3.3891,3.3891,1.8261,1.8261,1.8261,1.8261,1.8261
1.500000,5.2820,5.2820,5.2820,5.2820,5.2820,3.3953,3.3953,3.3953,3.3953,3.3953,1.8227,1.8227,1.8227,1.8227,1.8227
1.510000,5.2792,5.2792,5.2792,5.2792,5.2792,3.4016,3.4016,3.4016,3.4016,3.4016,1.8192,1.8192,1.8192,1.8192,1.8192
1.520000,5.2763,5.2763,5.2763,5.2763,5.2763,3.4079,3.4079,3.4079,3.4079,3.4079,1.8158,1.8158,1.8158,1.8158,1.8158
1.530000,5.2734,5.2734,5.2734,5.2734,5.2734,3.4142,3.4142,3.4142,3.4142,3.4142,1.8125,1.8125,1.8125,1.8125,1.8125
1.540000,5.2705,5.2705,5.2705,5.2705,5.2705,3.4204,3.4204,3.4204,3.4204,3.4204,1.8091,1.8091,1.8091,1.8091,1.8091
1.550000,5.2675,5.2675,5.2675,5.2675,5.2675,3.4267,3.4267,3.4267,3.4267,3.4267,1.8058,1.8058,1.8058,1.8058,1.8058
1.560000,5.2646,5.2646,5.2646,5.2646,5.2646,3.4330,3.4330,3.4330,3.4330,3.4330,1.8024,1.8024,1.8024,1.8024,1.8024
1.570000,5.2616,5.2616,5.2616,5.2616,5.2616,3.4393,3.4393,3.4393,3.4393,3.4393,1.7991,1.7991,1.7991,1.7991,1.7991
1.580000,5.2586,5.2586,5.2586,5.2586,5.2586,3.4456,3.4456,3.4456,3.4456,3.4456,1.7958,1.7958,1.7958,1.7958,1.7958
1.590000,5.2556,5.2556,5.2556,5.2556,5.2556,3.4518,3.4518,3.4518,3.4518,3.4518,1.7925,1.7925,1.7925,1.7925,1.7925
1.600000,5.2526,5.2526,5.2526,5.2526,5.2526,3.4581,3.4581,3.4581,3.4581,3.4581,1.7893,1.7893,1.7893,1.7893,1.7893
1.610000,5.2496,5.2496,5.2496,5.2496,5.2496,3.4644,3.4644,3.4644,3.4644,3.4644,1.7860,1.7860,1.7860,1.7860,1.7860
1.620000,5.2465,5.2465,5.2465,5.2465,5.2465,3.4707,3.4707,3.4707,3.4707,3.4707,1.7828,1.7828,1.7828,1.7828,1.7828
1.630000,5.2435,5.2435,5.2435,5.2435,5.2435,3.4770,3.4770,3.4770,3.4770,3.4770,1.7796,1.7796,1.7796,1.7796,1.7796
1.640000,5.2404,5.2404,5.2404,5.2404,5.2404,3.4832,3.4832,3.4832,3.4832,3.4832,1.7764,1.7764,1.7764,1.7764,1.7764
1.650000,5.2373,5.2373,5.2373,5.2373,5.2373,3.4895,3.4895,3.4895,3.4895,3.4895,1.7732,1.7732,1.7732,1.7732,1.7732
1.660000,5.2341,5.2341,5.2341,5.2341,5.2341,3.4958,3.4958,3.4958,3.4958,3.4958,1.7700,1.7700,1.7700,1.7700,1.7700
1.670000,5.2310,5.2310,5.2310,5.2310,5.2310,3.5021,3.5021,3.5021,3.5021,3.5021,1.7669,1.7669,1.7669,1.7669,1.7669
1.680000,5.2278,5.2278,5.2278,5.2278,5.2278,3.5084,3.5084,3.5084,3.5084,3.5084,1.7638,1.7638,1.7638,1.7638,1.7638
1.690000,5.2247,5.2247,5.2247,5.2247,5.2247,3.5147,3.5147,3.5147,3.5147,3.5147,1.7607,1.7607,1.7607,1.7607,1.7607
1.700000,5.2215,5.2215,5.2215,5.2215,5.2215,3.5209,3.5209,3.5209,3.5209,3.5209,1.7576,1.7576,1.7576,1.7576,1.7576
1.710000,5.2183,5.2183,5.2183,5.2183,5.2183,3.5272,3.5272,3.5272,3.5272,3.5272,1.7545,1.7545,1.7545,1.7545,1.7545
1.720000,5.2151,5.2151,5.2151,5.2151,5.2151,3.5335,3.5335,3.5335,3.5335,3.5335,1.7514,1.7514,1.7514,1.7514,1.7514
1.730000,5.2118,5.2118,5.2118,5.2118,5.2118,3.5398,3.5398,3.5398,3.5398,3.5398,1.7484,1.7484,1.7484,1.7484,1.7484
1.740000,5.2086,5.2086,5.2086,5.2086,5.2086,3.5461,3.5461,3.5461,3.5461,3.5461,1.7454,1.7454,1.7454,1.7454,1.7454
1.750000,5.2053,5.2053,5.2053,5.2053,5.2053,3.5524,3.5524,3.5524,3.5524,3.5524,1.7424,1.7424,1.7424,1.7424,1.7424
1.760000,5.2020,5.2020,5.2020,5.2020,5.2020,3.5586,3.5586,3.5586,3.5586,3.5586,1.7394,1.7394,1.7394,1.7394,1.7394
1.770000,5.1987,5.1987,5.1987,5.1987,5.1987,3.5649,3.5649,3.5649,3.5649,3.5649,1.7364,1.7364,1.7364,1.7364,1.7364
1.780000,5.1954,5.1954,5.1954,5.1954,5.1954,3.5712,3.5712,3.5712,3.5712,3.5712,1.7334,1.7334,1.7334,1.7334,1.7334
1.790000,5.1920,5.1920,5.1920,5.1920,5.1920,3.5775,3.5775,3.5775,3.5775,3.5775,1.7305,1.7305,1.7305,1.7305,1.7305
1.800000,5.1887,5.1887,5.1887,5.1887,5.1887,3.5838,3.5838,3.5838,3.5838,3.5838,1.7276,1.7276,1.7276,1.7276,1.7276
1.810000,5.1853,5.1853,5.1853,5.1853,5.1853,3.5900,3.5900,3.5900,3.5900,3.5900,1.7247,1.7247,1.7247,1.7247,1.7247
1.820000,5.1819,5.1819,5.1819,5.1819,5.1819,3.5963,3.5963,3.5963,3.5963,3.5963,1.7218,1.7218,1.7218,1.7218,1.7218
1.830000,5.1785,5.1785,5.1785,5.1785,5.1785,3.6026,3.6026,3.6026,3.6026,3.6026,1.7189,1.7189,1.7189,1.7189,1.7189
1.840000,5.1751,5.1751,5.1751,5.1751,5.1751,3.6089,3.6089,3.6089,3.6089,3.6089,1.7161,1.7161,1.7161,1.7161,1.7161
1.850000,5.1716,5.1716,5.1716,5.1716,5.1716,3.6151,3.6151,3.6151,3.6151,3.6151,1.7133,1.7133,1.7133,1.7133,1.7133
1.860000,5.1682,5.1682,5.1682,5.1682,5.1682,3.6214,3.6214,3.6214,3.6214,3.6214,1.7104,1.7104,1.7104,1.7104,1.7104
1.870000,5.1647,5.1647,5.1647,5.1647,5.1647,3.6277,3.6277,3.6277,3.6277,3.6277,1.7076,1.7076,1.7076,1.7076,1.7076
1.880000,5.1612,5.1612,5.1612,5.1612,5.1612,3.6339,3.6339,3.6339,3.6339,3.6339,1.7049,1.7049,1.7049,1.7049,1.7049
1.890000,5.1577,5.1577,5.1577,5.1577,5.1577,3.6402,3.6402,3.6402,3.6402,3.6402,1.7021,1.7021,1.7021,1.7021,1.7021
1.900000,5.1542,5.1542,5.1542,5.1542,5.1542,3.6465,3.6465,3.6465,3.6465,3.6465,1.6994,1.6994,1.6994,1.6994,1.6994
1.910000,5.1506,5.1506,5.1506,5.1506,5.1506,3.6527,3.6527,3.6527,3.6527,3.6527,1.6966,1.6966,1.6966,1.6966,1.6966
1.920000,5.1471,5.1471,5.1471,5.1471,5.1471,3.6590,3.6590,3.6590,3.6590,3.6590,1.6939,1.6939,1.6939,1.6939,1.6939
1.930000,5.1435,5.1435,5.1435,5.1435,5.1435,3.6653,3.6653,3.6653,3.6653,3.6653,1.6912,1.6912,1.6912,1.6912,1.6912
1.940000,5.1399,5.1399,5.1399,5.1399,5.1399,3.6715,3.6715,3.6715,3.6715,3.6715,1.6886,1.6886,1.6886,1.6886,1.6886
1.950000,5.1363,5.1363,5.1363,5.1363,5.1363,3.6778,3.6778,3.6778,3.6778,3.6778,1.6859,1.6859,1.6859,1.6859,1.6859
1.960000,5.1327,5.1327,5.1327,5.1327,5.1327,3.6840,3.6840,3.6840,3.6840,3.6840,1.6833,1.6833,1.6833,1.6833,1.6833
1.970000,5.1290,5.1290,5.1290,5.1290,5.1290,3.6903,3.6903,3.6903,3.6903,3.6903,1.6807,1.6807,1.6807,1.6807,1.6807
1.980000,5.1254,5.1254,5.1254,5.1254,5.1254,3.6966,3.6966,3.6966,3.6966,3.6966,1.6781,1.6781,1.6781,1.6781,1.6781
1.990000,5.1217,5.1217,5.1217,5.1217,5.1217,3.7028,3.7028,3.7028,3.7028,3.7028,1.6755,1.6755,1.6755,1.6755,1.6755
2.000000,5.1180,5.1180,5.1180,5.1180,5.1180,3.7091,3.7091,3.7091,3.7091,3.7091,1.6729,1.6729,1.6729,1.6729,1.6729
2.010000,5.1143,5.1143,5.1143,5.1143,5.1143,3.7153,3.7153,3.7153,3.7153,3.7153,1.6704,1.6704,1.6704,1.6704,1.6704
2.020000,5.1106,5.1106,5.1106,5.1106,5.1106,3.7216,3.7216,3.7216,3.7216,3.7216,1.6678,1.6678,1.6678,1.6678,1.6678
2.030000,5.1069,5.1069,5.1069,5.1069,5.1069,3.7278,3.7278,3.7278,3.7278,3.7278,1.6653,1.6653,1.6653,1.6653,1.6653
2.040000,5.1031,5.1031,5.1031,5.1031,5.1031,3.7340,3.7340,3.7340,3.7340,3.7340,1.6628,1.6628,1.6628,1.6628,1.6628
2.050000,5.0994,5.0994,5.0994,5.0994,5.0994,3.7403,3.7403,3.7403,3.7403,3.7403,1.6604,1.6604,1.6604,1.6604,1.6604
2.060000,5.0956,5.0956,5.0956,5.0956,5.0956,3.7465,3.7465,3.7465,3.7465,3.7465,1.6579,1.6579,1.6579,1.6579,1.6579
2.070000,5.0918,5.0918,5.0918,5.0918,5.0918,3.7527,3.7527,3.7527,3.7527,3.7527,1.6555,1.6555,1.6555,1.6555,1.6555
2.080000,5.0880,5.0880,5.0880,5.0880,5.0880,3.7590,3.7590,3.7590,3.7590,3.7590,1.6530,1.6530,1.6530,1.6530,1.6530
2.090000,5.0842,5.0842,5.0842,5.0842,5.0842,3.7652,3.7652,3.7652,3.7652,3.7652,1.6506,1.6506,1.6506,1.6506,1.6506
2.100000,5.0803,5.0803,5.0803,5.0803,5.0803,3.7714,3.7714,3.7714,3.7714,3.7714,1.6483,1.6483,1.6483,1.6483,1.6483
2.110000,5.0765,5.0765,5.0765,5.0765,5.0765,3.7777,3.7777,3.7777,3.7777,3.7777,1.6459,1.6459,1.6459,1.6459,1.6459
2.120000,5.0726,5.0726,5.0726,5.0726,5.0726,3.7839,3.7839,3.7839,3.7839,3.7839,1.6435,1.6435,1.6435,1.6435,1.6435
2.130000,5.0687,5.0687,5.0687,5.0687,5.0687,3.7901,3.7901,3.7901,3.7901,3.7901,1.6412,1.6412,1.6412,1.6412,1.6412
2.140000,5.0648,5.0648,5.0648,5.0648,5.0648,3.7963,3.7963,3.7963,3.7963,3.7963,1.6389,1.6389,1.6389,1.6389,1.6389
2.150000,5.0609,5.0609,5.0609,5.0609,5.0609,3.8025,3.8025,3.8025,3.8025,3.8025,1.6366,1.6366,1.6366,1.6366,1.6366
2.160000,5.0569,5.0569,5.0569,5.0569,5.0569,3.8087,3.8087,3.8087,3.8087,3.8087,1.6343,1.6343,1.6343,1.6343,1.6343
2.170000,5.0530,5.0530,5.0530,5.0530,5.0530,3.8149,3.8149,3.8149,3.8149,3.8149,1.6321,1.6321,1.6321,1.6321,1.6321
2.180000,5.0490,5.0490,5.0490,5.0490,5.0490,3.8211,3.8211,3.8211,3.8211,3.8211,1.6299,1.6299,1.6299,1.6299,1.6299
2.190000,5.0450,5.0450,5.0450,5.0450,5.0450,3.8273,3.8273,3.8273,3.8273,3.8273,1.6276,1.6276,1.6276,1.6276,1.6276
2.200000,5.0410,5.0410,5.0410,5.0410,5.0410,3.8335,3.8335,3.8335,3.8335,3.8335,1.6254,1.6254,1.6254,1.6254,1.6254
2.210000,5.0370,5.0370,5.0370,5.0370,5.0370,3.8397,3.8397,3.8397,3.8397,3.8397,1.6233,1.6233,1.6233,1.6233,1.6233
2.220000,5.0330,5.0330,5.0330,5.0330,5.0330,3.8459,3.8459,3.8459,3.8459,3.8459,1.6211,1.6211,1.6211,1.6211,1.6211
2.230000,5.0289,5.0289,5.0289,5.0289,5.0289,3.8521,3.8521,3.8521,3.8521,3.8521,1.6189,1.6189,1.6189,1.6189,1.6189
2.240000,5.0249,5.0249,5.0249,5.0249,5.0249,3.8583,3.8583,3.8583,3.8583,3.8583,1.6168,1.6168,1.6168,1.6168,1.6168
2.250000,5.0208,5.0208,5.0208,5.0208,5.0208,3.8645,3.8645,3.8645,3.8645,3.8645,1.6147,1.6147,1.6147,1.6147,1.6147
2.260000,5.0167,5.0167,5.0167,5.0167,5.0167,3.8706,3.8706,3.8706,3.8706,3.8706,1.6126,1.6126,1.6126,1.6126,1.6126
2.270000,5.0126,5.0126,5.0126,5.0126,5.0126,3.8768,3.8768,3.8768,3.8768,3.8768,1.6106,1.6106,1.6106,1.6106,1.6106
2.280000,5.0085,5.0085,5.0085,5.0085,5.0085,3.8830,3.8830,3.8830,3.8830,3.8830,1.6085,1.6085,1.6085,1.6085,1.6085
2.290000,5.0044,5.0044,5.0044,5.0044,5.0044,3.8892,3.8892,3.8892,3.8892,3.8892,1.6065,1.6065,1.6065,1.6065,1.6065
2.300000,5.0002,5.0002,5.0002,5.0002,5.0002,3.8953,3.8953,3.8953,3.8953,3.8953,1.6045,1.6045,1.6045,1.6045,1.6045
2.310000,4.9961,4.9961,4.9961,4.9961,4.9961,3.9015,3.9015,3.9015,3.9015,3.9015,1.6025,1.6025,1.6025,1.6025,1.6025
2.320000,4.9919,4.9919,4.9919,4.9919,4.9919,3.9076,3.9076,3.9076,3.9076,3.9076,1.6005,1.6005,1.6005,1.6005,1.6005
2.330000,4.9877,4.9877,4.9877,4.9877,4.9877,3.9138,3.9138,3.9138,3.9138,3.9138,1.5985,1.5985,1.5985,1.5985,1.5985
2.340000,4.9835,4.9835,4.9835,4.9835,4.9835,3.9199,3.9199,3.9199,3.9199,3.9199,1.5966,1.5966,1.5966,1.5966,1.5966
2.350000,4.9793,4.9793,4.9793,4.9793,4.9793,3.9261,3.9261,3.9261,3.9261,3.9261,1.5947,1.5947,1.5947,1.5947,1.5947
2.360000,4.9750,4.9750,4.9750,4.9750,4.9750,3.9322,3.9322,3.9322,3.9322,3.9322,1.5928,1.5928,1.5928,1.5928,1.5928
2.370000,4.9708,4.9708,4.9708,4.9708,4.9708,3.9383,3.9383,3.9383,3.9383,3.9383,1.5909,1.5909,1.5909,1.5909,1.5909
2.380000,4.9665,4.9665,4.9665,4.9665,4.9665,3.9445,3.9445,3.9445,3.9445,3.9445,1.5890,1.5890,1.5890,1.5890,1.5890
2.390000,4.9622,4.9622,4.9622,4.9622,4.9622,3.9506,3.9506,3.9506,3.9506,3.9506,1.5872,1.5872,1.5872,1.5872,1.5872
2.400000,4.9579,4.9579,4.9579,4.9579,4.9579,3.9567,3.9567,3.9567,3.9567,3.9567,1.5854,1.5854,1.5854,1.5854,1.5854
2.410000,4.9536,4.9536,4.9536,4.9536,4.9536,3.9628,3.9628,3.9628,3.9628,3.9628,1.5836,1.5836,1.5836,1.5836,1.5836
2.420000,4.9493,4.9493,4.9493,4.9493,4.9493,3.9689,3.9689,3.9689,3.9689,3.9689,1.5818,1.5818,1.5818,1.5818,1.5818
2.430000,4.9450,4.9450,4.9450,4.9450,4.9450,3.9750,3.9750,3.9750,3.9750,3.9750,1.5800,1.5800,1.5800,1.5800,1.5800
2.440000,4.9406,4.9406,4.9406,4.9406,4.9406,3.9811,3.9811,3.9811,3.9811,3.9811,1.5782,1.5782,1.5782,1.5782,1.5782
2.450000,4.9363,4.9363,4.9363,4.9363,4.9363,3.9872,3.9872,3.9872,3.9872,3.9872,1.5765,1.5765,1.5765,1.5765,1.5765
2.460000,4.9319,4.9319,4.9319,4.9319,4.9319,3.9933,3.9933,3.9933,3.9933,3.9933,1.5748,1.5748,1.5748,1.5748,1.5748
2.470000,4.9275,4.9275,4.9275,4.9275,4.9275,3.9994,3.9994,3.9994,3.9994,3.9994,1.5731,1.5731,1.5731,1.5731,1.5731
2.480000,4.9231,4.9231,4.9231,4.9231,4.9231,4.0055,4.0055,4.0055,4.0055,4.0055,1.5714,1.5714,1.5714,1.5714,1.5714
2.490000,4.9186,4.9186,4.9186,4.9186,4.9186,4.0116,4.0116,4.0116,4.0116,4.0116,1.5698,1.5698,1.5698,1.5698,1.5698
2.500000,4.9142,4.9142,4.9142,4.9142,4.9142,4.0176,4.0176,4.0176,4.0176,4.0176,1.5681,1.5681,1.5681,1.5681,1.5681
2.510000,4.9098,4.9098,4.9098,4.9098,4.9098,4.0237,4.0237,4.0237,4.0237,4.0237,1.5665,1.5665,1.5665,1.5665,1.5665
2.520000,4.9053,4.9053,4.9053,4.9053,4.9053,4.0298,4.0298,4.0298,4.0298,4.0298,1.5649,1.5649,1.5649,1.5649,1.5649
2.530000,4.9008,4.9008,4.9008,4.9008,4.9008,4.0358,4.0358,4.0358,4.0358,4.0358,1.5634,1.5634,1.5634,1.5634,1.5634
2.540000,4.8963,4.8963,4.8963,4.8963,4.8963,4.0419,4.0419,4.0419,4.0419,4.0419,1.5618,1.5618,1.5618,1.5618,1.5618
2.550000,4.8918,4.8918,4.8918,4.8918,4.8918,4.0479,4.0479,4.0479,4.0479,4.0479,1.5603,1.5603,1.5603,1.5603,1.5603
2.560000,4.8873,4.8873,4.8873,4.8873,4.8873,4.0540,4.0540,4.0540,4.0540,4.0540,1.5587,1.5587,1.5587,1.5587,1.5587
2.570000,4.8828,4.8828,4.8828,4.8828,4.8828,4.0600,4.0600,4.0600,4.0600,4.0600,1.5572,1.5572,1.5572,1.5572,1.5572
2.580000,4.8782,4.8782,4.8782,4.8782,4.8782,4.0660,4.0660,4.0660,4.0660,4.0660,1.5558,1.5558,1.5558,1.5558,1.5558
2.590000,4.8737,4.8737,4.8737,4.8737,4.8737,4.0720,4.0720,4.0720,4.0720,4.0720,1.5543,1.5543,1.5543,1.5543,1.5543
2.600000,4.8691,4.8691,4.8691,4.8691,4.8691,4.0781,4.0781,4.0781,4.0781,4.0781,1.5528,1.5528,1.5528,1.5528,1.5528
2.610000,4.8645,4.8645,4.8645,4.8645,4.8645,4.0841,4.0841,4.0841,4.0841,4.0841,1.5514,1.5514,1.5514,1.5514,1.5514
2.620000,4.8599,4.8599,4.8599,4.8599,4.8599,4.0901,4.0901,4.0901,4.0901,4.0901,1.5500,1.5500,1.5500,1.5500,1.5500
2.630000,4.8553,4.8553,4.8553,4.8553,4.8553,4.0961,4.0961,4.0961,4.0961,4.0961,1.5486,1.5486,1.5486,1.5486,1.5486
2.640000,4.8507,4.8507,4.8507,4.8507,4.8507,4.1021,4.1021,4.1021,4.1021,4.1021,1.5473,1.5473,1.5473,1.5473,1.5473
2.650000,4.8460,4.8460,4.8460,4.8460,4.8460,4.1081,4.1081,4.1081,4.1081,4.1081,1.5459,1.5459,1.5459,1.5459,1.5459
2.660000,4.8414,4.8414,4.8414,4.8414,4.8414,4.1140,4.1140,4.1140,4.1140,4.1140,1.5446,1.5446,1.5446,1.5446,1.5446
2.670000,4.8367,4.8367,4.8367,4.8367,4.8367,4.1200,4.1200,4.1200,4.1200,4.1200,1.5433,1.5433,1.5433,1.5433,1.5433
2.680000,4.8320,4.8320,4.8320,4.8320,4.8320,4.1260,4.1260,4.1260,4.1260,4.1260,1.5420,1.5420,1.5420,1.5420,1.5420
2.690000,4.8273,4.8273,4.8273,4.8273,4.8273,4.1320,4.1320,4.1320,4.1320,4.1320,1.5407,1.5407,1.5407,1.5407,1.5407
2.700000,4.8226,4.8226,4.8226,4.8226,4.8226,4.1379,4.1379,4.1379,4.1379,4.1379,1.5395,1.5395,1.5395,1.5395,1.5395
2.710000,4.8179,4.8179,4.8179,4.8179,4.8179,4.1439,4.1439,4.1439,4.1439,4.1439,1.5382,1.5382,1.5382,1.5382,1.5382
2.720000,4.8132,4.8132,4.8132,4.8132,4.8132,4.1498,4.1498,4.1498,4.1498,4.1498,1.5370,1.5370,1.5370,1.5370,1.5370
2.730000,4.8084,4.8084,4.8084,4.8084,4.8084,4.1558,4.1558,4.1558,4.1558,4.1558,1.5358,1.5358,1.5358,1.5358,1.5358
2.740000,4.8037,4.8037,4.8037,4.8037,4.8037,4.1617,4.1617,4.1617,4.1617,4.1617,1.5346,1.5346,1.5346,1.5346,1.5346
2.750000,4.7989,4.7989,4.7989,4.7989,4.7989,4.1676,4.1676,4.1676,4.1676,4.1676,1.5335,1.5335,1.5335,1.5335,1.5335
2.760000,4.7941,4.7941,4.7941,4.7941,4.7941,4.1735,4.1735,4.1735,4.1735,4.1735,1.5324,1.5324,1.5324,1.5324,1.5324
2.770000,4.7893,4.7893,4.7893,4.7893,4.7893,4.1794,4.1794,4.1794,4.1794,4.1794,1.5312,1.5312,1.5312,1.5312,1.5312
2.780000,4.7845,4.7845,4.7845,4.7845,4.7845,4.1854,4.1854,4.1854,4.1854,4.1854,1.5301,1.5301,1.5301,1.5301,1.5301
2.790000,4.7797,4.7797,4.7797,4.7797,4.7797,4.1913,4.1913,4.1913,4.1913,4.1913,1.5291,1.5291,1.5291,1.5291,1.5291
2.800000,4.7748,4.7748,4.7748,4.7748,4.7748,4.1971,4.1971,4.1971,4.1971,4.1971,1.5280,1.5280,1.5280,1.5280,1.5280
2.810000,4.7700,4.7700,4.7700,4.7700,4.7700,4.2030,4.2030,4.2030,4.2030,4.2030,1.5270,1.5270,1.5270,1.5270,1.5270
2.820000,4.7651,4.7651,4.7651,4.7651,4.7651,4.2089,4.2089,4.2089,4.2089,4.2089,1.5260,1.5260,1.5260,1.5260,1.5260
2.830000,4.7603,4.7603,4.7603,4.7603,4.7603,4.2148,4.2148,4.2148,4.2148,4.2148,1.5250,1.5250,1.5250,1.5250,1.5250
2.840000,4.7554,4.7554,4.7554,4.7554,4.7554,4.2206,4.2206,4.2206,4.2206,4.2206,1.5240,1.5240,1.5240,1.5240,1.5240
2.850000,4.7505,4.7505,4.7505,4.7505,4.7505,4.2265,4.2265,4.2265,4.2265,4.2265,1.5230,1.5230,1.5230,1.5230,1.5230
2.860000,4.7456,4.7456,4.7456,4.7456,4.7456,4.2324,4.2324,4.2324,4.2324,4.2324,1.5221,1.5221,1.5221,1.5221,1.5221
2.870000,4.7407,4.7407,4.7407,4.7407,4.7407,4.2382,4.2382,4.2382,4.2382,4.2382,1.5212,1.5212,1.5212,1.5212,1.5212
2.880000,4.7357,4.7357,4.7357,4.7357,4.7357,4.2440,4.2440,4.2440,4.2440,4.2440,1.5202,1.5202,1.5202,1.5202,1.5202
2.890000,4.7308,4.7308,4.7308,4.7308,4.7308,4.2499,4.2499,4.2499,4.2499,4.2499,1.5194,1.5194,1.5194,1.5194,1.5194
2.900000,4.7258,4.7258,4.7258,4.7258,4.7258,4.2557,4.2557,4.2557,4.2557,4.2557,1.5185,1.5185,1.5185,1.5185,1.5185
2.910000,4.7208,4.7208,4.7208,4.7208,4.7208,4.2615,4.2615,4.2615,4.2615,4.2615,1.5177,1.5177,1.5177,1.5177,1.5177
2.920000,4.7159,4.7159,4.7159,4.7159,4.7159,4.2673,4.2673,4.2673,4.2673,4.2673,1.5168,1.5168,1.5168,1.5168,1.5168
2.930000,4.7109,4.7109,4.7109,4.7109,4.7109,4.2731,4.2731,4.2731,4.2731,4.2731,1.5160,1.5160,1.5160,1.5160,1.5160
2.940000,4.7059,4.7059,4.7059,4.7059,4.7059,4.2789,4.2789,4.2789,4.2789,4.2789,1.5152,1.5152,1.5152,1.5152,1.5152
2.950000,4.7008,4.7008,4.7008,4.7008,4.7008,4.2847,4.2847,4.2847,4.2847,4.2847,1.5145,1.5145,1.5145,1.5145,1.5145
2.960000,4.6958,4.6958,4.6958,4.6958,4.6958,4.2904,4.2904,4.2904,4.2904,4.2904,1.5137,1.5137,1.5137,1.5137,1.5137
2.970000,4.6908,4.6908,4.6908,4.6908,4.6908,4.2962,4.2962,4.2962,4.2962,4.2962,1.5130,1.5130,1.5130,1.5130,1.5130
2.980000,4.6857,4.6857,4.6857,4.6857,4.6857,4.3020,4.3020,4.3020,4.3020,4.3020,1.5123,1.5123,1.5123,1.5123,1.5123
2.990000,4.6806,4.6806,4.6806,4.6806,4.6806,4.3077,4.3077,4.3077,4.3077,4.3077,1.5116,1.5116,1.5116,1.5116,1.5116
3.000000,4.6756,4.6756,4.6756,4.6756,4.6756,4.3135,4.3135,4.3135,4.3135,4.3135,1.5110,1.5110,1.5110,1.5110,1.5110
3.010000,4.6705,4.6705,4.6705,4.6705,4.6705,4.3192,4.3192,4.3192,4.3192,4.3192,1.5103,1.5103,1.5103,1.5103,1.5103
3.020000,4.6654,4.6654,4.6654,4.6654,4.6654,4.3249,4.3249,4.3249,4.3249,4.3249,1.5097,1.5097,1.5097,1.5097,1.5097
3.030000,4.6603,4.6603,4.6603,4.6603,4.6603,4.3307,4.3307,4.3307,4.3307,4.3307,1.5091,1.5091,1.5091,1.5091,1.5091
3.040000,4.6551,4.6551,4.6551,4.6551,4.6551,4.3364,4.3364,4.3364,4.3364,4.3364,1.5085,1.5085,1.5085,1.5085,1.5085
3.050000,4.6500,4.6500,4.6500,4.6500,4.6500,4.3421,4.3421,4.3421,4.3421,4.3421,1.5079,1.5079,1.5079,1.5079,1.5079
3.060000,4.6449,4.6449,4.6449,4.6449,4.6449,4.3478,4.3478,4.3478,4.3478,4.3478,1.5074,1.5074,1.5074,1.5074,1.5074
3.070000,4.6397,4.6397,4.6397,4.6397,4.6397,4.3535,4.3535,4.3535,4.3535,4.3535,1.5068,1.5068,1.5068,1.5068,1.5068
3.080000,4.6345,4.6345,4.6345,4.6345,4.6345,4.3591,4.3591,4.3591,4.3591,4.3591,1.5063,1.5063,1.5063,1.5063,1.5063
3.090000,4.6294,4.6294,4.6294,4.6294,4.6294,4.3648,4.3648,4.3648,4.3648,4.3648,1.5058,1.5058,1.5058,1.5058,1.5058
3.100000,4.6242,4.6242,4.6242,4.6242,4.6242,4.3705,4.3705,4.3705,4.3705,4.3705,1.5054,1.5054,1.5054,1.5054,1.5054
3.110000,4.6190,4.6190,4.6190,4.6190,4.6190,4.3761,4.3761,4.3761,4.3761,4.3761,1.5049,1.5049,1.5049,1.5049,1.5049
3.120000,4.6138,4.6138,4.6138,4.6138,4.6138,4.3818,4.3818,4.3818,4.3818,4.3818,1.5045,1.5045,1.5045,1.5045,1.5045
3.130000,4.6085,4.6085,4.6085,4.6085,4.6085,4.3874,4.3874,4.3874,4.3874,4.3874,1.5041,1.5041,1.5041,1.5041,1.5041
3.140000,4.6033,4.6033,4.6033,4.6033,4.6033,4.3930,4.3930,4.3930,4.3930,4.3930,1.5037,1.5037,1.5037,1.5037,1.5037
3.150000,4.5980,4.5980,4.5980,4.5980,4.5980,4.3986,4.3986,4.3986,4.3986,4.3986,1.5033,1.5033,1.5033,1.5033,1.5033
3.160000,4.5928,4.5928,4.5928,4.5928,4.5928,4.4042,4.4042,4.4042,4.4042,4.4042,1.5030,1.5030,1.5030,1.5030,1.5030
3.170000,4.5875,4.5875,4.5875,4.5875,4.5875,4.4098,4.4098,4.4098,4.4098,4.4098,1.5026,1.5026,1.5026,1.5026,1.5026
3.180000,4.5822,4.5822,4.5822,4.5822,4.5822,4.4154,4.4154,4.4154,4.4154,4.4154,1.5023,1.5023,1.5023,1.5023,1.5023
3.190000,4.5770,4.5770,4.5770,4.5770,4.5770,4.4210,4.4210,4.4210,4.4210,4.4210,1.5020,1.5020,1.5020,1.5020,1.5020
3.200000,4.5717,4.5717,4.5717,4.5717,4.5717,4.4266,4.4266,4.4266,4.4266,4.4266,1.5018,1.5018,1.5018,1.5018,1.5018
3.210000,4.5663,4.5663,4.5663,4.5663,4.5663,4.4322,4.4322,4.4322,4.4322,4.4322,1.5015,1.5015,1.5015,1.5015,1.5015
3.220000,4.5610,4.5610,4.5610,4.5610,4.5610,4.4377,4.4377,4.4377,4.4377,4.4377,1.5013,1.5013,1.5013,1.5013,1.5013
3.230000,4.5557,4.5557,4.5557,4.5557,4.5557,4.4433,4.4433,4.4433,4.4433,4.4433,1.5011,1.5011,1.5011,1.5011,1.5011
3.240000,4.5503,4.5503,4.5503,4.5503,4.5503,4.4488,4.4488,4.4488,4.4488,4.4488,1.5009,1.5009,1.5009,1.5009,1.5009
3.250000,4.5450,4.5450,4.5450,4.5450,4.5450,4.4543,4.4543,4.4543,4.4543,4.4543,1.5007,1.5007,1.5007,1.5007,1.5007
3.260000,4.5396,4.5396,4.5396,4.5396,4.5396,4.4598,4.4598,4.4598,4.4598,4.4598,1.5005,1.5005,1.5005,1.5005,1.5005
3.270000,4.5343,4.5343,4.5343,4.5343,4.5343,4.4653,4.4653,4.4653,4.4653,4.4653,1.5004,1.5004,1.5004,1.5004,1.5004
3.280000,4.5289,4.5289,4.5289,4.5289,4.5289,4.4708,4.4708,4.4708,4.4708,4.4708,1.5003,1.5003,1.5003,1.5003,1.5003
3.290000,4.5235,4.5235,4.5235,4.5235,4.5235,4.4763,4.4763,4.4763,4.4763,4.4763,1.5002,1.5002,1.5002,1.5002,1.5002
3.300000,4.5181,4.5181,4.5181,4.5181,4.5181,4.4818,4.4818,4.4818,4.4818,4.4818,1.5001,1.5001,1.5001,1.5001,1.5001
3.310000,4.5127,4.5127,4.5127,4.5127,4.5127,4.4873,4.4873,4.4873,4.4873,4.4873,1.5001,1.5001,1.5001,1.5001,1.5001
3.320000,4.5072,4.5072,4.5072,4.5072,4.5072,4.4927,4.4927,4.4927,4.4927,4.4927,1.5000,1.5000,1.5000,1.5000,1.5000
3.330000,4.5018,4.5018,4.5018,4.5018,4.5018,4.4982,4.4982,4.4982,4.4982,4.4982,1.5000,1.5000,1.5000,1.5000,1.5000
3.340000,4.4964,4.4964,4.4964,4.4964,4.4964,4.5036,4.5036,4.5036,4.5036,4.5036,1.5000,1.5000,1.5000,1.5000,1.5000
3.350000,4.4909,4.4909,4.4909,4.4909,4.4909,4.5091,4.5091,4.5091,4.5091,4.5091,1.5000,1.5000,1.5000,1.5000,1.5000
3.360000,4.4855,4.4855,4.4855,4.4855,4.4855,4.5145,4.5145,4.5145,4.5145,4.5145,1.5001,1.5001,1.5001,1.5001,1.5001
3.370000,4.4800,4.4800,4.4800,4.4800,4.4800,4.5199,4.5199,4.5199,4.5199,4.5199,1.5001,1.5001,1.5001,1.5001,1.5001
3.380000,4.4745,4.4745,4.4745,4.4745,4.4745,4.5253,4.5253,4.5253,4.5253,4.5253,1.5002,1.5002,1.5002,1.5002,1.5002
3.390000,4.4690,4.4690,4.4690,4.4690,4.4690,4.5307,4.5307,4.5307,4.5307,4.5307,1.5003,1.5003,1.5003,1.5003,1.5003
3.400000,4.4635,4.4635,4.4635,4.4635,4.4635,4.5361,4.5361,4.5361,4.5361,4.5361,1.5004,1.5004,1.5004,1.5004,1.5004
3.410000,4.4580,4.4580,4.4580,4.4580,4.4580,4.5414,4.5414,4.5414,4.5414,4.5414,1.5006,1.5006,1.5006,1.5006,1.5006
3.420000,4.4525,4.4525,4.4525,4.4525,4.4525,4.5468,4.5468,4.5468,4.5468,4.5468,1.5007,1.5007,1.5007,1.5007,1.5007
3.430000,4.4469,4.4469,4.4469,4.4469,4.4469,4.5521,4.5521,4.5521,4.5521,4.5521,1.5009,1.5009,1.5009,1.5009,1.5009
3.440000,4.4414,4.4414,4.4414,4.4414,4.4414,4.5575,4.5575,4.5575,4.5575,4.5575,1.5011,1.5011,1.5011,1.5011,1.5011
3.450000,4.4359,4.4359,4.4359,4.4359,4.4359,4.5628,4.5628,4.5628,4.5628,4.5628,1.5013,1.5013,1.5013,1.5013,1.5013
3.460000,4.4303,4.4303,4.4303,4.4303,4.4303,4.5681,4.5681,4.5681,4.5681,4.5681,1.5016,1.5016,1.5016,1.5016,1.5016
3.470000,4.4247,4.4247,4.4247,4.4247,4.4247,4.5734,4.5734,4.5734,4.5734,4.5734,1.5018,1.5018,1.5018,1.5018,1.5018
3.480000,4.4192,4.4192,4.4192,4.4192,4.4192,4.5787,4.5787,4.5787,4.5787,4.5787,1.5021,1.5021,1.5021,1.5021,1.5021
3.490000,4.4136,4.4136,4.4136,4.4136,4.4136,4.5840,4.5840,4.5840,4.5840,4.5840,1.5024,1.5024,1.5024,1.5024,1.5024
3.500000,4.4080,4.4080,4.4080,4.4080,4.4080,4.5893,4.5893,4.5893,4.5893,4.5893,1.5027,1.5027,1.5027,1.5027,1.5027
3.510000,4.4024,4.4024,4.4024,4.4024,4.4024,4.5945,4.5945,4.5945,4.5945,4.5945,1.5031,1.5031,1.5031,1.5031,1.5031
3.520000,4.3968,4.3968,4.3968,4.3968,4.3968,4.5998,4.5998,4.5998,4.5998,4.5998,1.5034,1.5034,1.5034,1.5034,1.5034
3.530000,4.3911,4.3911,4.3911,4.3911,4.3911,4.6050,4.6050,4.6050,4.6050,4.6050,1.5038,1.5038,1.5038,1.5038,1.5038
3.540000,4.3855,4.3855,4.3855,4.3855,4.3855,4.6103,4.6103,4.6103,4.6103,4.6103,1.5042,1.5042,1.5042,1.5042,1.5042
3.550000,4.3799,4.3799,4.3799,4.3799,4.3799,4.6155,4.6155,4.6155,4.6155,4.6155,1.5046,1.5046,1.5046,1.5046,1.5046
3.560000,4.3742,4.3742,4.3742,4.3742,4.3742,4.6207,4.6207,4.6207,4.6207,4.6207,1.5051,1.5051,1.5051,1.5051,1.5051
3.570000,4.3686,4.3686,4.3686,4.3686,4.3686,4.6259,4.6259,4.6259,4.6259,4.6259,1.5055,1.5055,1.5055,1.5055,1.5055
3.580000,4.3629,4.3629,4.3629,4.3629,4.3629,4.6311,4.6311,4.6311,4.6311,4.6311,1.5060,1.5060,1.5060,1.5060,1.5060
3.590000,4.3572,4.3572,4.3572,4.3572,4.3572,4.6363,4.6363,4.6363,4.6363,4.6363,1.5065,1.5065,1.5065,1.5065,1.5065
3.600000,4.3516,4.3516,4.3516,4.3516,4.3516,4.6414,4.6414,4.6414,4.6414,4.6414,1.5070,1.5070,1.5070,1.5070,1.5070
3.610000,4.3459,4.3459,4.3459,4.3459,4.3459,4.6466,4.6466,4.6466,4.6466,4.6466,1.5075,1.5075,1.5075,1.5075,1.5075
3.620000,4.3402,4.3402,4.3402,4.3402,4.3402,4.6517,4.6517,4.6517,4.6517,4.6517,1.5081,1.5081,1.5081,1.5081,1.5081
3.630000,4.3345,4.3345,4.3345,4.3345,4.3345,4.6569,4.6569,4.6569,4.6569,4.6569,1.5087,1.5087,1.5087,1.5087,1.5087
3.640000,4.3288,4.3288,4.3288,4.3288,4.3288,4.6620,4.6620,4.6620,4.6620,4.6620,1.5093,1.5093,1.5093,1.5093,1.5093
3.650000,4.3230,4.3230,4.3230,4.3230,4.3230,4.6671,4.6671,4.6671,4.6671,4.6671,1.5099,1.5099,1.5099,1.5099,1.5099
3.660000,4.3173,4.3173,4.3173,4.3173,4.3173,4.6722,4.6722,4.6722,4.6722,4.6722,1.5105,1.5105,1.5105,1.5105,1.5105
3.670000,4.3116,4.3116,4.3116,4.3116,4.3116,4.6773,4.6773,4.6773,4.6773,4.6773,1.5112,1.5112,1.5112,1.5112,1.5112
3.680000,4.3058,4.3058,4.3058,4.3058,4.3058,4.6823,4.6823,4.6823,4.6823,4.6823,1.5118,1.5118,1.5118,1.5118,1.5118
3.690000,4.3001,4.3001,4.3001,4.3001,4.3001,4.6874,4.6874,4.6874,4.6874,4.6874,1.5125,1.5125,1.5125,1.5125,1.5125
3.700000,4.2943,4.2943,4.2943,4.2943,4.2943,4.6924,4.6924,4.6924,4.6924,4.6924,1.5133,1.5133,1.5133,1.5133,1.5133
3.710000,4.2885,4.2885,4.2885,4.2885,4.2885,4.6975,4.6975,4.6975,4.6975,4.6975,1.5140,1.5140,1.5140,1.5140,1.5140
3.720000,4.2827,4.2827,4.2827,4.2827,4.2827,4.7025,4.7025,4.7025,4.7025,4.7025,1.5147,1.5147,1.5147,1.5147,1.5147
3.730000,4.2770,4.2770,4.2770,4.2770,4.2770,4.7075,4.7075,4.7075,4.7075,4.7075,1.5155,1.5155,1.5155,1.5155,1.5155
3.740000,4.2712,4.2712,4.2712,4.2712,4.2712,4.7125,4.7125,4.7125,4.7125,4.7125,1.5163,1.5163,1.5163,1.5163,1.5163
3.750000,4.2654,4.2654,4.2654,4.2654,4.2654,4.7175,4.7175,4.7175,4.7175,4.7175,1.5171,1.5171,1.5171,1.5171,1.5171
3.760000,4.2596,4.2596,4.2596,4.2596,4.2596,4.7225,4.7225,4.7225,4.7225,4.7225,1.5179,1.5179,1.5179,1.5179,1.5179
3.770000,4.2537,4.2537,4.2537,4.2537,4.2537,4.7275,4.7275,4.7275,4.7275,4.7275,1.5188,1.5188,1.5188,1.5188,1.5188
3.780000,4.2479,4.2479,4.2479,4.2479,4.2479,4.7324,4.7324,4.7324,4.7324,4.7324,1.5197,1.5197,1.5197,1.5197,1.5197
3.790000,4.2421,4.2421,4.2421,4.2421,4.2421,4.7374,4.7374,4.7374,4.7374,4.7374,1.5205,1.5205,1.5205,1.5205,1.5205
3.800000,4.2362,4.2362,4.2362,4.2362,4.2362,4.7423,4.7423,4.7423,4.7423,4.7423,1.5215,1.5215,1.5215,1.5215,1.5215
3.810000,4.2304,4.2304,4.2304,4.2304,4.2304,4.7472,4.7472,4.7472,4.7472,4.7472,1.5224,1.5224,1.5224,1.5224,1.5224
3.820000,4.2246,4.2246,4.2246,4.2246,4.2246,4.7521,4.7521,4.7521,4.7521,4.7521,1.5233,1.5233,1.5233,1.5233,1.5233
3.830000,4.2187,4.2187,4.2187,4.2187,4.2187,4.7570,4.7570,4.7570,4.7570,4.7570,1.5243,1.5243,1.5243,1.5243,1.5243
3.840000,4.2128,4.2128,4.2128,4.2128,4.2128,4.7619,4.7619,4.7619,4.7619,4.7619,1.5253,1.5253,1.5253,1.5253,1.5253
3.850000,4.2069,4.2069,4.2069,4.2069,4.2069,4.7668,4.7668,4.7668,4.7668,4.7668,1.5263,1.5263,1.5263,1.5263,1.5263
3.860000,4.2011,4.2011,4.2011,4.2011,4.2011,4.7716,4.7716,4.7716,4.7716,4.7716,1.5273,1.5273,1.5273,1.5273,1.5273
3.870000,4.1952,4.1952,4.1952,4.1952,4.1952,4.7765,4.7765,4.7765,4.7765,4.7765,1.5284,1.5284,1.5284,1.5284,1.5284
3.880000,4.1893,4.1893,4.1893,4.1893,4.1893,4.7813,4.7813,4.7813,4.7813,4.7813,1.5294,1.5294,1.5294,1.5294,1.5294
3.890000,4.1834,4.1834,4.1834,4.1834,4.1834,4.7861,4.7861,4.7861,4.7861,4.7861,1.5305,1.5305,1.5305,1.5305,1.5305
3.900000,4.1775,4.1775,4.1775,4.1775,4.1775,4.7909,4.7909,4.7909,4.7909,4.7909,1.5316,1.5316,1.5316,1.5316,1.5316
3.910000,4.1716,4.1716,4.1716,4.1716,4.1716,4.7957,4.7957,4.7957,4.7957,4.7957,1.5327,1.5327,1.5327,1.5327,1.5327
3.920000,4.1656,4.1656,4.1656,4.1656,4.1656,4.8005,4.8005,4.8005,4.8005,4.8005,1.5339,1.5339,1.5339,1.5339,1.5339
3.930000,4.1597,4.1597,4.1597,4.1597,4.1597,4.8053,4.8053,4.8053,4.8053,4.8053,1.5350,1.5350,1.5350,1.5350,1.5350
3.940000,4.1538,4.1538,4.1538,4.1538,4.1538,4.8100,4.8100,4.8100,4.8100,4.8100,1.5362,1.5362,1.5362,1.5362,1.5362
3.950000,4.1478,4.1478,4.1478,4.1478,4.1478,4.8148,4.8148,4.8148,4.8148,4.8148,1.5374,1.5374,1.5374,1.5374,1.5374
3.960000,4.1419,4.1419,4.1419,4.1419,4.1419,4.8195,4.8195,4.8195,4.8195,4.8195,1.5386,1.5386,1.5386,1.5386,1.5386
3.970000,4.1359,4.1359,4.1359,4.1359,4.1359,4.8242,4.8242,4.8242,4.8242,4.8242,1.5399,1.5399,1.5399,1.5399,1.5399
3.980000,4.1300,4.1300,4.1300,4.1300,4.1300,4.8289,4.8289,4.8289,4.8289,4.8289,1.5411,1.5411,1.5411,1.5411,1.5411
3.990000,4.1240,4.1240,4.1240,4.1240,4.1240,4.8336,4.8336,4.8336,4.8336,4.8336,1.5424,1.5424,1.5424,1.5424,1.5424
4.000000,4.1180,4.1180,4.1180,4.1180,4.1180,4.8383,4.8383,4.8383,4.8383,4.8383,1.5437,1.5437,1.5437,1.5437,1.5437
4.010000,4.1121,4.1121,4.1121,4.1121,4.1121,4.8429,4.8429,4.8429,4.8429,4.8429,1.5450,1.5450,1.5450,1.5450,1.5450
4.020000,4.1061,4.1061,4.1061,4.1061,4.1061,4.8476,4.8476,4.8476,4.8476,4.8476,1.5464,1.5464,1.5464,1.5464,1.5464
4.030000,4.1001,4.1001,4.1001,4.1001,4.1001,4.8522,4.8522,4.8522,4.8522,4.8522,1.5477,1.5477,1.5477,1.5477,1.5477
4.040000,4.0941,4.0941,4.0941,4.0941,4.0941,4.8568,4.8568,4.8568,4.8568,4.8568,1.5491,1.5491,1.5491,1.5491,1.5491
4.050000,4.0881,4.0881,4.0881,4.0881,4.0881,4.8614,4.8614,4.8614,4.8614,4.8614,1.5505,1.5505,1.5505,1.5505,1.5505
4.060000,4.0821,4.0821,4.0821,4.0821,4.0821,4.8660,4.8660,4.8660,4.8660,4.8660,1.5519,1.5519,1.5519,1.5519,1.5519
4.070000,4.0761,4.0761,4.0761,4.0761,4.0761,4.8706,4.8706,4.8706,4.8706,4.8706,1.5533,1.5533,1.5533,1.5533,1.5533
4.080000,4.0700,4.0700,4.0700,4.0700,4.0700,4.8752,4.8752,4.8752,4.8752,4.8752,1.5548,1.5548,1.5548,1.5548,1.5548
4.090000,4.0640,4.0640,4.0640,4.0640,4.0640,4.8797,4.8797,4.8797,4.8797,4.8797,1.5562,1.5562,1.5562,1.5562,1.5562
4.100000,4.0580,4.0580,4.0580,4.0580,4.0580,4.8843,4.8843,4.8843,4.8843,4.8843,1.5577,1.5577,1.5577,1.5577,1.5577
4.110000,4.0519,4.0519,4.0519,4.0519,4.0519,4.8888,4.8888,4.8888,4.8888,4.8888,1.5592,1.5592,1.5592,1.5592,1.5592
4.120000,4.0459,4.0459,4.0459,4.0459,4.0459,4.8933,4.8933,4.8933,4.8933,4.8933,1.5608,1.5608,1.5608,1.5608,1.5608
4.130000,4.0399,4.0399,4.0399,4.0399,4.0399,4.8978,4.8978,4.8978,4.8978,4.8978,1.5623,1.5623,1.5623,1.5623,1.5623
4.140000,4.0338,4.0338,4.0338,4.0338,4.0338,4.9023,4.9023,4.9023,4.9023,4.9023,1.5639,1.5639,1.5639,1.5639,1.5639
4.150000,4.0277,4.0277,4.0277,4.0277,4.0277,4.9068,4.9068,4.9068,4.9068,4.9068,1.5655,1.5655,1.5655,1.5655,1.5655
4.160000,4.0217,4.0217,4.0217,4.0217,4.0217,4.9112,4.9112,4.9112,4.9112,4.9112,1.5671,1.5671,1.5671,1.5671,1.5671
4.170000,4.0156,4.0156,4.0156,4.0156,4.0156,4.9157,4.9157,4.9157,4.9157,4.9157,1.5687,1.5687,1.5687,1.5687,1.5687
4.180000,4.0095,4.0095,4.0095,4.0095,4.0095,4.9201,4.9201,4.9201,4.9201,4.9201,1.5703,1.5703,1.5703,1.5703,1.5703
4.190000,4.0035,4.0035,4.0035,4.0035,4.0035,4.9245,4.9245,4.9245,4.9245,4.9245,1.5720,1.5720,1.5720,1.5720,1.5720
4.200000,3.9974,3.9974,3.9974,3.9974,3.9974,4.9289,4.9289,4.9289,4.9289,4.9289,1.5737,1.5737,1.5737,1.5737,1.5737
4.210000,3.9913,3.9913,3.9913,3.9913,3.9913,4.9333,4.9333,4.9333,4.9333,4.9333,1.5754,1.5754,1.5754,1.5754,1.5754
4.220000,3.9852,3.9852,3.9852,3.9852,3.9852,4.9377,4.9377,4.9377,4.9377,4.9377,1.5771,1.5771,1.5771,1.5771,1.5771
4.230000,3.9791,3.9791,3.9791,3.9791,3.9791,4.9421,4.9421,4.9421,4.9421,4.9421,1.5788,1.5788,1.5788,1.5788,1.5788
4.240000,3.9730,3.9730,3.9730,3.9730,3.9730,4.9464,4.9464,4.9464,4.9464,4.9464,1.5806,1.5806,1.5806,1.5806,1.5806
4.250000,3.9669,3.9669,3.9669,3.9669,3.9669,4.9507,4.9507,4.9507,4.9507,4.9507,1.5824,1.5824,1.5824,1.5824,1.5824
4.260000,3.9608,3.9608,3.9608,3.9608,3.9608,4.9551,4.9551,4.9551,4.9551,4.9551,1.5842,1.5842,1.5842,1.5842,1.5842
4.270000,3.9547,3.9547,3.9547,3.9547,3.9547,4.9594,4.9594,4.9594,4.9594,4.9594,1.5860,1.5860,1.5860,1.5860,1.5860
4.280000,3.9485,3.9485,3.9485,3.9485,3.9485,4.9637,4.9637,4.9637,4.9637,4.9637,1.5878,1.5878,1.5878,1.5878,1.5878
4.290000,3.9424,3.9424,3.9424,3.9424,3.9424,4.9679,4.9679,4.9679,4.9679,4.9679,1.5896,1.5896,1.5896,1.5896,1.5896
4.300000,3.9363,3.9363,3.9363,3.9363,3.9363,4.9722,4.9722,4.9722,4.9722,4.9722,1.5915,1.5915,1.5915,1.5915,1.5915
4.310000,3.9302,3.9302,3.9302,3.9302,3.9302,4.9764,4.9764,4.9764,4.9764,4.9764,1.5934,1.5934,1.5934,1.5934,1.5934
4.320000,3.9240,3.9240,3.9240,3.9240,3.9240,4.9807,4.9807,4.9807,4.9807,4.9807,1.5953,1.5953,1.5953,1.5953,1.5953
4.330000,3.9179,3.9179,3.9179,3.9179,3.9179,4.9849,4.9849,4.9849,4.9849,4.9849,1.5972,1.5972,1.5972,1.5972,1.5972
4.340000,3.9117,3.9117,3.9117,3.9117,3.9117,4.9891,4.9891,4.9891,4.9891,4.9891,1.5992,1.5992,1.5992,1.5992,1.5992
4.350000,3.9056,3.9056,3.9056,3.9056,3.9056,4.9933,4.9933,4.9933,4.9933,4.9933,1.6011,1.6011,1.6011,1.6011,1.6011
4.360000,3.8994,3.8994,3.8994,3.8994,3.8994,4.9974,4.9974,4.9974,4.9974,4.9974,1.6031,1.6031,1.6031,1.6031,1.6031
4.370000,3.8933,3.8933,3.8933,3.8933,3.8933,5.0016,5.0016,5.0016,5.0016,5.0016,1.6051,1.6051,1.6051,1.6051,1.6051
4.380000,3.8871,3.8871,3.8871,3.8871,3.8871,5.0057,5.0057,5.0057,5.0057,5.0057,1.6072,1.6072,1.6072,1.6072,1.6072
4.390000,3.8809,3.8809,3.8809,3.8809,3.8809,5.0099,5.0099,5.0099,5.0099,5.0099,1.6092,1.6092,1.6092,1.6092,1.6092
4.400000,3.8748,3.8748,3.8748,3.8748,3.8748,5.0140,5.0140,5.0140,5.0140,5.0140,1.6112,1.6112,1.6112,1.6112,1.6112
4.410000,3.8686,3.8686,3.8686,3.8686,3.8686,5.0181,5.0181,5.0181,5.0181,5.0181,1.6133,1.6133,1.6133,1.6133,1.6133
4.420000,3.8624,3.8624,3.8624,3.8624,3.8624,5.0222,5.0222,5.0222,5.0222,5.0222,1.6154,1.6154,1.6154,1.6154,1.6154
4.430000,3.8562,3.8562,3.8562,3.8562,3.8562,5.0262,5.0262,5.0262,5.0262,5.0262,1.6175,1.6175,1.6175,1.6175,1.6175
4.440000,3.8500,3.8500,3.8500,3.8500,3.8500,5.0303,5.0303,5.0303,5.0303,5.0303,1.6197,1.6197,1.6197,1.6197,1.6197
4.450000,3.8439,3.8439,3.8439,3.8439,3.8439,5.0343,5.0343,5.0343,5.0343,5.0343,1.6218,1.6218,1.6218,1.6218,1.6218
4.460000,3.8377,3.8377,3.8377,3.8377,3.8377,5.0384,5.0384,5.0384,5.0384,5.0384,1.6240,1.6240,1.6240,1.6240,1.6240
4.470000,3.8315,3.8315,3.8315,3.8315,3.8315,5.0424,5.0424,5.0424,5.0424,5.0424,1.6262,1.6262,1.6262,1.6262,1.6262
4.480000,3.8253,3.8253,3.8253,3.8253,3.8253,5.0464,5.0464,5.0464,5.0464,5.0464,1.6284,1.6284,1.6284,1.6284,1.6284
4.490000,3.8191,3.8191,3.8191,3.8191,3.8191,5.0503,5.0503,5.0503,5.0503,5.0503,1.6306,1.6306,1.6306,1.6306,1.6306
4.500000,3.8129,3.8129,3.8129,3.8129,3.8129,5.0543,5.0543,5.0543,5.0543,5.0543,1.6328,1.6328,1.6328,1.6328,1.6328
4.510000,3.8067,3.8067,3.8067,3.8067,3.8067,5.0582,5.0582,5.0582,5.0582,5.0582,1.6351,1.6351,1.6351,1.6351,1.6351
4.520000,3.8005,3.8005,3.8005,3.8005,3.8005,5.0622,5.0622,5.0622,5.0622,5.0622,1.6374,1.6374,1.6374,1.6374,1.6374
4.530000,3.7942,3.7942,3.7942,3.7942,3.7942,5.0661,5.0661,5.0661,5.0661,5.0661,1.6397,1.6397,1.6397,1.6397,1.6397
4.540000,3.7880,3.7880,3.7880,3.7880,3.7880,5.0700,5.0700,5.0700,5.0700,5.0700,1.6420,1.6420,1.6420,1.6420,1.6420
4.550000,3.7818,3.7818,3.7818,3.7818,3.7818,5.0739,5.0739,5.0739,5.0739,5.0739,1.6443,1.6443,1.6443,1.6443,1.6443
4.560000,3.7756,3.7756,3.7756,3.7756,3.7756,5.0777,5.0777,5.0777,5.0777,5.0777,1.6467,1.6467,1.6467,1.6467,1.6467
4.570000,3.7694,3.7694,3.7694,3.7694,3.7694,5.0816,5.0816,5.0816,5.0816,5.0816,1.6491,1.6491,1.6491,1.6491,1.6491
4.580000,3.7631,3.7631,3.7631,3.7631,3.7631,5.0854,5.0854,5.0854,5.0854,5.0854,1.6514,1.6514,1.6514,1.6514,1.6514
4.590000,3.7569,3.7569,3.7569,3.7569,3.7569,5.0893,5.0893,5.0893,5.0893,5.0893,1.6538,1.6538,1.6538,1.6538,1.6538
4.600000,3.7507,3.7507,3.7507,3.7507,3.7507,5.0931,5.0931,5.0931,5.0931,5.0931,1.6563,1.6563,1.6563,1.6563,1.6563
4.610000,3.7444,3.7444,3.7444,3.7444,3.7444,5.0969,5.0969,5.0969,5.0969,5.0969,1.6587,1.6587,1.6587,1.6587,1.6587
4.620000,3.7382,3.7382,3.7382,3.7382,3.7382,5.1006,5.1006,5.1006,5.1006,5.1006,1.6612,1.6612,1.6612,1.6612,1.6612
4.630000,3.7320,3.7320,3.7320,3.7320,3.7320,5.1044,5.1044,5.1044,5.1044,5.1044,1.6637,1.6637,1.6637,1.6637,1.6637
4.640000,3.7257,3.7257,3.7257,3.7257,3.7257,5.1081,5.1081,5.1081,5.1081,5.1081,1.6662,1.6662,1.6662,1.6662,1.6662
4.650000,3.7195,3.7195,3.7195,3.7195,3.7195,5.1119,5.1119,5.1119,5.1119,5.1119,1.6687,1.6687,1.6687,1.6687,1.6687
4.660000,3.7132,3.7132,3.7132,3.7132,3.7132,5.1156,5.1156,5.1156,5.1156,5.1156,1.6712,1.6712,1.6712,1.6712,1.6712
4.670000,3.7070,3.7070,3.7070,3.7070,3.7070,5.1193,5.1193,5.1193,5.1193,5.1193,1.6738,1.6738,1.6738,1.6738,1.6738
4.680000,3.7007,3.7007,3.7007,3.7007,3.7007,5.1229,5.1229,5.1229,5.1229,5.1229,1.6763,1.6763,1.6763,1.6763,1.6763
4.690000,3.6945,3.6945,3.6945,3.6945,3.6945,5.1266,5.1266,5.1266,5.1266,5.1266,1.6789,1.6789,1.6789,1.6789,1.6789
4.700000,3.6882,3.6882,3.6882,3.6882,3.6882,5.1303,5.1303,5.1303,5.1303,5.1303,1.6815,1.6815,1.6815,1.6815,1.6815
4.710000,3.6820,3.6820,3.6820,3.6820,3.6820,5.1339,5.1339,5.1339,5.1339,5.1339,1.6842,1.6842,1.6842,1.6842,1.6842
4.720000,3.6757,3.6757,3.6757,3.6757,3.6757,5.1375,5.1375,5.1375,5.1375,5.1375,1.6868,1.6868,1.6868,1.6868,1.6868
4.730000,3.6694,3.6694,3.6694,3.6694,3.6694,5.1411,5.1411,5.1411,5.1411,5.1411,1.6895,1.6895,1.6895,1.6895,1.6895
4.740000,3.6632,3.6632,3.6632,3.6632,3.6632,5.1447,5.1447,5.1447,5.1447,5.1447,1.6921,1.6921,1.6921,1.6921,1.6921
4.750000,3.6569,3.6569,3.6569,3.6569,3.6569,5.1483,5.1483,5.1483,5.1483,5.1483,1.6948,1.6948,1.6948,1.6948,1.6948
4.760000,3.6507,3.6507,3.6507,3.6507,3.6507,5.1518,5.1518,5.1518,5.1518,5.1518,1.6975,1.6975,1.6975,1.6975,1.6975
4.770000,3.6444,3.6444,3.6444,3.6444,3.6444,5.1553,5.1553,5.1553,5.1553,5.1553,1.7003,1.7003,1.7003,1.7003,1.7003
4.780000,3.6381,3.6381,3.6381,3.6381,3.6381,5.1589,5.1589,5.1589,5.1589,5.1589,1.7030,1.7030,1.7030,1.7030,1.7030
4.790000,3.6319,3.6319,3.6319,3.6319,3.6319,5.1624,5.1624,5.1624,5.1624,5.1624,1.7058,1.7058,1.7058,1.7058,1.7058
4.800000,3.6256,3.6256,3.6256,3.6256,3.6256,5.1658,5.1658,5.1658,5.1658,5.1658,1.7086,1.7086,1.7086,1.7086,1.7086
4.810000,3.6193,3.6193,3.6193,3.6193,3.6193,5.1693,5.1693,5.1693,5.1693,5.1693,1.7114,1.7114,1.7114,1.7114,1.7114
4.820000,3.6130,3.6130,3.6130,3.6130,3.6130,5.1728,5.1728,5.1728,5.1728,5.1728,1.7142,1.7142,1.7142,1.7142,1.7142
4.830000,3.6068,3.6068,3.6068,3.6068,3.6068,5.1762,5.1762,5.1762,5.1762,5.1762,1.7170,1.7170,1.7170,1.7170,1.7170
4.840000,3.6005,3.6005,3.6005,3.6005,3.6005,5.1796,5.1796,5.1796,5.1796,5.1796,1.7199,1.7199,1.7199,1.7199,1.7199
4.850000,3.5942,3.5942,3.5942,3.5942,3.5942,5.1830,5.1830,5.1830,5.1830,5.1830,1.7228,1.7228,1.7228,1.7228,1.7228
4.860000,3.5879,3.5879,3.5879,3.5879,3.5879,5.1864,5.1864,5.1864,5.1864,5.1864,1.7257,1.7257,1.7257,1.7257,1.7257
4.870000,3.5817,3.5817,3.5817,3.5817,3.5817,5.1898,5.1898,5.1898,5.1898,5.1898,1.7286,1.7286,1.7286,1.7286,1.7286
4.880000,3.5754,3.5754,3.5754,3.5754,3.5754,5.1931,5.1931,5.1931,5.1931,5.1931,1.7315,1.7315,1.7315,1.7315,1.7315
4.890000,3.5691,3.5691,3.5691,3.5691,3.5691,5.1965,5.1965,5.1965,5.1965,5.1965,1.7344,1.7344,1.7344,1.7344,1.7344
4.900000,3.5628,3.5628,3.5628,3.5628,3.5628,5.1998,5.1998,5.1998,5.1998,5.1998,1.7374,1.7374,1.7374,1.7374,1.7374
4.910000,3.5565,3.5565,3.5565,3.5565,3.5565,5.2031,5.2031,5.2031,5.2031,5.2031,1.7404,1.7404,1.7404,1.7404,1.7404
4.920000,3.5503,3.5503,3.5503,3.5503,3.5503,5.2064,5.2064,5.2064,5.2064,5.2064,1.7434,1.7434,1.7434,1.7434,1.7434
4.930000,3.5440,3.5440,3.5440,3.5440,3.5440,5.2096,5.2096,5.2096,5.2096,5.2096,1.7464,1.7464,1.7464,1.7464,1.7464
4.940000,3.5377,3.5377,3.5377,3.5377,3.5377,5.2129,5.2129,5.2129,5.2129,5.2129,1.7494,1.7494,1.7494,1.7494,1.7494
4.950000,3.5314,3.5314,3.5314,3.5314,3.5314,5.2161,5.2161,5.2161,5.2161,5.2161,1.7525,1.7525,1.7525,1.7525,1.7525
4.960000,3.5251,3.5251,3.5251,3.5251,3.5251,5.2193,5.2193,5.2193,5.2193,5.2193,1.7555,1.7555,1.7555,1.7555,1.7555
4.970000,3.5188,3.5188,3.5188,3.5188,3.5188,5.2225,5.2225,5.2225,5.2225,5.2225,1.7586,1.7586,1.7586,1.7586,1.7586
4.980000,3.5126,3.5126,3.5126,3.5126,3.5126,5.2257,5.2257,5.2257,5.2257,5.2257,1.7617,1.7617,1.7617,1.7617,1.7617
4.990000,3.5063,3.5063,3.5063,3.5063,3.5063,5.2289,5.2289,5.2289,5.2289,5.2289,1.7648,1.7648,1.7648,1.7648,1.7648
5.000000,3.5000,3.5000,3.5000,3.5000,3.5000,5.2321,5.2321,5.2321,5.2321,5.2321,1.7679,1.7679,1.7679,1.7679,1.7679
5.010000,3.4937,3.4937,3.4937,3.4937,3.4937,5.2352,5.2352,5.2352,5.2352,5.2352,1.7711,1.7711,1.7711,1.7711,1.7711
5.020000,3.4874,3.4874,3.4874,3.4874,3.4874,5.2383,5.2383,5.2383,5.2383,5.2383,1.7743,1.7743,1.7743,1.7743,1.7743
5.030000,3.4812,3.4812,3.4812,3.4812,3.4812,5.2414,5.2414,5.2414,5.2414,5.2414,1.7775,1.7775,1.7775,1.7775,1.7775
5.040000,3.4749,3.4749,3.4749,3.4749,3.4749,5.2445,5.2445,5.2445,5.2445,5.2445,1.7807,1.7807,1.7807,1.7807,1.7807
5.050000,3.4686,3.4686,3.4686,3.4686,3.4686,5.2475,5.2475,5.2475,5.2475,5.2475,1.7839,1.7839,1.7839,1.7839,1.7839
5.060000,3.4623,3.4623,3.4623,3.4623,3.4623,5.2506,5.2506,5.2506,5.2506,5.2506,1.7871,1.7871,1.7871,1.7871,1.7871
5.070000,3.4560,3.4560,3.4560,3.4560,3.4560,5.2536,5.2536,5.2536,5.2536,5.2536,1.7904,1.7904,1.7904,1.7904,1.7904
5.080000,3.4497,3.4497,3.4497,3.4497,3.4497,5.2566,5.2566,5.2566,5.2566,5.2566,1.7936,1.7936,1.7936,1.7936,1.7936
5.090000,3.4435,3.4435,3.4435,3.4435,3.4435,5.2596,5.2596,5.2596,5.2596,5.2596,1.7969,1.7969,1.7969,1.7969,1.7969
5.100000,3.4372,3.4372,3.4372,3.4372,3.4372,5.2626,5.2626,5.2626,5.2626,5.2626,1.8002,1.8002,1.8002,1.8002,1.8002
5.110000,3.4309,3.4309,3.4309,3.4309,3.4309,5.2656,5.2656,5.2656,5.2656,5.2656,1.8035,1.8035,1.8035,1.8035,1.8035
5.120000,3.4246,3.4246,3.4246,3.4246,3.4246,5.2685,5.2685,5.2685,5.2685,5.2685,1.8069,1.8069,1.8069,1.8069,1.8069
5.130000,3.4183,3.4183,3.4183,3.4183,3.4183,5.2714,5.2714,5.2714,5.2714,5.2714,1.8102,1.8102,1.8102,1.8102,1.8102
5.140000,3.4121,3.4121,3.4121,3.4121,3.4121,5.2743,5.2743,5.2743,5.2743,5.2743,1.8136,1.8136,1.8136,1.8136,1.8136
5.150000,3.4058,3.4058,3.4058,3.4058,3.4058,5.2772,5.2772,5.2772,5.2772,5.2772,1.8170,1.8170,1.8170,1.8170,1.8170
5.160000,3.3995,3.3995,3.3995,3.3995,3.3995,5.2801,5.2801,5.2801,5.2801,5.2801,1.8204,1.8204,1.8204,1.8204,1.8204
5.170000,3.3932,3.3932,3.3932,3.3932,3.3932,5.2830,5.2830,5.2830,5.2830,5.2830,1.8238,1.8238,1.8238,1.8238,1.8238
5.180000,3.3870,3.3870,3.3870,3.3870,3.3870,5.2858,5.2858,5.2858,5.2858,5.2858,1.8272,1.8272,1.8272,1.8272,1.8272
5.190000,3.3807,3.3807,3.3807,3.3807,3.3807,5.2886,5.2886,5.2886,5.2886,5.2886,1.8307,1.8307,1.8307,1.8307,1.8307
5.200000,3.3744,3.3744,3.3744,3.3744,3.3744,5.2914,5.2914,5.2914,5.2914,5.2914,1.8342,1.8342,1.8342,1.8342,1.8342
5.210000,3.3681,3.3681,3.3681,3.3681,3.3681,5.2942,5.2942,5.2942,5.2942,5.2942,1.8376,1.8376,1.8376,1.8376,1.8376
5.220000,3.3619,3.3619,3.3619,3.3619,3.3619,5.2970,5.2970,5.2970,5.2970,5.2970,1.8411,1.8411,1.8411,1.8411,1.8411
5.230000,3.3556,3.3556,3.3556,3.3556,3.3556,5.2997,5.2997,5.2997,5.2997,5.2997,1.8447,1.8447,1.8447,1.8447,1.8447
5.240000,3.3493,3.3493,3.3493,3.3493,3.3493,5.3025,5.3025,5.3025,5.3025,5.3025,1.8482,1.8482,1.8482,1.8482,1.8482
5.250000,3.3431,3.3431,3.3431,3.3431,3.3431,5.3052,5.3052,5.3052,5.3052,5.3052,1.8517,1.8517,1.8517,1.8517,1.8517
5.260000,3.3368,3.3368,3.3368,3.3368,3.3368,5.3079,5.3079,5.3079,5.3079,5.3079,1.8553,1.8553,1.8553,1.8553,1.8553
5.270000,3.3306,3.3306,3.3306,3.3306,3.3306,5.3105,5.3105,5.3105,5.3105,5.3105,1.8589,1.8589,1.8589,1.8589,1.8589
5.280000,3.3243,3.3243,3.3243,3.3243,3.3243,5.3132,5.3132,5.3132,5.3132,5.3132,1.8625,1.8625,1.8625,1.8625,1.8625
5.290000,3.3180,3.3180,3.3180,3.3180,3.3180,5.3158,5.3158,5.3158,5.3158,5.3158,1.8661,1.8661,1.8661,1.8661,1.8661
5.300000,3.3118,3.3118,3.3118,3.3118,3.3118,5.3185,5.3185,5.3185,5.3185,5.3185,1.8697,1.8697,1.8697,1.8697,1.8697
5.310000,3.3055,3.3055,3.3055,3.3055,3.3055,5.3211,5.3211,5.3211,5.3211,5.3211,1.8734,1.8734,1.8734,1.8734,1.8734
5.320000,3.2993,3.2993,3.2993,3.2993,3.2993,5.3237,5.3237,5.3237,5.3237,5.3237,1.8771,1.8771,1.8771,1.8771,1.8771
5.330000,3.2930,3.2930,3.2930,3.2930,3.2930,5.3262,5.3262,5.3262,5.3262,5.3262,1.8807,1.8807,1.8807,1.8807,1.8807
5.340000,3.2868,3.2868,3.2868,3.2868,3.2868,5.3288,5.3288,5.3288,5.3288,5.3288,1.8844,1.8844,1.8844,1.8844,1.8844
5.350000,3.2805,3.2805,3.2805,3.2805,3.2805,5.3313,5.3313,5.3313,5.3313,5.3313,1.8881,1.8881,1.8881,1.8881,1.8881
5.360000,3.2743,3.2743,3.2743,3.2743,3.2743,5.3338,5.3338,5.3338,5.3338,5.3338,1.8919,1.8919,1.8919,1.8919,1.8919
5.370000,3.2680,3.2680,3.2680,3.2680,3.2680,5.3363,5.3363,5.3363,5.3363,5.3363,1.8956,1.8956,1.8956,1.8956,1.8956
5.380000,3.2618,3.2618,3.2618,3.2618,3.2618,5.3388,5.3388,5.3388,5.3388,5.3388,1.8994,1.8994,1.8994,1.8994,1.8994
5.390000,3.2556,3.2556,3.2556,3.2556,3.2556,5.3413,5.3413,5.3413,5.3413,5.3413,1.9031,1.9031,1.9031,1.9031,1.9031
5.400000,3.2493,3.2493,3.2493,3.2493,3.2493,5.3437,5.3437,5.3437,5.3437,5.3437,1.9069,1.9069,1.9069,1.9069,1.9069
5.410000,3.2431,3.2431,3.2431,3.2431,3.2431,5.3462,5.3462,5.3462,5.3462,5.3462,1.9107,1.9107,1.9107,1.9107,1.9107
5.420000,3.2369,3.2369,3.2369,3.2369,3.2369,5.3486,5.3486,5.3486,5.3486,5.3486,1.9146,1.9146,1.9146,1.9146,1.9146
5.430000,3.2306,3.2306,3.2306,3.2306,3.2306,5.3509,5.3509,5.3509,5.3509,5.3509,1.9184,1.9184,1.9184,1.9184,1.9184
5.440000,3.2244,3.2244,3.2244,3.2244,3.2244,5.3533,5.3533,5.3533,5.3533,5.3533,1.9223,1.9223,1.9223,1.9223,1.9223
5.450000,3.2182,3.2182,3.2182,3.2182,3.2182,5.3557,5.3557,5.3557,5.3557,5.3557,1.9261,1.9261,1.9261,1.9261,1.9261
5.460000,3.2120,3.2120,3.2120,3.2120,3.2120,5.3580,5.3580,5.3580,5.3580,5.3580,1.9300,1.9300,1.9300,1.9300,1.9300
5.470000,3.2058,3.2058,3.2058,3.2058,3.2058,5.3603,5.3603,5.3603,5.3603,5.3603,1.9339,1.9339,1.9339,1.9339,1.9339
5.480000,3.1995,3.1995,3.1995,3.1995,3.1995,5.3626,5.3626,5.3626,5.3626,5.3626,1.9378,1.9378,1.9378,1.9378,1.9378
5.490000,3.1933,3.1933,3.1933,3.1933,3.1933,5.3649,5.3649,5.3649,5.3649,5.3649,1.9418,1.9418,1.9418,1.9418,1.9418
5.500000,3.1871,3.1871,3.1871,3.1871,3.1871,5.3672,5.3672,5.3672,5.3672,5.3672,1.9457,1.9457,1.9457,1.9457,1.9457
5.510000,3.1809,3.1809,3.1809,3.1809,3.1809,5.3694,5.3694,5.3694,5.3694,5.3694,1.9497,1.9497,1.9497,1.9497,1.9497
5.520000,3.1747,3.1747,3.1747,3.1747,3.1747,5.3716,5.3716,5.3716,5.3716,5.3716,1.9536,1.9536,1.9536,1.9536,1.9536
5.530000,3.1685,3.1685,3.1685,3.1685,3.1685,5.3738,5.3738,5.3738,5.3738,5.3738,1.9576,1.9576,1.9576,1.9576,1.9576
5.540000,3.1623,3.1623,3.1623,3.1623,3.1623,5.3760,5.3760,5.3760,5.3760,5.3760,1.9616,1.9616,1.9616,1.9616,1.9616
5.550000,3.1561,3.1561,3.1561,3.1561,3.1561,5.3782,5.3782,5.3782,5.3782,5.3782,1.9657,1.9657,1.9657,1.9657,1.9657
5.560000,3.1500,3.1500,3.1500,3.1500,3.1500,5.3803,5.3803,5.3803,5.3803,5.3803,1.9697,1.9697,1.9697,1.9697,1.9697
5.570000,3.1438,3.1438,3.1438,3.1438,3.1438,5.3825,5.3825,5.3825,5.3825,5.3825,1.9738,1.9738,1.9738,1.9738,1.9738
5.580000,3.1376,3.1376,3.1376,3.1376,3.1376,5.3846,5.3846,5.3846,5.3846,5.3846,1.9778,1.9778,1.9778,1.9778,1.9778
5.590000,3.1314,3.1314,3.1314,3.1314,3.1314,5.3867,5.3867,5.3867,5.3867,5.3867,1.9819,1.9819,1.9819,1.9819,1.9819
5.600000,3.1252,3.1252,3.1252,3.1252,3.1252,5.3888,5.3888,5.3888,5.3888,5.3888,1.9860,1.9860,1.9860,1.9860,1.9860
5.610000,3.1191,3.1191,3.1191,3.1191,3.1191,5.3908,5.3908,5.3908,5.3908,5.3908,1.9901,1.9901,1.9901,1.9901,1.9901
5.620000,3.1129,3.1129,3.1129,3.1129,3.1129,5.3928,5.3928,5.3928,5.3928,5.3928,1.9943,1.9943,1.9943,1.9943,1.9943
5.630000,3.1067,3.1067,3.1067,3.1067,3.1067,5.3949,5.3949,5.3949,5.3949,5.3949,1.9984,1.9984,1.9984,1.9984,1.9984
5.640000,3.1006,3.1006,3.1006,3.1006,3.1006,5.3969,5.3969,5.3969,5.3969,5.3969,2.0026,2.0026,2.0026,2.0026,2.0026
5.650000,3.0944,3.0944,3.0944,3.0944,3.0944,5.3989,5.3989,5.3989,5.3989,5.3989,2.0067,2.0067,2.0067,2.0067,2.0067
5.660000,3.0883,3.0883,3.0883,3.0883,3.0883,5.4008,5.4008,5.4008,5.4008,5.4008,2.0109,2.0109,2.0109,2.0109,2.0109
5.670000,3.0821,3.0821,3.0821,3.0821,3.0821,5.4028,5.4028,5.4028,5.4028,5.4028,2.0151,2.0151,2.0151,2.0151,2.0151
5.680000,3.0760,3.0760,3.0760,3.0760,3.0760,5.4047,5.4047,5.4047,5.4047,5.4047,2.0193,2.0193,2.0193,2.0193,2.0193
5.690000,3.0698,3.0698,3.0698,3.0698,3.0698,5.4066,5.4066,5.4066,5.4066,5.4066,2.0236,2.0236,2.0236,2.0236,2.0236
5.700000,3.0637,3.0637,3.0637,3.0637,3.0637,5.4085,5.4085,5.4085,5.4085,5.4085,2.0278,2.0278,2.0278,2.0278,2.0278
5.710000,3.0576,3.0576,3.0576,3.0576,3.0576,5.4104,5.4104,5.4104,5.4104,5.4104,2.0321,2.0321,2.0321,2.0321,2.0321
5.720000,3.0515,3.0515,3.0515,3.0515,3.0515,5.4122,5.4122,5.4122,5.4122,5.4122,2.0363,2.0363,2.0363,2.0363,2.0363
5.730000,3.0453,3.0453,3.0453,3.0453,3.0453,5.4140,5.4140,5.4140,5.4140,5.4140,2.0406,2.0406,2.0406,2.0406,2.0406
5.740000,3.0392,3.0392,3.0392,3.0392,3.0392,5.4158,5.4158,5.4158,5.4158,5.4158,2.0449,2.0449,2.0449,2.0449,2.0449
5.750000,3.0331,3.0331,3.0331,3.0331,3.0331,5.4176,5.4176,5.4176,5.4176,5.4176,2.0493,2.0493,2.0493,2.0493,2.0493
5.760000,3.0270,3.0270,3.0270,3.0270,3.0270,5.4194,5.4194,5.4194,5.4194,5.4194,2.0536,2.0536,2.0536,2.0536,2.0536
5.770000,3.0209,3.0209,3.0209,3.0209,3.0209,5.4212,5.4212,5.4212,5.4212,5.4212,2.0579,2.0579,2.0579,2.0579,2.0579
5.780000,3.0148,3.0148,3.0148,3.0148,3.0148,5.4229,5.4229,5.4229,5.4229,5.4229,2.0623,2.0623,2.0623,2.0623,2.0623
5.790000,3.0087,3.0087,3.0087,3.0087,3.0087,5.4246,5.4246,5.4246,5.4246,5.4246,2.0667,2.0667,2.0667,2.0667,2.0667
5.800000,3.0026,3.0026,3.0026,3.0026,3.0026,5.4263,5.4263,5.4263,5.4263,5.4263,2.0711,2.0711,2.0711,2.0711,2.0711
5.810000,2.9965,2.9965,2.9965,2.9965,2.9965,5.4280,5.4280,5.4280,5.4280,5.4280,2.0755,2.0755,2.0755,2.0755,2.0755
5.820000,2.9905,2.9905,2.9905,2.9905,2.9905,5.4297,5.4297,5.4297,5.4297,5.4297,2.0799,2.0799,2.0799,2.0799,2.0799
5.830000,2.9844,2.9844,2.9844,2.9844,2.9844,5.4313,5.4313,5.4313,5.4313,5.4313,2.0843,2.0843,2.0843,2.0843,2.0843
5.840000,2.9783,2.9783,2.9783,2.9783,2.9783,5.4329,5.4329,5.4329,5.4329,5.4329,2.0888,2.0888,2.0888,2.0888,2.0888
5.850000,2.9723,2.9723,2.9723,2.9723,2.9723,5.4345,5.4345,5.4345,5.4345,5.4345,2.0932,2.0932,2.0932,2.0932,2.0932
5.860000,2.9662,2.9662,2.9662,2.9662,2.9662,5.4361,5.4361,5.4361,5.4361,5.4361,2.0977,2.0977,2.0977,2.0977,2.0977
5.870000,2.9601,2.9601,2.9601,2.9601,2.9601,5.4377,5.4377,5.4377,5.4377,5.4377,2.1022,2.1022,2.1022,2.1022,2.1022
5.880000,2.9541,2.9541,2.9541,2.9541,2.9541,5.4392,5.4392,5.4392,5.4392,5.4392,2.1067,2.1067,2.1067,2.1067,2.1067
5.890000,2.9481,2.9481,2.9481,2.9481,2.9481,5.4408,5.4408,5.4408,5.4408,5.4408,2.1112,2.1112,2.1112,2.1112,2.1112
5.900000,2.9420,2.9420,2.9420,2.9420,2.9420,5.4423,5.4423,5.4423,5.4423,5.4423,2.1157,2.1157,2.1157,2.1157,2.1157
5.910000,2.9360,2.9360,2.9360,2.9360,2.9360,5.4438,5.4438,5.4438,5.4438,5.4438,2.1203,2.1203,2.1203,2.1203,2.1203
5.920000,2.9300,2.9300,2.9300,2.9300,2.9300,5.4452,5.4452,5.4452,5.4452,5.4452,2.1248,2.1248,2.1248,2.1248,2.1248
5.930000,2.9239,2.9239,2.9239,2.9239,2.9239,5.4467,5.4467,5.4467,5.4467,5.4467,2.1294,2.1294,2.1294,2.1294,2.1294
5.940000,2.9179,2.9179,2.9179,2.9179,2.9179,5.4481,5.4481,5.4481,5.4481,5.4481,2.1340,2.1340,2.1340,2.1340,2.1340
5.950000,2.9119,2.9119,2.9119,2.9119,2.9119,5.4495,5.4495,5.4495,5.4495,5.4495,2.1386,2.1386,2.1386,2.1386,2.1386
5.960000,2.9059,2.9059,2.9059,2.9059,2.9059,5.4509,5.4509,5.4509,5.4509,5.4509,2.1432,2.1432,2.1432,2.1432,2.1432
5.970000,2.8999,2.8999,2.8999,2.8999,2.8999,5.4523,5.4523,5.4523,5.4523,5.4523,2.1478,2.1478,2.1478,2.1478,2.1478
5.980000,2.8939,2.8939,2.8939,2.8939,2.8939,5.4536,5.4536,5.4536,5.4536,5.4536,2.1524,2.1524,2.1524,2.1524,2.1524
5.990000,2.8879,2.8879,2.8879,2.8879,2.8879,5.4550,5.4550,5.4550,5.4550,5.4550,2.1571,2.1571,2.1571,2.1571,2.1571
6.000000,2.8820,2.8820,2.8820,2.8820,2.8820,5.4563,5.4563,5.4563,5.4563,5.4563,2.1617,2.1617,2.1617,2.1617,2.1617
6.010000,2.8760,2.8760,2.8760,2.8760,2.8760,5.4576,5.4576,5.4576,5.4576,5.4576,2.1664,2.1664,2.1664,2.1664,2.1664
6.020000,2.8700,2.8700,2.8700,2.8700,2.8700,5.4589,5.4589,5.4589,5.4589,5.4589,2.1711,2.1711,2.1711,2.1711,2.1711
6.030000,2.8641,2.8641,2.8641,2.8641,2.8641,5.4601,5.4601,5.4601,5.4601,5.4601,2.1758,2.1758,2.1758,2.1758,2.1758
6.040000,2.8581,2.8581,2.8581,2.8581,2.8581,5.4614,5.4614,5.4614,5.4614,5.4614,2.1805,2.1805,2.1805,2.1805,2.1805
6.050000,2.8522,2.8522,2.8522,2.8522,2.8522,5.4626,5.4626,5.4626,5.4626,5.4626,2.1852,2.1852,2.1852,2.1852,2.1852
6.060000,2.8462,2.8462,2.8462,2.8462,2.8462,5.4638,5.4638,5.4638,5.4638,5.4638,2.1900,2.1900,2.1900,2.1900,2.1900
6.070000,2.8403,2.8403,2.8403,2.8403,2.8403,5.4650,5.4650,5.4650,5.4650,5.4650,2.1947,2.1947,2.1947,2.1947,2.1947
6.080000,2.8344,2.8344,2.8344,2.8344,2.8344,5.4661,5.4661,5.4661,5.4661,5.4661,2.1995,2.1995,2.1995,2.1995,2.1995
6.090000,2.8284,2.8284,2.8284,2.8284,2.8284,5.4673,5.4673,5.4673,5.4673,5.4673,2.2043,2.2043,2.2043,2.2043,2.2043
6.100000,2.8225,2.8225,2.8225,2.8225,2.8225,5.4684,5.4684,5.4684,5.4684,5.4684,2.2091,2.2091,2.2091,2.2091,2.2091
6.110000,2.8166,2.8166,2.8166,2.8166,2.8166,5.4695,5.4695,5.4695,5.4695,5.4695,2.2139,2.2139,2.2139,2.2139,2.2139
6.120000,2.8107,2.8107,2.8107,2.8107,2.8107,5.4706,5.4706,5.4706,5.4706,5.4706,2.2187,2.2187,2.2187,2.2187,2.2187
6.130000,2.8048,2.8048,2.8048,2.8048,2.8048,5.4716,5.4716,5.4716,5.4716,5.4716,2.2235,2.2235,2.2235,2.2235,2.2235
6.140000,2.7989,2.7989,2.7989,2.7989,2.7989,5.4727,5.4727,5.4727,5.4727,5.4727,2.2284,2.2284,2.2284,2.2284,2.2284
6.150000,2.7931,2.7931,2.7931,2.7931,2.7931,5.4737,5.4737,5.4737,5.4737,5.4737,2.2332,2.2332,2.2332,2.2332,2.2332
6.160000,2.7872,2.7872,2.7872,2.7872,2.7872,5.4747,5.4747,5.4747,5.4747,5.4747,2.2381,2.2381,2.2381,2.2381,2.2381
6.170000,2.7813,2.7813,2.7813,2.7813,2.7813,5.4757,5.4757,5.4757,5.4757,5.4757,2.2430,2.2430,2.2430,2.2430,2.2430
6.180000,2.7754,2.7754,2.7754,2.7754,2.7754,5.4767,5.4767,5.4767,5.4767,5.4767,2.2479,2.2479,2.2479,2.2479,2.2479
6.190000,2.7696,2.7696,2.7696,2.7696,2.7696,5.4776,5.4776,5.4776,5.4776,5.4776,2.2528,2.2528,2.2528,2.2528,2.2528
6.200000,2.7638,2.7638,2.7638,2.7638,2.7638,5.4785,5.4785,5.4785,5.4785,5.4785,2.2577,2.2577,2.2577,2.2577,2.2577
6.210000,2.7579,2.7579,2.7579,2.7579,2.7579,5.4795,5.4795,5.4795,5.4795,5.4795,2.2626,2.2626,2.2626,2.2626,2.2626
6.220000,2.7521,2.7521,2.7521,2.7521,2.7521,5.4803,5.4803,5.4803,5.4803,5.4803,2.2676,2.2676,2.2676,2.2676,2.2676
6.230000,2.7463,2.7463,2.7463,2.7463,2.7463,5.4812,5.4812,5.4812,5.4812,5.4812,2.2725,2.2725,2.2725,2.2725,2.2725
6.240000,2.7404,2.7404,2.7404,2.7404,2.7404,5.4821,5.4821,5.4821,5.4821,5.4821,2.2775,2.2775,2.2775,2.2775,2.2775
6.250000,2.7346,2.7346,2.7346,2.7346,2.7346,5.4829,5.4829,5.4829,5.4829,5.4829,2.2825,2.2825,2.2825,2.2825,2.2825
6.260000,2.7288,2.7288,2.7288,2.7288,2.7288,5.4837,5.4837,5.4837,5.4837,5.4837,2.2875,2.2875,2.2875,2.2875,2.2875
6.270000,2.7230,2.7230,2.7230,2.7230,2.7230,5.4845,5.4845,5.4845,5.4845,5.4845,2.2925,2.2925,2.2925,2.2925,2.2925
6.280000,2.7173,2.7173,2.7173,2.7173,2.7173,5.4853,5.4853,5.4853,5.4853,5.4853,2.2975,2.2975,2.2975,2.2975,2.2975
6.290000,2.7115,2.7115,2.7115,2.7115,2.7115,5.4860,5.4860,5.4860,5.4860,5.4860,2.3025,2.3025,2.3025,2.3025,2.3025
6.300000,2.7057,2.7057,2.7057,2.7057,2.7057,5.4867,5.4867,5.4867,5.4867,5.4867,2.3076,2.3076,2.3076,2.3076,2.3076
6.310000,2.6999,2.6999,2.6999,2.6999,2.6999,5.4875,5.4875,5.4875,5.4875,5.4875,2.3126,2.3126,2.3126,2.3126,2.3126
6.320000,2.6942,2.6942,2.6942,2.6942,2.6942,5.4882,5.4882,5.4882,5.4882,5.4882,2.3177,2.3177,2.3177,2.3177,2.3177
6.330000,2.6884,2.6884,2.6884,2.6884,2.6884,5.4888,5.4888,5.4888,5.4888,5.4888,2.3227,2.3227,2.3227,2.3227,2.3227
6.340000,2.6827,2.6827,2.6827,2.6827,2.6827,5.4895,5.4895,5.4895,5.4895,5.4895,2.3278,2.3278,2.3278,2.3278,2.3278
6.350000,2.6770,2.6770,2.6770,2.6770,2.6770,5.4901,5.4901,5.4901,5.4901,5.4901,2.3329,2.3329,2.3329,2.3329,2.3329
6.360000,2.6712,2.6712,2.6712,2.6712,2.6712,5.4907,5.4907,5.4907,5.4907,5.4907,2.3380,2.3380,2.3380,2.3380,2.3380
6.370000,2.6655,2.6655,2.6655,2.6655,2.6655,5.4913,5.4913,5.4913,5.4913,5.4913,2.3431,2.3431,2.3431,2.3431,2.3431
6.380000,2.6598,2.6598,2.6598,2.6598,2.6598,5.4919,5.4919,5.4919,5.4919,5.4919,2.3483,2.3483,2.3483,2.3483,2.3483
6.390000,2.6541,2.6541,2.6541,2.6541,2.6541,5.4925,5.4925,5.4925,5.4925,5.4925,2.3534,2.3534,2.3534,2.3534,2.3534
6.400000,2.6484,2.6484,2.6484,2.6484,2.6484,5.4930,5.4930,5.4930,5.4930,5.4930,2.3586,2.3586,2.3586,2.3586,2.3586
6.410000,2.6428,2.6428,2.6428,2.6428,2.6428,5.4935,5.4935,5.4935,5.4935,5.4935,2.3637,2.3637,2.3637,2.3637,2.3637
6.420000,2.6371,2.6371,2.6371,2.6371,2.6371,5.4940,5.4940,5.4940,5.4940,5.4940,2.3689,2.3689,2.3689,2.3689,2.3689
6.430000,2.6314,2.6314,2.6314,2.6314,2.6314,5.4945,5.4945,5.4945,5.4945,5.4945,2.3741,2.3741,2.3741,2.3741,2.3741
6.440000,2.6258,2.6258,2.6258,2.6258,2.6258,5.4949,5.4949,5.4949,5.4949,5.4949,2.3793,2.3793,2.3793,2.3793,2.3793
6.450000,2.6201,2.6201,2.6201,2.6201,2.6201,5.4954,5.4954,5.4954,5.4954,5.4954,2.3845,2.3845,2.3845,2.3845,2.3845
6.460000,2.6145,2.6145,2.6145,2.6145,2.6145,5.4958,5.4958,5.4958,5.4958,5.4958,2.3897,2.3897,2.3897,2.3897,2.3897
6.470000,2.6089,2.6089,2.6089,2.6089,2.6089,5.4962,5.4962,5.4962,5.4962,5.4962,2.3950,2.3950,2.3950,2.3950,2.3950
6.480000,2.6032,2.6032,2.6032,2.6032,2.6032,5.4966,5.4966,5.4966,5.4966,5.4966,2.4002,2.4002,2.4002,2.4002,2.4002
6.490000,2.5976,2.5976,2.5976,2.5976,2.5976,5.4969,5.4969,5.4969,5.4969,5.4969,2.4055,2.4055,2.4055,2.4055,2.4055
6.500000,2.5920,2.5920,2.5920,2.5920,2.5920,5.4973,5.4973,5.4973,5.4973,5.4973,2.4107,2.4107,2.4107,2.4107,2.4107
6.510000,2.5864,2.5864,2.5864,2.5864,2.5864,5.4976,5.4976,5.4976,5.4976,5.4976,2.4160,2.4160,2.4160,2.4160,2.4160
6.520000,2.5808,2.5808,2.5808,2.5808,2.5808,5.4979,5.4979,5.4979,5.4979,5.4979,2.4213,2.4213,2.4213,2.4213,2.4213
6.530000,2.5753,2.5753,2.5753,2.5753,2.5753,5.4982,5.4982,5.4982,5.4982,5.4982,2.4266,2.4266,2.4266,2.4266,2.4266
6.540000,2.5697,2.5697,2.5697,2.5697,2.5697,5.4984,5.4984,5.4984,5.4984,5.4984,2.4319,2.4319,2.4319,2.4319,2.4319
6.550000,2.5641,2.5641,2.5641,2.5641,2.5641,5.4987,5.4987,5.4987,5.4987,5.4987,2.4372,2.4372,2.4372,2.4372,2.4372
6.560000,2.5586,2.5586,2.5586,2.5586,2.5586,5.4989,5.4989,5.4989,5.4989,5.4989,2.4425,2.4425,2.4425,2.4425,2.4425
6.570000,2.5531,2.5531,2.5531,2.5531,2.5531,5.4991,5.4991,5.4991,5.4991,5.4991,2.4479,2.4479,2.4479,2.4479,2.4479
6.580000,2.5475,2.5475,2.5475,2.5475,2.5475,5.4993,5.4993,5.4993,5.4993,5.4993,2.4532,2.4532,2.4532,2.4532,2.4532
6.590000,2.5420,2.5420,2.5420,2.5420,2.5420,5.4994,5.4994,5.4994,5.4994,5.4994,2.4586,2.4586,2.4586,2.4586,2.4586
6.600000,2.5365,2.5365,2.5365,2.5365,2.5365,5.4996,5.4996,5.4996,5.4996,5.4996,2.4639,2.4639,2.4639,2.4639,2.4639
6.610000,2.5310,2.5310,2.5310,2.5310,2.5310,5.4997,5.4997,5.4997,5.4997,5.4997,2.4693,2.4693,2.4693,2.4693,2.4693
6.620000,2.5255,2.5255,2.5255,2.5255,2.5255,5.4998,5.4998,5.4998,5.4998,5.4998,2.4747,2.4747,2.4747,2.4747,2.4747
6.630000,2.5200,2.5200,2.5200,2.5200,2.5200,5.4999,5.4999,5.4999,5.4999,5.4999,2.4801,2.4801,2.4801,2.4801,2.4801
6.640000,2.5145,2.5145,2.5145,2.5145,2.5145,5.4999,5.4999,5.4999,5.4999,5.4999,2.4855,2.4855,2.4855,2.4855,2.4855
6.650000,2.5091,2.5091,2.5091,2.5091,2.5091,5.5000,5.5000,5.5000,5.5000,5.5000,2.4909,2.4909,2.4909,2.4909,2.4909
6.660000,2.5036,2.5036,2.5036,2.5036,2.5036,5.5000,5.5000,5.5000,5.5000,5.5000,2.4964,2.4964,2.4964,2.4964,2.4964
6.670000,2.4982,2.4982,2.4982,2.4982,2.4982,5.5000,5.5000,5.5000,5.5000,5.5000,2.5018,2.5018,2.5018,2.5018,2.5018
6.680000,2.4928,2.4928,2.4928,2.4928,2.4928,5.5000,5.5000,5.5000,5.5000,5.5000,2.5073,2.5073,2.5073,2.5073,2.5073
6.690000,2.4873,2.4873,2.4873,2.4873,2.4873,5.4999,5.4999,5.4999,5.4999,5.4999,2.5127,2.5127,2.5127,2.5127,2.5127
6.700000,2.4819,2.4819,2.4819,2.4819,2.4819,5.4999,5.4999,5.4999,5.4999,5.4999,2.5182,2.5182,2.5182,2.5182,2.5182
6.710000,2.4765,2.4765,2.4765,2.4765,2.4765,5.4998,5.4998,5.4998,5.4998,5.4998,2.5237,2.5237,2.5237,2.5237,2.5237
6.720000,2.4711,2.4711,2.4711,2.4711,2.4711,5.4997,5.4997,5.4997,5.4997,5.4997,2.5292,2.5292,2.5292,2.5292,2.5292
6.730000,2.4657,2.4657,2.4657,2.4657,2.4657,5.4996,5.4996,5.4996,5.4996,5.4996,2.5347,2.5347,2.5347,2.5347,2.5347
6.740000,2.4604,2.4604,2.4604,2.4604,2.4604,5.4995,5.4995,5.4995,5.4995,5.4995,2.5402,2.5402,2.5402,2.5402,2.5402
6.750000,2.4550,2.4550,2.4550,2.4550,2.4550,5.4993,5.4993,5.4993,5.4993,5.4993,2.5457,2.5457,2.5457,2.5457,2.5457
6.760000,2.4497,2.4497,2.4497,2.4497,2.4497,5.4991,5.4991,5.4991,5.4991,5.4991,2.5512,2.5512,2.5512,2.5512,2.5512
6.770000,2.4443,2.4443,2.4443,2.4443,2.4443,5.4989,5.4989,5.4989,5.4989,5.4989,2.5567,2.5567,2.5567,2.5567,2.5567
6.780000,2.4390,2.4390,2.4390,2.4390,2.4390,5.4987,5.4987,5.4987,5.4987,5.4987,2.5623,2.5623,2.5623,2.5623,2.5623
6.790000,2.4337,2.4337,2.4337,2.4337,2.4337,5.4985,5.4985,5.4985,5.4985,5.4985,2.5678,2.5678,2.5678,2.5678,2.5678
6.800000,2.4283,2.4283,2.4283,2.4283,2.4283,5.4982,5.4982,5.4982,5.4982,5.4982,2.5734,2.5734,2.5734,2.5734,2.5734
6.810000,2.4230,2.4230,2.4230,2.4230,2.4230,5.4980,5.4980,5.4980,5.4980,5.4980,2.5790,2.5790,2.5790,2.5790,2.5790
6.820000,2.4178,2.4178,2.4178,2.4178,2.4178,5.4977,5.4977,5.4977,5.4977,5.4977,2.5846,2.5846,2.5846,2.5846,2.5846
6.830000,2.4125,2.4125,2.4125,2.4125,2.4125,5.4974,5.4974,5.4974,5.4974,5.4974,2.5902,2.5902,2.5902,2.5902,2.5902
6.840000,2.4072,2.4072,2.4072,2.4072,2.4072,5.4970,5.4970,5.4970,5.4970,5.4970,2.5958,2.5958,2.5958,2.5958,2.5958
6.850000,2.4020,2.4020,2.4020,2.4020,2.4020,5.4967,5.4967,5.4967,5.4967,5.4967,2.6014,2.6014,2.6014,2.6014,2.6014
6.860000,2.3967,2.3967,2.3967,2.3967,2.3967,5.4963,5.4963,5.4963,5.4963,5.4963,2.6070,2.6070,2.6070,2.6070,2.6070
6.870000,2.3915,2.3915,2.3915,2.3915,2.3915,5.4959,5.4959,5.4959,5.4959,5.4959,2.6126,2.6126,2.6126,2.6126,2.6126
6.880000,2.3862,2.3862,2.3862,2.3862,2.3862,5.4955,5.4955,5.4955,5.4955,5.4955,2.6182,2.6182,2.6182,2.6182,2.6182
6.890000,2.3810,2.3810,2.3810,2.3810,2.3810,5.4951,5.4951,5.4951,5.4951,5.4951,2.6239,2.6239,2.6239,2.6239,2.6239
6.900000,2.3758,2.3758,2.3758,2.3758,2.3758,5.4946,5.4946,5.4946,5.4946,5.4946,2.6295,2.6295,2.6295,2.6295,2.6295
6.910000,2.3706,2.3706,2.3706,2.3706,2.3706,5.4942,5.4942,5.4942,5.4942,5.4942,2.6352,2.6352,2.6352,2.6352,2.6352
6.920000,2.3655,2.3655,2.3655,2.3655,2.3655,5.4937,5.4937,5.4937,5.4937,5.4937,2.6409,2.6409,2.6409,2.6409,2.6409
6.930000,2.3603,2.3603,2.3603,2.3603,2.3603,5.4932,5.4932,5.4932,5.4932,5.4932,2.6465,2.6465,2.6465,2.6465,2.6465
6.940000,2.3551,2.3551,2.3551,2.3551,2.3551,5.4926,5.4926,5.4926,5.4926,5.4926,2.6522,2.6522,2.6522,2.6522,2.6522
6.950000,2.3500,2.3500,2.3500,2.3500,2.3500,5.4921,5.4921,5.4921,5.4921,5.4921,2.6579,2.6579,2.6579,2.6579,2.6579
6.960000,2.3449,2.3449,2.3449,2.3449,2.3449,5.4915,5.4915,5.4915,5.4915,5.4915,2.6636,2.6636,2.6636,2.6636,2.6636
6.970000,2.3397,2.3397,2.3397,2.3397,2.3397,5.4909,5.4909,5.4909,5.4909,5.4909,2.6693,2.6693,2.6693,2.6693,2.6693
6.980000,2.3346,2.3346,2.3346,2.3346,2.3346,5.4903,5.4903,5.4903,5.4903,5.4903,2.6751,2.6751,2.6751,2.6751,2.6751
6.990000,2.3295,2.3295,2.3295,2.3295,2.3295,5.4897,5.4897,5.4897,5.4897,5.4897,2.6808,2.6808,2.6808,2.6808,2.6808
7.000000,2.3244,2.3244,2.3244,2.3244,2.3244,5.4890,5.4890,5.4890,5.4890,5.4890,2.6865,2.6865,2.6865,2.6865,2.6865
7.010000,2.3194,2.3194,2.3194,2.3194,2.3194,5.4884,5.4884,5.4884,5.4884,5.4884,2.6923,2.6923,2.6923,2.6923,2.6923
7.020000,2.3143,2.3143,2.3143,2.3143,2.3143,5.4877,5.4877,5.4877,5.4877,5.4877,2.6980,2.6980,2.6980,2.6980,2.6980
7.030000,2.3092,2.3092,2.3092,2.3092,2.3092,5.4870,5.4870,5.4870,5.4870,5.4870,2.7038,2.7038,2.7038,2.7038,2.7038
7.040000,2.3042,2.3042,2.3042,2.3042,2.3042,5.4863,5.4863,5.4863,5.4863,5.4863,2.7096,2.7096,2.7096,2.7096,2.7096
7.050000,2.2992,2.2992,2.2992,2.2992,2.2992,5.4855,5.4855,5.4855,5.4855,5.4855,2.7153,2.7153,2.7153,2.7153,2.7153
7.060000,2.2941,2.2941,2.2941,2.2941,2.2941,5.4848,5.4848,5.4848,5.4848,5.4848,2.7211,2.7211,2.7211,2.7211,2.7211
7.070000,2.2891,2.2891,2.2891,2.2891,2.2891,5.4840,5.4840,5.4840,5.4840,5.4840,2.7269,2.7269,2.7269,2.7269,2.7269
7.080000,2.2841,2.2841,2.2841,2.2841,2.2841,5.4832,5.4832,5.4832,5.4832,5.4832,2.7327,2.7327,2.7327,2.7327,2.7327
7.090000,2.2792,2.2792,2.2792,2.2792,2.2792,5.4823,5.4823,5.4823,5.4823,5.4823,2.7385,2.7385,2.7385,2.7385,2.7385
7.100000,2.2742,2.2742,2.2742,2.2742,2.2742,5.4815,5.4815,5.4815,5.4815,5.4815,2.7443,2.7443,2.7443,2.7443,2.7443
7.110000,2.2692,2.2692,2.2692,2.2692,2.2692,5.4806,5.4806,5.4806,5.4806,5.4806,2.7501,2.7501,2.7501,2.7501,2.7501
7.120000,2.2643,2.2643,2.2643,2.2643,2.2643,5.4798,5.4798,5.4798,5.4798,5.4798,2.7560,2.7560,2.7560,2.7560,2.7560
7.130000,2.2593,2.2593,2.2593,2.2593,2.2593,5.4788,5.4788,5.4788,5.4788,5.4788,2.7618,2.7618,2.7618,2.7618,2.7618
7.140000,2.2544,2.2544,2.2544,2.2544,2.2544,5.4779,5.4779,5.4779,5.4779,5.4779,2.7676,2.7676,2.7676,2.7676,2.7676
7.150000,2.2495,2.2495,2.2495,2.2495,2.2495,5.4770,5.4770,5.4770,5.4770,5.4770,2.7735,2.7735,2.7735,2.7735,2.7735
7.160000,2.2446,2.2446,2.2446,2.2446,2.2446,5.4760,5.4760,5.4760,5.4760,5.4760,2.7794,2.7794,2.7794,2.7794,2.7794
7.170000,2.2397,2.2397,2.2397,2.2397,2.2397,5.4750,5.4750,5.4750,5.4750,5.4750,2.7852,2.7852,2.7852,2.7852,2.7852
7.180000,2.2349,2.2349,2.2349,2.2349,2.2349,5.4740,5.4740,5.4740,5.4740,5.4740,2.7911,2.7911,2.7911,2.7911,2.7911
7.190000,2.2300,2.2300,2.2300,2.2300,2.2300,5.4730,5.4730,5.4730,5.4730,5.4730,2.7970,2.7970,2.7970,2.7970,2.7970
7.200000,2.2252,2.2252,2.2252,2.2252,2.2252,5.4720,5.4720,5.4720,5.4720,5.4720,2.8029,2.8029,2.8029,2.8029,2.8029
7.210000,2.2203,2.2203,2.2203,2.2203,2.2203,5.4709,5.4709,5.4709,5.4709,5.4709,2.8087,2.8087,2.8087,2.8087,2.8087
7.220000,2.2155,2.2155,2.2155,2.2155,2.2155,5.4699,5.4699,5.4699,5.4699,5.4699,2.8146,2.8146,2.8146,2.8146,2.8146
7.230000,2.2107,2.2107,2.2107,2.2107,2.2107,5.4688,5.4688,5.4688,5.4688,5.4688,2.8206,2.8206,2.8206,2.8206,2.8206
7.240000,2.2059,2.2059,2.2059,2.2059,2.2059,5.4676,5.4676,5.4676,5.4676,5.4676,2.8265,2.8265,2.8265,2.8265,2.8265
7.250000,2.2011,2.2011,2.2011,2.2011,2.2011,5.4665,5.4665,5.4665,5.4665,5.4665,2.8324,2.8324,2.8324,2.8324,2.8324
7.260000,2.1963,2.1963,2.1963,2.1963,2.1963,5.4654,5.4654,5.4654,5.4654,5.4654,2.8383,2.8383,2.8383,2.8383,2.8383
7.270000,2.1916,2.1916,2.1916,2.1916,2.1916,5.4642,5.4642,5.4642,5.4642,5.4642,2.8442,2.8442,2.8442,2.8442,2.8442
7.280000,2.1868,2.1868,2.1868,2.1868,2.1868,5.4630,5.4630,5.4630,5.4630,5.4630,2.8502,2.8502,2.8502,2.8502,2.8502
7.290000,2.1821,2.1821,2.1821,2.1821,2.1821,5.4618,5.4618,5.4618,5.4618,5.4618,2.8561,2.8561,2.8561,2.8561,2.8561
7.300000,2.1774,2.1774,2.1774,2.1774,2.1774,5.4605,5.4605,5.4605,5.4605,5.4605,2.8621,2.8621,2.8621,2.8621,2.8621
7.310000,2.1727,2.1727,2.1727,2.1727,2.1727,5.4593,5.4593,5.4593,5.4593,5.4593,2.8680,2.8680,2.8680,2.8680,2.8680
7.320000,2.1680,2.1680,2.1680,2.1680,2.1680,5.4580,5.4580,5.4580,5.4580,5.4580,2.8740,2.8740,2.8740,2.8740,2.8740
7.330000,2.1633,2.1633,2.1633,2.1633,2.1633,5.4567,5.4567,5.4567,5.4567,5.4567,2.8800,2.8800,2.8800,2.8800,2.8800
7.340000,2.1586,2.1586,2.1586,2.1586,2.1586,5.4554,5.4554,5.4554,5.4554,5.4554,2.8860,2.8860,2.8860,2.8860,2.8860
7.350000,2.1540,2.1540,2.1540,2.1540,2.1540,5.4541,5.4541,5.4541,5.4541,5.4541,2.8919,2.8919,2.8919,2.8919,2.8919
7.360000,2.1493,2.1493,2.1493,2.1493,2.1493,5.4527,5.4527,5.4527,5.4527,5.4527,2.8979,2.8979,2.8979,2.8979,2.8979
7.370000,2.1447,2.1447,2.1447,2.1447,2.1447,5.4514,5.4514,5.4514,5.4514,5.4514,2.9039,2.9039,2.9039,2.9039,2.9039
7.380000,2.1401,2.1401,2.1401,2.1401,2.1401,5.4500,5.4500,5.4500,5.4500,5.4500,2.9099,2.9099,2.9099,2.9099,2.9099
7.390000,2.1355,2.1355,2.1355,2.1355,2.1355,5.4486,5.4486,5.4486,5.4486,5.4486,2.9159,2.9159,2.9159,2.9159,2.9159
7.400000,2.1309,2.1309,2.1309,2.1309,2.1309,5.4472,5.4472,5.4472,5.4472,5.4472,2.9219,2.9219,2.9219,2.9219,2.9219
7.410000,2.1263,2.1263,2.1263,2.1263,2.1263,5.4457,5.4457,5.4457,5.4457,5.4457,2.9280,2.9280,2.9280,2.9280,2.9280
7.420000,2.1218,2.1218,2.1218,2.1218,2.1218,5.4442,5.4442,5.4442,5.4442,5.4442,2.9340,2.9340,2.9340,2.9340,2.9340
7.430000,2.1172,2.1172,2.1172,2.1172,2.1172,5.4428,5.4428,5.4428,5.4428,5.4428,2.9400,2.9400,2.9400,2.9400,2.9400
7.440000,2.1127,2.1127,2.1127,2.1127,2.1127,5.4413,5.4413,5.4413,5.4413,5.4413,2.9460,2.9460,2.9460,2.9460,2.9460
7.450000,2.1082,2.1082,2.1082,2.1082,2.1082,5.4397,5.4397,5.4397,5.4397,5.4397,2.9521,2.9521,2.9521,2.9521,2.9521
7.460000,2.1037,2.1037,2.1037,2.1037,2.1037,5.4382,5.4382,5.4382,5.4382,5.4382,2.9581,2.9581,2.9581,2.9581,2.9581
7.470000,2.0992,2.0992,2.0992,2.0992,2.0992,5.4366,5.4366,5.4366,5.4366,5.4366,2.9642,2.9642,2.9642,2.9642,2.9642
7.480000,2.0947,2.0947,2.0947,2.0947,2.0947,5.4351,5.4351,5.4351,5.4351,5.4351,2.9702,2.9702,2.9702,2.9702,2.9702
7.490000,2.0902,2.0902,2.0902,2.0902,2.0902,5.4335,5.4335,5.4335,5.4335,5.4335,2.9763,2.9763,2.9763,2.9763,2.9763
7.500000,2.0858,2.0858,2.0858,2.0858,2.0858,5.4319,5.4319,5.4319,5.4319,5.4319,2.9824,2.9824,2.9824,2.9824,2.9824
7.510000,2.0814,2.0814,2.0814,2.0814,2.0814,5.4302,5.4302,5.4302,5.4302,5.4302,2.9884,2.9884,2.9884,2.9884,2.9884
7.520000,2.0769,2.0769,2.0769,2.0769,2.0769,5.4286,5.4286,5.4286,5.4286,5.4286,2.9945,2.9945,2.9945,2.9945,2.9945
7.530000,2.0725,2.0725,2.0725,2.0725,2.0725,5.4269,5.4269,5.4269,5.4269,5.4269,3.0006,3.0006,3.0006,3.0006,3.0006
7.540000,2.0681,2.0681,2.0681,2.0681,2.0681,5.4252,5.4252,5.4252,5.4252,5.4252,3.0067,3.0067,3.0067,3.0067,3.0067
7.550000,2.0637,2.0637,2.0637,2.0637,2.0637,5.4235,5.4235,5.4235,5.4235,5.4235,3.0128,3.0128,3.0128,3.0128,3.0128
7.560000,2.0594,2.0594,2.0594,2.0594,2.0594,5.4218,5.4218,5.4218,5.4218,5.4218,3.0189,3.0189,3.0189,3.0189,3.0189
7.570000,2.0550,2.0550,2.0550,2.0550,2.0550,5.4200,5.4200,5.4200,5.4200,5.4200,3.0250,3.0250,3.0250,3.0250,3.0250
7.580000,2.0507,2.0507,2.0507,2.0507,2.0507,5.4182,5.4182,5.4182,5.4182,5.4182,3.0311,3.0311,3.0311,3.0311,3.0311
7.590000,2.0464,2.0464,2.0464,2.0464,2.0464,5.4164,5.4164,5.4164,5.4164,5.4164,3.0372,3.0372,3.0372,3.0372,3.0372
7.600000,2.0421,2.0421,2.0421,2.0421,2.0421,5.4146,5.4146,5.4146,5.4146,5.4146,3.0433,3.0433,3.0433,3.0433,3.0433
7.610000,2.0378,2.0378,2.0378,2.0378,2.0378,5.4128,5.4128,5.4128,5.4128,5.4128,3.0494,3.0494,3.0494,3.0494,3.0494
7.620000,2.0335,2.0335,2.0335,2.0335,2.0335,5.4110,5.4110,5.4110,5.4110,5.4110,3.0555,3.0555,3.0555,3.0555,3.0555
7.630000,2.0292,2.0292,2.0292,2.0292,2.0292,5.4091,5.4091,5.4091,5.4091,5.4091,3.0617,3.0617,3.0617,3.0617,3.0617
7.640000,2.0250,2.0250,2.0250,2.0250,2.0250,5.4072,5.4072,5.4072,5.4072,5.4072,3.0678,3.0678,3.0678,3.0678,3.0678
7.650000,2.0207,2.0207,2.0207,2.0207,2.0207,5.4053,5.4053,5.4053,5.4053,5.4053,3.0739,3.0739,3.0739,3.0739,3.0739
7.660000,2.0165,2.0165,2.0165,2.0165,2.0165,5.4034,5.4034,5.4034,5.4034,5.4034,3.0801,3.0801,3.0801,3.0801,3.0801
7.670000,2.0123,2.0123,2.0123,2.0123,2.0123,5.4015,5.4015,5.4015,5.4015,5.4015,3.0862,3.0862,3.0862,3.0862,3.0862
7.680000,2.0081,2.0081,2.0081,2.0081,2.0081,5.3995,5.3995,5.3995,5.3995,5.3995,3.0924,3.0924,3.0924,3.0924,3.0924
7.690000,2.0039,2.0039,2.0039,2.0039,2.0039,5.3975,5.3975,5.3975,5.3975,5.3975,3.0985,3.0985,3.0985,3.0985,3.0985
7.700000,1.9998,1.9998,1.9998,1.9998,1.9998,5.3955,5.3955,5.3955,5.3955,5.3955,3.1047,3.1047,3.1047,3.1047,3.1047
7.710000,1.9956,1.9956,1.9956,1.9956,1.9956,5.3935,5.3935,5.3935,5.3935,5.3935,3.1108,3.1108,3.1108,3.1108,3.1108
7.720000,1.9915,1.9915,1.9915,1.9915,1.9915,5.3915,5.3915,5.3915,5.3915,5.3915,3.1170,3.1170,3.1170,3.1170,3.1170
7.730000,1.9874,1.9874,1.9874,1.9874,1.9874,5.3894,5.3894,5.3894,5.3894,5.3894,3.1232,3.1232,3.1232,3.1232,3.1232
7.740000,1.9833,1.9833,1.9833,1.9833,1.9833,5.3874,5.3874,5.3874,5.3874,5.3874,3.1294,3.1294,3.1294,3.1294,3.1294
7.750000,1.9792,1.9792,1.9792,1.9792,1.9792,5.3853,5.3853,5.3853,5.3853,5.3853,3.1355,3.1355,3.1355,3.1355,3.1355
7.760000,1.9751,1.9751,1.9751,1.9751,1.9751,5.3832,5.3832,5.3832,5.3832,5.3832,3.1417,3.1417,3.1417,3.1417,3.1417
7.770000,1.9711,1.9711,1.9711,1.9711,1.9711,5.3811,5.3811,5.3811,5.3811,5.3811,3.1479,3.1479,3.1479,3.1479,3.1479
7.780000,1.9670,1.9670,1.9670,1.9670,1.9670,5.3789,5.3789,5.3789,5.3789,5.3789,3.1541,3.1541,3.1541,3.1541,3.1541
7.790000,1.9630,1.9630,1.9630,1.9630,1.9630,5.3767,5.3767,5.3767,5.3767,5.3767,3.1603,3.1603,3.1603,3.1603,3.1603
7.800000,1.9590,1.9590,1.9590,1.9590,1.9590,5.3746,5.3746,5.3746,5.3746,5.3746,3.1665,3.1665,3.1665,3.1665,3.1665
7.810000,1.9550,1.9550,1.9550,1.9550,1.9550,5.3724,5.3724,5.3724,5.3724,5.3724,3.1727,3.1727,3.1727,3.1727,3.1727
7.820000,1.9510,1.9510,1.9510,1.9510,1.9510,5.3701,5.3701,5.3701,5.3701,5.3701,3.1789,3.1789,3.1789,3.1789,3.1789
7.830000,1.9470,1.9470,1.9470,1.9470,1.9470,5.3679,5.3679,5.3679,5.3679,5.3679,3.1851,3.1851,3.1851,3.1851,3.1851
7.840000,1.9431,1.9431,1.9431,1.9431,1.9431,5.3657,5.3657,5.3657,5.3657,5.3657,3.1913,3.1913,3.1913,3.1913,3.1913
7.850000,1.9391,1.9391,1.9391,1.9391,1.9391,5.3634,5.3634,5.3634,5.3634,5.3634,3.1975,3.1975,3.1975,3.1975,3.1975
7.860000,1.9352,1.9352,1.9352,1.9352,1.9352,5.3611,5.3611,5.3611,5.3611,5.3611,3.2037,3.2037,3.2037,3.2037,3.2037
7.870000,1.9313,1.9313,1.9313,1.9313,1.9313,5.3588,5.3588,5.3588,5.3588,5.3588,3.2099,3.2099,3.2099,3.2099,3.2099
7.880000,1.9274,1.9274,1.9274,1.9274,1.9274,5.3565,5.3565,5.3565,5.3565,5.3565,3.2161,3.2161,3.2161,3.2161,3.2161
7.890000,1.9235,1.9235,1.9235,1.9235,1.9235,5.3541,5.3541,5.3541,5.3541,5.3541,3.2223,3.2223,3.2223,3.2223,3.2223
7.900000,1.9197,1.9197,1.9197,1.9197,1.9197,5.3517,5.3517,5.3517,5.3517,5.3517,3.2286,3.2286,3.2286,3.2286,3.2286
7.910000,1.9158,1.9158,1.9158,1.9158,1.9158,5.3494,5.3494,5.3494,5.3494,5.3494,3.2348,3.2348,3.2348,3.2348,3.2348
7.920000,1.9120,1.9120,1.9120,1.9120,1.9120,5.3470,5.3470,5.3470,5.3470,5.3470,3.2410,3.2410,3.2410,3.2410,3.2410
7.930000,1.9082,1.9082,1.9082,1.9082,1.9082,5.3445,5.3445,5.3445,5.3445,5.3445,3.2473,3.2473,3.2473,3.2473,3.2473
7.940000,1.9044,1.9044,1.9044,1.9044,1.9044,5.3421,5.3421,5.3421,5.3421,5.3421,3.2535,3.2535,3.2535,3.2535,3.2535
7.950000,1.9006,1.9006,1.9006,1.9006,1.9006,5.3396,5.3396,5.3396,5.3396,5.3396,3.2597,3.2597,3.2597,3.2597,3.2597
7.960000,1.8969,1.8969,1.8969,1.8969,1.8969,5.3372,5.3372,5.3372,5.3372,5.3372,3.2660,3.2660,3.2660,3.2660,3.2660
7.970000,1.8931,1.8931,1.8931,1.8931,1.8931,5.3347,5.3347,5.3347,5.3347,5.3347,3.2722,3.2722,3.2722,3.2722,3.2722
7.980000,1.8894,1.8894,1.8894,1.8894,1.8894,5.3322,5.3322,5.3322,5.3322,5.3322,3.2784,3.2784,3.2784,3.2784,3.2784
7.990000,1.8857,1.8857,1.8857,1.8857,1.8857,5.3296,5.3296,5.3296,5.3296,5.3296,3.2847,3.2847,3.2847,3.2847,3.2847
8.000000,1.8820,1.8820,1.8820,1.8820,1.8820,5.3271,5.3271,5.3271,5.3271,5.3271,3.2909,3.2909,3.2909,3.2909,3.2909
8.010000,1.8783,1.8783,1.8783,1.8783,1.8783,5.3245,5.3245,5.3245,5.3245,5.3245,3.2972,3.2972,3.2972,3.2972,3.2972
8.020000,1.8746,1.8746,1.8746,1.8746,1.8746,5.3219,5.3219,5.3219,5.3219,5.3219,3.3034,3.3034,3.3034,3.3034,3.3034
8.030000,1.8710,1.8710,1.8710,1.8710,1.8710,5.3193,5.3193,5.3193,5.3193,5.3193,3.3097,3.3097,3.3097,3.3097,3.3097
8.040000,1.8673,1.8673,1.8673,1.8673,1.8673,5.3167,5.3167,5.3167,5.3167,5.3167,3.3160,3.3160,3.3160,3.3160,3.3160
8.050000,1.8637,1.8637,1.8637,1.8637,1.8637,5.3141,5.3141,5.3141,5.3141,5.3141,3.3222,3.3222,3.3222,3.3222,3.3222
8.060000,1.8601,1.8601,1.8601,1.8601,1.8601,5.3114,5.3114,5.3114,5.3114,5.3114,3.3285,3.3285,3.3285,3.3285,3.3285
8.070000,1.8565,1.8565,1.8565,1.8565,1.8565,5.3088,5.3088,5.3088,5.3088,5.3088,3.3347,3.3347,3.3347,3.3347,3.3347
8.080000,1.8529,1.8529,1.8529,1.8529,1.8529,5.3061,5.3061,5.3061,5.3061,5.3061,3.3410,3.3410,3.3410,3.3410,3.3410
8.090000,1.8494,1.8494,1.8494,1.8494,1.8494,5.3034,5.3034,5.3034,5.3034,5.3034,3.3473,3.3473,3.3473,3.3473,3.3473
8.100000,1.8458,1.8458,1.8458,1.8458,1.8458,5.3006,5.3006,5.3006,5.3006,5.3006,3.3535,3.3535,3.3535,3.3535,3.3535
8.110000,1.8423,1.8423,1.8423,1.8423,1.8423,5.2979,5.2979,5.2979,5.2979,5.2979,3.3598,3.3598,3.3598,3.3598,3.3598
8.120000,1.8388,1.8388,1.8388,1.8388,1.8388,5.2951,5.2951,5.2951,5.2951,5.2951,3.3661,3.3661,3.3661,3.3661,3.3661
8.130000,1.8353,1.8353,1.8353,1.8353,1.8353,5.2924,5.2924,5.2924,5.2924,5.2924,3.3723,3.3723,3.3723,3.3723,3.3723
8.140000,1.8318,1.8318,1.8318,1.8318,1.8318,5.2896,5.2896,5.2896,5.2896,5.2896,3.3786,3.3786,3.3786,3.3786,3.3786
8.150000,1.8284,1.8284,1.8284,1.8284,1.8284,5.2867,5.2867,5.2867,5.2867,5.2867,3.3849,3.3849,3.3849,3.3849,3.3849
8.160000,1.8249,1.8249,1.8249,1.8249,1.8249,5.2839,5.2839,5.2839,5.2839,5.2839,3.3911,3.3911,3.3911,3.3911,3.3911
8.170000,1.8215,1.8215,1.8215,1.8215,1.8215,5.2811,5.2811,5.2811,5.2811,5.2811,3.3974,3.3974,3.3974,3.3974,3.3974
8.180000,1.8181,1.8181,1.8181,1.8181,1.8181,5.2782,5.2782,5.2782,5.2782,5.2782,3.4037,3.4037,3.4037,3.4037,3.4037
8.190000,1.8147,1.8147,1.8147,1.8147,1.8147,5.2753,5.2753,5.2753,5.2753,5.2753,3.4100,3.4100,3.4100,3.4100,3.4100
8.200000,1.8113,1.8113,1.8113,1.8113,1.8113,5.2724,5.2724,5.2724,5.2724,5.2724,3.4162,3.4162,3.4162,3.4162,3.4162
8.210000,1.8080,1.8080,1.8080,1.8080,1.8080,5.2695,5.2695,5.2695,5.2695,5.2695,3.4225,3.4225,3.4225,3.4225,3.4225
8.220000,1.8046,1.8046,1.8046,1.8046,1.8046,5.2666,5.2666,5.2666,5.2666,5.2666,3.4288,3.4288,3.4288,3.4288,3.4288
8.230000,1.8013,1.8013,1.8013,1.8013,1.8013,5.2636,5.2636,5.2636,5.2636,5.2636,3.4351,3.4351,3.4351,3.4351,3.4351
8.240000,1.7980,1.7980,1.7980,1.7980,1.7980,5.2606,5.2606,5.2606,5.2606,5.2606,3.4414,3.4414,3.4414,3.4414,3.4414
8.250000,1.7947,1.7947,1.7947,1.7947,1.7947,5.2576,5.2576,5.2576,5.2576,5.2576,3.4476,3.4476,3.4476,3.4476,3.4476
8.260000,1.7914,1.7914,1.7914,1.7914,1.7914,5.2546,5.2546,5.2546,5.2546,5.2546,3.4539,3.4539,3.4539,3.4539,3.4539
8.270000,1.7882,1.7882,1.7882,1.7882,1.7882,5.2516,5.2516,5.2516,5.2516,5.2516,3.4602,3.4602,3.4602,3.4602,3.4602
8.280000,1.7849,1.7849,1.7849,1.7849,1.7849,5.2486,5.2486,5.2486,5.2486,5.2486,3.4665,3.4665,3.4665,3.4665,3.4665
8.290000,1.7817,1.7817,1.7817,1.7817,1.7817,5.2455,5.2455,5.2455,5.2455,5.2455,3.4728,3.4728,3.4728,3.4728,3.4728
8.300000,1.7785,1.7785,1.7785,1.7785,1.7785,5.2424,5.2424,5.2424,5.2424,5.2424,3.4791,3.4791,3.4791,3.4791,3.4791
8.310000,1.7753,1.7753,1.7753,1.7753,1.7753,5.2393,5.2393,5.2393,5.2393,5.2393,3.4853,3.4853,3.4853,3.4853,3.4853
8.320000,1.7722,1.7722,1.7722,1.7722,1.7722,5.2362,5.2362,5.2362,5.2362,5.2362,3.4916,3.4916,3.4916,3.4916,3.4916
8.330000,1.7690,1.7690,1.7690,1.7690,1.7690,5.2331,5.2331,5.2331,5.2331,5.2331,3.4979,3.4979,3.4979,3.4979,3.4979
8.340000,1.7659,1.7659,1.7659,1.7659,1.7659,5.2300,5.2300,5.2300,5.2300,5.2300,3.5042,3.5042,3.5042,3.5042,3.5042
8.350000,1.7627,1.7627,1.7627,1.7627,1.7627,5.2268,5.2268,5.2268,5.2268,5.2268,3.5105,3.5105,3.5105,3.5105,3.5105
8.360000,1.7596,1.7596,1.7596,1.7596,1.7596,5.2236,5.2236,5.2236,5.2236,5.2236,3.5168,3.5168,3.5168,3.5168,3.5168
8.370000,1.7565,1.7565,1.7565,1.7565,1.7565,5.2204,5.2204,5.2204,5.2204,5.2204,3.5230,3.5230,3.5230,3.5230,3.5230
8.380000,1.7535,1.7535,1.7535,1.7535,1.7535,5.2172,5.2172,5.2172,5.2172,5.2172,3.5293,3.5293,3.5293,3.5293,3.5293
8.390000,1.7504,1.7504,1.7504,1.7504,1.7504,5.2140,5.2140,5.2140,5.2140,5.2140,3.5356,3.5356,3.5356,3.5356,3.5356
8.400000,1.7474,1.7474,1.7474,1.7474,1.7474,5.2107,5.2107,5.2107,5.2107,5.2107,3.5419,3.5419,3.5419,3.5419,3.5419
8.410000,1.7444,1.7444,1.7444,1.7444,1.7444,5.2075,5.2075,5.2075,5.2075,5.2075,3.5482,3.5482,3.5482,3.5482,3.5482
8.420000,1.7414,1.7414,1.7414,1.7414,1.7414,5.2042,5.2042,5.2042,5.2042,5.2042,3.5544,3.5544,3.5544,3.5544,3.5544
8.430000,1.7384,1.7384,1.7384,1.7384,1.7384,5.2009,5.2009,5.2009,5.2009,5.2009,3.5607,3.5607,3.5607,3.5607,3.5607
8.440000,1.7354,1.7354,1.7354,1.7354,1.7354,5.1976,5.1976,5.1976,5.1976,5.1976,3.5670,3.5670,3.5670,3.5670,3.5670
8.450000,1.7325,1.7325,1.7325,1.7325,1.7325,5.1942,5.1942,5.1942,5.1942,5.1942,3.5733,3.5733,3.5733,3.5733,3.5733
8.460000,1.7295,1.7295,1.7295,1.7295,1.7295,5.1909,5.1909,5.1909,5.1909,5.1909,3.5796,3.5796,3.5796,3.5796,3.5796
8.470000,1.7266,1.7266,1.7266,1.7266,1.7266,5.1875,5.1875,5.1875,5.1875,5.1875,3.5858,3.5858,3.5858,3.5858,3.5858
8.480000,1.7237,1.7237,1.7237,1.7237,1.7237,5.1842,5.1842,5.1842,5.1842,5.1842,3.5921,3.5921,3.5921,3.5921,3.5921
8.490000,1.7208,1.7208,1.7208,1.7208,1.7208,5.1808,5.1808,5.1808,5.1808,5.1808,3.5984,3.5984,3.5984,3.5984,3.5984
8.500000,1.7180,1.7180,1.7180,1.7180,1.7180,5.1773,5.1773,5.1773,5.1773,5.1773,3.6047,3.6047,3.6047,3.6047,3.6047
8.510000,1.7151,1.7151,1.7151,1.7151,1.7151,5.1739,5.1739,5.1739,5.1739,5.1739,3.6109,3.6109,3.6109,3.6109,3.6109
8.520000,1.7123,1.7123,1.7123,1.7123,1.7123,5.1705,5.1705,5.1705,5.1705,5.1705,3.6172,3.6172,3.6172,3.6172,3.6172
8.530000,1.7095,1.7095,1.7095,1.7095,1.7095,5.1670,5.1670,5.1670,5.1670,5.1670,3.6235,3.6235,3.6235,3.6235,3.6235
8.540000,1.7067,1.7067,1.7067,1.7067,1.7067,5.1635,5.1635,5.1635,5.1635,5.1635,3.6298,3.6298,3.6298,3.6298,3.6298
8.550000,1.7039,1.7039,1.7039,1.7039,1.7039,5.1600,5.1600,5.1600,5.1600,5.1600,3.6360,3.6360,3.6360,3.6360,3.6360
8.560000,1.7012,1.7012,1.7012,1.7012,1.7012,5.1565,5.1565,5.1565,5.1565,5.1565,3.6423,3.6423,3.6423,3.6423,3.6423
8.570000,1.6985,1.6985,1.6985,1.6985,1.6985,5.1530,5.1530,5.1530,5.1530,5.1530,3.6486,3.6486,3.6486,3.6486,3.6486
8.580000,1.6957,1.6957,1.6957,1.6957,1.6957,5.1494,5.1494,5.1494,5.1494,5.1494,3.6548,3.6548,3.6548,3.6548,3.6548
8.590000,1.6930,1.6930,1.6930,1.6930,1.6930,5.1459,5.1459,5.1459,5.1459,5.1459,3.6611,3.6611,3.6611,3.6611,3.6611
8.600000,1.6903,1.6903,1.6903,1.6903,1.6903,5.1423,5.1423,5.1423,5.1423,5.1423,3.6674,3.6674,3.6674,3.6674,3.6674
8.610000,1.6877,1.6877,1.6877,1.6877,1.6877,5.1387,5.1387,5.1387,5.1387,5.1387,3.6736,3.6736,3.6736,3.6736,3.6736
8.620000,1.6850,1.6850,1.6850,1.6850,1.6850,5.1351,5.1351,5.1351,5.1351,5.1351,3.6799,3.6799,3.6799,3.6799,3.6799
8.630000,1.6824,1.6824,1.6824,1.6824,1.6824,5.1315,5.1315,5.1315,5.1315,5.1315,3.6861,3.6861,3.6861,3.6861,3.6861
8.640000,1.6798,1.6798,1.6798,1.6798,1.6798,5.1278,5.1278,5.1278,5.1278,5.1278,3.6924,3.6924,3.6924,3.6924,3.6924
8.650000,1.6772,1.6772,1.6772,1.6772,1.6772,5.1242,5.1242,5.1242,5.1242,5.1242,3.6986,3.6986,3.6986,3.6986,3.6986
8.660000,1.6746,1.6746,1.6746,1.6746,1.6746,5.1205,5.1205,5.1205,5.1205,5.1205,3.7049,3.7049,3.7049,3.7049,3.7049
8.670000,1.6721,1.6721,1.6721,1.6721,1.6721,5.1168,5.1168,5.1168,5.1168,5.1168,3.7111,3.7111,3.7111,3.7111,3.7111
8.680000,1.6695,1.6695,1.6695,1.6695,1.6695,5.1131,5.1131,5.1131,5.1131,5.1131,3.7174,3.7174,3.7174,3.7174,3.7174
8.690000,1.6670,1.6670,1.6670,1.6670,1.6670,5.1094,5.1094,5.1094,5.1094,5.1094,3.7236,3.7236,3.7236,3.7236,3.7236
8.700000,1.6645,1.6645,1.6645,1.6645,1.6645,5.1056,5.1056,5.1056,5.1056,5.1056,3.7299,3.7299,3.7299,3.7299,3.7299
8.710000,1.6620,1.6620,1.6620,1.6620,1.6620,5.1019,5.1019,5.1019,5.1019,5.1019,3.7361,3.7361,3.7361,3.7361,3.7361
8.720000,1.6595,1.6595,1.6595,1.6595,1.6595,5.0981,5.0981,5.0981,5.0981,5.0981,3.7424,3.7424,3.7424,3.7424,3.7424
8.730000,1.6571,1.6571,1.6571,1.6571,1.6571,5.0943,5.0943,5.0943,5.0943,5.0943,3.7486,3.7486,3.7486,3.7486,3.7486
8.740000,1.6547,1.6547,1.6547,1.6547,1.6547,5.0905,5.0905,5.0905,5.0905,5.0905,3.7548,3.7548,3.7548,3.7548,3.7548
8.750000,1.6522,1.6522,1.6522,1.6522,1.6522,5.0867,5.0867,5.0867,5.0867,5.0867,3.7611,3.7611,3.7611,3.7611,3.7611
8.760000,1.6498,1.6498,1.6498,1.6498,1.6498,5.0829,5.0829,5.0829,5.0829,5.0829,3.7673,3.7673,3.7673,3.7673,3.7673
8.770000,1.6475,1.6475,1.6475,1.6475,1.6475,5.0790,5.0790,5.0790,5.0790,5.0790,3.7735,3.7735,3.7735,3.7735,3.7735
8.780000,1.6451,1.6451,1.6451,1.6451,1.6451,5.0752,5.0752,5.0752,5.0752,5.0752,3.7797,3.7797,3.7797,3.7797,3.7797
8.790000,1.6428,1.6428,1.6428,1.6428,1.6428,5.0713,5.0713,5.0713,5.0713,5.0713,3.7859,3.7859,3.7859,3.7859,3.7859
8.800000,1.6404,1.6404,1.6404,1.6404,1.6404,5.0674,5.0674,5.0674,5.0674,5.0674,3.7922,3.7922,3.7922,3.7922,3.7922
8.810000,1.6381,1.6381,1.6381,1.6381,1.6381,5.0635,5.0635,5.0635,5.0635,5.0635,3.7984,3.7984,3.7984,3.7984,3.7984
8.820000,1.6359,1.6359,1.6359,1.6359,1.6359,5.0596,5.0596,5.0596,5.0596,5.0596,3.8046,3.8046,3.8046,3.8046,3.8046
8.830000,1.6336,1.6336,1.6336,1.6336,1.6336,5.0556,5.0556,5.0556,5.0556,5.0556,3.8108,3.8108,3.8108,3.8108,3.8108
8.840000,1.6313,1.6313,1.6313,1.6313,1.6313,5.0517,5.0517,5.0517,5.0517,5.0517,3.8170,3.8170,3.8170,3.8170,3.8170
8.850000,1.6291,1.6291,1.6291,1.6291,1.6291,5.0477,5.0477,5.0477,5.0477,5.0477,3.8232,3.8232,3.8232,3.8232,3.8232
8.860000,1.6269,1.6269,1.6269,1.6269,1.6269,5.0437,5.0437,5.0437,5.0437,5.0437,3.8294,3.8294,3.8294,3.8294,3.8294
8.870000,1.6247,1.6247,1.6247,1.6247,1.6247,5.0397,5.0397,5.0397,5.0397,5.0397,3.8356,3.8356,3.8356,3.8356,3.8356
8.880000,1.6225,1.6225,1.6225,1.6225,1.6225,5.0357,5.0357,5.0357,5.0357,5.0357,3.8418,3.8418,3.8418,3.8418,3.8418
8.890000,1.6204,1.6204,1.6204,1.6204,1.6204,5.0316,5.0316,5.0316,5.0316,5.0316,3.8480,3.8480,3.8480,3.8480,3.8480
8.900000,1.6182,1.6182,1.6182,1.6182,1.6182,5.0276,5.0276,5.0276,5.0276,5.0276,3.8542,3.8542,3.8542,3.8542,3.8542
8.910000,1.6161,1.6161,1.6161,1.6161,1.6161,5.0235,5.0235,5.0235,5.0235,5.0235,3.8604,3.8604,3.8604,3.8604,3.8604
8.920000,1.6140,1.6140,1.6140,1.6140,1.6140,5.0195,5.0195,5.0195,5.0195,5.0195,3.8665,3.8665,3.8665,3.8665,3.8665
8.930000,1.6119,1.6119,1.6119,1.6119,1.6119,5.0154,5.0154,5.0154,5.0154,5.0154,3.8727,3.8727,3.8727,3.8727,3.8727
8.940000,1.6099,1.6099,1.6099,1.6099,1.6099,5.0112,5.0112,5.0112,5.0112,5.0112,3.8789,3.8789,3.8789,3.8789,3.8789
8.950000,1.6078,1.6078,1.6078,1.6078,1.6078,5.0071,5.0071,5.0071,5.0071,5.0071,3.8850,3.8850,3.8850,3.8850,3.8850
8.960000,1.6058,1.6058,1.6058,1.6058,1.6058,5.0030,5.0030,5.0030,5.0030,5.0030,3.8912,3.8912,3.8912,3.8912,3.8912
8.970000,1.6038,1.6038,1.6038,1.6038,1.6038,4.9988,4.9988,4.9988,4.9988,4.9988,3.8974,3.8974,3.8974,3.8974,3.8974
8.980000,1.6018,1.6018,1.6018,1.6018,1.6018,4.9947,4.9947,4.9947,4.9947,4.9947,3.9035,3.9035,3.9035,3.9035,3.9035
8.990000,1.5998,1.5998,1.5998,1.5998,1.5998,4.9905,4.9905,4.9905,4.9905,4.9905,3.9097,3.9097,3.9097,3.9097,3.9097
9.000000,1.5979,1.5979,1.5979,1.5979,1.5979,4.9863,4.9863,4.9863,4.9863,4.9863,3.9158,3.9158,3.9158,3.9158,3.9158
9.010000,1.5960,1.5960,1.5960,1.5960,1.5960,4.9821,4.9821,4.9821,4.9821,4.9821,3.9220,3.9220,3.9220,3.9220,3.9220
9.020000,1.5940,1.5940,1.5940,1.5940,1.5940,4.9779,4.9779,4.9779,4.9779,4.9779,3.9281,3.9281,3.9281,3.9281,3.9281
9.030000,1.5921,1.5921,1.5921,1.5921,1.5921,4.9736,4.9736,4.9736,4.9736,4.9736,3.9342,3.9342,3.9342,3.9342,3.9342
9.040000,1.5903,1.5903,1.5903,1.5903,1.5903,4.9694,4.9694,4.9694,4.9694,4.9694,3.9404,3.9404,3.9404,3.9404,3.9404
9.050000,1.5884,1.5884,1.5884,1.5884,1.5884,4.9651,4.9651,4.9651,4.9651,4.9651,3.9465,3.9465,3.9465,3.9465,3.9465
9.060000,1.5866,1.5866,1.5866,1.5866,1.5866,4.9608,4.9608,4.9608,4.9608,4.9608,3.9526,3.9526,3.9526,3.9526,3.9526
9.070000,1.5848,1.5848,1.5848,1.5848,1.5848,4.9565,4.9565,4.9565,4.9565,4.9565,3.9587,3.9587,3.9587,3.9587,3.9587
9.080000,1.5830,1.5830,1.5830,1.5830,1.5830,4.9522,4.9522,4.9522,4.9522,4.9522,3.9649,3.9649,3.9649,3.9649,3.9649
9.090000,1.5812,1.5812,1.5812,1.5812,1.5812,4.9479,4.9479,4.9479,4.9479,4.9479,3.9710,3.9710,3.9710,3.9710,3.9710
9.100000,1.5794,1.5794,1.5794,1.5794,1.5794,4.9435,4.9435,4.9435,4.9435,4.9435,3.9771,3.9771,3.9771,3.9771,3.9771
9.110000,1.5777,1.5777,1.5777,1.5777,1.5777,4.9392,4.9392,4.9392,4.9392,4.9392,3.9832,3.9832,3.9832,3.9832,3.9832
9.120000,1.5759,1.5759,1.5759,1.5759,1.5759,4.9348,4.9348,4.9348,4.9348,4.9348,3.9893,3.9893,3.9893,3.9893,3.9893
9.130000,1.5742,1.5742,1.5742,1.5742,1.5742,4.9304,4.9304,4.9304,4.9304,4.9304,3.9954,3.9954,3.9954,3.9954,3.9954
9.140000,1.5726,1.5726,1.5726,1.5726,1.5726,4.9260,4.9260,4.9260,4.9260,4.9260,4.0014,4.0014,4.0014,4.0014,4.0014
9.150000,1.5709,1.5709,1.5709,1.5709,1.5709,4.9216,4.9216,4.9216,4.9216,4.9216,4.0075,4.0075,4.0075,4.0075,4.0075
9.160000,1.5692,1.5692,1.5692,1.5692,1.5692,4.9172,4.9172,4.9172,4.9172,4.9172,4.0136,4.0136,4.0136,4.0136,4.0136
9.170000,1.5676,1.5676,1.5676,1.5676,1.5676,4.9127,4.9127,4.9127,4.9127,4.9127,4.0197,4.0197,4.0197,4.0197,4.0197
9.180000,1.5660,1.5660,1.5660,1.5660,1.5660,4.9083,4.9083,4.9083,4.9083,4.9083,4.0257,4.0257,4.0257,4.0257,4.0257
9.190000,1.5644,1.5644,1.5644,1.5644,1.5644,4.9038,4.9038,4.9038,4.9038,4.9038,4.0318,4.0318,4.0318,4.0318,4.0318
9.200000,1.5628,1.5628,1.5628,1.5628,1.5628,4.8993,4.8993,4.8993,4.8993,4.8993,4.0378,4.0378,4.0378,4.0378,4.0378
9.210000,1.5613,1.5613,1.5613,1.5613,1.5613,4.8948,4.8948,4.8948,4.8948,4.8948,4.0439,4.0439,4.0439,4.0439,4.0439
9.220000,1.5597,1.5597,1.5597,1.5597,1.5597,4.8903,4.8903,4.8903,4.8903,4.8903,4.0499,4.0499,4.0499,4.0499,4.0499
9.230000,1.5582,1.5582,1.5582,1.5582,1.5582,4.8858,4.8858,4.8858,4.8858,4.8858,4.0560,4.0560,4.0560,4.0560,4.0560
9.240000,1.5567,1.5567,1.5567,1.5567,1.5567,4.8813,4.8813,4.8813,4.8813,4.8813,4.0620,4.0620,4.0620,4.0620,4.0620
9.250000,1.5553,1.5553,1.5553,1.5553,1.5553,4.8767,4.8767,4.8767,4.8767,4.8767,4.0680,4.0680,4.0680,4.0680,4.0680
9.260000,1.5538,1.5538,1.5538,1.5538,1.5538,4.8721,4.8721,4.8721,4.8721,4.8721,4.0741,4.0741,4.0741,4.0741,4.0741
9.270000,1.5524,1.5524,1.5524,1.5524,1.5524,4.8676,4.8676,4.8676,4.8676,4.8676,4.0801,4.0801,4.0801,4.0801,4.0801
9.280000,1.5509,1.5509,1.5509,1.5509,1.5509,4.8630,4.8630,4.8630,4.8630,4.8630,4.0861,4.0861,4.0861,4.0861,4.0861
9.290000,1.5495,1.5495,1.5495,1.5495,1.5495,4.8584,4.8584,4.8584,4.8584,4.8584,4.0921,4.0921,4.0921,4.0921,4.0921
9.300000,1.5482,1.5482,1.5482,1.5482,1.5482,4.8538,4.8538,4.8538,4.8538,4.8538,4.0981,4.0981,4.0981,4.0981,4.0981
9.310000,1.5468,1.5468,1.5468,1.5468,1.5468,4.8491,4.8491,4.8491,4.8491,4.8491,4.1041,4.1041,4.1041,4.1041,4.1041
9.320000,1.5455,1.5455,1.5455,1.5455,1.5455,4.8445,4.8445,4.8445,4.8445,4.8445,4.1101,4.1101,4.1101,4.1101,4.1101
9.330000,1.5441,1.5441,1.5441,1.5441,1.5441,4.8398,4.8398,4.8398,4.8398,4.8398,4.1160,4.1160,4.1160,4.1160,4.1160
9.340000,1.5428,1.5428,1.5428,1.5428,1.5428,4.8351,4.8351,4.8351,4.8351,4.8351,4.1220,4.1220,4.1220,4.1220,4.1220
9.350000,1.5416,1.5416,1.5416,1.5416,1.5416,4.8305,4.8305,4.8305,4.8305,4.8305,4.1280,4.1280,4.1280,4.1280,4.1280
9.360000,1.5403,1.5403,1.5403,1.5403,1.5403,4.8258,4.8258,4.8258,4.8258,4.8258,4.1339,4.1339,4.1339,4.1339,4.1339
9.370000,1.5390,1.5390,1.5390,1.5390,1.5390,4.8211,4.8211,4.8211,4.8211,4.8211,4.1399,4.1399,4.1399,4.1399,4.1399
9.380000,1.5378,1.5378,1.5378,1.5378,1.5378,4.8163,4.8163,4.8163,4.8163,4.8163,4.1459,4.1459,4.1459,4.1459,4.1459
9.390000,1.5366,1.5366,1.5366,1.5366,1.5366,4.8116,4.8116,4.8116,4.8116,4.8116,4.1518,4.1518,4.1518,4.1518,4.1518
9.400000,1.5354,1.5354,1.5354,1.5354,1.5354,4.8068,4.8068,4.8068,4.8068,4.8068,4.1577,4.1577,4.1577,4.1577,4.1577
9.410000,1.5343,1.5343,1.5343,1.5343,1.5343,4.8021,4.8021,4.8021,4.8021,4.8021,4.1637,4.1637,4.1637,4.1637,4.1637
9.420000,1.5331,1.5331,1.5331,1.5331,1.5331,4.7973,4.7973,4.7973,4.7973,4.7973,4.1696,4.1696,4.1696,4.1696,4.1696
9.430000,1.5320,1.5320,1.5320,1.5320,1.5320,4.7925,4.7925,4.7925,4.7925,4.7925,4.1755,4.1755,4.1755,4.1755,4.1755
9.440000,1.5309,1.5309,1.5309,1.5309,1.5309,4.7877,4.7877,4.7877,4.7877,4.7877,4.1814,4.1814,4.1814,4.1814,4.1814
9.450000,1.5298,1.5298,1.5298,1.5298,1.5298,4.7829,4.7829,4.7829,4.7829,4.7829,4.1873,4.1873,4.1873,4.1873,4.1873
9.460000,1.5287,1.5287,1.5287,1.5287,1.5287,4.7781,4.7781,4.7781,4.7781,4.7781,4.1932,4.1932,4.1932,4.1932,4.1932
9.470000,1.5277,1.5277,1.5277,1.5277,1.5277,4.7732,4.7732,4.7732,4.7732,4.7732,4.1991,4.1991,4.1991,4.1991,4.1991
9.480000,1.5266,1.5266,1.5266,1.5266,1.5266,4.7684,4.7684,4.7684,4.7684,4.7684,4.2050,4.2050,4.2050,4.2050,4.2050
9.490000,1.5256,1.5256,1.5256,1.5256,1.5256,4.7635,4.7635,4.7635,4.7635,4.7635,4.2109,4.2109,4.2109,4.2109,4.2109
9.500000,1.5246,1.5246,1.5246,1.5246,1.5246,4.7586,4.7586,4.7586,4.7586,4.7586,4.2167,4.2167,4.2167,4.2167,4.2167
9.510000,1.5237,1.5237,1.5237,1.5237,1.5237,4.7538,4.7538,4.7538,4.7538,4.7538,4.2226,4.2226,4.2226,4.2226,4.2226
9.520000,1.5227,1.5227,1.5227,1.5227,1.5227,4.7489,4.7489,4.7489,4.7489,4.7489,4.2285,4.2285,4.2285,4.2285,4.2285
9.530000,1.5218,1.5218,1.5218,1.5218,1.5218,4.7439,4.7439,4.7439,4.7439,4.7439,4.2343,4.2343,4.2343,4.2343,4.2343
9.540000,1.5208,1.5208,1.5208,1.5208,1.5208,4.7390,4.7390,4.7390,4.7390,4.7390,4.2401,4.2401,4.2401,4.2401,4.2401
9.550000,1.5200,1.5200,1.5200,1.5200,1.5200,4.7341,4.7341,4.7341,4.7341,4.7341,4.2460,4.2460,4.2460,4.2460,4.2460
9.560000,1.5191,1.5191,1.5191,1.5191,1.5191,4.7291,4.7291,4.7291,4.7291,4.7291,4.2518,4.2518,4.2518,4.2518,4.2518
9.570000,1.5182,1.5182,1.5182,1.5182,1.5182,4.7242,4.7242,4.7242,4.7242,4.7242,4.2576,4.2576,4.2576,4.2576,4.2576
9.580000,1.5174,1.5174,1.5174,1.5174,1.5174,4.7192,4.7192,4.7192,4.7192,4.7192,4.2634,4.2634,4.2634,4.2634,4.2634
9.590000,1.5166,1.5166,1.5166,1.5166,1.5166,4.7142,4.7142,4.7142,4.7142,4.7142,4.2692,4.2692,4.2692,4.2692,4.2692
9.600000,1.5158,1.5158,1.5158,1.5158,1.5158,4.7092,4.7092,4.7092,4.7092,4.7092,4.2750,4.2750,4.2750,4.2750,4.2750
9.610000,1.5150,1.5150,1.5150,1.5150,1.5150,4.7042,4.7042,4.7042,4.7042,4.7042,4.2808,4.2808,4.2808,4.2808,4.2808
9.620000,1.5142,1.5142,1.5142,1.5142,1.5142,4.6992,4.6992,4.6992,4.6992,4.6992,4.2866,4.2866,4.2866,4.2866,4.2866
9.630000,1.5135,1.5135,1.5135,1.5135,1.5135,4.6941,4.6941,4.6941,4.6941,4.6941,4.2924,4.2924,4.2924,4.2924,4.2924
9.640000,1.5128,1.5128,1.5128,1.5128,1.5128,4.6891,4.6891,4.6891,4.6891,4.6891,4.2981,4.2981,4.2981,4.2981,4.2981
9.650000,1.5121,1.5121,1.5121,1.5121,1.5121,4.6840,4.6840,4.6840,4.6840,4.6840,4.3039,4.3039,4.3039,4.3039,4.3039
9.660000,1.5114,1.5114,1.5114,1.5114,1.5114,4.6790,4.6790,4.6790,4.6790,4.6790,4.3096,4.3096,4.3096,4.3096,4.3096
9.670000,1.5107,1.5107,1.5107,1.5107,1.5107,4.6739,4.6739,4.6739,4.6739,4.6739,4.3154,4.3154,4.3154,4.3154,4.3154
9.680000,1.5101,1.5101,1.5101,1.5101,1.5101,4.6688,4.6688,4.6688,4.6688,4.6688,4.3211,4.3211,4.3211,4.3211,4.3211
9.690000,1.5095,1.5095,1.5095,1.5095,1.5095,4.6637,4.6637,4.6637,4.6637,4.6637,4.3268,4.3268,4.3268,4.3268,4.3268
9.700000,1.5089,1.5089,1.5089,1.5089,1.5089,4.6586,4.6586,4.6586,4.6586,4.6586,4.3326,4.3326,4.3326,4.3326,4.3326
9.710000,1.5083,1.5083,1.5083,1.5083,1.5083,4.6534,4.6534,4.6534,4.6534,4.6534,4.3383,4.3383,4.3383,4.3383,4.3383
9.720000,1.5077,1.5077,1.5077,1.5077,1.5077,4.6483,4.6483,4.6483,4.6483,4.6483,4.3440,4.3440,4.3440,4.3440,4.3440
9.730000,1.5072,1.5072,1.5072,1.5072,1.5072,4.6431,4.6431,4.6431,4.6431,4.6431,4.3497,4.3497,4.3497,4.3497,4.3497
9.740000,1.5067,1.5067,1.5067,1.5067,1.5067,4.6380,4.6380,4.6380,4.6380,4.6380,4.3553,4.3553,4.3553,4.3553,4.3553
9.750000,1.5062,1.5062,1.5062,1.5062,1.5062,4.6328,4.6328,4.6328,4.6328,4.6328,4.3610,4.3610,4.3610,4.3610,4.3610
9.760000,1.5057,1.5057,1.5057,1.5057,1.5057,4.6276,4.6276,4.6276,4.6276,4.6276,4.3667,4.3667,4.3667,4.3667,4.3667
9.770000,1.5052,1.5052,1.5052,1.5052,1.5052,4.6224,4.6224,4.6224,4.6224,4.6224,4.3723,4.3723,4.3723,4.3723,4.3723
9.780000,1.5048,1.5048,1.5048,1.5048,1.5048,4.6172,4.6172,4.6172,4.6172,4.6172,4.3780,4.3780,4.3780,4.3780,4.3780
9.790000,1.5044,1.5044,1.5044,1.5044,1.5044,4.6120,4.6120,4.6120,4.6120,4.6120,4.3836,4.3836,4.3836,4.3836,4.3836
9.800000,1.5039,1.5039,1.5039,1.5039,1.5039,4.6068,4.6068,4.6068,4.6068,4.6068,4.3893,4.3893,4.3893,4.3893,4.3893
9.810000,1.5036,1.5036,1.5036,1.5036,1.5036,4.6015,4.6015,4.6015,4.6015,4.6015,4.3949,4.3949,4.3949,4.3949,4.3949
9.820000,1.5032,1.5032,1.5032,1.5032,1.5032,4.5963,4.5963,4.5963,4.5963,4.5963,4.4005,4.4005,4.4005,4.4005,4.4005
9.830000,1.5029,1.5029,1.5029,1.5029,1.5029,4.5910,4.5910,4.5910,4.5910,4.5910,4.4061,4.4061,4.4061,4.4061,4.4061
9.840000,1.5025,1.5025,1.5025,1.5025,1.5025,4.5858,4.5858,4.5858,4.5858,4.5858,4.4117,4.4117,4.4117,4.4117,4.4117
9.850000,1.5022,1.5022,1.5022,1.5022,1.5022,4.5805,4.5805,4.5805,4.5805,4.5805,4.4173,4.4173,4.4173,4.4173,4.4173
9.860000,1.5019,1.5019,1.5019,1.5019,1.5019,4.5752,4.5752,4.5752,4.5752,4.5752,4.4229,4.4229,4.4229,4.4229,4.4229
9.870000,1.5017,1.5017,1.5017,1.5017,1.5017,4.5699,4.5699,4.5699,4.5699,4.5699,4.4284,4.4284,4.4284,4.4284,4.4284
9.880000,1.5014,1.5014,1.5014,1.5014,1.5014,4.5646,4.5646,4.5646,4.5646,4.5646,4.4340,4.4340,4.4340,4.4340,4.4340
9.890000,1.5012,1.5012,1.5012,1.5012,1.5012,4.5592,4.5592,4.5592,4.5592,4.5592,4.4396,4.4396,4.4396,4.4396,4.4396
9.900000,1.5010,1.5010,1.5010,1.5010,1.5010,4.5539,4.5539,4.5539,4.5539,4.5539,4.4451,4.4451,4.4451,4.4451,4.4451
9.910000,1.5008,1.5008,1.5008,1.5008,1.5008,4.5486,4.5486,4.5486,4.5486,4.5486,4.4506,4.4506,4.4506,4.4506,4.4506
9.920000,1.5006,1.5006,1.5006,1.5006,1.5006,4.5432,4.5432,4.5432,4.5432,4.5432,4.4562,4.4562,4.4562,4.4562,4.4562
9.930000,1.5005,1.5005,1.5005,1.5005,1.5005,4.5378,4.5378,4.5378,4.5378,4.5378,4.4617,4.4617,4.4617,4.4617,4.4617
9.940000,1.5004,1.5004,1.5004,1.5004,1.5004,4.5325,4.5325,4.5325,4.5325,4.5325,4.4672,4.4672,4.4672,4.4672,4.4672
9.950000,1.5002,1.5002,1.5002,1.5002,1.5002,4.5271,4.5271,4.5271,4.5271,4.5271,4.4727,4.4727,4.4727,4.4727,4.4727
9.960000,1.5002,1.5002,1.5002,1.5002,1.5002,4.5217,4.5217,4.5217,4.5217,4.5217,4.4782,4.4782,4.4782,4.4782,4.4782
9.970000,1.5001,1.5001,1.5001,1.5001,1.5001,4.5163,4.5163,4.5163,4.5163,4.5163,4.4836,4.4836,4.4836,4.4836,4.4836
9.980000,1.5000,1.5000,1.5000,1.5000,1.5000,4.5109,4.5109,4.5109,4.5109,4.5109,4.4891,4.4891,4.4891,4.4891,4.4891
9.990000,1.5000,1.5000,1.5000,1.5000,1.5000,4.5054,4.5054,4.5054,4.5054,4.5054,4.4946,4.4946,4.4946,4.4946,4.4946
10.000000,1.5000,1.5000,1.5000,1.5000,1.5000,4.5000,4.5000,4.5000,4.5000,4.5000,4.5000,4.5000,4.5000,4.5000,4.5000
10.010000,1.5000,1.5000,1.5000,1.5000,1.5000,4.4946,4.4946,4.4946,4.4946,4.4946,4.5054,4.5054,4.5054,4.5054,4.5054
10.020000,1.5000,1.5000,1.5000,1.5000,1.5000,4.4891,4.4891,4.4891,4.4891,4.4891,4.5109,4.5109,4.5109,4.5109,4.5109
10.030000,1.5001,1.5001,1.5001,1.5001,1.5001,4.4836,4.4836,4.4836,4.4836,4.4836,4.5163,4.5163,4.5163,4.5163,4.5163
10.040000,1.5002,1.5002,1.5002,1.5002,1.5002,4.4782,4.4782,4.4782,4.4782,4.4782,4.5217,4.5217,4.5217,4.5217,4.5217
10.050000,1.5002,1.5002,1.5002,1.5002,1.5002,4.4727,4.4727,4.4727,4.4727,4.4727,4.5271,4.5271,4.5271,4.5271,4.5271
10.060000,1.5004,1.5004,1.5004,1.5004,1.5004,4.4672,4.4672,4.4672,4.4672,4.4672,4.5325,4.5325,4.5325,4.5325,4.5325
10.070000,1.5005,1.5005,1.5005,1.5005,1.5005,4.4617,4.4617,4.4617,4.4617,4.4617,4.5378,4.5378,4.5378,4.5378,4.5378
10.080000,1.5006,1.5006,1.5006,1.5006,1.5006,4.4562,4.4562,4.4562,4.4562,4.4562,4.5432,4.5432,4.5432,4.5432,4.5432
10.090000,1.5008,1.5008,1.5008,1.5008,1.5008,4.4506,4.4506,4.4506,4.4506,4.4506,4.5486,4.5486,4.5486,4.5486,4.5486
10.100000,1.5010,1.5010,1.5010,1.5010,1.5010,4.4451,4.4451,4.4451,4.4451,4.4451,4.5539,4.5539,4.5539,4.5539,4.5539
10.110000,1.5012,1.5012,1.5012,1.5012,1.5012,4.4396,4.4396,4.4396,4.4396,4.4396,4.5592,4.5592,4.5592,4.5592,4.5592
10.120000,1.5014,1.5014,1.5014,1.5014,1.5014,4.4340,4.4340,4.4340,4.4340,4.4340,4.5646,4.5646,4.5646,4.5646,4.5646
10.130000,1.5017,1.5017,1.5017,1.5017,1.5017,4.4284,4.4284,4.4284,4.4284,4.4284,4.5699,4.5699,4.5699,4.5699,4.5699
10.140000,1.5019,1.5019,1.5019,1.5019,1.5019,4.4229,4.4229,4.4229,4.4229,4.4229,4.5752,4.5752,4.5752,4.5752,4.5752
10.150000,1.5022,1.5022,1.5022,1.5022,1.5022,4.4173,4.4173,4.4173,4.4173,4.4173,4.5805,4.5805,4.5805,4.5805,4.5805
10.160000,1.5025,1.5025,1.5025,1.5025,1.5025,4.4117,4.4117,4.4117,4.4117,4.4117,4.5858,4.5858,4.5858,4.5858,4.5858
10.170000,1.5029,1.5029,1.5029,1.5029,1.5029,4.4061,4.4061,4.4061,4.4061,4.4061,4.5910,4.5910,4.5910,4.5910,4.5910
10.180000,1.5032,1.5032,1.5032,1.5032,1.5032,4.4005,4.4005,4.4005,4.4005,4.4005,4.5963,4.5963,4.5963,4.5963,4.5963
10.190000,1.5036,1.5036,1.5036,1.5036,1.5036,4.3949,4.3949,4.3949,4.3949,4.3949,4.6015,4.6015,4.6015,4.6015,4.6015
10.200000,1.5039,1.5039,1.5039,1.5039,1.5039,4.3893,4.3893,4.3893,4.3893,4.3893,4.6068,4.6068,4.6068,4.6068,4.6068
10.210000,1.5044,1.5044,1.5044,1.5044,1.5044,4.3836,4.3836,4.3836,4.3836,4.3836,4.6120,4.6120,4.6120,4.6120,4.6120
10.220000,1.5048,1.5048,1.5048,1.5048,1.5048,4.3780,4.3780,4.3780,4.3780,4.3780,4.6172,4.6172,4.6172,4.6172,4.6172
10.230000,1.5052,1.5052,1.5052,1.5052,1.5052,4.3723,4.3723,4.3723,4.3723,4.3723,4.6224,4.6224,4.6224,4.6224,4.6224
10.240000,1.5057,1.5057,1.5057,1.5057,1.5057,4.3667,4.3667,4.3667,4.3667,4.3667,4.6276,4.6276,4.6276,4.6276,4.6276
10.250000,1.5062,1.5062,1.5062,1.5062,1.5062,4.3610,4.3610,4.3610,4.3610,4.3610,4.6328,4.6328,4.6328,4.6328,4.6328
10.260000,1.5067,1.5067,1.5067,1.5067,1.5067,4.3553,4.3553,4.3553,4.3553,4.3553,4.6380,4.6380,4.6380,4.6380,4.6380
10.270000,1.5072,1.5072,1.5072,1.5072,1.5072,4.3497,4.3497,4.3497,4.3497,4.3497,4.6431,4.6431,4.6431,4.6431,4.6431
10.280000,1.5077,1.5077,1.5077,1.5077,1.5077,4.3440,4.3440,4.3440,4.3440,4.3440,4.6483,4.6483,4.6483,4.6483,4.6483
10.290000,1.5083,1.5083,1.5083,1.5083,1.5083,4.3383,4.3383,4.3383,4.3383,4.3383,4.6534,4.6534,4.6534,4.6534,4.6534
10.300000,1.5089,1.5089,1.5089,1.5089,1.5089,4.3326,4.3326,4.3326,4.3326,4.3326,4.6586,4.6586,4.6586,4.6586,4.6586
10.310000,1.5095,1.5095,1.5095,1.5095,1.5095,4.3268,4.3268,4.3268,4.3268,4.3268,4.6637,4.6637,4.6637,4.6637,4.6637
10.320000,1.5101,1.5101,1.5101,1.5101,1.5101,4.3211,4.3211,4.3211,4.3211,4.3211,4.6688,4.6688,4.6688,4.6688,4.6688
10.330000,1.5107,1.5107,1.5107,1.5107,1.5107,4.3154,4.3154,4.3154,4.3154,4.3154,4.6739,4.6739,4.6739,4.6739,4.6739
10.340000,1.5114,1.5114,1.5114,1.5114,1.5114,4.3096,4.3096,4.3096,4.3096,4.3096,4.6790,4.6790,4.6790,4.6790,4.6790
10.350000,1.5121,1.5121,1.5121,1.5121,1.5121,4.3039,4.3039,4.3039,4.3039,4.3039,4.6840,4.6840,4.6840,4.6840,4.6840
10.360000,1.5128,1.5128,1.5128,1.5128,1.5128,4.2981,4.2981,4.2981,4.2981,4.2981,4.6891,4.6891,4.6891,4.6891,4.6891
10.370000,1.5135,1.5135,1.5135,1.5135,1.5135,4.2924,4.2924,4.2924,4.2924,4.2924,4.6941,4.6941,4.6941,4.6941,4.6941
10.380000,1.5142,1.5142,1.5142,1.5142,1.5142,4.2866,4.2866,4.2866,4.2866,4.2866,4.6992,4.6992,4.6992,4.6992,4.6992
10.390000,1.5150,1.5150,1.5150,1.5150,1.5150,4.2808,4.2808,4.2808,4.2808,4.2808,4.7042,4.7042,4.7042,4.7042,4.7042
10.400000,1.5158,1.5158,1.5158,1.5158,1.5158,4.2750,4.2750,4.2750,4.2750,4.2750,4.7092,4.7092,4.7092,4.7092,4.7092
10.410000,1.5166,1.5166,1.5166,1.5166,1.5166,4.2692,4.2692,4.2692,4.2692,4.2692,4.7142,4.7142,4.7142,4.7142,4.7142
10.420000,1.5174,1.5174,1.5174,1.5174,1.5174,4.2634,4.2634,4.2634,4.2634,4.2634,4.7192,4.7192,4.7192,4.7192,4.7192
10.430000,1.5182,1.5182,1.5182,1.5182,1.5182,4.2576,4.2576,4.2576,4.2576,4.2576,4.7242,4.7242,4.7242,4.7242,4.7242
10.440000,1.5191,1.5191,1.5191,1.5191,1.5191,4.2518,4.2518,4.2518,4.2518,4.2518,4.7291,4.7291,4.7291,4.7291,4.7291
10.450000,1.5200,1.5200,1.5200,1.5200,1.5200,4.2460,4.2460,4.2460,4.2460,4.2460,4.7341,4.7341,4.7341,4.7341,4.7341
10.460000,1.5208,1.5208,1.5208,1.5208,1.5208,4.2401,4.2401,4.2401,4.2401,4.2401,4.7390,4.7390,4.7390,4.7390,4.7390
10.470000,1.5218,1.5218,1.5218,1.5218,1.5218,4.2343,4.2343,4.2343,4.2343,4.2343,4.7439,4.7439,4.7439,4.7439,4.7439
10.480000,1.5227,1.5227,1.5227,1.5227,1.5227,4.2285,4.2285,4.2285,4.2285,4.2285,4.7489,4.7489,4.7489,4.7489,4.7489
10.490000,1.5237,1.5237,1.5237,1.5237,1.5237,4.2226,4.2226,4.2226,4.2226,4.2226,4.7538,4.7538,4.7538,4.7538,4.7538
10.500000,1.5246,1.5246,1.5246,1.5246,1.5246,4.2167,4.2167,4.2167,4.2167,4.2167,4.7586,4.7586,4.7586,4.7586,4.7586
10.510000,1.5256,1.5256,1.5256,1.5256,1.5256,4.2109,4.2109,4.2109,4.2109,4.2109,4.7635,4.7635,4.7635,4.7635,4.7635
10.520000,1.5266,1.5266,1.5266,1.5266,1.5266,4.2050,4.2050,4.2050,4.2050,4.2050,4.7684,4.7684,4.7684,4.7684,4.7684
10.530000,1.5277,1.5277,1.5277,1.5277,1.5277,4.1991,4.1991,4.1991,4.1991,4.1991,4.7732,4.7732,4.7732,4.7732,4.7732
10.540000,1.5287,1.5287,1.5287,1.5287,1.5287,4.1932,4.1932,4.1932,4.1932,4.1932,4.7781,4.7781,4.7781,4.7781,4.7781
10.550000,1.5298,1.5298,1.5298,1.5298,1.5298,4.1873,4.1873,4.1873,4.1873,4.1873,4.7829,4.7829,4.7829,4.7829,4.7829
10.560000,1.5309,1.5309,1.5309,1.5309,1.5309,4.1814,4.1814,4.1814,4.1814,4.1814,4.7877,4.7877,4.7877,4.7877,4.7877
10.570000,1.5320,1.5320,1.5320,1.5320,1.5320,4.1755,4.1755,4.1755,4.1755,4.1755,4.7925,4.7925,4.7925,4.7925,4.7925
10.580000,1.5331,1.5331,1.5331,1.5331,1.5331,4.1696,4.1696,4.1696,4.1696,4.1696,4.7973,4.7973,4.7973,4.7973,4.7973
10.590000,1.5343,1.5343,1.5343,1.5343,1.5343,4.1637,4.1637,4.1637,4.1637,4.1637,4.8021,4.8021,4.8021,4.8021,4.8021
10.600000,1.5354,1.5354,1.5354,1.5354,1.5354,4.1577,4.1577,4.1577,4.1577,4.1577,4.8068,4.8068,4.8068,4.8068,4.8068
10.610000,1.5366,1.5366,1.5366,1.5366,1.5366,4.1518,4.1518,4.1518,4.1518,4.1518,4.8116,4.8116,4.8116,4.8116,4.8116
10.620000,1.5378,1.5378,1.5378,1.5378,1.5378,4.1459,4.1459,4.1459,4.1459,4.1459,4.8163,4.8163,4.8163,4.8163,4.8163
10.630000,1.5390,1.5390,1.5390,1.5390,1.5390,4.1399,4.1399,4.1399,4.1399,4.1399,4.8211,4.8211,4.8211,4.8211,4.8211
10.640000,1.5403,1.5403,1.5403,1.5403,1.5403,4.1339,4.1339,4.1339,4.1339,4.1339,4.8258,4.8258,4.8258,4.8258,4.8258
10.650000,1.5416,1.5416,1.5416,1.5416,1.5416,4.1280,4.1280,4.1280,4.1280,4.1280,4.8305,4.8305,4.8305,4.8305,4.8305
10.660000,1.5428,1.5428,1.5428,1.5428,1.5428,4.1220,4.1220,4.1220,4.1220,4.1220,4.8351,4.8351,4.8351,4.8351,4.8351
10.670000,1.5441,1.5441,1.5441,1.5441,1.5441,4.1160,4.1160,4.1160,4.1160,4.1160,4.8398,4.8398,4.8398,4.8398,4.8398
10.680000,1.5455,1.5455,1.5455,1.5455,1.5455,4.1101,4.1101,4.1101,4.1101,4.1101,4.8445,4.8445,4.8445,4.8445,4.8445
10.690000,1.5468,1.5468,1.5468,1.5468,1.5468,4.1041,4.1041,4.1041,4.1041,4.1041,4.8491,4.8491,4.8491,4.8491,4.8491
10.700000,1.5482,1.5482,1.5482,1.5482,1.5482,4.0981,4.0981,4.0981,4.0981,4.0981,4.8538,4.8538,4.8538,4.8538,4.8538
10.710000,1.5495,1.5495,1.5495,1.5495,1.5495,4.0921,4.0921,4.0921,4.0921,4.0921,4.8584,4.8584,4.8584,4.8584,4.8584
10.720000,1.5509,1.5509,1.5509,1.5509,1.5509,4.0861,4.0861,4.0861,4.0861,4.0861,4.8630,4.8630,4.8630,4.8630,4.8630
10.730000,1.5524,1.5524,1.5524,1.5524,1.5524,4.0801,4.0801,4.0801,4.0801,4.0801,4.8676,4.8676,4.8676,4.8676,4.8676
10.740000,1.5538,1.5538,1.5538,1.5538,1.5538,4.0741,4.0741,4.0741,4.0741,4.0741,4.8721,4.8721,4.8721,4.8721,4.8721
10.750000,1.5553,1.5553,1.5553,1.5553,1.5553,4.0680,4.0680,4.0680,4.0680,4.0680,4.8767,4.8767,4.8767,4.8767,4.8767
10.760000,1.5567,1.5567,1.5567,1.5567,1.5567,4.0620,4.0620,4.0620,4.0620,4.0620,4.8813,4.8813,4.8813,4.8813,4.8813
10.770000,1.5582,1.5582,1.5582,1.5582,1.5582,4.0560,4.0560,4.0560,4.0560,4.0560,4.8858,4.8858,4.8858,4.8858,4.8858
10.780000,1.5597,1.5597,1.5597,1.5597,1.5597,4.0499,4.0499,4.0499,4.0499,4.0499,4.8903,4.8903,4.8903,4.8903,4.8903
10.790000,1.5613,1.5613,1.5613,1.5613,1.5613,4.0439,4.0439,4.0439,4.0439,4.0439,4.8948,4.8948,4.8948,4.8948,4.8948
10.800000,1.5628,1.5628,1.5628,1.5628,1.5628,4.0378,4.0378,4.0378,4.0378,4.0378,4.8993,4.8993,4.8993,4.8993,4.8993
10.810000,1.5644,1.5644,1.5644,1.5644,1.5644,4.0318,4.0318,4.0318,4.0318,4.0318,4.9038,4.9038,4.9038,4.9038,4.9038
10.820000,1.5660,1.5660,1.5660,1.5660,1.5660,4.0257,4.0257,4.0257,4.0257,4.0257,4.9083,4.9083,4.9083,4.9083,4.9083
10.830000,1.5676,1.5676,1.5676,1.5676,1.5676,4.0197,4.0197,4.0197,4.0197,4.0197,4.9127,4.9127,4.9127,4.9127,4.9127
10.840000,1.5692,1.5692,1.5692,1.5692,1.5692,4.0136,4.0136,4.0136,4.0136,4.0136,4.9172,4.9172,4.9172,4.9172,4.9172
10.850000,1.5709,1.5709,1.5709,1.5709,1.5709,4.0075,4.0075,4.0075,4.0075,4.0075,4.9216,4.9216,4.9216,4.9216,4.9216
10.860000,1.5726,1.5726,1.5726,1.5726,1.5726,4.0014,4.0014,4.0014,4.0014,4.0014,4.9260,4.9260,4.9260,4.9260,4.9260
10.870000,1.5742,1.5742,1.5742,1.5742,1.5742,3.9954,3.9954,3.9954,3.9954,3.9954,4.9304,4.9304,4.9304,4.9304,4.9304
10.880000,1.5759,1.5759,1.5759,1.5759,1.5759,3.9893,3.9893,3.9893,3.9893,3.9893,4.9348,4.9348,4.9348,4.9348,4.9348
10.890000,1.5777,1.5777,1.5777,1.5777,1.5777,3.9832,3.9832,3.9832,3.9832,3.9832,4.9392,4.9392,4.9392,4.9392,4.9392
10.900000,1.5794,1.5794,1.5794,1.5794,1.5794,3.9771,3.9771,3.9771,3.9771,3.9771,4.9435,4.9435,4.9435,4.9435,4.9435
10.910000,1.5812,1.5812,1.5812,1.5812,1.5812,3.9710,3.9710,3.9710,3.9710,3.9710,4.9479,4.9479,4.9479,4.9479,4.9479
10.920000,1.5830,1.5830,1.5830,1.5830,1.5830,3.9649,3.9649,3.9649,3.9649,3.9649,4.9522,4.9522,4.9522,4.9522,4.9522
10.930000,1.5848,1.5848,1.5848,1.5848,1.5848,3.9587,3.9587,3.9587,3.9587,3.9587,4.9565,4.9565,4.9565,4.9565,4.9565
10.940000,1.5866,1.5866,1.5866,1.5866,1.5866,3.9526,3.9526,3.9526,3.9526,3.9526,4.9608,4.9608,4.9608,4.9608,4.9608
10.950000,1.5884,1.5884,1.5884,1.5884,1.5884,3.9465,3.9465,3.9465,3.9465,3.9465,4.9651,4.9651,4.9651,4.9651,4.9651
10.960000,1.5903,1.5903,1.5903,1.5903,1.5903,3.9404,3.9404,3.9404,3.9404,3.9404,4.9694,4.9694,4.9694,4.9694,4.9694
10.970000,1.5921,1.5921,1.5921,1.5921,1.5921,3.9342,3.9342,3.9342,3.9342,3.9342,4.9736,4.9736,4.9736,4.9736,4.9736
10.980000,1.5940,1.5940,1.5940,1.5940,1.5940,3.9281,3.9281,3.9281,3.9281,3.9281,4.9779,4.9779,4.9779,4.9779,4.9779
10.990000,1.5960,1.5960,1.5960,1.5960,1.5960,3.9220,3.9220,3.9220,3.9220,3.9220,4.9821,4.9821,4.9821,4.9821,4.9821
11.000000,1.5979,1.5979,1.5979,1.5979,1.5979,3.9158,3.9158,3.9158,3.9158,3.9158,4.9863,4.9863,4.9863,4.9863,4.9863
11.010000,1.5998,1.5998,1.5998,1.5998,1.5998,3.9097,3.9097,3.9097,3.9097,3.9097,4.9905,4.9905,4.9905,4.9905,4.9905
11.020000,1.6018,1.6018,1.6018,1.6018,1.6018,3.9035,3.9035,3.9035,3.9035,3.9035,4.9947,4.9947,4.9947,4.9947,4.9947
11.030000,1.6038,1.6038,1.6038,1.6038,1.6038,3.8974,3.8974,3.8974,3.8974,3.8974,4.9988,4.9988,4.9988,4.9988,4.9988
11.040000,1.6058,1.6058,1.6058,1.6058,1.6058,3.8912,3.8912,3.8912,3.8912,3.8912,5.0030,5.0030,5.0030,5.0030,5.0030
11.050000,1.6078,1.6078,1.6078,1.6078,1.6078,3.8850,3.8850,3.8850,3.8850,3.8850,5.0071,5.0071,5.0071,5.0071,5.0071
11.060000,1.6099,1.6099,1.6099,1.6099,1.6099,3.8789,3.8789,3.8789,3.8789,3.8789,5.0112,5.0112,5.0112,5.0112,5.0112
11.070000,1.6119,1.6119,1.6119,1.6119,1.6119,3.8727,3.8727,3.8727,3.8727,3.8727,5.0154,5.0154,5.0154,5.0154,5.0154
11.080000,1.6140,1.6140,1.6140,1.6140,1.6140,3.8665,3.8665,3.8665,3.8665,3.8665,5.0195,5.0195,5.0195,5.0195,5.0195
11.090000,1.6161,1.6161,1.6161,1.6161,1.6161,3.8604,3.8604,3.8604,3.8604,3.8604,5.0235,5.0235,5.0235,5.0235,5.0235
11.100000,1.6182,1.6182,1.6182,1.6182,1.6182,3.8542,3.8542,3.8542,3.8542,3.8542,5.0276,5.0276,5.0276,5.0276,5.0276
11.110000,1.6204,1.6204,1.6204,1.6204,1.6204,3.8480,3.8480,3.8480,3.8480,3.8480,5.0316,5.0316,5.0316,5.0316,5.0316
11.120000,1.6225,1.6225,1.6225,1.6225,1.6225,3.8418,3.8418,3.8418,3.8418,3.8418,5.0357,5.0357,5.0357,5.0357,5.0357
11.130000,1.6247,1.6247,1.6247,1.6247,1.6247,3.8356,3.8356,3.8356,3.8356,3.8356,5.0397,5.0397,5.0397,5.0397,5.0397
11.140000,1.6269,1.6269,1.6269,1.6269,1.6269,3.8294,3.8294,3.8294,3.8294,3.8294,5.0437,5.0437,5.0437,5.0437,5.0437
11.150000,1.6291,1.6291,1.6291,1.6291,1.6291,3.8232,3.8232,3.8232,3.8232,3.8232,5.0477,5.0477,5.0477,5.0477,5.0477
11.160000,1.6313,1.6313,1.6313,1.6313,1.6313,3.8170,3.8170,3.8170,3.8170,3.8170,5.0517,5.0517,5.0517,5.0517,5.0517
11.170000,1.6336,1.6336,1.6336,1.6336,1.6336,3.8108,3.8108,3.8108,3.8108,3.8108,5.0556,5.0556,5.0556,5.0556,5.0556
11.180000,1.6359,1.6359,1.6359,1.6359,1.6359,3.8046,3.8046,3.8046,3.8046,3.8046,5.0596,5.0596,5.0596,5.0596,5.0596
11.190000,1.6381,1.6381,1.6381,1.6381,1.6381,3.7984,3.7984,3.7984,3.7984,3.7984,5.0635,5.0635,5.0635,5.0635,5.0635
11.200000,1.6404,1.6404,1.6404,1.6404,1.6404,3.7922,3.7922,3.7922,3.7922,3.7922,5.0674,5.0674,5.0674,5.0674,5.0674
11.210000,1.6428,1.6428,1.6428,1.6428,1.6428,3.7859,3.7859,3.7859,3.7859,3.7859,5.0713,5.0713,5.0713,5.0713,5.0713
11.220000,1.6451,1.6451,1.6451,1.6451,1.6451,3.7797,3.7797,3.7797,3.7797,3.7797,5.0752,5.0752,5.0752,5.0752,5.0752
11.230000,1.6475,1.6475,1.6475,1.6475,1.6475,3.7735,3.7735,3.7735,3.7735,3.7735,5.0790,5.0790,5.0790,5.0790,5.0790
11.240000,1.6498,1.6498,1.6498,1.6498,1.6498,3.7673,3.7673,3.7673,3.7673,3.7673,5.0829,5.0829,5.0829,5.0829,5.0829
11.250000,1.6522,1.6522,1.6522,1.6522,1.6522,3.7611,3.7611,3.7611,3.7611,3.7611,5.0867,5.0867,5.0867,5.0867,5.0867
11.260000,1.6547,1.6547,1.6547,1.6547,1.6547,3.7548,3.7548,3.7548,3.7548,3.7548,5.0905,5.0905,5.0905,5.0905,5.0905
11.270000,1.6571,1.6571,1.6571,1.6571,1.6571,3.7486,3.7486,3.7486,3.7486,3.7486,5.0943,5.0943,5.0943,5.0943,5.0943
11.280000,1.6595,1.6595,1.6595,1.6595,1.6595,3.7424,3.7424,3.7424,3.7424,3.7424,5.0981,5.0981,5.0981,5.0981,5.0981
11.290000,1.6620,1.6620,1.6620,1.6620,1.6620,3.7361,3.7361,3.7361,3.7361,3.7361,5.1019,5.1019,5.1019,5.1019,5.1019
11.300000,1.6645,1.6645,1.6645,1.6645,1.6645,3.7299,3.7299,3.7299,3.7299,3.7299,5.1056,5.1056,5.1056,5.1056,5.1056
11.310000,1.6670,1.6670,1.6670,1.6670,1.6670,3.7236,3.7236,3.7236,3.7236,3.7236,5.1094,5.1094,5.1094,5.1094,5.1094
11.320000,1.6695,1.6695,1.6695,1.6695,1.6695,3.7174,3.7174,3.7174,3.7174,3.7174,5.1131,5.1131,5.1131,5.1131,5.1131
11.330000,1.6721,1.6721,1.6721,1.6721,1.6721,3.7111,3.7111,3.7111,3.7111,3.7111,5.1168,5.1168,5.1168,5.1168,5.1168
11.340000,1.6746,1.6746,1.6746,1.6746,1.6746,3.7049,3.7049,3.7049,3.7049,3.7049,5.1205,5.1205,5.1205,5.1205,5.1205
11.350000,1.6772,1.6772,1.6772,1.6772,1.6772,3.6986,3.6986,3.6986,3.6986,3.6986,5.1242,5.1242,5.1242,5.1242,5.1242
11.360000,1.6798,1.6798,1.6798,1.6798,1.6798,3.6924,3.6924,3.6924,3.6924,3.6924,5.1278,5.1278,5.1278,5.1278,5.1278
11.370000,1.6824,1.6824,1.6824,1.6824,1.6824,3.6861,3.6861,3.6861,3.6861,3.6861,5.1315,5.1315,5.1315,5.1315,5.1315
11.380000,1.6850,1.6850,1.6850,1.6850,1.6850,3.6799,3.6799,3.6799,3.6799,3.6799,5.1351,5.1351,5.1351,5.1351,5.1351
11.390000,1.6877,1.6877,1.6877,1.6877,1.6877,3.6736,3.6736,3.6736,3.6736,3.6736,5.1387,5.1387,5.1387,5.1387,5.1387
11.400000,1.6903,1.6903,1.6903,1.6903,1.6903,3.6674,3.6674,3.6674,3.6674,3.6674,5.1423,5.1423,5.1423,5.1423,5.1423
11.410000,1.6930,1.6930,1.6930,1.6930,1.6930,3.6611,3.6611,3.6611,3.6611,3.6611,5.1459,5.1459,5.1459,5.1459,5.1459
11.420000,1.6957,1.6957,1.6957,1.6957,1.6957,3.6548,3.6548,3.6548,3.6548,3.6548,5.1494,5.1494,5.1494,5.1494,5.1494
11.430000,1.6985,1.6985,1.6985,1.6985,1.6985,3.6486,3.6486,3.6486,3.6486,3.6486,5.1530,5.1530,5.1530,5.1530,5.1530
11.440000,1.7012,1.7012,1.7012,1.7012,1.7012,3.6423,3.6423,3.6423,3.6423,3.6423,5.1565,5.1565,5.1565,5.1565,5.1565
11.450000,1.7039,1.7039,1.7039,1.7039,1.7039,3.6360,3.6360,3.6360,3.6360,3.6360,5.1600,5.1600,5.1600,5.1600,5.1600
11.460000,1.7067,1.7067,1.7067,1.7067,1.7067,3.6298,3.6298,3.6298,3.6298,3.6298,5.1635,5.1635,5.1635,5.1635,5.1635
11.470000,1.7095,1.7095,1.7095,1.7095,1.7095,3.6235,3.6235,3.6235,3.6235,3.6235,5.1670,5.1670,5.1670,5.1670,5.1670
11.480000,1.7123,1.7123,1.7123,1.7123,1.7123,3.6172,3.6172,3.6172,3.6172,3.6172,5.1705,5.1705,5.1705,5.1705,5.1705
11.490000,1.7151,1.7151,1.7151,1.7151,1.7151,3.6109,3.6109,3.6109,3.6109,3.6109,5.1739,5.1739,5.1739,5.1739,5.1739
11.500000,1.7180,1.7180,1.7180,1.7180,1.7180,3.6047,3.6047,3.6047,3.6047,3.6047,5.1773,5.1773,5.1773,5.1773,5.1773
11.510000,1.7208,1.7208,1.7208,1.7208,1.7208,3.5984,3.5984,3.5984,3.5984,3.5984,5.1808,5.1808,5.1808,5.1808,5.1808
11.520000,1.7237,1.7237,1.7237,1.7237,1.7237,3.5921,3.5921,3.5921,3.5921,3.5921,5.1842,5.1842,5.1842,5.1842,5.1842
11.530000,1.7266,1.7266,1.7266,1.7266,1.7266,3.5858,3.5858,3.5858,3.5858,3.5858,5.1875,5.1875,5.1875,5.1875,5.1875
11.540000,1.7295,1.7295,1.7295,1.7295,1.7295,3.5796,3.5796,3.5796,3.5796,3.5796,5.1909,5.1909,5.1909,5.1909,5.1909
11.550000,1.7325,1.7325,1.7325,1.7325,1.7325,3.5733,3.5733,3.5733,3.5733,3.5733,5.1942,5.1942,5.1942,5.1942,5.1942
11.560000,1.7354,1.7354,1.7354,1.7354,1.7354,3.5670,3.5670,3.5670,3.5670,3.5670,5.1976,5.1976,5.1976,5.1976,5.1976
11.570000,1.7384,1.7384,1.7384,1.7384,1.7384,3.5607,3.5607,3.5607,3.5607,3.5607,5.2009,5.2009,5.2009,5.2009,5.2009
11.580000,1.7414,1.7414,1.7414,1.7414,1.7414,3.5544,3.5544,3.5544,3.5544,3.5544,5.2042,5.2042,5.2042,5.2042,5.2042
11.590000,1.7444,1.7444,1.7444,1.7444,1.7444,3.5482,3.5482,3.5482,3.5482,3.5482,5.2075,5.2075,5.2075,5.2075,5.2075
11.600000,1.7474,1.7474,1.7474,1.7474,1.7474,3.5419,3.5419,3.5419,3.5419,3.5419,5.2107,5.2107,5.2107,5.2107,5.2107
11.610000,1.7504,1.7504,1.7504,1.7504,1.7504,3.5356,3.5356,3.5356,3.5356,3.5356,5.2140,5.2140,5.2140,5.2140,5.2140
11.620000,1.7535,1.7535,1.7535,1.7535,1.7535,3.5293,3.5293,3.5293,3.5293,3.5293,5.2172,5.2172,5.2172,5.2172,5.2172
11.630000,1.7565,1.7565,1.7565,1.7565,1.7565,3.5230,3.5230,3.5230,3.5230,3.5230,5.2204,5.2204,5.2204,5.2204,5.2204
11.640000,1.7596,1.7596,1.7596,1.7596,1.7596,3.5168,3.5168,3.5168,3.5168,3.5168,5.2236,5.2236,5.2236,5.2236,5.2236
11.650000,1.7627,1.7627,1.7627,1.7627,1.7627,3.5105,3.5105,3.5105,3.5105,3.5105,5.2268,5.2268,5.2268,5.2268,5.2268
11.660000,1.7659,1.7659,1.7659,1.7659,1.7659,3.5042,3.5042,3.5042,3.5042,3.5042,5.2300,5.2300,5.2300,5.2300,5.2300
11.670000,1.7690,1.7690,1.7690,1.7690,1.7690,3.4979,3.4979,3.4979,3.4979,3.4979,5.2331,5.2331,5.2331,5.2331,5.2331
11.680000,1.7722,1.7722,1.7722,1.7722,1.7722,3.4916,3.4916,3.4916,3.4916,3.4916,5.2362,5.2362,5.2362,5.2362,5.2362
11.690000,1.7753,1.7753,1.7753,1.7753,1.7753,3.4853,3.4853,3.4853,3.4853,3.4853,5.2393,5.2393,5.2393,5.2393,5.2393
11.700000,1.7785,1.7785,1.7785,1.7785,1.7785,3.4791,3.4791,3.4791,3.4791,3.4791,5.2424,5.2424,5.2424,5.2424,5.2424
11.710000,1.7817,1.7817,1.7817,1.7817,1.7817,3.4728,3.4728,3.4728,3.4728,3.4728,5.2455,5.2455,5.2455,5.2455,5.2455
11.720000,1.7849,1.7849,1.7849,1.7849,1.7849,3.4665,3.4665,3.4665,3.4665,3.4665,5.2486,5.2486,5.2486,5.2486,5.2486
11.730000,1.7882,1.7882,1.7882,1.7882,1.7882,3.4602,3.4602,3.4602,3.4602,3.4602,5.2516,5.2516,5.2516,5.2516,5.2516
11.740000,1.7914,1.7914,1.7914,1.7914,1.7914,3.4539,3.4539,3.4539,3.4539,3.4539,5.2546,5.2546,5.2546,5.2546,5.2546
11.750000,1.7947,1.7947,1.7947,1.7947,1.7947,3.4476,3.4476,3.4476,3.4476,3.4476,5.2576,5.2576,5.2576,5.2576,5.2576
11.760000,1.7980,1.7980,1.7980,1.7980,1.7980,3.4414,3.4414,3.4414,3.4414,3.4414,5.2606,5.2606,5.2606,5.2606,5.2606
11.770000,1.8013,1.8013,1.8013,1.8013,1.8013,3.4351,3.4351,3.4351,3.4351,3.4351,5.2636,5.2636,5.2636,5.2636,5.2636
11.780000,1.8046,1.8046,1.8046,1.8046,1.8046,3.4288,3.4288,3.4288,3.4288,3.4288,5.2666,5.2666,5.2666,5.2666,5.2666
11.790000,1.8080,1.8080,1.8080,1.8080,1.8080,3.4225,3.4225,3.4225,3.4225,3.4225,5.2695,5.2695,5.2695,5.2695,5.2695
11.800000,1.8113,1.8113,1.8113,1.8113,1.8113,3.4162,3.4162,3.4162,3.4162,3.4162,5.2724,5.2724,5.2724,5.2724,5.2724
11.810000,1.8147,1.8147,1.8147,1.8147,1.8147,3.4100,3.4100,3.4100,3.4100,3.4100,5.2753,5.2753,5.2753,5.2753,5.2753
11.820000,1.8181,1.8181,1.8181,1.8181,1.8181,3.4037,3.4037,3.4037,3.4037,3.4037,5.2782,5.2782,5.2782,5.2782,5.2782
11.830000,1.8215,1.8215,1.8215,1.8215,1.8215,3.3974,3.3974,3.3974,3.3974,3.3974,5.2811,5.2811,5.2811,5.2811,5.2811
11.840000,1.8249,1.8249,1.8249,1.8249,1.8249,3.3911,3.3911,3.3911,3.3911,3.3911,5.2839,5.2839,5.2839,5.2839,5.2839
11.850000,1.8284,1.8284,1.8284,1.8284,1.8284,3.3849,3.3849,3.3849,3.3849,3.3849,5.2867,5.2867,5.2867,5.2867,5.2867
11.860000,1.8318,1.8318,1.8318,1.8318,1.8318,3.3786,3.3786,3.3786,3.3786,3.3786,5.2896,5.2896,5.2896,5.2896,5.2896
11.870000,1.8353,1.8353,1.8353,1.8353,1.8353,3.3723,3.3723,3.3723,3.3723,3.3723,5.2924,5.2924,5.2924,5.2924,5.2924
11.880000,1.8388,1.8388,1.8388,1.8388,1.8388,3.3661,3.3661,3.3661,3.3661,3.3661,5.2951,5.2951,5.2951,5.2951,5.2951
11.890000,1.8423,1.8423,1.8423,1.8423,1.8423,3.3598,3.3598,3.3598,3.3598,3.3598,5.2979,5.2979,5.2979,5.2979,5.2979
11.900000,1.8458,1.8458,1.8458,1.8458,1.8458,3.3535,3.3535,3.3535,3.3535,3.3535,5.3006,5.3006,5.3006,5.3006,5.3006
11.910000,1.8494,1.8494,1.8494,1.8494,1.8494,3.3473,3.3473,3.3473,3.3473,3.3473,5.3034,5.3034,5.3034,5.3034,5.3034
11.920000,1.8529,1.8529,1.8529,1.8529,1.8529,3.3410,3.3410,3.3410,3.3410,3.3410,5.3061,5.3061,5.3061,5.3061,5.3061
11.930000,1.8565,1.8565,1.8565,1.8565,1.8565,3.3347,3.3347,3.3347,3.3347,3.3347,5.3088,5.3088,5.3088,5.3088,5.3088
11.940000,1.8601,1.8601,1.8601,1.8601,1.8601,3.3285,3.3285,3.3285,3.3285,3.3285,5.3114,5.3114,5.3114,5.3114,5.3114
11.950000,1.8637,1.8637,1.8637,1.8637,1.8637,3.3222,3.3222,3.3222,3.3222,3.3222,5.3141,5.3141,5.3141,5.3141,5.3141
11.960000,1.8673,1.8673,1.8673,1.8673,1.8673,3.3160,3.3160,3.3160,3.3160,3.3160,5.3167,5.3167,5.3167,5.3167,5.3167
11.970000,1.8710,1.8710,1.8710,1.8710,1.8710,3.3097,3.3097,3.3097,3.3097,3.3097,5.3193,5.3193,5.3193,5.3193,5.3193
11.980000,1.8746,1.8746,1.8746,1.8746,1.8746,3.3034,3.3034,3.3034,3.3034,3.3034,5.3219,5.3219,5.3219,5.3219,5.3219
11.990000,1.8783,1.8783,1.8783,1.8783,1.8783,3.2972,3.2972,3.2972,3.2972,3.2972,5.3245,5.3245,5.3245,5.3245,5.3245
12.000000,1.8820,1.8820,1.8820,1.8820,1.8820,3.2909,3.2909,3.2909,3.2909,3.2909,5.3271,5.3271,5.3271,5.3271,5.3271
12.010000,1.8857,1.8857,1.8857,1.8857,1.8857,3.2847,3.2847,3.2847,3.2847,3.2847,5.3296,5.3296,5.3296,5.3296,5.3296
12.020000,1.8894,1.8894,1.8894,1.8894,1.8894,3.2784,3.2784,3.2784,3.2784,3.2784,5.3322,5.3322,5.3322,5.3322,5.3322
12.030000,1.8931,1.8931,1.8931,1.8931,1.8931,3.2722,3.2722,3.2722,3.2722,3.2722,5.3347,5.3347,5.3347,5.3347,5.3347
12.040000,1.8969,1.8969,1.8969,1.8969,1.8969,3.2660,3.2660,3.2660,3.2660,3.2660,5.3372,5.3372,5.3372,5.3372,5.3372
12.050000,1.9006,1.9006,1.9006,1.9006,1.9006,3.2597,3.2597,3.2597,3.2597,3.2597,5.3396,5.3396,5.3396,5.3396,5.3396
12.060000,1.9044,1.9044,1.9044,1.9044,1.9044,3.2535,3.2535,3.2535,3.2535,3.2535,5.3421,5.3421,5.3421,5.3421,5.3421
12.070000,1.9082,1.9082,1.9082,1.9082,1.9082,3.2473,3.2473,3.2473,3.2473,3.2473,5.3445,5.3445,5.3445,5.3445,5.3445
12.080000,1.9120,1.9120,1.9120,1.9120,1.9120,3.2410,3.2410,3.2410,3.2410,3.2410,5.3470,5.3470,5.3470,5.3470,5.3470
12.090000,1.9158,1.9158,1.9158,1.9158,1.9158,3.2348,3.2348,3.2348,3.2348,3.2348,5.3494,5.3494,5.3494,5.3494,5.3494
12.100000,1.9197,1.9197,1.9197,1.9197,1.9197,3.2286,3.2286,3.2286,3.2286,3.2286,5.3517,5.3517,5.3517,5.3517,5.3517
12.110000,1.9235,1.9235,1.9235,1.9235,1.9235,3.2223,3.2223,3.2223,3.2223,3.2223,5.3541,5.3541,5.3541,5.3541,5.3541
12.120000,1.9274,1.9274,1.9274,1.9274,1.9274,3.2161,3.2161,3.2161,3.2161,3.2161,5.3565,5.3565,5.3565,5.3565,5.3565
12.130000,1.9313,1.9313,1.9313,1.9313,1.9313,3.2099,3.2099,3.2099,3.2099,3.2099,5.3588,5.3588,5.3588,5.3588,5.3588
12.140000,1.9352,1.9352,1.9352,1.9352,1.9352,3.2037,3.2037,3.2037,3.2037,3.2037,5.3611,5.3611,5.3611,5.3611,5.3611
12.150000,1.9391,1.9391,1.9391,1.9391,1.9391,3.1975,3.1975,3.1975,3.1975,3.1975,5.3634,5.3634,5.3634,5.3634,5.3634
12.160000,1.9431,1.9431,1.9431,1.9431,1.9431,3.1913,3.1913,3.1913,3.1913,3.1913,5.3657,5.3657,5.3657,5.3657,5.3657
12.170000,1.9470,1.9470,1.9470,1.9470,1.9470,3.1851,3.1851,3.1851,3.1851,3.1851,5.3679,5.3679,5.3679,5.3679,5.3679
12.180000,1.9510,1.9510,1.9510,1.9510,1.9510,3.1789,3.1789,3.1789,3.1789,3.1789,5.3701,5.3701,5.3701,5.3701,5.3701
12.190000,1.9550,1.9550,1.9550,1.9550,1.9550,3.1727,3.1727,3.1727,3.1727,3.1727,5.3724,5.3724,5.3724,5.3724,5.3724
12.200000,1.9590,1.9590,1.9590,1.9590,1.9590,3.1665,3.1665,3.1665,3.1665,3.1665,5.3746,5.3746,5.3746,5.3746,5.3746
12.210000,1.9630,1.9630,1.9630,1.9630,1.9630,3.1603,3.1603,3.1603,3.1603,3.1603,5.3767,5.3767,5.3767,5.3767,5.3767
12.220000,1.9670,1.9670,1.9670,1.9670,1.9670,3.1541,3.1541,3.1541,3.1541,3.1541,5.3789,5.3789,5.3789,5.3789,5.3789
12.230000,1.9711,1.9711,1.9711,1.9711,1.9711,3.1479,3.1479,3.1479,3.1479,3.1479,5.3811,5.3811,5.3811,5.3811,5.3811
12.240000,1.9751,1.9751,1.9751,1.9751,1.9751,3.1417,3.1417,3.1417,3.1417,3.1417,5.3832,5.3832,5.3832,5.3832,5.3832
12.250000,1.9792,1.9792,1.9792,1.9792,1.9792,3.1355,3.1355,3.1355,3.1355,3.1355,5.3853,5.3853,5.3853,5.3853,5.3853
12.260000,1.9833,1.9833,1.9833,1.9833,1.9833,3.1294,3.1294,3.1294,3.1294,3.1294,5.3874,5.3874,5.3874,5.3874,5.3874
12.270000,1.9874,1.9874,1.9874,1.9874,1.9874,3.1232,3.1232,3.1232,3.1232,3.1232,5.3894,5.3894,5.3894,5.3894,5.3894
12.280000,1.9915,1.9915,1.9915,1.9915,1.9915,3.1170,3.1170,3.1170,3.1170,3.1170,5.3915,5.3915,5.3915,5.3915,5.3915
12.290000,1.9956,1.9956,1.9956,1.9956,1.9956,3.1108,3.1108,3.1108,3.1108,3.1108,5.3935,5.3935,5.3935,5.3935,5.3935
12.300000,1.9998,1.9998,1.9998,1.9998,1.9998,3.1047,3.1047,3.1047,3.1047,3.1047,5.3955,5.3955,5.3955,5.3955,5.3955
12.310000,2.0039,2.0039,2.0039,2.0039,2.0039,3.0985,3.0985,3.0985,3.0985,3.0985,5.3975,5.3975,5.3975,5.3975,5.3975
12.320000,2.0081,2.0081,2.0081,2.0081,2.0081,3.0924,3.0924,3.0924,3.0924,3.0924,5.3995,5.3995,5.3995,5.3995,5.3995
12.330000,2.0123,2.0123,2.0123,2.0123,2.0123,3.0862,3.0862,3.0862,3.0862,3.0862,5.4015,5.4015,5.4015,5.4015,5.4015
12.340000,2.0165,2.0165,2.0165,2.0165,2.0165,3.0801,3.0801,3.0801,3.0801,3.0801,5.4034,5.4034,5.4034,5.4034,5.4034
12.350000,2.0207,2.0207,2.0207,2.0207,2.0207,3.0739,3.0739,3.0739,3.0739,3.0739,5.4053,5.4053,5.4053,5.4053,5.4053
12.360000,2.0250,2.0250,2.0250,2.0250,2.0250,3.0678,3.0678,3.0678,3.0678,3.0678,5.4072,5.4072,5.4072,5.4072,5.4072
12.370000,2.0292,2.0292,2.0292,2.0292,2.0292,3.0617,3.0617,3.0617,3.0617,3.0617,5.4091,5.4091,5.4091,5.4091,5.4091
12.380000,2.0335,2.0335,2.0335,2.0335,2.0335,3.0555,3.0555,3.0555,3.0555,3.0555,5.4110,5.4110,5.4110,5.4110,5.4110
12.390000,2.0378,2.0378,2.0378,2.0378,2.0378,3.0494,3.0494,3.0494,3.0494,3.0494,5.4128,5.4128,5.4128,5.4128,5.4128
12.400000,2.0421,2.0421,2.0421,2.0421,2.0421,3.0433,3.0433,3.0433,3.0433,3.0433,5.4146,5.4146,5.4146,5.4146,5.4146
12.410000,2.0464,2.0464,2.0464,2.0464,2.0464,3.0372,3.0372,3.0372,3.0372,3.0372,5.4164,5.4164,5.4164,5.4164,5.4164
12.420000,2.0507,2.0507,2.0507,2.0507,2.0507,3.0311,3.0311,3.0311,3.0311,3.0311,5.4182,5.4182,5.4182,5.4182,5.4182
12.430000,2.0550,2.0550,2.0550,2.0550,2.0550,3.0250,3.0250,3.0250,3.0250,3.0250,5.4200,5.4200,5.4200,5.4200,5.4200
12.440000,2.0594,2.0594,2.0594,2.0594,2.0594,3.0189,3.0189,3.0189,3.0189,3.0189,5.4218,5.4218,5.4218,5.4218,5.4218
12.450000,2.0637,2.0637,2.0637,2.0637,2.0637,3.0128,3.0128,3.0128,3.0128,3.0128,5.4235,5.4235,5.4235,5.4235,5.4235
12.460000,2.0681,2.0681,2.0681,2.0681,2.0681,3.0067,3.0067,3.0067,3.0067,3.0067,5.4252,5.4252,5.4252,5.4252,5.4252
12.470000,2.0725,2.0725,2.0725,2.0725,2.0725,3.0006,3.0006,3.0006,3.0006,3.0006,5.4269,5.4269,5.4269,5.4269,5.4269
12.480000,2.0769,2.0769,2.0769,2.0769,2.0769,2.9945,2.9945,2.9945,2.9945,2.9945,5.4286,5.4286,5.4286,5.4286,5.4286
12.490000,2.0814,2.0814,2.0814,2.0814,2.0814,2.9884,2.9884,2.9884,2.9884,2.9884,5.4302,5.4302,5.4302,5.4302,5.4302
12.500000,2.0858,2.0858,2.0858,2.0858,2.0858,2.9824,2.9824,2.9824,2.9824,2.9824,5.4319,5.4319,5.4319,5.4319,5.4319
12.510000,2.0902,2.0902,2.0902,2.0902,2.0902,2.9763,2.9763,2.9763,2.9763,2.9763,5.4335,5.4335,5.4335,5.4335,5.4335
12.520000,2.0947,2.0947,2.0947,2.0947,2.0947,2.9702,2.9702,2.9702,2.9702,2.9702,5.4351,5.4351,5.4351,5.4351,5.4351
12.530000,2.0992,2.0992,2.0992,2.0992,2.0992,2.9642,2.9642,2.9642,2.9642,2.9642,5.4366,5.4366,5.4366,5.4366,5.4366
12.540000,2.1037,2.1037,2.1037,2.1037,2.1037,2.9581,2.9581,2.9581,2.9581,2.9581,5.4382,5.4382,5.4382,5.4382,5.4382
12.550000,2.1082,2.1082,2.1082,2.1082,2.1082,2.9521,2.9521,2.9521,2.9521,2.9521,5.4397,5.4397,5.4397,5.4397,5.4397
12.560000,2.1127,2.1127,2.1127,2.1127,2.1127,2.9460,2.9460,2.9460,2.9460,2.9460,5.4413,5.4413,5.4413,5.4413,5.4413
12.570000,2.1172,2.1172,2.1172,2.1172,2.1172,2.9400,2.9400,2.9400,2.9400,2.9400,5.4428,5.4428,5.4428,5.4428,5.4428
12.580000,2.1218,2.1218,2.1218,2.1218,2.1218,2.9340,2.9340,2.9340,2.9340,2.9340,5.4442,5.4442,5.4442,5.4442,5.4442
12.590000,2.1263,2.1263,2.1263,2.1263,2.1263,2.9280,2.9280,2.9280,2.9280,2.9280,5.4457,5.4457,5.4457,5.4457,5.4457
12.600000,2.1309,2.1309,2.1309,2.1309,2.1309,2.9219,2.9219,2.9219,2.9219,2.9219,5.4472,5.4472,5.4472,5.4472,5.4472
12.610000,2.1355,2.1355,2.1355,2.1355,2.1355,2.9159,2.9159,2.9159,2.9159,2.9159,5.4486,5.4486,5.4486,5.4486,5.4486
12.620000,2.1401,2.1401,2.1401,2.1401,2.1401,2.9099,2.9099,2.9099,2.9099,2.9099,5.4500,5.4500,5.4500,5.4500,5.4500
12.630000,2.1447,2.1447,2.1447,2.1447,2.1447,2.9039,2.9039,2.9039,2.9039,2.9039,5.4514,5.4514,5.4514,5.4514,5.4514
12.640000,2.1493,2.1493,2.1493,2.1493,2.1493,2.8979,2.8979,2.8979,2.8979,2.8979,5.4527,5.4527,5.4527,5.4527,5.4527
12.650000,2.1540,2.1540,2.1540,2.1540,2.1540,2.8919,2.8919,2.8919,2.8919,2.8919,5.4541,5.4541,5.4541,5.4541,5.4541
12.660000,2.1586,2.1586,2.1586,2.1586,2.1586,2.8860,2.8860,2.8860,2.8860,2.8860,5.4554,5.4554,5.4554,5.4554,5.4554
12.670000,2.1633,2.1633,2.1633,2.1633,2.1633,2.8800,2.8800,2.8800,2.8800,2.8800,5.4567,5.4567,5.4567,5.4567,5.4567
12.680000,2.1680,2.1680,2.1680,2.1680,2.1680,2.8740,2.8740,2.8740,2.8740,2.8740,5.4580,5.4580,5.4580,5.4580,5.4580
12.690000,2.1727,2.1727,2.1727,2.1727,2.1727,2.8680,2.8680,2.8680,2.8680,2.8680,5.4593,5.4593,5.4593,5.4593,5.4593
12.700000,2.1774,2.1774,2.1774,2.1774,2.1774,2.8621,2.8621,2.8621,2.8621,2.8621,5.4605,5.4605,5.4605,5.4605,5.4605
12.710000,2.1821,2.1821,2.1821,2.1821,2.1821,2.8561,2.8561,2.8561,2.8561,2.8561,5.4618,5.4618,5.4618,5.4618,5.4618
12.720000,2.1868,2.1868,2.1868,2.1868,2.1868,2.8502,2.8502,2.8502,2.8502,2.8502,5.4630,5.4630,5.4630,5.4630,5.4630
12.730000,2.1916,2.1916,2.1916,2.1916,2.1916,2.8442,2.8442,2.8442,2.8442,2.8442,5.4642,5.4642,5.4642,5.4642,5.4642
12.740000,2.1963,2.1963,2.1963,2.1963,2.1963,2.8383,2.8383,2.8383,2.8383,2.8383,5.4654,5.4654,5.4654,5.4654,5.4654
12.750000,2.2011,2.2011,2.2011,2.2011,2.2011,2.8324,2.8324,2.8324,2.8324,2.8324,5.4665,5.4665,5.4665,5.4665,5.4665
12.760000,2.2059,2.2059,2.2059,2.2059,2.2059,2.8265,2.8265,2.8265,2.8265,2.8265,5.4676,5.4676,5.4676,5.4676,5.4676
12.770000,2.2107,2.2107,2.2107,2.2107,2.2107,2.8206,2.8206,2.8206,2.8206,2.8206,5.4688,5.4688,5.4688,5.4688,5.4688
12.780000,2.2155,2.2155,2.2155,2.2155,2.2155,2.8146,2.8146,2.8146,2.8146,2.8146,5.4699,5.4699,5.4699,5.4699,5.4699
12.790000,2.2203,2.2203,2.2203,2.2203,2.2203,2.8087,2.8087,2.8087,2.8087,2.8087,5.4709,5.4709,5.4709,5.4709,5.4709
12.800000,2.2252,2.2252,2.2252,2.2252,2.2252,2.8029,2.8029,2.8029,2.8029,2.8029,5.4720,5.4720,5.4720,5.4720,5.4720
12.810000,2.2300,2.2300,2.2300,2.2300,2.2300,2.7970,2.7970,2.7970,2.7970,2.7970,5.4730,5.4730,5.4730,5.4730,5.4730
12.820000,2.2349,2.2349,2.2349,2.2349,2.2349,2.7911,2.7911,2.7911,2.7911,2.7911,5.4740,5.4740,5.4740,5.4740,5.4740
12.830000,2.2397,2.2397,2.2397,2.2397,2.2397,2.7852,2.7852,2.7852,2.7852,2.7852,5.4750,5.4750,5.4750,5.4750,5.4750
12.840000,2.2446,2.2446,2.2446,2.2446,2.2446,2.7794,2.7794,2.7794,2.7794,2.7794,5.4760,5.4760,5.4760,5.4760,5.4760
12.850000,2.2495,2.2495,2.2495,2.2495,2.2495,2.7735,2.7735,2.7735,2.7735,2.7735,5.4770,5.4770,5.4770,5.4770,5.4770
12.860000,2.2544,2.2544,2.2544,2.2544,2.2544,2.7676,2.7676,2.7676,2.7676,2.7676,5.4779,5.4779,5.4779,5.4779,5.4779
12.870000,2.2593,2.2593,2.2593,2.2593,2.2593,2.7618,2.7618,2.7618,2.7618,2.7618,5.4788,5.4788,5.4788,5.4788,5.4788
12.880000,2.2643,2.2643,2.2643,2.2643,2.2643,2.7560,2.7560,2.7560,2.7560,2.7560,5.4798,5.4798,5.4798,5.4798,5.4798
12.890000,2.2692,2.2692,2.2692,2.2692,2.2692,2.7501,2.7501,2.7501,2.7501,2.7501,5.4806,5.4806,5.4806,5.4806,5.4806
12.900000,2.2742,2.2742,2.2742,2.2742,2.2742,2.7443,2.7443,2.7443,2.7443,2.7443,5.4815,5.4815,5.4815,5.4815,5.4815
12.910000,2.2792,2.2792,2.2792,2.2792,2.2792,2.7385,2.7385,2.7385,2.7385,2.7385,5.4823,5.4823,5.4823,5.4823,5.4823
12.920000,2.2841,2.2841,2.2841,2.2841,2.2841,2.7327,2.7327,2.7327,2.7327,2.7327,5.4832,5.4832,5.4832,5.4832,5.4832
12.930000,2.2891,2.2891,2.2891,2.2891,2.2891,2.7269,2.7269,2.7269,2.7269,2.7269,5.4840,5.4840,5.4840,5.4840,5.4840
12.940000,2.2941,2.2941,2.2941,2.2941,2.2941,2.7211,2.7211,2.7211,2.7211,2.7211,5.4848,5.4848,5.4848,5.4848,5.4848
12.950000,2.2992,2.2992,2.2992,2.2992,2.2992,2.7153,2.7153,2.7153,2.7153,2.7153,5.4855,5.4855,5.4855,5.4855,5.4855
12.960000,2.3042,2.3042,2.3042,2.3042,2.3042,2.7096,2.7096,2.7096,2.7096,2.7096,5.4863,5.4863,5.4863,5.4863,5.4863
12.970000,2.3092,2.3092,2.3092,2.3092,2.3092,2.7038,2.7038,2.7038,2.7038,2.7038,5.4870,5.4870,5.4870,5.4870,5.4870
12.980000,2.3143,2.3143,2.3143,2.3143,2.3143,2.6980,2.6980,2.6980,2.6980,2.6980,5.4877,5.4877,5.4877,5.4877,5.4877
12.990000,2.3194,2.3194,2.3194,2.3194,2.3194,2.6923,2.6923,2.6923,2.6923,2.6923,5.4884,5.4884,5.4884,5.4884,5.4884
13.000000,2.3244,2.3244,2.3244,2.3244,2.3244,2.6865,2.6865,2.6865,2.6865,2.6865,5.4890,5.4890,5.4890,5.4890,5.4890
13.010000,2.3295,2.3295,2.3295,2.3295,2.3295,2.6808,2.6808,2.6808,2.6808,2.6808,5.4897,5.4897,5.4897,5.4897,5.4897
13.020000,2.3346,2.3346,2.3346,2.3346,2.3346,2.6751,2.6751,2.6751,2.6751,2.6751,5.4903,5.4903,5.4903,5.4903,5.4903
13.030000,2.3397,2.3397,2.3397,2.3397,2.3397,2.6693,2.6693,2.6693,2.6693,2.6693,5.4909,5.4909,5.4909,5.4909,5.4909
13.040000,2.3449,2.3449,2.3449,2.3449,2.3449,2.6636,2.6636,2.6636,2.6636,2.6636,5.4915,5.4915,5.4915,5.4915,5.4915
13.050000,2.3500,2.3500,2.3500,2.3500,2.3500,2.6579,2.6579,2.6579,2.6579,2.6579,5.4921,5.4921,5.4921,5.4921,5.4921
13.060000,2.3551,2.3551,2.3551,2.3551,2.3551,2.6522,2.6522,2.6522,2.6522,2.6522,5.4926,5.4926,5.4926,5.4926,5.4926
13.070000,2.3603,2.3603,2.3603,2.3603,2.3603,2.6465,2.6465,2.6465,2.6465,2.6465,5.4932,5.4932,5.4932,5.4932,5.4932
13.080000,2.3655,2.3655,2.3655,2.3655,2.3655,2.6409,2.6409,2.6409,2.6409,2.6409,5.4937,5.4937,5.4937,5.4937,5.4937
13.090000,2.3706,2.3706,2.3706,2.3706,2.3706,2.6352,2.6352,2.6352,2.6352,2.6352,5.4942,5.4942,5.4942,5.4942,5.4942
13.100000,2.3758,2.3758,2.3758,2.3758,2.3758,2.6295,2.6295,2.6295,2.6295,2.6295,5.4946,5.4946,5.4946,5.4946,5.4946
13.110000,2.3810,2.3810,2.3810,2.3810,2.3810,2.6239,2.6239,2.6239,2.6239,2.6239,5.4951,5.4951,5.4951,5.4951,5.4951
13.120000,2.3862,2.3862,2.3862,2.3862,2.3862,2.6182,2.6182,2.6182,2.6182,2.6182,5.4955,5.4955,5.4955,5.4955,5.4955
13.130000,2.3915,2.3915,2.3915,2.3915,2.3915,2.6126,2.6126,2.6126,2.6126,2.6126,5.4959,5.4959,5.4959,5.4959,5.4959
13.140000,2.3967,2.3967,2.3967,2.3967,2.3967,2.6070,2.6070,2.6070,2.6070,2.6070,5.4963,5.4963,5.4963,5.4963,5.4963
13.150000,2.4020,2.4020,2.4020,2.4020,2.4020,2.6014,2.6014,2.6014,2.6014,2.6014,5.4967,5.4967,5.4967,5.4967,5.4967
13.160000,2.4072,2.4072,2.4072,2.4072,2.4072,2.5958,2.5958,2.5958,2.5958,2.5958,5.4970,5.4970,5.4970,5.4970,5.4970
13.170000,2.4125,2.4125,2.4125,2.4125,2.4125,2.5902,2.5902,2.5902,2.5902,2.5902,5.4974,5.4974,5.4974,5.4974,5.4974
13.180000,2.4178,2.4178,2.4178,2.4178,2.4178,2.5846,2.5846,2.5846,2.5846,2.5846,5.4977,5.4977,5.4977,5.4977,5.4977
13.190000,2.4230,2.4230,2.4230,2.4230,2.4230,2.5790,2.5790,2.5790,2.5790,2.5790,5.4980,5.4980,5.4980,5.4980,5.4980
13.200000,2.4283,2.4283,2.4283,2.4283,2.4283,2.5734,2.5734,2.5734,2.5734,2.5734,5.4982,5.4982,5.4982,5.4982,5.4982
13.210000,2.4337,2.4337,2.4337,2.4337,2.4337,2.5678,2.5678,2.5678,2.5678,2.5678,5.4985,5.4985,5.4985,5.4985,5.4985
13.220000,2.4390,2.4390,2.4390,2.4390,2.4390,2.5623,2.5623,2.5623,2.5623,2.5623,5.4987,5.4987,5.4987,5.4987,5.4987
13.230000,2.4443,2.4443,2.4443,2.4443,2.4443,2.5567,2.5567,2.5567,2.5567,2.5567,5.4989,5.4989,5.4989,5.4989,5.4989
13.240000,2.4497,2.4497,2.4497,2.4497,2.4497,2.5512,2.5512,2.5512,2.5512,2.5512,5.4991,5.4991,5.4991,5.4991,5.4991
13.250000,2.4550,2.4550,2.4550,2.4550,2.4550,2.5457,2.5457,2.5457,2.5457,2.5457,5.4993,5.4993,5.4993,5.4993,5.4993
13.260000,2.4604,2.4604,2.4604,2.4604,2.4604,2.5402,2.5402,2.5402,2.5402,2.5402,5.4995,5.4995,5.4995,5.4995,5.4995
13.270000,2.4657,2.4657,2.4657,2.4657,2.4657,2.5347,2.5347,2.5347,2.5347,2.5347,5.4996,5.4996,5.4996,5.4996,5.4996
13.280000,2.4711,2.4711,2.4711,2.4711,2.4711,2.5292,2.5292,2.5292,2.5292,2.5292,5.4997,5.4997,5.4997,5.4997,5.4997
13.290000,2.4765,2.4765,2.4765,2.4765,2.4765,2.5237,2.5237,2.5237,2.5237,2.5237,5.4998,5.4998,5.4998,5.4998,5.4998
13.300000,2.4819,2.4819,2.4819,2.4819,2.4819,2.5182,2.5182,2.5182,2.5182,2.5182,5.4999,5.4999,5.4999,5.4999,5.4999
13.310000,2.4873,2.4873,2.4873,2.4873,2.4873,2.5127,2.5127,2.5127,2.5127,2.5127,5.4999,5.4999,5.4999,5.4999,5.4999
13.320000,2.4928,2.4928,2.4928,2.4928,2.4928,2.5073,2.5073,2.5073,2.5073,2.5073,5.5000,5.5000,5.5000,5.5000,5.5000
13.330000,2.4982,2.4982,2.4982,2.4982,2.4982,2.5018,2.5018,2.5018,2.5018,2.5018,5.5000,5.5000,5.5000,5.5000,5.5000
13.340000,2.5036,2.5036,2.5036,2.5036,2.5036,2.4964,2.4964,2.4964,2.4964,2.4964,5.5000,5.5000,5.5000,5.5000,5.5000
13.350000,2.5091,2.5091,2.5091,2.5091,2.5091,2.4909,2.4909,2.4909,2.4909,2.4909,5.5000,5.5000,5.5000,5.5000,5.5000
13.360000,2.5145,2.5145,2.5145,2.5145,2.5145,2.4855,2.4855,2.4855,2.4855,2.4855,5.4999,5.4999,5.4999,5.4999,5.4999
13.370000,2.5200,2.5200,2.5200,2.5200,2.5200,2.4801,2.4801,2.4801,2.4801,2.4801,5.4999,5.4999,5.4999,5.4999,5.4999
13.380000,2.5255,2.5255,2.5255,2.5255,2.5255,2.4747,2.4747,2.4747,2.4747,2.4747,5.4998,5.4998,5.4998,5.4998,5.4998
13.390000,2.5310,2.5310,2.5310,2.5310,2.5310,2.4693,2.4693,2.4693,2.4693,2.4693,5.4997,5.4997,5.4997,5.4997,5.4997
13.400000,2.5365,2.5365,2.5365,2.5365,2.5365,2.4639,2.4639,2.4639,2.4639,2.4639,5.4996,5.4996,5.4996,5.4996,5.4996
13.410000,2.5420,2.5420,2.5420,2.5420,2.5420,2.4586,2.4586,2.4586,2.4586,2.4586,5.4994,5.4994,5.4994,5.4994,5.4994
13.420000,2.5475,2.5475,2.5475,2.5475,2.5475,2.4532,2.4532,2.4532,2.4532,2.4532,5.4993,5.4993,5.4993,5.4993,5.4993
13.430000,2.5531,2.5531,2.5531,2.5531,2.5531,2.4479,2.4479,2.4479,2.4479,2.4479,5.4991,5.4991,5.4991,5.4991,5.4991
13.440000,2.5586,2.5586,2.5586,2.5586,2.5586,2.4425,2.4425,2.4425,2.4425,2.4425,5.4989,5.4989,5.4989,5.4989,5.4989
13.450000,2.5641,2.5641,2.5641,2.5641,2.5641,2.4372,2.4372,2.4372,2.4372,2.4372,5.4987,5.4987,5.4987,5.4987,5.4987
13.460000,2.5697,2.5697,2.5697,2.5697,2.5697,2.4319,2.4319,2.4319,2.4319,2.4319,5.4984,5.4984,5.4984,5.4984,5.4984
13.470000,2.5753,2.5753,2.5753,2.5753,2.5753,2.4266,2.4266,2.4266,2.4266,2.4266,5.4982,5.4982,5.4982,5.4982,5.4982
13.480000,2.5808,2.5808,2.5808,2.5808,2.5808,2.4213,2.4213,2.4213,2.4213,2.4213,5.4979,5.4979,5.4979,5.4979,5.4979
13.490000,2.5864,2.5864,2.5864,2.5864,2.5864,2.4160,2.4160,2.4160,2.4160,2.4160,5.4976,5.4976,5.4976,5.4976,5.4976
13.500000,2.5920,2.5920,2.5920,2.5920,2.5920,2.4107,2.4107,2.4107,2.4107,2.4107,5.4973,5.4973,5.4973,5.4973,5.4973
13.510000,2.5976,2.5976,2.5976,2.5976,2.5976,2.4055,2.4055,2.4055,2.4055,2.4055,5.4969,5.4969,5.4969,5.4969,5.4969
13.520000,2.6032,2.6032,2.6032,2.6032,2.6032,2.4002,2.4002,2.4002,2.4002,2.4002,5.4966,5.4966,5.4966,5.4966,5.4966
13.530000,2.6089,2.6089,2.6089,2.6089,2.6089,2.3950,2.3950,2.3950,2.3950,2.3950,5.4962,5.4962,5.4962,5.4962,5.4962
13.540000,2.6145,2.6145,2.6145,2.6145,2.6145,2.3897,2.3897,2.3897,2.3897,2.3897,5.4958,5.4958,5.4958,5.4958,5.4958
13.550000,2.6201,2.6201,2.6201,2.6201,2.6201,2.3845,2.3845,2.3845,2.3845,2.3845,5.4954,5.4954,5.4954,5.4954,5.4954
13.560000,2.6258,2.6258,2.6258,2.6258,2.6258,2.3793,2.3793,2.3793,2.3793,2.3793,5.4949,5.4949,5.4949,5.4949,5.4949
13.570000,2.6314,2.6314,2.6314,2.6314,2.6314,2.3741,2.3741,2.3741,2.3741,2.3741,5.4945,5.4945,5.4945,5.4945,5.4945
13.580000,2.6371,2.6371,2.6371,2.6371,2.6371,2.3689,2.3689,2.3689,2.3689,2.3689,5.4940,5.4940,5.4940,5.4940,5.4940
13.590000,2.6428,2.6428,2.6428,2.6428,2.6428,2.3637,2.3637,2.3637,2.3637,2.3637,5.4935,5.4935,5.4935,5.4935,5.4935
13.600000,2.6484,2.6484,2.6484,2.6484,2.6484,2.3586,2.3586,2.3586,2.3586,2.3586,5.4930,5.4930,5.4930,5.4930,5.4930
13.610000,2.6541,2.6541,2.6541,2.6541,2.6541,2.3534,2.3534,2.3534,2.3534,2.3534,5.4925,5.4925,5.4925,5.4925,5.4925
13.620000,2.6598,2.6598,2.6598,2.6598,2.6598,2.3483,2.3483,2.3483,2.3483,2.3483,5.4919,5.4919,5.4919,5.4919,5.4919
13.630000,2.6655,2.6655,2.6655,2.6655,2.6655,2.3431,2.3431,2.3431,2.3431,2.3431,5.4913,5.4913,5.4913,5.4913,5.4913
13.640000,2.6712,2.6712,2.6712,2.6712,2.6712,2.3380,2.3380,2.3380,2.3380,2.3380,5.4907,5.4907,5.4907,5.4907,5.4907
13.650000,2.6770,2.6770,2.6770,2.6770,2.6770,2.3329,2.3329,2.3329,2.3329,2.3329,5.4901,5.4901,5.4901,5.4901,5.4901
13.660000,2.6827,2.6827,2.6827,2.6827,2.6827,2.3278,2.3278,2.3278,2.3278,2.3278,5.4895,5.4895,5.4895,5.4895,5.4895
13.670000,2.6884,2.6884,2.6884,2.6884,2.6884,2.3227,2.3227,2.3227,2.3227,2.3227,5.4888,5.4888,5.4888,5.4888,5.4888
13.680000,2.6942,2.6942,2.6942,2.6942,2.6942,2.3177,2.3177,2.3177,2.3177,2.3177,5.4882,5.4882,5.4882,5.4882,5.4882
13.690000,2.6999,2.6999,2.6999,2.6999,2.6999,2.3126,2.3126,2.3126,2.3126,2.3126,5.4875,5.4875,5.4875,5.4875,5.4875
13.700000,2.7057,2.7057,2.7057,2.7057,2.7057,2.3076,2.3076,2.3076,2.3076,2.3076,5.4867,5.4867,5.4867,5.4867,5.4867
13.710000,2.7115,2.7115,2.7115,2.7115,2.7115,2.3025,2.3025,2.3025,2.3025,2.3025,5.4860,5.4860,5.4860,5.4860,5.4860
13.720000,2.7173,2.7173,2.7173,2.7173,2.7173,2.2975,2.2975,2.2975,2.2975,2.2975,5.4853,5.4853,5.4853,5.4853,5.4853
13.730000,2.7230,2.7230,2.7230,2.7230,2.7230,2.2925,2.2925,2.2925,2.2925,2.2925,5.4845,5.4845,5.4845,5.4845,5.4845
13.740000,2.7288,2.7288,2.7288,2.7288,2.7288,2.2875,2.2875,2.2875,2.2875,2.2875,5.4837,5.4837,5.4837,5.4837,5.4837
13.750000,2.7346,2.7346,2.7346,2.7346,2.7346,2.2825,2.2825,2.2825,2.2825,2.2825,5.4829,5.4829,5.4829,5.4829,5.4829
13.760000,2.7404,2.7404,2.7404,2.7404,2.7404,2.2775,2.2775,2.2775,2.2775,2.2775,5.4821,5.4821,5.4821,5.4821,5.4821
13.770000,2.7463,2.7463,2.7463,2.7463,2.7463,2.2725,2.2725,2.2725,2.2725,2.2725,5.4812,5.4812,5.4812,5.4812,5.4812
13.780000,2.7521,2.7521,2.7521,2.7521,2.7521,2.2676,2.2676,2.2676,2.2676,2.2676,5.4803,5.4803,5.4803,5.4803,5.4803
13.790000,2.7579,2.7579,2.7579,2.7579,2.7579,2.2626,2.2626,2.2626,2.2626,2.2626,5.4795,5.4795,5.4795,5.4795,5.4795
13.800000,2.7638,2.7638,2.7638,2.7638,2.7638,2.2577,2.2577,2.2577,2.2577,2.2577,5.4785,5.4785,5.4785,5.4785,5.4785
13.810000,2.7696,2.7696,2.7696,2.7696,2.7696,2.2528,2.2528,2.2528,2.2528,2.2528,5.4776,5.4776,5.4776,5.4776,5.4776
13.820000,2.7754,2.7754,2.7754,2.7754,2.7754,2.2479,2.2479,2.2479,2.2479,2.2479,5.4767,5.4767,5.4767,5.4767,5.4767
13.830000,2.7813,2.7813,2.7813,2.7813,2.7813,2.2430,2.2430,2.2430,2.2430,2.2430,5.4757,5.4757,5.4757,5.4757,5.4757
13.840000,2.7872,2.7872,2.7872,2.7872,2.7872,2.2381,2.2381,2.2381,2.2381,2.2381,5.4747,5.4747,5.4747,5.4747,5.4747
13.850000,2.7931,2.7931,2.7931,2.7931,2.7931,2.2332,2.2332,2.2332,2.2332,2.2332,5.4737,5.4737,5.4737,5.4737,5.4737
13.860000,2.7989,2.7989,2.7989,2.7989,2.7989,2.2284,2.2284,2.2284,2.2284,2.2284,5.4727,5.4727,5.4727,5.4727,5.4727
13.870000,2.8048,2.8048,2.8048,2.8048,2.8048,2.2235,2.2235,2.2235,2.2235,2.2235,5.4716,5.4716,5.4716,5.4716,5.4716
13.880000,2.8107,2.8107,2.8107,2.8107,2.8107,2.2187,2.2187,2.2187,2.2187,2.2187,5.4706,5.4706,5.4706,5.4706,5.4706
13.890000,2.8166,2.8166,2.8166,2.8166,2.8166,2.2139,2.2139,2.2139,2.2139,2.2139,5.4695,5.4695,5.4695,5.4695,5.4695
13.900000,2.8225,2.8225,2.8225,2.8225,2.8225,2.2091,2.2091,2.2091,2.2091,2.2091,5.4684,5.4684,5.4684,5.4684,5.4684
13.910000,2.8284,2.8284,2.8284,2.8284,2.8284,2.2043,2.2043,2.2043,2.2043,2.2043,5.4673,5.4673,5.4673,5.4673,5.4673
13.920000,2.8344,2.8344,2.8344,2.8344,2.8344,2.1995,2.1995,2.1995,2.1995,2.1995,5.4661,5.4661,5.4661,5.4661,5.4661
13.930000,2.8403,2.8403,2.8403,2.8403,2.8403,2.1947,2.1947,2.1947,2.1947,2.1947,5.4650,5.4650,5.4650,5.4650,5.4650
13.940000,2.8462,2.8462,2.8462,2.8462,2.8462,2.1900,2.1900,2.1900,2.1900,2.1900,5.4638,5.4638,5.4638,5.4638,5.4638
13.950000,2.8522,2.8522,2.8522,2.8522,2.8522,2.1852,2.1852,2.1852,2.1852,2.1852,5.4626,5.4626,5.4626,5.4626,5.4626
13.960000,2.8581,2.8581,2.8581,2.8581,2.8581,2.1805,2.1805,2.1805,2.1805,2.1805,5.4614,5.4614,5.4614,5.4614,5.4614
13.970000,2.8641,2.8641,2.8641,2.8641,2.8641,2.1758,2.1758,2.1758,2.1758,2.1758,5.4601,5.4601,5.4601,5.4601,5.4601
13.980000,2.8700,2.8700,2.8700,2.8700,2.8700,2.1711,2.1711,2.1711,2.1711,2.1711,5.4589,5.4589,5.4589,5.4589,5.4589
13.990000,2.8760,2.8760,2.8760,2.8760,2.8760,2.1664,2.1664,2.1664,2.1664,2.1664,5.4576,5.4576,5.4576,5.4576,5.4576
14.000000,2.8820,2.8820,2.8820,2.8820,2.8820,2.1617,2.1617,2.1617,2.1617,2.1617,5.4563,5.4563,5.4563,5.4563,5.4563
14.010000,2.8879,2.8879,2.8879,2.8879,2.8879,2.1571,2.1571,2.1571,2.1571,2.1571,5.4550,5.4550,5.4550,5.4550,5.4550
14.020000,2.8939,2.8939,2.8939,2.8939,2.8939,2.1524,2.1524,2.1524,2.1524,2.1524,5.4536,5.4536,5.4536,5.4536,5.4536
14.030000,2.8999,2.8999,2.8999,2.8999,2.8999,2.1478,2.1478,2.1478,2.1478,2.1478,5.4523,5.4523,5.4523,5.4523,5.4523
14.040000,2.9059,2.9059,2.9059,2.9059,2.9059,2.1432,2.1432,2.1432,2.1432,2.1432,5.4509,5.4509,5.4509,5.4509,5.4509
14.050000,2.9119,2.9119,2.9119,2.9119,2.9119,2.1386,2.1386,2.1386,2.1386,2.1386,5.4495,5.4495,5.4495,5.4495,5.4495
14.060000,2.9179,2.9179,2.9179,2.9179,2.9179,2.1340,2.1340,2.1340,2.1340,2.1340,5.4481,5.4481,5.4481,5.4481,5.4481
14.070000,2.9239,2.9239,2.9239,2.9239,2.9239,2.1294,2.1294,2.1294,2.1294,2.1294,5.4467,5.4467,5.4467,5.4467,5.4467
14.080000,2.9300,2.9300,2.9300,2.9300,2.9300,2.1248,2.1248,2.1248,2.1248,2.1248,5.4452,5.4452,5.4452,5.4452,5.4452
14.090000,2.9360,2.9360,2.9360,2.9360,2.9360,2.1203,2.1203,2.1203,2.1203,2.1203,5.4438,5.4438,5.4438,5.4438,5.4438
14.100000,2.9420,2.9420,2.9420,2.9420,2.9420,2.1157,2.1157,2.1157,2.1157,2.1157,5.4423,5.4423,5.4423,5.4423,5.4423
14.110000,2.9481,2.9481,2.9481,2.9481,2.9481,2.1112,2.1112,2.1112,2.1112,2.1112,5.4408,5.4408,5.4408,5.4408,5.4408
14.120000,2.9541,2.9541,2.9541,2.9541,2.9541,2.1067,2.1067,2.1067,2.1067,2.1067,5.4392,5.4392,5.4392,5.4392,5.4392
14.130000,2.9601,2.9601,2.9601,2.9601,2.9601,2.1022,2.1022,2.1022,2.1022,2.1022,5.4377,5.4377,5.4377,5.4377,5.4377
14.140000,2.9662,2.9662,2.9662,2.9662,2.9662,2.0977,2.0977,2.0977,2.0977,2.0977,5.4361,5.4361,5.4361,5.4361,5.4361
14.150000,2.9723,2.9723,2.9723,2.9723,2.9723,2.0932,2.0932,2.0932,2.0932,2.0932,5.4345,5.4345,5.4345,5.4345,5.4345
14.160000,2.9783,2.9783,2.9783,2.9783,2.9783,2.0888,2.0888,2.0888,2.0888,2.0888,5.4329,5.4329,5.4329,5.4329,5.4329
14.170000,2.9844,2.9844,2.9844,2.9844,2.9844,2.0843,2.0843,2.0843,2.0843,2.0843,5.4313,5.4313,5.4313,5.4313,5.4313
14.180000,2.9905,2.9905,2.9905,2.9905,2.9905,2.0799,2.0799,2.0799,2.0799,2.0799,5.4297,5.4297,5.4297,5.4297,5.4297
14.190000,2.9965,2.9965,2.9965,2.9965,2.9965,2.0755,2.0755,2.0755,2.0755,2.0755,5.4280,5.4280,5.4280,5.4280,5.4280
14.200000,3.0026,3.0026,3.0026,3.0026,3.0026,2.0711,2.0711,2.0711,2.0711,2.0711,5.4263,5.4263,5.4263,5.4263,5.4263
14.210000,3.0087,3.0087,3.0087,3.0087,3.0087,2.0667,2.0667,2.0667,2.0667,2.0667,5.4246,5.4246,5.4246,5.4246,5.4246
14.220000,3.0148,3.0148,3.0148,3.0148,3.0148,2.0623,2.0623,2.0623,2.0623,2.0623,5.4229,5.4229,5.4229,5.4229,5.4229
14.230000,3.0209,3.0209,3.0209,3.0209,3.0209,2.0579,2.0579,2.0579,2.0579,2.0579,5.4212,5.4212,5.4212,5.4212,5.4212
14.240000,3.0270,3.0270,3.0270,3.0270,3.0270,2.0536,2.0536,2.0536,2.0536,2.0536,5.4194,5.4194,5.4194,5.4194,5.4194
14.250000,3.0331,3.0331,3.0331,3.0331,3.0331,2.0493,2.0493,2.0493,2.0493,2.0493,5.4176,5.4176,5.4176,5.4176,5.4176
14.260000,3.0392,3.0392,3.0392,3.0392,3.0392,2.0449,2.0449,2.0449,2.0449,2.0449,5.4158,5.4158,5.4158,5.4158,5.4158
14.270000,3.0453,3.0453,3.0453,3.0453,3.0453,2.0406,2.0406,2.0406,2.0406,2.0406,5.4140,5.4140,5.4140,5.4140,5.4140
14.280000,3.0515,3.0515,3.0515,3.0515,3.0515,2.0363,2.0363,2.0363,2.0363,2.0363,5.4122,5.4122,5.4122,5.4122,5.4122
14.290000,3.0576,3.0576,3.0576,3.0576,3.0576,2.0321,2.0321,2.0321,2.0321,2.0321,5.4104,5.4104,5.4104,5.4104,5.4104
14.300000,3.0637,3.0637,3.0637,3.0637,3.0637,2.0278,2.0278,2.0278,2.0278,2.0278,5.4085,5.4085,5.4085,5.4085,5.4085
14.310000,3.0698,3.0698,3.0698,3.0698,3.0698,2.0236,2.0236,2.0236,2.0236,2.0236,5.4066,5.4066,5.4066,5.4066,5.4066
14.320000,3.0760,3.0760,3.0760,3.0760,3.0760,2.0193,2.0193,2.0193,2.0193,2.0193,5.4047,5.4047,5.4047,5.4047,5.4047
14.330000,3.0821,3.0821,3.0821,3.0821,3.0821,2.0151,2.0151,2.0151,2.0151,2.0151,5.4028,5.4028,5.4028,5.4028,5.4028
14.340000,3.0883,3.0883,3.0883,3.0883,3.0883,2.0109,2.0109,2.0109,2.0109,2.0109,5.4008,5.4008,5.4008,5.4008,5.4008
14.350000,3.0944,3.0944,3.0944,3.0944,3.0944,2.0067,2.0067,2.0067,2.0067,2.0067,5.3989,5.3989,5.3989,5.3989,5.3989
14.360000,3.1006,3.1006,3.1006,3.1006,3.1006,2.0026,2.0026,2.0026,2.0026,2.0026,5.3969,5.3969,5.3969,5.3969,5.3969
14.370000,3.1067,3.1067,3.1067,3.1067,3.1067,1.9984,1.9984,1.9984,1.9984,1.9984,5.3949,5.3949,5.3949,5.3949,5.3949
14.380000,3.1129,3.1129,3.1129,3.1129,3.1129,1.9943,1.9943,1.9943,1.9943,1.9943,5.3928,5.3928,5.3928,5.3928,5.3928
14.390000,3.1191,3.1191,3.1191,3.1191,3.1191,1.9901,1.9901,1.9901,1.9901,1.9901,5.3908,5.3908,5.3908,5.3908,5.3908
14.400000,3.1252,3.1252,3.1252,3.1252,3.1252,1.9860,1.9860,1.9860,1.9860,1.9860,5.3888,5.3888,5.3888,5.3888,5.3888
14.410000,3.1314,3.1314,3.1314,3.1314,3.1314,1.9819,1.9819,1.9819,1.9819,1.9819,5.3867,5.3867,5.3867,5.3867,5.3867
14.420000,3.1376,3.1376,3.1376,3.1376,3.1376,1.9778,1.9778,1.9778,1.9778,1.9778,5.3846,5.3846,5.3846,5.3846,5.3846
14.430000,3.1438,3.1438,3.1438,3.1438,3.1438,1.9738,1.9738,1.9738,1.9738,1.9738,5.3825,5.3825,5.3825,5.3825,5.3825
14.440000,3.1500,3.1500,3.1500,3.1500,3.1500,1.9697,1.9697,1.9697,1.9697,1.9697,5.3803,5.3803,5.3803,5.3803,5.3803
14.450000,3.1561,3.1561,3.1561,3.1561,3.1561,1.9657,1.9657,1.9657,1.9657,1.9657,5.3782,5.3782,5.3782,5.3782,5.3782
14.460000,3.1623,3.1623,3.1623,3.1623,3.1623,1.9616,1.9616,1.9616,1.9616,1.9616,5.3760,5.3760,5.3760,5.3760,5.3760
14.470000,3.1685,3.1685,3.1685,3.1685,3.1685,1.9576,1.9576,1.9576,1.9576,1.9576,5.3738,5.3738,5.3738,5.3738,5.3738
14.480000,3.1747,3.1747,3.1747,3.1747,3.1747,1.9536,1.9536,1.9536,1.9536,1.9536,5.3716,5.3716,5.3716,5.3716,5.3716
14.490000,3.1809,3.1809,3.1809,3.1809,3.1809,1.9497,1.9497,1.9497,1.9497,1.9497,5.3694,5.3694,5.3694,5.3694,5.3694
14.500000,3.1871,3.1871,3.1871,3.1871,3.1871,1.9457,1.9457,1.9457,1.9457,1.9457,5.3672,5.3672,5.3672,5.3672,5.3672
14.510000,3.1933,3.1933,3.1933,3.1933,3.1933,1.9418,1.9418,1.9418,1.9418,1.9418,5.3649,5.3649,5.3649,5.3649,5.3649
14.520000,3.1995,3.1995,3.1995,3.1995,3.1995,1.9378,1.9378,1.9378,1.9378,1.9378,5.3626,5.3626,5.3626,5.3626,5.3626
14.530000,3.2058,3.2058,3.2058,3.2058,3.2058,1.9339,1.9339,1.9339,1.9339,1.9339,5.3603,5.3603,5.3603,5.3603,5.3603
14.540000,3.2120,3.2120,3.2120,3.2120,3.2120,1.9300,1.9300,1.9300,1.9300,1.9300,5.3580,5.3580,5.3580,5.3580,5.3580
14.550000,3.2182,3.2182,3.2182,3.2182,3.2182,1.9261,1.9261,1.9261,1.9261,1.9261,5.3557,5.3557,5.3557,5.3557,5.3557
14.560000,3.2244,3.2244,3.2244,3.2244,3.2244,1.9223,1.9223,1.9223,1.9223,1.9223,5.3533,5.3533,5.3533,5.3533,5.3533
14.570000,3.2306,3.2306,3.2306,3.2306,3.2306,1.9184,1.9184,1.9184,1.9184,1.9184,5.3509,5.3509,5.3509,5.3509,5.3509
14.580000,3.2369,3.2369,3.2369,3.2369,3.2369,1.9146,1.9146,1.9146,1.9146,1.9146,5.3486,5.3486,5.3486,5.3486,5.3486
14.590000,3.2431,3.2431,3.2431,3.2431,3.2431,1.9107,1.9107,1.9107,1.9107,1.9107,5.3462,5.3462,5.3462,5.3462,5.3462
14.600000,3.2493,3.2493,3.2493,3.2493,3.2493,1.9069,1.9069,1.9069,1.9069,1.9069,5.3437,5.3437,5.3437,5.3437,5.3437
14.610000,3.2556,3.2556,3.2556,3.2556,3.2556,1.9031,1.9031,1.9031,1.9031,1.9031,5.3413,5.3413,5.3413,5.3413,5.3413
14.620000,3.2618,3.2618,3.2618,3.2618,3.2618,1.8994,1.8994,1.8994,1.8994,1.8994,5.3388,5.3388,5.3388,5.3388,5.3388
14.630000,3.2680,3.2680,3.2680,3.2680,3.2680,1.8956,1.8956,1.8956,1.8956,1.8956,5.3363,5.3363,5.3363,5.3363,5.3363
14.640000,3.2743,3.2743,3.2743,3.2743,3.2743,1.8919,1.8919,1.8919,1.8919,1.8919,5.3338,5.3338,5.3338,5.3338,5.3338
14.650000,3.2805,3.2805,3.2805,3.2805,3.2805,1.8881,1.8881,1.8881,1.8881,1.8881,5.3313,5.3313,5.3313,5.3313,5.3313
14.660000,3.2868,3.2868,3.2868,3.2868,3.2868,1.8844,1.8844,1.8844,1.8844,1.8844,5.3288,5.3288,5.3288,5.3288,5.3288
14.670000,3.2930,3.2930,3.2930,3.2930,3.2930,1.8807,1.8807,1.8807,1.8807,1.8807,5.3262,5.3262,5.3262,5.3262,5.3262
14.680000,3.2993,3.2993,3.2993,3.2993,3.2993,1.8771,1.8771,1.8771,1.8771,1.8771,5.3237,5.3237,5.3237,5.3237,5.3237
14.690000,3.3055,3.3055,3.3055,3.3055,3.3055,1.8734,1.8734,1.8734,1.8734,1.8734,5.3211,5.3211,5.3211,5.3211,5.3211
14.700000,3.3118,3.3118,3.3118,3.3118,3.3118,1.8697,1.8697,1.8697,1.8697,1.8697,5.3185,5.3185,5.3185,5.3185,5.3185
14.710000,3.3180,3.3180,3.3180,3.3180,3.3180,1.8661,1.8661,1.8661,1.8661,1.8661,5.3158,5.3158,5.3158,5.3158,5.3158
14.720000,3.3243,3.3243,3.3243,3.3243,3.3243,1.8625,1.8625,1.8625,1.8625,1.8625,5.3132,5.3132,5.3132,5.3132,5.3132
14.730000,3.3306,3.3306,3.3306,3.3306,3.3306,1.8589,1.8589,1.8589,1.8589,1.8589,5.3105,5.3105,5.3105,5.3105,5.3105
14.740000,3.3368,3.3368,3.3368,3.3368,3.3368,1.8553,1.8553,1.8553,1.8553,1.8553,5.3079,5.3079,5.3079,5.3079,5.3079
14.750000,3.3431,3.3431,3.3431,3.3431,3.3431,1.8517,1.8517,1.8517,1.8517,1.8517,5.3052,5.3052,5.3052,5.3052,5.3052
14.760000,3.3493,3.3493,3.3493,3.3493,3.3493,1.8482,1.8482,1.8482,1.8482,1.8482,5.3025,5.3025,5.3025,5.3025,5.3025
14.770000,3.3556,3.3556,3.3556,3.3556,3.3556,1.8447,1.8447,1.8447,1.8447,1.8447,5.2997,5.2997,5.2997,5.2997,5.2997
14.780000,3.3619,3.3619,3.3619,3.3619,3.3619,1.8411,1.8411,1.8411,1.8411,1.8411,5.2970,5.2970,5.2970,5.2970,5.2970
14.790000,3.3681,3.3681,3.3681,3.3681,3.3681,1.8376,1.8376,1.8376,1.8376,1.8376,5.2942,5.2942,5.2942,5.2942,5.2942
14.800000,3.3744,3.3744,3.3744,3.3744,3.3744,1.8342,1.8342,1.8342,1.8342,1.8342,5.2914,5.2914,5.2914,5.2914,5.2914
14.810000,3.3807,3.3807,3.3807,3.3807,3.3807,1.8307,1.8307,1.8307,1.8307,1.8307,5.2886,5.2886,5.2886,5.2886,5.2886
14.820000,3.3870,3.3870,3.3870,3.3870,3.3870,1.8272,1.8272,1.8272,1.8272,1.8272,5.2858,5.2858,5.2858,5.2858,5.2858
14.830000,3.3932,3.3932,3.3932,3.3932,3.3932,1.8238,1.8238,1.8238,1.8238,1.8238,5.2830,5.2830,5.2830,5.2830,5.2830
14.840000,3.3995,3.3995,3.3995,3.3995,3.3995,1.8204,1.8204,1.8204,1.8204,1.8204,5.2801,5.2801,5.2801,5.2801,5.2801
14.850000,3.4058,3.4058,3.4058,3.4058,3.4058,1.8170,1.8170,1.8170,1.8170,1.8170,5.2772,5.2772,5.2772,5.2772,5.2772
14.860000,3.4121,3.4121,3.4121,3.4121,3.4121,1.8136,1.8136,1.8136,1.8136,1.8136,5.2743,5.2743,5.2743,5.2743,5.2743
14.870000,3.4183,3.4183,3.4183,3.4183,3.4183,1.8102,1.8102,1.8102,1.8102,1.8102,5.2714,5.2714,5.2714,5.2714,5.2714
14.880000,3.4246,3.4246,3.4246,3.4246,3.4246,1.8069,1.8069,1.8069,1.8069,1.8069,5.2685,5.2685,5.2685,5.2685,5.2685
14.890000,3.4309,3.4309,3.4309,3.4309,3.4309,1.8035,1.8035,1.8035,1.8035,1.8035,5.2656,5.2656,5.2656,5.2656,5.2656
14.900000,3.4372,3.4372,3.4372,3.4372,3.4372,1.8002,1.8002,1.8002,1.8002,1.8002,5.2626,5.2626,5.2626,5.2626,5.2626
14.910000,3.4435,3.4435,3.4435,3.4435,3.4435,1.7969,1.7969,1.7969,1.7969,1.7969,5.2596,5.2596,5.2596,5.2596,5.2596
14.920000,3.4497,3.4497,3.4497,3.4497,3.4497,1.7936,1.7936,1.7936,1.7936,1.7936,5.2566,5.2566,5.2566,5.2566,5.2566
14.930000,3.4560,3.4560,3.4560,3.4560,3.4560,1.7904,1.7904,1.7904,1.7904,1.7904,5.2536,5.2536,5.2536,5.2536,5.2536
14.940000,3.4623,3.4623,3.4623,3.4623,3.4623,1.7871,1.7871,1.7871,1.7871,1.7871,5.2506,5.2506,5.2506,5.2506,5.2506
14.950000,3.4686,3.4686,3.4686,3.4686,3.4686,1.7839,1.7839,1.7839,1.7839,1.7839,5.2475,5.2475,5.2475,5.2475,5.2475
14.960000,3.4749,3.4749,3.4749,3.4749,3.4749,1.7807,1.7807,1.7807,1.7807,1.7807,5.2445,5.2445,5.2445,5.2445,5.2445
14.970000,3.4812,3.4812,3.4812,3.4812,3.4812,1.7775,1.7775,1.7775,1.7775,1.7775,5.2414,5.2414,5.2414,5.2414,5.2414
14.980000,3.4874,3.4874,3.4874,3.4874,3.4874,1.7743,1.7743,1.7743,1.7743,1.7743,5.2383,5.2383,5.2383,5.2383,5.2383
14.990000,3.4937,3.4937,3.4937,3.4937,3.4937,1.7711,1.7711,1.7711,1.7711,1.7711,5.2352,5.2352,5.2352,5.2352,5.2352
15.000000,3.5000,3.5000,3.5000,3.5000,3.5000,1.7679,1.7679,1.7679,1.7679,1.7679,5.2321,5.2321,5.2321,5.2321,5.2321
15.010000,3.5063,3.5063,3.5063,3.5063,3.5063,1.7648,1.7648,1.7648,1.7648,1.7648,5.2289,5.2289,5.2289,5.2289,5.2289
15.020000,3.5126,3.5126,3.5126,3.5126,3.5126,1.7617,1.7617,1.7617,1.7617,1.7617,5.2257,5.2257,5.2257,5.2257,5.2257
15.030000,3.5188,3.5188,3.5188,3.5188,3.5188,1.7586,1.7586,1.7586,1.7586,1.7586,5.2225,5.2225,5.2225,5.2225,5.2225
15.040000,3.5251,3.5251,3.5251,3.5251,3.5251,1.7555,1.7555,1.7555,1.7555,1.7555,5.2193,5.2193,5.2193,5.2193,5.2193
15.050000,3.5314,3.5314,3.5314,3.5314,3.5314,1.7525,1.7525,1.7525,1.7525,1.7525,5.2161,5.2161,5.2161,5.2161,5.2161
15.060000,3.5377,3.5377,3.5377,3.5377,3.5377,1.7494,1.7494,1.7494,1.7494,1.7494,5.2129,5.2129,5.2129,5.2129,5.2129
15.070000,3.5440,3.5440,3.5440,3.5440,3.5440,1.7464,1.7464,1.7464,1.7464,1.7464,5.2096,5.2096,5.2096,5.2096,5.2096
15.080000,3.5503,3.5503,3.5503,3.5503,3.5503,1.7434,1.7434,1.7434,1.7434,1.7434,5.2064,5.2064,5.2064,5.2064,5.2064
15.090000,3.5565,3.5565,3.5565,3.5565,3.5565,1.7404,1.7404,1.7404,1.7404,1.7404,5.2031,5.2031,5.2031,5.2031,5.2031
15.100000,3.5628,3.5628,3.5628,3.5628,3.5628,1.7374,1.7374,1.7374,1.7374,1.7374,5.1998,5.1998,5.1998,5.1998,5.1998
15.110000,3.5691,3.5691,3.5691,3.5691,3.5691,1.7344,1.7344,1.7344,1.7344,1.7344,5.1965,5.1965,5.1965,5.1965,5.1965
15.120000,3.5754,3.5754,3.5754,3.5754,3.5754,1.7315,1.7315,1.7315,1.7315,1.7315,5.1931,5.1931,5.1931,5.1931,5.1931
15.130000,3.5817,3.5817,3.5817,3.5817,3.5817,1.7286,1.7286,1.7286,1.7286,1.7286,5.1898,5.1898,5.1898,5.1898,5.1898
15.140000,3.5879,3.5879,3.5879,3.5879,3.5879,1.7257,1.7257,1.7257,1.7257,1.7257,5.1864,5.1864,5.1864,5.1864,5.1864
15.150000,3.5942,3.5942,3.5942,3.5942,3.5942,1.7228,1.7228,1.7228,1.7228,1.7228,5.1830,5.1830,5.1830,5.1830,5.1830
15.160000,3.6005,3.6005,3.6005,3.6005,3.6005,1.7199,1.7199,1.7199,1.7199,1.7199,5.1796,5.1796,5.1796,5.1796,5.1796
15.170000,3.6068,3.6068,3.6068,3.6068,3.6068,1.7170,1.7170,1.7170,1.7170,1.7170,5.1762,5.1762,5.1762,5.1762,5.1762
15.180000,3.6130,3.6130,3.6130,3.6130,3.6130,1.7142,1.7142,1.7142,1.7142,1.7142,5.1728,5.1728,5.1728,5.1728,5.1728
15.190000,3.6193,3.6193,3.6193,3.6193,3.6193,1.7114,1.7114,1.7114,1.7114,1.7114,5.1693,5.1693,5.1693,5.1693,5.1693
15.200000,3.6256,3.6256,3.6256,3.6256,3.6256,1.7086,1.7086,1.7086,1.7086,1.7086,5.1658,5.1658,5.1658,5.1658,5.1658
15.210000,3.6319,3.6319,3.6319,3.6319,3.6319,1.7058,1.7058,1.7058,1.7058,1.7058,5.1624,5.1624,5.1624,5.1624,5.1624
15.220000,3.6381,3.6381,3.6381,3.6381,3.6381,1.7030,1.7030,1.7030,1.7030,1.7030,5.1589,5.1589,5.1589,5.1589,5.1589
15.230000,3.6444,3.6444,3.6444,3.6444,3.6444,1.7003,1.7003,1.7003,1.7003,1.7003,5.1553,5.1553,5.1553,5.1553,5.1553
15.240000,3.6507,3.6507,3.6507,3.6507,3.6507,1.6975,1.6975,1.6975,1.6975,1.6975,5.1518,5.1518,5.1518,5.1518,5.1518
15.250000,3.6569,3.6569,3.6569,3.6569,3.6569,1.6948,1.6948,1.6948,1.6948,1.6948,5.1483,5.1483,5.1483,5.1483,5.1483
15.260000,3.6632,3.6632,3.6632,3.6632,3.6632,1.6921,1.6921,1.6921,1.6921,1.6921,5.1447,5.1447,5.1447,5.1447,5.1447
15.270000,3.6694,3.6694,3.6694,3.6694,3.6694,1.6895,1.6895,1.6895,1.6895,1.6895,5.1411,5.1411,5.1411,5.1411,5.1411
15.280000,3.6757,3.6757,3.6757,3.6757,3.6757,1.6868,1.6868,1.6868,1.6868,1.6868,5.1375,5.1375,5.1375,5.1375,5.1375
15.290000,3.6820,3.6820,3.6820,3.6820,3.6820,1.6842,1.6842,1.6842,1.6842,1.6842,5.1339,5.1339,5.1339,5.1339,5.1339
15.300000,3.6882,3.6882,3.6882,3.6882,3.6882,1.6815,1.6815,1.6815,1.6815,1.6815,5.1303,5.1303,5.1303,5.1303,5.1303
15.310000,3.6945,3.6945,3.6945,3.6945,3.6945,1.6789,1.6789,1.6789,1.6789,1.6789,5.1266,5.1266,5.1266,5.1266,5.1266
15.320000,3.7007,3.7007,3.7007,3.7007,3.7007,1.6763,1.6763,1.6763,1.6763,1.6763,5.1229,5.1229,5.1229,5.1229,5.1229
15.330000,3.7070,3.7070,3.7070,3.7070,3.7070,1.6738,1.6738,1.6738,1.6738,1.6738,5.1193,5.1193,5.1193,5.1193,5.1193
15.340000,3.7132,3.7132,3.7132,3.7132,3.7132,1.6712,1.6712,1.6712,1.6712,1.6712,5.1156,5.1156,5.1156,5.1156,5.1156
15.350000,3.7195,3.7195,3.7195,3.7195,3.7195,1.6687,1.6687,1.6687,1.6687,1.6687,5.1119,5.1119,5.1119,5.1119,5.1119
15.360000,3.7257,3.7257,3.7257,3.7257,3.7257,1.6662,1.6662,1.6662,1.6662,1.6662,5.1081,5.1081,5.1081,5.1081,5.1081
15.370000,3.7320,3.7320,3.7320,3.7320,3.7320,1.6637,1.6637,1.6637,1.6637,1.6637,5.1044,5.1044,5.1044,5.1044,5.1044
15.380000,3.7382,3.7382,3.7382,3.7382,3.7382,1.6612,1.6612,1.6612,1.6612,1.6612,5.1006,5.1006,5.1006,5.1006,5.1006
15.390000,3.7444,3.7444,3.7444,3.7444,3.7444,1.6587,1.6587,1.6587,1.6587,1.6587,5.0969,5.0969,5.0969,5.0969,5.0969
15.400000,3.7507,3.7507,3.7507,3.7507,3.7507,1.6563,1.6563,1.6563,1.6563,1.6563,5.0931,5.0931,5.0931,5.0931,5.0931
15.410000,3.7569,3.7569,3.7569,3.7569,3.7569,1.6538,1.6538,1.6538,1.6538,1.6538,5.0893,5.0893,5.0893,5.0893,5.0893
15.420000,3.7631,3.7631,3.7631,3.7631,3.7631,1.6514,1.6514,1.6514,1.6514,1.6514,5.0854,5.0854,5.0854,5.0854,5.0854
15.430000,3.7694,3.7694,3.7694,3.7694,3.7694,1.6491,1.6491,1.6491,1.6491,1.6491,5.0816,5.0816,5.0816,5.0816,5.0816
15.440000,3.7756,3.7756,3.7756,3.7756,3.7756,1.6467,1.6467,1.6467,1.6467,1.6467,5.0777,5.0777,5.0777,5.0777,5.0777
15.450000,3.7818,3.7818,3.7818,3.7818,3.7818,1.6443,1.6443,1.6443,1.6443,1.6443,5.0739,5.0739,5.0739,5.0739,5.0739
15.460000,3.7880,3.7880,3.7880,3.7880,3.7880,1.6420,1.6420,1.6420,1.6420,1.6420,5.0700,5.0700,5.0700,5.0700,5.0700
15.470000,3.7942,3.7942,3.7942,3.7942,3.7942,1.6397,1.6397,1.6397,1.6397,1.6397,5.0661,5.0661,5.0661,5.0661,5.0661
15.480000,3.8005,3.8005,3.8005,3.8005,3.8005,1.6374,1.6374,1.6374,1.6374,1.6374,5.0622,5.0622,5.0622,5.0622,5.0622
15.490000,3.8067,3.8067,3.8067,3.8067,3.8067,1.6351,1.6351,1.6351,1.6351,1.6351,5.0582,5.0582,5.0582,5.0582,5.0582
15.500000,3.8129,3.8129,3.8129,3.8129,3.8129,1.6328,1.6328,1.6328,1.6328,1.6328,5.0543,5.0543,5.0543,5.0543,5.0543
15.510000,3.8191,3.8191,3.8191,3.8191,3.8191,1.6306,1.6306,1.6306,1.6306,1.6306,5.0503,5.0503,5.0503,5.0503,5.0503
15.520000,3.8253,3.8253,3.8253,3.8253,3.8253,1.6284,1.6284,1.6284,1.6284,1.6284,5.0464,5.0464,5.0464,5.0464,5.0464
15.530000,3.8315,3.8315,3.8315,3.8315,3.8315,1.6262,1.6262,1.6262,1.6262,1.6262,5.0424,5.0424,5.0424,5.0424,5.0424
15.540000,3.8377,3.8377,3.8377,3.8377,3.8377,1.6240,1.6240,1.6240,1.6240,1.6240,5.0384,5.0384,5.0384,5.0384,5.0384
15.550000,3.8439,3.8439,3.8439,3.8439,3.8439,1.6218,1.6218,1.6218,1.6218,1.6218,5.0343,5.0343,5.0343,5.0343,5.0343
15.560000,3.8500,3.8500,3.8500,3.8500,3.8500,1.6197,1.6197,1.6197,1.6197,1.6197,5.0303,5.0303,5.0303,5.0303,5.0303
15.570000,3.8562,3.8562,3.8562,3.8562,3.8562,1.6175,1.6175,1.6175,1.6175,1.6175,5.0262,5.0262,5.0262,5.0262,5.0262
15.580000,3.8624,3.8624,3.8624,3.8624,3.8624,1.6154,1.6154,1.6154,1.6154,1.6154,5.0222,5.0222,5.0222,5.0222,5.0222
15.590000,3.8686,3.8686,3.8686,3.8686,3.8686,1.6133,1.6133,1.6133,1.6133,1.6133,5.0181,5.0181,5.0181,5.0181,5.0181
15.600000,3.8748,3.8748,3.8748,3.8748,3.8748,1.6112,1.6112,1.6112,1.6112,1.6112,5.0140,5.0140,5.0140,5.0140,5.0140
15.610000,3.8809,3.8809,3.8809,3.8809,3.8809,1.6092,1.6092,1.6092,1.6092,1.6092,5.0099,5.0099,5.0099,5.0099,5.0099
15.620000,3.8871,3.8871,3.8871,3.8871,3.8871,1.6072,1.6072,1.6072,1.6072,1.6072,5.0057,5.0057,5.0057,5.0057,5.0057
15.630000,3.8933,3.8933,3.8933,3.8933,3.8933,1.6051,1.6051,1.6051,1.6051,1.6051,5.0016,5.0016,5.0016,5.0016,5.0016
15.640000,3.8994,3.8994,3.8994,3.8994,3.8994,1.6031,1.6031,1.6031,1.6031,1.6031,4.9974,4.9974,4.9974,4.9974,4.9974
15.650000,3.9056,3.9056,3.9056,3.9056,3.9056,1.6011,1.6011,1.6011,1.6011,1.6011,4.9933,4.9933,4.9933,4.9933,4.9933
15.660000,3.9117,3.9117,3.9117,3.9117,3.9117,1.5992,1.5992,1.5992,1.5992,1.5992,4.9891,4.9891,4.9891,4.9891,4.9891
15.670000,3.9179,3.9179,3.9179,3.9179,3.9179,1.5972,1.5972,1.5972,1.5972,1.5972,4.9849,4.9849,4.9849,4.9849,4.9849
15.680000,3.9240,3.9240,3.9240,3.9240,3.9240,1.5953,1.5953,1.5953,1.5953,1.5953,4.9807,4.9807,4.9807,4.9807,4.9807
15.690000,3.9302,3.9302,3.9302,3.9302,3.9302,1.5934,1.5934,1.5934,1.5934,1.5934,4.9764,4.9764,4.9764,4.9764,4.9764
15.700000,3.9363,3.9363,3.9363,3.9363,3.9363,1.5915,1.5915,1.5915,1.5915,1.5915,4.9722,4.9722,4.9722,4.9722,4.9722
15.710000,3.9424,3.9424,3.9424,3.9424,3.9424,1.5896,1.5896,1.5896,1.5896,1.5896,4.9679,4.9679,4.9679,4.9679,4.9679
15.720000,3.9485,3.9485,3.9485,3.9485,3.9485,1.5878,1.5878,1.5878,1.5878,1.5878,4.9637,4.9637,4.9637,4.9637,4.9637
15.730000,3.9547,3.9547,3.9547,3.9547,3.9547,1.5860,1.5860,1.5860,1.5860,1.5860,4.9594,4.9594,4.9594,4.9594,4.9594
15.740000,3.9608,3.9608,3.9608,3.9608,3.9608,1.5842,1.5842,1.5842,1.5842,1.5842,4.9551,4.9551,4.9551,4.9551,4.9551
15.750000,3.9669,3.9669,3.9669,3.9669,3.9669,1.5824,1.5824,1.5824,1.5824,1.5824,4.9507,4.9507,4.9507,4.9507,4.9507
15.760000,3.9730,3.9730,3.9730,3.9730,3.9730,1.5806,1.5806,1.5806,1.5806,1.5806,4.9464,4.9464,4.9464,4.9464,4.9464
15.770000,3.9791,3.9791,3.9791,3.9791,3.9791,1.5788,1.5788,1.5788,1.5788,1.5788,4.9421,4.9421,4.9421,4.9421,4.9421
15.780000,3.9852,3.9852,3.9852,3.9852,3.9852,1.5771,1.5771,1.5771,1.5771,1.5771,4.9377,4.9377,4.9377,4.9377,4.9377
15.790000,3.9913,3.9913,3.9913,3.9913,3.9913,1.5754,1.5754,1.5754,1.5754,1.5754,4.9333,4.9333,4.9333,4.9333,4.9333
15.800000,3.9974,3.9974,3.9974,3.9974,3.9974,1.5737,1.5737,1.5737,1.5737,1.5737,4.9289,4.9289,4.9289,4.9289,4.9289
15.810000,4.0035,4.0035,4.0035,4.0035,4.0035,1.5720,1.5720,1.5720,1.5720,1.5720,4.9245,4.9245,4.9245,4.9245,4.9245
15.820000,4.0095,4.0095,4.0095,4.0095,4.0095,1.5703,1.5703,1.5703,1.5703,1.5703,4.9201,4.9201,4.9201,4.9201,4.9201
15.830000,4.0156,4.0156,4.0156,4.0156,4.0156,1.5687,1.5687,1.5687,1.5687,1.5687,4.9157,4.9157,4.9157,4.9157,4.9157
15.840000,4.0217,4.0217,4.0217,4.0217,4.0217,1.5671,1.5671,1.5671,1.5671,1.5671,4.9112,4.9112,4.9112,4.9112,4.9112
15.850000,4.0277,4.0277,4.0277,4.0277,4.0277,1.5655,1.5655,1.5655,1.5655,1.5655,4.9068,4.9068,4.9068,4.9068,4.9068
15.860000,4.0338,4.0338,4.0338,4.0338,4.0338,1.5639,1.5639,1.5639,1.5639,1.5639,4.9023,4.9023,4.9023,4.9023,4.9023
15.870000,4.0399,4.0399,4.0399,4.0399,4.0399,1.5623,1.5623,1.5623,1.5623,1.5623,4.8978,4.8978,4.8978,4.8978,4.8978
15.880000,4.0459,4.0459,4.0459,4.0459,4.0459,1.5608,1.5608,1.5608,1.5608,1.5608,4.8933,4.8933,4.8933,4.8933,4.8933
15.890000,4.0519,4.0519,4.0519,4.0519,4.0519,1.5592,1.5592,1.5592,1.5592,1.5592,4.8888,4.8888,4.8888,4.8888,4.8888
15.900000,4.0580,4.0580,4.0580,4.0580,4.0580,1.5577,1.5577,1.5577,1.5577,1.5577,4.8843,4.8843,4.8843,4.8843,4.8843
15.910000,4.0640,4.0640,4.0640,4.0640,4.0640,1.5562,1.5562,1.5562,1.5562,1.5562,4.8797,4.8797,4.8797,4.8797,4.8797
15.920000,4.0700,4.0700,4.0700,4.0700,4.0700,1.5548,1.5548,1.5548,1.5548,1.5548,4.8752,4.8752,4.8752,4.8752,4.8752
15.930000,4.0761,4.0761,4.0761,4.0761,4.0761,1.5533,1.5533,1.5533,1.5533,1.5533,4.8706,4.8706,4.8706,4.8706,4.8706
15.940000,4.0821,4.0821,4.0821,4.0821,4.0821,1.5519,1.5519,1.5519,1.5519,1.5519,4.8660,4.8660,4.8660,4.8660,4.8660
15.950000,4.0881,4.0881,4.0881,4.0881,4.0881,1.5505,1.5505,1.5505,1.5505,1.5505,4.8614,4.8614,4.8614,4.8614,4.8614
15.960000,4.0941,4.0941,4.0941,4.0941,4.0941,1.5491,1.5491,1.5491,1.5491,1.5491,4.8568,4.8568,4.8568,4.8568,4.8568
15.970000,4.1001,4.1001,4.1001,4.1001,4.1001,1.5477,1.5477,1.5477,1.5477,1.5477,4.8522,4.8522,4.8522,4.8522,4.8522
15.980000,4.1061,4.1061,4.1061,4.1061,4.1061,1.5464,1.5464,1.5464,1.5464,1.5464,4.8476,4.8476,4.8476,4.8476,4.8476
15.990000,4.1121,4.1121,4.1121,4.1121,4.1121,1.5450,1.5450,1.5450,1.5450,1.5450,4.8429,4.8429,4.8429,4.8429,4.8429
16.000000,4.1180,4.1180,4.1180,4.1180,4.1180,1.5437,1.5437,1.5437,1.5437,1.5437,4.8383,4.8383,4.8383,4.8383,4.8383
16.010000,4.1240,4.1240,4.1240,4.1240,4.1240,1.5424,1.5424,1.5424,1.5424,1.5424,4.8336,4.8336,4.8336,4.8336,4.8336
16.020000,4.1300,4.1300,4.1300,4.1300,4.1300,1.5411,1.5411,1.5411,1.5411,1.5411,4.8289,4.8289,4.8289,4.8289,4.8289
16.030000,4.1359,4.1359,4.1359,4.1359,4.1359,1.5399,1.5399,1.5399,1.5399,1.5399,4.8242,4.8242,4.8242,4.8242,4.8242
16.040000,4.1419,4.1419,4.1419,4.1419,4.1419,1.5386,1.5386,1.5386,1.5386,1.5386,4.8195,4.8195,4.8195,4.8195,4.8195
16.050000,4.1478,4.1478,4.1478,4.1478,4.1478,1.5374,1.5374,1.5374,1.5374,1.5374,4.8148,4.8148,4.8148,4.8148,4.8148
16.060000,4.1538,4.1538,4.1538,4.1538,4.1538,1.5362,1.5362,1.5362,1.5362,1.5362,4.8100,4.8100,4.8100,4.8100,4.8100
16.070000,4.1597,4.1597,4.1597,4.1597,4.1597,1.5350,1.5350,1.5350,1.5350,1.5350,4.8053,4.8053,4.8053,4.8053,4.8053
16.080000,4.1656,4.1656,4.1656,4.1656,4.1656,1.5339,1.5339,1.5339,1.5339,1.5339,4.8005,4.8005,4.8005,4.8005,4.8005
16.090000,4.1716,4.1716,4.1716,4.1716,4.1716,1.5327,1.5327,1.5327,1.5327,1.5327,4.7957,4.7957,4.7957,4.7957,4.7957
16.100000,4.1775,4.1775,4.1775,4.1775,4.1775,1.5316,1.5316,1.5316,1.5316,1.5316,4.7909,4.7909,4.7909,4.7909,4.7909
16.110000,4.1834,4.1834,4.1834,4.1834,4.1834,1.5305,1.5305,1.5305,1.5305,1.5305,4.7861,4.7861,4.7861,4.7861,4.7861
16.120000,4.1893,4.1893,4.1893,4.1893,4.1893,1.5294,1.5294,1.5294,1.5294,1.5294,4.7813,4.7813,4.7813,4.7813,4.7813
16.130000,4.1952,4.1952,4.1952,4.1952,4.1952,1.5284,1.5284,1.5284,1.5284,1.5284,4.7765,4.7765,4.7765,4.7765,4.7765
16.140000,4.2011,4.2011,4.2011,4.2011,4.2011,1.5273,1.5273,1.5273,1.5273,1.5273,4.7716,4.7716,4.7716,4.7716,4.7716
16.150000,4.2069,4.2069,4.2069,4.2069,4.2069,1.5263,1.5263,1.5263,1.5263,1.5263,4.7668,4.7668,4.7668,4.7668,4.7668
16.160000,4.2128,4.2128,4.2128,4.2128,4.2128,1.5253,1.5253,1.5253,1.5253,1.5253,4.7619,4.7619,4.7619,4.7619,4.7619
16.170000,4.2187,4.2187,4.2187,4.2187,4.2187,1.5243,1.5243,1.5243,1.5243,1.5243,4.7570,4.7570,4.7570,4.7570,4.7570
16.180000,4.2246,4.2246,4.2246,4.2246,4.2246,1.5233,1.5233,1.5233,1.5233,1.5233,4.7521,4.7521,4.7521,4.7521,4.7521
16.190000,4.2304,4.2304,4.2304,4.2304,4.2304,1.5224,1.5224,1.5224,1.5224,1.5224,4.7472,4.7472,4.7472,4.7472,4.7472
16.200000,4.2362,4.2362,4.2362,4.2362,4.2362,1.5215,1.5215,1.5215,1.5215,1.5215,4.7423,4.7423,4.7423,4.7423,4.7423
16.210000,4.2421,4.2421,4.2421,4.2421,4.2421,1.5205,1.5205,1.5205,1.5205,1.5205,4.7374,4.7374,4.7374,4.7374,4.7374
16.220000,4.2479,4.2479,4.2479,4.2479,4.2479,1.5197,1.5197,1.5197,1.5197,1.5197,4.7324,4.7324,4.7324,4.7324,4.7324
16.230000,4.2537,4.2537,4.2537,4.2537,4.2537,1.5188,1.5188,1.5188,1.5188,1.5188,4.7275,4.7275,4.7275,4.7275,4.7275
16.240000,4.2596,4.2596,4.2596,4.2596,4.2596,1.5179,1.5179,1.5179,1.5179,1.5179,4.7225,4.7225,4.7225,4.7225,4.7225
16.250000,4.2654,4.2654,4.2654,4.2654,4.2654,1.5171,1.5171,1.5171,1.5171,1.5171,4.7175,4.7175,4.7175,4.7175,4.7175
16.260000,4.2712,4.2712,4.2712,4.2712,4.2712,1.5163,1.5163,1.5163,1.5163,1.5163,4.7125,4.7125,4.7125,4.7125,4.7125
16.270000,4.2770,4.2770,4.2770,4.2770,4.2770,1.5155,1.5155,1.5155,1.5155,1.5155,4.7075,4.7075,4.7075,4.7075,4.7075
16.280000,4.2827,4.2827,4.2827,4.2827,4.2827,1.5147,1.5147,1.5147,1.5147,1.5147,4.7025,4.7025,4.7025,4.7025,4.7025
16.290000,4.2885,4.2885,4.2885,4.2885,4.2885,1.5140,1.5140,1.5140,1.5140,1.5140,4.6975,4.6975,4.6975,4.6975,4.6975
16.300000,4.2943,4.2943,4.2943,4.2943,4.2943,1.5133,1.5133,1.5133,1.5133,1.5133,4.6924,4.6924,4.6924,4.6924,4.6924
16.310000,4.3001,4.3001,4.3001,4.3001,4.3001,1.5125,1.5125,1.5125,1.5125,1.5125,4.6874,4.6874,4.6874,4.6874,4.6874
16.320000,4.3058,4.3058,4.3058,4.3058,4.3058,1.5118,1.5118,1.5118,1.5118,1.5118,4.6823,4.6823,4.6823,4.6823,4.6823
16.330000,4.3116,4.3116,4.3116,4.3116,4.3116,1.5112,1.5112,1.5112,1.5112,1.5112,4.6773,4.6773,4.6773,4.6773,4.6773
16.340000,4.3173,4.3173,4.3173,4.3173,4.3173,1.5105,1.5105,1.5105,1.5105,1.5105,4.6722,4.6722,4.6722,4.6722,4.6722
16.350000,4.3230,4.3230,4.3230,4.3230,4.3230,1.5099,1.5099,1.5099,1.5099,1.5099,4.6671,4.6671,4.6671,4.6671,4.6671
16.360000,4.3288,4.3288,4.3288,4.3288,4.3288,1.5093,1.5093,1.5093,1.5093,1.5093,4.6620,4.6620,4.6620,4.6620,4.6620
16.370000,4.3345,4.3345,4.3345,4.3345,4.3345,1.5087,1.5087,1.5087,1.5087,1.5087,4.6569,4.6569,4.6569,4.6569,4.6569
16.380000,4.3402,4.3402,4.3402,4.3402,4.3402,1.5081,1.5081,1.5081,1.5081,1.5081,4.6517,4.6517,4.6517,4.6517,4.6517
16.390000,4.3459,4.3459,4.3459,4.3459,4.3459,1.5075,1.5075,1.5075,1.5075,1.5075,4.6466,4.6466,4.6466,4.6466,4.6466
16.400000,4.3516,4.3516,4.3516,4.3516,4.3516,1.5070,1.5070,1.5070,1.5070,1.5070,4.6414,4.6414,4.6414,4.6414,4.6414
16.410000,4.3572,4.3572,4.3572,4.3572,4.3572,1.5065,1.5065,1.5065,1.5065,1.5065,4.6363,4.6363,4.6363,4.6363,4.6363
16.420000,4.3629,4.3629,4.3629,4.3629,4.3629,1.5060,1.5060,1.5060,1.5060,1.5060,4.6311,4.6311,4.6311,4.6311,4.6311
16.430000,4.3686,4.3686,4.3686,4.3686,4.3686,1.5055,1.5055,1.5055,1.5055,1.5055,4.6259,4.6259,4.6259,4.6259,4.6259
16.440000,4.3742,4.3742,4.3742,4.3742,4.3742,1.5051,1.5051,1.5051,1.5051,1.5051,4.6207,4.6207,4.6207,4.6207,4.6207
16.450000,4.3799,4.3799,4.3799,4.3799,4.3799,1.5046,1.5046,1.5046,1.5046,1.5046,4.6155,4.6155,4.6155,4.6155,4.6155
16.460000,4.3855,4.3855,4.3855,4.3855,4.3855,1.5042,1.5042,1.5042,1.5042,1.5042,4.6103,4.6103,4.6103,4.6103,4.6103
16.470000,4.3911,4.3911,4.3911,4.3911,4.3911,1.5038,1.5038,1.5038,1.5038,1.5038,4.6050,4.6050,4.6050,4.6050,4.6050
16.480000,4.3968,4.3968,4.3968,4.3968,4.3968,1.5034,1.5034,1.5034,1.5034,1.5034,4.5998,4.5998,4.5998,4.5998,4.5998
16.490000,4.4024,4.4024,4.4024,4.4024,4.4024,1.5031,1.5031,1.5031,1.5031,1.5031,4.5945,4.5945,4.5945,4.5945,4.5945
16.500000,4.4080,4.4080,4.4080,4.4080,4.4080,1.5027,1.5027,1.5027,1.5027,1.5027,4.5893,4.5893,4.5893,4.5893,4.5893
16.510000,4.4136,4.4136,4.4136,4.4136,4.4136,1.5024,1.5024,1.5024,1.5024,1.5024,4.5840,4.5840,4.5840,4.5840,4.5840
16.520000,4.4192,4.4192,4.4192,4.4192,4.4192,1.5021,1.5021,1.5021,1.5021,1.5021,4.5787,4.5787,4.5787,4.5787,4.5787
16.530000,4.4247,4.4247,4.4247,4.4247,4.4247,1.5018,1.5018,1.5018,1.5018,1.5018,4.5734,4.5734,4.5734,4.5734,4.5734
16.540000,4.4303,4.4303,4.4303,4.4303,4.4303,1.5016,1.5016,1.5016,1.5016,1.5016,4.5681,4.5681,4.5681,4.5681,4.5681
16.550000,4.4359,4.4359,4.4359,4.4359,4.4359,1.5013,1.5013,1.5013,1.5013,1.5013,4.5628,4.5628,4.5628,4.5628,4.5628
16.560000,4.4414,4.4414,4.4414,4.4414,4.4414,1.5011,1.5011,1.5011,1.5011,1.5011,4.5575,4.5575,4.5575,4.5575,4.5575
16.570000,4.4469,4.4469,4.4469,4.4469,4.4469,1.5009,1.5009,1.5009,1.5009,1.5009,4.5521,4.5521,4.5521,4.5521,4.5521
16.580000,4.4525,4.4525,4.4525,4.4525,4.4525,1.5007,1.5007,1.5007,1.5007,1.5007,4.5468,4.5468,4.5468,4.5468,4.5468
16.590000,4.4580,4.4580,4.4580,4.4580,4.4580,1.5006,1.5006,1.5006,1.5006,1.5006,4.5414,4.5414,4.5414,4.5414,4.5414
16.600000,4.4635,4.4635,4.4635,4.4635,4.4635,1.5004,1.5004,1.5004,1.5004,1.5004,4.5361,4.5361,4.5361,4.5361,4.5361
16.610000,4.4690,4.4690,4.4690,4.4690,4.4690,1.5003,1.5003,1.5003,1.5003,1.5003,4.5307,4.5307,4.5307,4.5307,4.5307
16.620000,4.4745,4.4745,4.4745,4.4745,4.4745,1.5002,1.5002,1.5002,1.5002,1.5002,4.5253,4.5253,4.5253,4.5253,4.5253
16.630000,4.4800,4.4800,4.4800,4.4800,4.4800,1.5001,1.5001,1.5001,1.5001,1.5001,4.5199,4.5199,4.5199,4.5199,4.5199
16.640000,4.4855,4.4855,4.4855,4.4855,4.4855,1.5001,1.5001,1.5001,1.5001,1.5001,4.5145,4.5145,4.5145,4.5145,4.5145
16.650000,4.4909,4.4909,4.4909,4.4909,4.4909,1.5000,1.5000,1.5000,1.5000,1.5000,4.5091,4.5091,4.5091,4.5091,4.5091
16.660000,4.4964,4.4964,4.4964,4.4964,4.4964,1.5000,1.5000,1.5000,1.5000,1.5000,4.5036,4.5036,4.5036,4.5036,4.5036
16.670000,4.5018,4.5018,4.5018,4.5018,4.5018,1.5000,1.5000,1.5000,1.5000,1.5000,4.4982,4.4982,4.4982,4.4982,4.4982
16.680000,4.5072,4.5072,4.5072,4.5072,4.5072,1.5000,1.5000,1.5000,1.5000,1.5000,4.4927,4.4927,4.4927,4.4927,4.4927
16.690000,4.5127,4.5127,4.5127,4.5127,4.5127,1.5001,1.5001,1.5001,1.5001,1.5001,4.4873,4.4873,4.4873,4.4873,4.4873
16.700000,4.5181,4.5181,4.5181,4.5181,4.5181,1.5001,1.5001,1.5001,1.5001,1.5001,4.4818,4.4818,4.4818,4.4818,4.4818
16.710000,4.5235,4.5235,4.5235,4.5235,4.5235,1.5002,1.5002,1.5002,1.5002,1.5002,4.4763,4.4763,4.4763,4.4763,4.4763
16.720000,4.5289,4.5289,4.5289,4.5289,4.5289,1.5003,1.5003,1.5003,1.5003,1.5003,4.4708,4.4708,4.4708,4.4708,4.4708
16.730000,4.5343,4.5343,4.5343,4.5343,4.5343,1.5004,1.5004,1.5004,1.5004,1.5004,4.4653,4.4653,4.4653,4.4653,4.4653
16.740000,4.5396,4.5396,4.5396,4.5396,4.5396,1.5005,1.5005,1.5005,1.5005,1.5005,4.4598,4.4598,4.4598,4.4598,4.4598
16.750000,4.5450,4.5450,4.5450,4.5450,4.5450,1.5007,1.5007,1.5007,1.5007,1.5007,4.4543,4.4543,4.4543,4.4543,4.4543
16.760000,4.5503,4.5503,4.5503,4.5503,4.5503,1.5009,1.5009,1.5009,1.5009,1.5009,4.4488,4.4488,4.4488,4.4488,4.4488
16.770000,4.5557,4.5557,4.5557,4.5557,4.5557,1.5011,1.5011,1.5011,1.5011,1.5011,4.4433,4.4433,4.4433,4.4433,4.4433
16.780000,4.5610,4.5610,4.5610,4.5610,4.5610,1.5013,1.5013,1.5013,1.5013,1.5013,4.4377,4.4377,4.4377,4.4377,4.4377
16.790000,4.5663,4.5663,4.5663,4.5663,4.5663,1.5015,1.5015,1.5015,1.5015,1.5015,4.4322,4.4322,4.4322,4.4322,4.4322
16.800000,4.5717,4.5717,4.5717,4.5717,4.5717,1.5018,1.5018,1.5018,1.5018,1.5018,4.4266,4.4266,4.4266,4.4266,4.4266
16.810000,4.5770,4.5770,4.5770,4.5770,4.5770,1.5020,1.5020,1.5020,1.5020,1.5020,4.4210,4.4210,4.4210,4.4210,4.4210
16.820000,4.5822,4.5822,4.5822,4.5822,4.5822,1.5023,1.5023,1.5023,1.5023,1.5023,4.4154,4.4154,4.4154,4.4154,4.4154
16.830000,4.5875,4.5875,4.5875,4.5875,4.5875,1.5026,1.5026,1.5026,1.5026,1.5026,4.4098,4.4098,4.4098,4.4098,4.4098
16.840000,4.5928,4.5928,4.5928,4.5928,4.5928,1.5030,1.5030,1.5030,1.5030,1.5030,4.4042,4.4042,4.4042,4.4042,4.4042
16.850000,4.5980,4.5980,4.5980,4.5980,4.5980,1.5033,1.5033,1.5033,1.5033,1.5033,4.3986,4.3986,4.3986,4.3986,4.3986
16.860000,4.6033,4.6033,4.6033,4.6033,4.6033,1.5037,1.5037,1.5037,1.5037,1.5037,4.3930,4.3930,4.3930,4.3930,4.3930
16.870000,4.6085,4.6085,4.6085,4.6085,4.6085,1.5041,1.5041,1.5041,1.5041,1.5041,4.3874,4.3874,4.3874,4.3874,4.3874
16.880000,4.6138,4.6138,4.6138,4.6138,4.6138,1.5045,1.5045,1.5045,1.5045,1.5045,4.3818,4.3818,4.3818,4.3818,4.3818
16.890000,4.6190,4.6190,4.6190,4.6190,4.6190,1.5049,1.5049,1.5049,1.5049,1.5049,4.3761,4.3761,4.3761,4.3761,4.3761
16.900000,4.6242,4.6242,4.6242,4.6242,4.6242,1.5054,1.5054,1.5054,1.5054,1.5054,4.3705,4.3705,4.3705,4.3705,4.3705
16.910000,4.6294,4.6294,4.6294,4.6294,4.6294,1.5058,1.5058,1.5058,1.5058,1.5058,4.3648,4.3648,4.3648,4.3648,4.3648
16.920000,4.6345,4.6345,4.6345,4.6345,4.6345,1.5063,1.5063,1.5063,1.5063,1.5063,4.3591,4.3591,4.3591,4.3591,4.3591
16.930000,4.6397,4.6397,4.6397,4.6397,4.6397,1.5068,1.5068,1.5068,1.5068,1.5068,4.3535,4.3535,4.3535,4.3535,4.3535
16.940000,4.6449,4.6449,4.6449,4.6449,4.6449,1.5074,1.5074,1.5074,1.5074,1.5074,4.3478,4.3478,4.3478,4.3478,4.3478
16.950000,4.6500,4.6500,4.6500,4.6500,4.6500,1.5079,1.5079,1.5079,1.5079,1.5079,4.3421,4.3421,4.3421,4.3421,4.3421
16.960000,4.6551,4.6551,4.6551,4.6551,4.6551,1.5085,1.5085,1.5085,1.5085,1.5085,4.3364,4.3364,4.3364,4.3364,4.3364
16.970000,4.6603,4.6603,4.6603,4.6603,4.6603,1.5091,1.5091,1.5091,1.5091,1.5091,4.3307,4.3307,4.3307,4.3307,4.3307
16.980000,4.6654,4.6654,4.6654,4.6654,4.6654,1.5097,1.5097,1.5097,1.5097,1.5097,4.3249,4.3249,4.3249,4.3249,4.3249
16.990000,4.6705,4.6705,4.6705,4.6705,4.6705,1.5103,1.5103,1.5103,1.5103,1.5103,4.3192,4.3192,4.3192,4.3192,4.3192
17.000000,4.6756,4.6756,4.6756,4.6756,4.6756,1.5110,1.5110,1.5110,1.5110,1.5110,4.3135,4.3135,4.3135,4.3135,4.3135
17.010000,4.6806,4.6806,4.6806,4.6806,4.6806,1.5116,1.5116,1.5116,1.5116,1.5116,4.3077,4.3077,4.3077,4.3077,4.3077
17.020000,4.6857,4.6857,4.6857,4.6857,4.6857,1.5123,1.5123,1.5123,1.5123,1.5123,4.3020,4.3020,4.3020,4.3020,4.3020
17.030000,4.6908,4.6908,4.6908,4.6908,4.6908,1.5130,1.5130,1.5130,1.5130,1.5130,4.2962,4.2962,4.2962,4.2962,4.2962
17.040000,4.6958,4.6958,4.6958,4.6958,4.6958,1.5137,1.5137,1.5137,1.5137,1.5137,4.2904,4.2904,4.2904,4.2904,4.2904
17.050000,4.7008,4.7008,4.7008,4.7008,4.7008,1.5145,1.5145,1.5145,1.5145,1.5145,4.2847,4.2847,4.2847,4.2847,4.2847
17.060000,4.7059,4.7059,4.7059,4.7059,4.7059,1.5152,1.5152,1.5152,1.5152,1.5152,4.2789,4.2789,4.2789,4.2789,4.2789
17.070000,4.7109,4.7109,4.7109,4.7109,4.7109,1.5160,1.5160,1.5160,1.5160,1.5160,4.2731,4.2731,4.2731,4.2731,4.2731
17.080000,4.7159,4.7159,4.7159,4.7159,4.7159,1.5168,1.5168,1.5168,1.5168,1.5168,4.2673,4.2673,4.2673,4.2673,4.2673
17.090000,4.7208,4.7208,4.7208,4.7208,4.7208,1.5177,1.5177,1.5177,1.5177,1.5177,4.2615,4.2615,4.2615,4.2615,4.2615
17.100000,4.7258,4.7258,4.7258,4.7258,4.7258,1.5185,1.5185,1.5185,1.5185,1.5185,4.2557,4.2557,4.2557,4.2557,4.2557
17.110000,4.7308,4.7308,4.7308,4.7308,4.7308,1.5194,1.5194,1.5194,1.5194,1.5194,4.2499,4.2499,4.2499,4.2499,4.2499
17.120000,4.7357,4.7357,4.7357,4.7357,4.7357,1.5202,1.5202,1.5202,1.5202,1.5202,4.2440,4.2440,4.2440,4.2440,4.2440
17.130000,4.7407,4.7407,4.7407,4.7407,4.7407,1.5212,1.5212,1.5212,1.5212,1.5212,4.2382,4.2382,4.2382,4.2382,4.2382
17.140000,4.7456,4.7456,4.7456,4.7456,4.7456,1.5221,1.5221,1.5221,1.5221,1.5221,4.2324,4.2324,4.2324,4.2324,4.2324
17.150000,4.7505,4.7505,4.7505,4.7505,4.7505,1.5230,1.5230,1.5230,1.5230,1.5230,4.2265,4.2265,4.2265,4.2265,4.2265
17.160000,4.7554,4.7554,4.7554,4.7554,4.7554,1.5240,1.5240,1.5240,1.5240,1.5240,4.2206,4.2206,4.2206,4.2206,4.2206
17.170000,4.7603,4.7603,4.7603,4.7603,4.7603,1.5250,1.5250,1.5250,1.5250,1.5250,4.2148,4.2148,4.2148,4.2148,4.2148
17.180000,4.7651,4.7651,4.7651,4.7651,4.7651,1.5260,1.5260,1.5260,1.5260,1.5260,4.2089,4.2089,4.2089,4.2089,4.2089
17.190000,4.7700,4.7700,4.7700,4.7700,4.7700,1.5270,1.5270,1.5270,1.5270,1.5270,4.2030,4.2030,4.2030,4.2030,4.2030
17.200000,4.7748,4.7748,4.7748,4.7748,4.7748,1.5280,1.5280,1.5280,1.5280,1.5280,4.1971,4.1971,4.1971,4.1971,4.1971
17.210000,4.7797,4.7797,4.7797,4.7797,4.7797,1.5291,1.5291,1.5291,1.5291,1.5291,4.1913,4.1913,4.1913,4.1913,4.1913
17.220000,4.7845,4.7845,4.7845,4.7845,4.7845,1.5301,1.5301,1.5301,1.5301,1.5301,4.1854,4.1854,4.1854,4.1854,4.1854
17.230000,4.7893,4.7893,4.7893,4.7893,4.7893,1.5312,1.5312,1.5312,1.5312,1.5312,4.1794,4.1794,4.1794,4.1794,4.1794
17.240000,4.7941,4.7941,4.7941,4.7941,4.7941,1.5324,1.5324,1.5324,1.5324,1.5324,4.1735,4.1735,4.1735,4.1735,4.1735
17.250000,4.7989,4.7989,4.7989,4.7989,4.7989,1.5335,1.5335,1.5335,1.5335,1.5335,4.1676,4.1676,4.1676,4.1676,4.1676
17.260000,4.8037,4.8037,4.8037,4.8037,4.8037,1.5346,1.5346,1.5346,1.5346,1.5346,4.1617,4.1617,4.1617,4.1617,4.1617
17.270000,4.8084,4.8084,4.8084,4.8084,4.8084,1.5358,1.5358,1.5358,1.5358,1.5358,4.1558,4.1558,4.1558,4.1558,4.1558
17.280000,4.8132,4.8132,4.8132,4.8132,4.8132,1.5370,1.5370,1.5370,1.5370,1.5370,4.1498,4.1498,4.1498,4.1498,4.1498
17.290000,4.8179,4.8179,4.8179,4.8179,4.8179,1.5382,1.5382,1.5382,1.5382,1.5382,4.1439,4.1439,4.1439,4.1439,4.1439
17.300000,4.8226,4.8226,4.8226,4.8226,4.8226,1.5395,1.5395,1.5395,1.5395,1.5395,4.1379,4.1379,4.1379,4.1379,4.1379
17.310000,4.8273,4.8273,4.8273,4.8273,4.8273,1.5407,1.5407,1.5407,1.5407,1.5407,4.1320,4.1320,4.1320,4.1320,4.1320
17.320000,4.8320,4.8320,4.8320,4.8320,4.8320,1.5420,1.5420,1.5420,1.5420,1.5420,4.1260,4.1260,4.1260,4.1260,4.1260
17.330000,4.8367,4.8367,4.8367,4.8367,4.8367,1.5433,1.5433,1.5433,1.5433,1.5433,4.1200,4.1200,4.1200,4.1200,4.1200
17.340000,4.8414,4.8414,4.8414,4.8414,4.8414,1.5446,1.5446,1.5446,1.5446,1.5446,4.1140,4.1140,4.1140,4.1140,4.1140
17.350000,4.8460,4.8460,4.8460,4.8460,4.8460,1.5459,1.5459,1.5459,1.5459,1.5459,4.1081,4.1081,4.1081,4.1081,4.1081
17.360000,4.8507,4.8507,4.8507,4.8507,4.8507,1.5473,1.5473,1.5473,1.5473,1.5473,4.1021,4.1021,4.1021,4.1021,4.1021
17.370000,4.8553,4.8553,4.8553,4.8553,4.8553,1.5486,1.5486,1.5486,1.5486,1.5486,4.0961,4.0961,4.0961,4.0961,4.0961
17.380000,4.8599,4.8599,4.8599,4.8599,4.8599,1.5500,1.5500,1.5500,1.5500,1.5500,4.0901,4.0901,4.0901,4.0901,4.0901
17.390000,4.8645,4.8645,4.8645,4.8645,4.8645,1.5514,1.5514,1.5514,1.5514,1.5514,4.0841,4.0841,4.0841,4.0841,4.0841
17.400000,4.8691,4.8691,4.8691,4.8691,4.8691,1.5528,1.5528,1.5528,1.5528,1.5528,4.0781,4.0781,4.0781,4.0781,4.0781
17.410000,4.8737,4.8737,4.8737,4.8737,4.8737,1.5543,1.5543,1.5543,1.5543,1.5543,4.0720,4.0720,4.0720,4.0720,4.0720
17.420000,4.8782,4.8782,4.8782,4.8782,4.8782,1.5558,1.5558,1.5558,1.5558,1.5558,4.0660,4.0660,4.0660,4.0660,4.0660
17.430000,4.8828,4.8828,4.8828,4.8828,4.8828,1.5572,1.5572,1.5572,1.5572,1.5572,4.0600,4.0600,4.0600,4.0600,4.0600
17.440000,4.8873,4.8873,4.8873,4.8873,4.8873,1.5587,1.5587,1.5587,1.5587,1.5587,4.0540,4.0540,4.0540,4.0540,4.0540
17.450000,4.8918,4.8918,4.8918,4.8918,4.8918,1.5603,1.5603,1.5603,1.5603,1.5603,4.0479,4.0479,4.0479,4.0479,4.0479
17.460000,4.8963,4.8963,4.8963,4.8963,4.8963,1.5618,1.5618,1.5618,1.5618,1.5618,4.0419,4.0419,4.0419,4.0419,4.0419
17.470000,4.9008,4.9008,4.9008,4.9008,4.9008,1.5634,1.5634,1.5634,1.5634,1.5634,4.0358,4.0358,4.0358,4.0358,4.0358
17.480000,4.9053,4.9053,4.9053,4.9053,4.9053,1.5649,1.5649,1.5649,1.5649,1.5649,4.0298,4.0298,4.0298,4.0298,4.0298
17.490000,4.9098,4.9098,4.9098,4.9098,4.9098,1.5665,1.5665,1.5665,1.5665,1.5665,4.0237,4.0237,4.0237,4.0237,4.0237
17.500000,4.9142,4.9142,4.9142,4.9142,4.9142,1.5681,1.5681,1.5681,1.5681,1.5681,4.0176,4.0176,4.0176,4.0176,4.0176
17.510000,4.9186,4.9186,4.9186,4.9186,4.9186,1.5698,1.5698,1.5698,1.5698,1.5698,4.0116,4.0116,4.0116,4.0116,4.0116
17.520000,4.9231,4.9231,4.9231,4.9231,4.9231,1.5714,1.5714,1.5714,1.5714,1.5714,4.0055,4.0055,4.0055,4.0055,4.0055
17.530000,4.9275,4.9275,4.9275,4.9275,4.9275,1.5731,1.5731,1.5731,1.5731,1.5731,3.9994,3.9994,3.9994,3.9994,3.9994
17.540000,4.9319,4.9319,4.9319,4.9319,4.9319,1.5748,1.5748,1.5748,1.5748,1.5748,3.9933,3.9933,3.9933,3.9933,3.9933
17.550000,4.9363,4.9363,4.9363,4.9363,4.9363,1.5765,1.5765,1.5765,1.5765,1.5765,3.9872,3.9872,3.9872,3.9872,3.9872
17.560000,4.9406,4.9406,4.9406,4.9406,4.9406,1.5782,1.5782,1.5782,1.5782,1.5782,3.9811,3.9811,3.9811,3.9811,3.9811
17.570000,4.9450,4.9450,4.9450,4.9450,4.9450,1.5800,1.5800,1.5800,1.5800,1.5800,3.9750,3.9750,3.9750,3.9750,3.9750
17.580000,4.9493,4.9493,4.9493,4.9493,4.9493,1.5818,1.5818,1.5818,1.5818,1.5818,3.9689,3.9689,3.9689,3.9689,3.9689
17.590000,4.9536,4.9536,4.9536,4.9536,4.9536,1.5836,1.5836,1.5836,1.5836,1.5836,3.9628,3.9628,3.9628,3.9628,3.9628
17.600000,4.9579,4.9579,4.9579,4.9579,4.9579,1.5854,1.5854,1.5854,1.5854,1.5854,3.9567,3.9567,3.9567,3.9567,3.9567
17.610000,4.9622,4.9622,4.9622,4.9622,4.9622,1.5872,1.5872,1.5872,1.5872,1.5872,3.9506,3.9506,3.9506,3.9506,3.9506
17.620000,4.9665,4.9665,4.9665,4.9665,4.9665,1.5890,1.5890,1.5890,1.5890,1.5890,3.9445,3.9445,3.9445,3.9445,3.9445
17.630000,4.9708,4.9708,4.9708,4.9708,4.9708,1.5909,1.5909,1.5909,1.5909,1.5909,3.9383,3.9383,3.9383,3.9383,3.9383
17.640000,4.9750,4.9750,4.9750,4.9750,4.9750,1.5928,1.5928,1.5928,1.5928,1.5928,3.9322,3.9322,3.9322,3.9322,3.9322
17.650000,4.9793,4.9793,4.9793,4.9793,4.9793,1.5947,1.5947,1.5947,1.5947,1.5947,3.9261,3.9261,3.9261,3.9261,3.9261
17.660000,4.9835,4.9835,4.9835,4.9835,4.9835,1.5966,1.5966,1.5966,1.5966,1.5966,3.9199,3.9199,3.9199,3.9199,3.9199
17.670000,4.9877,4.9877,4.9877,4.9877,4.9877,1.5985,1.5985,1.5985,1.5985,1.5985,3.9138,3.9138,3.9138,3.9138,3.9138
17.680000,4.9919,4.9919,4.9919,4.9919,4.9919,1.6005,1.6005,1.6005,1.6005,1.6005,3.9076,3.9076,3.9076,3.9076,3.9076
17.690000,4.9961,4.9961,4.9961,4.9961,4.9961,1.6025,1.6025,1.6025,1.6025,1.6025,3.9015,3.9015,3.9015,3.9015,3.9015
17.700000,5.0002,5.0002,5.0002,5.0002,5.0002,1.6045,1.6045,1.6045,1.6045,1.6045,3.8953,3.8953,3.8953,3.8953,3.8953
17.710000,5.0044,5.0044,5.0044,5.0044,5.0044,1.6065,1.6065,1.6065,1.6065,1.6065,3.8892,3.8892,3.8892,3.8892,3.8892
17.720000,5.0085,5.0085,5.0085,5.0085,5.0085,1.6085,1.6085,1.6085,1.6085,1.6085,3.8830,3.8830,3.8830,3.8830,3.8830
17.730000,5.0126,5.0126,5.0126,5.0126,5.0126,1.6106,1.6106,1.6106,1.6106,1.6106,3.8768,3.8768,3.8768,3.8768,3.8768
17.740000,5.0167,5.0167,5.0167,5.0167,5.0167,1.6126,1.6126,1.6126,1.6126,1.6126,3.8706,3.8706,3.8706,3.8706,3.8706
17.750000,5.0208,5.0208,5.0208,5.0208,5.0208,1.6147,1.6147,1.6147,1.6147,1.6147,3.8645,3.8645,3.8645,3.8645,3.8645
17.760000,5.0249,5.0249,5.0249,5.0249,5.0249,1.6168,1.6168,1.6168,1.6168,1.6168,3.8583,3.8583,3.8583,3.8583,3.8583
17.770000,5.0289,5.0289,5.0289,5.0289,5.0289,1.6189,1.6189,1.6189,1.6189,1.6189,3.8521,3.8521,3.8521,3.8521,3.8521
17.780000,5.0330,5.0330,5.0330,5.0330,5.0330,1.6211,1.6211,1.6211,1.6211,1.6211,3.8459,3.8459,3.8459,3.8459,3.8459
17.790000,5.0370,5.0370,5.0370,5.0370,5.0370,1.6233,1.6233,1.6233,1.6233,1.6233,3.8397,3.8397,3.8397,3.8397,3.8397
17.800000,5.0410,5.0410,5.0410,5.0410,5.0410,1.6254,1.6254,1.6254,1.6254,1.6254,3.8335,3.8335,3.8335,3.8335,3.8335
17.810000,5.0450,5.0450,5.0450,5.0450,5.0450,1.6276,1.6276,1.6276,1.6276,1.6276,3.8273,3.8273,3.8273,3.8273,3.8273
17.820000,5.0490,5.0490,5.0490,5.0490,5.0490,1.6299,1.6299,1.6299,1.6299,1.6299,3.8211,3.8211,3.8211,3.8211,3.8211
17.830000,5.0530,5.0530,5.0530,5.0530,5.0530,1.6321,1.6321,1.6321,1.6321,1.6321,3.8149,3.8149,3.8149,3.8149,3.8149
17.840000,5.0569,5.0569,5.0569,5.0569,5.0569,1.6343,1.6343,1.6343,1.6343,1.6343,3.8087,3.8087,3.8087,3.8087,3.8087
17.850000,5.0609,5.0609,5.0609,5.0609,5.0609,1.6366,1.6366,1.6366,1.6366,1.6366,3.8025,3.8025,3.8025,3.8025,3.8025
17.860000,5.0648,5.0648,5.0648,5.0648,5.0648,1.6389,1.6389,1.6389,1.6389,1.6389,3.7963,3.7963,3.7963,3.7963,3.7963
17.870000,5.0687,5.0687,5.0687,5.0687,5.0687,1.6412,1.6412,1.6412,1.6412,1.6412,3.7901,3.7901,3.7901,3.7901,3.7901
17.880000,5.0726,5.0726,5.0726,5.0726,5.0726,1.6435,1.6435,1.6435,1.6435,1.6435,3.7839,3.7839,3.7839,3.7839,3.7839
17.890000,5.0765,5.0765,5.0765,5.0765,5.0765,1.6459,1.6459,1.6459,1.6459,1.6459,3.7777,3.7777,3.7777,3.7777,3.7777
17.900000,5.0803,5.0803,5.0803,5.0803,5.0803,1.6483,1.6483,1.6483,1.6483,1.6483,3.7714,3.7714,3.7714,3.7714,3.7714
17.910000,5.0842,5.0842,5.0842,5.0842,5.0842,1.6506,1.6506,1.6506,1.6506,1.6506,3.7652,3.7652,3.7652,3.7652,3.7652
17.920000,5.0880,5.0880,5.0880,5.0880,5.0880,1.6530,1.6530,1.6530,1.6530,1.6530,3.7590,3.7590,3.7590,3.7590,3.7590
17.930000,5.0918,5.0918,5.0918,5.0918,5.0918,1.6555,1.6555,1.6555,1.6555,1.6555,3.7527,3.7527,3.7527,3.7527,3.7527
17.940000,5.0956,5.0956,5.0956,5.0956,5.0956,1.6579,1.6579,1.6579,1.6579,1.6579,3.7465,3.7465,3.7465,3.7465,3.7465
17.950000,5.0994,5.0994,5.0994,5.0994,5.0994,1.6604,1.6604,1.6604,1.6604,1.6604,3.7403,3.7403,3.7403,3.7403,3.7403
17.960000,5.1031,5.1031,5.1031,5.1031,5.1031,1.6628,1.6628,1.6628,1.6628,1.6628,3.7340,3.7340,3.7340,3.7340,3.7340
17.970000,5.1069,5.1069,5.1069,5.1069,5.1069,1.6653,1.6653,1.6653,1.6653,1.6653,3.7278,3.7278,3.7278,3.7278,3.7278
17.980000,5.1106,5.1106,5.1106,5.1106,5.1106,1.6678,1.6678,1.6678,1.6678,1.6678,3.7216,3.7216,3.7216,3.7216,3.7216
17.990000,5.1143,5.1143,5.1143,5.1143,5.1143,1.6704,1.6704,1.6704,1.6704,1.6704,3.7153,3.7153,3.7153,3.7153,3.7153
18.000000,5.1180,5.1180,5.1180,5.1180,5.1180,1.6729,1.6729,1.6729,1.6729,1.6729,3.7091,3.7091,3.7091,3.7091,3.7091
18.010000,5.1217,5.1217,5.1217,5.1217,5.1217,1.6755,1.6755,1.6755,1.6755,1.6755,3.7028,3.7028,3.7028,3.7028,3.7028
18.020000,5.1254,5.1254,5.1254,5.1254,5.1254,1.6781,1.6781,1.6781,1.6781,1.6781,3.6966,3.6966,3.6966,3.6966,3.6966
18.030000,5.1290,5.1290,5.1290,5.1290,5.1290,1.6807,1.6807,1.6807,1.6807,1.6807,3.6903,3.6903,3.6903,3.6903,3.6903
18.040000,5.1327,5.1327,5.1327,5.1327,5.1327,1.6833,1.6833,1.6833,1.6833,1.6833,3.6840,3.6840,3.6840,3.6840,3.6840
18.050000,5.1363,5.1363,5.1363,5.1363,5.1363,1.6859,1.6859,1.6859,1.6859,1.6859,3.6778,3.6778,3.6778,3.6778,3.6778
18.060000,5.1399,5.1399,5.1399,5.1399,5.1399,1.6886,1.6886,1.6886,1.6886,1.6886,3.6715,3.6715,3.6715,3.6715,3.6715
18.070000,5.1435,5.1435,5.1435,5.1435,5.1435,1.6912,1.6912,1.6912,1.6912,1.6912,3.6653,3.6653,3.6653,3.6653,3.6653
18.080000,5.1471,5.1471,5.1471,5.1471,5.1471,1.6939,1.6939,1.6939,1.6939,1.6939,3.6590,3.6590,3.6590,3.6590,3.6590
18.090000,5.1506,5.1506,5.1506,5.1506,5.1506,1.6966,1.6966,1.6966,1.6966,1.6966,3.6527,3.6527,3.6527,3.6527,3.6527
18.100000,5.1542,5.1542,5.1542,5.1542,5.1542,1.6994,1.6994,1.6994,1.6994,1.6994,3.6465,3.6465,3.6465,3.6465,3.6465
18.110000,5.1577,5.1577,5.1577,5.1577,5.1577,1.7021,1.7021,1.7021,1.7021,1.7021,3.6402,3.6402,3.6402,3.6402,3.6402
18.120000,5.1612,5.1612,5.1612,5.1612,5.1612,1.7049,1.7049,1.7049,1.7049,1.7049,3.6339,3.6339,3.6339,3.6339,3.6339
18.130000,5.1647,5.1647,5.1647,5.1647,5.1647,1.7076,1.7076,1.7076,1.7076,1.7076,3.6277,3.6277,3.6277,3.6277,3.6277
18.140000,5.1682,5.1682,5.1682,5.1682,5.1682,1.7104,1.7104,1.7104,1.7104,1.7104,3.6214,3.6214,3.6214,3.6214,3.6214
18.150000,5.1716,5.1716,5.1716,5.1716,5.1716,1.7133,1.7133,1.7133,1.7133,1.7133,3.6151,3.6151,3.6151,3.6151,3.6151
18.160000,5.1751,5.1751,5.1751,5.1751,5.1751,1.7161,1.7161,1.7161,1.7161,1.7161,3.6089,3.6089,3.6089,3.6089,3.6089
18.170000,5.1785,5.1785,5.1785,5.1785,5.1785,1.7189,1.7189,1.7189,1.7189,1.7189,3.6026,3.6026,3.6026,3.6026,3.6026
18.180000,5.1819,5.1819,5.1819,5.1819,5.1819,1.7218,1.7218,1.7218,1.7218,1.7218,3.5963,3.5963,3.5963,3.5963,3.5963
18.190000,5.1853,5.1853,5.1853,5.1853,5.1853,1.7247,1.7247,1.7247,1.7247,1.7247,3.5900,3.5900,3.5900,3.5900,3.5900
18.200000,5.1887,5.1887,5.1887,5.1887,5.1887,1.7276,1.7276,1.7276,1.7276,1.7276,3.5838,3.5838,3.5838,3.5838,3.5838
18.210000,5.1920,5.1920,5.1920,5.1920,5.1920,1.7305,1.7305,1.7305,1.7305,1.7305,3.5775,3.5775,3.5775,3.5775,3.5775
18.220000,5.1954,5.1954,5.1954,5.1954,5.1954,1.7334,1.7334,1.7334,1.7334,1.7334,3.5712,3.5712,3.5712,3.5712,3.5712
18.230000,5.1987,5.1987,5.1987,5.1987,5.1987,1.7364,1.7364,1.7364,1.7364,1.7364,3.5649,3.5649,3.5649,3.5649,3.5649
18.240000,5.2020,5.2020,5.2020,5.2020,5.2020,1.7394,1.7394,1.7394,1.7394,1.7394,3.5586,3.5586,3.5586,3.5586,3.5586
18.250000,5.2053,5.2053,5.2053,5.2053,5.2053,1.7424,1.7424,1.7424,1.7424,1.7424,3.5524,3.5524,3.5524,3.5524,3.5524
18.260000,5.2086,5.2086,5.2086,5.2086,5.2086,1.7454,1.7454,1.7454,1.7454,1.7454,3.5461,3.5461,3.5461,3.5461,3.5461
18.270000,5.2118,5.2118,5.2118,5.2118,5.2118,1.7484,1.7484,1.7484,1.7484,1.7484,3.5398,3.5398,3.5398,3.5398,3.5398
18.280000,5.2151,5.2151,5.2151,5.2151,5.2151,1.7514,1.7514,1.7514,1.7514,1.7514,3.5335,3.5335,3.5335,3.5335,3.5335
18.290000,5.2183,5.2183,5.2183,5.2183,5.2183,1.7545,1.7545,1.7545,1.7545,1.7545,3.5272,3.5272,3.5272,3.5272,3.5272
18.300000,5.2215,5.2215,5.2215,5.2215,5.2215,1.7576,1.7576,1.7576,1.7576,1.7576,3.5209,3.5209,3.5209,3.5209,3.5209
18.310000,5.2247,5.2247,5.2247,5.2247,5.2247,1.7607,1.7607,1.7607,1.7607,1.7607,3.5147,3.5147,3.5147,3.5147,3.5147
18.320000,5.2278,5.2278,5.2278,5.2278,5.2278,1.7638,1.7638,1.7638,1.7638,1.7638,3.5084,3.5084,3.5084,3.5084,3.5084
18.330000,5.2310,5.2310,5.2310,5.2310,5.2310,1.7669,1.7669,1.7669,1.7669,1.7669,3.5021,3.5021,3.5021,3.5021,3.5021
18.340000,5.2341,5.2341,5.2341,5.2341,5.2341,1.7700,1.7700,1.7700,1.7700,1.7700,3.4958,3.4958,3.4958,3.4958,3.4958
18.350000,5.2373,5.2373,5.2373,5.2373,5.2373,1.7732,1.7732,1.7732,1.7732,1.7732,3.4895,3.4895,3.4895,3.4895,3.4895
18.360000,5.2404,5.2404,5.2404,5.2404,5.2404,1.7764,1.7764,1.7764,1.7764,1.7764,3.4832,3.4832,3.4832,3.4832,3.4832
18.370000,5.2435,5.2435,5.2435,5.2435,5.2435,1.7796,1.7796,1.7796,1.7796,1.7796,3.4770,3.4770,3.4770,3.4770,3.4770
18.380000,5.2465,5.2465,5.2465,5.2465,5.2465,1.7828,1.7828,1.7828,1.7828,1.7828,3.4707,3.4707,3.4707,3.4707,3.4707
18.390000,5.2496,5.2496,5.2496,5.2496,5.2496,1.7860,1.7860,1.7860,1.7860,1.7860,3.4644,3.4644,3.4644,3.4644,3.4644
18.400000,5.2526,5.2526,5.2526,5.2526,5.2526,1.7893,1.7893,1.7893,1.7893,1.7893,3.4581,3.4581,3.4581,3.4581,3.4581
18.410000,5.2556,5.2556,5.2556,5.2556,5.2556,1.7925,1.7925,1.7925,1.7925,1.7925,3.4518,3.4518,3.4518,3.4518,3.4518
18.420000,5.2586,5.2586,5.2586,5.2586,5.2586,1.7958,1.7958,1.7958,1.7958,1.7958,3.4456,3.4456,3.4456,3.4456,3.4456
18.430000,5.2616,5.2616,5.2616,5.2616,5.2616,1.7991,1.7991,1.7991,1.7991,1.7991,3.4393,3.4393,3.4393,3.4393,3.4393
18.440000,5.2646,5.2646,5.2646,5.2646,5.2646,1.8024,1.8024,1.8024,1.8024,1.8024,3.4330,3.4330,3.4330,3.4330,3.4330
18.450000,5.2675,5.2675,5.2675,5.2675,5.2675,1.8058,1.8058,1.8058,1.8058,1.8058,3.4267,3.4267,3.4267,3.4267,3.4267
18.460000,5.2705,5.2705,5.2705,5.2705,5.2705,1.8091,1.8091,1.8091,1.8091,1.8091,3.4204,3.4204,3.4204,3.4204,3.4204
18.470000,5.2734,5.2734,5.2734,5.2734,5.2734,1.8125,1.8125,1.8125,1.8125,1.8125,3.4142,3.4142,3.4142,3.4142,3.4142
18.480000,5.2763,5.2763,5.2763,5.2763,5.2763,1.8158,1.8158,1.8158,1.8158,1.8158,3.4079,3.4079,3.4079,3.4079,3.4079
18.490000,5.2792,5.2792,5.2792,5.2792,5.2792,1.8192,1.8192,1.8192,1.8192,1.8192,3.4016,3.4016,3.4016,3.4016,3.4016
18.500000,5.2820,5.2820,5.2820,5.2820,5.2820,1.8227,1.8227,1.8227,1.8227,1.8227,3.3953,3.3953,3.3953,3.3953,3.3953
18.510000,5.2849,5.2849,5.2849,5.2849,5.2849,1.8261,1.8261,1.8261,1.8261,1.8261,3.3891,3.3891,3.3891,3.3891,3.3891
18.520000,5.2877,5.2877,5.2877,5.2877,5.2877,1.8295,1.8295,1.8295,1.8295,1.8295,3.3828,3.3828,3.3828,3.3828,3.3828
18.530000,5.2905,5.2905,5.2905,5.2905,5.2905,1.8330,1.8330,1.8330,1.8330,1.8330,3.3765,3.3765,3.3765,3.3765,3.3765
18.540000,5.2933,5.2933,5.2933,5.2933,5.2933,1.8365,1.8365,1.8365,1.8365,1.8365,3.3702,3.3702,3.3702,3.3702,3.3702
18.550000,5.2961,5.2961,5.2961,5.2961,5.2961,1.8400,1.8400,1.8400,1.8400,1.8400,3.3640,3.3640,3.3640,3.3640,3.3640
18.560000,5.2988,5.2988,5.2988,5.2988,5.2988,1.8435,1.8435,1.8435,1.8435,1.8435,3.3577,3.3577,3.3577,3.3577,3.3577
18.570000,5.3015,5.3015,5.3015,5.3015,5.3015,1.8470,1.8470,1.8470,1.8470,1.8470,3.3514,3.3514,3.3514,3.3514,3.3514
18.580000,5.3043,5.3043,5.3043,5.3043,5.3043,1.8506,1.8506,1.8506,1.8506,1.8506,3.3452,3.3452,3.3452,3.3452,3.3452
18.590000,5.3070,5.3070,5.3070,5.3070,5.3070,1.8541,1.8541,1.8541,1.8541,1.8541,3.3389,3.3389,3.3389,3.3389,3.3389
18.600000,5.3097,5.3097,5.3097,5.3097,5.3097,1.8577,1.8577,1.8577,1.8577,1.8577,3.3326,3.3326,3.3326,3.3326,3.3326
18.610000,5.3123,5.3123,5.3123,5.3123,5.3123,1.8613,1.8613,1.8613,1.8613,1.8613,3.3264,3.3264,3.3264,3.3264,3.3264
18.620000,5.3150,5.3150,5.3150,5.3150,5.3150,1.8649,1.8649,1.8649,1.8649,1.8649,3.3201,3.3201,3.3201,3.3201,3.3201
18.630000,5.3176,5.3176,5.3176,5.3176,5.3176,1.8685,1.8685,1.8685,1.8685,1.8685,3.3139,3.3139,3.3139,3.3139,3.3139
18.640000,5.3202,5.3202,5.3202,5.3202,5.3202,1.8722,1.8722,1.8722,1.8722,1.8722,3.3076,3.3076,3.3076,3.3076,3.3076
18.650000,5.3228,5.3228,5.3228,5.3228,5.3228,1.8758,1.8758,1.8758,1.8758,1.8758,3.3014,3.3014,3.3014,3.3014,3.3014
18.660000,5.3254,5.3254,5.3254,5.3254,5.3254,1.8795,1.8795,1.8795,1.8795,1.8795,3.2951,3.2951,3.2951,3.2951,3.2951
18.670000,5.3279,5.3279,5.3279,5.3279,5.3279,1.8832,1.8832,1.8832,1.8832,1.8832,3.2889,3.2889,3.2889,3.2889,3.2889
18.680000,5.3305,5.3305,5.3305,5.3305,5.3305,1.8869,1.8869,1.8869,1.8869,1.8869,3.2826,3.2826,3.2826,3.2826,3.2826
18.690000,5.3330,5.3330,5.3330,5.3330,5.3330,1.8906,1.8906,1.8906,1.8906,1.8906,3.2764,3.2764,3.2764,3.2764,3.2764
18.700000,5.3355,5.3355,5.3355,5.3355,5.3355,1.8944,1.8944,1.8944,1.8944,1.8944,3.2701,3.2701,3.2701,3.2701,3.2701
18.710000,5.3380,5.3380,5.3380,5.3380,5.3380,1.8981,1.8981,1.8981,1.8981,1.8981,3.2639,3.2639,3.2639,3.2639,3.2639
18.720000,5.3405,5.3405,5.3405,5.3405,5.3405,1.9019,1.9019,1.9019,1.9019,1.9019,3.2576,3.2576,3.2576,3.2576,3.2576
18.730000,5.3429,5.3429,5.3429,5.3429,5.3429,1.9057,1.9057,1.9057,1.9057,1.9057,3.2514,3.2514,3.2514,3.2514,3.2514
18.740000,5.3453,5.3453,5.3453,5.3453,5.3453,1.9095,1.9095,1.9095,1.9095,1.9095,3.2452,3.2452,3.2452,3.2452,3.2452
18.750000,5.3478,5.3478,5.3478,5.3478,5.3478,1.9133,1.9133,1.9133,1.9133,1.9133,3.2389,3.2389,3.2389,3.2389,3.2389
18.760000,5.3502,5.3502,5.3502,5.3502,5.3502,1.9171,1.9171,1.9171,1.9171,1.9171,3.2327,3.2327,3.2327,3.2327,3.2327
18.770000,5.3525,5.3525,5.3525,5.3525,5.3525,1.9210,1.9210,1.9210,1.9210,1.9210,3.2265,3.2265,3.2265,3.2265,3.2265
18.780000,5.3549,5.3549,5.3549,5.3549,5.3549,1.9248,1.9248,1.9248,1.9248,1.9248,3.2203,3.2203,3.2203,3.2203,3.2203
18.790000,5.3572,5.3572,5.3572,5.3572,5.3572,1.9287,1.9287,1.9287,1.9287,1.9287,3.2141,3.2141,3.2141,3.2141,3.2141
18.800000,5.3596,5.3596,5.3596,5.3596,5.3596,1.9326,1.9326,1.9326,1.9326,1.9326,3.2078,3.2078,3.2078,3.2078,3.2078
18.810000,5.3619,5.3619,5.3619,5.3619,5.3619,1.9365,1.9365,1.9365,1.9365,1.9365,3.2016,3.2016,3.2016,3.2016,3.2016
18.820000,5.3641,5.3641,5.3641,5.3641,5.3641,1.9404,1.9404,1.9404,1.9404,1.9404,3.1954,3.1954,3.1954,3.1954,3.1954
18.830000,5.3664,5.3664,5.3664,5.3664,5.3664,1.9444,1.9444,1.9444,1.9444,1.9444,3.1892,3.1892,3.1892,3.1892,3.1892
18.840000,5.3687,5.3687,5.3687,5.3687,5.3687,1.9483,1.9483,1.9483,1.9483,1.9483,3.1830,3.1830,3.1830,3.1830,3.1830
18.850000,5.3709,5.3709,5.3709,5.3709,5.3709,1.9523,1.9523,1.9523,1.9523,1.9523,3.1768,3.1768,3.1768,3.1768,3.1768
18.860000,5.3731,5.3731,5.3731,5.3731,5.3731,1.9563,1.9563,1.9563,1.9563,1.9563,3.1706,3.1706,3.1706,3.1706,3.1706
18.870000,5.3753,5.3753,5.3753,5.3753,5.3753,1.9603,1.9603,1.9603,1.9603,1.9603,3.1644,3.1644,3.1644,3.1644,3.1644
18.880000,5.3775,5.3775,5.3775,5.3775,5.3775,1.9643,1.9643,1.9643,1.9643,1.9643,3.1582,3.1582,3.1582,3.1582,3.1582
18.890000,5.3796,5.3796,5.3796,5.3796,5.3796,1.9684,1.9684,1.9684,1.9684,1.9684,3.1520,3.1520,3.1520,3.1520,3.1520
18.900000,5.3818,5.3818,5.3818,5.3818,5.3818,1.9724,1.9724,1.9724,1.9724,1.9724,3.1458,3.1458,3.1458,3.1458,3.1458
18.910000,5.3839,5.3839,5.3839,5.3839,5.3839,1.9765,1.9765,1.9765,1.9765,1.9765,3.1396,3.1396,3.1396,3.1396,3.1396
18.920000,5.3860,5.3860,5.3860,5.3860,5.3860,1.9805,1.9805,1.9805,1.9805,1.9805,3.1335,3.1335,3.1335,3.1335,3.1335
18.930000,5.3881,5.3881,5.3881,5.3881,5.3881,1.9846,1.9846,1.9846,1.9846,1.9846,3.1273,3.1273,3.1273,3.1273,3.1273
18.940000,5.3901,5.3901,5.3901,5.3901,5.3901,1.9888,1.9888,1.9888,1.9888,1.9888,3.1211,3.1211,3.1211,3.1211,3.1211
18.950000,5.3922,5.3922,5.3922,5.3922,5.3922,1.9929,1.9929,1.9929,1.9929,1.9929,3.1150,3.1150,3.1150,3.1150,3.1150
18.960000,5.3942,5.3942,5.3942,5.3942,5.3942,1.9970,1.9970,1.9970,1.9970,1.9970,3.1088,3.1088,3.1088,3.1088,3.1088
18.970000,5.3962,5.3962,5.3962,5.3962,5.3962,2.0012,2.0012,2.0012,2.0012,2.0012,3.1026,3.1026,3.1026,3.1026,3.1026
18.980000,5.3982,5.3982,5.3982,5.3982,5.3982,2.0053,2.0053,2.0053,2.0053,2.0053,3.0965,3.0965,3.0965,3.0965,3.0965
18.990000,5.4002,5.4002,5.4002,5.4002,5.4002,2.0095,2.0095,2.0095,2.0095,2.0095,3.0903,3.0903,3.0903,3.0903,3.0903
19.000000,5.4021,5.4021,5.4021,5.4021,5.4021,2.0137,2.0137,2.0137,2.0137,2.0137,3.0842,3.0842,3.0842,3.0842,3.0842
19.010000,5.4040,5.4040,5.4040,5.4040,5.4040,2.0179,2.0179,2.0179,2.0179,2.0179,3.0780,3.0780,3.0780,3.0780,3.0780
19.020000,5.4060,5.4060,5.4060,5.4060,5.4060,2.0221,2.0221,2.0221,2.0221,2.0221,3.0719,3.0719,3.0719,3.0719,3.0719
19.030000,5.4079,5.4079,5.4079,5.4079,5.4079,2.0264,2.0264,2.0264,2.0264,2.0264,3.0658,3.0658,3.0658,3.0658,3.0658
19.040000,5.4097,5.4097,5.4097,5.4097,5.4097,2.0306,2.0306,2.0306,2.0306,2.0306,3.0596,3.0596,3.0596,3.0596,3.0596
19.050000,5.4116,5.4116,5.4116,5.4116,5.4116,2.0349,2.0349,2.0349,2.0349,2.0349,3.0535,3.0535,3.0535,3.0535,3.0535
19.060000,5.4134,5.4134,5.4134,5.4134,5.4134,2.0392,2.0392,2.0392,2.0392,2.0392,3.0474,3.0474,3.0474,3.0474,3.0474
19.070000,5.4152,5.4152,5.4152,5.4152,5.4152,2.0435,2.0435,2.0435,2.0435,2.0435,3.0413,3.0413,3.0413,3.0413,3.0413
19.080000,5.4170,5.4170,5.4170,5.4170,5.4170,2.0478,2.0478,2.0478,2.0478,2.0478,3.0351,3.0351,3.0351,3.0351,3.0351
19.090000,5.4188,5.4188,5.4188,5.4188,5.4188,2.0521,2.0521,2.0521,2.0521,2.0521,3.0290,3.0290,3.0290,3.0290,3.0290
19.100000,5.4206,5.4206,5.4206,5.4206,5.4206,2.0565,2.0565,2.0565,2.0565,2.0565,3.0229,3.0229,3.0229,3.0229,3.0229
19.110000,5.4223,5.4223,5.4223,5.4223,5.4223,2.0608,2.0608,2.0608,2.0608,2.0608,3.0168,3.0168,3.0168,3.0168,3.0168
19.120000,5.4241,5.4241,5.4241,5.4241,5.4241,2.0652,2.0652,2.0652,2.0652,2.0652,3.0107,3.0107,3.0107,3.0107,3.0107
19.130000,5.4258,5.4258,5.4258,5.4258,5.4258,2.0696,2.0696,2.0696,2.0696,2.0696,3.0046,3.0046,3.0046,3.0046,3.0046
19.140000,5.4274,5.4274,5.4274,5.4274,5.4274,2.0740,2.0740,2.0740,2.0740,2.0740,2.9986,2.9986,2.9986,2.9986,2.9986
19.150000,5.4291,5.4291,5.4291,5.4291,5.4291,2.0784,2.0784,2.0784,2.0784,2.0784,2.9925,2.9925,2.9925,2.9925,2.9925
19.160000,5.4308,5.4308,5.4308,5.4308,5.4308,2.0828,2.0828,2.0828,2.0828,2.0828,2.9864,2.9864,2.9864,2.9864,2.9864
19.170000,5.4324,5.4324,5.4324,5.4324,5.4324,2.0873,2.0873,2.0873,2.0873,2.0873,2.9803,2.9803,2.9803,2.9803,2.9803
19.180000,5.4340,5.4340,5.4340,5.4340,5.4340,2.0917,2.0917,2.0917,2.0917,2.0917,2.9743,2.9743,2.9743,2.9743,2.9743
19.190000,5.4356,5.4356,5.4356,5.4356,5.4356,2.0962,2.0962,2.0962,2.0962,2.0962,2.9682,2.9682,2.9682,2.9682,2.9682
19.200000,5.4372,5.4372,5.4372,5.4372,5.4372,2.1007,2.1007,2.1007,2.1007,2.1007,2.9622,2.9622,2.9622,2.9622,2.9622
19.210000,5.4387,5.4387,5.4387,5.4387,5.4387,2.1052,2.1052,2.1052,2.1052,2.1052,2.9561,2.9561,2.9561,2.9561,2.9561
19.220000,5.4403,5.4403,5.4403,5.4403,5.4403,2.1097,2.1097,2.1097,2.1097,2.1097,2.9501,2.9501,2.9501,2.9501,2.9501
19.230000,5.4418,5.4418,5.4418,5.4418,5.4418,2.1142,2.1142,2.1142,2.1142,2.1142,2.9440,2.9440,2.9440,2.9440,2.9440
19.240000,5.4433,5.4433,5.4433,5.4433,5.4433,2.1187,2.1187,2.1187,2.1187,2.1187,2.9380,2.9380,2.9380,2.9380,2.9380
19.250000,5.4447,5.4447,5.4447,5.4447,5.4447,2.1233,2.1233,2.1233,2.1233,2.1233,2.9320,2.9320,2.9320,2.9320,2.9320
19.260000,5.4462,5.4462,5.4462,5.4462,5.4462,2.1279,2.1279,2.1279,2.1279,2.1279,2.9259,2.9259,2.9259,2.9259,2.9259
19.270000,5.4476,5.4476,5.4476,5.4476,5.4476,2.1324,2.1324,2.1324,2.1324,2.1324,2.9199,2.9199,2.9199,2.9199,2.9199
19.280000,5.4491,5.4491,5.4491,5.4491,5.4491,2.1370,2.1370,2.1370,2.1370,2.1370,2.9139,2.9139,2.9139,2.9139,2.9139
19.290000,5.4505,5.4505,5.4505,5.4505,5.4505,2.1416,2.1416,2.1416,2.1416,2.1416,2.9079,2.9079,2.9079,2.9079,2.9079
19.300000,5.4518,5.4518,5.4518,5.4518,5.4518,2.1462,2.1462,2.1462,2.1462,2.1462,2.9019,2.9019,2.9019,2.9019,2.9019
19.310000,5.4532,5.4532,5.4532,5.4532,5.4532,2.1509,2.1509,2.1509,2.1509,2.1509,2.8959,2.8959,2.8959,2.8959,2.8959
19.320000,5.4545,5.4545,5.4545,5.4545,5.4545,2.1555,2.1555,2.1555,2.1555,2.1555,2.8899,2.8899,2.8899,2.8899,2.8899
19.330000,5.4559,5.4559,5.4559,5.4559,5.4559,2.1602,2.1602,2.1602,2.1602,2.1602,2.8840,2.8840,2.8840,2.8840,2.8840
19.340000,5.4572,5.4572,5.4572,5.4572,5.4572,2.1649,2.1649,2.1649,2.1649,2.1649,2.8780,2.8780,2.8780,2.8780,2.8780
19.350000,5.4584,5.4584,5.4584,5.4584,5.4584,2.1695,2.1695,2.1695,2.1695,2.1695,2.8720,2.8720,2.8720,2.8720,2.8720
19.360000,5.4597,5.4597,5.4597,5.4597,5.4597,2.1742,2.1742,2.1742,2.1742,2.1742,2.8661,2.8661,2.8661,2.8661,2.8661
19.370000,5.4610,5.4610,5.4610,5.4610,5.4610,2.1789,2.1789,2.1789,2.1789,2.1789,2.8601,2.8601,2.8601,2.8601,2.8601
19.380000,5.4622,5.4622,5.4622,5.4622,5.4622,2.1837,2.1837,2.1837,2.1837,2.1837,2.8541,2.8541,2.8541,2.8541,2.8541
19.390000,5.4634,5.4634,5.4634,5.4634,5.4634,2.1884,2.1884,2.1884,2.1884,2.1884,2.8482,2.8482,2.8482,2.8482,2.8482
19.400000,5.4646,5.4646,5.4646,5.4646,5.4646,2.1932,2.1932,2.1932,2.1932,2.1932,2.8423,2.8423,2.8423,2.8423,2.8423
19.410000,5.4657,5.4657,5.4657,5.4657,5.4657,2.1979,2.1979,2.1979,2.1979,2.1979,2.8363,2.8363,2.8363,2.8363,2.8363
19.420000,5.4669,5.4669,5.4669,5.4669,5.4669,2.2027,2.2027,2.2027,2.2027,2.2027,2.8304,2.8304,2.8304,2.8304,2.8304
19.430000,5.4680,5.4680,5.4680,5.4680,5.4680,2.2075,2.2075,2.2075,2.2075,2.2075,2.8245,2.8245,2.8245,2.8245,2.8245
19.440000,5.4691,5.4691,5.4691,5.4691,5.4691,2.2123,2.2123,2.2123,2.2123,2.2123,2.8186,2.8186,2.8186,2.8186,2.8186
19.450000,5.4702,5.4702,5.4702,5.4702,5.4702,2.2171,2.2171,2.2171,2.2171,2.2171,2.8127,2.8127,2.8127,2.8127,2.8127
19.460000,5.4713,5.4713,5.4713,5.4713,5.4713,2.2219,2.2219,2.2219,2.2219,2.2219,2.8068,2.8068,2.8068,2.8068,2.8068
19.470000,5.4723,5.4723,5.4723,5.4723,5.4723,2.2268,2.2268,2.2268,2.2268,2.2268,2.8009,2.8009,2.8009,2.8009,2.8009
19.480000,5.4734,5.4734,5.4734,5.4734,5.4734,2.2316,2.2316,2.2316,2.2316,2.2316,2.7950,2.7950,2.7950,2.7950,2.7950
19.490000,5.4744,5.4744,5.4744,5.4744,5.4744,2.2365,2.2365,2.2365,2.2365,2.2365,2.7891,2.7891,2.7891,2.7891,2.7891
19.500000,5.4754,5.4754,5.4754,5.4754,5.4754,2.2414,2.2414,2.2414,2.2414,2.2414,2.7833,2.7833,2.7833,2.7833,2.7833
19.510000,5.4763,5.4763,5.4763,5.4763,5.4763,2.2462,2.2462,2.2462,2.2462,2.2462,2.7774,2.7774,2.7774,2.7774,2.7774
19.520000,5.4773,5.4773,5.4773,5.4773,5.4773,2.2511,2.2511,2.2511,2.2511,2.2511,2.7715,2.7715,2.7715,2.7715,2.7715
19.530000,5.4782,5.4782,5.4782,5.4782,5.4782,2.2561,2.2561,2.2561,2.2561,2.2561,2.7657,2.7657,2.7657,2.7657,2.7657
19.540000,5.4792,5.4792,5.4792,5.4792,5.4792,2.2610,2.2610,2.2610,2.2610,2.2610,2.7599,2.7599,2.7599,2.7599,2.7599
19.550000,5.4800,5.4800,5.4800,5.4800,5.4800,2.2659,2.2659,2.2659,2.2659,2.2659,2.7540,2.7540,2.7540,2.7540,2.7540
19.560000,5.4809,5.4809,5.4809,5.4809,5.4809,2.2709,2.2709,2.2709,2.2709,2.2709,2.7482,2.7482,2.7482,2.7482,2.7482
19.570000,5.4818,5.4818,5.4818,5.4818,5.4818,2.2758,2.2758,2.2758,2.2758,2.2758,2.7424,2.7424,2.7424,2.7424,2.7424
19.580000,5.4826,5.4826,5.4826,5.4826,5.4826,2.2808,2.2808,2.2808,2.2808,2.2808,2.7366,2.7366,2.7366,2.7366,2.7366
19.590000,5.4834,5.4834,5.4834,5.4834,5.4834,2.2858,2.2858,2.2858,2.2858,2.2858,2.7308,2.7308,2.7308,2.7308,2.7308
19.600000,5.4842,5.4842,5.4842,5.4842,5.4842,2.2908,2.2908,2.2908,2.2908,2.2908,2.7250,2.7250,2.7250,2.7250,2.7250
19.610000,5.4850,5.4850,5.4850,5.4850,5.4850,2.2958,2.2958,2.2958,2.2958,2.2958,2.7192,2.7192,2.7192,2.7192,2.7192
19.620000,5.4858,5.4858,5.4858,5.4858,5.4858,2.3008,2.3008,2.3008,2.3008,2.3008,2.7134,2.7134,2.7134,2.7134,2.7134
19.630000,5.4865,5.4865,5.4865,5.4865,5.4865,2.3059,2.3059,2.3059,2.3059,2.3059,2.7076,2.7076,2.7076,2.7076,2.7076
19.640000,5.4872,5.4872,5.4872,5.4872,5.4872,2.3109,2.3109,2.3109,2.3109,2.3109,2.7019,2.7019,2.7019,2.7019,2.7019
19.650000,5.4879,5.4879,5.4879,5.4879,5.4879,2.3160,2.3160,2.3160,2.3160,2.3160,2.6961,2.6961,2.6961,2.6961,2.6961
19.660000,5.4886,5.4886,5.4886,5.4886,5.4886,2.3210,2.3210,2.3210,2.3210,2.3210,2.6904,2.6904,2.6904,2.6904,2.6904
19.670000,5.4893,5.4893,5.4893,5.4893,5.4893,2.3261,2.3261,2.3261,2.3261,2.3261,2.6846,2.6846,2.6846,2.6846,2.6846
19.680000,5.4899,5.4899,5.4899,5.4899,5.4899,2.3312,2.3312,2.3312,2.3312,2.3312,2.6789,2.6789,2.6789,2.6789,2.6789
19.690000,5.4905,5.4905,5.4905,5.4905,5.4905,2.3363,2.3363,2.3363,2.3363,2.3363,2.6732,2.6732,2.6732,2.6732,2.6732
19.700000,5.4911,5.4911,5.4911,5.4911,5.4911,2.3414,2.3414,2.3414,2.3414,2.3414,2.6674,2.6674,2.6674,2.6674,2.6674
19.710000,5.4917,5.4917,5.4917,5.4917,5.4917,2.3466,2.3466,2.3466,2.3466,2.3466,2.6617,2.6617,2.6617,2.6617,2.6617
19.720000,5.4923,5.4923,5.4923,5.4923,5.4923,2.3517,2.3517,2.3517,2.3517,2.3517,2.6560,2.6560,2.6560,2.6560,2.6560
19.730000,5.4928,5.4928,5.4928,5.4928,5.4928,2.3569,2.3569,2.3569,2.3569,2.3569,2.6503,2.6503,2.6503,2.6503,2.6503
19.740000,5.4933,5.4933,5.4933,5.4933,5.4933,2.3620,2.3620,2.3620,2.3620,2.3620,2.6447,2.6447,2.6447,2.6447,2.6447
19.750000,5.4938,5.4938,5.4938,5.4938,5.4938,2.3672,2.3672,2.3672,2.3672,2.3672,2.6390,2.6390,2.6390,2.6390,2.6390
19.760000,5.4943,5.4943,5.4943,5.4943,5.4943,2.3724,2.3724,2.3724,2.3724,2.3724,2.6333,2.6333,2.6333,2.6333,2.6333
19.770000,5.4948,5.4948,5.4948,5.4948,5.4948,2.3776,2.3776,2.3776,2.3776,2.3776,2.6277,2.6277,2.6277,2.6277,2.6277
19.780000,5.4952,5.4952,5.4952,5.4952,5.4952,2.3828,2.3828,2.3828,2.3828,2.3828,2.6220,2.6220,2.6220,2.6220,2.6220
19.790000,5.4956,5.4956,5.4956,5.4956,5.4956,2.3880,2.3880,2.3880,2.3880,2.3880,2.6164,2.6164,2.6164,2.6164,2.6164
19.800000,5.4961,5.4961,5.4961,5.4961,5.4961,2.3932,2.3932,2.3932,2.3932,2.3932,2.6107,2.6107,2.6107,2.6107,2.6107
19.810000,5.4964,5.4964,5.4964,5.4964,5.4964,2.3985,2.3985,2.3985,2.3985,2.3985,2.6051,2.6051,2.6051,2.6051,2.6051
19.820000,5.4968,5.4968,5.4968,5.4968,5.4968,2.4037,2.4037,2.4037,2.4037,2.4037,2.5995,2.5995,2.5995,2.5995,2.5995
19.830000,5.4971,5.4971,5.4971,5.4971,5.4971,2.4090,2.4090,2.4090,2.4090,2.4090,2.5939,2.5939,2.5939,2.5939,2.5939
19.840000,5.4975,5.4975,5.4975,5.4975,5.4975,2.4142,2.4142,2.4142,2.4142,2.4142,2.5883,2.5883,2.5883,2.5883,2.5883
19.850000,5.4978,5.4978,5.4978,5.4978,5.4978,2.4195,2.4195,2.4195,2.4195,2.4195,2.5827,2.5827,2.5827,2.5827,2.5827
19.860000,5.4981,5.4981,5.4981,5.4981,5.4981,2.4248,2.4248,2.4248,2.4248,2.4248,2.5771,2.5771,2.5771,2.5771,2.5771
19.870000,5.4983,5.4983,5.4983,5.4983,5.4983,2.4301,2.4301,2.4301,2.4301,2.4301,2.5716,2.5716,2.5716,2.5716,2.5716
19.880000,5.4986,5.4986,5.4986,5.4986,5.4986,2.4354,2.4354,2.4354,2.4354,2.4354,2.5660,2.5660,2.5660,2.5660,2.5660
19.890000,5.4988,5.4988,5.4988,5.4988,5.4988,2.4408,2.4408,2.4408,2.4408,2.4408,2.5604,2.5604,2.5604,2.5604,2.5604
19.900000,5.4990,5.4990,5.4990,5.4990,5.4990,2.4461,2.4461,2.4461,2.4461,2.4461,2.5549,2.5549,2.5549,2.5549,2.5549
19.910000,5.4992,5.4992,5.4992,5.4992,5.4992,2.4514,2.4514,2.4514,2.4514,2.4514,2.5494,2.5494,2.5494,2.5494,2.5494
19.920000,5.4994,5.4994,5.4994,5.4994,5.4994,2.4568,2.4568,2.4568,2.4568,2.4568,2.5438,2.5438,2.5438,2.5438,2.5438
19.930000,5.4995,5.4995,5.4995,5.4995,5.4995,2.4622,2.4622,2.4622,2.4622,2.4622,2.5383,2.5383,2.5383,2.5383,2.5383
19.940000,5.4996,5.4996,5.4996,5.4996,5.4996,2.4675,2.4675,2.4675,2.4675,2.4675,2.5328,2.5328,2.5328,2.5328,2.5328
19.950000,5.4998,5.4998,5.4998,5.4998,5.4998,2.4729,2.4729,2.4729,2.4729,2.4729,2.5273,2.5273,2.5273,2.5273,2.5273
19.960000,5.4998,5.4998,5.4998,5.4998,5.4998,2.4783,2.4783,2.4783,2.4783,2.4783,2.5218,2.5218,2.5218,2.5218,2.5218
19.970000,5.4999,5.4999,5.4999,5.4999,5.4999,2.4837,2.4837,2.4837,2.4837,2.4837,2.5164,2.5164,2.5164,2.5164,2.5164
19.980000,5.5000,5.5000,5.5000,5.5000,5.5000,2.4891,2.4891,2.4891,2.4891,2.4891,2.5109,2.5109,2.5109,2.5109,2.5109
19.990000,5.5000,5.5000,5.5000,5.5000,5.5000,2.4946,2.4946,2.4946,2.4946,2.4946,2.5054,2.5054,2.5054,2.5054,2.5054
