$MeshFormat
2.2 0 8
$EndMeshFormat
$PhysicalNames
24
2 2 "Base"
2 3 "Tip"
2 4 "OuterSurface"
2 10 "CavityCol0_Lvl0"
2 11 "CavityCol0_Lvl1"
2 12 "CavityCol0_Lvl2"
2 13 "CavityCol0_Lvl3"
2 14 "CavityCol0_Lvl4"
2 15 "CavityCol1_Lvl0"
2 16 "CavityCol1_Lvl1"
2 17 "CavityCol1_Lvl2"
2 18 "CavityCol1_Lvl3"
2 19 "CavityCol1_Lvl4"
2 20 "CavityCol2_Lvl0"
2 21 "CavityCol2_Lvl1"
2 22 "CavityCol2_Lvl2"
2 23 "CavityCol2_Lvl3"
2 24 "CavityCol2_Lvl4"
2 25 "CavityCol3_Lvl0"
2 26 "CavityCol3_Lvl1"
2 27 "CavityCol3_Lvl2"
2 28 "CavityCol3_Lvl3"
2 29 "CavityCol3_Lvl4"
3 1 "ArmBody"
$EndPhysicalNames
$Nodes
3297
1 0.043 -3.673940397442059e-18 0.042
2 0.043 -3.673940397442059e-18 0.002
3 0.043 -3.673940397442059e-18 0.08599999999999999
4 0.043 -3.673940397442059e-18 0.046
5 0.043 -3.673940397442059e-18 0.13
6 0.043 -3.673940397442059e-18 0.09
7 0.043 -3.673940397442059e-18 0.174
8 0.043 -3.673940397442059e-18 0.134
9 0.043 -3.673940397442059e-18 0.218
10 0.043 -3.673940397442059e-18 0.178
11 0.015 0.028 0.042
12 0.015 0.028 0.002
13 0.015 0.028 0.08599999999999999
14 0.015 0.028 0.046
15 0.015 0.028 0.13
16 0.015 0.028 0.09
17 0.015 0.028 0.174
18 0.015 0.028 0.134
19 0.015 0.028 0.218
20 0.015 0.028 0.178
21 -0.013 -2.449293598294701e-19 0.042
22 -0.013 -2.449293598294701e-19 0.002
23 -0.013 -2.449293598294701e-19 0.08599999999999999
24 -0.013 -2.449293598294701e-19 0.046
25 -0.013 -2.449293598294701e-19 0.13
26 -0.013 -2.449293598294701e-19 0.09
27 -0.013 -2.449293598294701e-19 0.174
28 -0.013 -2.449293598294701e-19 0.134
29 -0.013 -2.449293598294701e-19 0.218
30 -0.013 -2.449293598294701e-19 0.178
31 0.01499999999999999 -0.028 0.042
32 0.01499999999999999 -0.028 0.002
33 0.01499999999999999 -0.028 0.08599999999999999
34 0.01499999999999999 -0.028 0.046
35 0.01499999999999999 -0.028 0.13
36 0.01499999999999999 -0.028 0.09
37 0.01499999999999999 -0.028 0.174
38 0.01499999999999999 -0.028 0.134
39 0.01499999999999999 -0.028 0.218
40 0.01499999999999999 -0.028 0.178
41 0.046 -1.126675055215565e-17 0.22
42 0.046 -1.126675055215565e-17 0
43 0.04061880299246772 0.008109612261833956 0.042
44 0.03423122519502831 0.01364447993031777 0.042
45 0.02586527742590073 0.01484732162821399 0.042
46 0.01817708899082073 0.01133624361531388 0.042
47 0.01360760539578254 0.004225988352621457 0.042
48 0.01360760539578252 -0.00422598835262139 0.042
49 0.01817708899082066 -0.01133624361531382 0.042
50 0.02586527742590062 -0.01484732162821397 0.042
51 0.03423122519502821 -0.01364447993031782 0.042
52 0.0406188029924677 -0.008109612261833996 0.042
53 0.043 -3.673940397442059e-18 0.01000000000000001
54 0.043 -3.673940397442059e-18 0.01800000000000001
55 0.043 -3.673940397442059e-18 0.02600000000000001
56 0.043 -3.673940397442059e-18 0.034
57 0.04061880299246772 0.008109612261833956 0.002
58 0.03423122519502831 0.01364447993031777 0.002
59 0.02586527742590073 0.01484732162821399 0.002
60 0.01817708899082073 0.01133624361531388 0.002
61 0.01360760539578254 0.004225988352621457 0.002
62 0.01360760539578252 -0.00422598835262139 0.002
63 0.01817708899082066 -0.01133624361531382 0.002
64 0.02586527742590062 -0.01484732162821397 0.002
65 0.03423122519502821 -0.01364447993031782 0.002
66 0.0406188029924677 -0.008109612261833996 0.002
67 0.04061880299246772 0.008109612261833956 0.08599999999999999
68 0.03423122519502831 0.01364447993031777 0.08599999999999999
69 0.02586527742590073 0.01484732162821399 0.08599999999999999
70 0.01817708899082073 0.01133624361531388 0.08599999999999999
71 0.01360760539578254 0.004225988352621457 0.08599999999999999
72 0.01360760539578252 -0.00422598835262139 0.08599999999999999
73 0.01817708899082066 -0.01133624361531382 0.08599999999999999
74 0.02586527742590062 -0.01484732162821397 0.08599999999999999
75 0.03423122519502821 -0.01364447993031782 0.08599999999999999
76 0.0406188029924677 -0.008109612261833996 0.08599999999999999
77 0.043 -3.673940397442059e-18 0.05400000000000001
78 0.043 -3.673940397442059e-18 0.06200000000000001
79 0.043 -3.673940397442059e-18 0.07000000000000001
80 0.043 -3.673940397442059e-18 0.078
81 0.04061880299246772 0.008109612261833956 0.046
82 0.03423122519502831 0.01364447993031777 0.046
83 0.02586527742590073 0.01484732162821399 0.046
84 0.01817708899082073 0.01133624361531388 0.046
85 0.01360760539578254 0.004225988352621457 0.046
86 0.01360760539578252 -0.00422598835262139 0.046
87 0.01817708899082066 -0.01133624361531382 0.046
88 0.02586527742590062 -0.01484732162821397 0.046
89 0.03423122519502821 -0.01364447993031782 0.046
90 0.0406188029924677 -0.008109612261833996 0.046
91 0.04061880299246772 0.008109612261833956 0.13
92 0.03423122519502831 0.01364447993031777 0.13
93 0.02586527742590073 0.01484732162821399 0.13
94 0.01817708899082073 0.01133624361531388 0.13
95 0.01360760539578254 0.004225988352621457 0.13
96 0.01360760539578252 -0.00422598835262139 0.13
97 0.01817708899082066 -0.01133624361531382 0.13
98 0.02586527742590062 -0.01484732162821397 0.13
99 0.03423122519502821 -0.01364447993031782 0.13
100 0.0406188029924677 -0.008109612261833996 0.13
101 0.043 -3.673940397442059e-18 0.098
102 0.043 -3.673940397442059e-18 0.106
103 0.043 -3.673940397442059e-18 0.114
104 0.043 -3.673940397442059e-18 0.122
105 0.04061880299246772 0.008109612261833956 0.09
106 0.03423122519502831 0.01364447993031777 0.09
107 0.02586527742590073 0.01484732162821399 0.09
108 0.01817708899082073 0.01133624361531388 0.09
109 0.01360760539578254 0.004225988352621457 0.09
110 0.01360760539578252 -0.00422598835262139 0.09
111 0.01817708899082066 -0.01133624361531382 0.09
112 0.02586527742590062 -0.01484732162821397 0.09
113 0.03423122519502821 -0.01364447993031782 0.09
114 0.0406188029924677 -0.008109612261833996 0.09
115 0.04061880299246772 0.008109612261833956 0.174
116 0.03423122519502831 0.01364447993031777 0.174
117 0.02586527742590073 0.01484732162821399 0.174
118 0.01817708899082073 0.01133624361531388 0.174
119 0.01360760539578254 0.004225988352621457 0.174
120 0.01360760539578252 -0.00422598835262139 0.174
121 0.01817708899082066 -0.01133624361531382 0.174
122 0.02586527742590062 -0.01484732162821397 0.174
123 0.03423122519502821 -0.01364447993031782 0.174
124 0.0406188029924677 -0.008109612261833996 0.174
125 0.043 -3.673940397442059e-18 0.142
126 0.043 -3.673940397442059e-18 0.15
127 0.043 -3.673940397442059e-18 0.158
128 0.043 -3.673940397442059e-18 0.166
129 0.04061880299246772 0.008109612261833956 0.134
130 0.03423122519502831 0.01364447993031777 0.134
131 0.02586527742590073 0.01484732162821399 0.134
132 0.01817708899082073 0.01133624361531388 0.134
133 0.01360760539578254 0.004225988352621457 0.134
134 0.01360760539578252 -0.00422598835262139 0.134
135 0.01817708899082066 -0.01133624361531382 0.134
136 0.02586527742590062 -0.01484732162821397 0.134
137 0.03423122519502821 -0.01364447993031782 0.134
138 0.0406188029924677 -0.008109612261833996 0.134
139 0.04061880299246772 0.008109612261833956 0.218
140 0.03423122519502831 0.01364447993031777 0.218
141 0.02586527742590073 0.01484732162821399 0.218
142 0.01817708899082073 0.01133624361531388 0.218
143 0.01360760539578254 0.004225988352621457 0.218
144 0.01360760539578252 -0.00422598835262139 0.218
145 0.01817708899082066 -0.01133624361531382 0.218
146 0.02586527742590062 -0.01484732162821397 0.218
147 0.03423122519502821 -0.01364447993031782 0.218
148 0.0406188029924677 -0.008109612261833996 0.218
149 0.043 -3.673940397442059e-18 0.186
150 0.043 -3.673940397442059e-18 0.194
151 0.043 -3.673940397442059e-18 0.202
152 0.043 -3.673940397442059e-18 0.21
153 0.04061880299246772 0.008109612261833956 0.178
154 0.03423122519502831 0.01364447993031777 0.178
155 0.02586527742590073 0.01484732162821399 0.178
156 0.01817708899082073 0.01133624361531388 0.178
157 0.01360760539578254 0.004225988352621457 0.178
158 0.01360760539578252 -0.00422598835262139 0.178
159 0.01817708899082066 -0.01133624361531382 0.178
160 0.02586527742590062 -0.01484732162821397 0.178
161 0.03423122519502821 -0.01364447993031782 0.178
162 0.0406188029924677 -0.008109612261833996 0.178
163 0.01261880299246772 0.03610961226183396 0.042
164 0.00623122519502831 0.04164447993031777 0.042
165 -0.002134722574099267 0.04284732162821399 0.042
166 -0.009822911009179269 0.03933624361531388 0.042
167 -0.01439239460421745 0.03222598835262146 0.042
168 -0.01439239460421748 0.02377401164737861 0.042
169 -0.009822911009179336 0.01666375638468618 0.042
170 -0.002134722574099383 0.01315267837178603 0.042
171 0.006231225195028207 0.01435552006968218 0.042
172 0.0126188029924677 0.019890387738166 0.042
173 0.015 0.028 0.01000000000000001
174 0.015 0.028 0.01800000000000001
175 0.015 0.028 0.02600000000000001
176 0.015 0.028 0.034
177 0.01261880299246772 0.03610961226183396 0.002
178 0.00623122519502831 0.04164447993031777 0.002
179 -0.002134722574099267 0.04284732162821399 0.002
180 -0.009822911009179269 0.03933624361531388 0.002
181 -0.01439239460421745 0.03222598835262146 0.002
182 -0.01439239460421748 0.02377401164737861 0.002
183 -0.009822911009179336 0.01666375638468618 0.002
184 -0.002134722574099383 0.01315267837178603 0.002
185 0.006231225195028207 0.01435552006968218 0.002
186 0.0126188029924677 0.019890387738166 0.002
187 0.01261880299246772 0.03610961226183396 0.08599999999999999
188 0.00623122519502831 0.04164447993031777 0.08599999999999999
189 -0.002134722574099267 0.04284732162821399 0.08599999999999999
190 -0.009822911009179269 0.03933624361531388 0.08599999999999999
191 -0.01439239460421745 0.03222598835262146 0.08599999999999999
192 -0.01439239460421748 0.02377401164737861 0.08599999999999999
193 -0.009822911009179336 0.01666375638468618 0.08599999999999999
194 -0.002134722574099383 0.01315267837178603 0.08599999999999999
195 0.006231225195028207 0.01435552006968218 0.08599999999999999
196 0.0126188029924677 0.019890387738166 0.08599999999999999
197 0.015 0.028 0.05400000000000001
198 0.015 0.028 0.06200000000000001
199 0.015 0.028 0.07000000000000001
200 0.015 0.028 0.078
201 0.01261880299246772 0.03610961226183396 0.046
202 0.00623122519502831 0.04164447993031777 0.046
203 -0.002134722574099267 0.04284732162821399 0.046
204 -0.009822911009179269 0.03933624361531388 0.046
205 -0.01439239460421745 0.03222598835262146 0.046
206 -0.01439239460421748 0.02377401164737861 0.046
207 -0.009822911009179336 0.01666375638468618 0.046
208 -0.002134722574099383 0.01315267837178603 0.046
209 0.006231225195028207 0.01435552006968218 0.046
210 0.0126188029924677 0.019890387738166 0.046
211 0.01261880299246772 0.03610961226183396 0.13
212 0.00623122519502831 0.04164447993031777 0.13
213 -0.002134722574099267 0.04284732162821399 0.13
214 -0.009822911009179269 0.03933624361531388 0.13
215 -0.01439239460421745 0.03222598835262146 0.13
216 -0.01439239460421748 0.02377401164737861 0.13
217 -0.009822911009179336 0.01666375638468618 0.13
218 -0.002134722574099383 0.01315267837178603 0.13
219 0.006231225195028207 0.01435552006968218 0.13
220 0.0126188029924677 0.019890387738166 0.13
221 0.015 0.028 0.098
222 0.015 0.028 0.106
223 0.015 0.028 0.114
224 0.015 0.028 0.122
225 0.01261880299246772 0.03610961226183396 0.09
226 0.00623122519502831 0.04164447993031777 0.09
227 -0.002134722574099267 0.04284732162821399 0.09
228 -0.009822911009179269 0.03933624361531388 0.09
229 -0.01439239460421745 0.03222598835262146 0.09
230 -0.01439239460421748 0.02377401164737861 0.09
231 -0.009822911009179336 0.01666375638468618 0.09
232 -0.002134722574099383 0.01315267837178603 0.09
233 0.006231225195028207 0.01435552006968218 0.09
234 0.0126188029924677 0.019890387738166 0.09
235 0.01261880299246772 0.03610961226183396 0.174
236 0.00623122519502831 0.04164447993031777 0.174
237 -0.002134722574099267 0.04284732162821399 0.174
238 -0.009822911009179269 0.03933624361531388 0.174
239 -0.01439239460421745 0.03222598835262146 0.174
240 -0.01439239460421748 0.02377401164737861 0.174
241 -0.009822911009179336 0.01666375638468618 0.174
242 -0.002134722574099383 0.01315267837178603 0.174
243 0.006231225195028207 0.01435552006968218 0.174
244 0.0126188029924677 0.019890387738166 0.174
245 0.015 0.028 0.142
246 0.015 0.028 0.15
247 0.015 0.028 0.158
248 0.015 0.028 0.166
249 0.01261880299246772 0.03610961226183396 0.134
250 0.00623122519502831 0.04164447993031777 0.134
251 -0.002134722574099267 0.04284732162821399 0.134
252 -0.009822911009179269 0.03933624361531388 0.134
253 -0.01439239460421745 0.03222598835262146 0.134
254 -0.01439239460421748 0.02377401164737861 0.134
255 -0.009822911009179336 0.01666375638468618 0.134
256 -0.002134722574099383 0.01315267837178603 0.134
257 0.006231225195028207 0.01435552006968218 0.134
258 0.0126188029924677 0.019890387738166 0.134
259 0.01261880299246772 0.03610961226183396 0.218
260 0.00623122519502831 0.04164447993031777 0.218
261 -0.002134722574099267 0.04284732162821399 0.218
262 -0.009822911009179269 0.03933624361531388 0.218
263 -0.01439239460421745 0.03222598835262146 0.218
264 -0.01439239460421748 0.02377401164737861 0.218
265 -0.009822911009179336 0.01666375638468618 0.218
266 -0.002134722574099383 0.01315267837178603 0.218
267 0.006231225195028207 0.01435552006968218 0.218
268 0.0126188029924677 0.019890387738166 0.218
269 0.015 0.028 0.186
270 0.015 0.028 0.194
271 0.015 0.028 0.202
272 0.015 0.028 0.21
273 0.01261880299246772 0.03610961226183396 0.178
274 0.00623122519502831 0.04164447993031777 0.178
275 -0.002134722574099267 0.04284732162821399 0.178
276 -0.009822911009179269 0.03933624361531388 0.178
277 -0.01439239460421745 0.03222598835262146 0.178
278 -0.01439239460421748 0.02377401164737861 0.178
279 -0.009822911009179336 0.01666375638468618 0.178
280 -0.002134722574099383 0.01315267837178603 0.178
281 0.006231225195028207 0.01435552006968218 0.178
282 0.0126188029924677 0.019890387738166 0.178
283 -0.01538119700753228 0.008109612261833959 0.042
284 -0.02176877480497169 0.01364447993031777 0.042
285 -0.03013472257409927 0.01484732162821399 0.042
286 -0.03782291100917927 0.01133624361531388 0.042
287 -0.04239239460421745 0.004225988352621461 0.042
288 -0.04239239460421748 -0.004225988352621386 0.042
289 -0.03782291100917934 -0.01133624361531382 0.042
290 -0.03013472257409939 -0.01484732162821397 0.042
291 -0.0217687748049718 -0.01364447993031781 0.042
292 -0.0153811970075323 -0.008109612261833992 0.042
293 -0.013 -2.449293598294701e-19 0.01000000000000001
294 -0.013 -2.449293598294701e-19 0.01800000000000001
295 -0.013 -2.449293598294701e-19 0.02600000000000001
296 -0.013 -2.449293598294701e-19 0.034
297 -0.01538119700753228 0.008109612261833959 0.002
298 -0.02176877480497169 0.01364447993031777 0.002
299 -0.03013472257409927 0.01484732162821399 0.002
300 -0.03782291100917927 0.01133624361531388 0.002
301 -0.04239239460421745 0.004225988352621461 0.002
302 -0.04239239460421748 -0.004225988352621386 0.002
303 -0.03782291100917934 -0.01133624361531382 0.002
304 -0.03013472257409939 -0.01484732162821397 0.002
305 -0.0217687748049718 -0.01364447993031781 0.002
306 -0.0153811970075323 -0.008109612261833992 0.002
307 -0.01538119700753228 0.008109612261833959 0.08599999999999999
308 -0.02176877480497169 0.01364447993031777 0.08599999999999999
309 -0.03013472257409927 0.01484732162821399 0.08599999999999999
310 -0.03782291100917927 0.01133624361531388 0.08599999999999999
311 -0.04239239460421745 0.004225988352621461 0.08599999999999999
312 -0.04239239460421748 -0.004225988352621386 0.08599999999999999
313 -0.03782291100917934 -0.01133624361531382 0.08599999999999999
314 -0.03013472257409939 -0.01484732162821397 0.08599999999999999
315 -0.0217687748049718 -0.01364447993031781 0.08599999999999999
316 -0.0153811970075323 -0.008109612261833992 0.08599999999999999
317 -0.013 -2.449293598294701e-19 0.05400000000000001
318 -0.013 -2.449293598294701e-19 0.06200000000000001
319 -0.013 -2.449293598294701e-19 0.07000000000000001
320 -0.013 -2.449293598294701e-19 0.078
321 -0.01538119700753228 0.008109612261833959 0.046
322 -0.02176877480497169 0.01364447993031777 0.046
323 -0.03013472257409927 0.01484732162821399 0.046
324 -0.03782291100917927 0.01133624361531388 0.046
325 -0.04239239460421745 0.004225988352621461 0.046
326 -0.04239239460421748 -0.004225988352621386 0.046
327 -0.03782291100917934 -0.01133624361531382 0.046
328 -0.03013472257409939 -0.01484732162821397 0.046
329 -0.0217687748049718 -0.01364447993031781 0.046
330 -0.0153811970075323 -0.008109612261833992 0.046
331 -0.01538119700753228 0.008109612261833959 0.13
332 -0.02176877480497169 0.01364447993031777 0.13
333 -0.03013472257409927 0.01484732162821399 0.13
334 -0.03782291100917927 0.01133624361531388 0.13
335 -0.04239239460421745 0.004225988352621461 0.13
336 -0.04239239460421748 -0.004225988352621386 0.13
337 -0.03782291100917934 -0.01133624361531382 0.13
338 -0.03013472257409939 -0.01484732162821397 0.13
339 -0.0217687748049718 -0.01364447993031781 0.13
340 -0.0153811970075323 -0.008109612261833992 0.13
341 -0.013 -2.449293598294701e-19 0.098
342 -0.013 -2.449293598294701e-19 0.106
343 -0.013 -2.449293598294701e-19 0.114
344 -0.013 -2.449293598294701e-19 0.122
345 -0.01538119700753228 0.008109612261833959 0.09
346 -0.02176877480497169 0.01364447993031777 0.09
347 -0.03013472257409927 0.01484732162821399 0.09
348 -0.03782291100917927 0.01133624361531388 0.09
349 -0.04239239460421745 0.004225988352621461 0.09
350 -0.04239239460421748 -0.004225988352621386 0.09
351 -0.03782291100917934 -0.01133624361531382 0.09
352 -0.03013472257409939 -0.01484732162821397 0.09
353 -0.0217687748049718 -0.01364447993031781 0.09
354 -0.0153811970075323 -0.008109612261833992 0.09
355 -0.01538119700753228 0.008109612261833959 0.174
356 -0.02176877480497169 0.01364447993031777 0.174
357 -0.03013472257409927 0.01484732162821399 0.174
358 -0.03782291100917927 0.01133624361531388 0.174
359 -0.04239239460421745 0.004225988352621461 0.174
360 -0.04239239460421748 -0.004225988352621386 0.174
361 -0.03782291100917934 -0.01133624361531382 0.174
362 -0.03013472257409939 -0.01484732162821397 0.174
363 -0.0217687748049718 -0.01364447993031781 0.174
364 -0.0153811970075323 -0.008109612261833992 0.174
365 -0.013 -2.449293598294701e-19 0.142
366 -0.013 -2.449293598294701e-19 0.15
367 -0.013 -2.449293598294701e-19 0.158
368 -0.013 -2.449293598294701e-19 0.166
369 -0.01538119700753228 0.008109612261833959 0.134
370 -0.02176877480497169 0.01364447993031777 0.134
371 -0.03013472257409927 0.01484732162821399 0.134
372 -0.03782291100917927 0.01133624361531388 0.134
373 -0.04239239460421745 0.004225988352621461 0.134
374 -0.04239239460421748 -0.004225988352621386 0.134
375 -0.03782291100917934 -0.01133624361531382 0.134
376 -0.03013472257409939 -0.01484732162821397 0.134
377 -0.0217687748049718 -0.01364447993031781 0.134
378 -0.0153811970075323 -0.008109612261833992 0.134
379 -0.01538119700753228 0.008109612261833959 0.218
380 -0.02176877480497169 0.01364447993031777 0.218
381 -0.03013472257409927 0.01484732162821399 0.218
382 -0.03782291100917927 0.01133624361531388 0.218
383 -0.04239239460421745 0.004225988352621461 0.218
384 -0.04239239460421748 -0.004225988352621386 0.218
385 -0.03782291100917934 -0.01133624361531382 0.218
386 -0.03013472257409939 -0.01484732162821397 0.218
387 -0.0217687748049718 -0.01364447993031781 0.218
388 -0.0153811970075323 -0.008109612261833992 0.218
389 -0.013 -2.449293598294701e-19 0.186
390 -0.013 -2.449293598294701e-19 0.194
391 -0.013 -2.449293598294701e-19 0.202
392 -0.013 -2.449293598294701e-19 0.21
393 -0.01538119700753228 0.008109612261833959 0.178
394 -0.02176877480497169 0.01364447993031777 0.178
395 -0.03013472257409927 0.01484732162821399 0.178
396 -0.03782291100917927 0.01133624361531388 0.178
397 -0.04239239460421745 0.004225988352621461 0.178
398 -0.04239239460421748 -0.004225988352621386 0.178
399 -0.03782291100917934 -0.01133624361531382 0.178
400 -0.03013472257409939 -0.01484732162821397 0.178
401 -0.0217687748049718 -0.01364447993031781 0.178
402 -0.0153811970075323 -0.008109612261833992 0.178
403 0.01261880299246772 -0.01989038773816604 0.042
404 0.006231225195028303 -0.01435552006968223 0.042
405 -0.002134722574099274 -0.01315267837178601 0.042
406 -0.009822911009179276 -0.01666375638468612 0.042
407 -0.01439239460421746 -0.02377401164737854 0.042
408 -0.01439239460421748 -0.03222598835262139 0.042
409 -0.009822911009179343 -0.03933624361531382 0.042
410 -0.002134722574099389 -0.04284732162821397 0.042
411 0.0062312251950282 -0.04164447993031782 0.042
412 0.01261880299246769 -0.036109612261834 0.042
413 0.01499999999999999 -0.028 0.01000000000000001
414 0.01499999999999999 -0.028 0.01800000000000001
415 0.01499999999999999 -0.028 0.02600000000000001
416 0.01499999999999999 -0.028 0.034
417 0.01261880299246772 -0.01989038773816604 0.002
418 0.006231225195028303 -0.01435552006968223 0.002
419 -0.002134722574099274 -0.01315267837178601 0.002
420 -0.009822911009179276 -0.01666375638468612 0.002
421 -0.01439239460421746 -0.02377401164737854 0.002
422 -0.01439239460421748 -0.03222598835262139 0.002
423 -0.009822911009179343 -0.03933624361531382 0.002
424 -0.002134722574099389 -0.04284732162821397 0.002
425 0.0062312251950282 -0.04164447993031782 0.002
426 0.01261880299246769 -0.036109612261834 0.002
427 0.01261880299246772 -0.01989038773816604 0.08599999999999999
428 0.006231225195028303 -0.01435552006968223 0.08599999999999999
429 -0.002134722574099274 -0.01315267837178601 0.08599999999999999
430 -0.009822911009179276 -0.01666375638468612 0.08599999999999999
431 -0.01439239460421746 -0.02377401164737854 0.08599999999999999
432 -0.01439239460421748 -0.03222598835262139 0.08599999999999999
433 -0.009822911009179343 -0.03933624361531382 0.08599999999999999
434 -0.002134722574099389 -0.04284732162821397 0.08599999999999999
435 0.0062312251950282 -0.04164447993031782 0.08599999999999999
436 0.01261880299246769 -0.036109612261834 0.08599999999999999
437 0.01499999999999999 -0.028 0.05400000000000001
438 0.01499999999999999 -0.028 0.06200000000000001
439 0.01499999999999999 -0.028 0.07000000000000001
440 0.01499999999999999 -0.028 0.078
441 0.01261880299246772 -0.01989038773816604 0.046
442 0.006231225195028303 -0.01435552006968223 0.046
443 -0.002134722574099274 -0.01315267837178601 0.046
444 -0.009822911009179276 -0.01666375638468612 0.046
445 -0.01439239460421746 -0.02377401164737854 0.046
446 -0.01439239460421748 -0.03222598835262139 0.046
447 -0.009822911009179343 -0.03933624361531382 0.046
448 -0.002134722574099389 -0.04284732162821397 0.046
449 0.0062312251950282 -0.04164447993031782 0.046
450 0.01261880299246769 -0.036109612261834 0.046
451 0.01261880299246772 -0.01989038773816604 0.13
452 0.006231225195028303 -0.01435552006968223 0.13
453 -0.002134722574099274 -0.01315267837178601 0.13
454 -0.009822911009179276 -0.01666375638468612 0.13
455 -0.01439239460421746 -0.02377401164737854 0.13
456 -0.01439239460421748 -0.03222598835262139 0.13
457 -0.009822911009179343 -0.03933624361531382 0.13
458 -0.002134722574099389 -0.04284732162821397 0.13
459 0.0062312251950282 -0.04164447993031782 0.13
460 0.01261880299246769 -0.036109612261834 0.13
461 0.01499999999999999 -0.028 0.098
462 0.01499999999999999 -0.028 0.106
463 0.01499999999999999 -0.028 0.114
464 0.01499999999999999 -0.028 0.122
465 0.01261880299246772 -0.01989038773816604 0.09
466 0.006231225195028303 -0.01435552006968223 0.09
467 -0.002134722574099274 -0.01315267837178601 0.09
468 -0.009822911009179276 -0.01666375638468612 0.09
469 -0.01439239460421746 -0.02377401164737854 0.09
470 -0.01439239460421748 -0.03222598835262139 0.09
471 -0.009822911009179343 -0.03933624361531382 0.09
472 -0.002134722574099389 -0.04284732162821397 0.09
473 0.0062312251950282 -0.04164447993031782 0.09
474 0.01261880299246769 -0.036109612261834 0.09
475 0.01261880299246772 -0.01989038773816604 0.174
476 0.006231225195028303 -0.01435552006968223 0.174
477 -0.002134722574099274 -0.01315267837178601 0.174
478 -0.009822911009179276 -0.01666375638468612 0.174
479 -0.01439239460421746 -0.02377401164737854 0.174
480 -0.01439239460421748 -0.03222598835262139 0.174
481 -0.009822911009179343 -0.03933624361531382 0.174
482 -0.002134722574099389 -0.04284732162821397 0.174
483 0.0062312251950282 -0.04164447993031782 0.174
484 0.01261880299246769 -0.036109612261834 0.174
485 0.01499999999999999 -0.028 0.142
486 0.01499999999999999 -0.028 0.15
487 0.01499999999999999 -0.028 0.158
488 0.01499999999999999 -0.028 0.166
489 0.01261880299246772 -0.01989038773816604 0.134
490 0.006231225195028303 -0.01435552006968223 0.134
491 -0.002134722574099274 -0.01315267837178601 0.134
492 -0.009822911009179276 -0.01666375638468612 0.134
493 -0.01439239460421746 -0.02377401164737854 0.134
494 -0.01439239460421748 -0.03222598835262139 0.134
495 -0.009822911009179343 -0.03933624361531382 0.134
496 -0.002134722574099389 -0.04284732162821397 0.134
497 0.0062312251950282 -0.04164447993031782 0.134
498 0.01261880299246769 -0.036109612261834 0.134
499 0.01261880299246772 -0.01989038773816604 0.218
500 0.006231225195028303 -0.01435552006968223 0.218
501 -0.002134722574099274 -0.01315267837178601 0.218
502 -0.009822911009179276 -0.01666375638468612 0.218
503 -0.01439239460421746 -0.02377401164737854 0.218
504 -0.01439239460421748 -0.03222598835262139 0.218
505 -0.009822911009179343 -0.03933624361531382 0.218
506 -0.002134722574099389 -0.04284732162821397 0.218
507 0.0062312251950282 -0.04164447993031782 0.218
508 0.01261880299246769 -0.036109612261834 0.218
509 0.01499999999999999 -0.028 0.186
510 0.01499999999999999 -0.028 0.194
511 0.01499999999999999 -0.028 0.202
512 0.01499999999999999 -0.028 0.21
513 0.01261880299246772 -0.01989038773816604 0.178
514 0.006231225195028303 -0.01435552006968223 0.178
515 -0.002134722574099274 -0.01315267837178601 0.178
516 -0.009822911009179276 -0.01666375638468612 0.178
517 -0.01439239460421746 -0.02377401164737854 0.178
518 -0.01439239460421748 -0.03222598835262139 0.178
519 -0.009822911009179343 -0.03933624361531382 0.178
520 -0.002134722574099389 -0.04284732162821397 0.178
521 0.0062312251950282 -0.04164447993031782 0.178
522 0.01261880299246769 -0.036109612261834 0.178
523 0.0451687200740845 0.008705557240578877 0.22
524 0.04270492491873933 0.01709647296037508 0.22
525 0.03869766251023431 0.02486947760295752 0.22
526 0.0332917657528332 0.03174363452817718 0.22
527 0.02668261784027508 0.03747049379431547 0.22
528 0.01910909059808671 0.04184307178630788 0.22
529 0.01084491103343357 0.04470333214288293 0.22
530 0.002188768127892038 0.04594789760241837 0.22
531 -0.006546482560571242 0.04553178632652289 0.22
532 -0.01504512631260151 0.04347003766087471 0.22
533 -0.02300000000000012 0.03983716857408411 0.22
534 -0.03012359376148321 0.03476448042029581 0.22
535 -0.03615844235816829 0.02843531336614775 0.22
536 -0.04088643063812653 0.02107841999946079 0.22
537 -0.04413667678626691 0.01295969761470568 0.22
538 -0.0457917084383619 0.004372577991992331 0.22
539 -0.04579170843836188 -0.004372577991992462 0.22
540 -0.04413667678626685 -0.01295969761470585 0.22
541 -0.04088643063812644 -0.02107841999946097 0.22
542 -0.03615844235816817 -0.02843531336614791 0.22
543 -0.030123593761483 -0.03476448042029598 0.22
544 -0.02299999999999988 -0.03983716857408424 0.22
545 -0.01504512631260129 -0.04347003766087478 0.22
546 -0.006546482560570999 -0.04553178632652292 0.22
547 0.002188768127892231 -0.04594789760241836 0.22
548 0.01084491103343374 -0.04470333214288289 0.22
549 0.01910909059808683 -0.04184307178630782 0.22
550 0.02668261784027517 -0.0374704937943154 0.22
551 0.03329176575283326 -0.03174363452817712 0.22
552 0.03869766251023433 -0.02486947760295749 0.22
553 0.04270492491873934 -0.01709647296037505 0.22
554 0.04516872007408451 -0.008705557240578848 0.22
555 0.046 -1.126675055215565e-17 0.008800000000000013
556 0.046 -1.126675055215565e-17 0.01760000000000002
557 0.046 -1.126675055215565e-17 0.02640000000000004
558 0.046 -1.126675055215565e-17 0.03520000000000006
559 0.046 -1.126675055215565e-17 0.04400000000000006
560 0.046 -1.126675055215565e-17 0.05280000000000006
561 0.046 -1.126675055215565e-17 0.06160000000000004
562 0.046 -1.126675055215565e-17 0.07040000000000005
563 0.046 -1.126675055215565e-17 0.07920000000000005
564 0.046 -1.126675055215565e-17 0.08800000000000005
565 0.046 -1.126675055215565e-17 0.09680000000000004
566 0.046 -1.126675055215565e-17 0.1056
567 0.046 -1.126675055215565e-17 0.1144
568 0.046 -1.126675055215565e-17 0.1232
569 0.046 -1.126675055215565e-17 0.132
570 0.046 -1.126675055215565e-17 0.1408
571 0.046 -1.126675055215565e-17 0.1496
572 0.046 -1.126675055215565e-17 0.1584
573 0.046 -1.126675055215565e-17 0.1672
574 0.046 -1.126675055215565e-17 0.176
575 0.046 -1.126675055215565e-17 0.1848
576 0.046 -1.126675055215565e-17 0.1936
577 0.046 -1.126675055215565e-17 0.2024
578 0.046 -1.126675055215565e-17 0.2112
579 0.0451687200740845 0.008705557240578877 0
580 0.04270492491873933 0.01709647296037508 0
581 0.03869766251023431 0.02486947760295752 0
582 0.0332917657528332 0.03174363452817718 0
583 0.02668261784027508 0.03747049379431547 0
584 0.01910909059808671 0.04184307178630788 0
585 0.01084491103343357 0.04470333214288293 0
586 0.002188768127892038 0.04594789760241837 0
587 -0.006546482560571242 0.04553178632652289 0
588 -0.01504512631260151 0.04347003766087471 0
589 -0.02300000000000012 0.03983716857408411 0
590 -0.03012359376148321 0.03476448042029581 0
591 -0.03615844235816829 0.02843531336614775 0
592 -0.04088643063812653 0.02107841999946079 0
593 -0.04413667678626691 0.01295969761470568 0
594 -0.0457917084383619 0.004372577991992331 0
595 -0.04579170843836188 -0.004372577991992462 0
596 -0.04413667678626685 -0.01295969761470585 0
597 -0.04088643063812644 -0.02107841999946097 0
598 -0.03615844235816817 -0.02843531336614791 0
599 -0.030123593761483 -0.03476448042029598 0
600 -0.02299999999999988 -0.03983716857408424 0
601 -0.01504512631260129 -0.04347003766087478 0
602 -0.006546482560570999 -0.04553178632652292 0
603 0.002188768127892231 -0.04594789760241836 0
604 0.01084491103343374 -0.04470333214288289 0
605 0.01910909059808683 -0.04184307178630782 0
606 0.02668261784027517 -0.0374704937943154 0
607 0.03329176575283326 -0.03174363452817712 0
608 0.03869766251023433 -0.02486947760295749 0
609 0.04270492491873934 -0.01709647296037505 0
610 0.04516872007408451 -0.008705557240578848 0
611 0.04140000000000162 0.006740919818537869 0.02200000000000001
612 0.04152454346126383 -0.006487428162560701 0.02201331276663202
613 0.013 3.514366093747572e-17 0.009294364149978526
614 0.02177248134840131 -0.01364617204361686 0.03470888828156633
615 0.02176911636741042 0.01364463591149017 0.03470835269406239
616 0.01300000005350806 1.266981353965297e-06 0.0346844175223972
617 0.02176638376878352 -0.01364338772746397 0.008960321305934531
618 0.02176877480497171 0.01364447993031778 0.009294364149978557
619 0.03770248033527513 0.01143948754724613 0.0101328613593015
620 0.03790745628560723 0.01126242913179842 0.03406054299340092
621 0.03770168238277082 -0.01144016428832359 0.01010847938355534
622 0.03790957607000192 -0.01126056402285629 0.03403899342300459
623 0.03014474626881118 0.01484587698461834 0.03466987377591092
624 0.02586527742591384 0.01484732162821588 0.02743247377857511
625 0.01818868902759836 0.01134628472244686 0.02741432621966845
626 0.02178594990102947 0.01365231047725931 0.02014812466282806
627 0.03013477294125643 0.01484731438642286 0.02015906960061144
628 0.01539956064154426 0.008138115750828295 0.02012986931198833
629 0.03411975739042243 0.01369483732953298 0.02563835883836384
630 0.01361533052297124 0.004252209312420664 0.02740594192943174
631 0.0130000601650052 4.248466236403261e-05 0.02011232734299997
632 0.01538554067757651 0.008116367167823484 0.03470509139276324
633 0.01357672968296438 -0.004119377788176154 0.02738998710887464
634 0.01534298629068287 -0.008049844965100762 0.02011565635383023
635 0.01538119700753226 -0.008109612261833918 0.03470563585002146
636 0.01816650711574083 -0.01132706571426264 0.02739359547872921
637 0.02586427507102394 -0.01484717747680515 0.02741181022412173
638 0.0301660235161627 -0.01484278754572167 0.03465051988346849
639 0.02171803019895003 -0.0136211914096637 0.02040968978158516
640 0.03005328755623164 -0.01485880244876498 0.02009418897353575
641 0.03414945980814907 -0.01368152564840483 0.02612672755722881
642 0.03002830559056915 0.01486223322489813 0.008722542328913993
643 0.03005708847062903 -0.01485827671784333 0.008622172228918324
644 0.01538119700754883 0.008109612261859704 0.009294364149991487
645 0.01538029171190049 -0.008108203421428973 0.00896731572326814
646 0.04151926986925686 0.006498410744343853 0.01400000000000001
647 0.04151926986925686 0.006498410744343849 0.03000000000000001
648 0.04151926986925658 -0.006498410744344442 0.01400000000000001
649 0.03702350328127118 -0.01198233652226844 0.01777130083987748
650 0.04151926986925658 -0.006498410744344442 0.03000000000000001
651 0.03705045116159628 0.01196199539255724 0.01777231921232266
652 0.0258815732675445 0.01484965549025356 0.01476056075307527
653 0.0258333793717142 -0.01484270039625831 0.01457835911660294
654 0.01819488904016342 0.01135164301170948 0.01472857036030024
655 0.01361719903300184 0.004258525137147459 0.01471989436912687
656 0.01359631647610311 -0.004187350109964687 0.01471987055343545
657 0.01813768682501233 -0.01130198119085607 0.01464513888956981
658 0.04180390434149087 0.005869601769368134 0.008357811409700194
659 0.04184386352271347 0.005774724475200816 0.03625687643282115
660 0.04180395101158323 -0.005869492011222991 0.008357326126038131
661 0.04184386352270993 -0.005774724475209327 0.03625687643282965
662 0.03892934228101982 -0.01027372752725672 0.02614849136585155
663 0.03892395409683724 0.01027945654644217 0.02629931551869647
664 0.03234523399639502 0.01435684302054504 0.01460603722577228
665 0.0323639583175272 -0.01435116259412056 0.01451509012296429
666 0.02187838664207011 -0.004141590057207255 0.042
667 0.03568071133864678 0.002114339412085457 0.042
668 0.02474492615943102 0.007127617490823849 0.042
669 0.02723857617405536 -0.008197171974204347 0.042
670 0.02807376551328064 6.79330622686341e-05 0.042
671 0.03480718020224645 -0.004628165282000344 0.042
672 0.02001489634952792 0.002398367351866529 0.042
673 0.03150527491025365 0.007675481412766553 0.042
674 0.02187838664207011 -0.004141590057207255 0.002
675 0.03568071133864678 0.002114339412085457 0.002
676 0.02474492615943102 0.007127617490823849 0.002
677 0.02723857617405536 -0.008197171974204347 0.002
678 0.02807376551328064 6.79330622686341e-05 0.002
679 0.03480718020224645 -0.004628165282000344 0.002
680 0.02001489634952792 0.002398367351866529 0.002
681 0.03150527491025365 0.007675481412766553 0.002
682 0.04140000000000162 0.006740919818537867 0.066
683 0.04152476353130533 -0.006486969355737189 0.06601321552336575
684 0.01300110021875977 0.0001816737524019046 0.05169421418944273
685 0.02176910986037007 -0.0136446329400194 0.0787083435719354
686 0.02195380337688421 0.01372747268781196 0.05386422330696548
687 0.01529841028232919 0.007979324447843893 0.07886594375770681
688 0.02176877480497162 -0.01364447993031774 0.05329436414997853
689 0.03013472257409929 0.01484732162821399 0.07870563585002144
690 0.03766526173643031 0.0114709509442895 0.05389858681599378
691 0.03790901405156102 -0.01126105858815974 0.07803833643382231
692 0.03770384019010638 -0.0114383340380003 0.05413231710304597
693 0.04140359647763582 0.006733765771446815 0.07398650519448556
694 0.03684090037095739 0.01211769287574188 0.06801437105543531
695 0.03683605922904953 0.01212122342425584 0.06177876089330104
696 0.03017827472968392 0.01484099454895191 0.06414539441735781
697 0.03017600928540704 0.01484132688103804 0.05797965692865453
698 0.02295795886035936 0.01412720146193758 0.06159992586124399
699 0.02288810495726384 0.01410207534627615 0.06999080378445234
700 0.01686870785275831 0.01005456787399416 0.06573280498435956
701 0.03014512017343177 -0.01484582296275744 0.07866760722861776
702 0.02586527742590063 -0.01484732162821398 0.07143247377857231
703 0.01818772765742083 -0.01134545333933625 0.07141340896697185
704 0.0217859581453075 -0.01365231422976082 0.06414250018750457
705 0.03013751853578503 -0.01484691936090364 0.06415759741956979
706 0.01539531710876371 -0.008131541625754319 0.06412568873494144
707 0.01361245417758471 -0.004242466877643273 0.07140437583865297
708 0.01300144062089459 0.0002078859096934661 0.06497523543891204
709 0.03415311243201059 -0.01367988331087063 0.07014753804666517
710 0.01360946896101564 0.004232329903968705 0.07203754880413858
711 0.01300019952760541 -7.736787673833878e-05 0.07895157982916592
712 0.0153887279291828 -0.008121318658680135 0.07874358295447539
713 0.01427835744930408 0.006059416284670589 0.05844156946955749
714 0.03005496312163696 -0.01485857081178106 0.05267566097231749
715 0.02176877480499411 0.01364447993032801 0.07870563585002825
716 0.01537519853622758 -0.008100270859689175 0.05279082634599241
717 0.03749901974970783 0.01160898892215255 0.07893250837616161
718 0.04151926986925686 0.006498410744343853 0.05800000000000001
719 0.04151926986925658 -0.006498410744344442 0.05800000000000001
720 0.04151926986925658 -0.006498410744344442 0.07400000000000001
721 0.03705184869736943 -0.0119609378879723 0.06177237210451096
722 0.01540318585568531 0.008143726015380996 0.05230057958821496
723 0.0174646719190782 0.01067739960043364 0.0726056922120823
724 0.02589690471434555 -0.01485183457420187 0.05866717390920212
725 0.01820219006438296 -0.01135794525719876 0.05875997401574263
726 0.01353210466082747 -0.003959798537141734 0.05838990049595989
727 0.03095952631254644 0.0147051420940209 0.07132146499250572
728 0.03013472257409929 0.01484732162821399 0.05091485687733378
729 0.04184386352271346 0.005774724475200822 0.05174312356717885
730 0.04184386352270993 -0.005774724475209327 0.08025687643282965
731 0.04180391809827999 -0.005869569416573761 0.05235780058125125
732 0.04183298243169972 0.005800741077163069 0.08022343368837641
733 0.01797424548205755 0.0111572508417601 0.05865839158260291
734 0.03892901207100802 -0.01027407879820673 0.07014850693716378
735 0.03255017761989405 -0.01429321110273739 0.05868520515493623
736 0.02187838664207011 -0.004141590057207255 0.08599999999999999
737 0.03568071133864678 0.002114339412085457 0.08599999999999999
738 0.02474492615943102 0.007127617490823849 0.08599999999999999
739 0.02723857617405536 -0.008197171974204347 0.08599999999999999
740 0.02807376551328064 6.79330622686341e-05 0.08599999999999999
741 0.03480718020224645 -0.004628165282000344 0.08599999999999999
742 0.02001489634952792 0.002398367351866529 0.08599999999999999
743 0.03150527491025365 0.007675481412766553 0.08599999999999999
744 0.02187838664207011 -0.004141590057207255 0.046
745 0.03568071133864678 0.002114339412085457 0.046
746 0.02474492615943102 0.007127617490823849 0.046
747 0.02723857617405536 -0.008197171974204347 0.046
748 0.02807376551328064 6.79330622686341e-05 0.046
749 0.03480718020224645 -0.004628165282000344 0.046
750 0.02001489634952792 0.002398367351866529 0.046
751 0.03150527491025365 0.007675481412766553 0.046
752 0.04140000000000162 0.006740919818537867 0.11
753 0.04139999999994246 -0.006740919818655473 0.11
754 0.01300000000251105 -2.744655638193266e-07 0.1227073220724708
755 0.02193595890430628 -0.01371959932322142 0.1220811190276022
756 0.02193597914188016 0.01371960826817907 0.1220824373919576
757 0.01538119700753224 -0.008109612261833902 0.09729436414997854
758 0.01538119700753229 0.008109612261833972 0.09729436414997852
759 0.03013472257409929 0.01484732162821399 0.09729436414997854
760 0.03013472257409918 -0.01484732162821401 0.09729436414997854
761 0.03766527064752665 0.01147094343591928 0.1221019805459238
762 0.0376652617364138 -0.01147095094430341 0.1221014131840907
763 0.04139999999999441 0.006740919818552208 0.102
764 0.03683878821704538 0.01211923359186627 0.1079725415914762
765 0.03683571637092174 0.01212147335156191 0.114222291742171
766 0.03017708783029124 0.01484116870664833 0.1118530068361588
767 0.03017593031891132 0.01484133845875238 0.1180263274266555
768 0.02295743046828161 0.0141270128660586 0.1144069592108377
769 0.02288418097838842 0.01410065231604968 0.1060160815418272
770 0.01736010120587618 0.01057319978297972 0.1103806666318887
771 0.04140359647763582 -0.006733765771446808 0.1020134948055146
772 0.03684090037085398 -0.01211769287581732 0.1079856289448792
773 0.0368360592288839 -0.01212122342437659 0.1142212391065897
774 0.03017827472948182 -0.01484099454898158 0.1118546055826376
775 0.03017602936104334 -0.01484132393756963 0.1180199040073537
776 0.02295795886014084 -0.01412720146185959 0.1144000741384485
777 0.02288810495714445 -0.01410207534623287 0.106009196215237
778 0.01734992157277432 -0.01056294606130043 0.1104331446413523
779 0.02176877480499411 0.01364447993032801 0.09729436414997174
780 0.02179214410811797 -0.01365512816584398 0.09728068592440939
781 0.01530114247967415 0.007983671942061718 0.1229945701324546
782 0.01369042611063052 0.004498454746318463 0.114295740376643
783 0.01366136415532519 -0.004404942918336922 0.1145545990294201
784 0.01300001032708163 1.760148692677572e-05 0.1081344400114578
785 0.01526764622761097 -0.007930142963070144 0.122606782554363
786 0.01300000055703641 4.087920245488891e-06 0.09975577541286222
787 0.03749901974970742 -0.01160898892215289 0.09706749162383875
788 0.03749352846818437 0.01161347997904904 0.09706366715345516
789 0.04151926986925686 0.006498410744343858 0.118
790 0.04151926986925658 -0.006498410744344442 0.118
791 0.01430088782788148 -0.006110182132777552 0.1057182311398045
792 0.01433092466966457 0.006177085041798872 0.1053284569192975
793 0.01762946469272558 -0.01083752727519403 0.1169337001509444
794 0.01763141940022755 0.01083939741618612 0.1169393124725522
795 0.03096232309662089 0.01470457894233039 0.1046810454103386
796 0.03095952631253527 -0.01470514209402314 0.1046785350071101
797 0.0180736014661565 -0.01124573751015511 0.1027093239906371
798 0.01813284706434837 0.01129775610218513 0.1024196292671602
799 0.03013472257409917 -0.01484732162821401 0.1250851431225457
800 0.03013472257409929 0.01484732162821399 0.1250873713127202
801 0.04184386352271346 0.005774724475200822 0.1242568764328211
802 0.04184386352270993 -0.005774724475209327 0.1242568764328296
803 0.04183298243169621 -0.005800741077171441 0.09577656631161417
804 0.04183565600573161 0.005794361301391448 0.0957694311692138
805 0.02187838664207011 -0.004141590057207255 0.13
806 0.03568071133864678 0.002114339412085457 0.13
807 0.02474492615943102 0.007127617490823849 0.13
808 0.02723857617405536 -0.008197171974204347 0.13
809 0.02807376551328064 6.79330622686341e-05 0.13
810 0.03480718020224645 -0.004628165282000344 0.13
811 0.02001489634952792 0.002398367351866529 0.13
812 0.03150527491025365 0.007675481412766553 0.13
813 0.02187838664207011 -0.004141590057207255 0.09
814 0.03568071133864678 0.002114339412085457 0.09
815 0.02474492615943102 0.007127617490823849 0.09
816 0.02723857617405536 -0.008197171974204347 0.09
817 0.02807376551328064 6.79330622686341e-05 0.09
818 0.03480718020224645 -0.004628165282000344 0.09
819 0.02001489634952792 0.002398367351866529 0.09
820 0.03150527491025365 0.007675481412766553 0.09
821 0.04140000000000162 0.006740919818537867 0.154
822 0.04139999999994246 -0.006740919818655473 0.154
823 0.01300000000251105 -2.744655635995024e-07 0.1667073220724697
824 0.02193595890430627 -0.01371959932322142 0.1660811190276022
825 0.0219359791418796 0.01371960826817882 0.1660824373919498
826 0.01538119700753225 -0.008109612261833906 0.1412943641499786
827 0.01538119700753229 0.008109612261833972 0.1412943641499785
828 0.03013472257409929 0.01484732162821399 0.1412943641499786
829 0.03013472257409918 -0.01484732162821401 0.1412943641499785
830 0.03766527064752619 0.01147094343591967 0.1661019805459243
831 0.0376652617364138 -0.01147095094430341 0.1661014131840907
832 0.04139999999999834 0.00674091981854438 0.146
833 0.03683878821704593 0.01211923359186587 0.1519725415914948
834 0.03683571637091805 0.0121214733515646 0.1582222917421635
835 0.03017708783028869 0.01484116870664871 0.155853006836161
836 0.03017593031890742 0.01484133845875295 0.1620263274267006
837 0.0229574304682772 0.01412701286605703 0.1584069592108145
838 0.02288418097839282 0.01410065231605127 0.150016081541804
839 0.01736010120587204 0.01057319978297555 0.1543806666318955
840 0.04140359647763582 -0.006733765771446808 0.1460134948055146
841 0.03684090037085398 -0.01211769287581732 0.1519856289448792
842 0.03683605922888391 -0.01212122342437658 0.1582212391065898
843 0.03017827472948184 -0.01484099454898158 0.1558546055826376
844 0.03017602936104335 -0.01484132393756963 0.1620199040073535
845 0.02295795886014085 -0.01412720146185959 0.1584000741384485
846 0.02288810495714446 -0.01410207534623287 0.150009196215237
847 0.01734992157277514 -0.01056294606130125 0.1544331446413537
848 0.02176877480497171 0.01364447993031778 0.1412943641499786
849 0.02179214410811798 -0.01365512816584398 0.1412806859244094
850 0.01530114247967415 0.00798367194206173 0.1669945701324393
851 0.01369042611062989 0.004498454746316468 0.1582957403766249
852 0.01366136415532603 -0.00440494291833966 0.1585545990294199
853 0.01300001032708161 1.76014869155647e-05 0.1521344400114506
854 0.01526764622761104 -0.007930142963070253 0.1666067825543618
855 0.01300000055703641 4.08792024095252e-06 0.1437557754128431
856 0.0374990197497074 -0.0116089889221529 0.1410674916238387
857 0.03749352846818699 0.01161347997904689 0.141063667153457
858 0.04151926986925687 0.006498410744343845 0.162
859 0.04151926986925658 -0.006498410744344429 0.162
860 0.01430088782788495 -0.006110182132785339 0.1497182311397927
861 0.01433092466965726 0.006177085041782689 0.1493284569193047
862 0.01762946469272559 -0.01083752727519404 0.1609337001509444
863 0.01763141940021777 0.01083939741617677 0.160939312472533
864 0.03096232309662884 0.01470457894232879 0.1486810454103336
865 0.03095952631253527 -0.01470514209402314 0.1486785350071101
866 0.01807360146616126 -0.01124573751015931 0.1467093239906287
867 0.01813284706433773 0.01129775610217584 0.1464196292671696
868 0.03013472257409917 -0.01484732162821401 0.1690851431225456
869 0.03013472257409929 0.01484732162821399 0.1690873713127116
870 0.04184386352271348 0.005774724475200802 0.1682568764328212
871 0.04184386352270993 -0.005774724475209327 0.1682568764328297
872 0.04183298243169622 -0.005800741077171416 0.1397765663116142
873 0.04183565600573191 0.005794361301390731 0.1397694311692129
874 0.02187838664207011 -0.004141590057207255 0.174
875 0.03568071133864678 0.002114339412085457 0.174
876 0.02474492615943102 0.007127617490823849 0.174
877 0.02723857617405536 -0.008197171974204347 0.174
878 0.02807376551328064 6.79330622686341e-05 0.174
879 0.03480718020224645 -0.004628165282000344 0.174
880 0.02001489634952792 0.002398367351866529 0.174
881 0.03150527491025365 0.007675481412766553 0.174
882 0.02187838664207011 -0.004141590057207255 0.134
883 0.03568071133864678 0.002114339412085457 0.134
884 0.02474492615943102 0.007127617490823849 0.134
885 0.02723857617405536 -0.008197171974204347 0.134
886 0.02807376551328064 6.79330622686341e-05 0.134
887 0.03480718020224645 -0.004628165282000344 0.134
888 0.02001489634952792 0.002398367351866529 0.134
889 0.03150527491025365 0.007675481412766553 0.134
890 0.04139999999994246 -0.006740919818655473 0.198
891 0.04140000000000162 0.006740919818537867 0.198
892 0.01300000000111511 1.829021313177439e-07 0.2107068563927371
893 0.02193595890430557 -0.01371959932322111 0.2100811190276021
894 0.0219359791418796 0.01371960826817882 0.2100824373919498
895 0.01538119700753224 -0.008109612261833902 0.1852943641499785
896 0.01538119700753229 0.008109612261833972 0.1852943641499785
897 0.03013472257409929 0.01484732162821399 0.1852943641499785
898 0.03013472257409918 -0.01484732162821401 0.1852943641499785
899 0.03766527064752619 0.01147094343591967 0.2101019805459243
900 0.0376652617364138 -0.01147095094430341 0.2101014131840907
901 0.04139999999999834 0.00674091981854438 0.19
902 0.03683878821704592 0.01211923359186588 0.1959725415914948
903 0.03683571637091804 0.0121214733515646 0.2022222917421634
904 0.03017708783028868 0.01484116870664871 0.199853006836161
905 0.03017593031890742 0.01484133845875295 0.2060263274267007
906 0.02295743046827718 0.01412701286605702 0.2024069592108145
907 0.02288418097839278 0.01410065231605126 0.194016081541804
908 0.01735908676042711 0.01057217884013898 0.1983758939207292
909 0.04140359647763582 -0.006733765771446808 0.1900134948055146
910 0.03684090037085398 -0.01211769287581732 0.1959856289448792
911 0.03683605922888391 -0.01212122342437658 0.2022212391065897
912 0.03017827472948184 -0.01484099454898158 0.1998546055826376
913 0.03017602936104335 -0.01484132393756963 0.2060199040073535
914 0.02295795886014085 -0.01412720146185959 0.2024000741384485
915 0.02288810495714446 -0.01410207534623287 0.194009196215237
916 0.01735134126451514 -0.01056437727152821 0.1984371351672602
917 0.02176877480497171 0.01364447993031778 0.1852943641499785
918 0.02179214410811797 -0.01365512816584398 0.1852806859244094
919 0.01530110968897164 -0.007983619784813782 0.2109898981084714
920 0.01368995485156785 -0.004496955397803448 0.2022916697561221
921 0.01366198705952912 0.00440697003834715 0.2025549529797736
922 0.01300000553109053 -1.288148614700163e-05 0.1961314293205504
923 0.01526751081809598 0.007929925550261936 0.2106086885567543
924 0.01300000029309605 -2.965279308779998e-06 0.1877559397603521
925 0.0374990197497074 -0.0116089889221529 0.1850674916238387
926 0.03749352846818699 0.01161347997904689 0.185063667153457
927 0.04151926986925687 0.006498410744343845 0.206
928 0.04151926986925658 -0.006498410744344429 0.206
929 0.01430542169761374 0.006120337010313351 0.1936932336769521
930 0.01432761660714273 -0.006169759505744174 0.1933427977659385
931 0.01762946469272377 -0.0108375272751923 0.2049337001509488
932 0.01763141940021778 0.01083939741617678 0.2049393124725329
933 0.03096232309662884 0.01470457894232879 0.1926810454103336
934 0.03095952631253527 -0.01470514209402314 0.1926785350071101
935 0.01812408068728915 0.01129009378742377 0.1904327307375686
936 0.01808365168174772 -0.01125460066066741 0.1906916586789918
937 0.03013472257409917 -0.01484732162821401 0.2130851431225456
938 0.03013472257409929 0.01484732162821399 0.2130873713127115
939 0.04184386352271348 0.005774724475200802 0.2122568764328212
940 0.04184386352270993 -0.005774724475209327 0.2122568764328297
941 0.04183298243169622 -0.005800741077171416 0.1837765663116142
942 0.04183565600573191 0.005794361301390731 0.1837694311692128
943 0.02187838664207011 -0.004141590057207255 0.218
944 0.03568071133864678 0.002114339412085457 0.218
945 0.02474492615943102 0.007127617490823849 0.218
946 0.02723857617405536 -0.008197171974204347 0.218
947 0.02807376551328064 6.79330622686341e-05 0.218
948 0.03480718020224645 -0.004628165282000344 0.218
949 0.02001489634952792 0.002398367351866529 0.218
950 0.03150527491025365 0.007675481412766553 0.218
951 0.02187838664207011 -0.004141590057207255 0.178
952 0.03568071133864678 0.002114339412085457 0.178
953 0.02474492615943102 0.007127617490823849 0.178
954 0.02723857617405536 -0.008197171974204347 0.178
955 0.02807376551328064 6.79330622686341e-05 0.178
956 0.03480718020224645 -0.004628165282000344 0.178
957 0.02001489634952792 0.002398367351866529 0.178
958 0.03150527491025365 0.007675481412766553 0.178
959 0.01340000000000162 0.03474091981853786 0.02200000000000001
960 0.01352454346126385 0.02151257183743933 0.02201331276663217
961 -0.015 0.02800000000000003 0.009294364149978526
962 -0.006227518651598703 0.01435382795638314 0.03470888828156632
963 -0.006230883632589581 0.04164463591149017 0.03470835269406239
964 -0.01499999994649194 0.02800126698135396 0.0346844175223972
965 -0.006233616231216893 0.01435661227253622 0.008960321305936544
966 -0.006231225195028287 0.04164447993031778 0.009294364149978555
967 0.00970248033527534 0.03943948754724596 0.01013286135930149
968 0.009907456285607234 0.03926242913179842 0.03406054299340092
969 0.009701682382770808 0.0165598357116764 0.01010847938355536
970 0.009909576070001912 0.01673943597714371 0.03403899342300458
971 0.002144746268811185 0.04284587698461834 0.03466987377591092
972 -0.002134722574086155 0.04284732162821588 0.0274324737785751
973 -0.00981131097240164 0.03934628472244686 0.02741432621966843
974 -0.006214050098970532 0.04165231047725931 0.02014812466282805
975 0.002134772941256437 0.04284731438642286 0.02015906960061142
976 -0.01260043935845574 0.03613811575082829 0.02012986931198832
977 0.006119757390422433 0.04169483732953298 0.02563835883836386
978 -0.01438466947702876 0.03225220931242066 0.02740594192943172
979 -0.0149999398349948 0.02804248466236403 0.02011232734299995
980 -0.0126144593224235 0.03611636716782347 0.03470509139276324
981 -0.0144232703170356 0.02388062221182378 0.02738998710887464
982 -0.01265701370931712 0.01995015503489922 0.02011565635383019
983 -0.01261880299246774 0.01989038773816608 0.03470563585002146
984 -0.009833492884259174 0.01667293428573736 0.0273935954787292
985 -0.002135724928976042 0.01315282252319485 0.02741181022412173
986 0.002166023516162669 0.01315721245427833 0.03465051988346847
987 -0.006281969801049655 0.01437880859033615 0.02040968978158624
988 0.002053287556231676 0.01314119755123502 0.02009418897353576
989 0.006149459808149072 0.01431847435159517 0.02612672755722881
990 0.002028305590581325 0.04286223322489647 0.008722542328921373
991 0.002057088470628977 0.01314172328215666 0.008622172228918538
992 -0.01261880299245124 0.0361096122618596 0.009294364149969571
993 -0.01261970828810187 0.01989179657857471 0.008967315723288311
994 0.01351926986925686 0.03449841074434385 0.01400000000000001
995 0.01351926986925686 0.03449841074434385 0.03000000000000001
996 0.01351926986925658 0.02150158925565557 0.01400000000000001
997 0.009023503281271203 0.01601766347773157 0.01777130083987747
998 0.01351926986925658 0.02150158925565556 0.03000000000000001
999 0.009050451161596291 0.03996199539255723 0.01777231921232266
1000 -0.002118426732455504 0.04284965549025357 0.01476056075306561
1001 -0.00216662062828578 0.01315729960374169 0.01457835911660368
1002 -0.009805110959836575 0.03935164301170948 0.01472857036030024
1003 -0.014382800966998 0.03225852513714799 0.01471989436911833
1004 -0.01440368352389689 0.02381264989003531 0.01471987055343544
1005 -0.009862313174987021 0.01669801880914336 0.0146451388895773
1006 0.01380390434149087 0.03386960176936813 0.008357811409700194
1007 0.01384386352271347 0.03377472447520082 0.03625687643282115
1008 0.01380395101158323 0.02213050798877702 0.00835732612603813
1009 0.01384386352270992 0.02222527552479067 0.03625687643282965
1010 0.0109293422810198 0.01772627247274326 0.02614849136585154
1011 0.01092395409683725 0.03827945654644217 0.02629931551869646
1012 0.004345233996396052 0.04235684302054473 0.01460603722577235
1013 0.004363958317527199 0.01364883740587944 0.01451509012296436
1014 -0.006310332920354871 0.02415206331390065 0.042
1015 0.005113953578879693 0.03410829244635347 0.042
1016 0.005131302378499761 0.02207816137475386 0.042
1017 -0.007772716787714365 0.03071261282813837 0.042
1018 9.243738864051766e-05 0.02803887905708825 0.042
1019 -0.001382122368074063 0.03611463825090429 0.042
1020 -0.001135500256910851 0.01974017642864953 0.042
1021 0.00843800729521956 0.02799999999999999 0.042
1022 -0.006310332920354871 0.02415206331390065 0.002
1023 0.005113953578879693 0.03410829244635347 0.002
1024 0.005131302378499761 0.02207816137475386 0.002
1025 -0.007772716787714365 0.03071261282813837 0.002
1026 9.243738864051766e-05 0.02803887905708825 0.002
1027 -0.001382122368074063 0.03611463825090429 0.002
1028 -0.001135500256910851 0.01974017642864953 0.002
1029 0.00843800729521956 0.02799999999999999 0.002
1030 0.01340000000000162 0.03474091981853786 0.066
1031 0.01339999999994246 0.02125908018134454 0.066
1032 -0.01499999999888489 0.02799981709786934 0.05329314360725484
1033 -0.006064020858141225 0.01428039173183038 0.05391756260823535
1034 -0.006064041095672166 0.04171959932323095 0.05391888097220841
1035 -0.01261880299246776 0.0198903877381661 0.07870563585002147
1036 -0.01261880299246771 0.03610961226183397 0.07870563585002147
1037 0.002134722574099292 0.04284732162821399 0.07870563585002144
1038 0.002134722574099183 0.013152678371786 0.07870563585002145
1039 0.009665261736430309 0.0394709509442895 0.0538985868159938
1040 0.009665270647509935 0.01652905656406663 0.05389801945399149
1041 0.01340359647763582 0.03473376577144682 0.07398650519448556
1042 0.008840900370957392 0.04011769287574188 0.06801437105543534
1043 0.008836059229049549 0.04012122342425584 0.06177876089330103
1044 0.002178274729683941 0.04284099454895191 0.06414539441735781
1045 0.00217602936121172 0.04284132393754495 0.05798009599511558
1046 -0.005042041139640616 0.04212720146193759 0.06159992586124396
1047 -0.005111895042736144 0.04210207534627615 0.06999080378445231
1048 -0.01064865873531974 0.03856437727169466 0.0655628648327206
1049 0.0133999999999963 0.02125908018145155 0.07400000000000001
1050 0.008838788216941829 0.01588076640805821 0.06802745840818486
1051 0.008835716370754421 0.01587852664831613 0.06177770825794171
1052 0.002177087830087914 0.01315883129332184 0.06414699316384267
1053 0.002175930318741471 0.01315866154122272 0.05797367257086816
1054 -0.005042569531938928 0.01387298713402012 0.06159304078948063
1055 -0.005115819021728707 0.01389934768399282 0.06998391845849425
1056 -0.01064091323973871 0.01742782116002792 0.06562410607932481
1057 -0.006207855891818193 0.041655128165873 0.07871931407556543
1058 -0.00620785589188203 0.01434487183415602 0.0787193140755906
1059 -0.01269889031100399 0.03598361978485255 0.05301010189132283
1060 -0.0143100451484045 0.03249695539789142 0.06170833024363408
1061 -0.01433801294049918 0.02359302996174492 0.06144504702035635
1062 -0.01499999446890929 0.02801288148634775 0.06786857067940219
1063 -0.01273248918190451 0.02007007444973886 0.05339131144343963
1064 -0.01499999970690393 0.0280029652794137 0.07624406023963709
1065 0.009499019749707833 0.03960898892215255 0.07893250837616164
1066 0.009493528468185158 0.0163865200209516 0.07893633284654361
1067 0.01351926986925686 0.03449841074434385 0.05800000000000001
1068 0.01351926986925658 0.02150158925565557 0.05800000000000001
1069 -0.01369457830253874 0.02187966299002783 0.07030676632267378
1070 -0.01367238339271195 0.03416975950606621 0.07065720223424378
1071 -0.01037053530707697 0.03883752727538298 0.05906629984873977
1072 -0.01036858059997253 0.01716060258400527 0.05906068752777708
1073 0.002962323096605603 0.01329542105766653 0.07131895459004065
1074 0.002959526312546428 0.0427051420940209 0.07132146499250569
1075 -0.009875919312984547 0.01670990621281564 0.07356726926222867
1076 -0.009916348317985782 0.03925460066090221 0.073308341321253
1077 0.002134722574099288 0.04284732162821399 0.05091485687733376
1078 0.002134722574099169 0.01315267837178599 0.05091262868740431
1079 0.01384386352271347 0.03377472447520082 0.05174312356717885
1080 0.01384386352270991 0.02222527552479065 0.05174312356717034
1081 0.01383298243169971 0.03380074107716308 0.08022343368837642
1082 0.01383565600572833 0.02220563869860071 0.08023056883079627
1083 -0.006310332920354871 0.02415206331390065 0.08599999999999999
1084 0.005113953578879693 0.03410829244635347 0.08599999999999999
1085 0.005131302378499761 0.02207816137475386 0.08599999999999999
1086 -0.007772716787714365 0.03071261282813837 0.08599999999999999
1087 9.243738864051766e-05 0.02803887905708825 0.08599999999999999
1088 -0.001382122368074063 0.03611463825090429 0.08599999999999999
1089 -0.001135500256910851 0.01974017642864953 0.08599999999999999
1090 0.00843800729521956 0.02799999999999999 0.08599999999999999
1091 -0.006310332920354871 0.02415206331390065 0.046
1092 0.005113953578879693 0.03410829244635347 0.046
1093 0.005131302378499761 0.02207816137475386 0.046
1094 -0.007772716787714365 0.03071261282813837 0.046
1095 9.243738864051766e-05 0.02803887905708825 0.046
1096 -0.001382122368074063 0.03611463825090429 0.046
1097 -0.001135500256910851 0.01974017642864953 0.046
1098 0.00843800729521956 0.02799999999999999 0.046
1099 0.01340000000000162 0.03474091981853786 0.11
1100 0.01339999999994246 0.02125908018134454 0.11
1101 -0.01499999999748895 0.02799972553443715 0.1227073220724659
1102 -0.00606404109569372 0.01428040067677858 0.1220811190276022
1103 -0.006064020858122316 0.04171960826817798 0.1220824373919231
1104 -0.01261880299246776 0.0198903877381661 0.09729436414997854
1105 -0.01261880299246771 0.03610961226183397 0.09729436414997854
1106 0.002134722574099288 0.04284732162821399 0.09729436414997854
1107 0.002134722574099183 0.013152678371786 0.09729436414997855
1108 0.009665270647524598 0.03947094343592102 0.1221019805459261
1109 0.009665261736413794 0.01652904905569658 0.1221014131840907
1110 0.01340000000001196 0.03474091981851732 0.102
1111 0.0088387882170478 0.04011923359186451 0.107972541591559
1112 0.008835716370905295 0.0401214733515739 0.1142222917421372
1113 0.002177087830279856 0.04284116870665 0.1118530068361687
1114 0.002175930318893968 0.04284133845875493 0.1180263274268565
1115 -0.005042569531738067 0.04212701286605158 0.1144069592107346
1116 -0.005115819021592127 0.04210065231605674 0.1060160815417239
1117 -0.0106398987941423 0.03857319978296113 0.1103806666319185
1118 0.01340359647763583 0.02126623422855321 0.1020134948055146
1119 0.008840900370853994 0.01588230712418268 0.1079856289448792
1120 0.00883605922888391 0.01587877657562342 0.1142212391065897
1121 0.002178274729481839 0.01315900545101843 0.1118546055826376
1122 0.002176029361043353 0.01315867606243037 0.1180199040073535
1123 -0.005042041139859144 0.01387279853814041 0.1144000741384485
1124 -0.00511189504285555 0.01389792465376713 0.106009196215237
1125 -0.01065007842722205 0.01743705393869591 0.1104331446413585
1126 -0.006231225195005886 0.04164447993032801 0.09729436414997172
1127 -0.00620785589188203 0.01434487183415602 0.0972806859244094
1128 -0.01269885752032579 0.03598367194206181 0.1229945701323865
1129 -0.01430957388937225 0.03249845474630964 0.1142957403765627
1130 -0.01433863584467106 0.02359505708165087 0.1145545990294195
1131 -0.01499998967291843 0.02801760148687686 0.1081344400114259
1132 -0.01273235377238873 0.02006985703692938 0.1226067825543578
1133 -0.01499999944296359 0.02800408792023367 0.09975577541286505
1134 0.009499019749707415 0.01639101107784711 0.09706749162383875
1135 0.00949352846819607 0.03961347997903948 0.09706366715346332
1136 0.01351926986925686 0.03449841074434386 0.118
1137 0.01351926986925657 0.02150158925565555 0.118
1138 -0.01369911217210241 0.02188981786718631 0.1057182311397583
1139 -0.01366907533036737 0.03417708504172819 0.1053284569193342
1140 -0.01037053530727441 0.01716247272480596 0.1169337001509444
1141 -0.01036858059981595 0.03883939741614451 0.1169393124724665
1142 0.002962323096656316 0.04270457894232325 0.1046810454103164
1143 0.002959526312535309 0.01329485790597686 0.1046785350071101
1144 -0.009926398533822368 0.01675426248982624 0.1027093239905998
1145 -0.009867152935699033 0.03929775610214373 0.1024196292672018
1146 0.002134722574099169 0.01315267837178599 0.1250851431225457
1147 0.002134722574099288 0.04284732162821399 0.1250873713126815
1148 0.01384386352271347 0.03377472447520082 0.1242568764328211
1149 0.01384386352270992 0.02222527552479066 0.1242568764328296
1150 0.0138329824316962 0.02219925892282855 0.09577656631161419
1151 0.01383565600573295 0.03379436130138826 0.09576943116920954
1152 -0.006310332920354871 0.02415206331390065 0.13
1153 0.005113953578879693 0.03410829244635347 0.13
1154 0.005131302378499761 0.02207816137475386 0.13
1155 -0.007772716787714365 0.03071261282813837 0.13
1156 9.243738864051766e-05 0.02803887905708825 0.13
1157 -0.001382122368074063 0.03611463825090429 0.13
1158 -0.001135500256910851 0.01974017642864953 0.13
1159 0.00843800729521956 0.02799999999999999 0.13
1160 -0.006310332920354871 0.02415206331390065 0.09
1161 0.005113953578879693 0.03410829244635347 0.09
1162 0.005131302378499761 0.02207816137475386 0.09
1163 -0.007772716787714365 0.03071261282813837 0.09
1164 9.243738864051766e-05 0.02803887905708825 0.09
1165 -0.001382122368074063 0.03611463825090429 0.09
1166 -0.001135500256910851 0.01974017642864953 0.09
1167 0.00843800729521956 0.02799999999999999 0.09
1168 0.01340000000000162 0.03474091981853786 0.154
1169 0.01339999999994246 0.02125908018134454 0.154
1170 -0.01499999999748895 0.02799972553443782 0.1667073220724662
1171 -0.00606404109569372 0.01428040067677858 0.1660811190276022
1172 -0.006064020858121692 0.04171960826817825 0.1660824373919259
1173 -0.01261880299246776 0.0198903877381661 0.1412943641499785
1174 -0.01261880299246771 0.03610961226183397 0.1412943641499785
1175 0.002134722574099288 0.04284732162821399 0.1412943641499786
1176 0.002134722574099183 0.013152678371786 0.1412943641499786
1177 0.009665270647524815 0.03947094343592084 0.1661019805459259
1178 0.009665261736413794 0.01652904905569658 0.1661014131840907
1179 0.0134000000000101 0.03474091981852101 0.146
1180 0.008838788217047543 0.04011923359186469 0.1519725415915503
1181 0.008835716370907024 0.04012147335157264 0.1582222917421408
1182 0.002177087830281049 0.04284116870664983 0.1558530068361677
1183 0.002175930318895793 0.04284133845875466 0.1620263274268355
1184 -0.005042569531736003 0.04212701286605232 0.1584069592107455
1185 -0.005115819021594181 0.04210065231605599 0.1500160815417348
1186 -0.01063989879413861 0.03857319978296483 0.1543806666318975
1187 0.01340359647763583 0.02126623422855321 0.1460134948055146
1188 0.008840900370854015 0.0158823071241827 0.1519856289448792
1189 0.008836059228883919 0.01587877657562343 0.1582212391065897
1190 0.002178274729481853 0.01315900545101843 0.1558546055826376
1191 0.002176029361043379 0.01315867606243038 0.1620199040073533
1192 -0.005042041139859131 0.0138727985381404 0.1584000741384484
1193 -0.005111895042855538 0.01389792465376713 0.150009196215237
1194 -0.01065007842722296 0.01743705393869683 0.1544331446413567
1195 -0.00623122519502829 0.04164447993031778 0.1412943641499785
1196 -0.00620785589188203 0.01434487183415602 0.1412806859244094
1197 -0.01269885752031504 0.03598367194207891 0.1669945701323996
1198 -0.01430957388937048 0.03249845474631529 0.1582957403765706
1199 -0.01433863584467274 0.02359505708165635 0.158554599029418
1200 -0.01499998967291842 0.02801760148689189 0.1521344400114303
1201 -0.012732353772389 0.02006985703692981 0.1666067825543593
1202 -0.01499999944296359 0.02800408792023529 0.1437557754128432
1203 0.009499019749707405 0.0163910110778471 0.1410674916238387
1204 0.009493528468194833 0.03961347997904049 0.1410636671534625
1205 0.01351926986925687 0.03449841074434384 0.162
1206 0.01351926986925657 0.02150158925565555 0.162
1207 -0.01369911217210673 0.02188981786719601 0.1497182311397661
1208 -0.01366907533036203 0.03417708504174001 0.149328456919325
1209 -0.01037053530727441 0.01716247272480596 0.1609337001509444
1210 -0.01036858059980583 0.03883939741615419 0.1609393124724622
1211 0.002962323096652578 0.04270457894232401 0.1486810454103187
1212 0.002959526312535323 0.01329485790597687 0.1486785350071101
1213 -0.009926398533827811 0.01675426248983105 0.1467093239906094
1214 -0.009867152935691216 0.03929775610215056 0.1464196292671932
1215 0.002134722574099169 0.01315267837178599 0.1690851431225456
1216 0.002134722574099288 0.04284732162821399 0.1690873713126856
1217 0.01384386352271348 0.03377472447520081 0.1682568764328212
1218 0.01384386352270992 0.02222527552479066 0.1682568764328297
1219 0.0138329824316962 0.02219925892282855 0.1397765663116142
1220 0.01383565600573281 0.03379436130138859 0.13976943116921
1221 -0.006310332920354871 0.02415206331390065 0.174
1222 0.005113953578879693 0.03410829244635347 0.174
1223 0.005131302378499761 0.02207816137475386 0.174
1224 -0.007772716787714365 0.03071261282813837 0.174
1225 9.243738864051766e-05 0.02803887905708825 0.174
1226 -0.001382122368074063 0.03611463825090429 0.174
1227 -0.001135500256910851 0.01974017642864953 0.174
1228 0.00843800729521956 0.02799999999999999 0.174
1229 -0.006310332920354871 0.02415206331390065 0.134
1230 0.005113953578879693 0.03410829244635347 0.134
1231 0.005131302378499761 0.02207816137475386 0.134
1232 -0.007772716787714365 0.03071261282813837 0.134
1233 9.243738864051766e-05 0.02803887905708825 0.134
1234 -0.001382122368074063 0.03611463825090429 0.134
1235 -0.001135500256910851 0.01974017642864953 0.134
1236 0.00843800729521956 0.02799999999999999 0.134
1237 0.01340000000000162 0.03474091981853786 0.198
1238 0.01339999999994246 0.02125908018134454 0.198
1239 -0.01499999999748895 0.02799972553443782 0.2107073220724662
1240 -0.006064041095693732 0.01428040067677858 0.2100811190276022
1241 -0.006064020858121692 0.04171960826817825 0.2100824373919259
1242 -0.01261880299246776 0.0198903877381661 0.1852943641499785
1243 -0.01261880299246771 0.03610961226183397 0.1852943641499785
1244 0.002134722574099288 0.04284732162821399 0.1852943641499785
1245 0.002134722574099183 0.013152678371786 0.1852943641499785
1246 0.009665270647524815 0.03947094343592084 0.2101019805459259
1247 0.009665261736413794 0.01652904905569658 0.2101014131840907
1248 0.0134000000000101 0.03474091981852101 0.19
1249 0.008838788217047538 0.04011923359186469 0.1959725415915502
1250 0.008835716370907026 0.04012147335157264 0.2022222917421408
1251 0.002177087830281046 0.04284116870664983 0.1998530068361677
1252 0.0021759303188958 0.04284133845875465 0.2060263274268354
1253 -0.005042569531736003 0.04212701286605232 0.2024069592107455
1254 -0.005115819021594193 0.04210065231605599 0.1940160815417348
1255 -0.0106398987941386 0.03857319978296486 0.1983806666318975
1256 0.01340359647763583 0.02126623422855321 0.1900134948055146
1257 0.008840900370853994 0.01588230712418268 0.1959856289448792
1258 0.00883605922888391 0.01587877657562342 0.2022212391065897
1259 0.002178274729481839 0.01315900545101843 0.1998546055826376
1260 0.002176029361043353 0.01315867606243037 0.2060199040073536
1261 -0.005042041139859157 0.01387279853814041 0.2024000741384484
1262 -0.005111895042855525 0.01389792465376712 0.1940091962152369
1263 -0.01065007842722297 0.01743705393869685 0.1984331446413567
1264 -0.00623122519502829 0.04164447993031778 0.1852943641499785
1265 -0.006207855891882042 0.01434487183415603 0.1852806859244094
1266 -0.01269885752031504 0.03598367194207892 0.2109945701323996
1267 -0.01430957388937048 0.0324984547463153 0.2022957403765707
1268 -0.01433863584467274 0.02359505708165635 0.202554599029418
1269 -0.01499998967291842 0.02801760148689193 0.1961344400114302
1270 -0.01273235377238898 0.0200698570369298 0.2106067825543592
1271 -0.01499999944296359 0.0280040879202353 0.1877557754128432
1272 0.009499019749707405 0.0163910110778471 0.1850674916238387
1273 0.009493528468194833 0.03961347997904049 0.1850636671534625
1274 0.01351926986925687 0.03449841074434384 0.206
1275 0.01351926986925657 0.02150158925565555 0.206
1276 -0.01369911217210675 0.02188981786719606 0.1937182311397661
1277 -0.01366907533036201 0.03417708504174006 0.193328456919325
1278 -0.01037053530727444 0.01716247272480599 0.2049337001509443
1279 -0.01036858059980582 0.03883939741615421 0.2049393124724622
1280 0.002962323096652558 0.04270457894232402 0.1926810454103187
1281 0.002959526312535309 0.01329485790597686 0.1926785350071102
1282 -0.009926398533827841 0.01675426248983107 0.1907093239906095
1283 -0.009867152935691206 0.03929775610215057 0.1904196292671931
1284 0.002134722574099169 0.01315267837178599 0.2130851431225456
1285 0.002134722574099288 0.04284732162821399 0.2130873713126856
1286 0.01384386352271348 0.03377472447520081 0.2122568764328212
1287 0.01384386352270992 0.02222527552479066 0.2122568764328297
1288 0.0138329824316962 0.02219925892282855 0.1837765663116142
1289 0.01383565600573281 0.03379436130138859 0.18376943116921
1290 -0.006310332920354871 0.02415206331390065 0.218
1291 0.005113953578879693 0.03410829244635347 0.218
1292 0.005131302378499761 0.02207816137475386 0.218
1293 -0.007772716787714365 0.03071261282813837 0.218
1294 9.243738864051766e-05 0.02803887905708825 0.218
1295 -0.001382122368074063 0.03611463825090429 0.218
1296 -0.001135500256910851 0.01974017642864953 0.218
1297 0.00843800729521956 0.02799999999999999 0.218
1298 -0.006310332920354871 0.02415206331390065 0.178
1299 0.005113953578879693 0.03410829244635347 0.178
1300 0.005131302378499761 0.02207816137475386 0.178
1301 -0.007772716787714365 0.03071261282813837 0.178
1302 9.243738864051766e-05 0.02803887905708825 0.178
1303 -0.001382122368074063 0.03611463825090429 0.178
1304 -0.001135500256910851 0.01974017642864953 0.178
1305 0.00843800729521956 0.02799999999999999 0.178
1306 -0.01459999999999838 0.006740919818537872 0.02200000000000001
1307 -0.01447523646869467 -0.006486969355737174 0.02201321552336575
1308 -0.04299889978124023 0.0001816737524019147 0.007694214189442747
1309 -0.03423089013962995 -0.01364463294001939 0.0347083435719354
1310 -0.0340461966231158 0.01372747268781196 0.009864223306965469
1311 -0.04070158971767081 0.00797932444784389 0.03486594375770682
1312 -0.03423122519502838 -0.01364447993031773 0.009294364149978536
1313 -0.02586527742590071 0.01484732162821399 0.03470563585002145
1314 -0.01833473826356969 0.0114709509442895 0.009898586815993793
1315 -0.01829615980989363 -0.0114383340380003 0.01013231710304598
1316 -0.01809098594843897 -0.01126105858815973 0.03403833643382232
1317 -0.01459640352236418 0.006733765771446821 0.02998650519448556
1318 -0.01915909962904261 0.01211769287574188 0.02401437105543534
1319 -0.01916394077095045 0.01212122342425584 0.01777876089330103
1320 -0.02582172527031606 0.01484099454895192 0.02014539441735781
1321 -0.02582399071459295 0.01484132688103804 0.01397965692865473
1322 -0.03304204113964063 0.01412720146193759 0.01759992586124395
1323 -0.03311189504273616 0.01410207534627615 0.02599080378445231
1324 -0.03913129214724169 0.01005456787399417 0.0217328049843595
1325 -0.02585487982656823 -0.01484582296275744 0.03466760722861777
1326 -0.03013472257409939 -0.01484732162821397 0.0274324737785723
1327 -0.03781227234257917 -0.01134545333933624 0.02741340896697184
1328 -0.03421404185469253 -0.01365231422976081 0.02014250018750456
1329 -0.025862481464215 -0.01484691936090364 0.02015759741956977
1330 -0.0406046828912363 -0.008131541625754293 0.02012568873494146
1331 -0.04238754582241529 -0.004242466877643257 0.027404375838653
1332 -0.04299855937910541 0.0002078859096934896 0.02097523543891206
1333 -0.02184688756798938 -0.01367988331087061 0.02614753804666516
1334 -0.04239053103898436 0.004232329903968709 0.02803754880413859
1335 -0.04299980047239459 -7.736787673833535e-05 0.03495157982916593
1336 -0.0406112720708172 -0.008121318658680132 0.03474358295447542
1337 -0.04172164255069594 0.006059416284670563 0.01444156946955749
1338 -0.02594503687836304 -0.01485857081178106 0.008675660972317477
1339 -0.03423122519500588 0.01364447993032801 0.03470563585002826
1340 -0.04062480146377243 -0.008100270859689172 0.008790826345992417
1341 -0.01850098025029217 0.01160898892215255 0.03493250837616162
1342 -0.01448073013074314 0.006498410744343857 0.01400000000000001
1343 -0.01448073013074342 -0.006498410744344438 0.01400000000000001
1344 -0.01448073013074342 -0.006498410744344438 0.03000000000000001
1345 -0.01894815130263056 -0.01196093788797229 0.01777237210451097
1346 -0.04059681414431469 0.008143726015380999 0.008300579588214953
1347 -0.03853532808092182 0.01067739960043363 0.02860569221208226
1348 -0.03010309528565445 -0.01485183457420187 0.01466717390920209
1349 -0.03779780993561707 -0.01135794525719874 0.01475997401574263
1350 -0.04246789533917254 -0.003959798537141699 0.0143899004959599
1351 -0.02504047368745357 0.0147051420940209 0.0273214649925057
1352 -0.02586527742590071 0.01484732162821399 0.006914856877333758
1353 -0.01415613647728653 0.005774724475200828 0.00774312356717885
1354 -0.01419608190172001 -0.005869569416573758 0.008357800581251257
1355 -0.01415613647729008 -0.005774724475209323 0.03625687643282965
1356 -0.01416701756830028 0.005800741077163074 0.03622343368837641
1357 -0.03802575451794247 0.01115725084176009 0.0146583915826029
1358 -0.01707098792899197 -0.01027407879820671 0.02614850693716377
1359 -0.02344982238010594 -0.01429321110273738 0.01468520515493623
1360 -0.03091071622989058 -0.006793721317142403 0.042
1361 -0.02268167263983535 0.005931201556787574 0.042
1362 -0.03459182331475484 0.004236307612781343 0.042
1363 -0.02420882472659981 -0.007307556682213017 0.042
1364 -0.02797467188766874 9.702957602961655e-05 0.042
1365 -0.01977126054486142 -0.000213220924899309 0.042
1366 -0.02920085364356797 0.008352120547556062 0.042
1367 -0.03601415194165473 -0.002299437957274197 0.042
1368 -0.03091071622989058 -0.006793721317142403 0.002
1369 -0.02268167263983535 0.005931201556787574 0.002
1370 -0.03459182331475484 0.004236307612781343 0.002
1371 -0.02420882472659981 -0.007307556682213017 0.002
1372 -0.02797467188766874 9.702957602961655e-05 0.002
1373 -0.01977126054486142 -0.000213220924899309 0.002
1374 -0.02920085364356797 0.008352120547556062 0.002
1375 -0.03601415194165473 -0.002299437957274197 0.002
1376 -0.01459999999999838 0.006740919818537869 0.066
1377 -0.01447638236217456 -0.006489357902435068 0.06598155129898448
1378 -0.043 3.857267197508831e-17 0.05329436414997853
1379 -0.03423122519502838 -0.01364447993031773 0.07870563585002145
1380 -0.03423122519502829 0.01364447993031778 0.07870563585002144
1381 -0.043 3.857267197508831e-17 0.07870563585002149
1382 -0.03422615818381688 -0.01364679281992989 0.05327857599981564
1383 -0.03423088363259118 0.01364463591148945 0.05329164730593613
1384 -0.01809098594843776 0.01126105858815867 0.05396166356618315
1385 -0.01829630372668161 0.01143845612987989 0.07786883734484494
1386 -0.01809345214179446 -0.0112632282021223 0.05394712270949562
1387 -0.01829979390427455 -0.01144141607059417 0.07788316355479463
1388 -0.02585487911040813 0.01484582285927717 0.05333239184826566
1389 -0.03013472257409927 0.01484732162821399 0.06056752622142744
1390 -0.03781131097241057 0.01134628472243915 0.06058567378032581
1391 -0.03421405009899058 0.01365231047725019 0.06785187533716916
1392 -0.02586522705876537 0.014847314386426 0.0678409303993962
1393 -0.0406004393584677 0.008138115750809784 0.06787013068799765
1394 -0.02184692527265236 0.01367990027009246 0.0618526045632086
1395 -0.04238332176356946 0.004256765796426819 0.06059157797184475
1396 -0.04299993983499487 4.248466234194713e-05 0.06788767265697457
1397 -0.04061463853983886 0.008116088621325681 0.05328308799561943
1398 -0.04241939335810396 -0.004132928161033934 0.060575832391382
1399 -0.04064368997561952 -0.008070756086044137 0.06778506532279203
1400 -0.04062348036516078 -0.008102329508875836 0.05324325772450438
1401 -0.03782504946127654 -0.01133439028282816 0.06052684251937764
1402 -0.03014686701808149 -0.01484557045069922 0.06054865984929737
1403 -0.025828593394051 -0.01484200098880339 0.05336333781458009
1404 -0.02190564020408787 -0.01370615842159902 0.06230345365417822
1405 -0.02589461548285744 -0.01485151022741379 0.067788395894578
1406 -0.03418365628519248 -0.01366610386857203 0.0678231629585372
1407 -0.02594499345549544 0.01485856480626724 0.07932245138438798
1408 -0.02597068909319118 -0.01486209599092627 0.07922950451610918
1409 -0.04061880299245117 0.008109612261859708 0.0787056358500085
1410 -0.04061880299249308 -0.008109612261794498 0.07870563585000287
1411 -0.01448073013074314 0.006498410744343855 0.05800000000000001
1412 -0.01448073013074314 0.006498410744343853 0.07400000000000001
1413 -0.01448073013074342 -0.006498410744344438 0.05800000000000001
1414 -0.01448073013074342 -0.006498410744344438 0.07400000000000001
1415 -0.01896956431534345 -0.01197711281341549 0.07022843745716706
1416 -0.0189495488384122 0.01196199539256365 0.07022768078767769
1417 -0.03015109745299911 -0.01484495805813208 0.07327999670655869
1418 -0.03783609011869959 -0.01132481042564599 0.07324843838913167
1419 -0.0301030961107333 0.01485183445736649 0.07333317431748201
1420 -0.04239291183909114 -0.004224226413457269 0.07326721144073525
1421 -0.03779549408415491 0.01135994258996436 0.07326150223032692
1422 -0.04238134690640762 0.004263433024870944 0.07328932888914551
1423 -0.01415613647728653 0.005774724475200816 0.08025687643282117
1424 -0.01415613647728653 0.005774724475200826 0.05174312356717885
1425 -0.0141960810786338 -0.005869567480858196 0.07964250765557149
1426 -0.01415613647729008 -0.005774724475209336 0.05174312356717035
1427 -0.01708926335382647 -0.01029348463047602 0.06169597886123233
1428 -0.01707098792898029 0.0102740787981943 0.06185149306290663
1429 -0.02353885044107571 -0.01432124801171007 0.07321788156617191
1430 -0.02345254713879174 0.01429407823103991 0.07331334529295583
1431 -0.03091071622989058 -0.006793721317142403 0.08599999999999999
1432 -0.02268167263983535 0.005931201556787574 0.08599999999999999
1433 -0.03459182331475484 0.004236307612781343 0.08599999999999999
1434 -0.02420882472659981 -0.007307556682213017 0.08599999999999999
1435 -0.02797467188766874 9.702957602961655e-05 0.08599999999999999
1436 -0.01977126054486142 -0.000213220924899309 0.08599999999999999
1437 -0.02920085364356797 0.008352120547556062 0.08599999999999999
1438 -0.03601415194165473 -0.002299437957274197 0.08599999999999999
1439 -0.03091071622989058 -0.006793721317142403 0.046
1440 -0.02268167263983535 0.005931201556787574 0.046
1441 -0.03459182331475484 0.004236307612781343 0.046
1442 -0.02420882472659981 -0.007307556682213017 0.046
1443 -0.02797467188766874 9.702957602961655e-05 0.046
1444 -0.01977126054486142 -0.000213220924899309 0.046
1445 -0.02920085364356797 0.008352120547556062 0.046
1446 -0.03601415194165473 -0.002299437957274197 0.046
1447 -0.01459999999999838 0.006740919818537869 0.11
1448 -0.01460000000005754 -0.00674091981865547 0.11
1449 -0.04299999995231325 1.196078043198644e-06 0.12268470591211
1450 -0.03406404109569372 -0.01371959932322142 0.1220811190276022
1451 -0.03425076068152517 0.01363554145981373 0.09634512621123198
1452 -0.04060260791004143 -0.008134757148542369 0.09751037494633297
1453 -0.03423088404817282 0.01364463572171223 0.1227083509782447
1454 -0.02586527742590082 -0.014847321628214 0.09729436414997854
1455 -0.01829748749690008 0.01143946026380571 0.09813312047346212
1456 -0.01809254371439277 0.01126242913179842 0.1220605429934009
1457 -0.0183347382635862 -0.01147095094430341 0.1221014131840907
1458 -0.01459640352236418 -0.006733765771446805 0.1020134948055146
1459 -0.01915909962914602 -0.01211769287581732 0.1079856289448792
1460 -0.01916394077111609 -0.01212122342437658 0.1142212391065897
1461 -0.02582172527051815 -0.01484099454898157 0.1118546055826376
1462 -0.02582397063895664 -0.01484132393756962 0.1180199040073534
1463 -0.03304204113985915 -0.01412720146185959 0.1144000741384485
1464 -0.03311189504285554 -0.01410207534623287 0.106009196215237
1465 -0.03865188188843061 -0.01056112741306173 0.1104247991234347
1466 -0.02585525377689261 0.01484587699122105 0.1226698736022748
1467 -0.03013472257408616 0.01484732162821588 0.1154324737785751
1468 -0.03781149899038641 0.01134612213761365 0.1154141066881552
1469 -0.03439093660972323 0.01357040637750025 0.1092550679942851
1470 -0.04060139262744557 0.00813663959192985 0.1081289302100642
1471 -0.02586461022048719 0.01484722568325653 0.1081587390256638
1472 -0.02188023072971267 0.01369483202081891 0.1136384041029259
1473 -0.04238519789799473 0.004250421324472182 0.1154070137653332
1474 -0.04298579481964659 0.0006526512265011518 0.1087709551233487
1475 -0.0424501225759842 0.004024171658743184 0.1021388776490508
1476 -0.0406144630158114 0.008116361427556472 0.1227056217176845
1477 -0.04236718422731011 -0.004310918391541601 0.1146092868051169
1478 -0.04073282585639162 -0.007929384951609105 0.1226589286638403
1479 -0.02597886975002354 0.01486321070672922 0.09662739649469923
1480 -0.03420785589188204 -0.01365512816584397 0.0972806859244094
1481 -0.0185009802502926 -0.01160898892215289 0.09706749162383874
1482 -0.01448073013074314 0.006498410744343852 0.102
1483 -0.01448073013074314 0.006498410744343853 0.118
1484 -0.01448073013074343 -0.00649841074434445 0.118
1485 -0.01894923487220699 0.01196175783911069 0.1057723310942694
1486 -0.04187553421721422 -0.005698205874388634 0.1052543769331314
1487 -0.04295649210625436 -0.001141640869779553 0.09662615724086251
1488 -0.03880840539611961 0.01040088326985418 0.1016066149275801
1489 -0.03037884592903409 0.01481016853536509 0.1025641744694984
1490 -0.04067931181512018 0.008014677279526226 0.09585130281637418
1491 -0.03837053530727442 -0.01083752727519403 0.1169337001509444
1492 -0.02504047368746472 -0.01470514209402314 0.1046785350071102
1493 -0.03792959291344072 -0.01124291708469594 0.1027149284036769
1494 -0.02586527742590083 -0.014847321628214 0.1250851431225456
1495 -0.01415613647728653 0.005774724475200823 0.1242568764328211
1496 -0.01419609593867812 0.005869602428258775 0.09635781657229821
1497 -0.01415613647729009 -0.005774724475209348 0.1242568764328296
1498 -0.01416701756830379 -0.005800741077171425 0.09577656631161417
1499 -0.01707604590316276 0.01027945654644218 0.1142993155186965
1500 -0.02366417213864237 0.01435968651317552 0.1025875215982029
1501 -0.03091071622989058 -0.006793721317142403 0.13
1502 -0.02268167263983535 0.005931201556787574 0.13
1503 -0.03459182331475484 0.004236307612781343 0.13
1504 -0.02420882472659981 -0.007307556682213017 0.13
1505 -0.02797467188766874 9.702957602961655e-05 0.13
1506 -0.01977126054486142 -0.000213220924899309 0.13
1507 -0.02920085364356797 0.008352120547556062 0.13
1508 -0.03601415194165473 -0.002299437957274197 0.13
1509 -0.03091071622989058 -0.006793721317142403 0.09
1510 -0.02268167263983535 0.005931201556787574 0.09
1511 -0.03459182331475484 0.004236307612781343 0.09
1512 -0.02420882472659981 -0.007307556682213017 0.09
1513 -0.02797467188766874 9.702957602961655e-05 0.09
1514 -0.01977126054486142 -0.000213220924899309 0.09
1515 -0.02920085364356797 0.008352120547556062 0.09
1516 -0.03601415194165473 -0.002299437957274197 0.09
1517 -0.01460000000005754 -0.00674091981865547 0.154
1518 -0.01459999999999838 0.006740919818537869 0.154
1519 -0.04299889978124002 -0.0001816737524187228 0.16830578581051
1520 -0.03404619662313123 -0.01372747268780515 0.1661357766928485
1521 -0.03423089013961489 0.01364463294002627 0.1412916564280693
1522 -0.04070022444414843 -0.007981497294884886 0.1411326900500227
1523 -0.03423122519502829 0.01364447993031778 0.1667056358500214
1524 -0.02586527742590082 -0.014847321628214 0.1412943641499785
1525 -0.0180909859484374 0.01126105858815835 0.1419616635661821
1526 -0.01829615980988793 0.01143833403799547 0.1658676828968811
1527 -0.0183347382635862 -0.01147095094430341 0.1661014131840907
1528 -0.01459640352236418 -0.006733765771446805 0.1460134948055146
1529 -0.01915909962914601 -0.01211769287581731 0.1519856289448792
1530 -0.01916394077111609 -0.01212122342437658 0.1582212391065897
1531 -0.02582172527051815 -0.01484099454898157 0.1558546055826376
1532 -0.02582399071476126 -0.01484132688106271 0.1620203430738137
1533 -0.03304204113985912 -0.0141272014618596 0.1584000741384485
1534 -0.03311189504285555 -0.01410207534623286 0.1500091962152371
1535 -0.03913129214736327 -0.01005456787385956 0.1542671950152429
1536 -0.02585487982655439 0.01484582296275544 0.1413323927713858
1537 -0.03013472257408616 0.01484732162821588 0.1485675262214249
1538 -0.03781227234253688 0.01134545333937281 0.1485865910329809
1539 -0.03421404185466363 0.01365231422977396 0.1558574998125004
1540 -0.0258624814641833 0.01484691936089909 0.1558424025804157
1541 -0.0406046828912185 0.008131541625781882 0.1558743112650764
1542 -0.04238754582234175 0.004242466877892682 0.1485956241612592
1543 -0.04299855937910553 -0.000207885909685253 0.1550247645609343
1544 -0.02184688756798587 0.01367988331086904 0.1498524619532717
1545 -0.0423904923606529 -0.004232461413644611 0.1479625308347976
1546 -0.04299980191501926 7.7087678552375e-05 0.1410482770426487
1547 -0.04061128763931098 0.008121294482935732 0.1412564025680262
1548 -0.04172164255066582 -0.006059416284738746 0.1615584305303278
1549 -0.02594503687831489 0.0148585708117744 0.1673243390277016
1550 -0.03420785589188202 -0.01365512816584398 0.1412806859244094
1551 -0.04062480146375484 0.008100270859716594 0.1672091736540101
1552 -0.0185009802502926 -0.01160898892215289 0.1410674916238387
1553 -0.01448073013074314 0.006498410744343846 0.162
1554 -0.01448073013074314 0.006498410744343855 0.146
1555 -0.01448073013074342 -0.006498410744344438 0.162
1556 -0.01894815130257242 0.0119609378879283 0.1582276278953793
1557 -0.04059681414431623 -0.008143726015378607 0.1676994204117233
1558 -0.03853532808088897 -0.01067739960046603 0.1473943077877335
1559 -0.03010309528563601 0.01485183457420448 0.1613328260907937
1560 -0.03779780993558642 0.01135794525722519 0.1612400259842475
1561 -0.04246789533919602 0.003959798537055903 0.1616100995039841
1562 -0.02504047368746473 -0.01470514209402314 0.1486785350071101
1563 -0.02586527742590083 -0.014847321628214 0.1690851431225456
1564 -0.01415613647728653 0.005774724475200828 0.1397431235671789
1565 -0.01415613647728653 0.00577472447520081 0.1682568764328212
1566 -0.01415613647729008 -0.005774724475209323 0.1682568764328297
1567 -0.01416701756830378 -0.005800741077171412 0.1397765663116142
1568 -0.0380257545179458 -0.01115725084175709 0.1613416084173726
1569 -0.01707098792897839 0.01027407879819228 0.1498514930629067
1570 -0.02344982238000663 0.01429321110270577 0.1613147948450373
1571 -0.03091071622989058 -0.006793721317142403 0.174
1572 -0.02268167263983535 0.005931201556787574 0.174
1573 -0.03459182331475484 0.004236307612781343 0.174
1574 -0.02420882472659981 -0.007307556682213017 0.174
1575 -0.02797467188766874 9.702957602961655e-05 0.174
1576 -0.01977126054486142 -0.000213220924899309 0.174
1577 -0.02920085364356797 0.008352120547556062 0.174
1578 -0.03601415194165473 -0.002299437957274197 0.174
1579 -0.03091071622989058 -0.006793721317142403 0.134
1580 -0.02268167263983535 0.005931201556787574 0.134
1581 -0.03459182331475484 0.004236307612781343 0.134
1582 -0.02420882472659981 -0.007307556682213017 0.134
1583 -0.02797467188766874 9.702957602961655e-05 0.134
1584 -0.01977126054486142 -0.000213220924899309 0.134
1585 -0.02920085364356797 0.008352120547556062 0.134
1586 -0.03601415194165473 -0.002299437957274197 0.134
1587 -0.01460000000005754 -0.00674091981865547 0.198
1588 -0.01459999999999838 0.006740919818537869 0.198
1589 -0.04299889978124002 -0.0001816737524187228 0.21230578581051
1590 -0.03404619662313123 -0.01372747268780515 0.2101357766928485
1591 -0.03423089013961489 0.01364463294002627 0.1852916564280693
1592 -0.04070022444414843 -0.007981497294884881 0.1851326900500228
1593 -0.03423122519502829 0.01364447993031778 0.2107056358500214
1594 -0.02586527742590082 -0.014847321628214 0.1852943641499785
1595 -0.0180909859484374 0.01126105858815835 0.1859616635661821
1596 -0.01829615980988793 0.01143833403799547 0.2098676828968811
1597 -0.0183347382635862 -0.01147095094430341 0.2101014131840907
1598 -0.01459640352236418 -0.006733765771446805 0.1900134948055146
1599 -0.01915909962914601 -0.01211769287581731 0.1959856289448792
1600 -0.01916394077111609 -0.01212122342437658 0.2022212391065897
1601 -0.02582172527051815 -0.01484099454898157 0.1998546055826376
1602 -0.02582399071476126 -0.01484132688106271 0.2060203430738137
1603 -0.03304204113985912 -0.0141272014618596 0.2024000741384485
1604 -0.03311189504285556 -0.01410207534623286 0.1940091962152371
1605 -0.03913129214736327 -0.01005456787385956 0.198267195015243
1606 -0.02585487982655439 0.01484582296275544 0.1853323927713858
1607 -0.03013472257408616 0.01484732162821588 0.1925675262214249
1608 -0.03781227234253688 0.01134545333937281 0.1925865910329809
1609 -0.03421404185466363 0.01365231422977396 0.1998574998125004
1610 -0.0258624814641833 0.01484691936089909 0.1998424025804156
1611 -0.0406046828912185 0.008131541625781882 0.1998743112650764
1612 -0.04238754582234175 0.004242466877892682 0.1925956241612591
1613 -0.04299855937910553 -0.0002078859096852597 0.1990247645609343
1614 -0.02184688756798587 0.01367988331086904 0.1938524619532717
1615 -0.0423904923606529 -0.004232461413644611 0.1919625308347976
1616 -0.04299980191501926 7.7087678552375e-05 0.1850482770426487
1617 -0.04061128763931098 0.008121294482935732 0.1852564025680261
1618 -0.04172164255066584 -0.00605941628473871 0.2055584305303278
1619 -0.02594503687831489 0.0148585708117744 0.2113243390277015
1620 -0.03420785589188202 -0.01365512816584398 0.1852806859244094
1621 -0.04062480146375484 0.0081002708597166 0.2112091736540101
1622 -0.0185009802502926 -0.01160898892215289 0.1850674916238387
1623 -0.01448073013074314 0.006498410744343846 0.206
1624 -0.01448073013074314 0.006498410744343855 0.19
1625 -0.01448073013074342 -0.006498410744344438 0.206
1626 -0.01894815130257242 0.0119609378879283 0.2022276278953793
1627 -0.04059681414431623 -0.008143726015378607 0.2116994204117233
1628 -0.038535328080889 -0.010677399600466 0.1913943077877336
1629 -0.03010309528563601 0.01485183457420448 0.2053328260907937
1630 -0.03779780993558642 0.01135794525722519 0.2052400259842475
1631 -0.04246789533919602 0.00395979853705591 0.2056100995039841
1632 -0.02504047368746473 -0.01470514209402314 0.1926785350071101
1633 -0.02586527742590083 -0.014847321628214 0.2130851431225456
1634 -0.01415613647728653 0.005774724475200828 0.1837431235671788
1635 -0.01415613647728653 0.00577472447520081 0.2122568764328212
1636 -0.01415613647729008 -0.005774724475209323 0.2122568764328297
1637 -0.01416701756830378 -0.005800741077171412 0.1837765663116142
1638 -0.03802575451794583 -0.01115725084175707 0.2053416084173726
1639 -0.01707098792897839 0.01027407879819228 0.1938514930629067
1640 -0.02344982238000663 0.01429321110270577 0.2053147948450373
1641 -0.03091071622989058 -0.006793721317142403 0.218
1642 -0.02268167263983535 0.005931201556787574 0.218
1643 -0.03459182331475484 0.004236307612781343 0.218
1644 -0.02420882472659981 -0.007307556682213017 0.218
1645 -0.02797467188766874 9.702957602961655e-05 0.218
1646 -0.01977126054486142 -0.000213220924899309 0.218
1647 -0.02920085364356797 0.008352120547556062 0.218
1648 -0.03601415194165473 -0.002299437957274197 0.218
1649 -0.03091071622989058 -0.006793721317142403 0.178
1650 -0.02268167263983535 0.005931201556787574 0.178
1651 -0.03459182331475484 0.004236307612781343 0.178
1652 -0.02420882472659981 -0.007307556682213017 0.178
1653 -0.02797467188766874 9.702957602961655e-05 0.178
1654 -0.01977126054486142 -0.000213220924899309 0.178
1655 -0.02920085364356797 0.008352120547556062 0.178
1656 -0.03601415194165473 -0.002299437957274197 0.178
1657 0.01340000000000161 -0.02125908018146213 0.02200000000000001
1658 0.01339999999994246 -0.03474091981865546 0.02200000000000001
1659 -0.015 -0.02799999999999997 0.03470563585002148
1660 -0.006046148834407622 -0.04172749373600991 0.03413587819902394
1661 -0.006048105415055174 -0.01427336818850377 0.0341315555407178
1662 -0.01269869923582554 -0.03598392370442278 0.009130826120440728
1663 -0.01269988645469524 -0.02001796491877865 0.009136850995425095
1664 0.002134722574099281 -0.01315267837178601 0.00929436414997855
1665 0.002134722574099162 -0.04284732162821401 0.009294364149978543
1666 0.009665270647524786 -0.01652905656407915 0.03410198054592591
1667 0.009665261736413787 -0.03947095094430342 0.03410141318409071
1668 0.01340000000001026 -0.02125908018147932 0.01400000000000001
1669 0.008838788217047549 -0.01588076640813532 0.01997254159155104
1670 0.008835716370906858 -0.01587852664842725 0.02622229174214046
1671 0.00217708783028093 -0.01315883129335016 0.02385300683616776
1672 0.002175911639879373 -0.01315865880267429 0.03002672440046415
1673 -0.005042569531736194 -0.01387298713394775 0.0264069592107445
1674 -0.005115819021594021 -0.01389934768394395 0.01801608154173379
1675 -0.01113288201705492 -0.01794719253171855 0.02227712500262524
1676 0.01340359647763583 -0.03473376577144678 0.01401349480551463
1677 0.008840900370854008 -0.0401176928758173 0.01998562894487923
1678 0.008836059228883912 -0.04012122342437657 0.02622123910658972
1679 0.002178274729481846 -0.04284099454898158 0.02385460558263763
1680 0.002176009334801615 -0.0428413268737959 0.03002034390085828
1681 -0.005042041139859151 -0.0421272014618596 0.02640007413844844
1682 -0.005111895042855532 -0.04210207534623288 0.01800919621523697
1683 -0.01113129214736327 -0.03805456787385957 0.0222671950152428
1684 -0.006231225195005892 -0.01435552006967199 0.009294364149971738
1685 -0.006207855891882049 -0.04165512816584398 0.009280685924409393
1686 -0.015 -0.02799999999996387 0.009294364149967507
1687 -0.01439239460421506 -0.02377401164737036 0.01658872829995205
1688 -0.01439239460422524 -0.03222598835259496 0.01658872829995111
1689 -0.015 -0.02799999999998274 0.02387762038116525
1690 -0.01364353534543477 -0.03423329313267652 0.02921377678050184
1691 -0.01364661442856522 -0.02177345082424658 0.02921374279591999
1692 0.009499019749707419 -0.03960898892215288 0.009067491623838776
1693 0.009493528468194935 -0.0163865200209596 0.009063667153462535
1694 0.01351926986925685 -0.02150158925565615 0.03000000000000001
1695 0.01351926986925657 -0.03449841074434444 0.03000000000000001
1696 -0.01260559311986689 -0.01986986949081599 0.03552505735392032
1697 -0.01260397311266235 -0.0361326417463998 0.03528027943062226
1698 -0.01054030220478088 -0.01732751062629288 0.01540103298671662
1699 -0.01053532808088894 -0.03867739960046607 0.01539430778773341
1700 0.002962323096652904 -0.01329542105767606 0.01668104541031847
1701 0.002959526312535289 -0.04270514209402314 0.0166785350071102
1702 0.002134722574099162 -0.04284732162821401 0.0370851431225456
1703 0.002134722574099281 -0.01315267837178601 0.03708737131268522
1704 0.01384386352271347 -0.02222527552479919 0.03625687643282115
1705 0.01384386352270992 -0.03377472447520933 0.03625687643282965
1706 0.0138329824316962 -0.03380074107717145 0.007776566311614194
1707 0.01383565600573282 -0.02220563869861145 0.007769431169209952
1708 -0.009995131409386602 -0.01681530742000061 0.02923956478574439
1709 -0.01001165525080087 -0.03916990416875236 0.0292984846125281
1710 -0.006310332920354879 -0.03184793668609935 0.042
1711 0.005113953578879686 -0.02189170755364653 0.042
1712 0.005131302378499754 -0.03392183862524614 0.042
1713 -0.007772716787714371 -0.02528738717186163 0.042
1714 9.243738864051084e-05 -0.02796112094291175 0.042
1715 -0.001382122368074069 -0.01988536174909571 0.042
1716 -0.001135500256910857 -0.03625982357135048 0.042
1717 0.008438007295219553 -0.02800000000000001 0.042
1718 -0.006310332920354879 -0.03184793668609935 0.002
1719 0.005113953578879686 -0.02189170755364653 0.002
1720 0.005131302378499754 -0.03392183862524614 0.002
1721 -0.007772716787714371 -0.02528738717186163 0.002
1722 9.243738864051084e-05 -0.02796112094291175 0.002
1723 -0.001382122368074069 -0.01988536174909571 0.002
1724 -0.001135500256910857 -0.03625982357135048 0.002
1725 0.008438007295219553 -0.02800000000000001 0.002
1726 0.01340000000000161 -0.02125908018146213 0.066
1727 0.01339999999994245 -0.03474091981865547 0.066
1728 -0.015 -0.02799999999999997 0.05329436414997853
1729 -0.006048105415069253 -0.04172663181149003 0.0538684444594361
1730 -0.006046148834392518 -0.01427250626398344 0.05386412180079062
1731 -0.01269852202878753 -0.03598420555123663 0.07886451388558374
1732 -0.01269869923581133 -0.02001607629555462 0.07886917387946343
1733 0.002134722574099281 -0.01315267837178601 0.07870563585002145
1734 0.002134722574099162 -0.04284732162821401 0.07870563585002145
1735 0.009665261736430305 -0.0165290490557105 0.05389858681599379
1736 0.009665270647510141 -0.03947094343593319 0.05389801945399172
1737 0.01340359647763581 -0.02126623422855319 0.07398650519448556
1738 0.008840900370957389 -0.01588230712425812 0.06801437105543534
1739 0.008836059229049542 -0.01587877657574416 0.06177876089330103
1740 0.00217827472968393 -0.01315900545104809 0.06414539441735781
1741 0.002176009334969946 -0.01315867312622879 0.0579796561016103
1742 -0.00504204113964063 -0.01387279853806242 0.06159992586124399
1743 -0.005111895042736148 -0.01389792465372385 0.06999080378445234
1744 -0.01113129214724169 -0.01794543212600583 0.06573280498435954
1745 0.01339999999999445 -0.03474091981855212 0.07400000000000001
1746 0.008838788216941566 -0.04011923359194198 0.06802745840819355
1747 0.008835716370756126 -0.04012147335168263 0.06177770825793817
1748 0.002177087830089094 -0.04284116870667799 0.06414699316384367
1749 0.00217591163972707 -0.04284134119734805 0.0579732755972625
1750 -0.00504256953193689 -0.04212701286598061 0.06159304078946989
1751 -0.00511581902173073 -0.04210065231600645 0.06998391845848348
1752 -0.01113288201717626 -0.03805280746814707 0.06572287499764763
1753 -0.0062078558918182 -0.014344871834127 0.07871931407556543
1754 -0.006207855891882049 -0.04165512816584398 0.0787193140755906
1755 -0.015 -0.02799999999999997 0.07870563585002148
1756 -0.01439239460421748 -0.03222598835262138 0.07141127170004286
1757 -0.01439239460421747 -0.02377401164737855 0.07141127170004294
1758 -0.015 -0.0279999999999999 0.06412237961882937
1759 -0.01364353534550425 -0.02176670686747556 0.05878622321947527
1760 -0.01364661442852694 -0.03422654917583733 0.05878625720409893
1761 0.009499019749707819 -0.01639101107784745 0.07893250837616164
1762 0.009493528468183902 -0.03961347997904942 0.07893633284654447
1763 0.01351926986925685 -0.02150158925565615 0.05800000000000001
1764 0.01351926986925658 -0.03449841074434443 0.05800000000000001
1765 -0.01260559311986711 -0.03613013050918366 0.05247494264610384
1766 -0.01260397311266384 -0.01986735825360251 0.05271972056931366
1767 -0.01054030220478847 -0.03867248937369962 0.07259896701339145
1768 -0.0105353280809218 -0.01732260039956635 0.07260569221208231
1769 0.002962323096601886 -0.04270457894233422 0.0713189545900383
1770 0.002959526312546427 -0.0132948579059791 0.0713214649925057
1771 0.002134722574099281 -0.01315267837178601 0.05091485687733377
1772 0.002134722574099162 -0.04284732162821401 0.05091262868740027
1773 0.01384386352271346 -0.02222527552479918 0.05174312356717885
1774 0.01384386352270991 -0.03377472447520934 0.05174312356717033
1775 0.01383298243169971 -0.02219925892283693 0.08022343368837642
1776 0.01383565600572818 -0.03379436130139962 0.08023056883079582
1777 -0.009995131409381727 -0.03918469258000375 0.05876043521423069
1778 -0.01001165525083987 -0.01683009583128259 0.05870151538746755
1779 -0.006310332920354879 -0.03184793668609935 0.08599999999999999
1780 0.005113953578879686 -0.02189170755364653 0.08599999999999999
1781 0.005131302378499754 -0.03392183862524614 0.08599999999999999
1782 -0.007772716787714371 -0.02528738717186163 0.08599999999999999
1783 9.243738864051084e-05 -0.02796112094291175 0.08599999999999999
1784 -0.001382122368074069 -0.01988536174909571 0.08599999999999999
1785 -0.001135500256910857 -0.03625982357135048 0.08599999999999999
1786 0.008438007295219553 -0.02800000000000001 0.08599999999999999
1787 -0.006310332920354879 -0.03184793668609935 0.046
1788 0.005113953578879686 -0.02189170755364653 0.046
1789 0.005131302378499754 -0.03392183862524614 0.046
1790 -0.007772716787714371 -0.02528738717186163 0.046
1791 9.243738864051084e-05 -0.02796112094291175 0.046
1792 -0.001382122368074069 -0.01988536174909571 0.046
1793 -0.001135500256910857 -0.03625982357135048 0.046
1794 0.008438007295219553 -0.02800000000000001 0.046
1795 0.01340000000000161 -0.02125908018146213 0.11
1796 0.01339999999994245 -0.03474091981865547 0.11
1797 -0.015 -0.02799999999999997 0.1227056358500215
1798 -0.006046148834407622 -0.04172749373600991 0.122135878199024
1799 -0.006048105415054541 -0.01427336818850349 0.1221315555407444
1800 -0.01269869923582555 -0.03598392370442276 0.09713082612044076
1801 -0.01269988645469304 -0.02001796491877514 0.09713685099546553
1802 0.002134722574099281 -0.01315267837178601 0.09729436414997854
1803 0.002134722574099162 -0.04284732162821401 0.09729436414997854
1804 0.009665270647526415 -0.01652905656408052 0.1221019805459241
1805 0.009665261736413787 -0.03947095094430342 0.1221014131840907
1806 0.01339999999999638 -0.02125908018145172 0.102
1807 0.008838788217045651 -0.01588076640813393 0.1079725415914855
1808 0.008835716370919882 -0.01587852664843674 0.1142222917421672
1809 0.002177087830289953 -0.01315883129335148 0.1118530068361599
1810 0.002175911639893105 -0.0131586588026763 0.1180267244003051
1811 -0.00504256953172062 -0.01387298713394219 0.114406959210826
1812 -0.005115819021609382 -0.01389934768394952 0.1060160815418156
1813 -0.01113288201705478 -0.0179471925317184 0.1102771250027346
1814 0.01340359647763581 -0.03473376577144682 0.1020134948055146
1815 0.008840900370853975 -0.04011769287581732 0.1079856289448791
1816 0.008836059228883903 -0.04012122342437658 0.1142212391065897
1817 0.002178274729481819 -0.04284099454898158 0.1118546055826376
1818 0.002176009334801615 -0.0428413268737959 0.1180203439008585
1819 -0.005042041139859164 -0.0421272014618596 0.1144000741384485
1820 -0.005111895042855569 -0.04210207534623286 0.106009196215237
1821 -0.01113129214736329 -0.03805456787385955 0.1102671950152429
1822 -0.006231225195005892 -0.01435552006967199 0.09729436414997172
1823 -0.006207855891882049 -0.04165512816584398 0.09728068592440937
1824 -0.015 -0.02799999999996387 0.09729436414996749
1825 -0.01439239460421506 -0.02377401164737035 0.104588728299952
1826 -0.01439239460422525 -0.03222598835259492 0.1045887282999511
1827 -0.015 -0.02799999999998272 0.1118776203811653
1828 -0.0136435353454348 -0.03423329313267647 0.1172137767805018
1829 -0.01364661442859454 -0.02177345082431083 0.1172137427959189
1830 0.009499019749707377 -0.03960898892215291 0.09706749162383874
1831 0.009493528468185681 -0.01638652002095203 0.09706366715345607
1832 0.01351926986925685 -0.02150158925565614 0.118
1833 0.01351926986925657 -0.03449841074434444 0.118
1834 -0.01260559311986804 -0.01986986949081777 0.1235250573539328
1835 -0.01260397311266236 -0.03613264174639978 0.1232802794306223
1836 -0.01054030220481627 -0.01732751062632783 0.1034010329867837
1837 -0.01053532808088897 -0.03867739960046604 0.1033943077877335
1838 0.002962323096624873 -0.01329542105767041 0.1046810454103361
1839 0.00295952631253525 -0.04270514209402314 0.1046785350071101
1840 0.002134722574099162 -0.04284732162821401 0.1250851431225456
1841 0.002134722574099285 -0.01315267837178601 0.1250873713127159
1842 0.01384386352271346 -0.02222527552479918 0.1242568764328211
1843 0.01384386352270991 -0.03377472447520934 0.1242568764328296
1844 0.0138329824316962 -0.03380074107717145 0.09577656631161417
1845 0.01383565600573176 -0.02220563869860891 0.09576943116921331
1846 -0.0099951314094199 -0.01681530742003037 0.1172395647857654
1847 -0.0100116552508009 -0.03916990416875234 0.1172984846125281
1848 -0.006310332920354879 -0.03184793668609935 0.13
1849 0.005113953578879686 -0.02189170755364653 0.13
1850 0.005131302378499754 -0.03392183862524614 0.13
1851 -0.007772716787714371 -0.02528738717186163 0.13
1852 9.243738864051084e-05 -0.02796112094291175 0.13
1853 -0.001382122368074069 -0.01988536174909571 0.13
1854 -0.001135500256910857 -0.03625982357135048 0.13
1855 0.008438007295219553 -0.02800000000000001 0.13
1856 -0.006310332920354879 -0.03184793668609935 0.09
1857 0.005113953578879686 -0.02189170755364653 0.09
1858 0.005131302378499754 -0.03392183862524614 0.09
1859 -0.007772716787714371 -0.02528738717186163 0.09
1860 9.243738864051084e-05 -0.02796112094291175 0.09
1861 -0.001382122368074069 -0.01988536174909571 0.09
1862 -0.001135500256910857 -0.03625982357135048 0.09
1863 0.008438007295219553 -0.02800000000000001 0.09
1864 0.01340000000000161 -0.02125908018146213 0.154
1865 0.01339999999994246 -0.03474091981865546 0.154
1866 -0.01499889978124001 -0.02818167375242075 0.1683057858105056
1867 -0.006046196623131233 -0.04172747268780515 0.1661357766928485
1868 -0.006230890139616491 -0.01435536705997446 0.1412916564280678
1869 -0.01270022444414657 -0.03598149729488784 0.1411326900500137
1870 -0.006231225195028294 -0.01435552006968222 0.1667056358500214
1871 0.002134722574099162 -0.04284732162821401 0.1412943641499785
1872 0.009909014051562234 -0.01673894141184133 0.1419616635661831
1873 0.00970341625277785 -0.01656130632347703 0.1658673643432825
1874 0.009665261736413787 -0.03947095094430342 0.1661014131840907
1875 0.01340359647763583 -0.03473376577144678 0.1460134948055146
1876 0.008840900370853987 -0.04011769287581732 0.1519856289448792
1877 0.008836059228883912 -0.04012122342437657 0.1582212391065898
1878 0.002178274729481846 -0.04284099454898158 0.1558546055826376
1879 0.00217600928523875 -0.04284132688106271 0.1620203430738139
1880 -0.005042041139859138 -0.0421272014618596 0.1584000741384486
1881 -0.005111895042855582 -0.04210207534623286 0.1500091962152371
1882 -0.01113129214736329 -0.03805456787385955 0.154267195015243
1883 0.002145120173433491 -0.01315417703724281 0.1413323927713827
1884 -0.002134722574099274 -0.01315267837178601 0.1485675262214275
1885 -0.009812272342545808 -0.0166545466606349 0.1485865910329752
1886 -0.006214041854683695 -0.01434768577023517 0.1558574998124976
1887 0.002137518535794895 -0.01315308063909778 0.1558424025804233
1888 -0.01260468289123046 -0.01986845837423664 0.1558743112650624
1889 -0.01438754582234514 -0.02375753312211881 0.1485956241612418
1890 -0.01499855937910526 -0.02820788590970475 0.1550247645609204
1891 0.006153112432007619 -0.01432011668912804 0.1498524619532751
1892 -0.01439049236064994 -0.0322324614136547 0.1479625308347843
1893 -0.01499980191501928 -0.02792291232145109 0.1410482770426451
1894 -0.01261128763931208 -0.01987870551706598 0.1412564025680221
1895 -0.01372164255066525 -0.03405941628474005 0.1615584305303273
1896 0.002023951185846142 -0.01313717316264124 0.1673265526621015
1897 -0.006207855891882049 -0.04165512816584398 0.1412806859244094
1898 -0.01262480146375573 -0.0198997291402848 0.1672091736540111
1899 0.009499019749707419 -0.03960898892215288 0.1410674916238387
1900 0.01351926986925686 -0.02150158925565616 0.162
1901 0.01351926986925685 -0.02150158925565615 0.146
1902 0.01351926986925657 -0.03449841074434444 0.162
1903 0.009051848697419092 -0.01603906211206529 0.1582276278953796
1904 -0.0125968141443162 -0.03614372601537868 0.167699420411723
1905 -0.01053532808088901 -0.038677399600466 0.1473943077877335
1906 -0.002114430619638199 -0.01314977497965986 0.1612390182822256
1907 -0.009797809935608508 -0.01664205474279387 0.1612400259842548
1908 -0.01446789533920216 -0.02404020146296649 0.1616100995039778
1909 0.002959526312535263 -0.04270514209402314 0.1486785350071102
1910 0.002134722574099176 -0.042847321628214 0.1690851431225456
1911 0.01384386352271346 -0.02222527552479918 0.1397431235671788
1912 0.01384386352271347 -0.0222252755247992 0.1682568764328212
1913 0.01384386352270992 -0.03377472447520933 0.1682568764328297
1914 0.0138329824316962 -0.03380074107717145 0.1397765663116142
1915 -0.01002575451794559 -0.03915725084175729 0.1613416084173727
1916 0.01092901207101971 -0.01772592120180571 0.1498514930629067
1917 0.004377992221830582 -0.01365311238959506 0.1614380132535576
1918 -0.006310332920354879 -0.03184793668609935 0.174
1919 0.005113953578879686 -0.02189170755364653 0.174
1920 0.005131302378499754 -0.03392183862524614 0.174
1921 -0.007772716787714371 -0.02528738717186163 0.174
1922 9.243738864051084e-05 -0.02796112094291175 0.174
1923 -0.001382122368074069 -0.01988536174909571 0.174
1924 -0.001135500256910857 -0.03625982357135048 0.174
1925 0.008438007295219553 -0.02800000000000001 0.174
1926 -0.006310332920354879 -0.03184793668609935 0.134
1927 0.005113953578879686 -0.02189170755364653 0.134
1928 0.005131302378499754 -0.03392183862524614 0.134
1929 -0.007772716787714371 -0.02528738717186163 0.134
1930 9.243738864051084e-05 -0.02796112094291175 0.134
1931 -0.001382122368074069 -0.01988536174909571 0.134
1932 -0.001135500256910857 -0.03625982357135048 0.134
1933 0.008438007295219553 -0.02800000000000001 0.134
1934 0.01339999999994246 -0.03474091981865546 0.198
1935 0.01340000000000161 -0.02125908018146213 0.198
1936 -0.01499889978124001 -0.02818167375242077 0.2123057858105056
1937 -0.006046196623131233 -0.04172747268780515 0.2101357766928484
1938 -0.006230890139616491 -0.01435536705997446 0.1852916564280678
1939 -0.01270022444414658 -0.03598149729488784 0.1851326900500136
1940 -0.006231225195028294 -0.01435552006968222 0.2107056358500214
1941 0.002134722574099162 -0.04284732162821401 0.1852943641499785
1942 0.009909014051562234 -0.01673894141184133 0.1859616635661831
1943 0.00970341625277785 -0.01656130632347703 0.2098673643432825
1944 0.009665261736413787 -0.03947095094430342 0.2101014131840907
1945 0.01340359647763583 -0.03473376577144678 0.1900134948055146
1946 0.008840900370854008 -0.0401176928758173 0.1959856289448792
1947 0.008836059228883912 -0.04012122342437657 0.2022212391065897
1948 0.002178274729481846 -0.04284099454898158 0.1998546055826376
1949 0.00217600928523875 -0.04284132688106271 0.2060203430738138
1950 -0.005042041139859138 -0.0421272014618596 0.2024000741384485
1951 -0.005111895042855545 -0.04210207534623287 0.194009196215237
1952 -0.01113129214736327 -0.03805456787385957 0.1982671950152428
1953 0.002145120173433491 -0.01315417703724281 0.1853323927713827
1954 -0.002134722574099274 -0.01315267837178601 0.1925675262214274
1955 -0.009812272342545808 -0.0166545466606349 0.1925865910329752
1956 -0.006214041854683695 -0.01434768577023517 0.1998574998124976
1957 0.002137518535794895 -0.01315308063909778 0.1998424025804233
1958 -0.01260468289123046 -0.01986845837423664 0.1998743112650624
1959 -0.01438754582234514 -0.02375753312211881 0.1925956241612418
1960 -0.01499855937910526 -0.02820788590970476 0.1990247645609204
1961 0.006153112432007619 -0.01432011668912804 0.193852461953275
1962 -0.01439049236064994 -0.0322324614136547 0.1919625308347842
1963 -0.01499980191501928 -0.02792291232145108 0.1850482770426451
1964 -0.01261128763931208 -0.01987870551706598 0.1852564025680221
1965 -0.01372164255066522 -0.03405941628474012 0.2055584305303272
1966 0.002023951185846142 -0.01313717316264124 0.2113265526621015
1967 -0.006207855891882049 -0.04165512816584398 0.1852806859244094
1968 -0.01262480146375573 -0.0198997291402848 0.211209173654011
1969 0.009499019749707419 -0.03960898892215288 0.1850674916238387
1970 0.01351926986925686 -0.02150158925565616 0.206
1971 0.01351926986925685 -0.02150158925565615 0.19
1972 0.01351926986925657 -0.03449841074434444 0.206
1973 0.009051848697419092 -0.01603906211206529 0.2022276278953796
1974 -0.0125968141443162 -0.03614372601537868 0.211699420411723
1975 -0.01053532808088896 -0.03867739960046605 0.1913943077877335
1976 -0.002114430619638199 -0.01314977497965986 0.2052390182822256
1977 -0.009797809935608508 -0.01664205474279387 0.2052400259842548
1978 -0.01446789533920216 -0.02404020146296651 0.2056100995039777
1979 0.002959526312535289 -0.04270514209402314 0.1926785350071102
1980 0.002134722574099162 -0.04284732162821401 0.2130851431225456
1981 0.01384386352271346 -0.02222527552479918 0.1837431235671788
1982 0.01384386352271347 -0.0222252755247992 0.2122568764328212
1983 0.01384386352270992 -0.03377472447520933 0.2122568764328296
1984 0.0138329824316962 -0.03380074107717145 0.1837765663116142
1985 -0.01002575451794555 -0.03915725084175732 0.2053416084173726
1986 0.01092901207101971 -0.01772592120180571 0.1938514930629066
1987 0.004377992221830582 -0.01365311238959506 0.2054380132535576
1988 -0.006310332920354879 -0.03184793668609935 0.218
1989 0.005113953578879686 -0.02189170755364653 0.218
1990 0.005131302378499754 -0.03392183862524614 0.218
1991 -0.007772716787714371 -0.02528738717186163 0.218
1992 9.243738864051084e-05 -0.02796112094291175 0.218
1993 -0.001382122368074069 -0.01988536174909571 0.218
1994 -0.001135500256910857 -0.03625982357135048 0.218
1995 0.008438007295219553 -0.02800000000000001 0.218
1996 -0.006310332920354879 -0.03184793668609935 0.178
1997 0.005113953578879686 -0.02189170755364653 0.178
1998 0.005131302378499754 -0.03392183862524614 0.178
1999 -0.007772716787714371 -0.02528738717186163 0.178
2000 9.243738864051084e-05 -0.02796112094291175 0.178
2001 -0.001382122368074069 -0.01988536174909571 0.178
2002 -0.001135500256910857 -0.03625982357135048 0.178
2003 0.008438007295219553 -0.02800000000000001 0.178
2004 0.04536869565216495 -0.007594830796089513 0.11
2005 0.04536869565217488 0.007594830796030161 0.11
2006 -0.03861440747729711 0.02499855066153358 0.005910772948805306
2007 -0.03869766251023428 -0.02486947760295757 0.007570662422372241
2008 -0.046 -5.565093568323081e-17 0.2124293375776277
2009 0.04536054007102953 -0.007643389592616877 0.07475174917748592
2010 0.04536834948574336 -0.007596898376275034 0.1451953040289934
2011 0.04536857301565738 0.007595563344674639 0.07473842109194269
2012 0.04536869565217393 0.007594830796035811 0.1452000000000001
2013 -0.02668261784027523 0.03747049379431536 0.2124293375776277
2014 -0.02668261784027499 -0.03747049379431554 0.2124293375776277
2015 -0.01084491103343378 0.04470333214288288 0.007570662422372527
2016 -0.01084491103343356 -0.04470333214288294 0.0075706624223725
2017 0.006546482560571014 0.04553178632652292 0.2124293375776277
2018 0.006470059506078405 -0.04554270885649869 0.2129040212360791
2019 0.04536869565217354 0.007594830796038203 0.04840000000000005
2020 0.04536285147820703 -0.007629659610109146 0.04823478240653695
2021 0.04536654179370382 -0.007607685960929531 0.1715778924545815
2022 0.04536869565217392 0.007594830796035889 0.1716
2023 0.02362928923476167 -0.0394671596426697 0.009173173612099921
2024 0.02364758070251703 0.03945620264189072 0.009032290995903735
2025 -0.046 -5.565093568323081e-17 0.007570662422407608
2026 0.03012359376148308 0.03476448042029591 0.2124293375776083
2027 0.03012359376148315 -0.03476448042029585 0.2124293375776083
2028 0.04536802548541977 -0.007598833038980544 0.03078979791607101
2029 0.04536869565217353 0.007594830796038217 0.03080000000000005
2030 0.04536869565217354 0.007594830796038197 0.1892
2031 0.04536804542207612 -0.007598714008333125 0.1892099651913872
2032 0.04536869565217497 0.007594830796029651 0.1276
2033 0.04536869565217354 0.007594830796038198 0.09240000000000004
2034 0.04536854489548409 -0.007595731305571864 0.09239775468084369
2035 0.04536869565217531 -0.007594830796027578 0.1276
2036 -0.04274455573024706 -0.01699714550810821 0.2126256812702626
2037 -0.04269336252332024 0.01712532617068518 0.2125523722232968
2038 0.006546482560571225 -0.04553178632652289 0.007570662422372225
2039 -0.02668261784027523 0.03747049379431536 0.007570662422372243
2040 0.006657080193775617 0.04551574764071926 0.007475246522975539
2041 -0.02668261784027499 -0.03747049379431554 0.007570662422372234
2042 -0.01084491103343356 -0.04470333214288294 0.2124293375776278
2043 -0.01084491103343378 0.04470333214288288 0.2124293375776277
2044 0.03615844235816824 -0.02843531336614782 0.00757066242237222
2045 0.0361584423581682 0.02843531336614787 0.007570662422372254
2046 0.04088643063812648 -0.02107841999946089 0.2124293375776277
2047 0.04088643063812646 0.0210784199994609 0.2124293375776277
2048 0.04536869565217391 0.007594830796035935 0.01320000000000002
2049 0.04536869565217391 -0.007594830796035961 0.01320000000000002
2050 0.04536869565217392 0.007594830796035916 0.2068
2051 0.04536869565217391 -0.00759483079603592 0.2068
2052 0.045366106569747 -0.00761028085568188 0.02196700563099035
2053 0.04348619516184369 -0.01499836092198218 0.0264180946734808
2054 0.0434928502605795 -0.01497905124534963 0.03518423479093416
2055 0.04045724684580557 -0.02189089257334099 0.03085542399225604
2056 0.04043091806673133 -0.02193948185990859 0.03959378923708165
2057 0.03626206921904478 -0.02830304464104887 0.03517043355343781
2058 0.03625637748504062 -0.02831033542122452 0.04394645865275579
2059 0.03110225062693833 -0.03389173949414686 0.0395498356822709
2060 0.03109466380777181 -0.03389870030962316 0.04832293589041067
2061 0.02509420646757805 -0.03855231253456223 0.0439303480822608
2062 0.02508618004924759 -0.03855753584627436 0.05270259850105782
2063 0.01840263254093363 -0.04215854736068797 0.04830977581432894
2064 0.01839360533288404 -0.0421624866778289 0.05707901951313009
2065 0.01121052069299715 -0.04461304994944734 0.05268781043950281
2066 0.01120107387113868 -0.04461542271606641 0.06145517255818929
2067 0.003714447246182419 -0.0458497860589919 0.0570645792553416
2068 0.003704540925152643 -0.04585058752659413 0.065829203621747
2069 -0.003880924443803111 -0.04583599486715099 0.06144027489169444
2070 -0.00389047071633805 -0.04583518558493372 0.07020371401266712
2071 -0.01136884454151567 -0.04457296684977173 0.06581467552796989
2072 -0.01137805357025587 -0.04457061696849604 0.07457632357322053
2073 -0.01854546258230817 -0.04209591212467319 0.07018806009101775
2074 -0.0185611281674831 -0.04208900712953758 0.07892407315988585
2075 -0.02522788674241875 -0.03846496757455662 0.07453315303377546
2076 -0.02523124138059297 -0.03846276717026809 0.08330002659785017
2077 -0.03120011162150843 -0.03380167207114782 0.07893014591465741
2078 -0.0312074363412109 -0.03379490963161862 0.08768764071701141
2079 -0.03633548739434327 -0.02820872836225555 0.08330123635676197
2080 -0.03633926515418397 -0.02820386158053381 0.09205960892799984
2081 -0.04047615185428545 -0.0218559175297864 0.08767685028832149
2082 -0.04048096628741898 -0.02184699907165394 0.09643239808170692
2083 -0.03122679942310998 -0.03377701878184127 0.0964178939353533
2084 -0.04351864609598661 -0.01490394048472649 0.09204135645638066
2085 -0.04352181174812323 -0.01489469375854778 0.1008003081328045
2086 -0.04351569320637864 -0.01491255996696514 0.08328881021121476
2087 -0.04537489919547286 -0.007557679736577651 0.08766485853014827
2088 -0.04537359585371516 -0.007565500598355864 0.07891846795793657
2089 -0.01139912147202635 -0.0445652334187311 0.08329984988709804
2090 -0.03121307821274096 -0.03378969885165175 0.07017448209980212
2091 0.0111914255153142 -0.04461784390728864 0.07022336821125773
2092 -0.01138876758782549 -0.04456788050637472 0.05709592894285929
2093 0.01120706133128144 -0.04461391908717386 0.04393903217552548
2094 0.02507798069793601 -0.03856286924120077 0.0614756990871352
2095 -0.04048588871795249 -0.02183787569150367 0.1051881787042467
2096 -0.04352534905591532 -0.01488435385096483 0.1095572695663988
2097 -0.04049112495686232 -0.02182816528542334 0.1139444389229134
2098 -0.04352888803111234 -0.0148740010345194 0.1183136997574566
2099 -0.0404964237672689 -0.02181833316414842 0.1227003245950098
2100 -0.04353226459289902 -0.01486411583020767 0.1270693035359114
2101 -0.04538007847282856 -0.007526518305293755 0.1139271042194221
2102 -0.04050170549796807 -0.02180852704232598 0.1314556173403871
2103 -0.04353560045641923 -0.01485434256030975 0.1358237359162212
2104 -0.04050697043851093 -0.0217987464294074 0.1402104030136888
2105 -0.03637284639488796 -0.02816054056892171 0.1358428775285737
2106 -0.0435389778491633 -0.01484444030100385 0.1445779922426399
2107 -0.04538490616861707 -0.007497352337046946 0.1401923442230029
2108 -0.03637951395973311 -0.0281519264714439 0.1445978427473149
2109 -0.03125633391603885 -0.03374969022271285 0.1402295159903091
2110 -0.03126433207561993 -0.03374228118941224 0.1489858554338896
2111 -0.02529112444816631 -0.03842341765313653 0.1446173600102398
2112 -0.04538666118288719 -0.007486720688646109 0.1489453321333429
2113 -0.04599995580782364 6.376267145884484e-05 0.1445596149383438
2114 -0.04599993952538599 7.458995127868724e-05 0.1533134237901861
2115 -0.04536394802844942 0.007623137101754072 0.1489287534390353
2116 -0.02529979535887868 -0.03841770886972388 0.1533745051365251
2117 -0.01863795809807135 -0.04205504152815137 0.1490033475712056
2118 -0.0186269908796056 -0.04205990027057946 0.1402442032052422
2119 -0.0114747680086868 -0.0445458157310742 0.1446032493770908
2120 -0.01147908121057768 -0.04454470445025943 0.1533826321532888
2121 -0.003988608002501942 -0.04582674989787491 0.1490231925820946
2122 -0.003987523988305643 -0.04582684423394968 0.1402301141223099
2123 -0.03127253780540121 -0.03373467621320459 0.1577427613996869
2124 -0.04536197367622014 0.007634876829256091 0.1576840136596075
2125 -0.0434935908087325 0.01497690083303419 0.153295013497465
2126 -0.04349931491294701 0.01496026744761823 0.144540332685147
2127 -0.003999445083901695 -0.04582580538322108 0.1577881516726086
2128 0.003597048502032257 -0.0458591456753615 0.1534160130188909
2129 -0.04349007210695515 0.01498711540396754 0.162049947922005
2130 -0.04043989638049885 0.02192292819708435 0.157663155983141
2131 0.003585705654028882 -0.04586003396163881 0.1621803963626552
2132 -0.04599991613625872 8.783767508707463e-05 0.1620689536608765
2133 0.01108586301992079 -0.04464418933191141 0.157808367049166
2134 0.0110759356967984 -0.04464665327256218 0.1665753727462125
2135 -0.04043468272927948 0.02193254277512089 0.1664182604065152
2136 -0.03628575891731935 0.02827266700886527 0.1620315278179966
2137 -0.004009989600835044 -0.04582488388857298 0.166553995183301
2138 0.01827529128924566 -0.04221390444265043 0.1622006644149845
2139 0.01827888570977116 -0.04221234816033246 0.1534270155133885
2140 -0.03627938688127132 0.02828084311895666 0.1707868836817591
2141 -0.03114430043046249 0.03385310252690429 0.166400311505364
2142 -0.03115187530181978 0.03384613220413627 0.1576429095629826
2143 -0.02516169218112338 0.03850830100877464 0.1620126603799968
2144 -0.02517055511571467 0.03850250842694239 0.1532523293343397
2145 -0.01849400282422069 0.04211854531602103 0.1576228836171765
2146 -0.01850248678739173 0.04211481903893681 0.148860882341631
2147 -0.04599999999970943 -1.635014428196422e-07 0.08328551772124215
2148 -0.04599999993939607 -2.361262526198734e-06 0.07452811185596132
2149 -0.04537491066699695 0.007557610863364592 0.07890382413767834
2150 -0.04537533115352636 0.007555085883550287 0.07014642753257685
2151 -0.0113198252921582 0.04458544106942328 0.1532337386319634
2152 -0.01133038293167427 0.04458275925311964 0.1444666627200885
2153 -0.04599999977727675 -4.526647649950939e-06 0.06577016781997302
2154 -0.00383606550025045 0.04583977095795515 0.148842058901467
2155 -0.003846495359045011 0.04583889694847428 0.1400731732088251
2156 -0.01134113952403349 0.04458002416213348 0.1356984778477859
2157 -0.04351692159924789 0.01490897496560083 0.07452695292733186
2158 -0.003857091651986875 0.04583800654465869 0.1313034837428007
2159 -0.04351581545364427 0.01491220323776382 0.08328347183213733
2160 -0.04047360691725044 0.02186062997966659 0.07890080556224842
2161 -0.04047410664677913 0.02185970473600112 0.07014046885267115
2162 -0.03633045793824602 0.028215205581341 0.07451931159347294
2163 -0.03633133573242697 0.02821407527986121 0.06575843827474728
2164 -0.0311985312264915 0.03380313076195214 0.07013763968744431
2165 -0.04047252964096265 0.02186262437269139 0.08766116088957829
2166 -0.003825778779653171 0.04584063063188764 0.1576099560506952
2167 -0.03119975459317613 0.03380200161714665 0.06137618710835108
2168 -0.02521735827087701 0.03847187078682594 0.06575699026930761
2169 -0.02522519015499342 0.03846673604095392 0.07448574834063006
2170 -0.0185462085452477 0.04209558348088527 0.07013540436172611
2171 -0.01855164464605985 0.04209318805847709 0.06137408879464962
2172 -0.01136988319548123 0.04457270191631996 0.06574944633038771
2173 -0.01136836034220184 0.04457309034753876 0.07451872112172117
2174 -0.003881302497185655 0.04583596285587704 0.07013283620448306
2175 -0.003879075459048489 0.0458361513827569 0.07890260558606688
2176 -0.003882736184962239 0.04583584143132953 0.06136273739540361
2177 0.003712109139333579 0.04584997541698006 0.06574698002977439
2178 -0.01135273210890453 0.04457707340846243 0.1269282262297272
2179 0.003742954774264146 0.04584746764607412 0.135679366495894
2180 0.003732990726013483 0.04584828001397105 0.1269058826970443
2181 0.003709992540070717 0.04585014673207295 0.05697653895809602
2182 -0.03633211417088122 0.02821307285415844 0.05699852638970043
2183 0.01120482904958299 0.04461447977921093 0.06135974243424611
2184 0.01123393992116079 0.0446071585493601 0.1312809802922458
2185 0.01122355282294282 0.04460977316721765 0.1225067895379981
2186 0.01121002840250432 0.04461317365100858 0.05257582802063237
2187 -0.02515506334354124 0.03851263154060532 0.1707713626093073
2188 0.01826456852914542 -0.042218544935184 0.1709682310035099
2189 0.0183939704595799 0.04216232738751623 0.05697176680976018
2190 0.01839678606617507 0.04216109892347905 0.06574560631018603
2191 0.003723556828652633 0.04584904714979139 0.0481972654992121
2192 0.018399598642949 0.0421598715578972 0.04818439243197821
2193 0.01842221557461284 0.04214999375234227 0.1268864023429086
2194 0.01840868273101556 0.042155905874608 0.1181139505762936
2195 0.01842363213788892 0.0421493745961639 0.1356589530845791
2196 0.02508528515948604 0.03855811806179432 0.06135975829271131
2197 0.02508879466691004 0.03855583460595331 0.07013492999746715
2198 0.0249783201495745 -0.03862749697437513 0.1578251873839893
2199 0.0249884886470794 -0.0386209196567713 0.1490516819631561
2200 -0.04042944345397355 0.021942199114992 0.1751726203523201
2201 -0.01852683245140254 0.04210411475518346 0.1313236750044304
2202 -0.01853791973785393 0.0420992343373711 0.1225558037466418
2203 -0.03635861736643846 -0.02817890954598704 0.118331932646193
2204 0.01121282807176138 0.04461247007993527 0.113730620747913
2205 0.0183975446858049 0.04216076789544768 0.1093512620803917
2206 -0.02520526596747551 0.03847979427581209 0.1269495802450915
2207 -0.02521536539253904 0.03847317699541779 0.1181830603458722
2208 -0.01138854247643762 0.04456793803018461 0.08321054462322178
2209 -0.03119526997283371 0.03380614043812188 0.1225777866009857
2210 0.02510913637893506 0.03854259034242561 0.1224882428129737
2211 -0.03627324737079541 0.02828871727698313 0.1795408691439393
2212 0.01106575288849129 -0.04464917818964697 0.1753411251108751
2213 0.01825439992556253 -0.04222294261841093 0.1797361990290759
2214 0.02495503417470748 -0.03864254480930548 0.1753639179234637
2215 -0.03120178294172684 0.03380012930829354 0.05261582228653617
2216 -0.03633292296483238 0.0282120312780125 0.04824022781170487
2217 -0.0312041401133064 0.0337979531893448 0.04385930919545456
2218 -0.03633429940977037 0.02821025853127121 0.03948449814055803
2219 -0.04047396826308206 0.02185996095694193 0.04386145340240597
2220 -0.01854958369584966 0.04209409631659371 0.1137888208324559
2221 0.03625019377460138 -0.02831825297054624 0.05272330349748076
2222 -0.04351938886911093 0.0149017714537267 0.09200895968015292
2223 -0.02522607228529731 0.03846615755514131 0.1094165547293553
2224 0.0310965290571865 0.03389698925561908 0.06574214755301296
2225 0.03109454868591187 0.03389880590846021 0.05695688244440644
2226 0.03109837402383206 0.03389529662171209 0.07452363175809174
2227 0.02509011164112373 0.03855497760128965 0.07891492604261149
2228 0.03109991995637902 0.03389387818923674 0.08330518870671522
2229 -0.04047494522066448 0.02185815201210317 0.03510871800747455
2230 -0.04351467009176645 0.01491554513937475 0.03948562718228263
2231 0.03100191768095136 -0.03398354160624692 0.1534484562908278
2232 0.03100973904753452 -0.03397640481575137 0.1446697071346565
2233 0.0249960674130444 -0.03861601499226117 0.1402724551644164
2234 0.03101819744305285 -0.03396868303870184 0.135890261117651
2235 0.02500410420095847 -0.03861081160902489 0.1314928423846801
2236 0.03102642233449207 -0.03396117072660675 0.1271120511729918
2237 0.02501241703489156 -0.03860542700285371 0.1227133194013804
2238 0.03103301239026043 -0.03395514897605284 0.1183334879126991
2239 0.0250199620585289 -0.03860053754275676 0.1139351603699633
2240 0.01831670810999775 -0.04219595009018215 0.1183130126374664
2241 0.01832638111842924 -0.0421917498464105 0.1095381290912293
2242 0.0250271952810449 -0.03859584817521755 0.1051585357682076
2243 0.01112485564829271 -0.0446344887593064 0.1139191417058554
2244 0.01833450458503449 -0.04218822041306493 0.1007627855419815
2245 0.02503411094207741 -0.03859136288523327 0.09638188667133553
2246 0.03104437477425423 -0.03394476093413602 0.1007770058168898
2247 0.0310507126113248 -0.03393896354234931 0.09199894961264554
2248 -0.003894801708337382 0.04583481776611239 0.08761094241278947
2249 -0.04042465564708222 0.02195101855984874 0.1839265205743017
2250 0.01105461747737212 -0.04465193649136596 0.1841035595605435
2251 0.02494409441778575 -0.03864960741943688 0.1841301590815327
2252 0.03096626610494624 -0.03401603097831458 0.179758245737308
2253 0.02510152519806962 -0.03854754768763736 0.03515631030807676
2254 -0.03120653403140234 0.03379574283466673 0.03510270616752453
2255 -0.0252282247856912 0.03846474586114714 0.03947961729413011
2256 -0.03118623240619962 0.03381447779142101 0.1313415501791
2257 -0.0459999717411037 5.098840712284394e-05 0.1358097152640681
2258 -0.03632530471130942 0.02822183972795752 0.1269693666323615
2259 -0.03633283033462709 0.02821215057161013 0.1182061906418684
2260 -0.04348233925910082 0.01500953605400444 0.1795580401581762
2261 0.003762586261887235 0.04584586071415671 0.153219083505757
2262 0.003773016651967561 0.04584500349377209 0.1619869959077787
2263 0.01126035202959256 0.04460049856413772 0.1575928593926724
2264 0.01127139696008464 0.04459770857979359 0.1663661914323051
2265 0.003789030816393174 0.04584368272153125 0.1707565628945863
2266 0.01844942833822773 0.04213808958641338 0.1619693649195569
2267 0.01845940331760776 0.04213372080837261 0.1707408517996954
2268 0.02513779667915129 0.03852390398334066 0.1663460918027039
2269 0.02514573204320294 0.03851872479731691 0.1751179615210471
2270 0.01846939128671934 0.0421293435208532 0.1795099598648506
2271 0.02515298616753362 0.03851398819722339 0.1838869839774339
2272 0.03114364595271884 0.03385370462403929 0.1794965365924591
2273 0.02512985166123941 0.03852908713535921 0.1575722414378744
2274 0.03113388952606358 0.03386267743370078 0.1619502412599046
2275 0.0311281659178945 0.03386793891851158 0.1531728495438016
2276 -0.0404736684909088 0.02186051597945521 0.1225983660801023
2277 0.03625537475770239 0.02831161954354707 0.06134888346294316
2278 -0.04351510960600123 0.01491426283722059 0.03073415006843438
2279 -0.04537333598190912 0.007567058997575665 0.03511132223115337
2280 -0.03626706171710183 0.02829664705239698 0.1882936890439073
2281 0.03628537570732298 0.02827315882207744 0.1575541089476905
2282 0.01847791764753804 0.04212560455840132 0.1882758733468896
2283 0.03627940372055897 0.02828082151707571 0.1487715992126238
2284 0.03625308371197192 0.02831455317275476 0.05256503476234825
2285 -0.04351974884608345 -0.0149007201293702 0.07453198013114885
2286 -0.02530967712689334 -0.0384111994570908 0.1621314585118265
2287 -0.03128079512989671 -0.03372701967327427 0.1664997920224508
2288 -0.02531985311169667 -0.0384044924247425 0.170887155723571
2289 -0.03128901694009169 -0.0337193923273041 0.1752547904945222
2290 -0.02533009217155184 -0.03839773991500917 0.1796423097077758
2291 -0.03129787451287486 -0.03371117101164446 0.1840075970689087
2292 -0.03640553572999922 -0.0281182675179633 0.1796226627205439
2293 -0.03639246730383944 -0.02813517946519938 0.1621120844466946
2294 -0.03641277590137224 -0.02810889096276203 0.1883741429816534
2295 -0.04053138665256103 -0.02175331459848355 0.1839889095592734
2296 -0.04347860988901242 0.0150203356193885 0.1883114504879842
2297 -0.04535567554518808 0.007672202802300509 0.1839452920480735
2298 0.03114990966471977 0.03384794126501342 0.1882655620461495
2299 -0.02534044911610691 -0.03839090567561537 0.1883964327680637
2300 -0.01868506163212988 -0.04203413460276668 0.184030330184631
2301 0.03095649502528366 -0.03402492344957719 0.188523113727191
2302 -0.02523106446386338 0.03846288322552498 0.03072255851377596
2303 -0.01856959275067472 0.0420852732564978 0.03509732380670678
2304 0.02492888649126671 -0.03865941823547711 0.1928827327781265
2305 -0.04537311706735706 0.007568371528401008 0.04386274208138485
2306 -0.04599999765111445 1.470025392040598e-05 0.03948725532052078
2307 -0.04599999797594338 1.364599592510273e-05 0.03073639024997588
2308 -0.04537806060108134 -0.007538674690195202 0.03511217984027587
2309 -0.04537815350520464 -0.007538115444730456 0.04386348336790229
2310 -0.04352438713192169 -0.01488716644598998 0.03948771449926293
2311 -0.04352442645228886 -0.0148870514877627 0.04823994806109877
2312 -0.04048860537522549 -0.02183283844966708 0.04386389257631278
2313 -0.040488566903513 -0.02183290979461398 0.03511126599758657
2314 -0.03635359536493482 -0.0281853881300682 0.03948657490341286
2315 -0.03635387211857171 -0.02818503116880544 0.03073507558336275
2316 -0.0312314298009901 -0.03377273741623305 0.0351105156710181
2317 -0.03123022613608661 -0.03377385046880046 0.04386488587624058
2318 -0.02526002685296193 -0.03844386873595895 0.03948668912162923
2319 -0.0252605506407157 -0.03844352456952715 0.03073279110883312
2320 -0.0186031245593469 -0.042070461806705 0.03510914246186053
2321 -0.04537798552118959 -0.007539126609807502 0.02636231459158393
2322 -0.04048855528862321 -0.02183293133411319 0.05261733875296593
2323 0.03613764409618573 -0.02846174062100582 0.1841519362543771
2324 0.03614599678660958 -0.02845113207417958 0.1753795061330438
2325 -0.04048301928897633 0.02184319457516163 0.1138608907198608
2326 0.01111575412056728 -0.04463675627026555 0.1226917312764847
2327 0.003623006444212027 -0.04585710222315839 0.1182962023718226
2328 0.003631515393340961 -0.04585642916699825 0.1095264197122647
2329 -0.003966097447347811 -0.04582870357143153 0.1139020110149729
2330 -0.00395666786381107 -0.04582951864699743 0.1051345682860621
2331 -0.01144513191102176 -0.04455343932334867 0.1095093875190358
2332 -0.01145499518702105 -0.04455090442701837 0.1182751326884635
2333 0.0183423432103919 -0.04218481297282459 0.09198771015007978
2334 -0.01856136246065695 0.04208890380615911 0.1050222020150419
2335 -0.02523590679408019 0.03845970629477684 0.1006513015571301
2336 0.03628916654866313 0.02826829303660532 0.1838758911976064
2337 0.03618830038472931 -0.02839730471831086 0.140290174300915
2338 0.03620058209277176 -0.02838164646641368 0.122729072414558
2339 0.02509125942797444 0.03855423064098262 0.08769682167822763
2340 0.03110148753975437 0.03389243975895662 0.09208656627456495
2341 0.01120048336875607 0.04461557096245904 0.1049551947159465
2342 0.03626119948945652 0.0283041589097051 0.08769403913277657
2343 0.03626117234538857 0.02830419368464729 0.09647883165153809
2344 -0.01137868031903288 0.04457045696643971 0.109394212639904
2345 -0.01862032920938098 -0.04206284988127021 0.1138834444548246
2346 0.003708645591824569 0.04585025570129615 0.08325300211687127
2347 0.0362120564280393 -0.02836700493976228 0.09639276916461176
2348 0.03621775339292201 -0.02835973094317868 0.08761123585985391
2349 0.03105543358236694 -0.03393464372895634 0.08321710469610127
2350 0.03622375891283248 -0.02835205971750536 0.07883081100995361
2351 -0.04351862901997352 0.01490399034560607 0.118228819076828
2352 -0.03120782132360088 0.03379455412095567 0.02634864297990793
2353 0.03629770311177407 0.02825733088615248 0.1926454524387471
2354 0.03613028364098439 -0.02847108364678127 0.1929227034472206
2355 -0.01869646897323849 -0.04202906194447754 0.1927841392107237
2356 -0.01153365568835841 -0.04453060505385479 0.1884178770149019
2357 -0.0453451370896989 0.007734244779964805 0.1914968619329425
2358 -0.04599982325951062 0.000127515072777344 0.1883303648019489
2359 -0.04053667921666779 -0.02174345046410467 0.19274000130971
2360 -0.01860374481799848 -0.04207018752925633 0.02635477680398365
2361 -0.01144006461893763 -0.04455474072996645 0.03073112406980444
2362 -0.01857204331165915 0.0420841918923229 0.02634204555996553
2363 -0.01140477011054835 0.04456378819989996 0.03071011214389809
2364 -0.03642014002428342 -0.0280993487577842 0.1971255672764519
2365 0.0362666789149387 -0.02829713767292976 0.0263881504433875
2366 -0.01862972969765769 -0.04205868722858823 0.1226470901349292
2367 -0.0114391666728071 -0.04455497128078683 0.03948723439045902
2368 -0.03116512485882928 0.03383393256087121 0.1488788156444014
2369 -0.04537425817681176 0.007561527286470053 0.06138538390717479
2370 -0.045999853311149 0.0001161695001893046 0.1795797855517384
2371 0.01129504660133076 0.0445917248183311 0.183904121274976
2372 0.01135516907635996 0.0445764526992366 0.1912575435838783
2373 0.003816999631727953 0.04584136247769462 0.1882950085598488
2374 0.01860252511618202 0.042070726869188 0.1949041729794936
2375 -0.04052636789269189 -0.02176266310510256 0.1752359709127872
2376 0.01829377573078076 -0.04220589733096427 0.135864752260426
2377 0.01114308129566435 -0.04462994218277921 0.09637077133504879
2378 -0.03125081812965366 -0.03375479767717932 0.1314733831717027
2379 -0.01856376371434241 0.04208784476256849 0.04385210865365598
2380 -0.03121362092276972 0.03378919751769243 0.1050442080529465
2381 0.03620715013103249 -0.02837326698476708 0.1139479231348915
2382 -0.03113142411539265 0.03386494400626625 0.1839099895062589
2383 -0.03116476913115719 0.03383426022542346 0.191299633546627
2384 -0.02514281732604149 0.03852062742102351 0.1882772860110176
2385 -0.03620940393875711 0.02837039066350552 0.1963412104585386
2386 0.03628607999683097 0.02827225492357451 0.1663311716900455
2387 0.04045034348660551 0.02190364608497021 0.1619390322351197
2388 -0.003960986608999725 -0.0458291455853513 0.03510925334701073
2389 -0.00396370191261398 -0.04582891082218669 0.02635122164611042
2390 0.0036200875554744 -0.04585733274069371 0.03072826150696756
2391 -0.04352199023343944 0.01489417222004641 0.1094896915034649
2392 -0.04047675376502791 0.02185480278211858 0.09639467312624765
2393 -0.01144783529412405 -0.04455274477603605 0.100771391197131
2394 -0.00395120841919099 -0.04582998965773519 0.09639798125257289
2395 0.00356820401994871 -0.04586139902000398 0.1797130770547757
2396 -0.02525933577421453 -0.03844432280903756 0.04824071925525854
2397 0.0111389879562912 -0.04463096399709063 0.08764207108376254
2398 0.01833664259347401 -0.04218729119532557 0.08326319558098857
2399 -0.03633872665908885 0.02820455539085885 0.09199446313188364
2400 -0.04354222395711349 -0.01483491600476969 0.1533386384683594
2401 -0.03631815392771179 0.02823104134251928 0.1357311947930919
2402 -0.04352473982149306 -0.01488613527653621 0.05699360552695026
2403 -0.04049070543630476 -0.02182894347581668 0.06136360074517326
2404 -0.03635285209999416 -0.02818634676924185 0.0569942797359923
2405 -0.04351447527603198 0.01491611348346484 0.1269899802343175
2406 -0.04537375428953956 0.007564550328505355 0.1226297481088867
2407 0.03111974918333985 0.03387567284595272 0.1443896159108221
2408 0.03627328586927045 0.02828866791219029 0.1399880401569475
2409 0.04042462098774653 0.02195108238782413 0.05695506546066284
2410 0.0404265638498054 0.0219475040789974 0.06574075778794577
2411 0.040399576637733 -0.02199714089357836 0.08322869230368844
2412 0.0404019807777474 -0.02199272491608371 0.07444419771350361
2413 0.03621332712972956 -0.02836538274367531 0.07013051236421255
2414 0.04039690540095867 -0.02200204613271219 0.06572152966598022
2415 0.03110404436638481 0.03389009330252671 0.1008711717984059
2416 0.03626274361190367 0.02830218058272788 0.1052642418222639
2417 0.04041385211620182 0.02197090251058818 0.100953397245106
2418 0.04038572213366206 -0.02202256678370254 0.1183477854368008
2419 0.04037377497752912 -0.02204446175491349 0.1096154287481591
2420 0.04038141761678866 -0.02203045871647957 0.1271342321796648
2421 0.04033444362628694 -0.02211634367064051 0.1797775955878985
2422 0.04032984929999812 -0.02212472046014235 0.171024590277597
2423 0.04042234826700021 0.02195526726280837 0.04817108085865252
2424 0.03625099355542113 0.02831722914136932 0.04378184210623425
2425 0.0404207303803834 0.02195824572948282 0.03938632471701276
2426 0.03624626660293787 0.02832327942433135 0.03500736443882543
2427 0.03109105710555832 0.03390200831896116 0.03939401577403313
2428 0.03108745205682071 0.03390531410582822 0.03062299211768559
2429 0.03623897628924681 0.02833260661335994 0.0262472086302521
2430 0.0250873749125794 0.03855675842178231 0.03500886986781027
2431 0.02508353513167763 0.03855925654493217 0.02624198132583328
2432 0.01840294346757432 0.04215841163669789 0.03062755042214511
2433 0.003559066599976304 -0.04586210903280542 0.1884769611733717
2434 0.01104286682227699 -0.04465484399642948 0.1928666648027226
2435 -0.04047603321870218 0.02185613723599205 0.02635679636610911
2436 -0.04351556478236029 0.01491293471025084 0.02198399568700024
2437 -0.04048840260192533 -0.02183321448491738 0.02635990715597562
2438 -0.04599999996386341 1.823339248458364e-06 0.09204390729293654
2439 0.04043278706283695 0.02193603725223143 0.1096591371773992
2440 0.03626202087568266 0.02830310657881135 0.1140528431378667
2441 0.04043170231129006 0.02193803656235493 0.118447504174096
2442 0.0362453846108484 0.02832440810346571 0.1227030221060053
2443 0.0404320928107513 0.02193731685833053 0.1272364950481241
2444 0.04045495575464061 0.02189512628166531 0.1707216377562763
2445 0.01839948974795335 0.04215991908216807 0.02186355970753703
2446 0.01111532102623738 0.04463686412018305 0.0262166990424154
2447 0.003827685473622717 0.04584047146261715 0.1970546407989049
2448 -0.003761915625764707 0.04584591574856617 0.1926839303986229
2449 -0.003779649605561228 0.04584445712252661 0.1839261035476522
2450 0.003548565853764001 -0.04586292271957273 0.1972353415478019
2451 -0.02513446524207622 0.03852607762275913 0.1970304084810617
2452 -0.03632506584969318 -0.02822214717230874 0.02233686321695415
2453 -0.04599979178402115 0.0001384045761528399 0.1970802725437199
2454 0.03115605419031848 0.03384228549152581 0.197034737193637
2455 -0.0434752534686758 0.0150300477655393 0.197061946864331
2456 -0.01154550676799832 -0.04452753388039928 0.1971719300961613
2457 -0.02531188314428519 -0.03840974579048983 0.1964825309582514
2458 -0.003962209674926302 -0.04582903986002675 0.04386596506738718
2459 -0.01146593755329453 -0.04454808947669867 0.1270390222793952
2460 0.01122340629779918 0.04460981003181387 0.03501027989565642
2461 0.003612442612832475 -0.045857935609543 0.1270669781157902
2462 -0.0459999996308984 5.827293305736263e-06 0.0570088729376929
2463 -0.01152133598926114 -0.04453379410091347 0.1796629913725797
2464 0.01125099646076353 0.044602859534338 0.1488220073378091
2465 0.0309925498510617 -0.03399208516301193 0.162223076350668
2466 0.03614854568882005 -0.02844789349992877 0.1578770052769584
2467 0.03108188488563077 0.03391041774965914 0.1357425643100019
2468 0.003736299837898853 0.04584801046415556 0.03063185570745173
2469 0.00373422227792673 0.04584817972372551 0.02187174217776334
2470 -0.01847046931325354 0.04212887090046633 0.1926452395823199
2471 -0.01847404187298971 0.0421273044102637 0.18389287885813
2472 -0.01857309781353224 0.04208372651760967 0.09625544232982912
2473 -0.02524670752278627 0.03845261706644799 0.09192751271809486
2474 -0.0459999983637984 1.226908898233777e-05 0.0219860294661013
2475 -0.04539741526129591 -0.007421232215303406 0.1927148964944437
2476 -0.04355157115195921 -0.01480745252215365 0.1796034392722528
2477 -0.04354866744933666 -0.01481599012510082 0.1708498327080859
2478 0.04348454526357747 0.01500314377788475 0.06138981543954251
2479 -0.04537792858890799 -0.007539469277075597 0.01761274736291178
2480 -0.01866063325412154 -0.04204498503454571 0.1665203539904669
2481 0.04043043766715815 0.02194036713553442 0.1886018096346979
2482 0.04043098947113096 0.02193935027263336 0.1963984243535279
2483 0.04041310292497343 0.02197228053651927 0.1447356569218003
2484 0.003707719269583868 0.04585033061841491 0.1093533233868938
2485 0.01837342909030478 0.04217128292408878 0.08319441588840179
2486 -0.04535939590171524 -0.007650176692826033 0.1992965311482113
2487 -0.02528648898018188 -0.03842646841768237 0.1182564155774595
2488 -0.02527029301164404 -0.03843712126454912 0.1095273381737591
2489 0.003678580282331343 0.04585267764380226 0.1006691091272382
2490 0.003618921029321953 -0.04585742481412941 0.02197057741313778
2491 0.01111106015504478 -0.04463792493195642 0.02633544310985452
2492 0.01118071644727212 0.0446205286804818 0.09621390793885881
2493 -0.01140790397849717 0.04456298606262139 0.02196109923326168
2494 -0.02526110869946056 -0.03844315787333343 0.02197885743428293
2495 -0.01875799820634606 0.04200163691203853 0.01907486359955149
2496 -0.01856926769522104 0.04208541668159198 0.200718670814906
2497 -0.003751187386712768 0.04584679479734398 0.2014405067022562
2498 -0.01872947392192299 -0.04201436428899057 0.01855680450447972
2499 0.01110478725793398 -0.04463948588364372 0.2001529282969382
2500 -0.004032599718450235 -0.04582289972831002 0.01923746839566743
2501 -0.04057185408540808 -0.02167774564091838 0.1999009045870034
2502 -0.03642767996303307 -0.0280895733771597 0.2058758291523491
2503 0.01110442018990261 -0.04463957719609454 0.01759050590493495
2504 0.018289199364388 -0.04220788062210266 0.02196852295109102
2505 -0.04048815531853551 -0.02183367305109575 0.01760922336386282
2506 -0.04050295045032883 0.02180621482096807 0.01902662933071365
2507 -0.04349925194496491 0.01496045053561111 0.01472614777453959
2508 0.0250777584654523 0.03856301376122509 0.01747811189568294
2509 0.04350938925960237 0.01493094257762711 0.1663215952664584
2510 0.04349893084159203 0.01496138414848017 0.1577790867357508
2511 0.04347042927111477 -0.01504399478147371 0.1229275957369617
2512 0.04347603865931134 -0.01502777636558602 0.07005619372593999
2513 0.04347234712619558 -0.0150384518930492 0.06132405305760723
2514 0.04349645408562537 0.01496858316531942 0.122842923181639
2515 0.04347059339029804 0.0150435205419269 0.1053726607491429
2516 0.01829088333695015 -0.04220715089595695 0.03072776534378171
2517 0.04349262208624322 0.01497971375104438 0.07013442525372077
2518 0.04042706000190848 0.02194659015888554 0.07453060716720594
2519 0.02497970775333139 -0.03862659965047603 0.0263465597292686
2520 0.0249775693724107 -0.03862798245115075 0.01758496546774203
2521 0.03098865560195916 -0.03399563536666383 0.02196356478361002
2522 0.03094186009742802 -0.03403823282297705 0.01435928269585281
2523 0.04347781574362456 0.01502263419522131 0.04383014880907869
2524 0.03621634856946877 -0.0283615249289374 0.01664731169138674
2525 0.04040241968354994 -0.02199191860011982 0.01354180775839676
2526 0.04049803828621368 -0.02181533623321839 0.0217521097530015
2527 -0.0186373247523464 -0.04205532220867623 0.1314190807290684
2528 0.00372952686167843 0.04584856191188573 0.0394114560750148
2529 -0.01143962979675563 -0.04455485237449654 0.04824570939885106
2530 -0.01147054309159121 -0.04454690383386874 0.1358247379227577
2531 -0.04352378362023526 -0.01488893076681269 0.06575385817285853
2532 -0.04599999873419913 1.079137054880768e-05 0.04824610997671995
2533 0.04536571079752415 -0.007612639741600878 0.0395142140668372
2534 -0.04537365392271488 0.007565152325082439 0.05262388593014682
2535 -0.04351626847126516 0.01491088120591046 0.05700394053383895
2536 -0.03634874620067299 -0.02819164148535982 0.06575650824974401
2537 -0.03122316265887392 -0.03378038060143049 0.06138464060489106
2538 -0.03634485453824547 -0.02819665846503406 0.07452268799000515
2539 -0.02524341768447419 -0.03845477686331278 0.06577706491991113
2540 -0.03117566110737173 0.03382422437423081 0.1401072385104062
2541 -0.03630608619601925 0.02824655917323772 0.1444938626802844
2542 0.00380266602210947 0.04584255371512689 0.1795278680552281
2543 0.04536896191201926 0.007593240087455767 0.02200278392125238
2544 0.04349625486897732 0.01496916204645292 0.01760278132432294
2545 0.04349466015412444 0.01497379504592005 0.008819063018381536
2546 0.04046041435903168 0.02188503758039869 0.01420663707446575
2547 0.04348944028802334 0.01498894871011481 0.02632340864983019
2548 0.04536898601260402 0.007593096087113695 0.1979969640621488
2549 0.04349617777563027 0.0149693860565745 0.2023969668766709
2550 0.0453684942919659 -0.007596033549153017 0.1980050503244053
2551 0.04349097637257058 -0.01498449112117284 0.1935894478519664
2552 0.0434931216156569 -0.01497826332141608 0.1848166773315997
2553 0.04536559673385943 -0.00761331944560596 0.1803762336846368
2554 0.04349642627846922 -0.01496866396849406 0.2024000024593345
2555 0.04037880968429678 -0.02203523833497928 0.1967224576465593
2556 0.03109264533452911 0.03390055170791746 0.04817581701830136
2557 0.01128322765976359 0.04459471687967024 0.1751345003610672
2558 0.01830643304522485 -0.04220040887433082 0.1270885117769499
2559 0.01110389445190902 -0.04463970797396488 0.1314649602799099
2560 0.01109097545069089 -0.04464291952316932 0.1402449960345961
2561 0.03110862372436609 -0.03388588983597461 0.03077307404410668
2562 0.01113409939355599 -0.04463218379929909 0.1051452618160543
2563 0.045368986012604 0.00759309608711374 0.1804030359378524
2564 0.04350487087611515 0.01494410285204659 0.1757028272871211
2565 0.02512046084410129 0.03853521048314092 0.1912903385903528
2566 0.01828632647458803 -0.04220912536484002 0.1446515093937345
2567 0.003574073348829707 -0.04586094198440744 0.1709458036987113
2568 0.0184106474124388 -0.04215504788106474 0.03953832132002621
2569 0.0182425350959 -0.04222807020543156 0.1884988275276298
2570 0.04536887641416484 -0.007593750912180173 0.08360188992066639
2571 0.04347582915201633 -0.01502838246601033 0.08795544877224117
2572 0.04348366174555275 -0.01500570428864811 0.09665822346333308
2573 0.04536808976519244 -0.007598449253462231 0.1011878028918769
2574 0.04536880638552609 0.007594169286541292 0.08358862907695765
2575 0.04348702732901445 0.01499594792220718 0.08790743251108356
2576 0.0434900445773826 0.01498719528988911 0.07901359074406722
2577 0.04536887641416384 0.007593750912186153 0.1363981100793292
2578 0.04350537200575526 0.01494264389727756 0.1317308026865934
2579 0.04536879955592953 -0.007594210087552835 0.1363980489062991
2580 0.04349056776641304 -0.01498567700689677 0.1407833654533925
2581 0.04349033824722062 -0.01498634308770285 0.1495766602844573
2582 0.04037683831850231 -0.02203885041016259 0.1447368660644385
2583 0.04348402269272133 -0.01500465829197373 0.1319272034669215
2584 0.03108097519402945 0.03391125153968998 0.02185839675065437
2585 0.03102769979653688 0.03396000361213151 0.01430699228469207
2586 0.003720502770522772 -0.04584929507783661 0.04829785924374094
2587 0.003731638433034386 -0.04584839009829136 0.03953222551140648
2588 -0.01149509333400167 -0.0445405750888175 0.02302410574280954
2589 -0.03120435943524518 0.03379775069787966 0.1138110197221772
2590 -0.03634066352275114 0.02820205976034701 0.1094719411054264
2591 -0.003884107313947304 0.04583572526287482 0.05259294719755989
2592 -0.00387291218395864 0.04583667255828399 0.04382305252592239
2593 -0.01137012964990931 0.04457263904845946 0.05698030535315969
2594 -0.003815146003728224 0.04584151678304544 0.1663771603563034
2595 -0.003797417563291484 0.04584298877527517 0.1751458363447355
2596 -0.01128518676334852 0.04459422114709868 0.1707628368226917
2597 -0.01131018521806163 0.04458788748453037 0.1619994689541073
2598 -0.00387214930608475 -0.0458367370102998 0.05267556714563329
2599 -0.01857255792757696 -0.04208396478501993 0.05268053158928522
2600 -0.02519515403324751 0.03848641595733398 0.0229162656302296
2601 -0.03120910071905095 0.03379337260925777 0.0175949511673124
2602 -0.00397627130715682 -0.04582782196975852 0.122671378925168
2603 -0.01148963484243874 -0.04454198346714499 0.1621504645540783
2604 -0.03639879762723649 -0.02812698937482437 0.1708694487684153
2605 -0.01138733572076124 0.04456824637769222 0.04824043929841131
2606 0.01838646202531364 0.04216560226288366 0.07446743109042073
2607 0.003720108866003036 0.04584932704004591 0.1181275340324774
2608 -0.01861121540214555 -0.04206688318921358 0.1051204656204888
2609 -0.01860290614482234 -0.04207055838667858 0.09638921561645468
2610 -0.04047457498842142 0.02185883756073619 0.06138157375781534
2611 -0.04047489145515205 0.02185825156991427 0.0526222099896634
2612 -0.03114458191028105 -0.03385284356791603 0.02755572036511665
2613 -0.04352423474912375 -0.01488761194762841 0.03073653585050212
2614 -0.04352409162218607 -0.01488803037555848 0.02198553255558247
2615 0.04536671782178615 -0.007606636186806292 0.1627746094437922
2616 0.04536758274484063 -0.007601475902088904 0.1539852165950467
2617 0.04349126229602841 -0.01498366123142331 0.158385104339734
2618 -0.03638604115426106 -0.02814348964006454 0.1533553470509824
2619 0.02508441824153317 0.03855868205065933 0.04379527990926844
2620 -0.003873198002736464 0.04583664840748719 0.122535417304799
2621 -0.04537341513658231 0.007566584357777508 0.02636061636293276
2622 -0.04533848782797247 0.007773128165210729 0.01979722213493831
2623 -0.01851487991944715 0.04210937213457893 0.1400904017420392
2624 -0.0251926340041161 0.03848806557797694 0.1357173516326701
2625 -0.02518161630144202 0.03849527504054166 0.1444861145884526
2626 -0.04348618187958652 0.01499839943245683 0.1708042459946467
2627 -0.0453577501041381 0.007659928556491914 0.1751922521888533
2628 -0.04599988743190846 0.0001017656707818944 0.1708240112593429
2629 -0.04535986557223248 0.007647391402890158 0.1664374491748346
2630 -0.04046940688182792 0.02186840430010974 0.131355278114226
2631 -0.04350862848501444 0.01493315932256099 0.1357513495931701
2632 -0.03633411007094551 0.02821050239454123 0.03072854747079793
2633 -0.036313805377155 0.02823663469732377 0.0223188723871432
2634 -0.02528511130052153 -0.0384273749626518 0.1270591963131765
2635 -0.04052189219292812 -0.02177099568473409 0.166482506953559
2636 -0.04354547628490614 -0.01482536660999238 0.1620937050082159
2637 -0.0405170654873622 -0.02177997714169607 0.1577245761159779
2638 -0.04538834014349483 -0.00747653522819334 0.1576993347938682
2639 0.01840395430107006 0.04215797037434469 0.03939759640280335
2640 0.01121673798333006 0.04461148718674732 0.04379387643910725
2641 -0.04039660531695813 0.02200259709365942 0.1912824106666041
2642 0.02503914376615829 -0.03858809763978598 0.08760506284216539
2643 0.03623108541102758 0.02834269658904785 0.01746557768443077
2644 -0.0405121005883971 -0.02178921076853394 0.1489672244148095
2645 -0.03130734127070506 -0.03370237947919415 0.1927598292200297
2646 -0.03127159950173079 -0.03373554601015598 0.2000520272693086
2647 -0.04537656291028642 0.007547684310357606 0.1138632766818493
2648 -0.0453766557516971 0.00754712612800222 0.1051278231970635
2649 -0.02522004800935398 0.03847010759545495 0.05699630193180776
2650 -0.04351538827629545 0.01491344974052781 0.04824424781938105
2651 0.003608793261209023 -0.04585822293981584 0.1358597544790471
2652 0.01120376241160804 0.04461474764945151 0.07012704793274521
2653 -0.01856016349508403 0.04208943253401916 0.07884524713518411
2654 -0.04537299310304563 0.007569114668901098 0.08763491282880552
2655 0.01837151508925938 0.04217211677548467 0.1006700926472007
2656 -0.04355500662814619 -0.0147973442759889 0.1883544425198515
2657 -0.04359283690666663 -0.01468552247721422 0.1953906269731403
2658 0.03625606151560892 0.02831074007115289 0.07013470190196032
2659 -0.03634522346009603 -0.02819618292669568 0.1008157038097039
2660 -0.03635194537435707 -0.02818751616407093 0.1095726715576709
2661 -0.003983364925856659 -0.04582720593563887 0.1314489111354851
2662 0.03104620601608568 -0.03394308607075622 0.07450622505043102
2663 0.02503316385433626 -0.03859197724193401 0.07887107985686448
2664 -0.04538316650555591 -0.0075078757267944 0.1314395312925129
2665 -0.0453815509198787 -0.007517635007531064 0.1226840539371359
2666 -0.04537820920571221 -0.007537780129628063 0.1051725248756601
2667 0.003642286725592372 -0.04585557487818219 0.1007524726140683
2668 0.0251188980933939 0.03853622916910387 0.1487915415378527
2669 0.01843745692524734 0.04214332903473157 0.1531978262112385
2670 -0.02522396120490972 0.03846754191696175 0.04823820036000108
2671 -0.04539560484782575 -0.007432298466831046 0.183966131654079
2672 -0.03113787953947713 0.03385900851745384 0.1751547390922587
2673 -0.01867347295369905 -0.04203928410246147 0.1752760027263335
2674 -0.03635319184687629 -0.02818590858113691 0.04824057316307056
2675 0.0310868070144601 0.03390590552758788 0.1095527079090936
2676 0.01838351663040552 -0.04216688649046315 0.06584758781151751
2677 -0.0185892402852201 -0.04207659855095645 0.04387802279574762
2678 -0.03636594754133313 -0.02816944904361828 0.1270881053075836
2679 -0.003906043206676196 -0.04583386113418308 0.07895079545005831
2680 0.003693509361850946 -0.04585147749630233 0.07459314590559449
2681 -0.04537780279467514 -0.007540226357847139 0.05261638745841135
2682 -0.03122893551710577 -0.0337750438411033 0.05261985432340773
2683 -0.01864910742227178 -0.04205009860098508 0.157761629694632
2684 0.03108671082080003 -0.03390599372299763 0.05709725284106199
2685 -0.03629380090123147 0.02826234272210586 0.1532720231849096
2686 -0.0404489114187529 0.0219062905357772 0.1489077608013491
2687 -0.01139281757171284 0.04456684538732432 0.1006294124804851
2688 -0.01136704066896597 0.04457342690920313 0.1181607174858176
2689 -0.04536588195917513 0.007611619674299864 0.1401754582542114
2690 0.003752849331921371 0.04584665878656696 0.1444485163530552
2691 0.04042091838501762 -0.02195789964709158 0.04834171013794842
2692 -0.01848677296703633 0.04212171916322095 0.1663804764628953
2693 -0.03633340769600307 0.02821140700489829 0.08326275007225753
2694 -0.03121371133126175 0.0337891140003502 0.07885142367677817
2695 0.03113878056596765 0.03385817988115303 0.1707237638961083
2696 0.02496670113965261 -0.03863500788408447 0.1665951983652073
2697 -0.01855754480735049 0.04209058719860271 0.052613026292091
2698 0.03103870057102493 -0.03394994943828718 0.1095547331333525
2699 0.003710608959938356 0.04585009684991325 0.07450100715400615
2700 -0.02514995200832545 0.03851596959676501 0.1795238095695373
2701 0.0434842770897661 -0.01500392102020146 0.04390683156908902
2702 0.03619369846942205 -0.02839042428539164 0.1315105701072487
2703 0.003603986873524937 -0.04585860092300527 0.1446406580886214
2704 0.04043018165238255 0.02194083889816771 0.1533962793330788
2705 -0.02528725580512433 -0.03842596379853348 0.1358369845492569
2706 0.02508489360041253 0.03855837280093628 0.05257652566763481
2707 0.0110888892535065 -0.0446434377610357 0.1490262284405726
2708 -0.04539279797164944 -0.007449422279950181 0.1752153907088424
2709 -0.04539053813937131 -0.007463179444330583 0.1664553418773159
2710 0.01821919910282391 -0.042238143709823 0.1972545403958191
2711 0.01821206811754085 -0.04224121890857379 0.2060102137351907
2712 -0.04351710121347765 0.01490845068999264 0.06576707937026435
2713 -0.01848079065911571 0.04212434422770213 0.1751355195637859
2714 0.01124235613897177 0.04460503815091434 0.1400511253173847
2715 0.03625779960687902 0.02830851404908784 0.07891434716506651
2716 -0.04537642328348853 -0.007548523696570103 0.09641768168343146
2717 -0.04599998956008702 3.099148084288634e-05 0.1270597801076429
2718 0.03097456282890129 -0.03400847626046257 0.1709921525817831
2719 0.03620594324364276 -0.0283748070273283 0.1051745813982369
2720 0.03628515958032981 0.02827343619424423 0.1751042585281655
2721 -0.003849525505885066 0.04583864257784626 0.02625359757786264
2722 -0.003977258162500884 0.04582773633411125 0.01749142786761514
2723 -0.003862714727095348 0.04583753303720741 0.03503344493724952
2724 -0.01150485077140858 -0.04453805573582686 0.1709136277670442
2725 -0.04045935722160434 0.02188699187221974 0.140117910436921
2726 -0.003887704725131883 0.04583542027701052 0.1137643499277932
2727 -0.003906563775443231 0.0458338167674087 0.1050306114110866
2728 0.01118874478204455 0.04461851622591534 0.07883735815065343
2729 -0.01128502657102808 0.04459426168568317 0.1962548482120946
2730 -0.01127103303704092 0.04459780055426425 0.1879248753042181
2731 -0.01127803854955746 0.04459602949226193 0.1793673389893299
2732 -0.02525046912225719 -0.03845014706221468 0.05700713499723677
2733 0.01842894476985795 0.04214705202822049 0.1444269942351184
2734 -0.01139431805749653 0.04456646178467177 0.03946751291415001
2735 -0.04048375374732939 -0.02184183331420679 0.07892524321996187
2736 0.03615118007334205 -0.02844454568638417 0.1666218121343724
2737 0.02494986952556628 -0.03864587960775662 0.2000869624138294
2738 0.03098541108717224 -0.03399859261438543 0.1965260385064012
2739 -0.04048721393022982 -0.02183541866252635 0.07014035853901822
2740 -0.004029391326192238 -0.04582318196655932 0.1928470632268103
2741 -0.004022819451885404 -0.04582375937936053 0.1840824719676332
2742 -0.004016856866995655 -0.04582428243748143 0.1753162899950007
2743 0.003640892576120912 -0.04585568559349154 0.09201941714142284
2744 -0.04537521746780779 -0.007555768640525612 0.07015338913133526
2745 -0.01855967968291479 -0.04208964587719407 0.06144408329924143
2746 -0.004153646898353268 -0.04581208593203108 0.2000240214167011
2747 0.04042778877426388 0.02194524765919727 0.02232056113892456
2748 -0.04526691247188257 -0.00817964762461819 0.01053548934986941
2749 -0.03323049055209211 -0.03180777417027662 0.007229059567938178
2750 -0.03030176375230694 -0.03460929229989219 0.01650380671540735
2751 -0.0427049249187393 -0.01709647296037517 0.007570662422372246
2752 -0.03323703467071627 0.03180093593430238 0.00806159973431919
2753 -0.04519662967784994 -0.008559478124470773 0.2106966836111769
2754 -0.04517396737643176 0.008678287358291292 0.2125651560238582
2755 -0.0457917084383619 0.004372577991992372 0.2048583854632193
2756 -0.03871952341184075 0.02483542845935853 0.2126132614505726
2757 -0.04105351893449048 0.02075111040632359 0.2053280270763133
2758 -0.03326460817944397 0.03177209219846985 0.2126189907909836
2759 -0.02995584005681446 0.0349091341412323 0.2054446625170841
2760 -0.04537686051959079 -0.007545894869768735 0.06137363766071949
2761 -0.01904016618672232 0.0418744799559588 0.009466424204188804
2762 -0.001929827687491605 -0.04595950135822397 0.2136443303177825
2763 -0.01900345894203567 0.04189115119256529 0.2106326984086461
2764 -0.01903584133714324 -0.04187644617905283 0.2106776247175856
2765 -0.002007105693210165 -0.04595619138632229 0.006559046423021655
2766 -0.002221222303934301 0.04594634013146754 0.008541791859378832
2767 -0.01903410348008283 -0.04187723611593176 0.009338117086094498
2768 0.01500521193369012 0.04348383164838448 0.2125938464785006
2769 0.01054818990274049 0.04477427486599558 0.2049699085944722
2770 0.02303285756764786 0.03981818017273575 0.2126098778804631
2771 0.02681759778683175 0.03737400766500319 0.2055996083660531
2772 -0.00193322037968135 0.04595935877450407 0.2135327199024634
2773 0.02510721680785191 0.03854384080710585 0.1400369257372011
2774 0.02509778408581748 0.03854998357952552 0.1312676036014825
2775 0.0150472267897207 0.04346931062184805 0.007571934579106067
2776 0.0108449203253485 0.04470332988868774 0.01514736356717962
2777 0.01504512631260147 -0.04347003766087473 0.007570662422372263
2778 -0.04537362050017706 0.00756535278132566 0.0963719066679337
2779 0.03619093755233089 0.02839394370430578 0.2105344903054115
2780 0.03614034636139297 -0.02845830924138941 0.2105270541545987
2781 -0.04536984394290704 0.007587968146761113 0.1313997881295937
2782 -0.04352358154405288 0.01488952146907952 0.1007529007471148
2783 -0.04048070373257193 0.02184748556048812 0.1051398696286742
2784 -0.04599999772662763 1.44620279565759e-05 0.1182930948701104
2785 -0.01858986721894 -0.04207632156905092 0.08765886454515794
2786 -0.04599999993351739 -2.473135647610825e-06 0.1095394042271404
2787 -0.03125244351239449 -0.03375329279499397 0.1227125842744382
2788 -0.04599999746436741 -1.527344726457785e-05 0.100784089567756
2789 -0.01145397227031309 -0.04455116742837273 0.09205351980867402
2790 -0.03125515430939822 -0.03375078264419517 0.1139638866118327
2791 -0.03633990762900767 0.02820303376438766 0.1007333334191811
2792 -0.03124453327430865 -0.03376061522648276 0.1051998691888135
2793 0.01112376625167668 -0.04463476027019814 0.03507563558372911
2794 -0.003945923799291324 -0.04583044496151206 0.08766468330608022
2795 -0.02526651983209346 -0.03843960165733287 0.1007836365631399
2796 -0.02525591030738741 -0.03844657324840801 0.09205317071597441
2797 0.04536853570755413 0.007595786183956577 0.03959276835395054
2798 0.04347978908584954 0.01501692182339773 0.05259401118697798
2799 0.04042269164720792 0.02195463504581087 0.03085986779374347
2800 -0.03120246783154335 0.03379949705574777 0.096327192869555
2801 0.04343629020155841 -0.01514228164861559 0.1754451719698531
2802 0.003638204043412865 -0.04585589898081265 0.08328139717153855
2803 0.04535365062809099 -0.007684163891085449 0.0658755499055028
2804 0.0453688818288189 0.007593718562250448 0.05713858507886421
2805 0.04031633906128671 -0.02214932966695307 0.1884195895564267
2806 -0.03121519492230546 0.03378774342809054 0.08758903338422934
2807 0.04347611607178743 -0.01502755240591317 0.07901354740765612
2808 0.03626136703880291 0.02830394425653812 0.2011969618284039
2809 0.01113101092053685 -0.04463295414698527 0.07890714033336588
2810 -0.02525108814118875 0.03844974054120413 0.08320558553485817
2811 0.040371239152202 -0.02204910540851288 0.1008206063819386
2812 0.04536922311743161 0.007591679242480448 0.06588329783687223
2813 0.04036770975796996 -0.02205556639255262 0.09201198526458486
2814 0.04031309019303583 -0.02215524224846478 0.1624589576046639
2815 -0.01883758179150948 -0.04196600424448568 0.2005372465174386
2816 0.01832899561179097 -0.04219061412047646 0.07452949857304121
2817 0.04538009468596581 -0.007526420549821633 0.1188
2818 0.04345282411026415 -0.01509476985059549 0.1141215466475343
2819 -0.0186167700742145 0.04206442525464756 0.08757968289013156
2820 0.03616835479817902 -0.02842270414990524 0.1491615552184878
2821 0.04038025027583399 -0.02203259829573011 0.1359763906057288
2822 0.04347261070536524 0.01503768993096227 0.03509389925330166
2823 0.0251391627223114 0.03852301257198285 0.09650931025108907
2824 0.04041175619032648 0.0219747573732592 0.08336959322644327
2825 -0.04520943489247345 0.008491583874825929 0.009224675253482164
2826 -0.01144140316921359 0.04455439701667512 0.09195241506758339
2827 0.02501810109722077 -0.03860174371047558 0.07014886909415705
2828 0.04041246341910271 0.02197345672395868 0.09216201652327254
2829 0.02516309900461442 0.03850738174018031 0.1052647802839769
2830 -0.003938163500324889 0.04583111244825624 0.09633784092671249
2831 0.03103528906592273 -0.03395306808809209 0.065765364396374
2832 0.04536871250904052 0.007594730098695377 0.1011881393017235
2833 0.04346778011829956 0.01505164747086381 0.1140540266466281
2834 0.04538055177562984 0.007523664036849276 0.1187945060032381
2835 0.03105922764117703 0.03393117119012465 0.1269507159029679
2836 0.03619907020223114 -0.02838357476594415 0.06138342687057406
2837 0.04038360523358711 -0.0220264483822925 0.05699885357976546
2838 0.003661938855536082 0.04585400968092447 0.09195242838863341
2839 0.0434642078812824 -0.01506195980782941 0.05262864564762344
2840 0.01114034509139705 0.04463062526163605 0.08753528246884239
2841 0.0183349900937228 0.04218800941337582 0.09193815742778003
2842 0.04346626153187489 0.01505603229415549 0.09663311297078206
2843 0.04535454226186316 -0.007678899414425797 0.05712625618144892
2844 0.03608166609921151 -0.02853267200079605 0.2016169218760502
2845 0.03107358481170947 0.03391802362976797 0.1182842179963147
2846 0.02501793682390221 0.03860185017684046 0.1138777866494971
2847 0.02297215724007765 -0.03985323063111883 0.2135403068062042
2848 0.04346429394747336 -0.01506171144484023 0.01802024397444008
2849 0.04370517714684358 -0.01434773468401969 0.008109249401485438
2850 0.04343004197720142 -0.01516019306798309 0.1053795938069787
2851 0.0362229773708012 0.02835305821943065 0.1313242519865636
2852 0.04042605610680316 0.02194843929872014 0.1360840571980782
2853 0.04354338187576372 0.01483151694269374 0.1403873188222829
2854 0.0454028665280125 0.007387808270352025 0.1541460148264873
2855 0.04540889416921585 0.007350668699441879 0.1628
2856 0.04044433770454528 0.02191473357448584 0.1799422859754032
2857 0.04357872975623892 0.01472733216956474 0.184800052225094
2858 0.04355302989234949 0.01480316139194976 0.193047608483538
2859 0.04029205883579103 -0.0221934673895981 0.1537201246503612
2860 0.04338086125073855 -0.01530035545809872 0.1668911460666676
2861 -0.03327474627326694 -0.03176147446907508 0.2134136171806543
2862 -0.0441366767862669 0.01295969761470571 0.2052188858606027
2863 0.04342266705740581 0.0151813038182392 0.1491634744157873
2864 0.01897788253529119 0.04190274423563079 0.2031333426672353
2865 -0.03617458066129032 0.02841477985098249 0.2031433102034211
2866 0.04399902321480052 -0.0134196108789877 0.2115779533735717
2867 0.04399899696731767 0.01341969693659177 0.2115776246109691
2868 -0.0388496667310527 -0.02463134983889711 0.2133842059954421
2869 0.01504512631260147 -0.04347003766087473 0.2132811244047516
2870 0.003041130531299431 -0.04589936301400705 0.2052322061968813
2871 -0.04371728617768023 -0.01431079624824588 0.2050454279892036
2872 -0.03615844235816817 -0.02843531336614791 0.01411205981133691
2873 -0.03615844235816828 0.02843531336614777 0.01410518851580216
2874 0.003071068793323836 0.04589736960291594 0.2053648775520763
2875 -0.02488839032654229 -0.03868550150836455 0.2049319587204886
2876 0.04020834980401759 0.02234476686022387 0.2039567545616195
2877 0.0187049562138214 -0.04202528540104188 0.01538991169880769
2878 0.01893307281624178 0.04192300983630453 0.01411770866839363
2879 -0.01176249487533101 0.0444707062492582 0.2042720747255052
2880 -0.01186477318811618 -0.04444352773120693 0.2038710687880027
2881 0.03127028245913952 -0.03373676681197579 0.204083136127524
2882 0.002968995435871489 -0.04590408550556011 0.01433660950278587
2883 0.002943666847977121 0.04590571669724938 0.01428505497951183
2884 -0.04370690568627731 -0.01434246824402481 0.01543376603116299
2885 -0.02404900487939194 0.03921282142757625 0.2055583926972258
2886 -0.04270492491873938 0.01709647296037497 0.006094132067105139
2887 0.03992247796431609 -0.02285160285819567 0.2040178667445663
2888 -0.02467688868156474 0.03882075688336926 0.01560465651455872
2889 0.03012359376148315 -0.03476448042029585 0.005921551602939414
2890 0.03229967083625652 0.03275257644628099 0.2056695948885751
2891 0.03012359376148308 0.03476448042029591 0.005871795692264713
2892 0.0408420082136828 0.02116436545407083 0.005942394051212127
2893 -0.01191900433081471 -0.04442901457113381 0.01587556480995406
2894 -0.01201309058604622 0.04440366712977035 0.01573456179344094
2895 -0.04599696081582433 0.0005287681037290319 0.01473427215026673
2896 -0.02443406558442553 -0.03897404827594885 0.01498381031539888
2897 0.04088643063812648 -0.02107841999946089 0.005578327826970762
2898 -0.04519247705288082 0.008581376219747049 0.1985918836347971
2899 0.04553197829425784 -0.006545147256650011 0.006750725604313022
2900 0.04549339913227622 0.006808130095070817 0.007316137922453529
2901 0.04554962650564794 -0.006421177866713729 0.2135482004895614
2902 0.04554962650564798 0.006421177866713443 0.2135482004895613
2903 -0.04594754869641036 -0.002196080324350401 0.2055065073396532
2904 0.02420576720836309 0.03911624769650757 0.1983351304758169
2905 0.01129448213859067 -0.04459186779246924 0.2081070377739416
2906 -0.03198100330028167 0.03306380843017593 0.1983583933143344
2907 -0.006101794394321715 -0.04559350946318372 0.2071448423596716
2908 0.02670935757174981 -0.03745143813132429 0.2076896768691895
2909 -0.03981529550298725 0.02303784373611826 0.1983466266013045
2910 -0.006151220950857514 0.04558686741610714 0.2073863459756051
2911 -0.03008441208729643 -0.03479839291349145 0.2077057085612057
2912 0.012516587196457 0.04426437670354671 0.1980981583125285
2913 -0.0409279065093545 -0.02099777294766133 0.2077695268535843
2914 -0.04117194849263218 0.02051513239830644 0.01145194865204557
2915 -0.006038289203133344 -0.04560196337329483 0.0126071761981522
2916 0.005258775118061543 -0.03780680184499159 0.22
2917 -0.009330827476802674 0.03737807182074823 0.22
2918 0.03721719475167668 0.003901144229927064 0.22
2919 -0.03745697168514165 -0.007263820472429239 0.22
2920 -0.02154228628400262 -0.03056883626268556 0.22
2921 0.02967689987223907 -0.02322188527599443 0.22
2922 0.02560664953254516 0.02923377372159713 0.22
2923 -0.03226540474991752 0.02116557478275013 0.22
2924 -0.008707820604945064 -0.03649716496912856 0.22
2925 0.02025214259010152 -0.03369730286775372 0.22
2926 -0.03318296069595952 -0.02088455166391218 0.22
2927 -0.02216872007408461 0.03113161133350526 0.22
2928 0.03422057505717108 0.01760279660521087 0.22
2929 0.03667007632205424 -0.01076730590622701 0.22
2930 0.005439014276032458 0.03782917521766325 0.22
2931 -0.03827478258777935 0.006973052284559145 0.22
2932 -0.02887052991157179 -0.02713146263656748 0.22
2933 -0.0243959419200512 -0.02053250994334961 0.22
2934 -0.01520284487448952 -0.02430046189728845 0.22
2935 -0.01618558265786661 -0.01575785534171228 0.22
2936 -0.008190879926856222 -0.01964442014462612 0.22
2937 -0.008839433630245598 -0.0109713591280735 0.22
2938 -0.0009786402279654354 -0.01481025583041102 0.22
2939 -0.001613764144070538 -0.00610326270219573 0.22
2940 -0.009455369510034031 -0.00228267299696002 0.22
2941 -0.002239103058993729 0.002614309114707529 0.22
2942 0.005624604027137829 -0.001204908769159032 0.22
2943 0.004996903675462146 0.007516585821465633 0.22
2944 -0.002871955869329765 0.01133376267164392 0.22
2945 0.01286385695877791 0.003698164938990951 0.22
2946 0.01349110706522998 -0.005024432787526912 0.22
2947 0.004368598268923261 0.01623849449841956 0.22
2948 -0.003499241978577474 0.02005641385273346 0.22
2949 -0.01073962609019857 0.01515180916543728 0.22
2950 0.02073121892089049 -0.0001201807700851102 0.22
2951 0.02000887372269017 0.008595555696433006 0.22
2952 0.02126249746694124 -0.008849763394724694 0.22
2953 0.01410240937921718 -0.01374783392284793 0.22
2954 -0.0004016143852011102 -0.02343594597464717 0.22
2955 -0.02389844442158989 -0.01154291786297426 0.22
2956 -0.01128262546937803 0.02364930245832321 0.22
2957 -0.01849148173133744 0.01881276480440292 0.22
2958 -0.01796068653276818 0.01022105012086947 0.22
2959 0.003581969511899319 0.02463304933872521 0.22
2960 0.01140182207837032 0.02107532997619424 0.22
2961 0.03028203914204839 -0.003931911105894972 0.22
2962 0.02177592090613297 -0.01777221638932593 0.22
2963 0.01439800054947865 -0.02203220456528512 0.22
2964 0.01006961424962421 0.03045401305393071 0.22
2965 -0.02669277849021747 0.0144159094475841 0.22
2966 -0.02494914629951748 0.005453699893619134 0.22
2967 -0.004595270509840974 0.02969317428836709 0.22
2968 0.02811172550234951 0.005298837311454313 0.22
2969 0.01218607935572862 0.01240817135054697 0.22
2970 0.01905610634432004 0.01712050564437363 0.22
2971 -0.01010582799809949 0.006427737869633702 0.22
2972 -0.0172853240756576 0.001557619376659864 0.22
2973 0.00625080221834701 -0.009923123269257338 0.22
2974 0.006813241513076871 -0.01855130930016594 0.22
2975 0.007552775306036391 -0.02858234605874254 0.22
2976 -0.007582896957409237 -0.02822150165028924 0.22
2977 -0.01669566279589057 -0.007034287930772984 0.22
2978 -0.02428418368857351 -0.00286521949637059 0.22
2979 -0.032302770650065 0.0006941651896398486 0.22
2980 0.02687554462211204 0.0132847742799886 0.22
2981 0.02915181643104907 -0.01378539183801208 0.22
2982 -0.0007070316144600035 -0.03218574650808157 0.22
2983 0.02165086672047773 -0.02586526068807332 0.22
2984 -0.0312405284658095 -0.01357914652040596 0.22
2985 0.01776642811153219 0.02596966066812993 0.22
2986 0.01858866844361519 0.03382820487522999 0.22
2987 0.02619919771347454 0.02120842538952575 0.22
2988 0.03321559300798881 0.01034614035207795 0.22
2989 0.01282025917261123 -0.03594304945323325 0.22
2990 -0.01647173775777696 -0.03606807461119634 0.22
2991 -0.01629060288043166 0.03652600688536113 0.22
2992 -0.001755308491841207 -0.03959744828693876 0.22
2993 0.03936653896045193 -0.003803358863363425 0.22
2994 -0.001780990301035948 0.03801599539790865 0.22
2995 -0.03552744923326925 0.01431834328837938 0.22
2996 0.03524346487687854 -0.01816926895590545 0.22
2997 -0.02918161803724258 0.02736240623531073 0.22
2998 -0.03986840449087186 5.762814310993076e-05 0.22
2999 -0.02445537729599254 0.02310968794601456 0.22
3000 -0.01360005118394893 0.03069133797647319 0.22
3001 -0.03136631022220916 0.008641425900887777 0.22
3002 0.002258817579333423 0.03182238897877155 0.22
3003 0.01248443590926723 0.03790103808865281 0.22
3004 0.0318582886743233 0.02505363513146299 0.22
3005 -0.01798039673443612 0.02556206095196965 0.22
3006 -0.03005648834675246 -0.00667303993134551 0.22
3007 0.02640215578345516 -0.03049497347747266 0.22
3008 -0.0377667430169525 -0.01516849934203611 0.22
3009 0.01533480886774111 -0.02922403272661759 0.22
3010 0.03906745391035789 0.01158563552963801 0.22
3011 -0.01351350563433428 -0.03077483613055401 0.22
3012 0.005258775118061543 -0.03780680184499159 0
3013 -0.009330827476802674 0.03737807182074823 0
3014 0.03721719475167668 0.003901144229927064 0
3015 -0.03745697168514165 -0.007263820472429239 0
3016 -0.02154228628400262 -0.03056883626268556 0
3017 0.02967689987223907 -0.02322188527599443 0
3018 0.02560664953254516 0.02923377372159713 0
3019 -0.03226540474991752 0.02116557478275013 0
3020 -0.008707820604945064 -0.03649716496912856 0
3021 0.02025214259010152 -0.03369730286775372 0
3022 -0.03318296069595952 -0.02088455166391218 0
3023 -0.02216872007408461 0.03113161133350526 0
3024 0.03422057505717108 0.01760279660521087 0
3025 0.03667007632205424 -0.01076730590622701 0
3026 0.005439014276032458 0.03782917521766325 0
3027 -0.03827478258777935 0.006973052284559145 0
3028 -0.02887052991157179 -0.02713146263656748 0
3029 -0.0243959419200512 -0.02053250994334961 0
3030 -0.01520284487448952 -0.02430046189728845 0
3031 -0.01618558265786661 -0.01575785534171228 0
3032 -0.008190879926856222 -0.01964442014462612 0
3033 -0.008839433630245598 -0.0109713591280735 0
3034 -0.0009786402279654354 -0.01481025583041102 0
3035 -0.001613764144070538 -0.00610326270219573 0
3036 -0.009455369510034031 -0.00228267299696002 0
3037 -0.002239103058993729 0.002614309114707529 0
3038 0.005624604027137829 -0.001204908769159032 0
3039 0.004996903675462146 0.007516585821465633 0
3040 -0.002871955869329765 0.01133376267164392 0
3041 0.01286385695877791 0.003698164938990951 0
3042 0.01349110706522998 -0.005024432787526912 0
3043 0.004368598268923261 0.01623849449841956 0
3044 -0.003499241978577474 0.02005641385273346 0
3045 -0.01073962609019857 0.01515180916543728 0
3046 0.02073121892089049 -0.0001201807700851102 0
3047 0.02000887372269017 0.008595555696433006 0
3048 0.02126249746694124 -0.008849763394724694 0
3049 0.01410240937921718 -0.01374783392284793 0
3050 -0.0004016143852011102 -0.02343594597464717 0
3051 -0.02389844442158989 -0.01154291786297426 0
3052 -0.01128262546937803 0.02364930245832321 0
3053 -0.01849148173133744 0.01881276480440292 0
3054 -0.01796068653276818 0.01022105012086947 0
3055 0.003581969511899319 0.02463304933872521 0
3056 0.01140182207837032 0.02107532997619424 0
3057 0.03028203914204839 -0.003931911105894972 0
3058 0.02177592090613297 -0.01777221638932593 0
3059 0.01439800054947865 -0.02203220456528512 0
3060 0.01006961424962421 0.03045401305393071 0
3061 -0.02669277849021747 0.0144159094475841 0
3062 -0.02494914629951748 0.005453699893619134 0
3063 -0.004595270509840974 0.02969317428836709 0
3064 0.02811172550234951 0.005298837311454313 0
3065 0.01218607935572862 0.01240817135054697 0
3066 0.01905610634432004 0.01712050564437363 0
3067 -0.01010582799809949 0.006427737869633702 0
3068 -0.0172853240756576 0.001557619376659864 0
3069 0.00625080221834701 -0.009923123269257338 0
3070 0.006813241513076871 -0.01855130930016594 0
3071 0.007552775306036391 -0.02858234605874254 0
3072 -0.007582896957409237 -0.02822150165028924 0
3073 -0.01669566279589057 -0.007034287930772984 0
3074 -0.02428418368857351 -0.00286521949637059 0
3075 -0.032302770650065 0.0006941651896398486 0
3076 0.02687554462211204 0.0132847742799886 0
3077 0.02915181643104907 -0.01378539183801208 0
3078 -0.0007070316144600035 -0.03218574650808157 0
3079 0.02165086672047773 -0.02586526068807332 0
3080 -0.0312405284658095 -0.01357914652040596 0
3081 0.01776642811153219 0.02596966066812993 0
3082 0.01858866844361519 0.03382820487522999 0
3083 0.02619919771347454 0.02120842538952575 0
3084 0.03321559300798881 0.01034614035207795 0
3085 0.01282025917261123 -0.03594304945323325 0
3086 -0.01647173775777696 -0.03606807461119634 0
3087 -0.01629060288043166 0.03652600688536113 0
3088 -0.001755308491841207 -0.03959744828693876 0
3089 0.03936653896045193 -0.003803358863363425 0
3090 -0.001780990301035948 0.03801599539790865 0
3091 -0.03552744923326925 0.01431834328837938 0
3092 0.03524346487687854 -0.01816926895590545 0
3093 -0.02918161803724258 0.02736240623531073 0
3094 -0.03986840449087186 5.762814310993076e-05 0
3095 -0.02445537729599254 0.02310968794601456 0
3096 -0.01360005118394893 0.03069133797647319 0
3097 -0.03136631022220916 0.008641425900887777 0
3098 0.002258817579333423 0.03182238897877155 0
3099 0.01248443590926723 0.03790103808865281 0
3100 0.0318582886743233 0.02505363513146299 0
3101 -0.01798039673443612 0.02556206095196965 0
3102 -0.03005648834675246 -0.00667303993134551 0
3103 0.02640215578345516 -0.03049497347747266 0
3104 -0.0377667430169525 -0.01516849934203611 0
3105 0.01533480886774111 -0.02922403272661759 0
3106 0.03906745391035789 0.01158563552963801 0
3107 -0.01351350563433428 -0.03077483613055401 0
3108 -0.02422842141108754 -0.02362353687807209 0.02051563096183619
3109 0.02550351125779925 -0.02393631672332605 0.008624251607694559
3110 0.02490060802497215 -0.02410693120765937 0.2093731151267881
3111 -0.02426588890655477 -0.02469716432266476 0.210487319878436
3112 -0.02331705863464706 0.02494192276276645 0.210690834838006
3113 0.02585974825337647 -0.02493312549226435 0.199330934508084
3114 0.02563928935404957 -0.02537166680960335 0.02189122140565495
3115 0.02431759029682833 -0.02536077853187134 0.1896881281912767
3116 0.02339273876012565 -0.02515611219797718 0.1802084685021304
3117 0.02540522360198917 -0.02562736115966242 0.03136028947400015
3118 0.02575856197200767 -0.02326941293571313 0.1438761220146724
3119 0.02576353716473524 -0.02341271848794304 0.1524703556006561
3120 0.02527584941435912 -0.02400097437352922 0.0866645251390305
3121 -0.02449008675357512 -0.02479965194456523 0.01010491474258207
3122 -0.02313052201950076 0.02481065175392172 0.2008198630763747
3123 0.02788734016297205 -0.02271001089764764 0.1733168113218521
3124 -0.02437531720780026 -0.02503540509114954 0.04200651742506069
3125 -0.02434583767930522 -0.02290032842171092 0.0674158185638912
3126 -0.02378079907600869 -0.02531514543430786 0.05851879878216715
3127 -0.02294208354845053 -0.02422692676189524 0.07692655439988989
3128 -0.02544959797258325 -0.02557856459759358 0.1323668620112456
3129 -0.02328933293076893 -0.0243086247736469 0.1429313036474296
3130 -0.02335507423094578 -0.02400871781616278 0.1231642693143581
3131 -0.02526185536280134 -0.02593155702981543 0.0874683130364846
3132 0.02510895902943311 -0.02497989438013025 0.1621645401104269
3133 -0.02397515836108364 -0.0255057374622791 0.04997686400850153
3134 -0.02432359087530319 0.02674162908231013 0.1453781448048827
3135 -0.02306932876966056 0.02466373169005042 0.1547193113512218
3136 -0.02651674144578909 0.02466880459685693 0.1638645686363616
3137 -0.0245789688598213 0.02539843094835195 0.1334648182622217
3138 -0.02403767756297895 0.02559293019548538 0.1254111133065386
3139 -0.02446881034967967 0.02628183389224677 0.05010831331407001
3140 -0.02414286355704964 0.02653859038220437 0.03108899949762566
3141 -0.02444255252825778 0.02507330627736417 0.04199832858036315
3142 -0.0229007840565144 0.02505204626232373 0.02020937851001195
3143 -0.02348725623716624 -0.0242792835838404 0.1528889020108412
3144 -0.02329228831512116 -0.02560593263993121 0.1630980496348456
3145 -0.02448586075724173 0.02585451463785038 0.06792549350118361
3146 0.02565969110014053 -0.02426533376401964 0.04159167520068915
3147 0.02402991353355235 -0.02390809359662639 0.1248384014994011
3148 -0.02462935783370633 0.02600715052037253 0.1918618632878423
3149 -0.0234956968610343 0.025304850632624 0.1056982444230461
3150 -0.02434327907698811 0.02558692891886328 0.1161486808468688
3151 -0.02670511976000538 0.02529921518683283 0.09668161614029497
3152 -0.02190133358668545 -0.02231964599883659 0.1055301854915267
3153 -0.02563976062812011 -0.02551348278537513 0.1138243362669133
3154 -0.02371665919391882 -0.02516008861741214 0.09546451539020367
3155 -0.02471626072384524 -0.02620803975202192 0.190933448359226
3156 -0.0242994626054529 -0.02558520953821624 0.03099126923360171
3157 -0.02451272238913242 -0.02529648957907149 0.1743539122105231
3158 -0.02403160210458695 -0.02243311186820677 0.1996977369654048
3159 0.02506512838130207 -0.02555616276438008 0.1163955135521933
3160 0.02584668366666376 -0.02441198594937211 0.05019849078964658
3161 -0.02454673889795746 0.02531198010284554 0.1745033277797069
3162 -0.0244459548448352 0.02638426730621569 0.05891420932497568
3163 -0.02449574301620286 0.02479684519587229 0.00922852831604494
3164 -0.02439423529245557 0.02762826483902281 0.182830524319535
3165 -0.02411888109198669 -0.02554490222268548 0.1819896383682789
3166 0.02796694809391769 -0.02352127443023272 0.07819534874824177
3167 0.02613708193679351 -0.02324469406705945 0.06747594254648467
3168 -0.02551184078844269 0.02523301782464701 0.08765798285379868
3169 -0.02346971350729161 0.02519258641873066 0.07775269326817899
3170 0.02669669767706323 -0.02423426718196527 0.09541754309958224
3171 0.02472555706891929 -0.02434875452526495 0.1049166044734833
3172 0.02567875564995059 -0.02290021803855158 0.1330223826340169
3173 0.02206315344771679 -0.02463109992265198 0.05827684798764407
3174 -0.005754315526577266 -0.004666722444494881 0.2115252375167582
3175 0.004848840879139806 -0.004374865190749058 0.2103234467925533
3176 -0.003527995935897299 0.005948771384992182 0.2119041528348061
3177 -0.002414844624803276 -0.004270532065396882 0.2007301629892803
3178 0.006556771416799318 0.006419682385020964 0.209588971387167
3179 0.006343446851093446 0.006532462557478452 0.198441880573581
3180 -0.003566371657744199 0.006185876053512752 0.2003806607011934
3181 0.006886386886768544 -0.005437085592059904 0.1991328037130438
3182 -0.004782802557927134 -0.005623363742240879 0.01015271053455693
3183 0.006710921894513123 -0.004465791991526284 0.009946653069428371
3184 0.004724890953520438 -0.003652411175175232 0.02149272446107329
3185 -0.005233166857630568 0.005109444842747887 0.01166227155947906
3186 -0.00557087261209197 -0.005141417924145737 0.02118330241067711
3187 0.006061753935435034 0.005195480953696477 0.01020280033823049
3188 0.005928559801875467 0.007070823290383569 0.0216259062610778
3189 -0.00585067416070878 0.005407959404698904 0.02251334074679264
3190 0.006873476126346928 -0.006474704495719199 0.03214427433425535
3191 -0.003591345630546158 -0.004798584700771875 0.03101390759895797
3192 0.005707923365921039 0.00526488328076091 0.03330504407094543
3193 0.004211044840665417 -0.003844346027014784 0.04215004922664844
3194 -0.005823447787548815 -0.003992802852949802 0.04096892068420662
3195 0.005406615049686108 -0.004480391323154666 0.05063116237357823
3196 -0.004709648008936862 -0.003626867281667426 0.0488579238380665
3197 -0.004676764607481457 0.005582294268322774 0.03113314112683564
3198 -0.005070445727355405 0.003615803803489896 0.04083428105071625
3199 -0.004419622515858297 0.005146821945147191 0.05111890396751631
3200 -0.004186059860332312 -0.004509417397018145 0.0756478660040255
3201 -0.004160794771768594 0.006063319478278725 0.07713309258722537
3202 -0.004773288523695266 -0.002902392234475698 0.08645856043258987
3203 0.006233918820474633 -0.003471203684518327 0.0595509877442132
3204 -0.004359830894646151 -0.005598608491993475 0.05786559571425829
3205 -0.003151382371725881 0.00417009834387092 0.05988013841274847
3206 0.005167852065539972 -0.00573938065867036 0.06673694315956701
3207 0.006604121861073347 -0.004656459840065146 0.07752799994840587
3208 0.00748002716438395 0.007754662260466828 0.07633955726967885
3209 0.004904899132979317 -0.00356745739748487 0.08781152069675374
3210 0.005725462107814875 0.00658509577944697 0.08558735376902081
3211 0.006024138524386945 -0.004790064526292775 0.09748435747766582
3212 -0.007395529320506308 0.006599560807414705 0.08725442911274001
3213 -0.003918353142440052 0.000897875145801319 0.09680757041635177
3214 -0.004917116932825587 -0.004866539293617566 0.06700824222572843
3215 -0.00510647253989962 0.005261881286875184 0.06816458474309246
3216 0.005525551808649832 0.004526985764291985 0.06727708742051994
3217 0.006604083830177136 0.006639630810717514 0.05485186202171431
3218 0.002936226024819547 0.006052951984373056 0.04433429601305493
3219 0.03183035471796971 -0.02166143797216171 0.01566867023633401
3220 0.006057849932365855 0.006542484463725068 0.09652606786678969
3221 0.007361465905315354 -0.005801810561573304 0.1089667723107341
3222 0.03171976663220523 -0.02293914052438508 0.06034741699658064
3223 0.0003533873330124539 0.007708092427046972 0.01628541189358627
3224 0.006874809143812575 0.005705399229651596 0.1072600968243512
3225 0.004768248661339966 0.004140062667944108 0.1163335812028454
3226 0.0002916458185167086 -0.001967198928485607 0.1090193101975943
3227 -0.004886019880012405 -0.00493961902781462 0.1168773406369455
3228 -0.002581800034047289 -0.003629316115339488 0.1253799856902856
3229 0.006590372468750932 -0.004460000019857598 0.1251268332104658
3230 0.005147389265942558 0.006366579727414052 0.1255064019249645
3231 -0.005057927429015359 0.005554621687572104 0.1157364143460966
3232 -0.004822578781128213 0.00561440221743171 0.1242936116589385
3233 -0.007371726668049998 -0.006236167754242906 0.1333132081629716
3234 -0.007154696351210898 0.005153199600043462 0.1341254895394968
3235 0.003678639904309862 -0.005792741492085656 0.1331685634680254
3236 0.003132516500645965 0.004158829580515749 0.134424627526317
3237 0.004452623025745738 -0.003296742772621957 0.1459452619877387
3238 -0.004247751709377923 -0.00419854198574257 0.1520887189027184
3239 0.006106211311026346 -0.006850801685535506 0.1543045478369893
3240 0.005604366937735202 0.005475107356771717 0.1540449817547668
3241 -0.00536210784453258 0.005424641501423926 0.153995962753532
3242 0.006272058208822975 -0.00174629652054861 0.162467427880744
3243 0.007605807329807128 0.008063418690074771 0.1641694240131643
3244 -0.004524658920389279 -0.004744946134129391 0.141928042575642
3245 0.00780745464451769 0.007522300095223829 0.1442974760800881
3246 -0.006898932362743354 -0.005693643198771834 0.1739787518021328
3247 0.004478745518846414 -0.003989359116208293 0.1740255454918744
3248 -0.007517644180657729 0.006450860382842821 0.1750247048293471
3249 -0.003791984659477611 -0.005869914100772251 0.1615074976386174
3250 -0.00304807412030323 0.005237374619467718 0.1644040659453888
3251 -0.003556612254793025 0.005216492485923736 0.1441399679523412
3252 0.006367540730351389 -0.00526865407902383 0.1823736434773547
3253 -0.003737023984727911 2.849956937186403e-05 0.1822069658204218
3254 0.005768287986395065 0.005009781442912766 0.1828861513877095
3255 0.004531233704967538 -0.004481237549586336 0.1910209776994362
3256 -0.003829825788014014 0.00633025366898432 0.1059815942213048
3257 0.0029017856571004 0.005760800932165828 0.1739831749978387
3258 -0.003822120191632895 0.004709826186790229 0.1908141547136873
3259 -0.006523831975201964 -0.006018772162426274 0.1908230929463182
3260 0.007999190228296 0.007537634392779522 0.1901697465528328
3261 0.006594288225305401 -0.005028715601316396 0.1168927073756947
3262 -0.005659670650393982 -0.005816668760871017 0.1047960298396494
3263 -0.03193262640312527 -0.0213784150265866 0.005167503311167093
3264 0.03311709314845329 -0.02038522996710992 0.003720046292221232
3265 0.03398782585578639 0.02767170469694467 0.004165742273425667
3266 0.03602574455644818 0.01886827337672377 0.2163756835474726
3267 -0.02841393025826441 -0.03035398159260855 0.2160598969378152
3268 0.01311396715928628 0.04145179600336419 0.002526036902133536
3269 0.02352351886574661 -0.03255646135339893 0.005135184084350646
3270 0.02828679463145341 0.0316247892359975 0.2172406014373922
3271 0.02773859860394394 -0.03084565305163577 0.2131098879236594
3272 -0.02369406952776116 0.03339619866329067 0.2159424837163569
3273 0.0131039321191555 0.04146749559319798 0.2175016536497482
3274 0.03544015582962921 -0.02176218720562685 0.2157645459592057
3275 -0.02185385642170843 0.03317026605075134 0.005274198822081441
3276 -0.03712670178697224 0.01711887255890635 0.003644377144049263
3277 -0.01756692371316759 -0.03705125327781132 0.00419636427376749
3278 0.02238336698822803 0.0347019861154262 0.005185399375982562
3279 -0.03808766197963792 -0.0171204198860147 0.2162205564051808
3280 0.02105570350697946 -0.03600516927807386 0.2163520436223066
3281 -0.01772502302571757 0.03691110967382742 0.2149377532186733
3282 0.03985817083731851 0.0142062011134447 0.216303403188448
3283 0.03441203619448285 0.02547898878149081 0.2164392825821704
3284 -0.02951338785556846 0.02968454624279234 0.004135442006525606
3285 0.02863768377593253 0.03248517551124602 0.0025954901169021
3286 0.03665099826013063 0.02094628181728533 0.003313603534983694
3287 -0.0317224777068985 0.02229820082931036 0.2131722615714224
3288 0.0207767459233778 0.03596808049503329 0.2163295400279423
3289 -0.03787406931131904 -0.01644968776491033 0.004325818356740638
3290 -0.01712716470037531 0.03713794935121398 0.005648574415205275
3291 -0.03322520418032297 -0.02432542295419564 0.2143869374487113
3292 0.03103733413701257 -0.02749375399396781 0.003885185715820937
3293 -0.02138339542578711 -0.03365667987986646 0.2162116194985665
3294 -0.02512516922998357 -0.03235508987338145 0.004182676350885144
3295 -0.03180684942026117 0.02211957626168294 0.004284180787076598
3296 -0.02836129498562171 0.02929480788921856 0.2158145720528874
3297 -0.0311767447284407 -0.02820089362435999 0.004187428181914726
$EndNodes
$Elements
17560
1 2 2 10 4 640 649 641
2 2 2 10 4 629 651 627
3 2 2 10 4 629 663 651
4 2 2 10 4 649 662 641
5 2 2 10 4 640 641 637
6 2 2 10 4 633 636 635
7 2 2 10 4 639 640 637
8 2 2 10 4 636 639 637
9 2 2 10 4 637 638 614
10 2 2 10 4 637 641 638
11 2 2 10 4 624 629 627
12 2 2 10 4 634 636 633
13 2 2 10 4 58 642 619
14 2 2 10 4 620 623 44
15 2 2 10 4 633 635 616
16 2 2 10 4 620 629 623
17 2 2 10 4 58 619 57
18 2 2 10 4 43 620 44
19 2 2 10 4 51 622 52
20 2 2 10 4 66 621 65
21 2 2 10 4 634 639 636
22 2 2 10 4 64 643 617
23 2 2 10 4 623 629 624
24 2 2 10 4 621 643 65
25 2 2 10 4 614 638 50
26 2 2 10 4 638 641 622
27 2 2 10 4 636 637 614
28 2 2 10 4 51 638 622
29 2 2 10 4 45 623 615
30 2 2 10 4 59 642 58
31 2 2 10 4 618 642 59
32 2 2 10 4 44 623 45
33 2 2 10 4 46 632 47
34 2 2 10 4 47 632 616
35 2 2 10 4 623 624 615
36 2 2 10 4 624 627 626
37 2 2 10 4 65 643 64
38 2 2 10 4 615 632 46
39 2 2 10 4 616 632 630
40 2 2 10 4 624 626 625
41 2 2 10 4 616 635 48
42 2 2 10 4 48 635 49
43 2 2 10 4 49 635 614
44 2 2 10 4 613 644 61
45 2 2 10 4 617 645 63
46 2 2 10 4 61 644 60
47 2 2 10 4 60 618 59
48 2 2 10 4 62 613 61
49 2 2 10 4 45 615 46
50 2 2 10 4 64 617 63
51 2 2 10 4 47 616 48
52 2 2 10 4 49 614 50
53 2 2 10 4 63 645 62
54 2 2 10 4 60 644 618
55 2 2 10 4 62 645 613
56 2 2 10 4 50 638 51
57 2 2 10 4 635 636 614
58 2 2 10 4 624 625 615
59 2 2 10 4 628 630 625
60 2 2 10 4 626 628 625
61 2 2 10 4 628 631 630
62 2 2 10 4 625 632 615
63 2 2 10 4 630 632 625
64 2 2 10 4 630 633 616
65 2 2 10 4 631 634 633
66 2 2 10 4 55 612 54
67 2 2 10 4 54 611 55
68 2 2 10 4 631 633 630
69 2 2 10 4 648 649 621
70 2 2 10 4 619 651 646
71 2 2 10 4 612 649 648
72 2 2 10 4 612 648 54
73 2 2 10 4 55 650 612
74 2 2 10 4 611 647 55
75 2 2 10 4 54 646 611
76 2 2 10 4 54 648 53
77 2 2 10 4 56 650 55
78 2 2 10 4 53 646 54
79 2 2 10 4 55 647 56
80 2 2 10 4 646 651 611
81 2 2 10 4 651 663 611
82 2 2 10 4 612 662 649
83 2 2 10 4 641 662 622
84 2 2 10 4 1 659 43
85 2 2 10 4 57 658 2
86 2 2 10 4 2 660 66
87 2 2 10 4 52 661 1
88 2 2 10 4 53 660 2
89 2 2 10 4 1 661 56
90 2 2 10 4 2 658 53
91 2 2 10 4 56 659 1
92 2 2 10 4 620 663 629
93 2 2 10 4 622 662 650
94 2 2 10 4 619 664 651
95 2 2 10 4 649 665 621
96 2 2 10 4 642 664 619
97 2 2 10 4 647 663 620
98 2 2 10 4 621 665 643
99 2 2 10 4 639 657 653
100 2 2 10 4 653 657 617
101 2 2 10 4 639 653 640
102 2 2 10 4 618 652 642
103 2 2 10 4 643 653 617
104 2 2 10 4 618 654 652
105 2 2 10 4 617 657 645
106 2 2 10 4 644 654 618
107 2 2 10 4 627 652 626
108 2 2 10 4 613 655 644
109 2 2 10 4 652 654 626
110 2 2 10 4 619 658 57
111 2 2 10 4 43 659 620
112 2 2 10 4 66 660 621
113 2 2 10 4 622 661 52
114 2 2 10 4 645 656 613
115 2 2 10 4 634 657 639
116 2 2 10 4 613 656 655
117 2 2 10 4 644 655 654
118 2 2 10 4 626 654 628
119 2 2 10 4 654 655 628
120 2 2 10 4 628 655 631
121 2 2 10 4 655 656 631
122 2 2 10 4 645 657 656
123 2 2 10 4 631 656 634
124 2 2 10 4 656 657 634
125 2 2 10 4 646 658 619
126 2 2 10 4 620 659 647
127 2 2 10 4 621 660 648
128 2 2 10 4 650 661 622
129 2 2 10 4 648 660 53
130 2 2 10 4 56 661 650
131 2 2 10 4 53 658 646
132 2 2 10 4 647 659 56
133 2 2 10 4 611 663 647
134 2 2 10 4 650 662 612
135 2 2 10 4 640 665 649
136 2 2 10 4 651 664 627
137 2 2 10 4 653 665 640
138 2 2 10 4 652 664 642
139 2 2 10 4 627 664 652
140 2 2 10 4 643 665 653
141 2 2 10 5 49 669 666
142 2 2 10 5 50 669 49
143 2 2 10 5 43 667 1
144 2 2 10 5 49 666 48
145 2 2 10 5 46 668 45
146 2 2 10 5 667 671 1
147 2 2 10 5 1 671 52
148 2 2 10 5 47 672 46
149 2 2 10 5 666 672 48
150 2 2 10 5 48 672 47
151 2 2 10 5 45 673 44
152 2 2 10 5 668 673 45
153 2 2 10 5 44 673 43
154 2 2 10 5 46 672 668
155 2 2 10 5 43 673 667
156 2 2 10 5 52 671 51
157 2 2 10 5 51 669 50
158 2 2 10 5 51 671 669
159 2 2 10 5 670 673 668
160 2 2 10 5 668 672 670
161 2 2 10 5 670 672 666
162 2 2 10 5 667 673 670
163 2 2 10 5 669 670 666
164 2 2 10 5 670 671 667
165 2 2 10 5 669 671 670
166 2 2 10 6 63 674 677
167 2 2 10 6 64 63 677
168 2 2 10 6 57 2 675
169 2 2 10 6 63 62 674
170 2 2 10 6 60 59 676
171 2 2 10 6 675 2 679
172 2 2 10 6 2 66 679
173 2 2 10 6 61 60 680
174 2 2 10 6 674 62 680
175 2 2 10 6 62 61 680
176 2 2 10 6 59 58 681
177 2 2 10 6 676 59 681
178 2 2 10 6 58 57 681
179 2 2 10 6 60 676 680
180 2 2 10 6 57 675 681
181 2 2 10 6 66 65 679
182 2 2 10 6 65 64 677
183 2 2 10 6 65 677 679
184 2 2 10 6 678 676 681
185 2 2 10 6 676 678 680
186 2 2 10 6 678 674 680
187 2 2 10 6 675 678 681
188 2 2 10 6 677 674 678
189 2 2 10 6 678 675 679
190 2 2 10 6 677 678 679
191 2 2 11 7 699 715 689
192 2 2 11 7 689 727 699
193 2 2 11 7 708 710 700
194 2 2 11 7 700 713 708
195 2 2 11 7 705 721 709
196 2 2 11 7 684 726 713
197 2 2 11 7 713 726 708
198 2 2 11 7 721 734 709
199 2 2 11 7 690 697 695
200 2 2 11 7 686 698 697
201 2 2 11 7 694 727 717
202 2 2 11 7 697 728 686
203 2 2 11 7 694 717 693
204 2 2 11 7 717 727 689
205 2 2 11 7 690 728 697
206 2 2 11 7 705 709 702
207 2 2 11 7 75 701 691
208 2 2 11 7 701 709 691
209 2 2 11 7 689 715 69
210 2 2 11 7 82 690 81
211 2 2 11 7 75 691 76
212 2 2 11 7 90 692 89
213 2 2 11 7 88 714 688
214 2 2 11 7 702 709 701
215 2 2 11 7 692 714 89
216 2 2 11 7 68 689 69
217 2 2 11 7 71 711 72
218 2 2 11 7 711 712 72
219 2 2 11 7 685 701 74
220 2 2 11 7 74 701 75
221 2 2 11 7 72 712 73
222 2 2 11 7 687 711 71
223 2 2 11 7 704 705 702
224 2 2 11 7 685 702 701
225 2 2 11 7 70 715 687
226 2 2 11 7 69 715 70
227 2 2 11 7 89 714 88
228 2 2 11 7 73 712 685
229 2 2 11 7 710 711 687
230 2 2 11 7 688 716 87
231 2 2 11 7 84 686 83
232 2 2 11 7 73 685 74
233 2 2 11 7 88 688 87
234 2 2 11 7 70 687 71
235 2 2 11 7 86 684 85
236 2 2 11 7 87 716 86
237 2 2 11 7 86 716 684
238 2 2 11 7 707 710 708
239 2 2 11 7 707 708 706
240 2 2 11 7 703 704 702
241 2 2 11 7 703 707 706
242 2 2 11 7 703 706 704
243 2 2 11 7 685 703 702
244 2 2 11 7 707 711 710
245 2 2 11 7 707 712 711
246 2 2 11 7 685 712 703
247 2 2 11 7 703 712 707
248 2 2 11 7 698 699 696
249 2 2 11 7 698 700 699
250 2 2 11 7 697 698 696
251 2 2 11 7 695 697 696
252 2 2 11 7 79 683 78
253 2 2 11 7 78 682 79
254 2 2 11 7 695 696 694
255 2 2 11 7 682 695 694
256 2 2 11 7 682 718 695
257 2 2 11 7 67 717 68
258 2 2 11 7 79 693 80
259 2 2 11 7 695 718 690
260 2 2 11 7 682 694 693
261 2 2 11 7 682 693 79
262 2 2 11 7 719 721 692
263 2 2 11 7 79 720 683
264 2 2 11 7 683 719 78
265 2 2 11 7 78 718 682
266 2 2 11 7 68 717 689
267 2 2 11 7 78 719 77
268 2 2 11 7 80 720 79
269 2 2 11 7 77 718 78
270 2 2 11 7 683 721 719
271 2 2 11 7 713 722 684
272 2 2 11 7 684 722 85
273 2 2 11 7 84 722 686
274 2 2 11 7 82 728 690
275 2 2 11 7 686 728 83
276 2 2 11 7 699 723 715
277 2 2 11 7 699 727 696
278 2 2 11 7 3 732 67
279 2 2 11 7 81 729 4
280 2 2 11 7 76 730 3
281 2 2 11 7 4 731 90
282 2 2 11 7 709 734 691
283 2 2 11 7 683 734 721
284 2 2 11 7 80 732 3
285 2 2 11 7 77 731 4
286 2 2 11 7 3 730 80
287 2 2 11 7 4 729 77
288 2 2 11 7 710 723 700
289 2 2 11 7 715 723 687
290 2 2 11 7 691 734 720
291 2 2 11 7 721 735 692
292 2 2 11 7 687 723 710
293 2 2 11 7 698 733 700
294 2 2 11 7 692 735 714
295 2 2 11 7 85 722 84
296 2 2 11 7 722 733 686
297 2 2 11 7 700 733 713
298 2 2 11 7 67 732 717
299 2 2 11 7 704 724 705
300 2 2 11 7 714 724 688
301 2 2 11 7 688 725 716
302 2 2 11 7 725 726 716
303 2 2 11 7 716 726 684
304 2 2 11 7 704 725 724
305 2 2 11 7 700 723 699
306 2 2 11 7 724 725 688
307 2 2 11 7 690 729 81
308 2 2 11 7 90 731 692
309 2 2 11 7 691 730 76
310 2 2 11 7 706 725 704
311 2 2 11 7 706 726 725
312 2 2 11 7 708 726 706
313 2 2 11 7 717 732 693
314 2 2 11 7 83 728 82
315 2 2 11 7 696 727 694
316 2 2 11 7 686 733 698
317 2 2 11 7 693 732 80
318 2 2 11 7 718 729 690
319 2 2 11 7 692 731 719
320 2 2 11 7 720 730 691
321 2 2 11 7 719 731 77
322 2 2 11 7 80 730 720
323 2 2 11 7 77 729 718
324 2 2 11 7 720 734 683
325 2 2 11 7 713 733 722
326 2 2 11 7 705 735 721
327 2 2 11 7 724 735 705
328 2 2 11 7 714 735 724
329 2 2 11 8 73 739 736
330 2 2 11 8 74 739 73
331 2 2 11 8 67 737 3
332 2 2 11 8 73 736 72
333 2 2 11 8 70 738 69
334 2 2 11 8 737 741 3
335 2 2 11 8 3 741 76
336 2 2 11 8 71 742 70
337 2 2 11 8 736 742 72
338 2 2 11 8 72 742 71
339 2 2 11 8 69 743 68
340 2 2 11 8 738 743 69
341 2 2 11 8 68 743 67
342 2 2 11 8 70 742 738
343 2 2 11 8 67 743 737
344 2 2 11 8 76 741 75
345 2 2 11 8 75 739 74
346 2 2 11 8 75 741 739
347 2 2 11 8 740 743 738
348 2 2 11 8 738 742 740
349 2 2 11 8 740 742 736
350 2 2 11 8 737 743 740
351 2 2 11 8 739 740 736
352 2 2 11 8 740 741 737
353 2 2 11 8 739 741 740
354 2 2 11 9 87 744 747
355 2 2 11 9 88 87 747
356 2 2 11 9 81 4 745
357 2 2 11 9 87 86 744
358 2 2 11 9 84 83 746
359 2 2 11 9 745 4 749
360 2 2 11 9 4 90 749
361 2 2 11 9 85 84 750
362 2 2 11 9 744 86 750
363 2 2 11 9 86 85 750
364 2 2 11 9 83 82 751
365 2 2 11 9 746 83 751
366 2 2 11 9 82 81 751
367 2 2 11 9 84 746 750
368 2 2 11 9 81 745 751
369 2 2 11 9 90 89 749
370 2 2 11 9 89 88 747
371 2 2 11 9 89 747 749
372 2 2 11 9 748 746 751
373 2 2 11 9 746 748 750
374 2 2 11 9 748 744 750
375 2 2 11 9 745 748 751
376 2 2 11 9 747 744 748
377 2 2 11 9 748 745 749
378 2 2 11 9 747 748 749
379 2 2 12 10 759 779 769
380 2 2 12 10 777 780 760
381 2 2 12 10 769 795 759
382 2 2 12 10 760 796 777
383 2 2 12 10 770 792 782
384 2 2 12 10 782 792 784
385 2 2 12 10 783 791 778
386 2 2 12 10 784 791 783
387 2 2 12 10 784 792 786
388 2 2 12 10 786 791 784
389 2 2 12 10 762 775 773
390 2 2 12 10 765 767 761
391 2 2 12 10 755 776 775
392 2 2 12 10 767 768 756
393 2 2 12 10 772 796 787
394 2 2 12 10 788 795 764
395 2 2 12 10 786 792 758
396 2 2 12 10 757 791 786
397 2 2 12 10 775 799 755
398 2 2 12 10 756 800 767
399 2 2 12 10 763 788 764
400 2 2 12 10 772 787 771
401 2 2 12 10 787 796 760
402 2 2 12 10 762 799 775
403 2 2 12 10 767 800 761
404 2 2 12 10 759 795 788
405 2 2 12 10 107 779 759
406 2 2 12 10 91 761 92
407 2 2 12 10 99 762 100
408 2 2 12 10 107 759 106
409 2 2 12 10 113 760 112
410 2 2 12 10 111 780 757
411 2 2 12 10 760 780 112
412 2 2 12 10 758 779 108
413 2 2 12 10 108 779 107
414 2 2 12 10 112 780 111
415 2 2 12 10 783 785 754
416 2 2 12 10 754 785 96
417 2 2 12 10 96 785 97
418 2 2 12 10 97 785 755
419 2 2 12 10 757 786 110
420 2 2 12 10 110 786 109
421 2 2 12 10 111 757 110
422 2 2 12 10 93 756 94
423 2 2 12 10 109 758 108
424 2 2 12 10 94 781 95
425 2 2 12 10 95 781 754
426 2 2 12 10 756 781 94
427 2 2 12 10 95 754 96
428 2 2 12 10 97 755 98
429 2 2 12 10 109 786 758
430 2 2 12 10 782 784 783
431 2 2 12 10 782 783 754
432 2 2 12 10 781 782 754
433 2 2 12 10 766 769 768
434 2 2 12 10 776 777 774
435 2 2 12 10 769 770 768
436 2 2 12 10 776 778 777
437 2 2 12 10 766 768 767
438 2 2 12 10 775 776 774
439 2 2 12 10 766 767 765
440 2 2 12 10 773 775 774
441 2 2 12 10 103 753 102
442 2 2 12 10 102 752 103
443 2 2 12 10 764 766 765
444 2 2 12 10 773 774 772
445 2 2 12 10 764 765 752
446 2 2 12 10 753 773 772
447 2 2 12 10 765 789 752
448 2 2 12 10 753 790 773
449 2 2 12 10 114 787 113
450 2 2 12 10 106 788 105
451 2 2 12 10 101 763 102
452 2 2 12 10 102 771 101
453 2 2 12 10 773 790 762
454 2 2 12 10 761 789 765
455 2 2 12 10 763 764 752
456 2 2 12 10 753 772 771
457 2 2 12 10 102 763 752
458 2 2 12 10 753 771 102
459 2 2 12 10 103 790 753
460 2 2 12 10 752 789 103
461 2 2 12 10 113 787 760
462 2 2 12 10 759 788 106
463 2 2 12 10 104 790 103
464 2 2 12 10 103 789 104
465 2 2 12 10 99 799 762
466 2 2 12 10 761 800 92
467 2 2 12 10 755 799 98
468 2 2 12 10 93 800 756
469 2 2 12 10 766 795 769
470 2 2 12 10 777 796 774
471 2 2 12 10 6 803 114
472 2 2 12 10 105 804 6
473 2 2 12 10 5 801 91
474 2 2 12 10 100 802 5
475 2 2 12 10 101 803 6
476 2 2 12 10 6 804 101
477 2 2 12 10 5 802 104
478 2 2 12 10 104 801 5
479 2 2 12 10 769 798 770
480 2 2 12 10 783 793 785
481 2 2 12 10 778 793 783
482 2 2 12 10 782 794 770
483 2 2 12 10 781 794 782
484 2 2 12 10 777 797 780
485 2 2 12 10 785 793 755
486 2 2 12 10 756 794 781
487 2 2 12 10 779 798 769
488 2 2 12 10 755 793 776
489 2 2 12 10 768 794 756
490 2 2 12 10 778 797 777
491 2 2 12 10 788 804 105
492 2 2 12 10 114 803 787
493 2 2 12 10 780 797 757
494 2 2 12 10 91 801 761
495 2 2 12 10 762 802 100
496 2 2 12 10 776 793 778
497 2 2 12 10 770 794 768
498 2 2 12 10 758 798 779
499 2 2 12 10 763 804 788
500 2 2 12 10 787 803 771
501 2 2 12 10 770 798 792
502 2 2 12 10 98 799 99
503 2 2 12 10 92 800 93
504 2 2 12 10 764 795 766
505 2 2 12 10 774 796 772
506 2 2 12 10 771 803 101
507 2 2 12 10 101 804 763
508 2 2 12 10 791 797 778
509 2 2 12 10 761 801 789
510 2 2 12 10 790 802 762
511 2 2 12 10 104 802 790
512 2 2 12 10 789 801 104
513 2 2 12 10 757 797 791
514 2 2 12 10 792 798 758
515 2 2 12 11 97 808 805
516 2 2 12 11 98 808 97
517 2 2 12 11 91 806 5
518 2 2 12 11 97 805 96
519 2 2 12 11 94 807 93
520 2 2 12 11 806 810 5
521 2 2 12 11 5 810 100
522 2 2 12 11 95 811 94
523 2 2 12 11 805 811 96
524 2 2 12 11 96 811 95
525 2 2 12 11 93 812 92
526 2 2 12 11 807 812 93
527 2 2 12 11 92 812 91
528 2 2 12 11 94 811 807
529 2 2 12 11 91 812 806
530 2 2 12 11 100 810 99
531 2 2 12 11 99 808 98
532 2 2 12 11 99 810 808
533 2 2 12 11 809 812 807
534 2 2 12 11 807 811 809
535 2 2 12 11 809 811 805
536 2 2 12 11 806 812 809
537 2 2 12 11 808 809 805
538 2 2 12 11 809 810 806
539 2 2 12 11 808 810 809
540 2 2 12 12 111 813 816
541 2 2 12 12 112 111 816
542 2 2 12 12 105 6 814
543 2 2 12 12 111 110 813
544 2 2 12 12 108 107 815
545 2 2 12 12 814 6 818
546 2 2 12 12 6 114 818
547 2 2 12 12 109 108 819
548 2 2 12 12 813 110 819
549 2 2 12 12 110 109 819
550 2 2 12 12 107 106 820
551 2 2 12 12 815 107 820
552 2 2 12 12 106 105 820
553 2 2 12 12 108 815 819
554 2 2 12 12 105 814 820
555 2 2 12 12 114 113 818
556 2 2 12 12 113 112 816
557 2 2 12 12 113 816 818
558 2 2 12 12 817 815 820
559 2 2 12 12 815 817 819
560 2 2 12 12 817 813 819
561 2 2 12 12 814 817 820
562 2 2 12 12 816 813 817
563 2 2 12 12 817 814 818
564 2 2 12 12 816 817 818
565 2 2 13 13 828 848 838
566 2 2 13 13 846 849 829
567 2 2 13 13 838 864 828
568 2 2 13 13 829 865 846
569 2 2 13 13 839 861 851
570 2 2 13 13 851 861 853
571 2 2 13 13 852 860 847
572 2 2 13 13 853 860 852
573 2 2 13 13 853 861 855
574 2 2 13 13 855 860 853
575 2 2 13 13 831 844 842
576 2 2 13 13 834 836 830
577 2 2 13 13 824 845 844
578 2 2 13 13 836 837 825
579 2 2 13 13 841 865 856
580 2 2 13 13 857 864 833
581 2 2 13 13 855 861 827
582 2 2 13 13 826 860 855
583 2 2 13 13 844 868 824
584 2 2 13 13 825 869 836
585 2 2 13 13 832 857 833
586 2 2 13 13 841 856 840
587 2 2 13 13 856 865 829
588 2 2 13 13 831 868 844
589 2 2 13 13 836 869 830
590 2 2 13 13 828 864 857
591 2 2 13 13 131 848 828
592 2 2 13 13 115 830 116
593 2 2 13 13 123 831 124
594 2 2 13 13 131 828 130
595 2 2 13 13 137 829 136
596 2 2 13 13 135 849 826
597 2 2 13 13 829 849 136
598 2 2 13 13 827 848 132
599 2 2 13 13 132 848 131
600 2 2 13 13 136 849 135
601 2 2 13 13 852 854 823
602 2 2 13 13 823 854 120
603 2 2 13 13 120 854 121
604 2 2 13 13 121 854 824
605 2 2 13 13 826 855 134
606 2 2 13 13 135 826 134
607 2 2 13 13 117 825 118
608 2 2 13 13 133 827 132
609 2 2 13 13 118 850 119
610 2 2 13 13 119 850 823
611 2 2 13 13 825 850 118
612 2 2 13 13 119 823 120
613 2 2 13 13 121 824 122
614 2 2 13 13 134 855 133
615 2 2 13 13 133 855 827
616 2 2 13 13 851 853 852
617 2 2 13 13 851 852 823
618 2 2 13 13 850 851 823
619 2 2 13 13 835 838 837
620 2 2 13 13 845 846 843
621 2 2 13 13 838 839 837
622 2 2 13 13 845 847 846
623 2 2 13 13 835 837 836
624 2 2 13 13 844 845 843
625 2 2 13 13 835 836 834
626 2 2 13 13 842 844 843
627 2 2 13 13 127 822 126
628 2 2 13 13 126 821 127
629 2 2 13 13 833 835 834
630 2 2 13 13 842 843 841
631 2 2 13 13 833 834 821
632 2 2 13 13 822 842 841
633 2 2 13 13 834 858 821
634 2 2 13 13 822 859 842
635 2 2 13 13 138 856 137
636 2 2 13 13 130 857 129
637 2 2 13 13 125 832 126
638 2 2 13 13 126 840 125
639 2 2 13 13 842 859 831
640 2 2 13 13 830 858 834
641 2 2 13 13 832 833 821
642 2 2 13 13 822 841 840
643 2 2 13 13 126 832 821
644 2 2 13 13 822 840 126
645 2 2 13 13 127 859 822
646 2 2 13 13 821 858 127
647 2 2 13 13 137 856 829
648 2 2 13 13 828 857 130
649 2 2 13 13 128 859 127
650 2 2 13 13 127 858 128
651 2 2 13 13 123 868 831
652 2 2 13 13 830 869 116
653 2 2 13 13 824 868 122
654 2 2 13 13 117 869 825
655 2 2 13 13 835 864 838
656 2 2 13 13 846 865 843
657 2 2 13 13 8 872 138
658 2 2 13 13 129 873 8
659 2 2 13 13 7 870 115
660 2 2 13 13 124 871 7
661 2 2 13 13 125 872 8
662 2 2 13 13 8 873 125
663 2 2 13 13 7 871 128
664 2 2 13 13 128 870 7
665 2 2 13 13 838 867 839
666 2 2 13 13 852 862 854
667 2 2 13 13 847 862 852
668 2 2 13 13 851 863 839
669 2 2 13 13 850 863 851
670 2 2 13 13 846 866 849
671 2 2 13 13 854 862 824
672 2 2 13 13 825 863 850
673 2 2 13 13 848 867 838
674 2 2 13 13 824 862 845
675 2 2 13 13 837 863 825
676 2 2 13 13 847 866 846
677 2 2 13 13 857 873 129
678 2 2 13 13 138 872 856
679 2 2 13 13 849 866 826
680 2 2 13 13 115 870 830
681 2 2 13 13 831 871 124
682 2 2 13 13 845 862 847
683 2 2 13 13 839 863 837
684 2 2 13 13 827 867 848
685 2 2 13 13 832 873 857
686 2 2 13 13 856 872 840
687 2 2 13 13 839 867 861
688 2 2 13 13 122 868 123
689 2 2 13 13 116 869 117
690 2 2 13 13 833 864 835
691 2 2 13 13 843 865 841
692 2 2 13 13 840 872 125
693 2 2 13 13 125 873 832
694 2 2 13 13 860 866 847
695 2 2 13 13 830 870 858
696 2 2 13 13 859 871 831
697 2 2 13 13 128 871 859
698 2 2 13 13 858 870 128
699 2 2 13 13 826 866 860
700 2 2 13 13 861 867 827
701 2 2 13 14 121 877 874
702 2 2 13 14 122 877 121
703 2 2 13 14 115 875 7
704 2 2 13 14 121 874 120
705 2 2 13 14 118 876 117
706 2 2 13 14 875 879 7
707 2 2 13 14 7 879 124
708 2 2 13 14 119 880 118
709 2 2 13 14 874 880 120
710 2 2 13 14 120 880 119
711 2 2 13 14 117 881 116
712 2 2 13 14 876 881 117
713 2 2 13 14 116 881 115
714 2 2 13 14 118 880 876
715 2 2 13 14 115 881 875
716 2 2 13 14 124 879 123
717 2 2 13 14 123 877 122
718 2 2 13 14 123 879 877
719 2 2 13 14 878 881 876
720 2 2 13 14 876 880 878
721 2 2 13 14 878 880 874
722 2 2 13 14 875 881 878
723 2 2 13 14 877 878 874
724 2 2 13 14 878 879 875
725 2 2 13 14 877 879 878
726 2 2 13 15 135 882 885
727 2 2 13 15 136 135 885
728 2 2 13 15 129 8 883
729 2 2 13 15 135 134 882
730 2 2 13 15 132 131 884
731 2 2 13 15 883 8 887
732 2 2 13 15 8 138 887
733 2 2 13 15 133 132 888
734 2 2 13 15 882 134 888
735 2 2 13 15 134 133 888
736 2 2 13 15 131 130 889
737 2 2 13 15 884 131 889
738 2 2 13 15 130 129 889
739 2 2 13 15 132 884 888
740 2 2 13 15 129 883 889
741 2 2 13 15 138 137 887
742 2 2 13 15 137 136 885
743 2 2 13 15 137 885 887
744 2 2 13 15 886 884 889
745 2 2 13 15 884 886 888
746 2 2 13 15 886 882 888
747 2 2 13 15 883 886 889
748 2 2 13 15 885 882 886
749 2 2 13 15 886 883 887
750 2 2 13 15 885 886 887
751 2 2 14 16 897 917 907
752 2 2 14 16 915 918 898
753 2 2 14 16 907 933 897
754 2 2 14 16 898 934 915
755 2 2 14 16 920 930 916
756 2 2 14 16 922 930 920
757 2 2 14 16 908 929 921
758 2 2 14 16 921 929 922
759 2 2 14 16 922 929 924
760 2 2 14 16 924 930 922
761 2 2 14 16 900 913 911
762 2 2 14 16 903 905 899
763 2 2 14 16 893 914 913
764 2 2 14 16 905 906 894
765 2 2 14 16 910 934 925
766 2 2 14 16 926 933 902
767 2 2 14 16 924 929 896
768 2 2 14 16 895 930 924
769 2 2 14 16 913 937 893
770 2 2 14 16 894 938 905
771 2 2 14 16 901 926 902
772 2 2 14 16 910 925 909
773 2 2 14 16 925 934 898
774 2 2 14 16 900 937 913
775 2 2 14 16 905 938 899
776 2 2 14 16 897 933 926
777 2 2 14 16 155 917 897
778 2 2 14 16 139 899 140
779 2 2 14 16 147 900 148
780 2 2 14 16 155 897 154
781 2 2 14 16 161 898 160
782 2 2 14 16 159 918 895
783 2 2 14 16 898 918 160
784 2 2 14 16 896 917 156
785 2 2 14 16 156 917 155
786 2 2 14 16 160 918 159
787 2 2 14 16 892 923 921
788 2 2 14 16 894 923 142
789 2 2 14 16 142 923 143
790 2 2 14 16 143 923 892
791 2 2 14 16 145 919 893
792 2 2 14 16 895 924 158
793 2 2 14 16 144 919 145
794 2 2 14 16 159 895 158
795 2 2 14 16 141 894 142
796 2 2 14 16 157 896 156
797 2 2 14 16 143 892 144
798 2 2 14 16 145 893 146
799 2 2 14 16 158 924 157
800 2 2 14 16 892 919 144
801 2 2 14 16 157 924 896
802 2 2 14 16 921 922 920
803 2 2 14 16 892 921 920
804 2 2 14 16 892 920 919
805 2 2 14 16 904 907 906
806 2 2 14 16 914 915 912
807 2 2 14 16 907 908 906
808 2 2 14 16 914 916 915
809 2 2 14 16 904 906 905
810 2 2 14 16 913 914 912
811 2 2 14 16 904 905 903
812 2 2 14 16 911 913 912
813 2 2 14 16 151 890 150
814 2 2 14 16 150 891 151
815 2 2 14 16 902 904 903
816 2 2 14 16 911 912 910
817 2 2 14 16 902 903 891
818 2 2 14 16 890 911 910
819 2 2 14 16 903 927 891
820 2 2 14 16 890 928 911
821 2 2 14 16 162 925 161
822 2 2 14 16 154 926 153
823 2 2 14 16 149 901 150
824 2 2 14 16 150 909 149
825 2 2 14 16 911 928 900
826 2 2 14 16 899 927 903
827 2 2 14 16 901 902 891
828 2 2 14 16 890 910 909
829 2 2 14 16 150 901 891
830 2 2 14 16 890 909 150
831 2 2 14 16 151 928 890
832 2 2 14 16 891 927 151
833 2 2 14 16 161 925 898
834 2 2 14 16 897 926 154
835 2 2 14 16 152 928 151
836 2 2 14 16 151 927 152
837 2 2 14 16 147 937 900
838 2 2 14 16 899 938 140
839 2 2 14 16 893 937 146
840 2 2 14 16 141 938 894
841 2 2 14 16 904 933 907
842 2 2 14 16 915 934 912
843 2 2 14 16 10 941 162
844 2 2 14 16 153 942 10
845 2 2 14 16 9 939 139
846 2 2 14 16 148 940 9
847 2 2 14 16 149 941 10
848 2 2 14 16 10 942 149
849 2 2 14 16 9 940 152
850 2 2 14 16 152 939 9
851 2 2 14 16 907 935 908
852 2 2 14 16 923 932 921
853 2 2 14 16 916 931 920
854 2 2 14 16 920 931 919
855 2 2 14 16 921 932 908
856 2 2 14 16 915 936 918
857 2 2 14 16 919 931 893
858 2 2 14 16 894 932 923
859 2 2 14 16 917 935 907
860 2 2 14 16 893 931 914
861 2 2 14 16 916 936 915
862 2 2 14 16 906 932 894
863 2 2 14 16 926 942 153
864 2 2 14 16 162 941 925
865 2 2 14 16 918 936 895
866 2 2 14 16 139 939 899
867 2 2 14 16 900 940 148
868 2 2 14 16 914 931 916
869 2 2 14 16 908 932 906
870 2 2 14 16 896 935 917
871 2 2 14 16 901 942 926
872 2 2 14 16 925 941 909
873 2 2 14 16 908 935 929
874 2 2 14 16 146 937 147
875 2 2 14 16 140 938 141
876 2 2 14 16 902 933 904
877 2 2 14 16 912 934 910
878 2 2 14 16 909 941 149
879 2 2 14 16 149 942 901
880 2 2 14 16 930 936 916
881 2 2 14 16 899 939 927
882 2 2 14 16 928 940 900
883 2 2 14 16 152 940 928
884 2 2 14 16 927 939 152
885 2 2 14 16 895 936 930
886 2 2 14 16 929 935 896
887 2 2 14 17 145 946 943
888 2 2 14 17 146 946 145
889 2 2 14 17 139 944 9
890 2 2 14 17 145 943 144
891 2 2 14 17 142 945 141
892 2 2 14 17 944 948 9
893 2 2 14 17 9 948 148
894 2 2 14 17 143 949 142
895 2 2 14 17 943 949 144
896 2 2 14 17 144 949 143
897 2 2 14 17 141 950 140
898 2 2 14 17 945 950 141
899 2 2 14 17 140 950 139
900 2 2 14 17 142 949 945
901 2 2 14 17 139 950 944
902 2 2 14 17 148 948 147
903 2 2 14 17 147 946 146
904 2 2 14 17 147 948 946
905 2 2 14 17 947 950 945
906 2 2 14 17 945 949 947
907 2 2 14 17 947 949 943
908 2 2 14 17 944 950 947
909 2 2 14 17 946 947 943
910 2 2 14 17 947 948 944
911 2 2 14 17 946 948 947
912 2 2 14 18 159 951 954
913 2 2 14 18 160 159 954
914 2 2 14 18 153 10 952
915 2 2 14 18 159 158 951
916 2 2 14 18 156 155 953
917 2 2 14 18 952 10 956
918 2 2 14 18 10 162 956
919 2 2 14 18 157 156 957
920 2 2 14 18 951 158 957
921 2 2 14 18 158 157 957
922 2 2 14 18 155 154 958
923 2 2 14 18 953 155 958
924 2 2 14 18 154 153 958
925 2 2 14 18 156 953 957
926 2 2 14 18 153 952 958
927 2 2 14 18 162 161 956
928 2 2 14 18 161 160 954
929 2 2 14 18 161 954 956
930 2 2 14 18 955 953 958
931 2 2 14 18 953 955 957
932 2 2 14 18 955 951 957
933 2 2 14 18 952 955 958
934 2 2 14 18 954 951 955
935 2 2 14 18 955 952 956
936 2 2 14 18 954 955 956
937 2 2 15 19 988 997 989
938 2 2 15 19 977 999 975
939 2 2 15 19 977 1011 999
940 2 2 15 19 997 1010 989
941 2 2 15 19 988 989 985
942 2 2 15 19 981 984 983
943 2 2 15 19 987 988 985
944 2 2 15 19 984 987 985
945 2 2 15 19 985 986 962
946 2 2 15 19 985 989 986
947 2 2 15 19 972 977 975
948 2 2 15 19 982 984 981
949 2 2 15 19 178 990 967
950 2 2 15 19 968 971 164
951 2 2 15 19 981 983 964
952 2 2 15 19 968 977 971
953 2 2 15 19 163 968 164
954 2 2 15 19 178 967 177
955 2 2 15 19 186 969 185
956 2 2 15 19 171 970 172
957 2 2 15 19 982 987 984
958 2 2 15 19 184 991 965
959 2 2 15 19 971 977 972
960 2 2 15 19 969 991 185
961 2 2 15 19 962 986 170
962 2 2 15 19 986 989 970
963 2 2 15 19 984 985 962
964 2 2 15 19 171 986 970
965 2 2 15 19 165 971 963
966 2 2 15 19 966 990 179
967 2 2 15 19 164 971 165
968 2 2 15 19 179 990 178
969 2 2 15 19 166 980 167
970 2 2 15 19 167 980 964
971 2 2 15 19 971 972 963
972 2 2 15 19 972 975 974
973 2 2 15 19 185 991 184
974 2 2 15 19 963 980 166
975 2 2 15 19 964 980 978
976 2 2 15 19 972 974 973
977 2 2 15 19 168 983 169
978 2 2 15 19 964 983 168
979 2 2 15 19 169 983 962
980 2 2 15 19 965 993 183
981 2 2 15 19 961 992 181
982 2 2 15 19 183 993 182
983 2 2 15 19 165 963 166
984 2 2 15 19 180 966 179
985 2 2 15 19 182 961 181
986 2 2 15 19 167 964 168
987 2 2 15 19 169 962 170
988 2 2 15 19 184 965 183
989 2 2 15 19 181 992 180
990 2 2 15 19 180 992 966
991 2 2 15 19 182 993 961
992 2 2 15 19 170 986 171
993 2 2 15 19 983 984 962
994 2 2 15 19 972 973 963
995 2 2 15 19 976 978 973
996 2 2 15 19 974 976 973
997 2 2 15 19 976 979 978
998 2 2 15 19 973 980 963
999 2 2 15 19 978 980 973
1000 2 2 15 19 978 981 964
1001 2 2 15 19 979 982 981
1002 2 2 15 19 175 960 174
1003 2 2 15 19 174 959 175
1004 2 2 15 19 979 981 978
1005 2 2 15 19 996 997 969
1006 2 2 15 19 967 999 994
1007 2 2 15 19 960 997 996
1008 2 2 15 19 960 996 174
1009 2 2 15 19 175 998 960
1010 2 2 15 19 959 995 175
1011 2 2 15 19 174 994 959
1012 2 2 15 19 176 998 175
1013 2 2 15 19 174 996 173
1014 2 2 15 19 173 994 174
1015 2 2 15 19 175 995 176
1016 2 2 15 19 994 999 959
1017 2 2 15 19 999 1011 959
1018 2 2 15 19 960 1010 997
1019 2 2 15 19 989 1010 970
1020 2 2 15 19 177 1006 12
1021 2 2 15 19 11 1007 163
1022 2 2 15 19 172 1009 11
1023 2 2 15 19 12 1008 186
1024 2 2 15 19 173 1008 12
1025 2 2 15 19 11 1009 176
1026 2 2 15 19 12 1006 173
1027 2 2 15 19 176 1007 11
1028 2 2 15 19 968 1011 977
1029 2 2 15 19 970 1010 998
1030 2 2 15 19 967 1012 999
1031 2 2 15 19 997 1013 969
1032 2 2 15 19 990 1012 967
1033 2 2 15 19 995 1011 968
1034 2 2 15 19 969 1013 991
1035 2 2 15 19 987 1005 1001
1036 2 2 15 19 1001 1005 965
1037 2 2 15 19 987 1001 988
1038 2 2 15 19 966 1000 990
1039 2 2 15 19 991 1001 965
1040 2 2 15 19 966 1002 1000
1041 2 2 15 19 965 1005 993
1042 2 2 15 19 992 1002 966
1043 2 2 15 19 975 1000 974
1044 2 2 15 19 961 1003 992
1045 2 2 15 19 1000 1002 974
1046 2 2 15 19 967 1006 177
1047 2 2 15 19 163 1007 968
1048 2 2 15 19 970 1009 172
1049 2 2 15 19 186 1008 969
1050 2 2 15 19 993 1004 961
1051 2 2 15 19 982 1005 987
1052 2 2 15 19 961 1004 1003
1053 2 2 15 19 992 1003 1002
1054 2 2 15 19 974 1002 976
1055 2 2 15 19 1002 1003 976
1056 2 2 15 19 976 1003 979
1057 2 2 15 19 1003 1004 979
1058 2 2 15 19 993 1005 1004
1059 2 2 15 19 979 1004 982
1060 2 2 15 19 1004 1005 982
1061 2 2 15 19 968 1007 995
1062 2 2 15 19 994 1006 967
1063 2 2 15 19 969 1008 996
1064 2 2 15 19 998 1009 970
1065 2 2 15 19 996 1008 173
1066 2 2 15 19 176 1009 998
1067 2 2 15 19 173 1006 994
1068 2 2 15 19 995 1007 176
1069 2 2 15 19 959 1011 995
1070 2 2 15 19 998 1010 960
1071 2 2 15 19 988 1013 997
1072 2 2 15 19 999 1012 975
1073 2 2 15 19 1001 1013 988
1074 2 2 15 19 1000 1012 990
1075 2 2 15 19 975 1012 1000
1076 2 2 15 19 991 1013 1001
1077 2 2 15 20 168 1017 167
1078 2 2 15 20 1014 1017 168
1079 2 2 15 20 172 1016 171
1080 2 2 15 20 169 1014 168
1081 2 2 15 20 164 1015 163
1082 2 2 15 20 165 1019 164
1083 2 2 15 20 164 1019 1015
1084 2 2 15 20 163 1021 11
1085 2 2 15 20 1015 1021 163
1086 2 2 15 20 169 1020 1014
1087 2 2 15 20 11 1021 172
1088 2 2 15 20 170 1020 169
1089 2 2 15 20 171 1020 170
1090 2 2 15 20 1016 1020 171
1091 2 2 15 20 172 1021 1016
1092 2 2 15 20 166 1019 165
1093 2 2 15 20 167 1017 166
1094 2 2 15 20 1017 1019 166
1095 2 2 15 20 1016 1021 1018
1096 2 2 15 20 1018 1020 1016
1097 2 2 15 20 1014 1020 1018
1098 2 2 15 20 1018 1021 1015
1099 2 2 15 20 1014 1018 1017
1100 2 2 15 20 1018 1019 1017
1101 2 2 15 20 1015 1019 1018
1102 2 2 15 21 182 181 1025
1103 2 2 15 21 1022 182 1025
1104 2 2 15 21 186 185 1024
1105 2 2 15 21 183 182 1022
1106 2 2 15 21 178 177 1023
1107 2 2 15 21 179 178 1027
1108 2 2 15 21 178 1023 1027
1109 2 2 15 21 177 12 1029
1110 2 2 15 21 1023 177 1029
1111 2 2 15 21 183 1022 1028
1112 2 2 15 21 12 186 1029
1113 2 2 15 21 184 183 1028
1114 2 2 15 21 185 184 1028
1115 2 2 15 21 1024 185 1028
1116 2 2 15 21 186 1024 1029
1117 2 2 15 21 180 179 1027
1118 2 2 15 21 181 180 1025
1119 2 2 15 21 1025 180 1027
1120 2 2 15 21 1024 1026 1029
1121 2 2 15 21 1026 1024 1028
1122 2 2 15 21 1022 1026 1028
1123 2 2 15 21 1026 1023 1029
1124 2 2 15 21 1022 1025 1026
1125 2 2 15 21 1026 1025 1027
1126 2 2 15 21 1023 1026 1027
1127 2 2 16 22 1038 1058 1055
1128 2 2 16 22 1047 1057 1037
1129 2 2 16 22 1055 1073 1038
1130 2 2 16 22 1037 1074 1047
1131 2 2 16 22 1060 1070 1048
1132 2 2 16 22 1062 1070 1060
1133 2 2 16 22 1056 1069 1061
1134 2 2 16 22 1061 1069 1062
1135 2 2 16 22 1062 1069 1064
1136 2 2 16 22 1064 1070 1062
1137 2 2 16 22 1039 1045 1043
1138 2 2 16 22 1051 1053 1040
1139 2 2 16 22 1034 1046 1045
1140 2 2 16 22 1053 1054 1033
1141 2 2 16 22 1042 1074 1065
1142 2 2 16 22 1066 1073 1050
1143 2 2 16 22 1064 1069 1035
1144 2 2 16 22 1036 1070 1064
1145 2 2 16 22 1045 1077 1034
1146 2 2 16 22 1033 1078 1053
1147 2 2 16 22 1049 1066 1050
1148 2 2 16 22 1042 1065 1041
1149 2 2 16 22 1065 1074 1037
1150 2 2 16 22 1039 1077 1045
1151 2 2 16 22 1053 1078 1040
1152 2 2 16 22 1038 1073 1066
1153 2 2 16 22 202 1039 201
1154 2 2 16 22 210 1040 209
1155 2 2 16 22 188 1037 189
1156 2 2 16 22 194 1038 195
1157 2 2 16 22 190 1057 1036
1158 2 2 16 22 1035 1058 193
1159 2 2 16 22 1037 1057 189
1160 2 2 16 22 194 1058 1038
1161 2 2 16 22 189 1057 190
1162 2 2 16 22 193 1058 194
1163 2 2 16 22 1032 1063 1061
1164 2 2 16 22 206 1063 1032
1165 2 2 16 22 207 1063 206
1166 2 2 16 22 1033 1063 207
1167 2 2 16 22 192 1064 1035
1168 2 2 16 22 1032 1059 205
1169 2 2 16 22 191 1064 192
1170 2 2 16 22 190 1036 191
1171 2 2 16 22 204 1034 203
1172 2 2 16 22 208 1033 207
1173 2 2 16 22 192 1035 193
1174 2 2 16 22 206 1032 205
1175 2 2 16 22 205 1059 204
1176 2 2 16 22 1036 1064 191
1177 2 2 16 22 204 1059 1034
1178 2 2 16 22 1061 1062 1060
1179 2 2 16 22 1032 1061 1060
1180 2 2 16 22 1032 1060 1059
1181 2 2 16 22 1052 1055 1054
1182 2 2 16 22 1046 1047 1044
1183 2 2 16 22 1055 1056 1054
1184 2 2 16 22 1046 1048 1047
1185 2 2 16 22 1052 1054 1053
1186 2 2 16 22 1045 1046 1044
1187 2 2 16 22 1052 1053 1051
1188 2 2 16 22 1043 1045 1044
1189 2 2 16 22 199 1031 198
1190 2 2 16 22 198 1030 199
1191 2 2 16 22 1050 1052 1051
1192 2 2 16 22 1043 1044 1042
1193 2 2 16 22 1050 1051 1031
1194 2 2 16 22 1030 1043 1042
1195 2 2 16 22 1051 1068 1031
1196 2 2 16 22 1030 1067 1043
1197 2 2 16 22 187 1065 188
1198 2 2 16 22 195 1066 196
1199 2 2 16 22 200 1049 199
1200 2 2 16 22 199 1041 200
1201 2 2 16 22 1043 1067 1039
1202 2 2 16 22 1040 1068 1051
1203 2 2 16 22 1049 1050 1031
1204 2 2 16 22 1030 1042 1041
1205 2 2 16 22 199 1049 1031
1206 2 2 16 22 1030 1041 199
1207 2 2 16 22 1031 1068 198
1208 2 2 16 22 198 1067 1030
1209 2 2 16 22 188 1065 1037
1210 2 2 16 22 1038 1066 195
1211 2 2 16 22 198 1068 197
1212 2 2 16 22 197 1067 198
1213 2 2 16 22 202 1077 1039
1214 2 2 16 22 1040 1078 209
1215 2 2 16 22 1034 1077 203
1216 2 2 16 22 208 1078 1033
1217 2 2 16 22 1052 1073 1055
1218 2 2 16 22 1047 1074 1044
1219 2 2 16 22 13 1081 187
1220 2 2 16 22 196 1082 13
1221 2 2 16 22 201 1079 14
1222 2 2 16 22 14 1080 210
1223 2 2 16 22 200 1081 13
1224 2 2 16 22 13 1082 200
1225 2 2 16 22 197 1080 14
1226 2 2 16 22 14 1079 197
1227 2 2 16 22 1055 1075 1056
1228 2 2 16 22 1063 1072 1061
1229 2 2 16 22 1048 1071 1060
1230 2 2 16 22 1060 1071 1059
1231 2 2 16 22 1061 1072 1056
1232 2 2 16 22 1047 1076 1057
1233 2 2 16 22 1058 1075 1055
1234 2 2 16 22 1059 1071 1034
1235 2 2 16 22 1033 1072 1063
1236 2 2 16 22 1034 1071 1046
1237 2 2 16 22 1048 1076 1047
1238 2 2 16 22 1054 1072 1033
1239 2 2 16 22 1066 1082 196
1240 2 2 16 22 187 1081 1065
1241 2 2 16 22 1057 1076 1036
1242 2 2 16 22 1039 1079 201
1243 2 2 16 22 210 1080 1040
1244 2 2 16 22 1035 1075 1058
1245 2 2 16 22 1046 1071 1048
1246 2 2 16 22 1056 1072 1054
1247 2 2 16 22 1049 1082 1066
1248 2 2 16 22 1065 1081 1041
1249 2 2 16 22 1056 1075 1069
1250 2 2 16 22 203 1077 202
1251 2 2 16 22 209 1078 208
1252 2 2 16 22 1050 1073 1052
1253 2 2 16 22 1044 1074 1042
1254 2 2 16 22 1041 1081 200
1255 2 2 16 22 200 1082 1049
1256 2 2 16 22 1070 1076 1048
1257 2 2 16 22 1067 1079 1039
1258 2 2 16 22 1040 1080 1068
1259 2 2 16 22 1068 1080 197
1260 2 2 16 22 197 1079 1067
1261 2 2 16 22 1036 1076 1070
1262 2 2 16 22 1069 1075 1035
1263 2 2 16 23 192 1086 191
1264 2 2 16 23 1083 1086 192
1265 2 2 16 23 196 1085 195
1266 2 2 16 23 193 1083 192
1267 2 2 16 23 188 1084 187
1268 2 2 16 23 189 1088 188
1269 2 2 16 23 188 1088 1084
1270 2 2 16 23 187 1090 13
1271 2 2 16 23 1084 1090 187
1272 2 2 16 23 193 1089 1083
1273 2 2 16 23 13 1090 196
1274 2 2 16 23 194 1089 193
1275 2 2 16 23 195 1089 194
1276 2 2 16 23 1085 1089 195
1277 2 2 16 23 196 1090 1085
1278 2 2 16 23 190 1088 189
1279 2 2 16 23 191 1086 190
1280 2 2 16 23 1086 1088 190
1281 2 2 16 23 1085 1090 1087
1282 2 2 16 23 1087 1089 1085
1283 2 2 16 23 1083 1089 1087
1284 2 2 16 23 1087 1090 1084
1285 2 2 16 23 1083 1087 1086
1286 2 2 16 23 1087 1088 1086
1287 2 2 16 23 1084 1088 1087
1288 2 2 16 24 206 205 1094
1289 2 2 16 24 1091 206 1094
1290 2 2 16 24 210 209 1093
1291 2 2 16 24 207 206 1091
1292 2 2 16 24 202 201 1092
1293 2 2 16 24 203 202 1096
1294 2 2 16 24 202 1092 1096
1295 2 2 16 24 201 14 1098
1296 2 2 16 24 1092 201 1098
1297 2 2 16 24 207 1091 1097
1298 2 2 16 24 14 210 1098
1299 2 2 16 24 208 207 1097
1300 2 2 16 24 209 208 1097
1301 2 2 16 24 1093 209 1097
1302 2 2 16 24 210 1093 1098
1303 2 2 16 24 204 203 1096
1304 2 2 16 24 205 204 1094
1305 2 2 16 24 1094 204 1096
1306 2 2 16 24 1093 1095 1098
1307 2 2 16 24 1095 1093 1097
1308 2 2 16 24 1091 1095 1097
1309 2 2 16 24 1095 1092 1098
1310 2 2 16 24 1091 1094 1095
1311 2 2 16 24 1095 1094 1096
1312 2 2 16 24 1092 1095 1096
1313 2 2 17 25 1106 1126 1116
1314 2 2 17 25 1124 1127 1107
1315 2 2 17 25 1116 1142 1106
1316 2 2 17 25 1107 1143 1124
1317 2 2 17 25 1117 1139 1129
1318 2 2 17 25 1129 1139 1131
1319 2 2 17 25 1130 1138 1125
1320 2 2 17 25 1131 1138 1130
1321 2 2 17 25 1131 1139 1133
1322 2 2 17 25 1133 1138 1131
1323 2 2 17 25 1109 1122 1120
1324 2 2 17 25 1112 1114 1108
1325 2 2 17 25 1102 1123 1122
1326 2 2 17 25 1114 1115 1103
1327 2 2 17 25 1119 1143 1134
1328 2 2 17 25 1135 1142 1111
1329 2 2 17 25 1133 1139 1105
1330 2 2 17 25 1104 1138 1133
1331 2 2 17 25 1122 1146 1102
1332 2 2 17 25 1103 1147 1114
1333 2 2 17 25 1110 1135 1111
1334 2 2 17 25 1119 1134 1118
1335 2 2 17 25 1134 1143 1107
1336 2 2 17 25 1109 1146 1122
1337 2 2 17 25 1114 1147 1108
1338 2 2 17 25 1106 1142 1135
1339 2 2 17 25 227 1126 1106
1340 2 2 17 25 211 1108 212
1341 2 2 17 25 219 1109 220
1342 2 2 17 25 227 1106 226
1343 2 2 17 25 233 1107 232
1344 2 2 17 25 231 1127 1104
1345 2 2 17 25 1107 1127 232
1346 2 2 17 25 1105 1126 228
1347 2 2 17 25 228 1126 227
1348 2 2 17 25 232 1127 231
1349 2 2 17 25 1130 1132 1101
1350 2 2 17 25 1101 1132 216
1351 2 2 17 25 216 1132 217
1352 2 2 17 25 217 1132 1102
1353 2 2 17 25 1104 1133 230
1354 2 2 17 25 230 1133 229
1355 2 2 17 25 231 1104 230
1356 2 2 17 25 229 1105 228
1357 2 2 17 25 215 1128 1101
1358 2 2 17 25 215 1101 216
1359 2 2 17 25 213 1103 214
1360 2 2 17 25 217 1102 218
1361 2 2 17 25 214 1128 215
1362 2 2 17 25 1103 1128 214
1363 2 2 17 25 229 1133 1105
1364 2 2 17 25 1129 1131 1130
1365 2 2 17 25 1129 1130 1101
1366 2 2 17 25 1128 1129 1101
1367 2 2 17 25 1113 1116 1115
1368 2 2 17 25 1123 1124 1121
1369 2 2 17 25 1116 1117 1115
1370 2 2 17 25 1123 1125 1124
1371 2 2 17 25 1113 1115 1114
1372 2 2 17 25 1122 1123 1121
1373 2 2 17 25 1113 1114 1112
1374 2 2 17 25 1120 1122 1121
1375 2 2 17 25 223 1100 222
1376 2 2 17 25 222 1099 223
1377 2 2 17 25 1111 1113 1112
1378 2 2 17 25 1120 1121 1119
1379 2 2 17 25 1111 1112 1099
1380 2 2 17 25 1100 1120 1119
1381 2 2 17 25 1112 1136 1099
1382 2 2 17 25 1100 1137 1120
1383 2 2 17 25 234 1134 233
1384 2 2 17 25 226 1135 225
1385 2 2 17 25 221 1110 222
1386 2 2 17 25 222 1118 221
1387 2 2 17 25 1120 1137 1109
1388 2 2 17 25 1108 1136 1112
1389 2 2 17 25 1110 1111 1099
1390 2 2 17 25 1100 1119 1118
1391 2 2 17 25 222 1110 1099
1392 2 2 17 25 1100 1118 222
1393 2 2 17 25 223 1137 1100
1394 2 2 17 25 1099 1136 223
1395 2 2 17 25 233 1134 1107
1396 2 2 17 25 1106 1135 226
1397 2 2 17 25 224 1137 223
1398 2 2 17 25 223 1136 224
1399 2 2 17 25 219 1146 1109
1400 2 2 17 25 1108 1147 212
1401 2 2 17 25 1102 1146 218
1402 2 2 17 25 213 1147 1103
1403 2 2 17 25 1113 1142 1116
1404 2 2 17 25 1124 1143 1121
1405 2 2 17 25 16 1150 234
1406 2 2 17 25 225 1151 16
1407 2 2 17 25 15 1148 211
1408 2 2 17 25 220 1149 15
1409 2 2 17 25 221 1150 16
1410 2 2 17 25 16 1151 221
1411 2 2 17 25 15 1149 224
1412 2 2 17 25 224 1148 15
1413 2 2 17 25 1116 1145 1117
1414 2 2 17 25 1130 1140 1132
1415 2 2 17 25 1125 1140 1130
1416 2 2 17 25 1129 1141 1117
1417 2 2 17 25 1128 1141 1129
1418 2 2 17 25 1124 1144 1127
1419 2 2 17 25 1132 1140 1102
1420 2 2 17 25 1103 1141 1128
1421 2 2 17 25 1126 1145 1116
1422 2 2 17 25 1102 1140 1123
1423 2 2 17 25 1115 1141 1103
1424 2 2 17 25 1125 1144 1124
1425 2 2 17 25 1135 1151 225
1426 2 2 17 25 234 1150 1134
1427 2 2 17 25 1127 1144 1104
1428 2 2 17 25 211 1148 1108
1429 2 2 17 25 1109 1149 220
1430 2 2 17 25 1123 1140 1125
1431 2 2 17 25 1117 1141 1115
1432 2 2 17 25 1105 1145 1126
1433 2 2 17 25 1110 1151 1135
1434 2 2 17 25 1134 1150 1118
1435 2 2 17 25 1117 1145 1139
1436 2 2 17 25 218 1146 219
1437 2 2 17 25 212 1147 213
1438 2 2 17 25 1111 1142 1113
1439 2 2 17 25 1121 1143 1119
1440 2 2 17 25 1118 1150 221
1441 2 2 17 25 221 1151 1110
1442 2 2 17 25 1138 1144 1125
1443 2 2 17 25 1108 1148 1136
1444 2 2 17 25 1137 1149 1109
1445 2 2 17 25 224 1149 1137
1446 2 2 17 25 1136 1148 224
1447 2 2 17 25 1104 1144 1138
1448 2 2 17 25 1139 1145 1105
1449 2 2 17 26 216 1155 215
1450 2 2 17 26 1152 1155 216
1451 2 2 17 26 220 1154 219
1452 2 2 17 26 217 1152 216
1453 2 2 17 26 212 1153 211
1454 2 2 17 26 213 1157 212
1455 2 2 17 26 212 1157 1153
1456 2 2 17 26 211 1159 15
1457 2 2 17 26 1153 1159 211
1458 2 2 17 26 217 1158 1152
1459 2 2 17 26 15 1159 220
1460 2 2 17 26 218 1158 217
1461 2 2 17 26 219 1158 218
1462 2 2 17 26 1154 1158 219
1463 2 2 17 26 220 1159 1154
1464 2 2 17 26 214 1157 213
1465 2 2 17 26 215 1155 214
1466 2 2 17 26 1155 1157 214
1467 2 2 17 26 1154 1159 1156
1468 2 2 17 26 1156 1158 1154
1469 2 2 17 26 1152 1158 1156
1470 2 2 17 26 1156 1159 1153
1471 2 2 17 26 1152 1156 1155
1472 2 2 17 26 1156 1157 1155
1473 2 2 17 26 1153 1157 1156
1474 2 2 17 27 230 229 1163
1475 2 2 17 27 1160 230 1163
1476 2 2 17 27 234 233 1162
1477 2 2 17 27 231 230 1160
1478 2 2 17 27 226 225 1161
1479 2 2 17 27 227 226 1165
1480 2 2 17 27 226 1161 1165
1481 2 2 17 27 225 16 1167
1482 2 2 17 27 1161 225 1167
1483 2 2 17 27 231 1160 1166
1484 2 2 17 27 16 234 1167
1485 2 2 17 27 232 231 1166
1486 2 2 17 27 233 232 1166
1487 2 2 17 27 1162 233 1166
1488 2 2 17 27 234 1162 1167
1489 2 2 17 27 228 227 1165
1490 2 2 17 27 229 228 1163
1491 2 2 17 27 1163 228 1165
1492 2 2 17 27 1162 1164 1167
1493 2 2 17 27 1164 1162 1166
1494 2 2 17 27 1160 1164 1166
1495 2 2 17 27 1164 1161 1167
1496 2 2 17 27 1160 1163 1164
1497 2 2 17 27 1164 1163 1165
1498 2 2 17 27 1161 1164 1165
1499 2 2 18 28 1175 1195 1185
1500 2 2 18 28 1193 1196 1176
1501 2 2 18 28 1185 1211 1175
1502 2 2 18 28 1176 1212 1193
1503 2 2 18 28 1186 1208 1198
1504 2 2 18 28 1198 1208 1200
1505 2 2 18 28 1199 1207 1194
1506 2 2 18 28 1200 1207 1199
1507 2 2 18 28 1200 1208 1202
1508 2 2 18 28 1202 1207 1200
1509 2 2 18 28 1178 1191 1189
1510 2 2 18 28 1181 1183 1177
1511 2 2 18 28 1171 1192 1191
1512 2 2 18 28 1183 1184 1172
1513 2 2 18 28 1188 1212 1203
1514 2 2 18 28 1204 1211 1180
1515 2 2 18 28 1202 1208 1174
1516 2 2 18 28 1173 1207 1202
1517 2 2 18 28 1191 1215 1171
1518 2 2 18 28 1172 1216 1183
1519 2 2 18 28 1179 1204 1180
1520 2 2 18 28 1188 1203 1187
1521 2 2 18 28 1203 1212 1176
1522 2 2 18 28 1178 1215 1191
1523 2 2 18 28 1183 1216 1177
1524 2 2 18 28 1175 1211 1204
1525 2 2 18 28 251 1195 1175
1526 2 2 18 28 235 1177 236
1527 2 2 18 28 243 1178 244
1528 2 2 18 28 251 1175 250
1529 2 2 18 28 257 1176 256
1530 2 2 18 28 255 1196 1173
1531 2 2 18 28 1176 1196 256
1532 2 2 18 28 1174 1195 252
1533 2 2 18 28 252 1195 251
1534 2 2 18 28 256 1196 255
1535 2 2 18 28 1199 1201 1170
1536 2 2 18 28 1170 1201 240
1537 2 2 18 28 240 1201 241
1538 2 2 18 28 241 1201 1171
1539 2 2 18 28 239 1197 1170
1540 2 2 18 28 1173 1202 254
1541 2 2 18 28 238 1197 239
1542 2 2 18 28 237 1172 238
1543 2 2 18 28 253 1174 252
1544 2 2 18 28 255 1173 254
1545 2 2 18 28 239 1170 240
1546 2 2 18 28 241 1171 242
1547 2 2 18 28 254 1202 253
1548 2 2 18 28 1172 1197 238
1549 2 2 18 28 253 1202 1174
1550 2 2 18 28 1198 1200 1199
1551 2 2 18 28 1198 1199 1170
1552 2 2 18 28 1197 1198 1170
1553 2 2 18 28 1182 1185 1184
1554 2 2 18 28 1192 1193 1190
1555 2 2 18 28 1185 1186 1184
1556 2 2 18 28 1192 1194 1193
1557 2 2 18 28 1182 1184 1183
1558 2 2 18 28 1191 1192 1190
1559 2 2 18 28 1182 1183 1181
1560 2 2 18 28 1189 1191 1190
1561 2 2 18 28 247 1169 246
1562 2 2 18 28 246 1168 247
1563 2 2 18 28 1180 1182 1181
1564 2 2 18 28 1189 1190 1188
1565 2 2 18 28 1180 1181 1168
1566 2 2 18 28 1169 1189 1188
1567 2 2 18 28 1181 1205 1168
1568 2 2 18 28 1169 1206 1189
1569 2 2 18 28 258 1203 257
1570 2 2 18 28 250 1204 249
1571 2 2 18 28 245 1179 246
1572 2 2 18 28 246 1187 245
1573 2 2 18 28 1189 1206 1178
1574 2 2 18 28 1177 1205 1181
1575 2 2 18 28 1179 1180 1168
1576 2 2 18 28 1169 1188 1187
1577 2 2 18 28 246 1179 1168
1578 2 2 18 28 1169 1187 246
1579 2 2 18 28 247 1206 1169
1580 2 2 18 28 1168 1205 247
1581 2 2 18 28 257 1203 1176
1582 2 2 18 28 1175 1204 250
1583 2 2 18 28 248 1206 247
1584 2 2 18 28 247 1205 248
1585 2 2 18 28 243 1215 1178
1586 2 2 18 28 1177 1216 236
1587 2 2 18 28 1171 1215 242
1588 2 2 18 28 237 1216 1172
1589 2 2 18 28 1182 1211 1185
1590 2 2 18 28 1193 1212 1190
1591 2 2 18 28 18 1219 258
1592 2 2 18 28 249 1220 18
1593 2 2 18 28 17 1217 235
1594 2 2 18 28 244 1218 17
1595 2 2 18 28 245 1219 18
1596 2 2 18 28 18 1220 245
1597 2 2 18 28 17 1218 248
1598 2 2 18 28 248 1217 17
1599 2 2 18 28 1185 1214 1186
1600 2 2 18 28 1199 1209 1201
1601 2 2 18 28 1194 1209 1199
1602 2 2 18 28 1198 1210 1186
1603 2 2 18 28 1197 1210 1198
1604 2 2 18 28 1193 1213 1196
1605 2 2 18 28 1201 1209 1171
1606 2 2 18 28 1172 1210 1197
1607 2 2 18 28 1195 1214 1185
1608 2 2 18 28 1171 1209 1192
1609 2 2 18 28 1184 1210 1172
1610 2 2 18 28 1194 1213 1193
1611 2 2 18 28 1204 1220 249
1612 2 2 18 28 258 1219 1203
1613 2 2 18 28 1196 1213 1173
1614 2 2 18 28 235 1217 1177
1615 2 2 18 28 1178 1218 244
1616 2 2 18 28 1192 1209 1194
1617 2 2 18 28 1186 1210 1184
1618 2 2 18 28 1174 1214 1195
1619 2 2 18 28 1179 1220 1204
1620 2 2 18 28 1203 1219 1187
1621 2 2 18 28 1186 1214 1208
1622 2 2 18 28 242 1215 243
1623 2 2 18 28 236 1216 237
1624 2 2 18 28 1180 1211 1182
1625 2 2 18 28 1190 1212 1188
1626 2 2 18 28 1187 1219 245
1627 2 2 18 28 245 1220 1179
1628 2 2 18 28 1207 1213 1194
1629 2 2 18 28 1177 1217 1205
1630 2 2 18 28 1206 1218 1178
1631 2 2 18 28 248 1218 1206
1632 2 2 18 28 1205 1217 248
1633 2 2 18 28 1173 1213 1207
1634 2 2 18 28 1208 1214 1174
1635 2 2 18 29 240 1224 239
1636 2 2 18 29 1221 1224 240
1637 2 2 18 29 244 1223 243
1638 2 2 18 29 241 1221 240
1639 2 2 18 29 236 1222 235
1640 2 2 18 29 237 1226 236
1641 2 2 18 29 236 1226 1222
1642 2 2 18 29 235 1228 17
1643 2 2 18 29 1222 1228 235
1644 2 2 18 29 241 1227 1221
1645 2 2 18 29 17 1228 244
1646 2 2 18 29 242 1227 241
1647 2 2 18 29 243 1227 242
1648 2 2 18 29 1223 1227 243
1649 2 2 18 29 244 1228 1223
1650 2 2 18 29 238 1226 237
1651 2 2 18 29 239 1224 238
1652 2 2 18 29 1224 1226 238
1653 2 2 18 29 1223 1228 1225
1654 2 2 18 29 1225 1227 1223
1655 2 2 18 29 1221 1227 1225
1656 2 2 18 29 1225 1228 1222
1657 2 2 18 29 1221 1225 1224
1658 2 2 18 29 1225 1226 1224
1659 2 2 18 29 1222 1226 1225
1660 2 2 18 30 254 253 1232
1661 2 2 18 30 1229 254 1232
1662 2 2 18 30 258 257 1231
1663 2 2 18 30 255 254 1229
1664 2 2 18 30 250 249 1230
1665 2 2 18 30 251 250 1234
1666 2 2 18 30 250 1230 1234
1667 2 2 18 30 249 18 1236
1668 2 2 18 30 1230 249 1236
1669 2 2 18 30 255 1229 1235
1670 2 2 18 30 18 258 1236
1671 2 2 18 30 256 255 1235
1672 2 2 18 30 257 256 1235
1673 2 2 18 30 1231 257 1235
1674 2 2 18 30 258 1231 1236
1675 2 2 18 30 252 251 1234
1676 2 2 18 30 253 252 1232
1677 2 2 18 30 1232 252 1234
1678 2 2 18 30 1231 1233 1236
1679 2 2 18 30 1233 1231 1235
1680 2 2 18 30 1229 1233 1235
1681 2 2 18 30 1233 1230 1236
1682 2 2 18 30 1229 1232 1233
1683 2 2 18 30 1233 1232 1234
1684 2 2 18 30 1230 1233 1234
1685 2 2 19 31 1244 1264 1254
1686 2 2 19 31 1262 1265 1245
1687 2 2 19 31 1254 1280 1244
1688 2 2 19 31 1245 1281 1262
1689 2 2 19 31 1255 1277 1267
1690 2 2 19 31 1267 1277 1269
1691 2 2 19 31 1268 1276 1263
1692 2 2 19 31 1269 1276 1268
1693 2 2 19 31 1269 1277 1271
1694 2 2 19 31 1271 1276 1269
1695 2 2 19 31 1247 1260 1258
1696 2 2 19 31 1250 1252 1246
1697 2 2 19 31 1240 1261 1260
1698 2 2 19 31 1252 1253 1241
1699 2 2 19 31 1257 1281 1272
1700 2 2 19 31 1273 1280 1249
1701 2 2 19 31 1271 1277 1243
1702 2 2 19 31 1242 1276 1271
1703 2 2 19 31 1260 1284 1240
1704 2 2 19 31 1241 1285 1252
1705 2 2 19 31 1248 1273 1249
1706 2 2 19 31 1257 1272 1256
1707 2 2 19 31 1272 1281 1245
1708 2 2 19 31 1247 1284 1260
1709 2 2 19 31 1252 1285 1246
1710 2 2 19 31 1244 1280 1273
1711 2 2 19 31 275 1264 1244
1712 2 2 19 31 259 1246 260
1713 2 2 19 31 267 1247 268
1714 2 2 19 31 275 1244 274
1715 2 2 19 31 281 1245 280
1716 2 2 19 31 279 1265 1242
1717 2 2 19 31 1245 1265 280
1718 2 2 19 31 1243 1264 276
1719 2 2 19 31 276 1264 275
1720 2 2 19 31 280 1265 279
1721 2 2 19 31 1268 1270 1239
1722 2 2 19 31 264 1270 265
1723 2 2 19 31 1239 1270 264
1724 2 2 19 31 265 1270 1240
1725 2 2 19 31 263 1266 1239
1726 2 2 19 31 1242 1271 278
1727 2 2 19 31 262 1266 263
1728 2 2 19 31 261 1241 262
1729 2 2 19 31 277 1243 276
1730 2 2 19 31 279 1242 278
1731 2 2 19 31 263 1239 264
1732 2 2 19 31 265 1240 266
1733 2 2 19 31 278 1271 277
1734 2 2 19 31 1241 1266 262
1735 2 2 19 31 277 1271 1243
1736 2 2 19 31 1267 1269 1268
1737 2 2 19 31 1267 1268 1239
1738 2 2 19 31 1266 1267 1239
1739 2 2 19 31 1251 1254 1253
1740 2 2 19 31 1261 1262 1259
1741 2 2 19 31 1254 1255 1253
1742 2 2 19 31 1261 1263 1262
1743 2 2 19 31 1251 1253 1252
1744 2 2 19 31 1260 1261 1259
1745 2 2 19 31 1251 1252 1250
1746 2 2 19 31 1258 1260 1259
1747 2 2 19 31 271 1238 270
1748 2 2 19 31 270 1237 271
1749 2 2 19 31 1249 1251 1250
1750 2 2 19 31 1258 1259 1257
1751 2 2 19 31 1249 1250 1237
1752 2 2 19 31 1238 1258 1257
1753 2 2 19 31 1250 1274 1237
1754 2 2 19 31 1238 1275 1258
1755 2 2 19 31 282 1272 281
1756 2 2 19 31 274 1273 273
1757 2 2 19 31 269 1248 270
1758 2 2 19 31 270 1256 269
1759 2 2 19 31 1258 1275 1247
1760 2 2 19 31 1246 1274 1250
1761 2 2 19 31 1248 1249 1237
1762 2 2 19 31 1238 1257 1256
1763 2 2 19 31 270 1248 1237
1764 2 2 19 31 1238 1256 270
1765 2 2 19 31 271 1275 1238
1766 2 2 19 31 1237 1274 271
1767 2 2 19 31 281 1272 1245
1768 2 2 19 31 1244 1273 274
1769 2 2 19 31 272 1275 271
1770 2 2 19 31 271 1274 272
1771 2 2 19 31 267 1284 1247
1772 2 2 19 31 1246 1285 260
1773 2 2 19 31 1240 1284 266
1774 2 2 19 31 261 1285 1241
1775 2 2 19 31 1251 1280 1254
1776 2 2 19 31 1262 1281 1259
1777 2 2 19 31 20 1288 282
1778 2 2 19 31 273 1289 20
1779 2 2 19 31 19 1286 259
1780 2 2 19 31 268 1287 19
1781 2 2 19 31 269 1288 20
1782 2 2 19 31 20 1289 269
1783 2 2 19 31 19 1287 272
1784 2 2 19 31 272 1286 19
1785 2 2 19 31 1254 1283 1255
1786 2 2 19 31 1268 1278 1270
1787 2 2 19 31 1263 1278 1268
1788 2 2 19 31 1267 1279 1255
1789 2 2 19 31 1266 1279 1267
1790 2 2 19 31 1262 1282 1265
1791 2 2 19 31 1270 1278 1240
1792 2 2 19 31 1241 1279 1266
1793 2 2 19 31 1264 1283 1254
1794 2 2 19 31 1240 1278 1261
1795 2 2 19 31 1253 1279 1241
1796 2 2 19 31 1263 1282 1262
1797 2 2 19 31 1273 1289 273
1798 2 2 19 31 282 1288 1272
1799 2 2 19 31 1265 1282 1242
1800 2 2 19 31 259 1286 1246
1801 2 2 19 31 1247 1287 268
1802 2 2 19 31 1261 1278 1263
1803 2 2 19 31 1255 1279 1253
1804 2 2 19 31 1243 1283 1264
1805 2 2 19 31 1248 1289 1273
1806 2 2 19 31 1272 1288 1256
1807 2 2 19 31 1255 1283 1277
1808 2 2 19 31 266 1284 267
1809 2 2 19 31 260 1285 261
1810 2 2 19 31 1249 1280 1251
1811 2 2 19 31 1259 1281 1257
1812 2 2 19 31 1256 1288 269
1813 2 2 19 31 269 1289 1248
1814 2 2 19 31 1276 1282 1263
1815 2 2 19 31 1246 1286 1274
1816 2 2 19 31 1275 1287 1247
1817 2 2 19 31 272 1287 1275
1818 2 2 19 31 1274 1286 272
1819 2 2 19 31 1242 1282 1276
1820 2 2 19 31 1277 1283 1243
1821 2 2 19 32 264 1293 263
1822 2 2 19 32 1290 1293 264
1823 2 2 19 32 268 1292 267
1824 2 2 19 32 265 1290 264
1825 2 2 19 32 260 1291 259
1826 2 2 19 32 261 1295 260
1827 2 2 19 32 260 1295 1291
1828 2 2 19 32 259 1297 19
1829 2 2 19 32 1291 1297 259
1830 2 2 19 32 265 1296 1290
1831 2 2 19 32 19 1297 268
1832 2 2 19 32 266 1296 265
1833 2 2 19 32 267 1296 266
1834 2 2 19 32 1292 1296 267
1835 2 2 19 32 268 1297 1292
1836 2 2 19 32 262 1295 261
1837 2 2 19 32 263 1293 262
1838 2 2 19 32 1293 1295 262
1839 2 2 19 32 1292 1297 1294
1840 2 2 19 32 1294 1296 1292
1841 2 2 19 32 1290 1296 1294
1842 2 2 19 32 1294 1297 1291
1843 2 2 19 32 1290 1294 1293
1844 2 2 19 32 1294 1295 1293
1845 2 2 19 32 1291 1295 1294
1846 2 2 19 33 278 277 1301
1847 2 2 19 33 1298 278 1301
1848 2 2 19 33 282 281 1300
1849 2 2 19 33 279 278 1298
1850 2 2 19 33 274 273 1299
1851 2 2 19 33 275 274 1303
1852 2 2 19 33 274 1299 1303
1853 2 2 19 33 273 20 1305
1854 2 2 19 33 1299 273 1305
1855 2 2 19 33 279 1298 1304
1856 2 2 19 33 20 282 1305
1857 2 2 19 33 280 279 1304
1858 2 2 19 33 281 280 1304
1859 2 2 19 33 1300 281 1304
1860 2 2 19 33 282 1300 1305
1861 2 2 19 33 276 275 1303
1862 2 2 19 33 277 276 1301
1863 2 2 19 33 1301 276 1303
1864 2 2 19 33 1300 1302 1305
1865 2 2 19 33 1302 1300 1304
1866 2 2 19 33 1298 1302 1304
1867 2 2 19 33 1302 1299 1305
1868 2 2 19 33 1298 1301 1302
1869 2 2 19 33 1302 1301 1303
1870 2 2 19 33 1299 1302 1303
1871 2 2 20 34 1323 1339 1313
1872 2 2 20 34 1313 1351 1323
1873 2 2 20 34 1332 1334 1324
1874 2 2 20 34 1324 1337 1332
1875 2 2 20 34 1329 1345 1333
1876 2 2 20 34 1308 1350 1337
1877 2 2 20 34 1337 1350 1332
1878 2 2 20 34 1345 1358 1333
1879 2 2 20 34 1314 1321 1319
1880 2 2 20 34 1310 1322 1321
1881 2 2 20 34 1318 1351 1341
1882 2 2 20 34 1321 1352 1310
1883 2 2 20 34 1318 1341 1317
1884 2 2 20 34 1341 1351 1313
1885 2 2 20 34 1314 1352 1321
1886 2 2 20 34 1329 1333 1326
1887 2 2 20 34 291 1325 1316
1888 2 2 20 34 1325 1333 1316
1889 2 2 20 34 1313 1339 285
1890 2 2 20 34 298 1314 297
1891 2 2 20 34 306 1315 305
1892 2 2 20 34 291 1316 292
1893 2 2 20 34 304 1338 1312
1894 2 2 20 34 1326 1333 1325
1895 2 2 20 34 1315 1338 305
1896 2 2 20 34 284 1313 285
1897 2 2 20 34 287 1335 288
1898 2 2 20 34 1335 1336 288
1899 2 2 20 34 290 1325 291
1900 2 2 20 34 1309 1325 290
1901 2 2 20 34 288 1336 289
1902 2 2 20 34 1311 1335 287
1903 2 2 20 34 1328 1329 1326
1904 2 2 20 34 1309 1326 1325
1905 2 2 20 34 286 1339 1311
1906 2 2 20 34 285 1339 286
1907 2 2 20 34 305 1338 304
1908 2 2 20 34 289 1336 1309
1909 2 2 20 34 1334 1335 1311
1910 2 2 20 34 1312 1340 303
1911 2 2 20 34 286 1311 287
1912 2 2 20 34 300 1310 299
1913 2 2 20 34 302 1308 301
1914 2 2 20 34 289 1309 290
1915 2 2 20 34 304 1312 303
1916 2 2 20 34 303 1340 302
1917 2 2 20 34 302 1340 1308
1918 2 2 20 34 1331 1334 1332
1919 2 2 20 34 1331 1332 1330
1920 2 2 20 34 1327 1328 1326
1921 2 2 20 34 1327 1331 1330
1922 2 2 20 34 1327 1330 1328
1923 2 2 20 34 1309 1327 1326
1924 2 2 20 34 1331 1335 1334
1925 2 2 20 34 1331 1336 1335
1926 2 2 20 34 1309 1336 1327
1927 2 2 20 34 1327 1336 1331
1928 2 2 20 34 1322 1323 1320
1929 2 2 20 34 1322 1324 1323
1930 2 2 20 34 1321 1322 1320
1931 2 2 20 34 1319 1321 1320
1932 2 2 20 34 295 1307 294
1933 2 2 20 34 294 1306 295
1934 2 2 20 34 1319 1320 1318
1935 2 2 20 34 1306 1319 1318
1936 2 2 20 34 1306 1342 1319
1937 2 2 20 34 283 1341 284
1938 2 2 20 34 295 1317 296
1939 2 2 20 34 1319 1342 1314
1940 2 2 20 34 1306 1318 1317
1941 2 2 20 34 1306 1317 295
1942 2 2 20 34 1343 1345 1315
1943 2 2 20 34 1307 1343 294
1944 2 2 20 34 295 1344 1307
1945 2 2 20 34 294 1342 1306
1946 2 2 20 34 284 1341 1313
1947 2 2 20 34 296 1344 295
1948 2 2 20 34 294 1343 293
1949 2 2 20 34 293 1342 294
1950 2 2 20 34 1307 1345 1343
1951 2 2 20 34 1337 1346 1308
1952 2 2 20 34 300 1346 1310
1953 2 2 20 34 1308 1346 301
1954 2 2 20 34 298 1352 1314
1955 2 2 20 34 1310 1352 299
1956 2 2 20 34 1323 1347 1339
1957 2 2 20 34 1323 1351 1320
1958 2 2 20 34 21 1356 283
1959 2 2 20 34 297 1353 22
1960 2 2 20 34 292 1355 21
1961 2 2 20 34 22 1354 306
1962 2 2 20 34 1333 1358 1316
1963 2 2 20 34 1307 1358 1345
1964 2 2 20 34 296 1356 21
1965 2 2 20 34 293 1354 22
1966 2 2 20 34 21 1355 296
1967 2 2 20 34 22 1353 293
1968 2 2 20 34 1334 1347 1324
1969 2 2 20 34 1339 1347 1311
1970 2 2 20 34 1316 1358 1344
1971 2 2 20 34 1345 1359 1315
1972 2 2 20 34 1311 1347 1334
1973 2 2 20 34 1322 1357 1324
1974 2 2 20 34 1315 1359 1338
1975 2 2 20 34 301 1346 300
1976 2 2 20 34 1346 1357 1310
1977 2 2 20 34 1324 1357 1337
1978 2 2 20 34 283 1356 1341
1979 2 2 20 34 1328 1348 1329
1980 2 2 20 34 1338 1348 1312
1981 2 2 20 34 1312 1349 1340
1982 2 2 20 34 1349 1350 1340
1983 2 2 20 34 1340 1350 1308
1984 2 2 20 34 1328 1349 1348
1985 2 2 20 34 1324 1347 1323
1986 2 2 20 34 1348 1349 1312
1987 2 2 20 34 1314 1353 297
1988 2 2 20 34 306 1354 1315
1989 2 2 20 34 1316 1355 292
1990 2 2 20 34 1330 1349 1328
1991 2 2 20 34 1330 1350 1349
1992 2 2 20 34 1332 1350 1330
1993 2 2 20 34 1341 1356 1317
1994 2 2 20 34 299 1352 298
1995 2 2 20 34 1320 1351 1318
1996 2 2 20 34 1310 1357 1322
1997 2 2 20 34 1317 1356 296
1998 2 2 20 34 1342 1353 1314
1999 2 2 20 34 1315 1354 1343
2000 2 2 20 34 1344 1355 1316
2001 2 2 20 34 296 1355 1344
2002 2 2 20 34 1343 1354 293
2003 2 2 20 34 293 1353 1342
2004 2 2 20 34 1344 1358 1307
2005 2 2 20 34 1337 1357 1346
2006 2 2 20 34 1329 1359 1345
2007 2 2 20 34 1348 1359 1329
2008 2 2 20 34 1338 1359 1348
2009 2 2 20 35 290 1363 1360
2010 2 2 20 35 291 1363 290
2011 2 2 20 35 287 1362 286
2012 2 2 20 35 284 1361 283
2013 2 2 20 35 290 1360 289
2014 2 2 20 35 1361 1365 283
2015 2 2 20 35 283 1365 21
2016 2 2 20 35 289 1367 288
2017 2 2 20 35 287 1367 1362
2018 2 2 20 35 285 1366 284
2019 2 2 20 35 284 1366 1361
2020 2 2 20 35 288 1367 287
2021 2 2 20 35 286 1366 285
2022 2 2 20 35 1360 1367 289
2023 2 2 20 35 1362 1366 286
2024 2 2 20 35 21 1365 292
2025 2 2 20 35 292 1363 291
2026 2 2 20 35 292 1365 1363
2027 2 2 20 35 1362 1367 1364
2028 2 2 20 35 1364 1366 1362
2029 2 2 20 35 1364 1367 1360
2030 2 2 20 35 1361 1366 1364
2031 2 2 20 35 1363 1364 1360
2032 2 2 20 35 1364 1365 1361
2033 2 2 20 35 1363 1365 1364
2034 2 2 20 36 304 1368 1371
2035 2 2 20 36 305 304 1371
2036 2 2 20 36 301 300 1370
2037 2 2 20 36 298 297 1369
2038 2 2 20 36 304 303 1368
2039 2 2 20 36 1369 297 1373
2040 2 2 20 36 297 22 1373
2041 2 2 20 36 303 302 1375
2042 2 2 20 36 301 1370 1375
2043 2 2 20 36 299 298 1374
2044 2 2 20 36 298 1369 1374
2045 2 2 20 36 302 301 1375
2046 2 2 20 36 300 299 1374
2047 2 2 20 36 1368 303 1375
2048 2 2 20 36 1370 300 1374
2049 2 2 20 36 22 306 1373
2050 2 2 20 36 306 305 1371
2051 2 2 20 36 306 1371 1373
2052 2 2 20 36 1370 1372 1375
2053 2 2 20 36 1372 1370 1374
2054 2 2 20 36 1372 1368 1375
2055 2 2 20 36 1369 1372 1374
2056 2 2 20 36 1371 1368 1372
2057 2 2 20 36 1372 1369 1373
2058 2 2 20 36 1371 1372 1373
2059 2 2 21 37 1392 1416 1394
2060 2 2 21 37 1404 1415 1405
2061 2 2 21 37 1404 1427 1415
2062 2 2 21 37 1416 1428 1394
2063 2 2 21 37 1386 1404 1403
2064 2 2 21 37 1403 1404 1402
2065 2 2 21 37 1382 1403 1402
2066 2 2 21 37 1401 1406 1399
2067 2 2 21 37 1392 1394 1389
2068 2 2 21 37 322 1388 1384
2069 2 2 21 37 315 1408 1387
2070 2 2 21 37 1398 1401 1399
2071 2 2 21 37 1400 1401 1398
2072 2 2 21 37 1388 1394 1384
2073 2 2 21 37 307 1385 308
2074 2 2 21 37 322 1384 321
2075 2 2 21 37 315 1387 316
2076 2 2 21 37 330 1386 329
2077 2 2 21 37 1404 1405 1402
2078 2 2 21 37 309 1407 1380
2079 2 2 21 37 1389 1394 1388
2080 2 2 21 37 1385 1407 308
2081 2 2 21 37 328 1403 1382
2082 2 2 21 37 1386 1403 329
2083 2 2 21 37 323 1388 322
2084 2 2 21 37 1383 1388 323
2085 2 2 21 37 1379 1408 314
2086 2 2 21 37 314 1408 315
2087 2 2 21 37 1402 1406 1401
2088 2 2 21 37 325 1397 324
2089 2 2 21 37 1378 1397 325
2090 2 2 21 37 1383 1389 1388
2091 2 2 21 37 1391 1392 1389
2092 2 2 21 37 308 1407 309
2093 2 2 21 37 324 1397 1383
2094 2 2 21 37 1395 1397 1378
2095 2 2 21 37 1390 1391 1389
2096 2 2 21 37 327 1400 326
2097 2 2 21 37 326 1400 1378
2098 2 2 21 37 1382 1400 327
2099 2 2 21 37 313 1410 1379
2100 2 2 21 37 311 1409 1381
2101 2 2 21 37 312 1410 313
2102 2 2 21 37 310 1409 311
2103 2 2 21 37 309 1380 310
2104 2 2 21 37 313 1379 314
2105 2 2 21 37 326 1378 325
2106 2 2 21 37 324 1383 323
2107 2 2 21 37 328 1382 327
2108 2 2 21 37 311 1381 312
2109 2 2 21 37 1380 1409 310
2110 2 2 21 37 1381 1410 312
2111 2 2 21 37 329 1403 328
2112 2 2 21 37 1398 1399 1396
2113 2 2 21 37 1383 1390 1389
2114 2 2 21 37 1382 1402 1401
2115 2 2 21 37 1390 1395 1393
2116 2 2 21 37 1390 1393 1391
2117 2 2 21 37 1395 1396 1393
2118 2 2 21 37 1383 1397 1390
2119 2 2 21 37 1405 1406 1402
2120 2 2 21 37 1390 1397 1395
2121 2 2 21 37 1378 1400 1398
2122 2 2 21 37 1382 1401 1400
2123 2 2 21 37 1395 1398 1396
2124 2 2 21 37 1378 1398 1395
2125 2 2 21 37 319 1377 318
2126 2 2 21 37 318 1376 319
2127 2 2 21 37 1387 1415 1414
2128 2 2 21 37 1412 1416 1385
2129 2 2 21 37 1414 1415 1377
2130 2 2 21 37 1377 1413 318
2131 2 2 21 37 319 1414 1377
2132 2 2 21 37 1376 1412 319
2133 2 2 21 37 318 1411 1376
2134 2 2 21 37 318 1413 317
2135 2 2 21 37 320 1414 319
2136 2 2 21 37 319 1412 320
2137 2 2 21 37 317 1411 318
2138 2 2 21 37 1376 1416 1412
2139 2 2 21 37 1415 1427 1377
2140 2 2 21 37 321 1424 24
2141 2 2 21 37 23 1423 307
2142 2 2 21 37 24 1426 330
2143 2 2 21 37 316 1425 23
2144 2 2 21 37 1394 1428 1384
2145 2 2 21 37 1376 1428 1416
2146 2 2 21 37 1386 1427 1404
2147 2 2 21 37 317 1426 24
2148 2 2 21 37 23 1425 320
2149 2 2 21 37 24 1424 317
2150 2 2 21 37 320 1423 23
2151 2 2 21 37 1387 1429 1415
2152 2 2 21 37 1384 1428 1411
2153 2 2 21 37 1416 1430 1385
2154 2 2 21 37 1408 1429 1387
2155 2 2 21 37 1413 1427 1386
2156 2 2 21 37 1385 1430 1407
2157 2 2 21 37 1379 1418 1417
2158 2 2 21 37 1406 1418 1399
2159 2 2 21 37 1417 1418 1406
2160 2 2 21 37 1379 1417 1408
2161 2 2 21 37 1381 1422 1420
2162 2 2 21 37 1410 1418 1379
2163 2 2 21 37 1391 1419 1392
2164 2 2 21 37 1407 1419 1380
2165 2 2 21 37 1420 1422 1396
2166 2 2 21 37 1380 1421 1409
2167 2 2 21 37 1409 1422 1381
2168 2 2 21 37 1391 1421 1419
2169 2 2 21 37 1421 1422 1409
2170 2 2 21 37 1410 1420 1418
2171 2 2 21 37 1381 1420 1410
2172 2 2 21 37 1419 1421 1380
2173 2 2 21 37 307 1423 1385
2174 2 2 21 37 1384 1424 321
2175 2 2 21 37 1387 1425 316
2176 2 2 21 37 330 1426 1386
2177 2 2 21 37 1399 1420 1396
2178 2 2 21 37 1405 1417 1406
2179 2 2 21 37 1418 1420 1399
2180 2 2 21 37 1393 1421 1391
2181 2 2 21 37 1393 1422 1421
2182 2 2 21 37 1396 1422 1393
2183 2 2 21 37 1411 1424 1384
2184 2 2 21 37 1385 1423 1412
2185 2 2 21 37 1386 1426 1413
2186 2 2 21 37 1414 1425 1387
2187 2 2 21 37 1413 1426 317
2188 2 2 21 37 320 1425 1414
2189 2 2 21 37 1412 1423 320
2190 2 2 21 37 317 1424 1411
2191 2 2 21 37 1377 1427 1413
2192 2 2 21 37 1411 1428 1376
2193 2 2 21 37 1415 1429 1405
2194 2 2 21 37 1392 1430 1416
2195 2 2 21 37 1419 1430 1392
2196 2 2 21 37 1417 1429 1408
2197 2 2 21 37 1407 1430 1419
2198 2 2 21 37 1405 1429 1417
2199 2 2 21 38 314 1434 1431
2200 2 2 21 38 315 1434 314
2201 2 2 21 38 311 1433 310
2202 2 2 21 38 308 1432 307
2203 2 2 21 38 314 1431 313
2204 2 2 21 38 1432 1436 307
2205 2 2 21 38 307 1436 23
2206 2 2 21 38 313 1438 312
2207 2 2 21 38 311 1438 1433
2208 2 2 21 38 309 1437 308
2209 2 2 21 38 308 1437 1432
2210 2 2 21 38 312 1438 311
2211 2 2 21 38 310 1437 309
2212 2 2 21 38 1431 1438 313
2213 2 2 21 38 1433 1437 310
2214 2 2 21 38 23 1436 316
2215 2 2 21 38 316 1434 315
2216 2 2 21 38 316 1436 1434
2217 2 2 21 38 1433 1438 1435
2218 2 2 21 38 1435 1437 1433
2219 2 2 21 38 1435 1438 1431
2220 2 2 21 38 1432 1437 1435
2221 2 2 21 38 1434 1435 1431
2222 2 2 21 38 1435 1436 1432
2223 2 2 21 38 1434 1436 1435
2224 2 2 21 39 328 1439 1442
2225 2 2 21 39 329 328 1442
2226 2 2 21 39 325 324 1441
2227 2 2 21 39 322 321 1440
2228 2 2 21 39 328 327 1439
2229 2 2 21 39 1440 321 1444
2230 2 2 21 39 321 24 1444
2231 2 2 21 39 327 326 1446
2232 2 2 21 39 325 1441 1446
2233 2 2 21 39 323 322 1445
2234 2 2 21 39 322 1440 1445
2235 2 2 21 39 326 325 1446
2236 2 2 21 39 324 323 1445
2237 2 2 21 39 1439 327 1446
2238 2 2 21 39 1441 324 1445
2239 2 2 21 39 24 330 1444
2240 2 2 21 39 330 329 1442
2241 2 2 21 39 330 1442 1444
2242 2 2 21 39 1441 1443 1446
2243 2 2 21 39 1443 1441 1445
2244 2 2 21 39 1443 1439 1446
2245 2 2 21 39 1440 1443 1445
2246 2 2 21 39 1442 1439 1443
2247 2 2 21 39 1443 1440 1444
2248 2 2 21 39 1442 1443 1444
2249 2 2 22 40 1464 1480 1454
2250 2 2 22 40 1454 1492 1464
2251 2 2 22 40 1475 1487 1486
2252 2 2 22 40 1475 1486 1474
2253 2 2 22 40 1477 1486 1465
2254 2 2 22 40 1474 1486 1477
2255 2 2 22 40 1472 1485 1471
2256 2 2 22 40 1472 1499 1485
2257 2 2 22 40 1457 1462 1460
2258 2 2 22 40 1450 1463 1462
2259 2 2 22 40 1459 1492 1481
2260 2 2 22 40 1469 1489 1488
2261 2 2 22 40 1487 1490 349
2262 2 2 22 40 1462 1494 1450
2263 2 2 22 40 1459 1481 1458
2264 2 2 22 40 1481 1492 1454
2265 2 2 22 40 1488 1489 1451
2266 2 2 22 40 1457 1494 1462
2267 2 2 22 40 1467 1472 1471
2268 2 2 22 40 346 1479 1455
2269 2 2 22 40 1456 1466 332
2270 2 2 22 40 1477 1478 1449
2271 2 2 22 40 1475 1490 1487
2272 2 2 22 40 1456 1472 1466
2273 2 2 22 40 346 1455 345
2274 2 2 22 40 331 1456 332
2275 2 2 22 40 339 1457 340
2276 2 2 22 40 1466 1472 1467
2277 2 2 22 40 353 1454 352
2278 2 2 22 40 351 1480 1452
2279 2 2 22 40 1454 1480 352
2280 2 2 22 40 333 1466 1453
2281 2 2 22 40 1451 1479 347
2282 2 2 22 40 347 1479 346
2283 2 2 22 40 332 1466 333
2284 2 2 22 40 334 1476 335
2285 2 2 22 40 335 1476 1449
2286 2 2 22 40 1466 1467 1453
2287 2 2 22 40 1467 1471 1469
2288 2 2 22 40 1453 1476 334
2289 2 2 22 40 352 1480 351
2290 2 2 22 40 1449 1476 1473
2291 2 2 22 40 1449 1478 336
2292 2 2 22 40 336 1478 337
2293 2 2 22 40 337 1478 1450
2294 2 2 22 40 351 1452 350
2295 2 2 22 40 348 1451 347
2296 2 2 22 40 333 1453 334
2297 2 2 22 40 335 1449 336
2298 2 2 22 40 337 1450 338
2299 2 2 22 40 1467 1469 1468
2300 2 2 22 40 1470 1475 1474
2301 2 2 22 40 1470 1474 1473
2302 2 2 22 40 1467 1468 1453
2303 2 2 22 40 1470 1473 1468
2304 2 2 22 40 1469 1470 1468
2305 2 2 22 40 1468 1476 1453
2306 2 2 22 40 1473 1476 1468
2307 2 2 22 40 1463 1464 1461
2308 2 2 22 40 1463 1465 1464
2309 2 2 22 40 1473 1477 1449
2310 2 2 22 40 1462 1463 1461
2311 2 2 22 40 1460 1462 1461
2312 2 2 22 40 343 1448 342
2313 2 2 22 40 342 1447 343
2314 2 2 22 40 1474 1477 1473
2315 2 2 22 40 1460 1461 1459
2316 2 2 22 40 1448 1460 1459
2317 2 2 22 40 1448 1484 1460
2318 2 2 22 40 354 1481 353
2319 2 2 22 40 342 1458 341
2320 2 2 22 40 1460 1484 1457
2321 2 2 22 40 1448 1459 1458
2322 2 2 22 40 1486 1487 1452
2323 2 2 22 40 1448 1458 342
2324 2 2 22 40 1455 1485 1482
2325 2 2 22 40 343 1484 1448
2326 2 2 22 40 342 1482 1447
2327 2 2 22 40 1447 1483 343
2328 2 2 22 40 353 1481 1454
2329 2 2 22 40 344 1484 343
2330 2 2 22 40 341 1482 342
2331 2 2 22 40 343 1483 344
2332 2 2 22 40 1482 1485 1447
2333 2 2 22 40 350 1487 349
2334 2 2 22 40 1469 1488 1470
2335 2 2 22 40 348 1490 1451
2336 2 2 22 40 339 1494 1457
2337 2 2 22 40 1485 1499 1447
2338 2 2 22 40 1450 1494 338
2339 2 2 22 40 1464 1492 1461
2340 2 2 22 40 26 1498 354
2341 2 2 22 40 25 1495 331
2342 2 2 22 40 345 1496 26
2343 2 2 22 40 340 1497 25
2344 2 2 22 40 341 1498 26
2345 2 2 22 40 25 1497 344
2346 2 2 22 40 344 1495 25
2347 2 2 22 40 26 1496 341
2348 2 2 22 40 1456 1499 1472
2349 2 2 22 40 1477 1491 1478
2350 2 2 22 40 1465 1491 1477
2351 2 2 22 40 1455 1500 1485
2352 2 2 22 40 1479 1500 1455
2353 2 2 22 40 1483 1499 1456
2354 2 2 22 40 1464 1493 1480
2355 2 2 22 40 1478 1491 1450
2356 2 2 22 40 1451 1490 1488
2357 2 2 22 40 1450 1491 1463
2358 2 2 22 40 1465 1493 1464
2359 2 2 22 40 1452 1487 350
2360 2 2 22 40 1470 1488 1475
2361 2 2 22 40 354 1498 1481
2362 2 2 22 40 1451 1489 1479
2363 2 2 22 40 1480 1493 1452
2364 2 2 22 40 1471 1489 1469
2365 2 2 22 40 1455 1496 345
2366 2 2 22 40 331 1495 1456
2367 2 2 22 40 1457 1497 340
2368 2 2 22 40 349 1490 348
2369 2 2 22 40 1463 1491 1465
2370 2 2 22 40 1481 1498 1458
2371 2 2 22 40 338 1494 339
2372 2 2 22 40 1461 1492 1459
2373 2 2 22 40 1458 1498 341
2374 2 2 22 40 1486 1493 1465
2375 2 2 22 40 1456 1495 1483
2376 2 2 22 40 1482 1496 1455
2377 2 2 22 40 1484 1497 1457
2378 2 2 22 40 344 1497 1484
2379 2 2 22 40 341 1496 1482
2380 2 2 22 40 1483 1495 344
2381 2 2 22 40 1447 1499 1483
2382 2 2 22 40 1452 1493 1486
2383 2 2 22 40 1488 1490 1475
2384 2 2 22 40 1485 1500 1471
2385 2 2 22 40 1489 1500 1479
2386 2 2 22 40 1471 1500 1489
2387 2 2 22 41 338 1504 1501
2388 2 2 22 41 339 1504 338
2389 2 2 22 41 335 1503 334
2390 2 2 22 41 332 1502 331
2391 2 2 22 41 338 1501 337
2392 2 2 22 41 1502 1506 331
2393 2 2 22 41 331 1506 25
2394 2 2 22 41 337 1508 336
2395 2 2 22 41 335 1508 1503
2396 2 2 22 41 333 1507 332
2397 2 2 22 41 332 1507 1502
2398 2 2 22 41 336 1508 335
2399 2 2 22 41 334 1507 333
2400 2 2 22 41 1501 1508 337
2401 2 2 22 41 1503 1507 334
2402 2 2 22 41 25 1506 340
2403 2 2 22 41 340 1504 339
2404 2 2 22 41 340 1506 1504
2405 2 2 22 41 1503 1508 1505
2406 2 2 22 41 1505 1507 1503
2407 2 2 22 41 1505 1508 1501
2408 2 2 22 41 1502 1507 1505
2409 2 2 22 41 1504 1505 1501
2410 2 2 22 41 1505 1506 1502
2411 2 2 22 41 1504 1506 1505
2412 2 2 22 42 352 1509 1512
2413 2 2 22 42 353 352 1512
2414 2 2 22 42 349 348 1511
2415 2 2 22 42 346 345 1510
2416 2 2 22 42 352 351 1509
2417 2 2 22 42 1510 345 1514
2418 2 2 22 42 345 26 1514
2419 2 2 22 42 351 350 1516
2420 2 2 22 42 349 1511 1516
2421 2 2 22 42 347 346 1515
2422 2 2 22 42 346 1510 1515
2423 2 2 22 42 350 349 1516
2424 2 2 22 42 348 347 1515
2425 2 2 22 42 1509 351 1516
2426 2 2 22 42 1511 348 1515
2427 2 2 22 42 26 354 1514
2428 2 2 22 42 354 353 1512
2429 2 2 22 42 354 1512 1514
2430 2 2 22 42 1511 1513 1516
2431 2 2 22 42 1513 1511 1515
2432 2 2 22 42 1513 1509 1516
2433 2 2 22 42 1510 1513 1515
2434 2 2 22 42 1512 1509 1513
2435 2 2 22 42 1513 1510 1514
2436 2 2 22 42 1512 1513 1514
2437 2 2 23 43 1534 1550 1524
2438 2 2 23 43 1524 1562 1534
2439 2 2 23 43 1543 1545 1535
2440 2 2 23 43 1535 1548 1543
2441 2 2 23 43 1540 1556 1544
2442 2 2 23 43 1519 1561 1548
2443 2 2 23 43 1548 1561 1543
2444 2 2 23 43 1556 1569 1544
2445 2 2 23 43 1527 1532 1530
2446 2 2 23 43 1520 1533 1532
2447 2 2 23 43 1529 1562 1552
2448 2 2 23 43 1532 1563 1520
2449 2 2 23 43 1529 1552 1528
2450 2 2 23 43 1552 1562 1524
2451 2 2 23 43 1527 1563 1532
2452 2 2 23 43 1540 1544 1537
2453 2 2 23 43 370 1536 1525
2454 2 2 23 43 1536 1544 1525
2455 2 2 23 43 355 1526 356
2456 2 2 23 43 370 1525 369
2457 2 2 23 43 363 1527 364
2458 2 2 23 43 357 1549 1523
2459 2 2 23 43 1537 1544 1536
2460 2 2 23 43 1526 1549 356
2461 2 2 23 43 377 1524 376
2462 2 2 23 43 375 1550 1522
2463 2 2 23 43 374 1546 373
2464 2 2 23 43 1546 1547 373
2465 2 2 23 43 1524 1550 376
2466 2 2 23 43 1521 1536 371
2467 2 2 23 43 371 1536 370
2468 2 2 23 43 373 1547 372
2469 2 2 23 43 1522 1546 374
2470 2 2 23 43 1539 1540 1537
2471 2 2 23 43 1521 1537 1536
2472 2 2 23 43 356 1549 357
2473 2 2 23 43 376 1550 375
2474 2 2 23 43 372 1547 1521
2475 2 2 23 43 1545 1546 1522
2476 2 2 23 43 1523 1551 358
2477 2 2 23 43 358 1551 359
2478 2 2 23 43 375 1522 374
2479 2 2 23 43 359 1551 1519
2480 2 2 23 43 359 1519 360
2481 2 2 23 43 357 1523 358
2482 2 2 23 43 361 1520 362
2483 2 2 23 43 372 1521 371
2484 2 2 23 43 1542 1545 1543
2485 2 2 23 43 1542 1543 1541
2486 2 2 23 43 1538 1539 1537
2487 2 2 23 43 1538 1542 1541
2488 2 2 23 43 1538 1541 1539
2489 2 2 23 43 1521 1538 1537
2490 2 2 23 43 1542 1546 1545
2491 2 2 23 43 1542 1547 1546
2492 2 2 23 43 1521 1547 1538
2493 2 2 23 43 1538 1547 1542
2494 2 2 23 43 1533 1534 1531
2495 2 2 23 43 1533 1535 1534
2496 2 2 23 43 1532 1533 1531
2497 2 2 23 43 1530 1532 1531
2498 2 2 23 43 367 1517 366
2499 2 2 23 43 366 1518 367
2500 2 2 23 43 1530 1531 1529
2501 2 2 23 43 1517 1530 1529
2502 2 2 23 43 1517 1555 1530
2503 2 2 23 43 378 1552 377
2504 2 2 23 43 366 1528 365
2505 2 2 23 43 1530 1555 1527
2506 2 2 23 43 1517 1529 1528
2507 2 2 23 43 1517 1528 366
2508 2 2 23 43 1553 1556 1526
2509 2 2 23 43 367 1555 1517
2510 2 2 23 43 1518 1553 367
2511 2 2 23 43 366 1554 1518
2512 2 2 23 43 377 1552 1524
2513 2 2 23 43 368 1555 367
2514 2 2 23 43 367 1553 368
2515 2 2 23 43 365 1554 366
2516 2 2 23 43 1518 1556 1553
2517 2 2 23 43 1548 1557 1519
2518 2 2 23 43 1519 1557 360
2519 2 2 23 43 361 1557 1520
2520 2 2 23 43 363 1563 1527
2521 2 2 23 43 1520 1563 362
2522 2 2 23 43 1534 1558 1550
2523 2 2 23 43 1534 1562 1531
2524 2 2 23 43 28 1567 378
2525 2 2 23 43 369 1564 28
2526 2 2 23 43 27 1565 355
2527 2 2 23 43 364 1566 27
2528 2 2 23 43 1544 1569 1525
2529 2 2 23 43 1518 1569 1556
2530 2 2 23 43 365 1567 28
2531 2 2 23 43 27 1566 368
2532 2 2 23 43 28 1564 365
2533 2 2 23 43 368 1565 27
2534 2 2 23 43 1545 1558 1535
2535 2 2 23 43 1550 1558 1522
2536 2 2 23 43 1525 1569 1554
2537 2 2 23 43 1556 1570 1526
2538 2 2 23 43 1522 1558 1545
2539 2 2 23 43 1533 1568 1535
2540 2 2 23 43 1526 1570 1549
2541 2 2 23 43 360 1557 361
2542 2 2 23 43 1557 1568 1520
2543 2 2 23 43 1535 1568 1548
2544 2 2 23 43 378 1567 1552
2545 2 2 23 43 1539 1559 1540
2546 2 2 23 43 1549 1559 1523
2547 2 2 23 43 1523 1560 1551
2548 2 2 23 43 1560 1561 1551
2549 2 2 23 43 1551 1561 1519
2550 2 2 23 43 1539 1560 1559
2551 2 2 23 43 1535 1558 1534
2552 2 2 23 43 1559 1560 1523
2553 2 2 23 43 1525 1564 369
2554 2 2 23 43 355 1565 1526
2555 2 2 23 43 1527 1566 364
2556 2 2 23 43 1541 1560 1539
2557 2 2 23 43 1541 1561 1560
2558 2 2 23 43 1543 1561 1541
2559 2 2 23 43 1552 1567 1528
2560 2 2 23 43 362 1563 363
2561 2 2 23 43 1531 1562 1529
2562 2 2 23 43 1520 1568 1533
2563 2 2 23 43 1528 1567 365
2564 2 2 23 43 1554 1564 1525
2565 2 2 23 43 1526 1565 1553
2566 2 2 23 43 1555 1566 1527
2567 2 2 23 43 368 1566 1555
2568 2 2 23 43 1553 1565 368
2569 2 2 23 43 365 1564 1554
2570 2 2 23 43 1554 1569 1518
2571 2 2 23 43 1548 1568 1557
2572 2 2 23 43 1540 1570 1556
2573 2 2 23 43 1559 1570 1540
2574 2 2 23 43 1549 1570 1559
2575 2 2 23 44 362 1574 1571
2576 2 2 23 44 363 1574 362
2577 2 2 23 44 359 1573 358
2578 2 2 23 44 356 1572 355
2579 2 2 23 44 362 1571 361
2580 2 2 23 44 1572 1576 355
2581 2 2 23 44 355 1576 27
2582 2 2 23 44 361 1578 360
2583 2 2 23 44 359 1578 1573
2584 2 2 23 44 357 1577 356
2585 2 2 23 44 356 1577 1572
2586 2 2 23 44 360 1578 359
2587 2 2 23 44 358 1577 357
2588 2 2 23 44 1571 1578 361
2589 2 2 23 44 1573 1577 358
2590 2 2 23 44 27 1576 364
2591 2 2 23 44 364 1574 363
2592 2 2 23 44 364 1576 1574
2593 2 2 23 44 1573 1578 1575
2594 2 2 23 44 1575 1577 1573
2595 2 2 23 44 1575 1578 1571
2596 2 2 23 44 1572 1577 1575
2597 2 2 23 44 1574 1575 1571
2598 2 2 23 44 1575 1576 1572
2599 2 2 23 44 1574 1576 1575
2600 2 2 23 45 376 1579 1582
2601 2 2 23 45 377 376 1582
2602 2 2 23 45 373 372 1581
2603 2 2 23 45 370 369 1580
2604 2 2 23 45 376 375 1579
2605 2 2 23 45 1580 369 1584
2606 2 2 23 45 369 28 1584
2607 2 2 23 45 375 374 1586
2608 2 2 23 45 373 1581 1586
2609 2 2 23 45 371 370 1585
2610 2 2 23 45 370 1580 1585
2611 2 2 23 45 374 373 1586
2612 2 2 23 45 372 371 1585
2613 2 2 23 45 1579 375 1586
2614 2 2 23 45 1581 372 1585
2615 2 2 23 45 28 378 1584
2616 2 2 23 45 378 377 1582
2617 2 2 23 45 378 1582 1584
2618 2 2 23 45 1581 1583 1586
2619 2 2 23 45 1583 1581 1585
2620 2 2 23 45 1583 1579 1586
2621 2 2 23 45 1580 1583 1585
2622 2 2 23 45 1582 1579 1583
2623 2 2 23 45 1583 1580 1584
2624 2 2 23 45 1582 1583 1584
2625 2 2 24 46 1604 1620 1594
2626 2 2 24 46 1594 1632 1604
2627 2 2 24 46 1613 1615 1605
2628 2 2 24 46 1605 1618 1613
2629 2 2 24 46 1610 1626 1614
2630 2 2 24 46 1589 1631 1618
2631 2 2 24 46 1618 1631 1613
2632 2 2 24 46 1626 1639 1614
2633 2 2 24 46 1597 1602 1600
2634 2 2 24 46 1590 1603 1602
2635 2 2 24 46 1599 1632 1622
2636 2 2 24 46 1602 1633 1590
2637 2 2 24 46 1599 1622 1598
2638 2 2 24 46 1622 1632 1594
2639 2 2 24 46 1597 1633 1602
2640 2 2 24 46 1610 1614 1607
2641 2 2 24 46 394 1606 1595
2642 2 2 24 46 1606 1614 1595
2643 2 2 24 46 379 1596 380
2644 2 2 24 46 394 1595 393
2645 2 2 24 46 387 1597 388
2646 2 2 24 46 381 1619 1593
2647 2 2 24 46 1607 1614 1606
2648 2 2 24 46 1596 1619 380
2649 2 2 24 46 401 1594 400
2650 2 2 24 46 399 1620 1592
2651 2 2 24 46 398 1616 397
2652 2 2 24 46 1616 1617 397
2653 2 2 24 46 1594 1620 400
2654 2 2 24 46 1591 1606 395
2655 2 2 24 46 395 1606 394
2656 2 2 24 46 397 1617 396
2657 2 2 24 46 1592 1616 398
2658 2 2 24 46 1609 1610 1607
2659 2 2 24 46 1591 1607 1606
2660 2 2 24 46 380 1619 381
2661 2 2 24 46 400 1620 399
2662 2 2 24 46 396 1617 1591
2663 2 2 24 46 1615 1616 1592
2664 2 2 24 46 1593 1621 382
2665 2 2 24 46 382 1621 383
2666 2 2 24 46 399 1592 398
2667 2 2 24 46 383 1621 1589
2668 2 2 24 46 383 1589 384
2669 2 2 24 46 381 1593 382
2670 2 2 24 46 385 1590 386
2671 2 2 24 46 396 1591 395
2672 2 2 24 46 1612 1615 1613
2673 2 2 24 46 1612 1613 1611
2674 2 2 24 46 1608 1609 1607
2675 2 2 24 46 1608 1612 1611
2676 2 2 24 46 1608 1611 1609
2677 2 2 24 46 1591 1608 1607
2678 2 2 24 46 1612 1616 1615
2679 2 2 24 46 1612 1617 1616
2680 2 2 24 46 1591 1617 1608
2681 2 2 24 46 1608 1617 1612
2682 2 2 24 46 1603 1604 1601
2683 2 2 24 46 1603 1605 1604
2684 2 2 24 46 1602 1603 1601
2685 2 2 24 46 1600 1602 1601
2686 2 2 24 46 391 1587 390
2687 2 2 24 46 390 1588 391
2688 2 2 24 46 1600 1601 1599
2689 2 2 24 46 1587 1600 1599
2690 2 2 24 46 1587 1625 1600
2691 2 2 24 46 402 1622 401
2692 2 2 24 46 390 1598 389
2693 2 2 24 46 1600 1625 1597
2694 2 2 24 46 1587 1599 1598
2695 2 2 24 46 1587 1598 390
2696 2 2 24 46 1623 1626 1596
2697 2 2 24 46 391 1625 1587
2698 2 2 24 46 1588 1623 391
2699 2 2 24 46 390 1624 1588
2700 2 2 24 46 401 1622 1594
2701 2 2 24 46 392 1625 391
2702 2 2 24 46 391 1623 392
2703 2 2 24 46 389 1624 390
2704 2 2 24 46 1588 1626 1623
2705 2 2 24 46 1618 1627 1589
2706 2 2 24 46 1589 1627 384
2707 2 2 24 46 385 1627 1590
2708 2 2 24 46 387 1633 1597
2709 2 2 24 46 1590 1633 386
2710 2 2 24 46 1604 1628 1620
2711 2 2 24 46 1604 1632 1601
2712 2 2 24 46 30 1637 402
2713 2 2 24 46 393 1634 30
2714 2 2 24 46 29 1635 379
2715 2 2 24 46 388 1636 29
2716 2 2 24 46 1614 1639 1595
2717 2 2 24 46 1588 1639 1626
2718 2 2 24 46 389 1637 30
2719 2 2 24 46 29 1636 392
2720 2 2 24 46 30 1634 389
2721 2 2 24 46 392 1635 29
2722 2 2 24 46 1615 1628 1605
2723 2 2 24 46 1620 1628 1592
2724 2 2 24 46 1595 1639 1624
2725 2 2 24 46 1626 1640 1596
2726 2 2 24 46 1592 1628 1615
2727 2 2 24 46 1603 1638 1605
2728 2 2 24 46 1596 1640 1619
2729 2 2 24 46 384 1627 385
2730 2 2 24 46 1627 1638 1590
2731 2 2 24 46 1605 1638 1618
2732 2 2 24 46 402 1637 1622
2733 2 2 24 46 1609 1629 1610
2734 2 2 24 46 1619 1629 1593
2735 2 2 24 46 1593 1630 1621
2736 2 2 24 46 1630 1631 1621
2737 2 2 24 46 1621 1631 1589
2738 2 2 24 46 1609 1630 1629
2739 2 2 24 46 1605 1628 1604
2740 2 2 24 46 1629 1630 1593
2741 2 2 24 46 1595 1634 393
2742 2 2 24 46 379 1635 1596
2743 2 2 24 46 1597 1636 388
2744 2 2 24 46 1611 1630 1609
2745 2 2 24 46 1611 1631 1630
2746 2 2 24 46 1613 1631 1611
2747 2 2 24 46 1622 1637 1598
2748 2 2 24 46 386 1633 387
2749 2 2 24 46 1601 1632 1599
2750 2 2 24 46 1590 1638 1603
2751 2 2 24 46 1598 1637 389
2752 2 2 24 46 1624 1634 1595
2753 2 2 24 46 1596 1635 1623
2754 2 2 24 46 1625 1636 1597
2755 2 2 24 46 392 1636 1625
2756 2 2 24 46 1623 1635 392
2757 2 2 24 46 389 1634 1624
2758 2 2 24 46 1624 1639 1588
2759 2 2 24 46 1618 1638 1627
2760 2 2 24 46 1610 1640 1626
2761 2 2 24 46 1629 1640 1610
2762 2 2 24 46 1619 1640 1629
2763 2 2 24 47 386 1644 1641
2764 2 2 24 47 387 1644 386
2765 2 2 24 47 383 1643 382
2766 2 2 24 47 380 1642 379
2767 2 2 24 47 386 1641 385
2768 2 2 24 47 1642 1646 379
2769 2 2 24 47 379 1646 29
2770 2 2 24 47 385 1648 384
2771 2 2 24 47 383 1648 1643
2772 2 2 24 47 381 1647 380
2773 2 2 24 47 380 1647 1642
2774 2 2 24 47 384 1648 383
2775 2 2 24 47 382 1647 381
2776 2 2 24 47 1641 1648 385
2777 2 2 24 47 1643 1647 382
2778 2 2 24 47 29 1646 388
2779 2 2 24 47 388 1644 387
2780 2 2 24 47 388 1646 1644
2781 2 2 24 47 1643 1648 1645
2782 2 2 24 47 1645 1647 1643
2783 2 2 24 47 1645 1648 1641
2784 2 2 24 47 1642 1647 1645
2785 2 2 24 47 1644 1645 1641
2786 2 2 24 47 1645 1646 1642
2787 2 2 24 47 1644 1646 1645
2788 2 2 24 48 400 1649 1652
2789 2 2 24 48 401 400 1652
2790 2 2 24 48 397 396 1651
2791 2 2 24 48 394 393 1650
2792 2 2 24 48 400 399 1649
2793 2 2 24 48 1650 393 1654
2794 2 2 24 48 393 30 1654
2795 2 2 24 48 399 398 1656
2796 2 2 24 48 397 1651 1656
2797 2 2 24 48 395 394 1655
2798 2 2 24 48 394 1650 1655
2799 2 2 24 48 398 397 1656
2800 2 2 24 48 396 395 1655
2801 2 2 24 48 1649 399 1656
2802 2 2 24 48 1651 396 1655
2803 2 2 24 48 30 402 1654
2804 2 2 24 48 402 401 1652
2805 2 2 24 48 402 1652 1654
2806 2 2 24 48 1651 1653 1656
2807 2 2 24 48 1653 1651 1655
2808 2 2 24 48 1653 1649 1656
2809 2 2 24 48 1650 1653 1655
2810 2 2 24 48 1652 1649 1653
2811 2 2 24 48 1653 1650 1654
2812 2 2 24 48 1652 1653 1654
2813 2 2 25 49 1664 1684 1674
2814 2 2 25 49 1682 1685 1665
2815 2 2 25 49 1674 1700 1664
2816 2 2 25 49 1665 1701 1682
2817 2 2 25 49 1683 1689 1688
2818 2 2 25 49 1687 1689 1675
2819 2 2 25 49 1683 1690 1689
2820 2 2 25 49 1689 1691 1675
2821 2 2 25 49 1689 1690 1659
2822 2 2 25 49 1659 1691 1689
2823 2 2 25 49 1667 1680 1678
2824 2 2 25 49 1670 1672 1666
2825 2 2 25 49 1660 1681 1680
2826 2 2 25 49 1672 1673 1661
2827 2 2 25 49 1677 1701 1692
2828 2 2 25 49 1693 1700 1669
2829 2 2 25 49 1680 1702 1660
2830 2 2 25 49 1661 1703 1672
2831 2 2 25 49 1668 1693 1669
2832 2 2 25 49 1677 1692 1676
2833 2 2 25 49 1692 1701 1665
2834 2 2 25 49 1667 1702 1680
2835 2 2 25 49 1672 1703 1666
2836 2 2 25 49 1664 1700 1693
2837 2 2 25 49 419 1684 1664
2838 2 2 25 49 403 1666 404
2839 2 2 25 49 411 1667 412
2840 2 2 25 49 419 1664 418
2841 2 2 25 49 425 1665 424
2842 2 2 25 49 423 1685 1662
2843 2 2 25 49 1665 1685 424
2844 2 2 25 49 1663 1684 420
2845 2 2 25 49 420 1684 419
2846 2 2 25 49 1686 1688 1687
2847 2 2 25 49 424 1685 423
2848 2 2 25 49 1688 1689 1687
2849 2 2 25 49 1662 1688 1686
2850 2 2 25 49 1686 1687 1663
2851 2 2 25 49 1662 1686 422
2852 2 2 25 49 421 1663 420
2853 2 2 25 49 423 1662 422
2854 2 2 25 49 405 1661 406
2855 2 2 25 49 407 1659 408
2856 2 2 25 49 409 1660 410
2857 2 2 25 49 422 1686 421
2858 2 2 25 49 421 1686 1663
2859 2 2 25 49 1671 1674 1673
2860 2 2 25 49 1681 1682 1679
2861 2 2 25 49 1674 1675 1673
2862 2 2 25 49 1681 1683 1682
2863 2 2 25 49 1671 1673 1672
2864 2 2 25 49 1680 1681 1679
2865 2 2 25 49 1671 1672 1670
2866 2 2 25 49 1678 1680 1679
2867 2 2 25 49 415 1658 414
2868 2 2 25 49 414 1657 415
2869 2 2 25 49 1669 1671 1670
2870 2 2 25 49 1678 1679 1677
2871 2 2 25 49 1669 1670 1657
2872 2 2 25 49 1658 1678 1677
2873 2 2 25 49 1670 1694 1657
2874 2 2 25 49 1658 1695 1678
2875 2 2 25 49 426 1692 425
2876 2 2 25 49 418 1693 417
2877 2 2 25 49 413 1668 414
2878 2 2 25 49 414 1676 413
2879 2 2 25 49 1678 1695 1667
2880 2 2 25 49 1666 1694 1670
2881 2 2 25 49 1668 1669 1657
2882 2 2 25 49 1658 1677 1676
2883 2 2 25 49 414 1668 1657
2884 2 2 25 49 1658 1676 414
2885 2 2 25 49 415 1695 1658
2886 2 2 25 49 1657 1694 415
2887 2 2 25 49 425 1692 1665
2888 2 2 25 49 1664 1693 418
2889 2 2 25 49 416 1695 415
2890 2 2 25 49 415 1694 416
2891 2 2 25 49 1690 1697 1659
2892 2 2 25 49 1659 1696 1691
2893 2 2 25 49 407 1696 1659
2894 2 2 25 49 1661 1696 406
2895 2 2 25 49 1659 1697 408
2896 2 2 25 49 409 1697 1660
2897 2 2 25 49 411 1702 1667
2898 2 2 25 49 1666 1703 404
2899 2 2 25 49 1660 1702 410
2900 2 2 25 49 405 1703 1661
2901 2 2 25 49 1682 1699 1685
2902 2 2 25 49 1671 1700 1674
2903 2 2 25 49 1684 1698 1674
2904 2 2 25 49 1682 1701 1679
2905 2 2 25 49 32 1706 426
2906 2 2 25 49 417 1707 32
2907 2 2 25 49 31 1704 403
2908 2 2 25 49 412 1705 31
2909 2 2 25 49 413 1706 32
2910 2 2 25 49 32 1707 413
2911 2 2 25 49 31 1705 416
2912 2 2 25 49 416 1704 31
2913 2 2 25 49 1685 1699 1662
2914 2 2 25 49 1675 1698 1687
2915 2 2 25 49 1688 1699 1683
2916 2 2 25 49 1663 1698 1684
2917 2 2 25 49 1681 1709 1683
2918 2 2 25 49 1662 1699 1688
2919 2 2 25 49 1687 1698 1663
2920 2 2 25 49 1661 1708 1696
2921 2 2 25 49 406 1696 407
2922 2 2 25 49 408 1697 409
2923 2 2 25 49 1675 1708 1673
2924 2 2 25 49 1697 1709 1660
2925 2 2 25 49 1683 1709 1690
2926 2 2 25 49 1693 1707 417
2927 2 2 25 49 426 1706 1692
2928 2 2 25 49 1691 1708 1675
2929 2 2 25 49 1674 1698 1675
2930 2 2 25 49 1683 1699 1682
2931 2 2 25 49 403 1704 1666
2932 2 2 25 49 1667 1705 412
2933 2 2 25 49 1668 1707 1693
2934 2 2 25 49 1692 1706 1676
2935 2 2 25 49 410 1702 411
2936 2 2 25 49 404 1703 405
2937 2 2 25 49 1669 1700 1671
2938 2 2 25 49 1679 1701 1677
2939 2 2 25 49 1660 1709 1681
2940 2 2 25 49 1673 1708 1661
2941 2 2 25 49 1676 1706 413
2942 2 2 25 49 413 1707 1668
2943 2 2 25 49 1666 1704 1694
2944 2 2 25 49 1695 1705 1667
2945 2 2 25 49 416 1705 1695
2946 2 2 25 49 1694 1704 416
2947 2 2 25 49 1696 1708 1691
2948 2 2 25 49 1690 1709 1697
2949 2 2 25 50 408 1713 407
2950 2 2 25 50 1710 1713 408
2951 2 2 25 50 412 1712 411
2952 2 2 25 50 404 1711 403
2953 2 2 25 50 409 1710 408
2954 2 2 25 50 404 1715 1711
2955 2 2 25 50 405 1715 404
2956 2 2 25 50 410 1716 409
2957 2 2 25 50 31 1717 412
2958 2 2 25 50 1711 1717 403
2959 2 2 25 50 1712 1716 411
2960 2 2 25 50 411 1716 410
2961 2 2 25 50 403 1717 31
2962 2 2 25 50 409 1716 1710
2963 2 2 25 50 412 1717 1712
2964 2 2 25 50 406 1715 405
2965 2 2 25 50 407 1713 406
2966 2 2 25 50 1713 1715 406
2967 2 2 25 50 1712 1717 1714
2968 2 2 25 50 1714 1716 1712
2969 2 2 25 50 1714 1717 1711
2970 2 2 25 50 1710 1716 1714
2971 2 2 25 50 1710 1714 1713
2972 2 2 25 50 1711 1715 1714
2973 2 2 25 50 1714 1715 1713
2974 2 2 25 51 422 421 1721
2975 2 2 25 51 1718 422 1721
2976 2 2 25 51 426 425 1720
2977 2 2 25 51 418 417 1719
2978 2 2 25 51 423 422 1718
2979 2 2 25 51 418 1719 1723
2980 2 2 25 51 419 418 1723
2981 2 2 25 51 424 423 1724
2982 2 2 25 51 32 426 1725
2983 2 2 25 51 1719 417 1725
2984 2 2 25 51 1720 425 1724
2985 2 2 25 51 425 424 1724
2986 2 2 25 51 417 32 1725
2987 2 2 25 51 423 1718 1724
2988 2 2 25 51 426 1720 1725
2989 2 2 25 51 420 419 1723
2990 2 2 25 51 421 420 1721
2991 2 2 25 51 1721 420 1723
2992 2 2 25 51 1720 1722 1725
2993 2 2 25 51 1722 1720 1724
2994 2 2 25 51 1722 1719 1725
2995 2 2 25 51 1718 1722 1724
2996 2 2 25 51 1718 1721 1722
2997 2 2 25 51 1719 1722 1723
2998 2 2 25 51 1722 1721 1723
2999 2 2 26 52 1734 1754 1751
3000 2 2 26 52 1743 1753 1733
3001 2 2 26 52 1751 1769 1734
3002 2 2 26 52 1733 1770 1743
3003 2 2 26 52 1744 1758 1757
3004 2 2 26 52 1756 1758 1752
3005 2 2 26 52 1744 1759 1758
3006 2 2 26 52 1758 1760 1752
3007 2 2 26 52 1758 1759 1728
3008 2 2 26 52 1728 1760 1758
3009 2 2 26 52 1735 1741 1739
3010 2 2 26 52 1747 1749 1736
3011 2 2 26 52 1730 1742 1741
3012 2 2 26 52 1749 1750 1729
3013 2 2 26 52 1738 1770 1761
3014 2 2 26 52 1762 1769 1746
3015 2 2 26 52 1741 1771 1730
3016 2 2 26 52 1729 1772 1749
3017 2 2 26 52 1745 1762 1746
3018 2 2 26 52 1738 1761 1737
3019 2 2 26 52 1761 1770 1733
3020 2 2 26 52 1735 1771 1741
3021 2 2 26 52 1749 1772 1736
3022 2 2 26 52 1734 1769 1762
3023 2 2 26 52 442 1735 441
3024 2 2 26 52 450 1736 449
3025 2 2 26 52 428 1733 429
3026 2 2 26 52 434 1734 435
3027 2 2 26 52 430 1753 1732
3028 2 2 26 52 1731 1754 433
3029 2 2 26 52 1733 1753 429
3030 2 2 26 52 434 1754 1734
3031 2 2 26 52 1755 1757 1756
3032 2 2 26 52 429 1753 430
3033 2 2 26 52 433 1754 434
3034 2 2 26 52 1757 1758 1756
3035 2 2 26 52 1732 1757 1755
3036 2 2 26 52 1755 1756 1731
3037 2 2 26 52 430 1732 431
3038 2 2 26 52 432 1755 1731
3039 2 2 26 52 432 1731 433
3040 2 2 26 52 446 1728 445
3041 2 2 26 52 444 1730 443
3042 2 2 26 52 431 1755 432
3043 2 2 26 52 448 1729 447
3044 2 2 26 52 1732 1755 431
3045 2 2 26 52 1748 1751 1750
3046 2 2 26 52 1742 1743 1740
3047 2 2 26 52 1751 1752 1750
3048 2 2 26 52 1742 1744 1743
3049 2 2 26 52 1748 1750 1749
3050 2 2 26 52 1741 1742 1740
3051 2 2 26 52 1748 1749 1747
3052 2 2 26 52 1739 1741 1740
3053 2 2 26 52 439 1727 438
3054 2 2 26 52 438 1726 439
3055 2 2 26 52 1746 1748 1747
3056 2 2 26 52 1739 1740 1738
3057 2 2 26 52 1746 1747 1727
3058 2 2 26 52 1726 1739 1738
3059 2 2 26 52 1747 1764 1727
3060 2 2 26 52 1726 1763 1739
3061 2 2 26 52 427 1761 428
3062 2 2 26 52 435 1762 436
3063 2 2 26 52 440 1745 439
3064 2 2 26 52 439 1737 440
3065 2 2 26 52 1739 1763 1735
3066 2 2 26 52 1736 1764 1747
3067 2 2 26 52 1745 1746 1727
3068 2 2 26 52 1726 1738 1737
3069 2 2 26 52 439 1745 1727
3070 2 2 26 52 1726 1737 439
3071 2 2 26 52 1727 1764 438
3072 2 2 26 52 438 1763 1726
3073 2 2 26 52 428 1761 1733
3074 2 2 26 52 1734 1762 435
3075 2 2 26 52 438 1764 437
3076 2 2 26 52 437 1763 438
3077 2 2 26 52 1759 1766 1728
3078 2 2 26 52 1728 1765 1760
3079 2 2 26 52 1729 1765 447
3080 2 2 26 52 446 1765 1728
3081 2 2 26 52 1728 1766 445
3082 2 2 26 52 444 1766 1730
3083 2 2 26 52 442 1771 1735
3084 2 2 26 52 1736 1772 449
3085 2 2 26 52 1754 1767 1751
3086 2 2 26 52 1730 1771 443
3087 2 2 26 52 448 1772 1729
3088 2 2 26 52 1743 1768 1753
3089 2 2 26 52 1748 1769 1751
3090 2 2 26 52 1743 1770 1740
3091 2 2 26 52 33 1775 427
3092 2 2 26 52 436 1776 33
3093 2 2 26 52 441 1773 34
3094 2 2 26 52 34 1774 450
3095 2 2 26 52 440 1775 33
3096 2 2 26 52 33 1776 440
3097 2 2 26 52 437 1774 34
3098 2 2 26 52 34 1773 437
3099 2 2 26 52 1731 1767 1754
3100 2 2 26 52 1753 1768 1732
3101 2 2 26 52 1752 1767 1756
3102 2 2 26 52 1757 1768 1744
3103 2 2 26 52 1742 1778 1744
3104 2 2 26 52 1732 1768 1757
3105 2 2 26 52 1756 1767 1731
3106 2 2 26 52 1729 1777 1765
3107 2 2 26 52 447 1765 446
3108 2 2 26 52 445 1766 444
3109 2 2 26 52 1752 1777 1750
3110 2 2 26 52 1766 1778 1730
3111 2 2 26 52 1744 1778 1759
3112 2 2 26 52 1762 1776 436
3113 2 2 26 52 427 1775 1761
3114 2 2 26 52 1760 1777 1752
3115 2 2 26 52 1751 1767 1752
3116 2 2 26 52 1744 1768 1743
3117 2 2 26 52 1735 1773 441
3118 2 2 26 52 450 1774 1736
3119 2 2 26 52 1745 1776 1762
3120 2 2 26 52 1761 1775 1737
3121 2 2 26 52 443 1771 442
3122 2 2 26 52 449 1772 448
3123 2 2 26 52 1746 1769 1748
3124 2 2 26 52 1740 1770 1738
3125 2 2 26 52 1730 1778 1742
3126 2 2 26 52 1750 1777 1729
3127 2 2 26 52 1737 1775 440
3128 2 2 26 52 440 1776 1745
3129 2 2 26 52 1763 1773 1735
3130 2 2 26 52 1736 1774 1764
3131 2 2 26 52 1764 1774 437
3132 2 2 26 52 437 1773 1763
3133 2 2 26 52 1765 1777 1760
3134 2 2 26 52 1759 1778 1766
3135 2 2 26 53 432 1782 431
3136 2 2 26 53 1779 1782 432
3137 2 2 26 53 436 1781 435
3138 2 2 26 53 428 1780 427
3139 2 2 26 53 433 1779 432
3140 2 2 26 53 428 1784 1780
3141 2 2 26 53 429 1784 428
3142 2 2 26 53 434 1785 433
3143 2 2 26 53 33 1786 436
3144 2 2 26 53 1780 1786 427
3145 2 2 26 53 1781 1785 435
3146 2 2 26 53 435 1785 434
3147 2 2 26 53 427 1786 33
3148 2 2 26 53 433 1785 1779
3149 2 2 26 53 436 1786 1781
3150 2 2 26 53 430 1784 429
3151 2 2 26 53 431 1782 430
3152 2 2 26 53 1782 1784 430
3153 2 2 26 53 1781 1786 1783
3154 2 2 26 53 1783 1785 1781
3155 2 2 26 53 1783 1786 1780
3156 2 2 26 53 1779 1785 1783
3157 2 2 26 53 1779 1783 1782
3158 2 2 26 53 1780 1784 1783
3159 2 2 26 53 1783 1784 1782
3160 2 2 26 54 446 445 1790
3161 2 2 26 54 1787 446 1790
3162 2 2 26 54 450 449 1789
3163 2 2 26 54 442 441 1788
3164 2 2 26 54 447 446 1787
3165 2 2 26 54 442 1788 1792
3166 2 2 26 54 443 442 1792
3167 2 2 26 54 448 447 1793
3168 2 2 26 54 34 450 1794
3169 2 2 26 54 1788 441 1794
3170 2 2 26 54 1789 449 1793
3171 2 2 26 54 449 448 1793
3172 2 2 26 54 441 34 1794
3173 2 2 26 54 447 1787 1793
3174 2 2 26 54 450 1789 1794
3175 2 2 26 54 444 443 1792
3176 2 2 26 54 445 444 1790
3177 2 2 26 54 1790 444 1792
3178 2 2 26 54 1789 1791 1794
3179 2 2 26 54 1791 1789 1793
3180 2 2 26 54 1791 1788 1794
3181 2 2 26 54 1787 1791 1793
3182 2 2 26 54 1787 1790 1791
3183 2 2 26 54 1788 1791 1792
3184 2 2 26 54 1791 1790 1792
3185 2 2 27 55 1802 1822 1812
3186 2 2 27 55 1820 1823 1803
3187 2 2 27 55 1812 1838 1802
3188 2 2 27 55 1803 1839 1820
3189 2 2 27 55 1821 1827 1826
3190 2 2 27 55 1825 1827 1813
3191 2 2 27 55 1821 1828 1827
3192 2 2 27 55 1827 1829 1813
3193 2 2 27 55 1827 1828 1797
3194 2 2 27 55 1797 1829 1827
3195 2 2 27 55 1805 1818 1816
3196 2 2 27 55 1808 1810 1804
3197 2 2 27 55 1798 1819 1818
3198 2 2 27 55 1810 1811 1799
3199 2 2 27 55 1815 1839 1830
3200 2 2 27 55 1831 1838 1807
3201 2 2 27 55 1818 1840 1798
3202 2 2 27 55 1799 1841 1810
3203 2 2 27 55 1806 1831 1807
3204 2 2 27 55 1815 1830 1814
3205 2 2 27 55 1830 1839 1803
3206 2 2 27 55 1805 1840 1818
3207 2 2 27 55 1810 1841 1804
3208 2 2 27 55 1802 1838 1831
3209 2 2 27 55 467 1822 1802
3210 2 2 27 55 451 1804 452
3211 2 2 27 55 459 1805 460
3212 2 2 27 55 467 1802 466
3213 2 2 27 55 473 1803 472
3214 2 2 27 55 471 1823 1800
3215 2 2 27 55 1803 1823 472
3216 2 2 27 55 1801 1822 468
3217 2 2 27 55 468 1822 467
3218 2 2 27 55 1824 1826 1825
3219 2 2 27 55 472 1823 471
3220 2 2 27 55 1826 1827 1825
3221 2 2 27 55 1800 1826 1824
3222 2 2 27 55 1824 1825 1801
3223 2 2 27 55 1800 1824 470
3224 2 2 27 55 453 1799 454
3225 2 2 27 55 471 1800 470
3226 2 2 27 55 455 1797 456
3227 2 2 27 55 469 1801 468
3228 2 2 27 55 457 1798 458
3229 2 2 27 55 470 1824 469
3230 2 2 27 55 469 1824 1801
3231 2 2 27 55 1809 1812 1811
3232 2 2 27 55 1819 1820 1817
3233 2 2 27 55 1812 1813 1811
3234 2 2 27 55 1819 1821 1820
3235 2 2 27 55 1809 1811 1810
3236 2 2 27 55 1818 1819 1817
3237 2 2 27 55 1809 1810 1808
3238 2 2 27 55 1816 1818 1817
3239 2 2 27 55 463 1796 462
3240 2 2 27 55 462 1795 463
3241 2 2 27 55 1807 1809 1808
3242 2 2 27 55 1816 1817 1815
3243 2 2 27 55 1807 1808 1795
3244 2 2 27 55 1796 1816 1815
3245 2 2 27 55 1808 1832 1795
3246 2 2 27 55 1796 1833 1816
3247 2 2 27 55 474 1830 473
3248 2 2 27 55 466 1831 465
3249 2 2 27 55 461 1806 462
3250 2 2 27 55 462 1814 461
3251 2 2 27 55 1816 1833 1805
3252 2 2 27 55 1804 1832 1808
3253 2 2 27 55 1806 1807 1795
3254 2 2 27 55 1796 1815 1814
3255 2 2 27 55 462 1806 1795
3256 2 2 27 55 1796 1814 462
3257 2 2 27 55 463 1833 1796
3258 2 2 27 55 1795 1832 463
3259 2 2 27 55 473 1830 1803
3260 2 2 27 55 1802 1831 466
3261 2 2 27 55 464 1833 463
3262 2 2 27 55 463 1832 464
3263 2 2 27 55 1828 1835 1797
3264 2 2 27 55 1797 1834 1829
3265 2 2 27 55 455 1834 1797
3266 2 2 27 55 1799 1834 454
3267 2 2 27 55 1797 1835 456
3268 2 2 27 55 457 1835 1798
3269 2 2 27 55 459 1840 1805
3270 2 2 27 55 1804 1841 452
3271 2 2 27 55 1798 1840 458
3272 2 2 27 55 453 1841 1799
3273 2 2 27 55 1820 1837 1823
3274 2 2 27 55 1809 1838 1812
3275 2 2 27 55 1822 1836 1812
3276 2 2 27 55 1820 1839 1817
3277 2 2 27 55 36 1844 474
3278 2 2 27 55 465 1845 36
3279 2 2 27 55 35 1842 451
3280 2 2 27 55 460 1843 35
3281 2 2 27 55 461 1844 36
3282 2 2 27 55 36 1845 461
3283 2 2 27 55 35 1843 464
3284 2 2 27 55 464 1842 35
3285 2 2 27 55 1823 1837 1800
3286 2 2 27 55 1813 1836 1825
3287 2 2 27 55 1826 1837 1821
3288 2 2 27 55 1801 1836 1822
3289 2 2 27 55 1819 1847 1821
3290 2 2 27 55 1800 1837 1826
3291 2 2 27 55 1825 1836 1801
3292 2 2 27 55 1799 1846 1834
3293 2 2 27 55 454 1834 455
3294 2 2 27 55 456 1835 457
3295 2 2 27 55 1813 1846 1811
3296 2 2 27 55 1835 1847 1798
3297 2 2 27 55 1821 1847 1828
3298 2 2 27 55 1831 1845 465
3299 2 2 27 55 474 1844 1830
3300 2 2 27 55 1829 1846 1813
3301 2 2 27 55 1812 1836 1813
3302 2 2 27 55 1821 1837 1820
3303 2 2 27 55 451 1842 1804
3304 2 2 27 55 1805 1843 460
3305 2 2 27 55 1806 1845 1831
3306 2 2 27 55 1830 1844 1814
3307 2 2 27 55 458 1840 459
3308 2 2 27 55 452 1841 453
3309 2 2 27 55 1807 1838 1809
3310 2 2 27 55 1817 1839 1815
3311 2 2 27 55 1798 1847 1819
3312 2 2 27 55 1811 1846 1799
3313 2 2 27 55 1814 1844 461
3314 2 2 27 55 461 1845 1806
3315 2 2 27 55 1804 1842 1832
3316 2 2 27 55 1833 1843 1805
3317 2 2 27 55 464 1843 1833
3318 2 2 27 55 1832 1842 464
3319 2 2 27 55 1834 1846 1829
3320 2 2 27 55 1828 1847 1835
3321 2 2 27 56 456 1851 455
3322 2 2 27 56 1848 1851 456
3323 2 2 27 56 460 1850 459
3324 2 2 27 56 452 1849 451
3325 2 2 27 56 457 1848 456
3326 2 2 27 56 452 1853 1849
3327 2 2 27 56 453 1853 452
3328 2 2 27 56 458 1854 457
3329 2 2 27 56 35 1855 460
3330 2 2 27 56 1849 1855 451
3331 2 2 27 56 1850 1854 459
3332 2 2 27 56 459 1854 458
3333 2 2 27 56 451 1855 35
3334 2 2 27 56 457 1854 1848
3335 2 2 27 56 460 1855 1850
3336 2 2 27 56 454 1853 453
3337 2 2 27 56 455 1851 454
3338 2 2 27 56 1851 1853 454
3339 2 2 27 56 1850 1855 1852
3340 2 2 27 56 1852 1854 1850
3341 2 2 27 56 1852 1855 1849
3342 2 2 27 56 1848 1854 1852
3343 2 2 27 56 1848 1852 1851
3344 2 2 27 56 1849 1853 1852
3345 2 2 27 56 1852 1853 1851
3346 2 2 27 57 470 469 1859
3347 2 2 27 57 1856 470 1859
3348 2 2 27 57 474 473 1858
3349 2 2 27 57 466 465 1857
3350 2 2 27 57 471 470 1856
3351 2 2 27 57 466 1857 1861
3352 2 2 27 57 467 466 1861
3353 2 2 27 57 472 471 1862
3354 2 2 27 57 36 474 1863
3355 2 2 27 57 1857 465 1863
3356 2 2 27 57 1858 473 1862
3357 2 2 27 57 473 472 1862
3358 2 2 27 57 465 36 1863
3359 2 2 27 57 471 1856 1862
3360 2 2 27 57 474 1858 1863
3361 2 2 27 57 468 467 1861
3362 2 2 27 57 469 468 1859
3363 2 2 27 57 1859 468 1861
3364 2 2 27 57 1858 1860 1863
3365 2 2 27 57 1860 1858 1862
3366 2 2 27 57 1860 1857 1863
3367 2 2 27 57 1856 1860 1862
3368 2 2 27 57 1856 1859 1860
3369 2 2 27 57 1857 1860 1861
3370 2 2 27 57 1860 1859 1861
3371 2 2 28 58 1881 1897 1871
3372 2 2 28 58 1871 1909 1881
3373 2 2 28 58 1890 1892 1882
3374 2 2 28 58 1882 1895 1890
3375 2 2 28 58 1887 1903 1891
3376 2 2 28 58 1866 1908 1895
3377 2 2 28 58 1895 1908 1890
3378 2 2 28 58 1903 1916 1891
3379 2 2 28 58 1874 1879 1877
3380 2 2 28 58 1867 1880 1879
3381 2 2 28 58 1876 1909 1899
3382 2 2 28 58 1879 1910 1867
3383 2 2 28 58 1876 1899 1875
3384 2 2 28 58 1899 1909 1871
3385 2 2 28 58 1874 1910 1879
3386 2 2 28 58 1887 1891 1884
3387 2 2 28 58 490 1883 1872
3388 2 2 28 58 1873 1896 476
3389 2 2 28 58 1883 1891 1872
3390 2 2 28 58 475 1873 476
3391 2 2 28 58 490 1872 489
3392 2 2 28 58 483 1874 484
3393 2 2 28 58 1884 1891 1883
3394 2 2 28 58 497 1871 496
3395 2 2 28 58 495 1897 1869
3396 2 2 28 58 494 1893 493
3397 2 2 28 58 1893 1894 493
3398 2 2 28 58 1871 1897 496
3399 2 2 28 58 477 1896 1870
3400 2 2 28 58 491 1883 490
3401 2 2 28 58 1868 1883 491
3402 2 2 28 58 476 1896 477
3403 2 2 28 58 493 1894 492
3404 2 2 28 58 1869 1893 494
3405 2 2 28 58 1886 1887 1884
3406 2 2 28 58 1868 1884 1883
3407 2 2 28 58 496 1897 495
3408 2 2 28 58 492 1894 1868
3409 2 2 28 58 1892 1893 1869
3410 2 2 28 58 481 1867 482
3411 2 2 28 58 495 1869 494
3412 2 2 28 58 479 1898 1866
3413 2 2 28 58 479 1866 480
3414 2 2 28 58 477 1870 478
3415 2 2 28 58 478 1898 479
3416 2 2 28 58 492 1868 491
3417 2 2 28 58 1870 1898 478
3418 2 2 28 58 1889 1892 1890
3419 2 2 28 58 1889 1890 1888
3420 2 2 28 58 1885 1886 1884
3421 2 2 28 58 1885 1889 1888
3422 2 2 28 58 1885 1888 1886
3423 2 2 28 58 1868 1885 1884
3424 2 2 28 58 1889 1893 1892
3425 2 2 28 58 1889 1894 1893
3426 2 2 28 58 1868 1894 1885
3427 2 2 28 58 1885 1894 1889
3428 2 2 28 58 1880 1881 1878
3429 2 2 28 58 1880 1882 1881
3430 2 2 28 58 1879 1880 1878
3431 2 2 28 58 1877 1879 1878
3432 2 2 28 58 487 1865 486
3433 2 2 28 58 486 1864 487
3434 2 2 28 58 1877 1878 1876
3435 2 2 28 58 1865 1877 1876
3436 2 2 28 58 1865 1902 1877
3437 2 2 28 58 498 1899 497
3438 2 2 28 58 486 1875 485
3439 2 2 28 58 1877 1902 1874
3440 2 2 28 58 1865 1876 1875
3441 2 2 28 58 1865 1875 486
3442 2 2 28 58 1900 1903 1873
3443 2 2 28 58 487 1902 1865
3444 2 2 28 58 486 1901 1864
3445 2 2 28 58 1864 1900 487
3446 2 2 28 58 497 1899 1871
3447 2 2 28 58 488 1902 487
3448 2 2 28 58 487 1900 488
3449 2 2 28 58 485 1901 486
3450 2 2 28 58 1864 1903 1900
3451 2 2 28 58 1895 1904 1866
3452 2 2 28 58 1866 1904 480
3453 2 2 28 58 481 1904 1867
3454 2 2 28 58 483 1910 1874
3455 2 2 28 58 1867 1910 482
3456 2 2 28 58 1881 1905 1897
3457 2 2 28 58 1881 1909 1878
3458 2 2 28 58 38 1914 498
3459 2 2 28 58 37 1912 475
3460 2 2 28 58 489 1911 38
3461 2 2 28 58 484 1913 37
3462 2 2 28 58 1891 1916 1872
3463 2 2 28 58 1864 1916 1903
3464 2 2 28 58 485 1914 38
3465 2 2 28 58 37 1913 488
3466 2 2 28 58 38 1911 485
3467 2 2 28 58 488 1912 37
3468 2 2 28 58 1892 1905 1882
3469 2 2 28 58 1897 1905 1869
3470 2 2 28 58 1872 1916 1901
3471 2 2 28 58 1903 1917 1873
3472 2 2 28 58 1869 1905 1892
3473 2 2 28 58 1873 1917 1896
3474 2 2 28 58 1880 1915 1882
3475 2 2 28 58 480 1904 481
3476 2 2 28 58 1904 1915 1867
3477 2 2 28 58 1882 1915 1895
3478 2 2 28 58 498 1914 1899
3479 2 2 28 58 1896 1906 1870
3480 2 2 28 58 1906 1907 1870
3481 2 2 28 58 1870 1907 1898
3482 2 2 28 58 1907 1908 1898
3483 2 2 28 58 1898 1908 1866
3484 2 2 28 58 1882 1905 1881
3485 2 2 28 58 1886 1906 1887
3486 2 2 28 58 1872 1911 489
3487 2 2 28 58 475 1912 1873
3488 2 2 28 58 1874 1913 484
3489 2 2 28 58 1886 1907 1906
3490 2 2 28 58 1888 1907 1886
3491 2 2 28 58 1888 1908 1907
3492 2 2 28 58 1890 1908 1888
3493 2 2 28 58 1899 1914 1875
3494 2 2 28 58 482 1910 483
3495 2 2 28 58 1878 1909 1876
3496 2 2 28 58 1867 1915 1880
3497 2 2 28 58 1875 1914 485
3498 2 2 28 58 1901 1911 1872
3499 2 2 28 58 1873 1912 1900
3500 2 2 28 58 1902 1913 1874
3501 2 2 28 58 488 1913 1902
3502 2 2 28 58 485 1911 1901
3503 2 2 28 58 1900 1912 488
3504 2 2 28 58 1901 1916 1864
3505 2 2 28 58 1895 1915 1904
3506 2 2 28 58 1887 1917 1903
3507 2 2 28 58 1896 1917 1906
3508 2 2 28 58 1906 1917 1887
3509 2 2 28 59 480 1921 479
3510 2 2 28 59 1918 1921 480
3511 2 2 28 59 484 1920 483
3512 2 2 28 59 476 1919 475
3513 2 2 28 59 481 1918 480
3514 2 2 28 59 476 1923 1919
3515 2 2 28 59 477 1923 476
3516 2 2 28 59 482 1924 481
3517 2 2 28 59 37 1925 484
3518 2 2 28 59 1919 1925 475
3519 2 2 28 59 1920 1924 483
3520 2 2 28 59 483 1924 482
3521 2 2 28 59 475 1925 37
3522 2 2 28 59 481 1924 1918
3523 2 2 28 59 484 1925 1920
3524 2 2 28 59 478 1923 477
3525 2 2 28 59 479 1921 478
3526 2 2 28 59 1921 1923 478
3527 2 2 28 59 1920 1925 1922
3528 2 2 28 59 1922 1924 1920
3529 2 2 28 59 1922 1925 1919
3530 2 2 28 59 1918 1924 1922
3531 2 2 28 59 1918 1922 1921
3532 2 2 28 59 1919 1923 1922
3533 2 2 28 59 1922 1923 1921
3534 2 2 28 60 494 493 1929
3535 2 2 28 60 1926 494 1929
3536 2 2 28 60 498 497 1928
3537 2 2 28 60 490 489 1927
3538 2 2 28 60 495 494 1926
3539 2 2 28 60 490 1927 1931
3540 2 2 28 60 491 490 1931
3541 2 2 28 60 496 495 1932
3542 2 2 28 60 38 498 1933
3543 2 2 28 60 1927 489 1933
3544 2 2 28 60 1928 497 1932
3545 2 2 28 60 497 496 1932
3546 2 2 28 60 489 38 1933
3547 2 2 28 60 495 1926 1932
3548 2 2 28 60 498 1928 1933
3549 2 2 28 60 492 491 1931
3550 2 2 28 60 493 492 1929
3551 2 2 28 60 1929 492 1931
3552 2 2 28 60 1928 1930 1933
3553 2 2 28 60 1930 1928 1932
3554 2 2 28 60 1930 1927 1933
3555 2 2 28 60 1926 1930 1932
3556 2 2 28 60 1926 1929 1930
3557 2 2 28 60 1927 1930 1931
3558 2 2 28 60 1930 1929 1931
3559 2 2 29 61 1951 1967 1941
3560 2 2 29 61 1941 1979 1951
3561 2 2 29 61 1960 1962 1952
3562 2 2 29 61 1952 1965 1960
3563 2 2 29 61 1957 1973 1961
3564 2 2 29 61 1936 1978 1965
3565 2 2 29 61 1965 1978 1960
3566 2 2 29 61 1973 1986 1961
3567 2 2 29 61 1944 1949 1947
3568 2 2 29 61 1937 1950 1949
3569 2 2 29 61 1946 1979 1969
3570 2 2 29 61 1949 1980 1937
3571 2 2 29 61 1946 1969 1945
3572 2 2 29 61 1969 1979 1941
3573 2 2 29 61 1944 1980 1949
3574 2 2 29 61 1957 1961 1954
3575 2 2 29 61 514 1953 1942
3576 2 2 29 61 1943 1966 500
3577 2 2 29 61 1953 1961 1942
3578 2 2 29 61 499 1943 500
3579 2 2 29 61 514 1942 513
3580 2 2 29 61 507 1944 508
3581 2 2 29 61 1954 1961 1953
3582 2 2 29 61 521 1941 520
3583 2 2 29 61 519 1967 1939
3584 2 2 29 61 518 1963 517
3585 2 2 29 61 1963 1964 517
3586 2 2 29 61 1941 1967 520
3587 2 2 29 61 501 1966 1940
3588 2 2 29 61 515 1953 514
3589 2 2 29 61 1938 1953 515
3590 2 2 29 61 500 1966 501
3591 2 2 29 61 517 1964 516
3592 2 2 29 61 1939 1963 518
3593 2 2 29 61 1956 1957 1954
3594 2 2 29 61 1938 1954 1953
3595 2 2 29 61 520 1967 519
3596 2 2 29 61 516 1964 1938
3597 2 2 29 61 1962 1963 1939
3598 2 2 29 61 505 1937 506
3599 2 2 29 61 519 1939 518
3600 2 2 29 61 503 1968 1936
3601 2 2 29 61 503 1936 504
3602 2 2 29 61 501 1940 502
3603 2 2 29 61 502 1968 503
3604 2 2 29 61 516 1938 515
3605 2 2 29 61 1940 1968 502
3606 2 2 29 61 1959 1962 1960
3607 2 2 29 61 1959 1960 1958
3608 2 2 29 61 1955 1956 1954
3609 2 2 29 61 1955 1959 1958
3610 2 2 29 61 1955 1958 1956
3611 2 2 29 61 1938 1955 1954
3612 2 2 29 61 1959 1963 1962
3613 2 2 29 61 1959 1964 1963
3614 2 2 29 61 1938 1964 1955
3615 2 2 29 61 1955 1964 1959
3616 2 2 29 61 1950 1951 1948
3617 2 2 29 61 1950 1952 1951
3618 2 2 29 61 1949 1950 1948
3619 2 2 29 61 1947 1949 1948
3620 2 2 29 61 511 1934 510
3621 2 2 29 61 510 1935 511
3622 2 2 29 61 1947 1948 1946
3623 2 2 29 61 1934 1947 1946
3624 2 2 29 61 1934 1972 1947
3625 2 2 29 61 522 1969 521
3626 2 2 29 61 510 1945 509
3627 2 2 29 61 1947 1972 1944
3628 2 2 29 61 1934 1946 1945
3629 2 2 29 61 1934 1945 510
3630 2 2 29 61 1970 1973 1943
3631 2 2 29 61 511 1972 1934
3632 2 2 29 61 510 1971 1935
3633 2 2 29 61 1935 1970 511
3634 2 2 29 61 521 1969 1941
3635 2 2 29 61 512 1972 511
3636 2 2 29 61 511 1970 512
3637 2 2 29 61 509 1971 510
3638 2 2 29 61 1935 1973 1970
3639 2 2 29 61 1965 1974 1936
3640 2 2 29 61 1936 1974 504
3641 2 2 29 61 505 1974 1937
3642 2 2 29 61 507 1980 1944
3643 2 2 29 61 1937 1980 506
3644 2 2 29 61 1951 1975 1967
3645 2 2 29 61 1951 1979 1948
3646 2 2 29 61 40 1984 522
3647 2 2 29 61 39 1982 499
3648 2 2 29 61 513 1981 40
3649 2 2 29 61 508 1983 39
3650 2 2 29 61 1961 1986 1942
3651 2 2 29 61 1935 1986 1973
3652 2 2 29 61 509 1984 40
3653 2 2 29 61 39 1983 512
3654 2 2 29 61 40 1981 509
3655 2 2 29 61 512 1982 39
3656 2 2 29 61 1962 1975 1952
3657 2 2 29 61 1967 1975 1939
3658 2 2 29 61 1942 1986 1971
3659 2 2 29 61 1973 1987 1943
3660 2 2 29 61 1939 1975 1962
3661 2 2 29 61 1943 1987 1966
3662 2 2 29 61 1950 1985 1952
3663 2 2 29 61 504 1974 505
3664 2 2 29 61 1974 1985 1937
3665 2 2 29 61 1952 1985 1965
3666 2 2 29 61 522 1984 1969
3667 2 2 29 61 1966 1976 1940
3668 2 2 29 61 1976 1977 1940
3669 2 2 29 61 1940 1977 1968
3670 2 2 29 61 1977 1978 1968
3671 2 2 29 61 1968 1978 1936
3672 2 2 29 61 1952 1975 1951
3673 2 2 29 61 1956 1976 1957
3674 2 2 29 61 1942 1981 513
3675 2 2 29 61 499 1982 1943
3676 2 2 29 61 1944 1983 508
3677 2 2 29 61 1956 1977 1976
3678 2 2 29 61 1958 1977 1956
3679 2 2 29 61 1958 1978 1977
3680 2 2 29 61 1960 1978 1958
3681 2 2 29 61 1969 1984 1945
3682 2 2 29 61 506 1980 507
3683 2 2 29 61 1948 1979 1946
3684 2 2 29 61 1937 1985 1950
3685 2 2 29 61 1945 1984 509
3686 2 2 29 61 1971 1981 1942
3687 2 2 29 61 1943 1982 1970
3688 2 2 29 61 1972 1983 1944
3689 2 2 29 61 512 1983 1972
3690 2 2 29 61 509 1981 1971
3691 2 2 29 61 1970 1982 512
3692 2 2 29 61 1971 1986 1935
3693 2 2 29 61 1965 1985 1974
3694 2 2 29 61 1957 1987 1973
3695 2 2 29 61 1966 1987 1976
3696 2 2 29 61 1976 1987 1957
3697 2 2 29 62 504 1991 503
3698 2 2 29 62 1988 1991 504
3699 2 2 29 62 508 1990 507
3700 2 2 29 62 500 1989 499
3701 2 2 29 62 505 1988 504
3702 2 2 29 62 500 1993 1989
3703 2 2 29 62 501 1993 500
3704 2 2 29 62 506 1994 505
3705 2 2 29 62 39 1995 508
3706 2 2 29 62 1989 1995 499
3707 2 2 29 62 1990 1994 507
3708 2 2 29 62 507 1994 506
3709 2 2 29 62 499 1995 39
3710 2 2 29 62 505 1994 1988
3711 2 2 29 62 508 1995 1990
3712 2 2 29 62 502 1993 501
3713 2 2 29 62 503 1991 502
3714 2 2 29 62 1991 1993 502
3715 2 2 29 62 1990 1995 1992
3716 2 2 29 62 1992 1994 1990
3717 2 2 29 62 1992 1995 1989
3718 2 2 29 62 1988 1994 1992
3719 2 2 29 62 1988 1992 1991
3720 2 2 29 62 1989 1993 1992
3721 2 2 29 62 1992 1993 1991
3722 2 2 29 63 518 517 1999
3723 2 2 29 63 1996 518 1999
3724 2 2 29 63 522 521 1998
3725 2 2 29 63 514 513 1997
3726 2 2 29 63 519 518 1996
3727 2 2 29 63 514 1997 2001
3728 2 2 29 63 515 514 2001
3729 2 2 29 63 520 519 2002
3730 2 2 29 63 40 522 2003
3731 2 2 29 63 1997 513 2003
3732 2 2 29 63 1998 521 2002
3733 2 2 29 63 521 520 2002
3734 2 2 29 63 513 40 2003
3735 2 2 29 63 519 1996 2002
3736 2 2 29 63 522 1998 2003
3737 2 2 29 63 516 515 2001
3738 2 2 29 63 517 516 1999
3739 2 2 29 63 1999 516 2001
3740 2 2 29 63 1998 2000 2003
3741 2 2 29 63 2000 1998 2002
3742 2 2 29 63 2000 1997 2003
3743 2 2 29 63 1996 2000 2002
3744 2 2 29 63 1996 1999 2000
3745 2 2 29 63 1997 2000 2001
3746 2 2 29 63 2000 1999 2001
3747 2 2 4 64 2722 2766 2015
3748 2 2 4 64 2479 2895 2748
3749 2 2 4 64 2452 2750 2612
3750 2 2 4 64 2047 2867 2549
3751 2 2 4 64 2554 2866 2046
3752 2 2 4 64 2015 2894 2722
3753 2 2 4 64 2748 2895 2025
3754 2 2 4 64 2039 2752 2601
3755 2 2 4 64 2549 2876 2047
3756 2 2 4 64 2046 2887 2554
3757 2 2 4 64 2505 2751 2007
3758 2 2 4 64 2038 2777 2503
3759 2 2 4 64 2508 2585 2024
3760 2 2 4 64 2023 2522 2520
3761 2 2 4 64 2445 2776 2446
3762 2 2 4 64 2763 2879 2496
3763 2 2 4 64 2446 2776 2469
3764 2 2 4 64 2601 2888 2039
3765 2 2 4 64 2779 2876 2808
3766 2 2 4 64 2612 2750 2494
3767 2 2 4 64 2815 2880 2764
3768 2 2 4 64 2585 2891 2024
3769 2 2 4 64 2452 2872 2750
3770 2 2 4 64 2023 2889 2522
3771 2 2 4 64 2505 2884 2751
3772 2 2 4 64 2780 2881 2844
3773 2 2 4 64 2764 2875 2815
3774 2 2 4 64 580 2545 579
3775 2 2 4 64 2486 2871 2753
3776 2 2 4 64 2503 2882 2038
3777 2 2 4 64 2496 2885 2763
3778 2 2 4 64 2825 2895 2622
3779 2 2 4 64 2753 2903 2486
3780 2 2 4 64 2808 2890 2779
3781 2 2 4 64 2844 2887 2780
3782 2 2 4 64 2545 2900 579
3783 2 2 4 64 2777 2877 2503
3784 2 2 4 64 2043 2879 2763
3785 2 2 4 64 2045 2643 2546
3786 2 2 4 64 2044 2524 2522
3787 2 2 4 64 2044 2525 2524
3788 2 2 4 64 2767 2893 2498
3789 2 2 4 64 2495 2894 2761
3790 2 2 4 64 2007 2872 2505
3791 2 2 4 64 2585 2643 2045
3792 2 2 4 64 2053 2848 2052
3793 2 2 4 64 2764 2880 2042
3794 2 2 4 64 2549 2867 2050
3795 2 2 4 64 2051 2866 2554
3796 2 2 4 64 2047 2876 2779
3797 2 2 4 64 2507 2825 2622
3798 2 2 4 64 2025 2895 2825
3799 2 2 4 64 2455 2862 2757
3800 2 2 4 64 2447 2874 2769
3801 2 2 4 64 2509 2564 2022
3802 2 2 4 64 2444 2564 2509
3803 2 2 4 64 2769 2912 2447
3804 2 2 4 64 2445 2878 2776
3805 2 2 4 64 610 2849 609
3806 2 2 4 64 2555 2805 2551
3807 2 2 4 64 2354 2805 2555
3808 2 2 4 64 2552 2801 2553
3809 2 2 4 64 2752 2873 2601
3810 2 2 4 64 2421 2801 2552
3811 2 2 4 64 2027 2881 2780
3812 2 2 4 64 2761 2888 2495
3813 2 2 4 64 2365 2526 2055
3814 2 2 4 64 2526 2848 2053
3815 2 2 4 64 542 2868 2861
3816 2 2 4 64 2748 2884 2479
3817 2 2 4 64 2582 2821 2580
3818 2 2 4 64 2761 2894 2015
3819 2 2 4 64 2337 2821 2582
3820 2 2 4 64 2520 2877 2023
3821 2 2 4 64 2511 2583 2420
3822 2 2 4 64 2016 2893 2767
3823 2 2 4 64 2035 2583 2511
3824 2 2 4 64 2856 2857 2564
3825 2 2 4 64 2055 2526 2053
3826 2 2 4 64 2481 2857 2856
3827 2 2 4 64 2014 2875 2764
3828 2 2 4 64 2757 2909 2455
3829 2 2 4 64 2571 2807 2570
3830 2 2 4 64 2498 2896 2767
3831 2 2 4 64 2012 2863 2854
3832 2 2 4 64 2021 2860 2615
3833 2 2 4 64 2009 2803 562
3834 2 2 4 64 2524 2526 2365
3835 2 2 4 64 2525 2849 2848
3836 2 2 4 64 2052 2848 2049
3837 2 2 4 64 2024 2878 2508
3838 2 2 4 64 2481 2858 2857
3839 2 2 4 64 2411 2807 2571
3840 2 2 4 64 2722 2883 2766
3841 2 2 4 64 2482 2858 2481
3842 2 2 4 64 2551 2805 2552
3843 2 2 4 64 2443 2578 2514
3844 2 2 4 64 2514 2578 2032
3845 2 2 4 64 2759 2885 2451
3846 2 2 4 64 2512 2803 2009
3847 2 2 4 64 2617 2859 2581
3848 2 2 4 64 2553 2801 2021
3849 2 2 4 64 2510 2855 2854
3850 2 2 4 64 2525 2526 2524
3851 2 2 4 64 2509 2855 2510
3852 2 2 4 64 2852 2853 2578
3853 2 2 4 64 2555 2844 2354
3854 2 2 4 64 2552 2805 2421
3855 2 2 4 64 2517 2576 2011
3856 2 2 4 64 2518 2576 2517
3857 2 2 4 64 2451 2906 2759
3858 2 2 4 64 2817 2818 2004
3859 2 2 4 64 2004 2850 2573
3860 2 2 4 64 2511 2818 2817
3861 2 2 4 64 2580 2821 2583
3862 2 2 4 64 2549 2858 2482
3863 2 2 4 64 2582 2820 2337
3864 2 2 4 64 2339 2841 2823
3865 2 2 4 64 2511 2817 2035
3866 2 2 4 64 2022 2855 2509
3867 2 2 4 64 561 2843 560
3868 2 2 4 64 2833 2834 2005
3869 2 2 4 64 2583 2821 2420
3870 2 2 4 64 2572 2813 2571
3871 2 2 4 64 2483 2853 2852
3872 2 2 4 64 2514 2834 2833
3873 2 2 4 64 2811 2813 2572
3874 2 2 4 64 2033 2842 2832
3875 2 2 4 64 2570 2807 2009
3876 2 2 4 64 2365 2561 2521
3877 2 2 4 64 2444 2856 2564
3878 2 2 4 64 2093 2793 2568
3879 2 2 4 64 2861 2868 2502
3880 2 2 4 64 2521 2524 2365
3881 2 2 4 64 2519 2561 2253
3882 2 2 4 64 562 2803 561
3883 2 2 4 64 2521 2561 2519
3884 2 2 4 64 2011 2812 2517
3885 2 2 4 64 2253 2568 2516
3886 2 2 4 64 2516 2519 2253
3887 2 2 4 64 2723 2734 2592
3888 2 2 4 64 2388 2587 2458
3889 2 2 4 64 562 2812 2011
3890 2 2 4 64 2458 2587 2586
3891 2 2 4 64 2655 2829 2823
3892 2 2 4 64 2571 2813 2411
3893 2 2 4 64 2396 2677 2599
3894 2 2 4 64 2205 2829 2655
3895 2 2 4 64 2586 2598 2458
3896 2 2 4 64 2801 2860 2021
3897 2 2 4 64 2009 2807 2512
3898 2 2 4 64 2390 2587 2388
3899 2 2 4 64 2529 2598 2092
3900 2 2 4 64 2458 2598 2529
3901 2 2 4 64 2568 2793 2516
3902 2 2 4 64 2643 2747 2546
3903 2 2 4 64 2576 2824 2575
3904 2 2 4 64 2019 2797 2523
3905 2 2 4 64 2363 2721 2493
3906 2 2 4 64 2363 2723 2721
3907 2 2 4 64 2075 2539 2073
3908 2 2 4 64 2440 2845 2442
3909 2 2 4 64 2824 2828 2575
3910 2 2 4 64 2469 2722 2721
3911 2 2 4 64 2429 2747 2643
3912 2 2 4 64 2119 2530 2122
3913 2 2 4 64 2363 2734 2723
3914 2 2 4 64 2478 2804 2798
3915 2 2 4 64 2029 2822 2797
3916 2 2 4 64 2528 2723 2592
3917 2 2 4 64 2599 2677 2529
3918 2 2 4 64 2528 2592 2191
3919 2 2 4 64 2536 2537 2090
3920 2 2 4 64 2496 2729 2470
3921 2 2 4 64 2729 2730 2470
3922 2 2 4 64 2527 2705 2634
3923 2 2 4 64 2530 2661 2122
3924 2 2 4 64 2713 2731 2596
3925 2 2 4 64 2854 2863 2510
3926 2 2 4 64 2470 2730 2471
3927 2 2 4 64 2634 2705 2378
3928 2 2 4 64 2032 2834 2514
3929 2 2 4 64 2090 2538 2536
3930 2 2 4 64 2730 2731 2471
3931 2 2 4 64 2118 2705 2527
3932 2 2 4 64 2735 2739 2538
3933 2 2 4 64 2527 2530 2118
3934 2 2 4 64 2005 2832 2515
3935 2 2 4 64 2471 2731 2713
3936 2 2 4 64 2814 2859 2617
3937 2 2 4 64 2090 2539 2075
3938 2 2 4 64 2118 2530 2119
3939 2 2 4 64 2191 2640 2528
3940 2 2 4 64 2523 2798 2019
3941 2 2 4 64 2186 2640 2191
3942 2 2 4 64 2092 2599 2529
3943 2 2 4 64 2515 2833 2005
3944 2 2 4 64 2285 2739 2735
3945 2 2 4 64 2798 2804 2019
3946 2 2 4 64 2356 2740 2456
3947 2 2 4 64 2537 2539 2090
3948 2 2 4 64 2356 2741 2740
3949 2 2 4 64 2732 2745 2539
3950 2 2 4 64 2450 2746 2740
3951 2 2 4 64 2619 2639 2192
3952 2 2 4 64 2463 2742 2741
3953 2 2 4 64 2771 2890 2454
3954 2 2 4 64 2153 2760 2744
3955 2 2 4 64 2079 2538 2077
3956 2 2 4 64 2192 2706 2619
3957 2 2 4 64 559 2797 2019
3958 2 2 4 64 2463 2741 2356
3959 2 2 4 64 2122 2661 2651
3960 2 2 4 64 2541 2725 2686
3961 2 2 4 64 2137 2742 2724
3962 2 2 4 64 2077 2538 2090
3963 2 2 4 64 2599 2745 2732
3964 2 2 4 64 2020 2701 2533
3965 2 2 4 64 2619 2706 2556
3966 2 2 4 64 2639 2640 2192
3967 2 2 4 64 2538 2739 2536
3968 2 2 4 64 2369 2534 2462
3969 2 2 4 64 2462 2534 2532
3970 2 2 4 64 2406 2781 2405
3971 2 2 4 64 2721 2722 2493
3972 2 2 4 64 2651 2703 2122
3973 2 2 4 64 2560 2703 2651
3974 2 2 4 64 2265 2595 2542
3975 2 2 4 64 2542 2595 2449
3976 2 2 4 64 2518 2824 2576
3977 2 2 4 64 2192 2640 2186
3978 2 2 4 64 2020 2533 559
3979 2 2 4 64 2599 2732 2396
3980 2 2 4 64 2708 2709 2477
3981 2 2 4 64 2475 2657 2486
3982 2 2 4 64 2656 2657 2475
3983 2 2 4 64 2541 2685 2368
3984 2 2 4 64 574 2553 2021
3985 2 2 4 64 2540 2541 2368
3986 2 2 4 64 2587 2793 2093
3987 2 2 4 64 2475 2671 2656
3988 2 2 4 64 2199 2566 2233
3989 2 2 4 64 2656 2671 2476
3990 2 2 4 64 2368 2625 2540
3991 2 2 4 64 2686 2725 2126
3992 2 2 4 64 2548 2549 2050
3993 2 2 4 64 2615 2617 2616
3994 2 2 4 64 2476 2708 2477
3995 2 2 4 64 2556 2706 2225
3996 2 2 4 64 2048 2544 2543
3997 2 2 4 64 2605 2697 2593
3998 2 2 4 64 2724 2742 2463
3999 2 2 4 64 2048 2545 2544
4000 2 2 4 64 2611 2650 2535
4001 2 2 4 64 2550 2551 2031
4002 2 2 4 64 2554 2555 2551
4003 2 2 4 64 2379 2697 2605
4004 2 2 4 64 2048 2543 556
4005 2 2 4 64 2550 2554 2551
4006 2 2 4 64 559 2533 558
4007 2 2 4 64 2540 2625 2624
4008 2 2 4 64 577 2548 2050
4009 2 2 4 64 2667 2743 2377
4010 2 2 4 64 575 2553 574
4011 2 2 4 64 2028 2053 2052
4012 2 2 4 64 2671 2708 2476
4013 2 2 4 64 2615 2616 572
4014 2 2 4 64 2394 2743 2667
4015 2 2 4 64 2542 2557 2265
4016 2 2 4 64 2369 2535 2534
4017 2 2 4 64 2139 2566 2199
4018 2 2 4 64 2265 2557 2264
4019 2 2 4 64 2596 2731 2595
4020 2 2 4 64 2153 2744 2148
4021 2 2 4 64 576 2550 2031
4022 2 2 4 64 2560 2707 2703
4023 2 2 4 64 2636 2638 2400
4024 2 2 4 64 2028 2052 557
4025 2 2 4 64 2535 2650 2534
4026 2 2 4 64 2438 2788 2778
4027 2 2 4 64 2597 2692 2596
4028 2 2 4 64 2631 2689 2126
4029 2 2 4 64 2823 2841 2655
4030 2 2 4 64 2051 2554 2550
4031 2 2 4 64 2545 2546 2544
4032 2 2 4 64 2628 2709 2708
4033 2 2 4 64 2740 2746 2456
4034 2 2 4 64 2132 2709 2628
4035 2 2 4 64 2376 2559 2558
4036 2 2 4 64 2632 2633 2435
4037 2 2 4 64 2753 2871 2036
4038 2 2 4 64 2562 2667 2377
4039 2 2 4 64 2285 2735 2086
4040 2 2 4 64 2400 2637 2636
4041 2 2 4 64 2376 2558 2235
4042 2 2 4 64 2004 2573 566
4043 2 2 4 64 2022 2564 2563
4044 2 2 4 64 2264 2557 2267
4045 2 2 4 64 2566 2707 2560
4046 2 2 4 64 2284 2556 2225
4047 2 2 4 64 2057 2561 2365
4048 2 2 4 64 2435 2633 2506
4049 2 2 4 64 2071 2745 2092
4050 2 2 4 64 2717 2781 2406
4051 2 2 4 64 2592 2734 2605
4052 2 2 4 64 2818 2850 2004
4053 2 2 4 64 2401 2725 2541
4054 2 2 4 64 2484 2726 2607
4055 2 2 4 64 2244 2562 2377
4056 2 2 4 64 2376 2560 2559
4057 2 2 4 64 2744 2760 2531
4058 2 2 4 64 556 2049 555
4059 2 2 4 64 555 2048 556
4060 2 2 4 64 572 2616 571
4061 2 2 4 64 2637 2644 2618
4062 2 2 4 64 2022 2563 574
4063 2 2 4 64 2233 2566 2376
4064 2 2 4 64 556 2052 2049
4065 2 2 4 64 2395 2567 2212
4066 2 2 4 64 2253 2561 2059
4067 2 2 4 64 2610 2712 2161
4068 2 2 4 64 2051 2550 577
4069 2 2 4 64 2624 2625 2623
4070 2 2 4 64 2543 2547 2029
4071 2 2 4 64 577 2050 578
4072 2 2 4 64 578 2051 577
4073 2 2 4 64 2400 2644 2637
4074 2 2 4 64 2352 2633 2632
4075 2 2 4 64 2213 2569 2250
4076 2 2 4 64 2126 2725 2631
4077 2 2 4 64 2460 2640 2639
4078 2 2 4 64 2517 2812 2478
4079 2 2 4 64 2594 2597 2596
4080 2 2 4 64 2298 2565 2454
4081 2 2 4 64 2010 2580 2579
4082 2 2 4 64 2030 2548 576
4083 2 2 4 64 2628 2629 2132
4084 2 2 4 64 2092 2745 2599
4085 2 2 4 64 557 2543 2029
4086 2 2 4 64 2061 2568 2253
4087 2 2 4 64 2603 2683 2120
4088 2 2 4 64 2054 2055 2053
4089 2 2 4 64 2574 2575 2033
4090 2 2 4 64 2057 2365 2055
4091 2 2 4 64 2426 2427 2424
4092 2 2 4 64 2426 2428 2427
4093 2 2 4 64 2250 2569 2434
4094 2 2 4 64 2172 2593 2171
4095 2 2 4 64 2584 2585 2508
4096 2 2 4 64 2028 2054 2053
4097 2 2 4 64 570 2577 2012
4098 2 2 4 64 2010 2579 570
4099 2 2 4 64 563 2570 2009
4100 2 2 4 64 2212 2567 2134
4101 2 2 4 64 2621 2622 2474
4102 2 2 4 64 2600 2601 2352
4103 2 2 4 64 2541 2686 2685
4104 2 2 4 64 2132 2629 2124
4105 2 2 4 64 564 2574 2033
4106 2 2 4 64 2574 2576 2575
4107 2 2 4 64 2093 2568 2063
4108 2 2 4 64 2282 2565 2271
4109 2 2 4 64 2741 2742 2395
4110 2 2 4 64 2374 2565 2282
4111 2 2 4 64 2298 2454 2353
4112 2 2 4 64 2425 2426 2424
4113 2 2 4 64 2551 2552 2031
4114 2 2 4 64 2395 2742 2567
4115 2 2 4 64 2352 2632 2254
4116 2 2 4 64 2219 2611 2216
4117 2 2 4 64 2302 2600 2352
4118 2 2 4 64 2059 2561 2057
4119 2 2 4 64 2353 2808 2482
4120 2 2 4 64 2544 2547 2543
4121 2 2 4 64 566 2573 565
4122 2 2 4 64 2428 2431 2430
4123 2 2 4 64 2031 2553 575
4124 2 2 4 64 2567 2742 2137
4125 2 2 4 64 2586 2587 2093
4126 2 2 4 64 558 2533 2028
4127 2 2 4 64 2594 2595 2265
4128 2 2 4 64 2235 2558 2237
4129 2 2 4 64 2280 2641 2385
4130 2 2 4 64 2431 2445 2432
4131 2 2 4 64 2380 2589 2223
4132 2 2 4 64 575 2563 2030
4133 2 2 4 64 556 2543 557
4134 2 2 4 64 2065 2586 2093
4135 2 2 4 64 2061 2253 2059
4136 2 2 4 64 2593 2697 2171
4137 2 2 4 64 2607 2620 2180
4138 2 2 4 64 2428 2430 2427
4139 2 2 4 64 576 2548 577
4140 2 2 4 64 2692 2713 2596
4141 2 2 4 64 2380 2590 2589
4142 2 2 4 64 2176 2593 2172
4143 2 2 4 64 2539 2745 2073
4144 2 2 4 64 2426 2429 2428
4145 2 2 4 64 2241 2562 2244
4146 2 2 4 64 2271 2565 2298
4147 2 2 4 64 2056 2057 2055
4148 2 2 4 64 2301 2304 2251
4149 2 2 4 64 2304 2738 2737
4150 2 2 4 64 2329 2602 2332
4151 2 2 4 64 2251 2569 2213
4152 2 2 4 64 575 2030 576
4153 2 2 4 64 576 2031 575
4154 2 2 4 64 2293 2637 2618
4155 2 2 4 64 2431 2584 2508
4156 2 2 4 64 2429 2584 2428
4157 2 2 4 64 2034 2571 2570
4158 2 2 4 64 2489 2727 2484
4159 2 2 4 64 2349 2663 2662
4160 2 2 4 64 2389 2588 2500
4161 2 2 4 64 2270 2282 2271
4162 2 2 4 64 2581 2582 2580
4163 2 2 4 64 2790 2792 2488
4164 2 2 4 64 2579 2583 2035
4165 2 2 4 64 2457 2645 2299
4166 2 2 4 64 2010 2581 2580
4167 2 2 4 64 2262 2594 2265
4168 2 2 4 64 2437 2614 2505
4169 2 2 4 64 2011 2576 2574
4170 2 2 4 64 2431 2432 2430
4171 2 2 4 64 2190 2606 2197
4172 2 2 4 64 2124 2629 2129
4173 2 2 4 64 2454 2808 2353
4174 2 2 4 64 557 2029 558
4175 2 2 4 64 558 2028 557
4176 2 2 4 64 2067 2598 2586
4177 2 2 4 64 2054 2056 2055
4178 2 2 4 64 2304 2569 2251
4179 2 2 4 64 2063 2568 2061
4180 2 2 4 64 2371 2372 2282
4181 2 2 4 64 2354 2738 2301
4182 2 2 4 64 2200 2626 2260
4183 2 2 4 64 2327 2602 2329
4184 2 2 4 64 2267 2270 2269
4185 2 2 4 64 2431 2508 2445
4186 2 2 4 64 559 2019 560
4187 2 2 4 64 560 2020 559
4188 2 2 4 64 2185 2607 2180
4189 2 2 4 64 2602 2661 2459
4190 2 2 4 64 2436 2622 2621
4191 2 2 4 64 2293 2618 2123
4192 2 2 4 64 2032 2578 2577
4193 2 2 4 64 2424 2556 2284
4194 2 2 4 64 2373 2447 2372
4195 2 2 4 64 2595 2731 2449
4196 2 2 4 64 2591 2593 2176
4197 2 2 4 64 2480 2683 2603
4198 2 2 4 64 2152 2623 2146
4199 2 2 4 64 2166 2597 2594
4200 2 2 4 64 2021 2615 573
4201 2 2 4 64 2532 2681 2462
4202 2 2 4 64 2137 2724 2603
4203 2 2 4 64 2626 2627 2260
4204 2 2 4 64 2580 2583 2579
4205 2 2 4 64 2457 2646 2645
4206 2 2 4 64 2213 2250 2212
4207 2 2 4 64 2487 2790 2488
4208 2 2 4 64 2287 2604 2293
4209 2 2 4 64 2613 2614 2437
4210 2 2 4 64 2604 2635 2293
4211 2 2 4 64 2372 2374 2282
4212 2 2 4 64 2240 2243 2241
4213 2 2 4 64 2191 2592 2591
4214 2 2 4 64 2092 2598 2069
4215 2 2 4 64 2065 2093 2063
4216 2 2 4 64 2011 2574 563
4217 2 2 4 64 2560 2651 2559
4218 2 2 4 64 2188 2212 2134
4219 2 2 4 64 2216 2611 2182
4220 2 2 4 64 577 2550 576
4221 2 2 4 64 2445 2446 2432
4222 2 2 4 64 2186 2191 2181
4223 2 2 4 64 2237 2240 2239
4224 2 2 4 64 2634 2787 2487
4225 2 2 4 64 2591 2605 2593
4226 2 2 4 64 2097 2660 2203
4227 2 2 4 64 2181 2591 2176
4228 2 2 4 64 2250 2433 2395
4229 2 2 4 64 2434 2450 2433
4230 2 2 4 64 574 2021 573
4231 2 2 4 64 573 2022 574
4232 2 2 4 64 2060 2061 2059
4233 2 2 4 64 557 2052 556
4234 2 2 4 64 2446 2469 2468
4235 2 2 4 64 2594 2596 2595
4236 2 2 4 64 2127 2603 2120
4237 2 2 4 64 2608 2609 2393
4238 2 2 4 64 2262 2265 2264
4239 2 2 4 64 2436 2621 2278
4240 2 2 4 64 2270 2371 2282
4241 2 2 4 64 2304 2710 2569
4242 2 2 4 64 2058 2059 2057
4243 2 2 4 64 2423 2424 2284
4244 2 2 4 64 2377 2743 2397
4245 2 2 4 64 2267 2557 2270
4246 2 2 4 64 2371 2373 2372
4247 2 2 4 64 2326 2327 2243
4248 2 2 4 64 2270 2271 2269
4249 2 2 4 64 2256 2624 2206
4250 2 2 4 64 2301 2738 2304
4251 2 2 4 64 2321 2614 2613
4252 2 2 4 64 2448 2497 2447
4253 2 2 4 64 2034 2572 2571
4254 2 2 4 64 2034 2570 564
4255 2 2 4 64 569 2579 2035
4256 2 2 4 64 2032 2577 569
4257 2 2 4 64 2479 2614 2321
4258 2 2 4 64 571 2616 2010
4259 2 2 4 64 2319 2612 2494
4260 2 2 4 64 2233 2376 2235
4261 2 2 4 64 2062 2063 2061
4262 2 2 4 64 2244 2377 2333
4263 2 2 4 64 563 2009 562
4264 2 2 4 64 571 2010 570
4265 2 2 4 64 570 2012 571
4266 2 2 4 64 562 2011 563
4267 2 2 4 64 2461 2602 2327
4268 2 2 4 64 2137 2603 2127
4269 2 2 4 64 2331 2608 2393
4270 2 2 4 64 2191 2591 2181
4271 2 2 4 64 2355 2815 2457
4272 2 2 4 64 2327 2329 2328
4273 2 2 4 64 2067 2586 2065
4274 2 2 4 64 2601 2633 2352
4275 2 2 4 64 2477 2709 2636
4276 2 2 4 64 2141 2672 2187
4277 2 2 4 64 2559 2651 2461
4278 2 2 4 64 2240 2241 2239
4279 2 2 4 64 2389 2500 2490
4280 2 2 4 64 2366 2634 2487
4281 2 2 4 64 2592 2605 2591
4282 2 2 4 64 2215 2216 2182
4283 2 2 4 64 2488 2608 2345
4284 2 2 4 64 2329 2331 2330
4285 2 2 4 64 2190 2652 2606
4286 2 2 4 64 2217 2218 2216
4287 2 2 4 64 2066 2067 2065
4288 2 2 4 64 2493 2495 2362
4289 2 2 4 64 2362 2600 2302
4290 2 2 4 64 2642 2663 2349
4291 2 2 4 64 2377 2397 2333
4292 2 2 4 64 2373 2448 2447
4293 2 2 4 64 2313 2613 2437
4294 2 2 4 64 2405 2631 2630
4295 2 2 4 64 2064 2065 2063
4296 2 2 4 64 2434 2499 2450
4297 2 2 4 64 2131 2137 2127
4298 2 2 4 64 2180 2620 2158
4299 2 2 4 64 2249 2641 2280
4300 2 2 4 64 2163 2610 2161
4301 2 2 4 64 564 2033 565
4302 2 2 4 64 565 2034 564
4303 2 2 4 64 568 2032 569
4304 2 2 4 64 569 2035 568
4305 2 2 4 64 2250 2434 2433
4306 2 2 4 64 2188 2213 2212
4307 2 2 4 64 2250 2395 2212
4308 2 2 4 64 2327 2328 2243
4309 2 2 4 64 2219 2650 2611
4310 2 2 4 64 2332 2345 2331
4311 2 2 4 64 2361 2588 2389
4312 2 2 4 64 2217 2670 2255
4313 2 2 4 64 2227 2485 2339
4314 2 2 4 64 2167 2182 2163
4315 2 2 4 64 2201 2624 2623
4316 2 2 4 64 2166 2594 2262
4317 2 2 4 64 2218 2229 2219
4318 2 2 4 64 2069 2598 2067
4319 2 2 4 64 2197 2606 2227
4320 2 2 4 64 2068 2069 2067
4321 2 2 4 64 2240 2326 2243
4322 2 2 4 64 2461 2661 2602
4323 2 2 4 64 2302 2352 2254
4324 2 2 4 64 2364 2646 2502
4325 2 2 4 64 2341 2484 2204
4326 2 2 4 64 2329 2330 2328
4327 2 2 4 64 2366 2487 2345
4328 2 2 4 64 2182 2610 2163
4329 2 2 4 64 2469 2721 2468
4330 2 2 4 64 2331 2393 2330
4331 2 2 4 64 2060 2062 2061
4332 2 2 4 64 2319 2494 2360
4333 2 2 4 64 2437 2505 2452
4334 2 2 4 64 2520 2522 2521
4335 2 2 4 64 2326 2461 2327
4336 2 2 4 64 574 2563 575
4337 2 2 4 64 2369 2712 2535
4338 2 2 4 64 2450 2740 2433
4339 2 2 4 64 2056 2058 2057
4340 2 2 4 64 2066 2068 2067
4341 2 2 4 64 2071 2092 2069
4342 2 2 4 64 2540 2624 2256
4343 2 2 4 64 2206 2624 2201
4344 2 2 4 64 2223 2589 2207
4345 2 2 4 64 2178 2201 2156
4346 2 2 4 64 2636 2709 2638
4347 2 2 4 64 2070 2071 2069
4348 2 2 4 64 2202 2206 2201
4349 2 2 4 64 2495 2600 2362
4350 2 2 4 64 567 2004 566
4351 2 2 4 64 566 2005 567
4352 2 2 4 64 2209 2258 2256
4353 2 2 4 64 2651 2661 2461
4354 2 2 4 64 2204 2607 2185
4355 2 2 4 64 2527 2634 2366
4356 2 2 4 64 2064 2066 2065
4357 2 2 4 64 2062 2064 2063
4358 2 2 4 64 2209 2256 2206
4359 2 2 4 64 2345 2608 2331
4360 2 2 4 64 2341 2489 2484
4361 2 2 4 64 2326 2559 2461
4362 2 2 4 64 2058 2060 2059
4363 2 2 4 64 2452 2612 2315
4364 2 2 4 64 2258 2401 2256
4365 2 2 4 64 2134 2567 2131
4366 2 2 4 64 2313 2437 2315
4367 2 2 4 64 2218 2219 2216
4368 2 2 4 64 2207 2209 2206
4369 2 2 4 64 2435 2506 2436
4370 2 2 4 64 2456 2815 2355
4371 2 2 4 64 2487 2488 2345
4372 2 2 4 64 2217 2254 2218
4373 2 2 4 64 2229 2278 2230
4374 2 2 4 64 2428 2584 2431
4375 2 2 4 64 2068 2070 2069
4376 2 2 4 64 2448 2729 2497
4377 2 2 4 64 2329 2332 2331
4378 2 2 4 64 2247 2642 2349
4379 2 2 4 64 2215 2217 2216
4380 2 2 4 64 2437 2452 2315
4381 2 2 4 64 2332 2366 2345
4382 2 2 4 64 2435 2436 2278
4383 2 2 4 64 2623 2625 2146
4384 2 2 4 64 2123 2618 2110
4385 2 2 4 64 2506 2507 2436
4386 2 2 4 64 2494 2498 2360
4387 2 2 4 64 2200 2249 2211
4388 2 2 4 64 2317 2682 2674
4389 2 2 4 64 2376 2566 2560
4390 2 2 4 64 2260 2296 2249
4391 2 2 4 64 2355 2457 2299
4392 2 2 4 64 2070 2072 2071
4393 2 2 4 64 2584 2643 2585
4394 2 2 4 64 2405 2630 2276
4395 2 2 4 64 2616 2617 2581
4396 2 2 4 64 573 2615 572
4397 2 2 4 64 2167 2215 2182
4398 2 2 4 64 2258 2630 2401
4399 2 2 4 64 2335 2380 2223
4400 2 2 4 64 2104 2644 2106
4401 2 2 4 64 2260 2627 2297
4402 2 2 4 64 569 2577 570
4403 2 2 4 64 570 2579 569
4404 2 2 4 64 564 2570 563
4405 2 2 4 64 2307 2474 2321
4406 2 2 4 64 2290 2291 2289
4407 2 2 4 64 2280 2385 2383
4408 2 2 4 64 2150 2153 2148
4409 2 2 4 64 2307 2621 2474
4410 2 2 4 64 563 2574 564
4411 2 2 4 64 2135 2200 2140
4412 2 2 4 64 2259 2276 2258
4413 2 2 4 64 2072 2073 2071
4414 2 2 4 64 2229 2230 2219
4415 2 2 4 64 2369 2462 2153
4416 2 2 4 64 2350 2413 2412
4417 2 2 4 64 2135 2626 2200
4418 2 2 4 64 2321 2613 2308
4419 2 2 4 64 2229 2435 2278
4420 2 2 4 64 2291 2294 2292
4421 2 2 4 64 2474 2479 2321
4422 2 2 4 64 2158 2620 2178
4423 2 2 4 64 2535 2712 2610
4424 2 2 4 64 2364 2501 2359
4425 2 2 4 64 2116 2123 2110
4426 2 2 4 64 2287 2293 2123
4427 2 2 4 64 2178 2202 2201
4428 2 2 4 64 2241 2244 2242
4429 2 2 4 64 2364 2502 2501
4430 2 2 4 64 2095 2660 2097
4431 2 2 4 64 2401 2541 2540
4432 2 2 4 64 2350 2662 2413
4433 2 2 4 64 2288 2289 2287
4434 2 2 4 64 2351 2647 2406
4435 2 2 4 64 2156 2623 2152
4436 2 2 4 64 2294 2359 2295
4437 2 2 4 64 2357 2455 2296
4438 2 2 4 64 2427 2556 2424
4439 2 2 4 64 2286 2287 2123
4440 2 2 4 64 2244 2333 2245
4441 2 2 4 64 2254 2632 2218
4442 2 2 4 64 2360 2588 2361
4443 2 2 4 64 2202 2207 2206
4444 2 2 4 64 2131 2567 2137
4445 2 2 4 64 2200 2260 2249
4446 2 2 4 64 2459 2661 2530
4447 2 2 4 64 2249 2280 2211
4448 2 2 4 64 2351 2406 2405
4449 2 2 4 64 2108 2644 2104
4450 2 2 4 64 565 2573 2034
4451 2 2 4 64 2498 2588 2360
4452 2 2 4 64 2307 2321 2308
4453 2 2 4 64 2484 2607 2204
4454 2 2 4 64 2227 2606 2485
4455 2 2 4 64 2638 2709 2132
4456 2 2 4 64 2072 2074 2073
4457 2 2 4 64 2237 2239 2238
4458 2 2 4 64 2351 2405 2276
4459 2 2 4 64 2297 2357 2296
4460 2 2 4 64 2200 2211 2140
4461 2 2 4 64 2291 2292 2289
4462 2 2 4 64 2077 2090 2075
4463 2 2 4 64 2358 2453 2357
4464 2 2 4 64 2375 2635 2604
4465 2 2 4 64 2333 2642 2245
4466 2 2 4 64 2471 2713 2700
4467 2 2 4 64 2074 2075 2073
4468 2 2 4 64 2325 2351 2276
4469 2 2 4 64 2279 2307 2306
4470 2 2 4 64 2294 2364 2359
4471 2 2 4 64 2290 2299 2291
4472 2 2 4 64 2423 2425 2424
4473 2 2 4 64 2229 2632 2435
4474 2 2 4 64 2150 2369 2153
4475 2 2 4 64 2074 2076 2075
4476 2 2 4 64 2359 2657 2656
4477 2 2 4 64 2147 2148 2088
4478 2 2 4 64 2114 2132 2124
4479 2 2 4 64 2316 2612 2319
4480 2 2 4 64 2259 2325 2276
4481 2 2 4 64 2832 2842 2515
4482 2 2 4 64 2247 2349 2348
4483 2 2 4 64 2504 2520 2519
4484 2 2 4 64 2315 2612 2316
4485 2 2 4 64 2182 2611 2610
4486 2 2 4 64 2391 2647 2351
4487 2 2 4 64 2243 2562 2241
4488 2 2 4 64 2294 2295 2292
4489 2 2 4 64 2209 2259 2258
4490 2 2 4 64 2475 2486 2453
4491 2 2 4 64 2440 2442 2441
4492 2 2 4 64 2104 2106 2103
4493 2 2 4 64 2528 2640 2460
4494 2 2 4 64 2645 2646 2364
4495 2 2 4 64 2446 2468 2460
4496 2 2 4 64 2235 2237 2236
4497 2 2 4 64 2288 2290 2289
4498 2 2 4 64 2076 2078 2077
4499 2 2 4 64 2102 2103 2100
4500 2 2 4 64 2278 2279 2230
4501 2 2 4 64 2386 2720 2444
4502 2 2 4 64 2076 2077 2075
4503 2 2 4 64 2313 2315 2314
4504 2 2 4 64 2490 2503 2491
4505 2 2 4 64 2259 2590 2325
4506 2 2 4 64 2099 2100 2098
4507 2 2 4 64 2501 2657 2359
4508 2 2 4 64 2098 2665 2101
4509 2 2 4 64 2398 2663 2642
4510 2 2 4 64 2451 2496 2470
4511 2 2 4 64 2359 2656 2295
4512 2 2 4 64 2363 2493 2362
4513 2 2 4 64 2260 2297 2296
4514 2 2 4 64 2389 2490 2390
4515 2 2 4 64 2205 2341 2204
4516 2 2 4 64 2618 2644 2108
4517 2 2 4 64 2558 2559 2326
4518 2 2 4 64 2078 2080 2079
4519 2 2 4 64 2401 2540 2256
4520 2 2 4 64 2310 2613 2313
4521 2 2 4 64 2097 2098 2096
4522 2 2 4 64 2459 2527 2366
4523 2 2 4 64 2668 2669 2273
4524 2 2 4 64 2325 2391 2351
4525 2 2 4 64 2097 2099 2098
4526 2 2 4 64 2099 2102 2100
4527 2 2 4 64 2507 2622 2436
4528 2 2 4 64 2080 2082 2081
4529 2 2 4 64 2102 2104 2103
4530 2 2 4 64 2215 2670 2217
4531 2 2 4 64 2286 2288 2287
4532 2 2 4 64 2078 2079 2077
4533 2 2 4 64 2167 2649 2215
4534 2 2 4 64 2307 2308 2306
4535 2 2 4 64 2262 2264 2263
4536 2 2 4 64 2088 2285 2086
4537 2 2 4 64 2472 2473 2335
4538 2 2 4 64 2275 2668 2273
4539 2 2 4 64 2078 2083 2080
4540 2 2 4 64 2308 2613 2310
4541 2 2 4 64 2299 2645 2291
4542 2 2 4 64 2289 2604 2287
4543 2 2 4 64 2303 2362 2302
4544 2 2 4 64 561 2812 562
4545 2 2 4 64 2114 2638 2132
4546 2 2 4 64 2276 2630 2258
4547 2 2 4 64 2674 2682 2404
4548 2 2 4 64 2095 2097 2096
4549 2 2 4 64 2334 2335 2223
4550 2 2 4 64 2433 2741 2395
4551 2 2 4 64 2237 2558 2240
4552 2 2 4 64 2173 2653 2208
4553 2 2 4 64 2294 2645 2364
4554 2 2 4 64 2166 2262 2261
4555 2 2 4 64 2194 2204 2185
4556 2 2 4 64 2448 2730 2729
4557 2 2 4 64 2310 2313 2312
4558 2 2 4 64 2297 2358 2357
4559 2 2 4 64 2220 2223 2207
4560 2 2 4 64 2233 2235 2234
4561 2 2 4 64 2391 2648 2647
4562 2 2 4 64 2295 2656 2476
4563 2 2 4 64 2080 2081 2079
4564 2 2 4 64 2110 2618 2108
4565 2 2 4 64 2227 2339 2228
4566 2 2 4 64 2255 2302 2254
4567 2 2 4 64 2278 2621 2279
4568 2 2 4 64 2383 2451 2384
4569 2 2 4 64 2116 2286 2123
4570 2 2 4 64 2356 2456 2355
4571 2 2 4 64 2271 2298 2272
4572 2 2 4 64 2245 2642 2247
4573 2 2 4 64 2353 2482 2481
4574 2 2 4 64 2358 2475 2453
4575 2 2 4 64 2201 2623 2156
4576 2 2 4 64 2589 2590 2259
4577 2 2 4 64 2100 2665 2098
4578 2 2 4 64 2177 2181 2176
4579 2 2 4 64 2083 2795 2792
4580 2 2 4 64 2151 2597 2166
4581 2 2 4 64 2319 2360 2320
4582 2 2 4 64 2416 2440 2439
4583 2 2 4 64 2106 2112 2107
4584 2 2 4 64 2332 2602 2459
4585 2 2 4 64 2296 2641 2249
4586 2 2 4 64 2410 2658 2518
4587 2 2 4 64 2477 2635 2375
4588 2 2 4 64 2430 2619 2427
4589 2 2 4 64 2295 2476 2375
4590 2 2 4 64 2410 2518 2517
4591 2 2 4 64 2300 2355 2299
4592 2 2 4 64 2207 2589 2209
4593 2 2 4 64 2135 2140 2136
4594 2 2 4 64 2129 2135 2130
4595 2 2 4 64 2280 2383 2382
4596 2 2 4 64 2484 2727 2726
4597 2 2 4 64 2106 2400 2112
4598 2 2 4 64 2298 2353 2336
4599 2 2 4 64 2407 2668 2275
4600 2 2 4 64 2183 2186 2181
4601 2 2 4 64 2189 2192 2186
4602 2 2 4 64 2173 2208 2175
4603 2 2 4 64 2393 2394 2330
4604 2 2 4 64 2158 2178 2156
4605 2 2 4 64 2787 2790 2487
4606 2 2 4 64 2264 2267 2266
4607 2 2 4 64 2340 2415 2343
4608 2 2 4 64 2610 2611 2535
4609 2 2 4 64 2427 2619 2556
4610 2 2 4 64 2214 2251 2213
4611 2 2 4 64 2133 2134 2131
4612 2 2 4 64 2273 2669 2266
4613 2 2 4 64 2297 2627 2370
4614 2 2 4 64 2106 2107 2103
4615 2 2 4 64 2149 2150 2148
4616 2 2 4 64 2361 2389 2388
4617 2 2 4 64 2397 2398 2333
4618 2 2 4 64 2241 2242 2239
4619 2 2 4 64 2349 2662 2350
4620 2 2 4 64 2124 2129 2125
4621 2 2 4 64 2267 2269 2268
4622 2 2 4 64 2159 2222 2165
4623 2 2 4 64 595 2025 594
4624 2 2 4 64 538 2008 539
4625 2 2 4 64 592 2006 591
4626 2 2 4 64 598 2007 597
4627 2 2 4 64 2323 2354 2301
4628 2 2 4 64 2197 2227 2226
4629 2 2 4 64 2112 2114 2113
4630 2 2 4 64 2328 2562 2243
4631 2 2 4 64 2316 2319 2318
4632 2 2 4 64 2455 2641 2296
4633 2 2 4 64 2010 2616 2581
4634 2 2 4 64 2095 2096 2085
4635 2 2 4 64 2279 2306 2305
4636 2 2 4 64 2279 2621 2307
4637 2 2 4 64 2162 2163 2161
4638 2 2 4 64 2252 2301 2251
4639 2 2 4 64 2114 2124 2115
4640 2 2 4 64 2164 2167 2163
4641 2 2 4 64 2295 2375 2292
4642 2 2 4 64 2476 2477 2375
4643 2 2 4 64 2315 2316 2314
4644 2 2 4 64 2199 2233 2232
4645 2 2 4 64 2408 2467 2407
4646 2 2 4 64 2097 2203 2099
4647 2 2 4 64 2313 2314 2312
4648 2 2 4 64 2341 2492 2489
4649 2 2 4 64 2106 2644 2400
4650 2 2 4 64 597 2751 596
4651 2 2 4 64 2007 2751 597
4652 2 2 4 64 2332 2459 2366
4653 2 2 4 64 2138 2188 2134
4654 2 2 4 64 2244 2245 2242
4655 2 2 4 64 2432 2639 2430
4656 2 2 4 64 2159 2654 2222
4657 2 2 4 64 2087 2147 2088
4658 2 2 4 64 2174 2176 2172
4659 2 2 4 64 2155 2156 2152
4660 2 2 4 64 2322 2674 2404
4661 2 2 4 64 2160 2161 2157
4662 2 2 4 64 2129 2629 2626
4663 2 2 4 64 2202 2220 2207
4664 2 2 4 64 2129 2626 2135
4665 2 2 4 64 2400 2638 2112
4666 2 2 4 64 539 2753 540
4667 2 2 4 64 2008 2753 539
4668 2 2 4 64 538 2754 2008
4669 2 2 4 64 537 2754 538
4670 2 2 4 64 2120 2683 2117
4671 2 2 4 64 2328 2667 2562
4672 2 2 4 64 2218 2632 2229
4673 2 2 4 64 2429 2643 2584
4674 2 2 4 64 2413 2414 2412
4675 2 2 4 64 2334 2472 2335
4676 2 2 4 64 2710 2711 2499
4677 2 2 4 64 2083 2659 2080
4678 2 2 4 64 2170 2171 2168
4679 2 2 4 64 2209 2589 2259
4680 2 2 4 64 2606 2728 2485
4681 2 2 4 64 2349 2350 2348
4682 2 2 4 64 595 2748 2025
4683 2 2 4 64 596 2748 595
4684 2 2 4 64 2128 2131 2127
4685 2 2 4 64 2121 2127 2120
4686 2 2 4 64 2442 2443 2441
4687 2 2 4 64 2220 2334 2223
4688 2 2 4 64 2416 2675 2440
4689 2 2 4 64 2459 2530 2527
4690 2 2 4 64 2151 2166 2154
4691 2 2 4 64 2297 2370 2358
4692 2 2 4 64 2446 2460 2432
4693 2 2 4 64 2529 2677 2367
4694 2 2 4 64 2373 2449 2448
4695 2 2 4 64 2194 2205 2204
4696 2 2 4 64 2240 2558 2326
4697 2 2 4 64 2141 2187 2143
4698 2 2 4 64 2145 2597 2151
4699 2 2 4 64 2279 2305 2230
4700 2 2 4 64 2105 2108 2104
4701 2 2 4 64 2367 2677 2320
4702 2 2 4 64 2087 2088 2086
4703 2 2 4 64 2740 2741 2433
4704 2 2 4 64 599 2749 598
4705 2 2 4 64 598 2749 2007
4706 2 2 4 64 591 2752 590
4707 2 2 4 64 2006 2752 591
4708 2 2 4 64 2451 2470 2384
4709 2 2 4 64 2112 2638 2114
4710 2 2 4 64 2222 2392 2165
4711 2 2 4 64 2149 2159 2157
4712 2 2 4 64 2280 2382 2211
4713 2 2 4 64 2147 2149 2148
4714 2 2 4 64 2522 2524 2521
4715 2 2 4 64 2140 2672 2141
4716 2 2 4 64 2404 2537 2536
4717 2 2 4 64 596 2751 2748
4718 2 2 4 64 2217 2255 2254
4719 2 2 4 64 2283 2407 2275
4720 2 2 4 64 2098 2101 2096
4721 2 2 4 64 2659 2660 2095
4722 2 2 4 64 2144 2368 2142
4723 2 2 4 64 2230 2650 2219
4724 2 2 4 64 2721 2723 2468
4725 2 2 4 64 540 2036 541
4726 2 2 4 64 536 2037 537
4727 2 2 4 64 2087 2438 2147
4728 2 2 4 64 2308 2310 2309
4729 2 2 4 64 2635 2637 2293
4730 2 2 4 64 2477 2636 2635
4731 2 2 4 64 2112 2113 2107
4732 2 2 4 64 2149 2157 2150
4733 2 2 4 64 2072 2089 2074
4734 2 2 4 64 2292 2604 2289
4735 2 2 4 64 2308 2309 2306
4736 2 2 4 64 2290 2300 2299
4737 2 2 4 64 2082 2659 2095
4738 2 2 4 64 2358 2671 2475
4739 2 2 4 64 2636 2637 2635
4740 2 2 4 64 2303 2363 2362
4741 2 2 4 64 2135 2136 2130
4742 2 2 4 64 2034 2573 2572
4743 2 2 4 64 2503 2504 2491
4744 2 2 4 64 2111 2116 2110
4745 2 2 4 64 2626 2629 2627
4746 2 2 4 64 2458 2529 2367
4747 2 2 4 64 2237 2238 2236
4748 2 2 4 64 2383 2384 2382
4749 2 2 4 64 2129 2130 2125
4750 2 2 4 64 535 2756 536
4751 2 2 4 64 2322 2404 2403
4752 2 2 4 64 2440 2441 2439
4753 2 2 4 64 2291 2645 2294
4754 2 2 4 64 2109 2110 2108
4755 2 2 4 64 2208 2248 2175
4756 2 2 4 64 2375 2604 2292
4757 2 2 4 64 2300 2356 2355
4758 2 2 4 64 601 2767 600
4759 2 2 4 64 2170 2653 2173
4760 2 2 4 64 2468 2528 2460
4761 2 2 4 64 2102 2105 2104
4762 2 2 4 64 2277 2658 2410
4763 2 2 4 64 2099 2678 2102
4764 2 2 4 64 2396 2682 2317
4765 2 2 4 64 2124 2125 2115
4766 2 2 4 64 2119 2120 2117
4767 2 2 4 64 2404 2536 2403
4768 2 2 4 64 2322 2402 2311
4769 2 2 4 64 2028 2533 2054
4770 2 2 4 64 2082 2095 2085
4771 2 2 4 64 2468 2723 2528
4772 2 2 4 64 2066 2091 2068
4773 2 2 4 64 2449 2730 2448
4774 2 2 4 64 2114 2115 2113
4775 2 2 4 64 2306 2532 2305
4776 2 2 4 64 2370 2671 2358
4777 2 2 4 64 2430 2639 2619
4778 2 2 4 64 2700 2713 2187
4779 2 2 4 64 2360 2361 2320
4780 2 2 4 64 2627 2628 2370
4781 2 2 4 64 2140 2141 2136
4782 2 2 4 64 540 2753 2036
4783 2 2 4 64 2037 2754 537
4784 2 2 4 64 2159 2160 2157
4785 2 2 4 64 2203 2678 2099
4786 2 2 4 64 2339 2340 2228
4787 2 2 4 64 2389 2390 2388
4788 2 2 4 64 2103 2664 2100
4789 2 2 4 64 2084 2716 2087
4790 2 2 4 64 2316 2317 2314
4791 2 2 4 64 2255 2303 2302
4792 2 2 4 64 2096 2666 2085
4793 2 2 4 64 2319 2320 2318
4794 2 2 4 64 2403 2531 2402
4795 2 2 4 64 2627 2629 2628
4796 2 2 4 64 2754 2755 2008
4797 2 2 4 64 2224 2225 2196
4798 2 2 4 64 2274 2386 2281
4799 2 2 4 64 2305 2650 2230
4800 2 2 4 64 2286 2480 2288
4801 2 2 4 64 2159 2165 2160
4802 2 2 4 64 2183 2652 2190
4803 2 2 4 64 532 2763 533
4804 2 2 4 64 2171 2649 2168
4805 2 2 4 64 2490 2491 2390
4806 2 2 4 64 2310 2312 2311
4807 2 2 4 64 2415 2416 2343
4808 2 2 4 64 2322 2403 2402
4809 2 2 4 64 590 2039 589
4810 2 2 4 64 600 2041 599
4811 2 2 4 64 2227 2228 2226
4812 2 2 4 64 2312 2322 2311
4813 2 2 4 64 2311 2681 2309
4814 2 2 4 64 2235 2236 2234
4815 2 2 4 64 2392 2399 2165
4816 2 2 4 64 2309 2532 2306
4817 2 2 4 64 2169 2653 2170
4818 2 2 4 64 2460 2639 2432
4819 2 2 4 64 534 2758 535
4820 2 2 4 64 2316 2318 2317
4821 2 2 4 64 2166 2261 2154
4822 2 2 4 64 2341 2655 2492
4823 2 2 4 64 589 2761 588
4824 2 2 4 64 2062 2094 2064
4825 2 2 4 64 2142 2685 2136
4826 2 2 4 64 2368 2685 2142
4827 2 2 4 64 2330 2667 2328
4828 2 2 4 64 2145 2692 2597
4829 2 2 4 64 2160 2162 2161
4830 2 2 4 64 2288 2673 2290
4831 2 2 4 64 2310 2311 2309
4832 2 2 4 64 2520 2521 2519
4833 2 2 4 64 2415 2675 2416
4834 2 2 4 64 530 2772 531
4835 2 2 4 64 2532 2534 2305
4836 2 2 4 64 2136 2685 2130
4837 2 2 4 64 2155 2158 2156
4838 2 2 4 64 2174 2177 2176
4839 2 2 4 64 2058 2221 2060
4840 2 2 4 64 2080 2659 2082
4841 2 2 4 64 2398 2642 2333
4842 2 2 4 64 2664 2665 2100
4843 2 2 4 64 2320 2677 2318
4844 2 2 4 64 2170 2172 2171
4845 2 2 4 64 2149 2654 2159
4846 2 2 4 64 536 2756 2037
4847 2 2 4 64 2233 2234 2232
4848 2 2 4 64 2277 2284 2225
4849 2 2 4 64 546 2762 547
4850 2 2 4 64 2113 2257 2107
4851 2 2 4 64 2262 2263 2261
4852 2 2 4 64 2144 2625 2368
4853 2 2 4 64 2537 2732 2539
4854 2 2 4 64 2274 2695 2386
4855 2 2 4 64 2125 2126 2115
4856 2 2 4 64 2162 2164 2163
4857 2 2 4 64 2270 2557 2371
4858 2 2 4 64 2231 2465 2198
4859 2 2 4 64 2246 2698 2242
4860 2 2 4 64 2402 2681 2311
4861 2 2 4 64 2164 2168 2167
4862 2 2 4 64 2386 2444 2387
4863 2 2 4 64 2318 2396 2317
4864 2 2 4 64 543 2014 544
4865 2 2 4 64 533 2013 534
4866 2 2 4 64 2102 2678 2105
4867 2 2 4 64 2041 2749 599
4868 2 2 4 64 590 2752 2039
4869 2 2 4 64 2271 2272 2269
4870 2 2 4 64 2438 2654 2147
4871 2 2 4 64 2187 2692 2143
4872 2 2 4 64 2756 2757 2037
4873 2 2 4 64 2220 2344 2334
4874 2 2 4 64 2672 2700 2187
4875 2 2 4 64 587 2766 586
4876 2 2 4 64 2290 2673 2300
4877 2 2 4 64 2188 2214 2213
4878 2 2 4 64 2409 2423 2284
4879 2 2 4 64 2283 2408 2407
4880 2 2 4 64 2309 2681 2532
4881 2 2 4 64 2649 2670 2215
4882 2 2 4 64 2170 2173 2172
4883 2 2 4 64 2160 2693 2162
4884 2 2 4 64 2193 2194 2185
4885 2 2 4 64 2178 2688 2202
4886 2 2 4 64 2465 2696 2198
4887 2 2 4 64 2361 2367 2320
4888 2 2 4 64 544 2764 545
4889 2 2 4 64 2470 2471 2384
4890 2 2 4 64 2173 2175 2174
4891 2 2 4 64 2394 2667 2330
4892 2 2 4 64 2371 2542 2373
4893 2 2 4 64 2164 2169 2168
4894 2 2 4 64 2184 2195 2193
4895 2 2 4 64 2174 2699 2177
4896 2 2 4 64 2255 2670 2379
4897 2 2 4 64 2179 2180 2158
4898 2 2 4 64 2105 2109 2108
4899 2 2 4 64 2105 2378 2109
4900 2 2 4 64 2184 2185 2180
4901 2 2 4 64 2039 2761 589
4902 2 2 4 64 2390 2793 2587
4903 2 2 4 64 2693 2694 2162
4904 2 2 4 64 2119 2121 2120
4905 2 2 4 64 2361 2388 2367
4906 2 2 4 64 2119 2122 2121
4907 2 2 4 64 2177 2183 2181
4908 2 2 4 64 535 2758 2756
4909 2 2 4 64 2150 2712 2369
4910 2 2 4 64 2480 2673 2288
4911 2 2 4 64 545 2042 546
4912 2 2 4 64 531 2043 532
4913 2 2 4 64 2111 2118 2117
4914 2 2 4 64 2248 2346 2175
4915 2 2 4 64 2300 2463 2356
4916 2 2 4 64 2552 2553 2031
4917 2 2 4 64 2242 2698 2239
4918 2 2 4 64 2211 2672 2140
4919 2 2 4 64 2169 2170 2168
4920 2 2 4 64 2173 2174 2172
4921 2 2 4 64 2041 2750 2749
4922 2 2 4 64 2605 2734 2379
4923 2 2 4 64 585 2775 584
4924 2 2 4 64 2224 2658 2277
4925 2 2 4 64 2121 2128 2127
4926 2 2 4 64 2264 2266 2263
4927 2 2 4 64 2154 2155 2152
4928 2 2 4 64 2109 2111 2110
4929 2 2 4 64 2416 2439 2417
4930 2 2 4 64 2168 2649 2167
4931 2 2 4 64 2128 2133 2131
4932 2 2 4 64 528 2768 529
4933 2 2 4 64 2183 2189 2186
4934 2 2 4 64 2151 2152 2146
4935 2 2 4 64 2016 2767 601
4936 2 2 4 64 602 2016 601
4937 2 2 4 64 588 2015 587
4938 2 2 4 64 2147 2654 2149
4939 2 2 4 64 2205 2655 2341
4940 2 2 4 64 2141 2142 2136
4941 2 2 4 64 2111 2117 2116
4942 2 2 4 64 2312 2674 2322
4943 2 2 4 64 2340 2343 2342
4944 2 2 4 64 2350 2412 2411
4945 2 2 4 64 2238 2381 2338
4946 2 2 4 64 2245 2247 2246
4947 2 2 4 64 2107 2664 2103
4948 2 2 4 64 2534 2650 2305
4949 2 2 4 64 2145 2146 2144
4950 2 2 4 64 2043 2763 532
4951 2 2 4 64 2202 2688 2220
4952 2 2 4 64 2155 2179 2158
4953 2 2 4 64 2116 2683 2286
4954 2 2 4 64 2443 2514 2441
4955 2 2 4 64 2079 2735 2538
4956 2 2 4 64 2146 2625 2144
4957 2 2 4 64 2317 2674 2314
4958 2 2 4 64 2388 2458 2367
4959 2 2 4 64 2084 2087 2086
4960 2 2 4 64 529 2017 530
4961 2 2 4 64 547 2018 548
4962 2 2 4 64 2177 2652 2183
4963 2 2 4 64 2255 2379 2303
4964 2 2 4 64 2266 2669 2263
4965 2 2 4 64 2179 2184 2180
4966 2 2 4 64 2118 2119 2117
4967 2 2 4 64 2544 2747 2547
4968 2 2 4 64 2105 2678 2378
4969 2 2 4 64 2373 2542 2449
4970 2 2 4 64 2197 2226 2224
4971 2 2 4 64 2224 2277 2225
4972 2 2 4 64 2414 2513 2512
4973 2 2 4 64 2133 2138 2134
4974 2 2 4 64 2193 2210 2194
4975 2 2 4 64 2247 2348 2347
4976 2 2 4 64 2620 2688 2178
4977 2 2 4 64 2085 2716 2084
4978 2 2 4 64 525 2779 526
4979 2 2 4 64 603 2765 602
4980 2 2 4 64 2101 2666 2096
4981 2 2 4 64 2340 2342 2228
4982 2 2 4 64 2381 2419 2418
4983 2 2 4 64 2416 2417 2343
4984 2 2 4 64 2184 2193 2185
4985 2 2 4 64 2418 2420 2338
4986 2 2 4 64 2155 2690 2179
4987 2 2 4 64 2410 2517 2478
4988 2 2 4 64 2151 2154 2152
4989 2 2 4 64 2145 2151 2146
4990 2 2 4 64 2143 2144 2142
4991 2 2 4 64 2042 2762 546
4992 2 2 4 64 2267 2268 2266
4993 2 2 4 64 2423 2523 2425
4994 2 2 4 64 2143 2145 2144
4995 2 2 4 64 2141 2143 2142
4996 2 2 4 64 2286 2683 2480
4997 2 2 4 64 2164 2694 2169
4998 2 2 4 64 2464 2714 2690
4999 2 2 4 64 2257 2664 2107
5000 2 2 4 64 2245 2246 2242
5001 2 2 4 64 2162 2694 2164
5002 2 2 4 64 2190 2197 2196
5003 2 2 4 64 2281 2283 2275
5004 2 2 4 64 2017 2772 530
5005 2 2 4 64 2263 2464 2261
5006 2 2 4 64 2283 2483 2408
5007 2 2 4 64 2117 2683 2116
5008 2 2 4 64 2013 2758 534
5009 2 2 4 64 2277 2410 2409
5010 2 2 4 64 2214 2252 2251
5011 2 2 4 64 604 2038 603
5012 2 2 4 64 586 2040 585
5013 2 2 4 64 2439 2515 2417
5014 2 2 4 64 2314 2674 2312
5015 2 2 4 64 2231 2466 2465
5016 2 2 4 64 527 2770 528
5017 2 2 4 64 2803 2843 561
5018 2 2 4 64 2165 2693 2160
5019 2 2 4 64 2504 2519 2516
5020 2 2 4 64 2199 2232 2231
5021 2 2 4 64 2386 2387 2281
5022 2 2 4 64 2013 2759 2758
5023 2 2 4 64 2238 2338 2236
5024 2 2 4 64 2072 2679 2089
5025 2 2 4 64 2197 2224 2196
5026 2 2 4 64 2161 2712 2157
5027 2 2 4 64 2277 2409 2284
5028 2 2 4 64 2139 2199 2198
5029 2 2 4 64 2690 2714 2179
5030 2 2 4 64 2070 2679 2072
5031 2 2 4 64 2334 2687 2472
5032 2 2 4 64 2015 2766 587
5033 2 2 4 64 2220 2688 2344
5034 2 2 4 64 2234 2337 2232
5035 2 2 4 64 2300 2673 2463
5036 2 2 4 64 2404 2682 2537
5037 2 2 4 64 2350 2411 2348
5038 2 2 4 64 2068 2680 2070
5039 2 2 4 64 605 2777 604
5040 2 2 4 64 2190 2196 2189
5041 2 2 4 64 2504 2516 2491
5042 2 2 4 64 2414 2512 2412
5043 2 2 4 64 2175 2699 2174
5044 2 2 4 64 2183 2190 2189
5045 2 2 4 64 2797 2822 2523
5046 2 2 4 64 2091 2680 2068
5047 2 2 4 64 2371 2557 2542
5048 2 2 4 64 2382 2672 2211
5049 2 2 4 64 2274 2275 2273
5050 2 2 4 64 2418 2511 2420
5051 2 2 4 64 2509 2510 2387
5052 2 2 4 64 2014 2764 544
5053 2 2 4 64 2381 2418 2338
5054 2 2 4 64 2064 2676 2066
5055 2 2 4 64 2274 2281 2275
5056 2 2 4 64 2199 2231 2198
5057 2 2 4 64 2138 2696 2188
5058 2 2 4 64 2066 2676 2091
5059 2 2 4 64 2143 2692 2145
5060 2 2 4 64 606 2023 605
5061 2 2 4 64 584 2024 583
5062 2 2 4 64 2225 2706 2196
5063 2 2 4 64 2247 2347 2246
5064 2 2 4 64 2139 2198 2138
5065 2 2 4 64 2269 2695 2268
5066 2 2 4 64 2189 2706 2192
5067 2 2 4 64 2125 2686 2126
5068 2 2 4 64 2410 2478 2409
5069 2 2 4 64 2133 2139 2138
5070 2 2 4 64 2628 2708 2370
5071 2 2 4 64 600 2767 2041
5072 2 2 4 64 550 2027 551
5073 2 2 4 64 526 2026 527
5074 2 2 4 64 2298 2336 2272
5075 2 2 4 64 2370 2708 2671
5076 2 2 4 64 2111 2705 2118
5077 2 2 4 64 2268 2274 2273
5078 2 2 4 64 2531 2739 2285
5079 2 2 4 64 2126 2689 2115
5080 2 2 4 64 545 2764 2042
5081 2 2 4 64 2444 2509 2387
5082 2 2 4 64 2094 2676 2064
5083 2 2 4 64 2113 2689 2257
5084 2 2 4 64 2268 2273 2266
5085 2 2 4 64 2171 2697 2649
5086 2 2 4 64 2040 2775 585
5087 2 2 4 64 2252 2323 2301
5088 2 2 4 64 2283 2704 2483
5089 2 2 4 64 2353 2481 2336
5090 2 2 4 64 2434 2710 2499
5091 2 2 4 64 2378 2705 2109
5092 2 2 4 64 2221 2684 2060
5093 2 2 4 64 2318 2677 2396
5094 2 2 4 64 2607 2726 2620
5095 2 2 4 64 2060 2684 2062
5096 2 2 4 64 2130 2686 2125
5097 2 2 4 64 533 2763 2013
5098 2 2 4 64 2122 2703 2121
5099 2 2 4 64 2062 2684 2094
5100 2 2 4 64 2198 2696 2138
5101 2 2 4 64 588 2761 2015
5102 2 2 4 64 2070 2680 2679
5103 2 2 4 64 2239 2698 2238
5104 2 2 4 64 2399 2693 2165
5105 2 2 4 64 2238 2698 2381
5106 2 2 4 64 2285 2744 2531
5107 2 2 4 64 2236 2702 2234
5108 2 2 4 64 2040 2776 2775
5109 2 2 4 64 2139 2707 2566
5110 2 2 4 64 2154 2690 2155
5111 2 2 4 64 2420 2702 2338
5112 2 2 4 64 2471 2700 2384
5113 2 2 4 64 529 2768 2017
5114 2 2 4 64 2115 2689 2113
5115 2 2 4 64 551 2780 552
5116 2 2 4 64 2630 2725 2401
5117 2 2 4 64 2268 2695 2274
5118 2 2 4 64 2569 2710 2434
5119 2 2 4 64 602 2765 2016
5120 2 2 4 64 2344 2687 2334
5121 2 2 4 64 2381 2719 2419
5122 2 2 4 64 2109 2705 2111
5123 2 2 4 64 2768 2769 2017
5124 2 2 4 64 582 2045 581
5125 2 2 4 64 608 2044 607
5126 2 2 4 64 2272 2695 2269
5127 2 2 4 64 2464 2690 2261
5128 2 2 4 64 2188 2696 2214
5129 2 2 4 64 2346 2699 2175
5130 2 2 4 64 528 2770 2768
5131 2 2 4 64 531 2772 2043
5132 2 2 4 64 2177 2699 2652
5133 2 2 4 64 2058 2691 2221
5134 2 2 4 64 2121 2703 2128
5135 2 2 4 64 2546 2747 2544
5136 2 2 4 64 2384 2700 2382
5137 2 2 4 64 2324 2422 2421
5138 2 2 4 64 2685 2686 2130
5139 2 2 4 64 2128 2707 2133
5140 2 2 4 64 2133 2707 2139
5141 2 2 4 64 2184 2714 2195
5142 2 2 4 64 2338 2702 2236
5143 2 2 4 64 2234 2702 2337
5144 2 2 4 64 547 2762 2018
5145 2 2 4 64 2056 2691 2058
5146 2 2 4 64 2038 2765 603
5147 2 2 4 64 2261 2690 2154
5148 2 2 4 64 2658 2715 2518
5149 2 2 4 64 2228 2715 2226
5150 2 2 4 64 524 2047 525
5151 2 2 4 64 552 2046 553
5152 2 2 4 64 2324 2421 2323
5153 2 2 4 64 2252 2324 2323
5154 2 2 4 64 2382 2700 2672
5155 2 2 4 64 2533 2701 2054
5156 2 2 4 64 2226 2658 2224
5157 2 2 4 64 2082 2085 2084
5158 2 2 4 64 2281 2704 2283
5159 2 2 4 64 2084 2086 2081
5160 2 2 4 64 2649 2697 2670
5161 2 2 4 64 2344 2727 2687
5162 2 2 4 64 2467 2773 2407
5163 2 2 4 64 2047 2779 525
5164 2 2 4 64 2703 2707 2128
5165 2 2 4 64 2402 2760 2681
5166 2 2 4 64 604 2777 2038
5167 2 2 4 64 586 2766 2040
5168 2 2 4 64 2054 2701 2056
5169 2 2 4 64 2603 2724 2480
5170 2 2 4 64 2157 2712 2150
5171 2 2 4 64 2026 2770 527
5172 2 2 4 64 2449 2731 2730
5173 2 2 4 64 2023 2777 605
5174 2 2 4 64 2718 2736 2324
5175 2 2 4 64 2196 2706 2189
5176 2 2 4 64 2510 2704 2387
5177 2 2 4 64 2670 2697 2379
5178 2 2 4 64 2226 2715 2658
5179 2 2 4 64 2026 2771 2770
5180 2 2 4 64 2087 2716 2438
5181 2 2 4 64 2347 2719 2246
5182 2 2 4 64 2666 2716 2085
5183 2 2 4 64 2187 2713 2692
5184 2 2 4 64 2148 2744 2088
5185 2 2 4 64 2387 2704 2281
5186 2 2 4 64 584 2775 2024
5187 2 2 4 64 2082 2084 2081
5188 2 2 4 64 2664 2717 2665
5189 2 2 4 64 2179 2714 2184
5190 2 2 4 64 2086 2735 2081
5191 2 2 4 64 2056 2701 2691
5192 2 2 4 64 2668 2773 2733
5193 2 2 4 64 2480 2724 2673
5194 2 2 4 64 2027 2780 551
5195 2 2 4 64 2342 2715 2228
5196 2 2 4 64 2263 2669 2464
5197 2 2 4 64 2695 2720 2386
5198 2 2 4 64 2246 2719 2698
5199 2 2 4 64 2214 2718 2252
5200 2 2 4 64 2682 2732 2537
5201 2 2 4 64 2379 2734 2303
5202 2 2 4 64 2536 2739 2403
5203 2 2 4 64 2257 2717 2664
5204 2 2 4 64 2252 2718 2324
5205 2 2 4 64 2726 2727 2344
5206 2 2 4 64 2689 2781 2257
5207 2 2 4 64 2465 2718 2696
5208 2 2 4 64 2696 2718 2214
5209 2 2 4 64 2465 2736 2718
5210 2 2 4 64 552 2780 2046
5211 2 2 4 64 2688 2726 2344
5212 2 2 4 64 2631 2725 2630
5213 2 2 4 64 526 2779 2026
5214 2 2 4 64 2531 2760 2402
5215 2 2 4 64 2620 2726 2688
5216 2 2 4 64 2673 2724 2463
5217 2 2 4 64 2272 2720 2695
5218 2 2 4 64 2652 2728 2606
5219 2 2 4 64 2698 2719 2381
5220 2 2 4 64 2304 2737 2710
5221 2 2 4 64 2336 2720 2272
5222 2 2 4 64 2193 2774 2210
5223 2 2 4 64 2668 2733 2669
5224 2 2 4 64 2714 2733 2195
5225 2 2 4 64 2346 2728 2699
5226 2 2 4 64 2405 2781 2631
5227 2 2 4 64 2462 2760 2153
5228 2 2 4 64 2303 2734 2363
5229 2 2 4 64 2396 2732 2682
5230 2 2 4 64 2717 2784 2665
5231 2 2 4 64 2733 2773 2195
5232 2 2 4 64 2407 2773 2668
5233 2 2 4 64 2710 2737 2711
5234 2 2 4 64 2789 2794 2394
5235 2 2 4 64 2464 2733 2714
5236 2 2 4 64 2608 2795 2609
5237 2 2 4 64 2081 2735 2079
5238 2 2 4 64 2699 2728 2652
5239 2 2 4 64 2590 2791 2783
5240 2 2 4 64 2647 2784 2406
5241 2 2 4 64 2792 2795 2488
5242 2 2 4 64 2073 2745 2071
5243 2 2 4 64 2378 2787 2634
5244 2 2 4 64 2083 2792 2659
5245 2 2 4 64 2324 2736 2422
5246 2 2 4 64 2648 2786 2647
5247 2 2 4 64 2466 2736 2465
5248 2 2 4 64 2478 2812 2804
5249 2 2 4 64 2403 2739 2531
5250 2 2 4 64 2454 2904 2771
5251 2 2 4 64 2681 2760 2462
5252 2 2 4 64 2778 2788 2648
5253 2 2 4 64 2647 2786 2784
5254 2 2 4 64 2678 2787 2378
5255 2 2 4 64 2088 2744 2285
5256 2 2 4 64 558 2797 559
5257 2 2 4 64 2491 2793 2390
5258 2 2 4 64 2631 2781 2689
5259 2 2 4 64 2669 2733 2464
5260 2 2 4 64 2648 2788 2786
5261 2 2 4 64 2406 2784 2717
5262 2 2 4 64 2257 2781 2717
5263 2 2 4 64 2473 2800 2335
5264 2 2 4 64 2467 2774 2773
5265 2 2 4 64 2380 2800 2791
5266 2 2 4 64 2195 2774 2193
5267 2 2 4 64 2747 2799 2547
5268 2 2 4 64 2222 2782 2392
5269 2 2 4 64 2665 2784 2101
5270 2 2 4 64 2438 2778 2654
5271 2 2 4 64 2653 2819 2208
5272 2 2 4 64 2423 2798 2523
5273 2 2 4 64 2035 2817 568
5274 2 2 4 64 560 2804 561
5275 2 2 4 64 567 2817 2004
5276 2 2 4 64 2478 2798 2409
5277 2 2 4 64 2784 2786 2101
5278 2 2 4 64 2590 2783 2325
5279 2 2 4 64 2660 2790 2203
5280 2 2 4 64 2512 2807 2412
5281 2 2 4 64 2203 2787 2678
5282 2 2 4 64 2819 2826 2208
5283 2 2 4 64 2101 2786 2666
5284 2 2 4 64 2660 2792 2790
5285 2 2 4 64 2716 2788 2438
5286 2 2 4 64 2393 2789 2394
5287 2 2 4 64 2203 2790 2787
5288 2 2 4 64 2089 2785 2074
5289 2 2 4 64 2411 2813 2348
5290 2 2 4 64 2421 2805 2323
5291 2 2 4 64 2786 2788 2666
5292 2 2 4 64 2208 2826 2248
5293 2 2 4 64 2659 2792 2660
5294 2 2 4 64 2391 2782 2648
5295 2 2 4 64 2339 2823 2340
5296 2 2 4 64 2078 2796 2083
5297 2 2 4 64 2547 2822 2029
5298 2 2 4 64 2799 2822 2547
5299 2 2 4 64 2337 2820 2232
5300 2 2 4 64 2418 2818 2511
5301 2 2 4 64 610 2899 2849
5302 2 2 4 64 2426 2799 2429
5303 2 2 4 64 2231 2820 2466
5304 2 2 4 64 2666 2788 2716
5305 2 2 4 64 2488 2795 2608
5306 2 2 4 64 2033 2832 565
5307 2 2 4 64 2795 2796 2609
5308 2 2 4 64 566 2832 2005
5309 2 2 4 64 2773 2774 2195
5310 2 2 4 64 2516 2793 2491
5311 2 2 4 64 2785 2796 2076
5312 2 2 4 64 2719 2811 2419
5313 2 2 4 64 568 2834 2032
5314 2 2 4 64 2417 2828 2343
5315 2 2 4 64 2005 2834 567
5316 2 2 4 64 2826 2830 2248
5317 2 2 4 64 2029 2797 558
5318 2 2 4 64 2609 2796 2785
5319 2 2 4 64 2420 2821 2702
5320 2 2 4 64 2076 2796 2078
5321 2 2 4 64 2429 2799 2747
5322 2 2 4 64 2782 2783 2392
5323 2 2 4 64 2394 2794 2743
5324 2 2 4 64 594 2825 593
5325 2 2 4 64 2776 2883 2469
5326 2 2 4 64 2439 2833 2515
5327 2 2 4 64 2514 2833 2441
5328 2 2 4 64 2783 2791 2392
5329 2 2 4 64 2615 2860 2617
5330 2 2 4 64 2791 2800 2399
5331 2 2 4 64 2654 2778 2222
5332 2 2 4 64 2546 2892 2045
5333 2 2 4 64 2169 2810 2653
5334 2 2 4 64 2380 2791 2590
5335 2 2 4 64 2409 2798 2423
5336 2 2 4 64 2089 2789 2785
5337 2 2 4 64 2422 2801 2421
5338 2 2 4 64 2020 2839 2701
5339 2 2 4 64 2399 2806 2693
5340 2 2 4 64 2089 2794 2789
5341 2 2 4 64 2743 2802 2397
5342 2 2 4 64 2715 2824 2518
5343 2 2 4 64 2417 2842 2828
5344 2 2 4 64 2323 2805 2354
5345 2 2 4 64 2335 2800 2380
5346 2 2 4 64 2513 2803 2512
5347 2 2 4 64 2397 2809 2398
5348 2 2 4 64 2083 2796 2795
5349 2 2 4 64 2019 2804 560
5350 2 2 4 64 2809 2816 2398
5351 2 2 4 64 2489 2830 2727
5352 2 2 4 64 2412 2807 2411
5353 2 2 4 64 560 2843 2020
5354 2 2 4 64 2489 2838 2830
5355 2 2 4 64 2473 2806 2800
5356 2 2 4 64 2648 2782 2778
5357 2 2 4 64 2802 2809 2397
5358 2 2 4 64 2663 2827 2662
5359 2 2 4 64 2736 2814 2422
5360 2 2 4 64 2347 2813 2811
5361 2 2 4 64 2347 2811 2719
5362 2 2 4 64 2325 2783 2391
5363 2 2 4 64 2348 2813 2347
5364 2 2 4 64 2398 2816 2663
5365 2 2 4 64 2442 2845 2835
5366 2 2 4 64 2693 2806 2694
5367 2 2 4 64 2804 2812 561
5368 2 2 4 64 2794 2802 2743
5369 2 2 4 64 568 2817 567
5370 2 2 4 64 2074 2785 2076
5371 2 2 4 64 2419 2818 2418
5372 2 2 4 64 2806 2810 2694
5373 2 2 4 64 2232 2820 2231
5374 2 2 4 64 2827 2831 2662
5375 2 2 4 64 2581 2859 2582
5376 2 2 4 64 2609 2789 2393
5377 2 2 4 64 2473 2810 2806
5378 2 2 4 64 2702 2821 2337
5379 2 2 4 64 2662 2831 2413
5380 2 2 4 64 2466 2814 2736
5381 2 2 4 64 2392 2791 2399
5382 2 2 4 64 2485 2841 2339
5383 2 2 4 64 2340 2823 2415
5384 2 2 4 64 2413 2836 2414
5385 2 2 4 64 2391 2783 2782
5386 2 2 4 64 2679 2794 2089
5387 2 2 4 64 2816 2827 2663
5388 2 2 4 64 2800 2806 2399
5389 2 2 4 64 2823 2829 2415
5390 2 2 4 64 2810 2819 2653
5391 2 2 4 64 2573 2850 2572
5392 2 2 4 64 2836 2837 2414
5393 2 2 4 64 2737 2908 2711
5394 2 2 4 64 2342 2824 2715
5395 2 2 4 64 2342 2828 2824
5396 2 2 4 64 2343 2828 2342
5397 2 2 4 64 2414 2837 2513
5398 2 2 4 64 2778 2782 2222
5399 2 2 4 64 2415 2829 2675
5400 2 2 4 64 2785 2789 2609
5401 2 2 4 64 2831 2836 2413
5402 2 2 4 64 2679 2802 2794
5403 2 2 4 64 2354 2844 2738
5404 2 2 4 64 2728 2840 2485
5405 2 2 4 64 2675 2846 2845
5406 2 2 4 64 2425 2799 2426
5407 2 2 4 64 565 2832 566
5408 2 2 4 64 2492 2838 2489
5409 2 2 4 64 2441 2833 2439
5410 2 2 4 64 2680 2802 2679
5411 2 2 4 64 2575 2842 2033
5412 2 2 4 64 567 2834 568
5413 2 2 4 64 2025 2825 594
5414 2 2 4 64 2837 2839 2513
5415 2 2 4 64 2492 2840 2838
5416 2 2 4 64 2774 2835 2210
5417 2 2 4 64 2194 2846 2205
5418 2 2 4 64 2020 2843 2839
5419 2 2 4 64 2680 2809 2802
5420 2 2 4 64 2467 2835 2774
5421 2 2 4 64 2091 2809 2680
5422 2 2 4 64 2694 2810 2169
5423 2 2 4 64 2091 2816 2809
5424 2 2 4 64 2780 2887 2046
5425 2 2 4 64 2425 2822 2799
5426 2 2 4 64 2828 2842 2575
5427 2 2 4 64 2578 2853 2577
5428 2 2 4 64 2522 2889 2044
5429 2 2 4 64 549 2847 550
5430 2 2 4 64 2676 2816 2091
5431 2 2 4 64 2811 2850 2419
5432 2 2 4 64 2472 2819 2473
5433 2 2 4 64 2675 2845 2440
5434 2 2 4 64 2012 2854 571
5435 2 2 4 64 2548 2858 2549
5436 2 2 4 64 2523 2822 2425
5437 2 2 4 64 2762 2907 2870
5438 2 2 4 64 2472 2826 2819
5439 2 2 4 64 573 2855 2022
5440 2 2 4 64 2564 2857 2563
5441 2 2 4 64 2676 2827 2816
5442 2 2 4 64 2820 2859 2466
5443 2 2 4 64 2687 2826 2472
5444 2 2 4 64 2830 2838 2248
5445 2 2 4 64 2094 2827 2676
5446 2 2 4 64 2443 2852 2578
5447 2 2 4 64 2554 2887 2555
5448 2 2 4 64 2094 2831 2827
5449 2 2 4 64 2840 2841 2485
5450 2 2 4 64 2442 2851 2443
5451 2 2 4 64 2687 2830 2826
5452 2 2 4 64 2473 2819 2810
5453 2 2 4 64 2727 2830 2687
5454 2 2 4 64 2684 2831 2094
5455 2 2 4 64 2720 2856 2444
5456 2 2 4 64 2481 2856 2336
5457 2 2 4 64 2851 2852 2443
5458 2 2 4 64 2572 2850 2811
5459 2 2 4 64 2684 2836 2831
5460 2 2 4 64 2221 2836 2684
5461 2 2 4 64 2467 2851 2835
5462 2 2 4 64 2221 2837 2836
5463 2 2 4 64 2711 2908 2847
5464 2 2 4 64 2829 2846 2675
5465 2 2 4 64 2205 2846 2829
5466 2 2 4 64 2691 2837 2221
5467 2 2 4 64 2525 2848 2526
5468 2 2 4 64 2248 2838 2346
5469 2 2 4 64 2838 2840 2346
5470 2 2 4 64 2835 2851 2442
5471 2 2 4 64 2691 2839 2837
5472 2 2 4 64 2582 2859 2820
5473 2 2 4 64 2701 2839 2691
5474 2 2 4 64 542 2861 543
5475 2 2 4 64 2346 2840 2728
5476 2 2 4 64 2814 2860 2422
5477 2 2 4 64 2754 2862 2755
5478 2 2 4 64 2757 2862 2037
5479 2 2 4 64 2655 2841 2492
5480 2 2 4 64 2839 2843 2513
5481 2 2 4 64 2845 2846 2210
5482 2 2 4 64 2515 2842 2417
5483 2 2 4 64 2492 2841 2840
5484 2 2 4 64 2617 2860 2814
5485 2 2 4 64 2210 2846 2194
5486 2 2 4 64 2513 2843 2803
5487 2 2 4 64 2577 2853 2012
5488 2 2 4 64 550 2847 2027
5489 2 2 4 64 2039 2888 2761
5490 2 2 4 64 523 2867 524
5491 2 2 4 64 553 2866 554
5492 2 2 4 64 2704 2863 2483
5493 2 2 4 64 571 2854 572
5494 2 2 4 64 2768 2864 2769
5495 2 2 4 64 2854 2855 572
5496 2 2 4 64 2045 2891 2585
5497 2 2 4 64 2756 2865 2757
5498 2 2 4 64 2771 2864 2770
5499 2 2 4 64 2759 2865 2758
5500 2 2 4 64 572 2855 573
5501 2 2 4 64 2835 2845 2210
5502 2 2 4 64 2408 2851 2467
5503 2 2 4 64 2857 2858 2030
5504 2 2 4 64 2563 2857 2030
5505 2 2 4 64 2408 2852 2851
5506 2 2 4 64 2336 2856 2720
5507 2 2 4 64 2030 2858 2548
5508 2 2 4 64 2483 2852 2408
5509 2 2 4 64 549 2869 2847
5510 2 2 4 64 2419 2850 2818
5511 2 2 4 64 541 2868 542
5512 2 2 4 64 2848 2849 2049
5513 2 2 4 64 2882 2915 2765
5514 2 2 4 64 2873 2914 2506
5515 2 2 4 64 2762 2870 2018
5516 2 2 4 64 2482 2876 2549
5517 2 2 4 64 2466 2859 2814
5518 2 2 4 64 2499 2870 2450
5519 2 2 4 64 543 2861 2014
5520 2 2 4 64 2422 2860 2801
5521 2 2 4 64 2483 2863 2853
5522 2 2 4 64 2853 2863 2012
5523 2 2 4 64 2037 2862 2754
5524 2 2 4 64 2847 2869 2711
5525 2 2 4 64 2018 2869 548
5526 2 2 4 64 2501 2871 2657
5527 2 2 4 64 2870 2907 2746
5528 2 2 4 64 2729 2879 2497
5529 2 2 4 64 2017 2874 2772
5530 2 2 4 64 2750 2872 2749
5531 2 2 4 64 2500 2915 2882
5532 2 2 4 64 2044 2897 2525
5533 2 2 4 64 2457 2875 2646
5534 2 2 4 64 2453 2903 2755
5535 2 2 4 64 2503 2877 2504
5536 2 2 4 64 2738 2881 2737
5537 2 2 4 64 2510 2863 2704
5538 2 2 4 64 524 2867 2047
5539 2 2 4 64 2046 2866 553
5540 2 2 4 64 2874 2910 2772
5541 2 2 4 64 2751 2884 2748
5542 2 2 4 64 2770 2864 2768
5543 2 2 4 64 2758 2865 2756
5544 2 2 4 64 2490 2882 2503
5545 2 2 4 64 2825 2886 593
5546 2 2 4 64 2006 2914 2873
5547 2 2 4 64 2746 2880 2456
5548 2 2 4 64 2486 2903 2453
5549 2 2 4 64 2614 2884 2505
5550 2 2 4 64 2505 2872 2452
5551 2 2 4 64 2763 2885 2013
5552 2 2 4 64 2646 2911 2502
5553 2 2 4 64 2633 2873 2506
5554 2 2 4 64 592 2886 2006
5555 2 2 4 64 2507 2886 2825
5556 2 2 4 64 2600 2888 2601
5557 2 2 4 64 2864 2912 2769
5558 2 2 4 64 606 2889 2023
5559 2 2 4 64 2044 2889 607
5560 2 2 4 64 2588 2893 2500
5561 2 2 4 64 2779 2890 2026
5562 2 2 4 64 2776 2878 2775
5563 2 2 4 64 2024 2891 583
5564 2 2 4 64 2755 2898 2453
5565 2 2 4 64 582 2891 2045
5566 2 2 4 64 2036 2868 541
5567 2 2 4 64 2474 2895 2479
5568 2 2 4 64 2767 2896 2041
5569 2 2 4 64 2525 2897 2849
5570 2 2 4 64 555 2899 42
5571 2 2 4 64 42 2900 555
5572 2 2 4 64 41 2901 578
5573 2 2 4 64 578 2902 41
5574 2 2 4 64 42 2899 610
5575 2 2 4 64 579 2900 42
5576 2 2 4 64 554 2901 41
5577 2 2 4 64 41 2902 523
5578 2 2 4 64 2722 2894 2493
5579 2 2 4 64 2048 2900 2545
5580 2 2 4 64 608 2897 2044
5581 2 2 4 64 2453 2898 2357
5582 2 2 4 64 2454 2890 2808
5583 2 2 4 64 2045 2892 581
5584 2 2 4 64 2502 2911 2861
5585 2 2 4 64 2565 2904 2454
5586 2 2 4 64 2008 2903 2753
5587 2 2 4 64 2451 2885 2496
5588 2 2 4 64 2383 2906 2451
5589 2 2 4 64 2447 2912 2372
5590 2 2 4 64 2455 2909 2641
5591 2 2 4 64 2497 2874 2447
5592 2 2 4 64 2038 2882 2765
5593 2 2 4 64 2766 2883 2040
5594 2 2 4 64 2450 2870 2746
5595 2 2 4 64 2374 2912 2864
5596 2 2 4 64 548 2869 549
5597 2 2 4 64 2601 2873 2633
5598 2 2 4 64 2497 2910 2874
5599 2 2 4 64 2657 2871 2486
5600 2 2 4 64 2865 2909 2757
5601 2 2 4 64 2023 2877 2777
5602 2 2 4 64 2499 2905 2870
5603 2 2 4 64 2750 2896 2494
5604 2 2 4 64 2769 2874 2017
5605 2 2 4 64 2749 2872 2007
5606 2 2 4 64 2006 2873 2752
5607 2 2 4 64 2775 2878 2024
5608 2 2 4 64 2040 2883 2776
5609 2 2 4 64 2759 2906 2865
5610 2 2 4 64 2815 2875 2457
5611 2 2 4 64 2808 2876 2482
5612 2 2 4 64 2504 2877 2520
5613 2 2 4 64 2508 2878 2445
5614 2 2 4 64 2496 2879 2729
5615 2 2 4 64 580 2892 2545
5616 2 2 4 64 2469 2883 2722
5617 2 2 4 64 2385 2909 2865
5618 2 2 4 64 2456 2880 2815
5619 2 2 4 64 2500 2882 2490
5620 2 2 4 64 2502 2913 2501
5621 2 2 4 64 2844 2881 2738
5622 2 2 4 64 2771 2904 2864
5623 2 2 4 64 2013 2885 2759
5624 2 2 4 64 2479 2884 2614
5625 2 2 4 64 2494 2896 2498
5626 2 2 4 64 2865 2906 2385
5627 2 2 4 64 593 2886 592
5628 2 2 4 64 2849 2899 2049
5629 2 2 4 64 2495 2888 2600
5630 2 2 4 64 2870 2905 2018
5631 2 2 4 64 2555 2887 2844
5632 2 2 4 64 581 2892 580
5633 2 2 4 64 2026 2890 2771
5634 2 2 4 64 607 2889 606
5635 2 2 4 64 2545 2892 2546
5636 2 2 4 64 583 2891 582
5637 2 2 4 64 2498 2893 2588
5638 2 2 4 64 2493 2894 2495
5639 2 2 4 64 2849 2897 609
5640 2 2 4 64 2041 2896 2750
5641 2 2 4 64 2622 2895 2474
5642 2 2 4 64 2868 2913 2502
5643 2 2 4 64 2864 2904 2374
5644 2 2 4 64 2501 2913 2871
5645 2 2 4 64 609 2897 608
5646 2 2 4 64 2711 2905 2499
5647 2 2 4 64 2862 2898 2755
5648 2 2 4 64 523 2902 2867
5649 2 2 4 64 2866 2901 554
5650 2 2 4 64 2357 2898 2455
5651 2 2 4 64 2893 2915 2500
5652 2 2 4 64 2875 2911 2646
5653 2 2 4 64 2879 2910 2497
5654 2 2 4 64 2049 2899 555
5655 2 2 4 64 555 2900 2048
5656 2 2 4 64 578 2901 2051
5657 2 2 4 64 2050 2902 578
5658 2 2 4 64 2881 2908 2737
5659 2 2 4 64 2755 2903 2008
5660 2 2 4 64 2886 2914 2006
5661 2 2 4 64 2772 2910 2043
5662 2 2 4 64 2746 2907 2880
5663 2 2 4 64 2018 2905 2869
5664 2 2 4 64 2374 2904 2565
5665 2 2 4 64 2455 2898 2862
5666 2 2 4 64 2042 2907 2762
5667 2 2 4 64 2385 2906 2383
5668 2 2 4 64 2641 2909 2385
5669 2 2 4 64 2372 2912 2374
5670 2 2 4 64 2506 2914 2507
5671 2 2 4 64 2765 2915 2016
5672 2 2 4 64 2867 2902 2050
5673 2 2 4 64 2051 2901 2866
5674 2 2 4 64 2847 2908 2027
5675 2 2 4 64 2869 2905 2711
5676 2 2 4 64 2871 2913 2036
5677 2 2 4 64 2861 2911 2014
5678 2 2 4 64 2036 2913 2868
5679 2 2 4 64 2014 2911 2875
5680 2 2 4 64 2043 2910 2879
5681 2 2 4 64 2880 2907 2042
5682 2 2 4 64 2027 2908 2881
5683 2 2 4 64 2507 2914 2886
5684 2 2 4 64 2016 2915 2893
5685 2 2 4 65 2918 2968 2961
5686 2 2 4 65 2961 2993 2918
5687 2 2 4 65 2916 2989 2975
5688 2 2 4 65 2989 3009 2975
5689 2 2 4 65 2921 2981 2962
5690 2 2 4 65 2929 2993 2961
5691 2 2 4 65 2920 2934 2933
5692 2 2 4 65 2955 2984 2933
5693 2 2 4 65 2967 2994 2917
5694 2 2 4 65 2933 2984 2926
5695 2 2 4 65 2923 2995 2965
5696 2 2 4 65 2967 3002 2994
5697 2 2 4 65 2921 2996 2981
5698 2 2 4 65 2995 3001 2965
5699 2 2 4 65 2975 2982 2916
5700 2 2 4 65 2961 2981 2929
5701 2 2 4 65 2924 2982 2976
5702 2 2 4 65 2920 2933 2932
5703 2 2 4 65 2924 2992 2982
5704 2 2 4 65 527 2986 2922
5705 2 2 4 65 2934 2935 2933
5706 2 2 4 65 2999 3005 2927
5707 2 2 4 65 2962 2983 2921
5708 2 2 4 65 2997 2999 2927
5709 2 2 4 65 2927 3005 3000
5710 2 2 4 65 2927 3000 2991
5711 2 2 4 65 2970 2987 2985
5712 2 2 4 65 2918 2988 2968
5713 2 2 4 65 528 2986 527
5714 2 2 4 65 2935 2955 2933
5715 2 2 4 65 2934 2936 2935
5716 2 2 4 65 2936 2937 2935
5717 2 2 4 65 2930 3002 2964
5718 2 2 4 65 2936 2938 2937
5719 2 2 4 65 2936 2954 2938
5720 2 2 4 65 2938 2939 2937
5721 2 2 4 65 2939 2940 2937
5722 2 2 4 65 2939 2941 2940
5723 2 2 4 65 2939 2942 2941
5724 2 2 4 65 2942 2943 2941
5725 2 2 4 65 2943 2944 2941
5726 2 2 4 65 2942 2945 2943
5727 2 2 4 65 2942 2946 2945
5728 2 2 4 65 2943 2947 2944
5729 2 2 4 65 2946 2950 2945
5730 2 2 4 65 2947 2948 2944
5731 2 2 4 65 2950 2951 2945
5732 2 2 4 65 2946 2952 2950
5733 2 2 4 65 2947 2959 2948
5734 2 2 4 65 2948 2949 2944
5735 2 2 4 65 2946 2953 2952
5736 2 2 4 65 2948 2956 2949
5737 2 2 4 65 2952 2961 2950
5738 2 2 4 65 2947 2960 2959
5739 2 2 4 65 2956 2957 2949
5740 2 2 4 65 2953 2962 2952
5741 2 2 4 65 2960 2964 2959
5742 2 2 4 65 2953 2963 2962
5743 2 2 4 65 2957 2958 2949
5744 2 2 4 65 2957 2965 2958
5745 2 2 4 65 2965 2966 2958
5746 2 2 4 65 546 2924 545
5747 2 2 4 65 550 2925 549
5748 2 2 4 65 523 2918 41
5749 2 2 4 65 540 2919 539
5750 2 2 4 65 548 2916 547
5751 2 2 4 65 554 2929 553
5752 2 2 4 65 530 2930 529
5753 2 2 4 65 532 2917 531
5754 2 2 4 65 525 2928 524
5755 2 2 4 65 536 2923 535
5756 2 2 4 65 542 2926 541
5757 2 2 4 65 534 2927 533
5758 2 2 4 65 538 2931 537
5759 2 2 4 65 527 2922 526
5760 2 2 4 65 544 2920 543
5761 2 2 4 65 552 2921 551
5762 2 2 4 65 2959 2967 2948
5763 2 2 4 65 2950 2968 2951
5764 2 2 4 65 2948 2967 2956
5765 2 2 4 65 2961 2968 2950
5766 2 2 4 65 2941 2971 2940
5767 2 2 4 65 2945 2969 2943
5768 2 2 4 65 2943 2969 2947
5769 2 2 4 65 2947 2969 2960
5770 2 2 4 65 2951 2969 2945
5771 2 2 4 65 2958 2972 2971
5772 2 2 4 65 2969 2970 2960
5773 2 2 4 65 2938 2973 2939
5774 2 2 4 65 2951 2970 2969
5775 2 2 4 65 2958 2971 2949
5776 2 2 4 65 2944 2971 2941
5777 2 2 4 65 2971 2972 2940
5778 2 2 4 65 2949 2971 2944
5779 2 2 4 65 2966 2972 2958
5780 2 2 4 65 2946 2973 2953
5781 2 2 4 65 2939 2973 2942
5782 2 2 4 65 2942 2973 2946
5783 2 2 4 65 2953 2974 2963
5784 2 2 4 65 2954 2974 2938
5785 2 2 4 65 2938 2974 2973
5786 2 2 4 65 2973 2974 2953
5787 2 2 4 65 2972 2978 2977
5788 2 2 4 65 2974 2975 2963
5789 2 2 4 65 2954 2975 2974
5790 2 2 4 65 2934 2976 2936
5791 2 2 4 65 2935 2977 2955
5792 2 2 4 65 2936 2976 2954
5793 2 2 4 65 2972 2977 2940
5794 2 2 4 65 2937 2977 2935
5795 2 2 4 65 2977 2978 2955
5796 2 2 4 65 2940 2977 2937
5797 2 2 4 65 2966 2978 2972
5798 2 2 4 65 2985 2987 2922
5799 2 2 4 65 2968 2980 2951
5800 2 2 4 65 2952 2981 2961
5801 2 2 4 65 2966 2979 2978
5802 2 2 4 65 2954 2982 2975
5803 2 2 4 65 2964 3003 2930
5804 2 2 4 65 2917 3000 2967
5805 2 2 4 65 2970 2985 2960
5806 2 2 4 65 2951 2980 2970
5807 2 2 4 65 2962 2981 2952
5808 2 2 4 65 2976 2982 2954
5809 2 2 4 65 2964 3002 2959
5810 2 2 4 65 2920 3011 2934
5811 2 2 4 65 2963 2983 2962
5812 2 2 4 65 2979 2998 2919
5813 2 2 4 65 2979 3001 2931
5814 2 2 4 65 2966 3001 2979
5815 2 2 4 65 2922 2986 2985
5816 2 2 4 65 2928 2987 2980
5817 2 2 4 65 2932 2933 2926
5818 2 2 4 65 2978 3006 2955
5819 2 2 4 65 2960 2985 2964
5820 2 2 4 65 2981 2996 2929
5821 2 2 4 65 2968 2988 2980
5822 2 2 4 65 2919 3006 2979
5823 2 2 4 65 2963 3009 2983
5824 2 2 4 65 2983 3009 2925
5825 2 2 4 65 2965 2999 2923
5826 2 2 4 65 2967 3000 2956
5827 2 2 4 65 543 2932 542
5828 2 2 4 65 553 2996 552
5829 2 2 4 65 548 2989 2916
5830 2 2 4 65 533 2991 532
5831 2 2 4 65 2925 2989 549
5832 2 2 4 65 2920 2932 543
5833 2 2 4 65 544 2990 2920
5834 2 2 4 65 549 2989 548
5835 2 2 4 65 2918 2993 41
5836 2 2 4 65 536 2995 2923
5837 2 2 4 65 542 2932 2926
5838 2 2 4 65 546 2992 2924
5839 2 2 4 65 531 2994 530
5840 2 2 4 65 2927 2991 533
5841 2 2 4 65 554 2993 2929
5842 2 2 4 65 535 2997 534
5843 2 2 4 65 545 2990 544
5844 2 2 4 65 2917 2994 531
5845 2 2 4 65 532 2991 2917
5846 2 2 4 65 552 2996 2921
5847 2 2 4 65 2924 2990 545
5848 2 2 4 65 2916 2992 547
5849 2 2 4 65 41 2993 554
5850 2 2 4 65 530 2994 2930
5851 2 2 4 65 537 2995 536
5852 2 2 4 65 547 2992 546
5853 2 2 4 65 534 2997 2927
5854 2 2 4 65 2931 2995 537
5855 2 2 4 65 2929 2996 553
5856 2 2 4 65 2923 2997 535
5857 2 2 4 65 2919 2998 539
5858 2 2 4 65 538 2998 2931
5859 2 2 4 65 539 2998 538
5860 2 2 4 65 2955 3006 2984
5861 2 2 4 65 2982 2992 2916
5862 2 2 4 65 2980 2987 2970
5863 2 2 4 65 2994 3002 2930
5864 2 2 4 65 2985 2986 2964
5865 2 2 4 65 529 3003 528
5866 2 2 4 65 2931 2998 2979
5867 2 2 4 65 2922 3004 526
5868 2 2 4 65 525 3004 2928
5869 2 2 4 65 550 3007 2925
5870 2 2 4 65 2921 3007 551
5871 2 2 4 65 2926 3008 541
5872 2 2 4 65 540 3008 2919
5873 2 2 4 65 2928 3010 524
5874 2 2 4 65 523 3010 2918
5875 2 2 4 65 2980 2988 2928
5876 2 2 4 65 2976 3011 2924
5877 2 2 4 65 2928 3004 2987
5878 2 2 4 65 2957 2999 2965
5879 2 2 4 65 2990 3011 2920
5880 2 2 4 65 2986 3003 2964
5881 2 2 4 65 2965 3001 2966
5882 2 2 4 65 2959 3002 2967
5883 2 2 4 65 2930 3003 529
5884 2 2 4 65 526 3004 525
5885 2 2 4 65 2956 3005 2957
5886 2 2 4 65 2925 3009 2989
5887 2 2 4 65 551 3007 550
5888 2 2 4 65 541 3008 540
5889 2 2 4 65 2925 3007 2983
5890 2 2 4 65 2983 3007 2921
5891 2 2 4 65 2975 3009 2963
5892 2 2 4 65 2957 3005 2999
5893 2 2 4 65 528 3003 2986
5894 2 2 4 65 524 3010 523
5895 2 2 4 65 2919 3008 2984
5896 2 2 4 65 2984 3008 2926
5897 2 2 4 65 2979 3006 2978
5898 2 2 4 65 2931 3001 2995
5899 2 2 4 65 2934 3011 2976
5900 2 2 4 65 2987 3004 2922
5901 2 2 4 65 2988 3010 2928
5902 2 2 4 65 2918 3010 2988
5903 2 2 4 65 2984 3006 2919
5904 2 2 4 65 2924 3011 2990
5905 2 2 4 65 3000 3005 2956
5906 2 2 4 65 2923 2999 2997
5907 2 2 4 65 2991 3000 2917
5908 2 2 2 66 3014 3057 3064
5909 2 2 2 66 3057 3014 3089
5910 2 2 2 66 3012 3071 3085
5911 2 2 2 66 3085 3071 3105
5912 2 2 2 66 3017 3058 3077
5913 2 2 2 66 3025 3057 3089
5914 2 2 2 66 3016 3029 3030
5915 2 2 2 66 3051 3029 3080
5916 2 2 2 66 3063 3013 3090
5917 2 2 2 66 3029 3022 3080
5918 2 2 2 66 3019 3061 3091
5919 2 2 2 66 3063 3090 3098
5920 2 2 2 66 3017 3077 3092
5921 2 2 2 66 3091 3061 3097
5922 2 2 2 66 3071 3012 3078
5923 2 2 2 66 3057 3025 3077
5924 2 2 2 66 3020 3072 3078
5925 2 2 2 66 3016 3028 3029
5926 2 2 2 66 3020 3078 3088
5927 2 2 2 66 583 3018 3082
5928 2 2 2 66 3030 3029 3031
5929 2 2 2 66 3095 3023 3101
5930 2 2 2 66 3058 3017 3079
5931 2 2 2 66 3093 3023 3095
5932 2 2 2 66 3023 3096 3101
5933 2 2 2 66 3023 3087 3096
5934 2 2 2 66 3066 3081 3083
5935 2 2 2 66 3014 3064 3084
5936 2 2 2 66 584 583 3082
5937 2 2 2 66 3031 3029 3051
5938 2 2 2 66 3030 3031 3032
5939 2 2 2 66 3032 3031 3033
5940 2 2 2 66 3026 3060 3098
5941 2 2 2 66 3032 3033 3034
5942 2 2 2 66 3032 3034 3050
5943 2 2 2 66 3034 3033 3035
5944 2 2 2 66 3035 3033 3036
5945 2 2 2 66 3035 3036 3037
5946 2 2 2 66 3035 3037 3038
5947 2 2 2 66 3038 3037 3039
5948 2 2 2 66 3039 3037 3040
5949 2 2 2 66 3038 3039 3041
5950 2 2 2 66 3038 3041 3042
5951 2 2 2 66 3039 3040 3043
5952 2 2 2 66 3042 3041 3046
5953 2 2 2 66 3043 3040 3044
5954 2 2 2 66 3046 3041 3047
5955 2 2 2 66 3042 3046 3048
5956 2 2 2 66 3043 3044 3055
5957 2 2 2 66 3044 3040 3045
5958 2 2 2 66 3042 3048 3049
5959 2 2 2 66 3044 3045 3052
5960 2 2 2 66 3048 3046 3057
5961 2 2 2 66 3043 3055 3056
5962 2 2 2 66 3052 3045 3053
5963 2 2 2 66 3049 3048 3058
5964 2 2 2 66 3056 3055 3060
5965 2 2 2 66 3049 3058 3059
5966 2 2 2 66 3053 3045 3054
5967 2 2 2 66 3053 3054 3061
5968 2 2 2 66 3061 3054 3062
5969 2 2 2 66 602 601 3020
5970 2 2 2 66 606 605 3021
5971 2 2 2 66 579 42 3014
5972 2 2 2 66 596 595 3015
5973 2 2 2 66 604 603 3012
5974 2 2 2 66 610 609 3025
5975 2 2 2 66 586 585 3026
5976 2 2 2 66 588 587 3013
5977 2 2 2 66 581 580 3024
5978 2 2 2 66 592 591 3019
5979 2 2 2 66 598 597 3022
5980 2 2 2 66 590 589 3023
5981 2 2 2 66 594 593 3027
5982 2 2 2 66 583 582 3018
5983 2 2 2 66 600 599 3016
5984 2 2 2 66 608 607 3017
5985 2 2 2 66 3055 3044 3063
5986 2 2 2 66 3046 3047 3064
5987 2 2 2 66 3044 3052 3063
5988 2 2 2 66 3057 3046 3064
5989 2 2 2 66 3037 3036 3067
5990 2 2 2 66 3041 3039 3065
5991 2 2 2 66 3039 3043 3065
5992 2 2 2 66 3043 3056 3065
5993 2 2 2 66 3047 3041 3065
5994 2 2 2 66 3054 3067 3068
5995 2 2 2 66 3065 3056 3066
5996 2 2 2 66 3034 3035 3069
5997 2 2 2 66 3047 3065 3066
5998 2 2 2 66 3054 3045 3067
5999 2 2 2 66 3040 3037 3067
6000 2 2 2 66 3067 3036 3068
6001 2 2 2 66 3045 3040 3067
6002 2 2 2 66 3062 3054 3068
6003 2 2 2 66 3042 3049 3069
6004 2 2 2 66 3035 3038 3069
6005 2 2 2 66 3038 3042 3069
6006 2 2 2 66 3049 3059 3070
6007 2 2 2 66 3050 3034 3070
6008 2 2 2 66 3034 3069 3070
6009 2 2 2 66 3069 3049 3070
6010 2 2 2 66 3068 3073 3074
6011 2 2 2 66 3070 3059 3071
6012 2 2 2 66 3050 3070 3071
6013 2 2 2 66 3030 3032 3072
6014 2 2 2 66 3031 3051 3073
6015 2 2 2 66 3032 3050 3072
6016 2 2 2 66 3068 3036 3073
6017 2 2 2 66 3033 3031 3073
6018 2 2 2 66 3073 3051 3074
6019 2 2 2 66 3036 3033 3073
6020 2 2 2 66 3062 3068 3074
6021 2 2 2 66 3081 3018 3083
6022 2 2 2 66 3064 3047 3076
6023 2 2 2 66 3048 3057 3077
6024 2 2 2 66 3062 3074 3075
6025 2 2 2 66 3050 3071 3078
6026 2 2 2 66 3060 3026 3099
6027 2 2 2 66 3013 3063 3096
6028 2 2 2 66 3066 3056 3081
6029 2 2 2 66 3047 3066 3076
6030 2 2 2 66 3058 3048 3077
6031 2 2 2 66 3072 3050 3078
6032 2 2 2 66 3060 3055 3098
6033 2 2 2 66 3016 3030 3107
6034 2 2 2 66 3059 3058 3079
6035 2 2 2 66 3075 3015 3094
6036 2 2 2 66 3075 3027 3097
6037 2 2 2 66 3062 3075 3097
6038 2 2 2 66 3018 3081 3082
6039 2 2 2 66 3024 3076 3083
6040 2 2 2 66 3028 3022 3029
6041 2 2 2 66 3074 3051 3102
6042 2 2 2 66 3056 3060 3081
6043 2 2 2 66 3077 3025 3092
6044 2 2 2 66 3064 3076 3084
6045 2 2 2 66 3015 3075 3102
6046 2 2 2 66 3059 3079 3105
6047 2 2 2 66 3079 3021 3105
6048 2 2 2 66 3061 3019 3095
6049 2 2 2 66 3063 3052 3096
6050 2 2 2 66 599 598 3028
6051 2 2 2 66 609 608 3092
6052 2 2 2 66 604 3012 3085
6053 2 2 2 66 589 588 3087
6054 2 2 2 66 3021 605 3085
6055 2 2 2 66 3016 599 3028
6056 2 2 2 66 600 3016 3086
6057 2 2 2 66 605 604 3085
6058 2 2 2 66 3014 42 3089
6059 2 2 2 66 592 3019 3091
6060 2 2 2 66 598 3022 3028
6061 2 2 2 66 602 3020 3088
6062 2 2 2 66 587 586 3090
6063 2 2 2 66 3023 589 3087
6064 2 2 2 66 610 3025 3089
6065 2 2 2 66 591 590 3093
6066 2 2 2 66 601 600 3086
6067 2 2 2 66 3013 587 3090
6068 2 2 2 66 588 3013 3087
6069 2 2 2 66 608 3017 3092
6070 2 2 2 66 3020 601 3086
6071 2 2 2 66 3012 603 3088
6072 2 2 2 66 42 610 3089
6073 2 2 2 66 586 3026 3090
6074 2 2 2 66 593 592 3091
6075 2 2 2 66 603 602 3088
6076 2 2 2 66 590 3023 3093
6077 2 2 2 66 3027 593 3091
6078 2 2 2 66 3025 609 3092
6079 2 2 2 66 3019 591 3093
6080 2 2 2 66 3015 595 3094
6081 2 2 2 66 594 3027 3094
6082 2 2 2 66 595 594 3094
6083 2 2 2 66 3051 3080 3102
6084 2 2 2 66 3078 3012 3088
6085 2 2 2 66 3076 3066 3083
6086 2 2 2 66 3090 3026 3098
6087 2 2 2 66 3081 3060 3082
6088 2 2 2 66 585 584 3099
6089 2 2 2 66 3027 3075 3094
6090 2 2 2 66 3018 582 3100
6091 2 2 2 66 581 3024 3100
6092 2 2 2 66 606 3021 3103
6093 2 2 2 66 3017 607 3103
6094 2 2 2 66 3022 597 3104
6095 2 2 2 66 596 3015 3104
6096 2 2 2 66 3024 580 3106
6097 2 2 2 66 579 3014 3106
6098 2 2 2 66 3076 3024 3084
6099 2 2 2 66 3072 3020 3107
6100 2 2 2 66 3024 3083 3100
6101 2 2 2 66 3053 3061 3095
6102 2 2 2 66 3086 3016 3107
6103 2 2 2 66 3082 3060 3099
6104 2 2 2 66 3061 3062 3097
6105 2 2 2 66 3055 3063 3098
6106 2 2 2 66 3026 585 3099
6107 2 2 2 66 582 581 3100
6108 2 2 2 66 3052 3053 3101
6109 2 2 2 66 3021 3085 3105
6110 2 2 2 66 607 606 3103
6111 2 2 2 66 597 596 3104
6112 2 2 2 66 3021 3079 3103
6113 2 2 2 66 3079 3017 3103
6114 2 2 2 66 3071 3059 3105
6115 2 2 2 66 3053 3095 3101
6116 2 2 2 66 584 3082 3099
6117 2 2 2 66 580 579 3106
6118 2 2 2 66 3015 3080 3104
6119 2 2 2 66 3080 3022 3104
6120 2 2 2 66 3075 3074 3102
6121 2 2 2 66 3027 3091 3097
6122 2 2 2 66 3030 3072 3107
6123 2 2 2 66 3083 3018 3100
6124 2 2 2 66 3084 3024 3106
6125 2 2 2 66 3014 3084 3106
6126 2 2 2 66 3080 3015 3102
6127 2 2 2 66 3020 3086 3107
6128 2 2 2 66 3096 3052 3101
6129 2 2 2 66 3019 3093 3095
6130 2 2 2 66 3087 3013 3096
6131 4 2 1 1 67 106 820 105
6132 4 2 1 1 1001 991 3223 3185
6133 4 2 1 1 3134 2685 1537 3135
6134 4 2 1 1 2245 2333 2244 1844
6135 4 2 1 1 2493 2721 2363 973
6136 4 2 1 1 2061 2253 3146 2059
6137 4 2 1 1 455 1929 1851 454
6138 4 2 1 1 2828 2417 2343 759
6139 4 2 1 1 3191 3194 3193 3198
6140 4 2 1 1 1158 256 1235 255
6141 4 2 1 1 2452 2750 3108 2612
6142 4 2 1 1 576 909 149 2031
6143 4 2 1 1 3028 598 3297 3263
6144 4 2 1 1 23 345 307 1436
6145 4 2 1 1 1268 1640 1270 3112
6146 4 2 1 1 3198 208 321 3199
6147 4 2 1 1 2277 697 2409 696
6148 4 2 1 1 1715 404 405 442
6149 4 2 1 1 855 3235 3237 3236
6150 4 2 1 1 1244 1273 2371 2373
6151 4 2 1 1 2424 11 2556 2427
6152 4 2 1 1 1270 1626 1640 1268
6153 4 2 1 1 1173 3137 1536 3134
6154 4 2 1 1 3040 185 3039 3043
6155 4 2 1 1 1450 2102 2100 2099
6156 4 2 1 1 726 1739 706 3203
6157 4 2 1 1 727 2226 699 689
6158 4 2 1 1 330 406 405 444
6159 4 2 1 1 2325 2351 1453 2276
6160 4 2 1 1 404 3190 1703 3193
6161 4 2 1 1 352 353 314 1512
6162 4 2 1 1 614 635 636 1666
6163 4 2 1 1 793 755 1832 776
6164 4 2 1 1 24 321 1424 3199
6165 4 2 1 1 1689 2319 1659 3156
6166 4 2 1 1 692 2837 721 735
6167 4 2 1 1 330 3194 443 405
6168 4 2 1 1 2318 3156 2316 3124
6169 4 2 1 1 3204 1426 317 3196
6170 4 2 1 1 3124 3156 1696 1659
6171 4 2 1 1 408 407 1659 3124
6172 4 2 1 1 1717 441 1788 1794
6173 4 2 1 1 1376 1411 1428 1054
6174 4 2 1 1 1277 1255 2496 1267
6175 4 2 1 1 2813 2571 787 2572
6176 4 2 1 1 855 3235 3236 134
6177 4 2 1 1 1247 1258 3178 1260
6178 4 2 1 1 109 233 108 3210
6179 4 2 1 1 516 402 401 1622
6180 4 2 1 1 1123 3231 3256 1121
6181 4 2 1 1 508 507 2869 548
6182 4 2 1 1 282 117 244 20
6183 4 2 1 1 2240 2241 1796 2239
6184 4 2 1 1 3059 3105 32 1725
6185 4 2 1 1 3079 32 413 1707
6186 4 2 1 1 429 3200 3202 1733
6187 4 2 1 1 3028 3121 3263 3297
6188 4 2 1 1 1052 3215 3216 1073
6189 4 2 1 1 980 964 2302 978
6190 4 2 1 1 1594 1632 1604 3155
6191 4 2 1 1 1650 1577 1655 394
6192 4 2 1 1 2940 3176 2941 3174
6193 4 2 1 1 2193 1148 2210 2774
6194 4 2 1 1 1667 2390 1678 2491
6195 4 2 1 1 3146 403 1704 31
6196 4 2 1 1 1009 45 615 176
6197 4 2 1 1 1695 2516 1667 1678
6198 4 2 1 1 668 83 46 746
6199 4 2 1 1 1735 726 3195 3203
6200 4 2 1 1 3059 32 3079 1707
6201 4 2 1 1 217 1456 1132 1102
6202 4 2 1 1 2552 162 941 2553
6203 4 2 1 1 1984 3116 509 2251
6204 4 2 1 1 1266 2043 262 1241
6205 4 2 1 1 2456 1950 1952 2880
6206 4 2 1 1 991 3037 3039 3187
6207 4 2 1 1 3150 2207 2209 3138
6208 4 2 1 1 2412 2512 2414 709
6209 4 2 1 1 3037 3183 3185 3182
6210 4 2 1 1 657 617 653 1668
6211 4 2 1 1 1273 1244 2371 274
6212 4 2 1 1 224 2846 2845 223
6213 4 2 1 1 2267 235 1217 2269
6214 4 2 1 1 991 3037 3187 3185
6215 4 2 1 1 661 558 2533 2028
6216 4 2 1 1 95 257 219 3236
6217 4 2 1 1 1918 519 1924 1996
6218 4 2 1 1 1280 2373 2448 2447
6219 4 2 1 1 3251 3237 3238 3244
6220 4 2 1 1 256 3251 1196 3234
6221 4 2 1 1 3232 331 25 3234
6222 4 2 1 1 3238 366 3251 3244
6223 4 2 1 1 2982 1988 2924 2976
6224 4 2 1 1 95 257 3236 133
6225 4 2 1 1 218 3230 3236 3232
6226 4 2 1 1 601 602 423 2016
6227 4 2 1 1 1079 2619 2706 14
6228 4 2 1 1 133 3245 3236 855
6229 4 2 1 1 1188 1189 3240 839
6230 4 2 1 1 1101 1130 3150 1129
6231 4 2 1 1 1189 851 3240 839
6232 4 2 1 1 1037 2174 2175 2699
6233 4 2 1 1 1212 3245 3240 3251
6234 4 2 1 1 1542 2124 2115 2114
6235 4 2 1 1 767 756 224 768
6236 4 2 1 1 256 3251 3234 3236
6237 4 2 1 1 3297 3294 599 3028
6238 4 2 1 1 1088 1084 1161 1164
6239 4 2 1 1 29 3176 1635 2971
6240 4 2 1 1 215 2201 2206 2624
6241 4 2 1 1 1203 1188 867 1187
6242 4 2 1 1 144 2953 2952 2946
6243 4 2 1 1 754 3229 3225 3261
6244 4 2 1 1 1496 3212 3213 26
6245 4 2 1 1 785 754 3261 3229
6246 4 2 1 1 3028 598 599 3297
6247 4 2 1 1 1948 1947 1949 2870
6248 4 2 1 1 800 767 2442 2441
6249 4 2 1 1 1038 195 194 3210
6250 4 2 1 1 319 3214 1377 318
6251 4 2 1 1 3020 601 423 3086
6252 4 2 1 1 3050 1722 3078 3071
6253 4 2 1 1 721 3222 2837 2414
6254 4 2 1 1 281 157 896 3254
6255 4 2 1 1 3204 3205 318 3214
6256 4 2 1 1 2534 325 2532 2305
6257 4 2 1 1 516 364 478 401
6258 4 2 1 1 3139 206 3141 205
6259 4 2 1 1 3297 3294 3028 3121
6260 4 2 1 1 14 2619 163 201
6261 4 2 1 1 1724 3088 3078 3012
6262 4 2 1 1 1530 1555 1527 1907
6263 4 2 1 1 3050 3072 3078 1722
6264 4 2 1 1 2999 3296 3112 3287
6265 4 2 1 1 340 1584 28 1506
6266 4 2 1 1 138 2035 569 2579
6267 4 2 1 1 3191 1661 1672 1703
6268 4 2 1 1 2208 1076 2653 2173
6269 4 2 1 1 1719 3059 1725 3071
6270 4 2 1 1 3189 985 3188 988
6271 4 2 1 1 2529 1729 2092 2598
6272 4 2 1 1 1383 2611 2650 2535
6273 4 2 1 1 320 1412 3201 319
6274 4 2 1 1 3288 2768 2770 1286
6275 4 2 1 1 3000 263 2991 2917
6276 4 2 1 1 454 1834 339 1457
6277 4 2 1 1 320 3212 3201 1423
6278 4 2 1 1 887 100 137 810
6279 4 2 1 1 1772 2586 2598 448
6280 4 2 1 1 2305 287 2279 1311
6281 4 2 1 1 462 463 2239 2698
6282 4 2 1 1 2677 1765 2396 2599
6283 4 2 1 1 2659 1454 3152 3154
6284 4 2 1 1 3236 134 3235 95
6285 4 2 1 1 125 832 126 571
6286 4 2 1 1 1060 3145 1070 2168
6287 4 2 1 1 3166 75 74 3120
6288 4 2 1 1 3237 3245 3251 3240
6289 4 2 1 1 544 3293 2990 1974
6290 4 2 1 1 2670 3139 2217 3141
6291 4 2 1 1 2732 1728 1760 1765
6292 4 2 1 1 2831 2094 2827 438
6293 4 2 1 1 1984 2251 509 1945
6294 4 2 1 1 138 2580 2583 2579
6295 4 2 1 1 2819 1036 2810 2653
6296 4 2 1 1 2223 1139 2334 2220
6297 4 2 1 1 2694 3169 2169 2810
6298 4 2 1 1 1735 3195 726 716
6299 4 2 1 1 377 340 1582 378
6300 4 2 1 1 1126 228 1105 2826
6301 4 2 1 1 265 2949 2948 2956
6302 4 2 1 1 2943 2944 3176 2941
6303 4 2 1 1 2688 2220 1128 2202
6304 4 2 1 1 241 356 394 240
6305 4 2 1 1 3 2570 563 564
6306 4 2 1 1 1632 1959 3158 3155
6307 4 2 1 1 2218 2632 2254 3140
6308 4 2 1 1 3160 3222 724 3173
6309 4 2 1 1 3263 304 3029 3022
6310 4 2 1 1 190 228 2819 229
6311 4 2 1 1 2827 1727 439 438
6312 4 2 1 1 1869 1892 2111 2117
6313 4 2 1 1 138 2035 2579 2583
6314 4 2 1 1 870 573 7 128
6315 4 2 1 1 3172 97 3147 451
6316 4 2 1 1 773 774 2419 2418
6317 4 2 1 1 1104 1479 1500 3151
6318 4 2 1 1 1734 2679 434 1754
6319 4 2 1 1 1105 2826 2819 2472
6320 4 2 1 1 2655 2841 1135 2492
6321 4 2 1 1 1172 1184 2594 1183
6322 4 2 1 1 1184 2166 2594 1183
6323 4 2 1 1 1712 1794 1789 412
6324 4 2 1 1 3167 724 3222 3173
6325 4 2 1 1 2663 33 440 1776
6326 4 2 1 1 3287 3296 535 2997
6327 4 2 1 1 1317 3197 295 3189
6328 4 2 1 1 3235 96 3229 95
6329 4 2 1 1 422 3020 3086 3107
6330 4 2 1 1 2663 2398 1776 2816
6331 4 2 1 1 1914 2233 2376 2235
6332 4 2 1 1 987 1319 1342 1306
6333 4 2 1 1 2881 3271 3110 2908
6334 4 2 1 1 440 2663 1776 1745
6335 4 2 1 1 957 874 955 951
6336 4 2 1 1 2091 2816 1745 1762
6337 4 2 1 1 3179 3260 922 3255
6338 4 2 1 1 2622 1337 2895 2825
6339 4 2 1 1 301 595 594 3094
6340 4 2 1 1 481 1904 2673 480
6341 4 2 1 1 1763 688 3173 1773
6342 4 2 1 1 1518 1209 1194 1556
6343 4 2 1 1 309 347 2165 310
6344 4 2 1 1 2091 2809 2816 1762
6345 4 2 1 1 78 719 561 2803
6346 4 2 1 1 2054 52 51 2701
6347 4 2 1 1 1797 1827 3153 1829
6348 4 2 1 1 1746 2091 1745 1762
6349 4 2 1 1 1487 2666 2788 2716
6350 4 2 1 1 1145 1126 1105 2687
6351 4 2 1 1 1734 2809 2802 2680
6352 4 2 1 1 2081 1480 2084 2082
6353 4 2 1 1 2091 2809 1762 2680
6354 4 2 1 1 3113 2555 934 912
6355 4 2 1 1 311 312 2147 1381
6356 4 2 1 1 195 233 108 196
6357 4 2 1 1 2250 1969 1941 2433
6358 4 2 1 1 91 2032 5 801
6359 4 2 1 1 312 2087 2438 2147
6360 4 2 1 1 2072 1767 1754 1751
6361 4 2 1 1 1395 2150 2153 1396
6362 4 2 1 1 2831 2094 438 3173
6363 4 2 1 1 3147 2702 2236 2338
6364 4 2 1 1 2061 3146 2253 31
6365 4 2 1 1 3154 2659 2083 2792
6366 4 2 1 1 2792 3153 2488 3152
6367 4 2 1 1 3164 2672 2382 2700
6368 4 2 1 1 259 3003 2964 2986
6369 4 2 1 1 268 2960 2970 2985
6370 4 2 1 1 2795 3154 2083 2792
6371 4 2 1 1 1827 1826 2488 3152
6372 4 2 1 1 1870 478 3246 1566
6373 4 2 1 1 2905 1944 1949 2018
6374 4 2 1 1 2079 2080 2078 3131
6375 4 2 1 1 1824 3152 1801 3154
6376 4 2 1 1 2422 831 2801 2860
6377 4 2 1 1 3127 2076 1755 3131
6378 4 2 1 1 3263 1348 1312 2007
6379 4 2 1 1 2311 2312 1382 2322
6380 4 2 1 1 441 688 1735 1773
6381 4 2 1 1 441 688 1773 3160
6382 4 2 1 1 1480 2081 351 352
6383 4 2 1 1 1387 430 1732 1753
6384 4 2 1 1 2007 3289 1312 3263
6385 4 2 1 1 2024 2775 994 2878
6386 4 2 1 1 2872 3121 2749 2007
6387 4 2 1 1 2559 1899 497 2560
6388 4 2 1 1 1309 2437 2315 2313
6389 4 2 1 1 1848 1929 1926 1930
6390 4 2 1 1 3250 242 1171 3248
6391 4 2 1 1 2101 1486 1477 1465
6392 4 2 1 1 1332 1324 1337 2622
6393 4 2 1 1 1327 1309 2437 1326
6394 4 2 1 1 138 2035 2583 100
6395 4 2 1 1 3190 616 3192 3193
6396 4 2 1 1 2344 1141 1115 2688
6397 4 2 1 1 897 2856 2720 2336
6398 4 2 1 1 353 3154 3131 469
6399 4 2 1 1 2245 2244 1814 1844
6400 4 2 1 1 861 3245 853 3240
6401 4 2 1 1 1079 201 1039 2192
6402 4 2 1 1 1309 1326 1325 2315
6403 4 2 1 1 2687 1105 2334 2472
6404 4 2 1 1 2687 1126 1105 2826
6405 4 2 1 1 371 1585 372 333
6406 4 2 1 1 3124 290 291 1325
6407 4 2 1 1 3205 3215 318 3214
6408 4 2 1 1 2927 3296 3272 3112
6409 4 2 1 1 2007 3289 3263 597
6410 4 2 1 1 2615 859 871 128
6411 4 2 1 1 2564 154 116 115
6412 4 2 1 1 1059 2605 2379 2697
6413 4 2 1 1 191 1163 1086 190
6414 4 2 1 1 1059 2593 2605 2697
6415 4 2 1 1 3026 3099 585 178
6416 4 2 1 1 11 2619 163 14
6417 4 2 1 1 2520 1658 414 1676
6418 4 2 1 1 3183 631 656 655
6419 4 2 1 1 3047 3046 680 3041
6420 4 2 1 1 1712 1789 449 412
6421 4 2 1 1 3290 3275 3087 181
6422 4 2 1 1 2042 505 1974 545
6423 4 2 1 1 1156 1233 1234 1232
6424 4 2 1 1 2795 2608 1800 1826
6425 4 2 1 1 955 874 880 878
6426 4 2 1 1 788 2575 2842 105
6427 4 2 1 1 1444 1365 292 1363
6428 4 2 1 1 1782 1859 1861 468
6429 4 2 1 1 1766 3126 3133 1728
6430 4 2 1 1 1760 3126 1728 2732
6431 4 2 1 1 1566 3246 368 27
6432 4 2 1 1 773 2419 772 2818
6433 4 2 1 1 749 89 51 90
6434 4 2 1 1 700 1031 699 698
6435 4 2 1 1 3197 1317 296 1356
6436 4 2 1 1 1356 3198 21 296
6437 4 2 1 1 711 3210 687 3208
6438 4 2 1 1 1031 199 699 198
6439 4 2 1 1 1815 2328 1817 1839
6440 4 2 1 1 276 238 2731 2595
6441 4 2 1 1 2522 3269 3109 2889
6442 4 2 1 1 3050 1719 1722 3071
6443 4 2 1 1 2798 729 2019 2804
6444 4 2 1 1 3296 535 2997 534
6445 4 2 1 1 3235 1883 826 3237
6446 4 2 1 1 1806 1807 797 1831
6447 4 2 1 1 158 957 951 120
6448 4 2 1 1 356 355 394 1572
6449 4 2 1 1 414 2520 413 2522
6450 4 2 1 1 1770 3200 3207 3206
6451 4 2 1 1 2472 2687 1105 2826
6452 4 2 1 1 320 3212 1423 23
6453 4 2 1 1 1830 2397 2333 2377
6454 4 2 1 1 485 2234 38 3172
6455 4 2 1 1 2958 1642 2972 2966
6456 4 2 1 1 67 737 820 743
6457 4 2 1 1 711 687 3210 71
6458 4 2 1 1 1427 1742 1413 1377
6459 4 2 1 1 1871 496 497 2651
6460 4 2 1 1 2335 2380 3151 3149
6461 4 2 1 1 721 2803 2513 719
6462 4 2 1 1 3071 1720 3078 3012
6463 4 2 1 1 2872 3121 2750 2749
6464 4 2 1 1 690 2423 82 728
6465 4 2 1 1 1837 2331 1820 1821
6466 4 2 1 1 558 661 2533 1
6467 4 2 1 1 613 3187 3038 3183
6468 4 2 1 1 3055 1024 1026 1028
6469 4 2 1 1 846 849 3118 1901
6470 4 2 1 1 56 661 558 1
6471 4 2 1 1 700 1051 3216 1050
6472 4 2 1 1 2020 4 560 559
6473 4 2 1 1 2165 2693 1380 2160
6474 4 2 1 1 1726 725 1763 1739
6475 4 2 1 1 56 55 647 557
6476 4 2 1 1 3127 2076 3131 2077
6477 4 2 1 1 1138 1471 3149 1500
6478 4 2 1 1 631 628 3188 630
6479 4 2 1 1 741 114 818 75
6480 4 2 1 1 840 2010 2616 2581
6481 4 2 1 1 822 840 2616 2581
6482 4 2 1 1 2921 146 2996 937
6483 4 2 1 1 233 234 108 196
6484 4 2 1 1 2365 3114 2521 2561
6485 4 2 1 1 2064 1774 2063 1736
6486 4 2 1 1 624 627 2429 629
6487 4 2 1 1 2277 697 2284 2409
6488 4 2 1 1 661 56 558 2028
6489 4 2 1 1 1046 2593 1034 1071
6490 4 2 1 1 2990 3293 544 2920
6491 4 2 1 1 51 638 622 2056
6492 4 2 1 1 702 1737 3166 685
6493 4 2 1 1 1823 2394 1803 2330
6494 4 2 1 1 629 2544 2547 663
6495 4 2 1 1 33 3120 427 36
6496 4 2 1 1 81 690 729 2798
6497 4 2 1 1 2581 822 2617 2616
6498 4 2 1 1 491 3235 453 3233
6499 4 2 1 1 455 1929 454 493
6500 4 2 1 1 626 996 997 960
6501 4 2 1 1 574 153 2022 115
6502 4 2 1 1 1870 1898 478 1527
6503 4 2 1 1 613 3187 655 644
6504 4 2 1 1 3166 2412 2411 2350
6505 4 2 1 1 2539 3126 2732 2537
6506 4 2 1 1 1013 655 3188 3187
6507 4 2 1 1 1115 2344 2726 1116
6508 4 2 1 1 66 65 609 2849
6509 4 2 1 1 2049 660 621 648
6510 4 2 1 1 2607 1108 1147 1114
6511 4 2 1 1 2574 105 564 2033
6512 4 2 1 1 761 2834 2833 2514
6513 4 2 1 1 3165 400 1594 401
6514 4 2 1 1 2996 146 2921 2981
6515 4 2 1 1 609 3092 65 3025
6516 4 2 1 1 1734 2802 434 2679
6517 4 2 1 1 752 763 2005 102
6518 4 2 1 1 2527 2705 456 2634
6519 4 2 1 1 406 444 291 445
6520 4 2 1 1 3292 3103 3269 3109
6521 4 2 1 1 609 2897 2849 65
6522 4 2 1 1 609 3264 2897 65
6523 4 2 1 1 2571 114 75 113
6524 4 2 1 1 771 2850 2573 2004
6525 4 2 1 1 2247 3120 2348 2349
6526 4 2 1 1 1390 1383 1397 2535
6527 4 2 1 1 397 360 398 2370
6528 4 2 1 1 2530 496 1897 2122
6529 4 2 1 1 650 56 2028 557
6530 4 2 1 1 2272 2269 20 2271
6531 4 2 1 1 3233 1497 25 3228
6532 4 2 1 1 1807 757 797 1831
6533 4 2 1 1 1860 1783 1861 1857
6534 4 2 1 1 741 114 75 76
6535 4 2 1 1 2133 1877 2139 1876
6536 4 2 1 1 1287 2985 2970 2987
6537 4 2 1 1 174 2643 2584 627
6538 4 2 1 1 1622 1959 3155 1964
6539 4 2 1 1 666 747 744 49
6540 4 2 1 1 747 50 49 669
6541 4 2 1 1 1471 1489 2590 3149
6542 4 2 1 1 495 496 1897 2530
6543 4 2 1 1 1908 1530 1907 1888
6544 4 2 1 1 2419 773 2418 2818
6545 4 2 1 1 2728 2652 2606 1065
6546 4 2 1 1 1299 1225 1302 1303
6547 4 2 1 1 1867 2603 1880 2137
6548 4 2 1 1 761 2834 2514 801
6549 4 2 1 1 2840 1135 2841 2492
6550 4 2 1 1 1848 1932 1930 1926
6551 4 2 1 1 1141 2344 1117 2220
6552 4 2 1 1 688 3160 3173 1773
6553 4 2 1 1 799 2338 2702 3147
6554 4 2 1 1 1013 655 3187 969
6555 4 2 1 1 489 136 3172 97
6556 4 2 1 1 2331 1819 1820 1821
6557 4 2 1 1 2387 835 2704 834
6558 4 2 1 1 1803 1830 1839 2667
6559 4 2 1 1 3160 688 3173 724
6560 4 2 1 1 906 272 271 1275
6561 4 2 1 1 3244 1528 1567 1868
6562 4 2 1 1 110 428 111 466
6563 4 2 1 1 692 2839 2843 2513
6564 4 2 1 1 3066 3081 186 1008
6565 4 2 1 1 158 476 514 3247
6566 4 2 1 1 895 158 3252 924
6567 4 2 1 1 282 243 156 281
6568 4 2 1 1 1251 2769 2447 2874
6569 4 2 1 1 2673 1939 2290 2300
6570 4 2 1 1 3113 2908 2881 3110
6571 4 2 1 1 1548 1535 1568 2638
6572 4 2 1 1 913 914 912 3113
6573 4 2 1 1 1245 3254 3253 280
6574 4 2 1 1 854 3242 3247 823
6575 4 2 1 1 95 781 219 94
6576 4 2 1 1 157 957 119 156
6577 4 2 1 1 2354 2805 934 2555
6578 4 2 1 1 2856 897 926 2481
6579 4 2 1 1 2641 1607 1591 2280
6580 4 2 1 1 2636 1548 1568 2638
6581 4 2 1 1 3241 1190 3240 1212
6582 4 2 1 1 133 811 94 888
6583 4 2 1 1 1910 2567 483 482
6584 4 2 1 1 2659 3152 2660 2792
6585 4 2 1 1 143 949 142 2951
6586 4 2 1 1 762 773 790 2818
6587 4 2 1 1 1247 932 3178 1258
6588 4 2 1 1 1587 391 3177 390
6589 4 2 1 1 1493 2085 2095 2096
6590 4 2 1 1 2996 146 147 937
6591 4 2 1 1 3227 1810 1809 3261
6592 4 2 1 1 248 1217 2268 1205
6593 4 2 1 1 907 2454 904 2353
6594 4 2 1 1 1810 1808 1809 3261
6595 4 2 1 1 155 2856 116 2720
6596 4 2 1 1 172 84 83 210
6597 4 2 1 1 2727 1106 1142 1116
6598 4 2 1 1 573 2021 574 7
6599 4 2 1 1 2487 1797 1835 1828
6600 4 2 1 1 2564 153 115 2022
6601 4 2 1 1 2208 1076 2173 1057
6602 4 2 1 1 2360 1688 2494 1689
6603 4 2 1 1 2827 3167 2662 2831
6604 4 2 1 1 2640 2460 164 2528
6605 4 2 1 1 2795 2608 1826 2488
6606 4 2 1 1 2082 1480 2085 2095
6607 4 2 1 1 1673 3191 1661 1672
6608 4 2 1 1 52 661 2533 2054
6609 4 2 1 1 1315 305 306 3031
6610 4 2 1 1 2727 1126 1106 1116
6611 4 2 1 1 1847 2331 2345 1821
6612 4 2 1 1 2432 2446 2445 1011
6613 4 2 1 1 447 2677 446 409
6614 4 2 1 1 1053 1078 3199 1033
6615 4 2 1 1 2633 3142 3140 1351
6616 4 2 1 1 2600 976 978 979
6617 4 2 1 1 2112 1558 1545 1535
6618 4 2 1 1 1096 202 164 203
6619 4 2 1 1 3153 2488 3152 1827
6620 4 2 1 1 987 1306 1342 3189
6621 4 2 1 1 3077 3025 3057 677
6622 4 2 1 1 1000 1002 974 2722
6623 4 2 1 1 2362 976 978 2600
6624 4 2 1 1 3065 3043 3039 185
6625 4 2 1 1 2318 1697 2677 2320
6626 4 2 1 1 301 1346 300 593
6627 4 2 1 1 45 176 2427 623
6628 4 2 1 1 301 595 3094 302
6629 4 2 1 1 991 3187 3039 185
6630 4 2 1 1 2783 1451 2782 2392
6631 4 2 1 1 2712 1421 1391 2161
6632 4 2 1 1 1812 1448 1458 1836
6633 4 2 1 1 2045 582 581 3265
6634 4 2 1 1 2597 1210 1184 1172
6635 4 2 1 1 780 1806 797 1831
6636 4 2 1 1 351 2087 2084 2716
6637 4 2 1 1 2795 2488 3152 2792
6638 4 2 1 1 713 3216 1051 3217
6639 4 2 1 1 1826 1827 2488 2345
6640 4 2 1 1 1548 1519 1561 2132
6641 4 2 1 1 2794 433 2089 2789
6642 4 2 1 1 11 14 163 1098
6643 4 2 1 1 1097 1020 1091 1095
6644 4 2 1 1 2838 188 189 2346
6645 4 2 1 1 2607 2185 2180 1147
6646 4 2 1 1 83 2423 2424 2284
6647 4 2 1 1 70 1082 69 715
6648 4 2 1 1 1426 330 24 3196
6649 4 2 1 1 234 69 108 196
6650 4 2 1 1 2224 727 2658 2226
6651 4 2 1 1 1126 2687 1116 2727
6652 4 2 1 1 1411 1033 1072 1054
6653 4 2 1 1 3216 713 3203 3217
6654 4 2 1 1 1158 257 1231 1235
6655 4 2 1 1 1158 1156 1231 1154
6656 4 2 1 1 3289 1340 2751 1312
6657 4 2 1 1 2608 1826 2488 2345
6658 4 2 1 1 337 374 375 1586
6659 4 2 1 1 1126 1145 1116 2687
6660 4 2 1 1 105 3 2574 564
6661 4 2 1 1 1158 256 255 218
6662 4 2 1 1 2094 1764 2062 2064
6663 4 2 1 1 1761 707 703 1738
6664 4 2 1 1 1158 257 218 219
6665 4 2 1 1 37 2003 475 1925
6666 4 2 1 1 231 345 193 3212
6667 4 2 1 1 1035 3169 308 192
6668 4 2 1 1 203 2528 2592 2191
6669 4 2 1 1 231 194 232 3212
6670 4 2 1 1 1356 1317 1341 962
6671 4 2 1 1 1079 2619 201 2192
6672 4 2 1 1 1479 230 3151 1104
6673 4 2 1 1 3168 230 229 3151
6674 4 2 1 1 525 2047 524 3266
6675 4 2 1 1 307 345 346 1432
6676 4 2 1 1 1289 269 2271 1248
6677 4 2 1 1 3212 345 193 307
6678 4 2 1 1 1223 1305 1300 244
6679 4 2 1 1 3168 191 229 192
6680 4 2 1 1 2014 2861 543 3267
6681 4 2 1 1 111 466 465 1831
6682 4 2 1 1 3231 3232 344 3227
6683 4 2 1 1 1884 1885 1886 1517
6684 4 2 1 1 356 3161 240 1201
6685 4 2 1 1 1839 1817 1820 2330
6686 4 2 1 1 2335 2223 3149 1139
6687 4 2 1 1 3203 708 3216 3206
6688 4 2 1 1 1803 1839 1820 2330
6689 4 2 1 1 1707 63 1693 617
6690 4 2 1 1 1566 1555 368 3249
6691 4 2 1 1 3213 342 3256 1482
6692 4 2 1 1 76 2571 75 2807
6693 4 2 1 1 2161 2157 1380 2160
6694 4 2 1 1 157 120 158 3247
6695 4 2 1 1 3257 3254 3247 157
6696 4 2 1 1 2687 2344 1116 2727
6697 4 2 1 1 3232 1122 3230 3225
6698 4 2 1 1 2325 1453 2259 2276
6699 4 2 1 1 854 1903 1873 1917
6700 4 2 1 1 491 3235 490 453
6701 4 2 1 1 1620 2295 2359 2656
6702 4 2 1 1 1188 839 867 1169
6703 4 2 1 1 3134 2144 2368 3135
6704 4 2 1 1 253 216 1232 254
6705 4 2 1 1 2999 3296 3287 2997
6706 4 2 1 1 1089 1166 1162 1164
6707 4 2 1 1 1067 2189 2196 2706
6708 4 2 1 1 232 1089 231 1166
6709 4 2 1 1 1471 3150 3149 2590
6710 4 2 1 1 1376 3205 3215 318
6711 4 2 1 1 1500 1104 1485 1455
6712 4 2 1 1 214 2156 251 2158
6713 4 2 1 1 2258 2256 3137 3138
6714 4 2 1 1 395 1577 1655 358
6715 4 2 1 1 1195 2156 2155 251
6716 4 2 1 1 1851 1931 1929 1930
6717 4 2 1 1 3281 2043 1266 2763
6718 4 2 1 1 2554 2046 900 2887
6719 4 2 1 1 1252 2772 2017 2874
6720 4 2 1 1 2956 264 1293 1290
6721 4 2 1 1 2956 3000 1293 264
6722 4 2 1 1 1145 2344 1116 2687
6723 4 2 1 1 1269 1267 2451 3122
6724 4 2 1 1 235 2270 273 2269
6725 4 2 1 1 1112 2204 2205 1111
6726 4 2 1 1 1104 1144 1455 1127
6727 4 2 1 1 69 1082 13 200
6728 4 2 1 1 1244 2542 274 275
6729 4 2 1 1 238 276 1301 1303
6730 4 2 1 1 818 114 113 75
6731 4 2 1 1 704 705 702 3167
6732 4 2 1 1 2596 2595 237 2594
6733 4 2 1 1 876 958 117 953
6734 4 2 1 1 2262 2265 1216 2264
6735 4 2 1 1 2596 238 237 2595
6736 4 2 1 1 2883 975 2722 1000
6737 4 2 1 1 2265 2262 1216 2594
6738 4 2 1 1 3136 1540 2685 3135
6739 4 2 1 1 245 848 1219 131
6740 4 2 1 1 237 1172 2594 1216
6741 4 2 1 1 1083 1163 192 1160
6742 4 2 1 1 3228 3235 3233 453
6743 4 2 1 1 3231 3227 343 3226
6744 4 2 1 1 3253 3252 515 3247
6745 4 2 1 1 1628 2657 2656 2359
6746 4 2 1 1 245 2773 1220 1179
6747 4 2 1 1 3243 119 243 3257
6748 4 2 1 1 3177 3255 1954 3259
6749 4 2 1 1 2248 228 190 189
6750 4 2 1 1 1649 1653 1578 1656
6751 4 2 1 1 133 811 888 134
6752 4 2 1 1 1313 1339 285 2218
6753 4 2 1 1 1383 1397 2650 324
6754 4 2 1 1 2219 1339 2230 2229
6755 4 2 1 1 1299 1228 1305 1225
6756 4 2 1 1 30 1576 402 1654
6757 4 2 1 1 1126 227 2826 2830
6758 4 2 1 1 3209 466 467 428
6759 4 2 1 1 2885 3112 2759 3122
6760 4 2 1 1 3032 3033 3031 420
6761 4 2 1 1 337 2100 2103 2664
6762 4 2 1 1 1339 2219 286 285
6763 4 2 1 1 1339 2219 285 2218
6764 4 2 1 1 2729 1254 2497 1253
6765 4 2 1 1 2685 2142 3135 2368
6766 4 2 1 1 259 1297 19 2964
6767 4 2 1 1 1339 2219 2218 2229
6768 4 2 1 1 3191 3194 3198 296
6769 4 2 1 1 142 143 2969 923
6770 4 2 1 1 330 1363 1442 1444
6771 4 2 1 1 3194 21 1355 292
6772 4 2 1 1 345 1127 1455 1496
6773 4 2 1 1 757 780 797 1831
6774 4 2 1 1 1974 2875 2014 1936
6775 4 2 1 1 836 825 869 248
6776 4 2 1 1 3142 2600 2888 2601
6777 4 2 1 1 825 837 248 836
6778 4 2 1 1 150 576 901 2548
6779 4 2 1 1 296 3191 1344 295
6780 4 2 1 1 2278 2621 1347 1311
6781 4 2 1 1 1104 231 1127 1455
6782 4 2 1 1 3198 283 1356 21
6783 4 2 1 1 864 835 2704 2283
6784 4 2 1 1 1838 1812 3262 1802
6785 4 2 1 1 2422 2421 3123 2324
6786 4 2 1 1 1694 636 1670 1666
6787 4 2 1 1 2529 447 1765 1729
6788 4 2 1 1 803 2572 114 2034
6789 4 2 1 1 373 1546 2689 2257
6790 4 2 1 1 177 584 2775 1006
6791 4 2 1 1 3200 1753 1743 1733
6792 4 2 1 1 430 1387 316 1425
6793 4 2 1 1 975 2721 2722 974
6794 4 2 1 1 3262 1822 3213 1802
6795 4 2 1 1 1759 3125 3126 1758
6796 4 2 1 1 1000 1002 2722 966
6797 4 2 1 1 1486 1493 1465 2666
6798 4 2 1 1 2219 3141 2218 2216
6799 4 2 1 1 316 468 430 467
6800 4 2 1 1 3102 1372 3074 3075
6801 4 2 1 1 1407 1035 1430 3169
6802 4 2 1 1 624 627 2584 2429
6803 4 2 1 1 2369 1393 2712 2150
6804 4 2 1 1 231 194 3212 193
6805 4 2 1 1 833 835 2704 864
6806 4 2 1 1 689 727 2715 2518
6807 4 2 1 1 1078 208 3199 1033
6808 4 2 1 1 2648 1475 1488 1470
6809 4 2 1 1 269 2565 2271 1248
6810 4 2 1 1 3205 1053 3217 3199
6811 4 2 1 1 1390 2369 1395 1393
6812 4 2 1 1 2226 727 2658 2715
6813 4 2 1 1 177 584 3268 2775
6814 4 2 1 1 1406 3125 1417 2536
6815 4 2 1 1 47 750 672 46
6816 4 2 1 1 2075 2073 1731 2074
6817 4 2 1 1 2681 1398 2462 2760
6818 4 2 1 1 727 2226 689 2715
6819 4 2 1 1 3124 2396 3133 2317
6820 4 2 1 1 1537 2685 1540 3135
6821 4 2 1 1 1834 455 3130 1797
6822 4 2 1 1 2130 1539 2125 2686
6823 4 2 1 1 2531 1401 1399 1406
6824 4 2 1 1 2057 2058 2056 3146
6825 4 2 1 1 2344 1115 2726 2688
6826 4 2 1 1 108 70 71 3210
6827 4 2 1 1 373 2257 2781 335
6828 4 2 1 1 3238 3239 1887 1884
6829 4 2 1 1 3142 2600 1003 2888
6830 4 2 1 1 338 377 376 3128
6831 4 2 1 1 338 1579 1582 1501
6832 4 2 1 1 367 3238 3249 1517
6833 4 2 1 1 1851 1931 1930 1853
6834 4 2 1 1 1829 1462 3153 3130
6835 4 2 1 1 2593 1071 1059 1034
6836 4 2 1 1 2540 3134 3137 2624
6837 4 2 1 1 1478 2098 1450 2100
6838 4 2 1 1 3154 2795 3152 2792
6839 4 2 1 1 233 195 108 3210
6840 4 2 1 1 3136 357 2140 1523
6841 4 2 1 1 1871 2703 2121 2122
6842 4 2 1 1 1822 3262 1498 1458
6843 4 2 1 1 2086 2285 2088 1410
6844 4 2 1 1 312 2438 350 311
6845 4 2 1 1 1830 1815 1839 2562
6846 4 2 1 1 1255 2879 1279 1253
6847 4 2 1 1 2831 3222 3173 3167
6848 4 2 1 1 3228 3234 25 3233
6849 4 2 1 1 2207 1128 2202 2206
6850 4 2 1 1 2148 2153 1396 2744
6851 4 2 1 1 2325 1453 1467 2259
6852 4 2 1 1 491 3235 1883 490
6853 4 2 1 1 2375 3157 400 2292
6854 4 2 1 1 1555 367 3249 1517
6855 4 2 1 1 778 777 1795 797
6856 4 2 1 1 1365 283 321 21
6857 4 2 1 1 1998 1925 2000 2003
6858 4 2 1 1 53 2 658 555
6859 4 2 1 1 3161 239 277 240
6860 4 2 1 1 3243 1189 3240 1190
6861 4 2 1 1 2130 1559 1560 1539
6862 4 2 1 1 3234 256 218 255
6863 4 2 1 1 1471 1467 3150 2590
6864 4 2 1 1 1482 1144 1455 1485
6865 4 2 1 1 1628 1620 2359 2656
6866 4 2 1 1 177 2775 178 967
6867 4 2 1 1 1889 3143 1892 1890
6868 4 2 1 1 1536 371 1521 2401
6869 4 2 1 1 1653 1573 1578 1651
6870 4 2 1 1 3112 2885 1267 3122
6871 4 2 1 1 781 3230 3225 754
6872 4 2 1 1 2990 3293 504 1974
6873 4 2 1 1 3241 3238 3251 3240
6874 4 2 1 1 2201 2178 1128 2202
6875 4 2 1 1 3213 342 1482 341
6876 4 2 1 1 2406 2351 1476 2647
6877 4 2 1 1 2406 2351 2405 1476
6878 4 2 1 1 2380 2223 3149 2335
6879 4 2 1 1 3113 2304 2738 2737
6880 4 2 1 1 1453 334 2405 1476
6881 4 2 1 1 2235 498 38 460
6882 4 2 1 1 2157 2160 2159 1380
6883 4 2 1 1 1651 1653 1656 1578
6884 4 2 1 1 1123 1125 1124 1447
6885 4 2 1 1 2541 2368 3134 2540
6886 4 2 1 1 837 839 863 1169
6887 4 2 1 1 1479 230 1104 346
6888 4 2 1 1 331 369 332 1502
6889 4 2 1 1 3134 2685 3135 2368
6890 4 2 1 1 3105 426 1725 3085
6891 4 2 1 1 2828 2417 759 788
6892 4 2 1 1 539 540 2753 384
6893 4 2 1 1 3115 2251 2301 2304
6894 4 2 1 1 224 15 2210 1148
6895 4 2 1 1 540 2919 384 539
6896 4 2 1 1 2919 540 384 385
6897 4 2 1 1 2626 1523 2200 358
6898 4 2 1 1 1521 2725 2631 2126
6899 4 2 1 1 397 396 2627 2297
6900 4 2 1 1 1547 1521 2126 1538
6901 4 2 1 1 337 1478 1450 2100
6902 4 2 1 1 3156 1691 1696 1659
6903 4 2 1 1 23 345 1436 26
6904 4 2 1 1 3234 28 365 1564
6905 4 2 1 1 3250 3246 3249 3247
6906 4 2 1 1 504 3293 2990 2920
6907 4 2 1 1 1363 329 330 1442
6908 4 2 1 1 290 1363 328 291
6909 4 2 1 1 2312 3124 2674 2314
6910 4 2 1 1 2144 1200 1198 3135
6911 4 2 1 1 290 3124 291 328
6912 4 2 1 1 3070 418 3049 3069
6913 4 2 1 1 1707 63 617 3058
6914 4 2 1 1 1706 1676 2023 413
6915 4 2 1 1 279 3248 1634 393
6916 4 2 1 1 3109 414 413 2522
6917 4 2 1 1 1707 63 3058 417
6918 4 2 1 1 1775 33 3120 427
6919 4 2 1 1 2006 3163 2752 2873
6920 4 2 1 1 73 111 428 427
6921 4 2 1 1 1889 1552 1894 3129
6922 4 2 1 1 3107 3016 421 3030
6923 4 2 1 1 430 1782 1861 468
6924 4 2 1 1 817 740 813 819
6925 4 2 1 1 429 1861 430 1784
6926 4 2 1 1 427 428 1780 1857
6927 4 2 1 1 2441 767 765 761
6928 4 2 1 1 493 3129 3128 1893
6929 4 2 1 1 396 1651 358 1655
6930 4 2 1 1 2087 312 2088 2147
6931 4 2 1 1 209 722 1040 3217
6932 4 2 1 1 1783 1782 1859 1861
6933 4 2 1 1 338 377 3128 339
6934 4 2 1 1 1485 1144 1138 1125
6935 4 2 1 1 2705 3129 3128 2109
6936 4 2 1 1 928 2866 2051 940
6937 4 2 1 1 1044 2174 2177 2176
6938 4 2 1 1 2453 2358 1612 1615
6939 4 2 1 1 1761 1738 1770 707
6940 4 2 1 1 1726 725 1739 706
6941 4 2 1 1 373 374 2257 335
6942 4 2 1 1 443 3193 3195 442
6943 4 2 1 1 3180 1261 1260 1259
6944 4 2 1 1 3201 3202 3212 320
6945 4 2 1 1 493 3129 1893 1894
6946 4 2 1 1 1770 3214 1740 1743
6947 4 2 1 1 3214 3200 1414 1743
6948 4 2 1 1 2105 2108 3129 1524
6949 4 2 1 1 492 1567 1868 3233
6950 4 2 1 1 1625 1977 1940 1597
6951 4 2 1 1 2793 411 412 1667
6952 4 2 1 1 2211 3161 3164 395
6953 4 2 1 1 1789 450 449 412
6954 4 2 1 1 1284 1247 3178 1260
6955 4 2 1 1 144 2973 2953 2946
6956 4 2 1 1 1705 2061 2253 31
6957 4 2 1 1 2245 3171 2246 3170
6958 4 2 1 1 3234 331 369 255
6959 4 2 1 1 2036 1627 1590 1638
6960 4 2 1 1 2244 2245 1814 2242
6961 4 2 1 1 1254 1244 1264 2448
6962 4 2 1 1 1815 2328 2562 2243
6963 4 2 1 1 3258 3254 3260 3255
6964 4 2 1 1 3233 492 491 1868
6965 4 2 1 1 2927 3000 3005 263
6966 4 2 1 1 2165 1380 2693 309
6967 4 2 1 1 2497 1251 1252 1253
6968 4 2 1 1 1896 3242 1917 3249
6969 4 2 1 1 19 2960 268 2985
6970 4 2 1 1 29 2971 2972 2940
6971 4 2 1 1 238 276 2713 277
6972 4 2 1 1 3211 1838 1802 1831
6973 4 2 1 1 496 2530 457 2661
6974 4 2 1 1 3171 777 1806 1795
6975 4 2 1 1 1310 2006 2886 2914
6976 4 2 1 1 491 3244 3233 1868
6977 4 2 1 1 2960 268 2969 267
6978 4 2 1 1 2002 1924 1996 2000
6979 4 2 1 1 520 2742 2741 2463
6980 4 2 1 1 3172 2702 2821 2337
6981 4 2 1 1 365 1528 1567 3244
6982 4 2 1 1 2394 1823 2789 2393
6983 4 2 1 1 1565 1526 241 1171
6984 4 2 1 1 334 1476 335 2781
6985 4 2 1 1 2328 1817 1839 2330
6986 4 2 1 1 174 2643 627 652
6987 4 2 1 1 2966 1647 1645 2979
6988 4 2 1 1 2713 2596 1197 2692
6989 4 2 1 1 2328 1839 2667 2330
6990 4 2 1 1 433 2789 471 2785
6991 4 2 1 1 433 1779 432 471
6992 4 2 1 1 2710 1934 2737 2304
6993 4 2 1 1 890 928 2554 2550
6994 4 2 1 1 1885 1552 1868 1894
6995 4 2 1 1 492 1567 3233 378
6996 4 2 1 1 1060 1061 3145 3162
6997 4 2 1 1 28 365 1567 3233
6998 4 2 1 1 887 100 810 5
6999 4 2 1 1 3035 3183 3037 3182
7000 4 2 1 1 26 341 3213 1496
7001 4 2 1 1 498 2559 497 460
7002 4 2 1 1 629 2747 2429 2799
7003 4 2 1 1 3114 415 2519 3117
7004 4 2 1 1 1924 481 482 519
7005 4 2 1 1 2120 1882 1905 2117
7006 4 2 1 1 2787 3128 2634 3130
7007 4 2 1 1 377 492 1894 493
7008 4 2 1 1 1138 1471 1500 1485
7009 4 2 1 1 3066 3065 186 3056
7010 4 2 1 1 2459 2527 1835 2366
7011 4 2 1 1 1774 2064 2063 2062
7012 4 2 1 1 1928 498 497 460
7013 4 2 1 1 2735 1408 314 2079
7014 4 2 1 1 3201 3215 1073 3216
7015 4 2 1 1 2669 1180 1179 1168
7016 4 2 1 1 494 457 495 2527
7017 4 2 1 1 2634 3128 2378 2705
7018 4 2 1 1 2522 3269 2889 2023
7019 4 2 1 1 2119 2122 1897 2121
7020 4 2 1 1 1350 1308 1340 2748
7021 4 2 1 1 3117 1695 2519 2253
7022 4 2 1 1 171 172 46 970
7023 4 2 1 1 437 1763 3173 1773
7024 4 2 1 1 3215 3205 3216 3214
7025 4 2 1 1 1988 3011 504 2924
7026 4 2 1 1 506 2992 1994 505
7027 4 2 1 1 1308 2748 2895 2025
7028 4 2 1 1 3145 1064 1069 1062
7029 4 2 1 1 1637 3246 30 3253
7030 4 2 1 1 641 2053 622 2055
7031 4 2 1 1 2839 692 731 90
7032 4 2 1 1 2691 89 3160 714
7033 4 2 1 1 400 3165 1594 2292
7034 4 2 1 1 3114 415 3117 1694
7035 4 2 1 1 1419 3169 1407 1430
7036 4 2 1 1 2367 2677 1697 2320
7037 4 2 1 1 866 1872 1901 1916
7038 4 2 1 1 3252 514 1953 515
7039 4 2 1 1 641 2848 662 2053
7040 4 2 1 1 1915 2724 2603 1867
7041 4 2 1 1 2232 486 3119 3118
7042 4 2 1 1 605 1706 2023 3269
7043 4 2 1 1 2424 2556 83 2284
7044 4 2 1 1 1009 998 176 615
7045 4 2 1 1 2479 1350 2748 2895
7046 4 2 1 1 527 3270 2026 526
7047 4 2 1 1 2768 1246 1286 259
7048 4 2 1 1 2246 3171 2719 3170
7049 4 2 1 1 1903 847 1864 1916
7050 4 2 1 1 2270 1289 2271 2282
7051 4 2 1 1 2723 963 2734 2363
7052 4 2 1 1 2522 3269 2023 413
7053 4 2 1 1 2754 538 383 537
7054 4 2 1 1 1612 2297 1616 2358
7055 4 2 1 1 1308 2895 2748 1350
7056 4 2 1 1 3287 2865 2758 3112
7057 4 2 1 1 3211 467 3213 3209
7058 4 2 1 1 2813 3120 2348 3170
7059 4 2 1 1 1710 1793 1791 1787
7060 4 2 1 1 2065 1772 1736 449
7061 4 2 1 1 85 48 86 3193
7062 4 2 1 1 3279 386 3008 2926
7063 4 2 1 1 565 803 2573 101
7064 4 2 1 1 1387 315 3127 1732
7065 4 2 1 1 802 2817 790 104
7066 4 2 1 1 3069 419 1664 3035
7067 4 2 1 1 1819 2329 1820 1817
7068 4 2 1 1 1133 1104 3151 230
7069 4 2 1 1 3251 3238 3237 3240
7070 4 2 1 1 3093 3295 3284 591
7071 4 2 1 1 1756 1757 3127 1755
7072 4 2 1 1 448 2586 410 449
7073 4 2 1 1 147 146 2996 2981
7074 4 2 1 1 2459 1835 2527 457
7075 4 2 1 1 661 650 2028 622
7076 4 2 1 1 2754 538 2008 383
7077 4 2 1 1 539 2919 384 2998
7078 4 2 1 1 2527 2530 1869 2118
7079 4 2 1 1 1742 1427 1778 1744
7080 4 2 1 1 1530 3143 1531 1529
7081 4 2 1 1 2916 508 548 507
7082 4 2 1 1 458 1932 497 1854
7083 4 2 1 1 1104 1500 1485 1138
7084 4 2 1 1 550 3271 2027 2847
7085 4 2 1 1 1629 1610 1609 2865
7086 4 2 1 1 2127 2120 1880 1881
7087 4 2 1 1 304 3263 3289 3022
7088 4 2 1 1 1609 2757 2909 2455
7089 4 2 1 1 2798 690 729 2804
7090 4 2 1 1 690 718 2804 2478
7091 4 2 1 1 2333 2377 2244 1830
7092 4 2 1 1 510 3113 511 2737
7093 4 2 1 1 2184 1108 211 212
7094 4 2 1 1 81 4 2019 729
7095 4 2 1 1 711 707 3207 710
7096 4 2 1 1 1393 1422 2150 1396
7097 4 2 1 1 2798 690 2804 2478
7098 4 2 1 1 1849 1927 1853 1930
7099 4 2 1 1 3149 1130 1472 1138
7100 4 2 1 1 866 849 1901 1872
7101 4 2 1 1 59 642 3024 3083
7102 4 2 1 1 76 2807 75 691
7103 4 2 1 1 352 314 1509 1512
7104 4 2 1 1 763 804 2832 101
7105 4 2 1 1 300 3091 3097 3027
7106 4 2 1 1 748 749 747 669
7107 4 2 1 1 120 854 3247 823
7108 4 2 1 1 1849 490 1927 489
7109 4 2 1 1 568 801 104 5
7110 4 2 1 1 3222 3160 2684 3173
7111 4 2 1 1 2081 3131 2080 2079
7112 4 2 1 1 2958 1642 2966 380
7113 4 2 1 1 99 136 137 885
7114 4 2 1 1 1242 3164 3148 1271
7115 4 2 1 1 3095 299 3295 3019
7116 4 2 1 1 1756 1752 2073 2539
7117 4 2 1 1 955 874 878 877
7118 4 2 1 1 3295 3095 3093 3163
7119 4 2 1 1 364 363 1527 478
7120 4 2 1 1 2759 2906 3122 2865
7121 4 2 1 1 3105 3059 3071 1725
7122 4 2 1 1 1203 848 867 827
7123 4 2 1 1 873 2577 2012 570
7124 4 2 1 1 1493 1486 1452 2666
7125 4 2 1 1 209 85 722 3217
7126 4 2 1 1 2288 2289 3157 2287
7127 4 2 1 1 785 1808 1804 3261
7128 4 2 1 1 485 2234 3172 3118
7129 4 2 1 1 2770 272 1274 2771
7130 4 2 1 1 477 514 515 1923
7131 4 2 1 1 91 129 130 889
7132 4 2 1 1 2230 286 2650 2305
7133 4 2 1 1 1603 1604 3158 2364
7134 4 2 1 1 425 604 603 3012
7135 4 2 1 1 1597 387 1633 3111
7136 4 2 1 1 1720 1722 1725 3071
7137 4 2 1 1 3125 2538 1417 2536
7138 4 2 1 1 29 2971 379 2972
7139 4 2 1 1 1797 1827 2487 3153
7140 4 2 1 1 3288 2026 527 3270
7141 4 2 1 1 2275 247 838 835
7142 4 2 1 1 3218 3198 208 170
7143 4 2 1 1 2959 2967 3002 1294
7144 4 2 1 1 47 209 171 3218
7145 4 2 1 1 1979 1969 2433 1941
7146 4 2 1 1 2179 2155 1175 2690
7147 4 2 1 1 751 670 748 746
7148 4 2 1 1 2985 2986 272 19
7149 4 2 1 1 458 2661 2459 2602
7150 4 2 1 1 47 3192 3218 171
7151 4 2 1 1 46 615 632 970
7152 4 2 1 1 2585 173 652 174
7153 4 2 1 1 2919 540 385 3008
7154 4 2 1 1 2451 2906 3122 2759
7155 4 2 1 1 2288 2290 3157 2289
7156 4 2 1 1 400 362 361 1571
7157 4 2 1 1 960 998 1010 625
7158 4 2 1 1 849 3172 829 3118
7159 4 2 1 1 2960 2959 2964 1297
7160 4 2 1 1 19 1286 259 2986
7161 4 2 1 1 1500 1489 3151 1479
7162 4 2 1 1 3288 2026 3270 272
7163 4 2 1 1 1262 1639 1282 1624
7164 4 2 1 1 1991 1992 2954 2976
7165 4 2 1 1 2312 3124 2314 290
7166 4 2 1 1 1464 2097 2096 2095
7167 4 2 1 1 2325 1467 1468 1469
7168 4 2 1 1 969 644 618 654
7169 4 2 1 1 3253 1938 1637 515
7170 4 2 1 1 1940 1625 3174 1976
7171 4 2 1 1 3003 528 2986 259
7172 4 2 1 1 372 373 2689 2781
7173 4 2 1 1 2762 1949 2018 2870
7174 4 2 1 1 2762 1937 1949 2907
7175 4 2 1 1 1937 2762 1949 1980
7176 4 2 1 1 1130 1125 1472 1138
7177 4 2 1 1 1138 1471 1485 1472
7178 4 2 1 1 1257 935 1256 1238
7179 4 2 1 1 1781 1863 1858 436
7180 4 2 1 1 373 2257 2689 2781
7181 4 2 1 1 118 1218 117 825
7182 4 2 1 1 667 751 745 43
7183 4 2 1 1 2137 2567 482 2742
7184 4 2 1 1 157 120 3247 119
7185 4 2 1 1 1607 2909 2385 2641
7186 4 2 1 1 3197 3189 3188 3184
7187 4 2 1 1 2885 2451 3122 2759
7188 4 2 1 1 1137 224 768 223
7189 4 2 1 1 3197 3191 3189 3184
7190 4 2 1 1 1125 1485 1472 1138
7191 4 2 1 1 48 442 3193 404
7192 4 2 1 1 224 756 93 1149
7193 4 2 1 1 556 2048 555 53
7194 4 2 1 1 2815 1965 1952 1960
7195 4 2 1 1 2849 660 621 2049
7196 4 2 1 1 3136 1170 2143 2187
7197 4 2 1 1 556 646 2048 53
7198 4 2 1 1 15 224 93 1149
7199 4 2 1 1 3030 1721 3107 3072
7200 4 2 1 1 3185 1005 1342 987
7201 4 2 1 1 983 964 3141 168
7202 4 2 1 1 2073 2072 1731 2074
7203 4 2 1 1 1134 1119 1143 3224
7204 4 2 1 1 2 2899 42 555
7205 4 2 1 1 2958 1642 380 379
7206 4 2 1 1 44 620 2822 43
7207 4 2 1 1 561 78 2803 79
7208 4 2 1 1 407 446 445 3124
7209 4 2 1 1 3154 2080 352 3131
7210 4 2 1 1 2057 2058 3146 2059
7211 4 2 1 1 2404 2537 2682 3126
7212 4 2 1 1 659 56 647 2029
7213 4 2 1 1 55 557 2543 647
7214 4 2 1 1 2615 859 2616 2617
7215 4 2 1 1 3147 3172 451 35
7216 4 2 1 1 2839 89 2691 692
7217 4 2 1 1 3143 2293 3144 1531
7218 4 2 1 1 2651 496 458 2661
7219 4 2 1 1 3113 510 511 1935
7220 4 2 1 1 2683 1892 2116 1890
7221 4 2 1 1 1819 2329 1817 1818
7222 4 2 1 1 44 2523 2423 82
7223 4 2 1 1 2081 2084 1480 351
7224 4 2 1 1 3142 1003 2600 979
7225 4 2 1 1 547 507 1980 506
7226 4 2 1 1 2406 2784 2647 1473
7227 4 2 1 1 78 683 2803 79
7228 4 2 1 1 2188 2212 1874 2134
7229 4 2 1 1 2740 1951 2356 2456
7230 4 2 1 1 2809 2802 2397 435
7231 4 2 1 1 493 3129 1894 377
7232 4 2 1 1 504 3293 1936 1974
7233 4 2 1 1 825 1178 1206 863
7234 4 2 1 1 110 3209 3211 109
7235 4 2 1 1 675 678 3064 3057
7236 4 2 1 1 520 2395 2741 2742
7237 4 2 1 1 363 3157 1898 479
7238 4 2 1 1 3123 2421 3116 2324
7239 4 2 1 1 678 3046 3064 3057
7240 4 2 1 1 969 3065 186 60
7241 4 2 1 1 674 678 3046 680
7242 4 2 1 1 1559 2685 2130 2136
7243 4 2 1 1 2221 2837 3222 2836
7244 4 2 1 1 1947 1948 1946 2499
7245 4 2 1 1 1595 1639 1624 1282
7246 4 2 1 1 89 88 3160 714
7247 4 2 1 1 549 550 2847 3280
7248 4 2 1 1 2816 2663 2827 1745
7249 4 2 1 1 1115 1141 1103 2688
7250 4 2 1 1 518 1918 1921 1996
7251 4 2 1 1 2713 1243 2471 2700
7252 4 2 1 1 714 2837 735 3222
7253 4 2 1 1 3154 353 1454 1481
7254 4 2 1 1 2597 1184 2166 2594
7255 4 2 1 1 3167 724 3173 704
7256 4 2 1 1 1921 2001 1999 2000
7257 4 2 1 1 701 2412 3166 709
7258 4 2 1 1 2009 730 80 720
7259 4 2 1 1 562 561 2803 79
7260 4 2 1 1 844 843 842 2814
7261 4 2 1 1 3131 2076 2078 2077
7262 4 2 1 1 23 3202 26 354
7263 4 2 1 1 230 231 192 1160
7264 4 2 1 1 624 998 176 175
7265 4 2 1 1 2053 641 622 662
7266 4 2 1 1 85 3218 3195 3217
7267 4 2 1 1 1761 712 685 703
7268 4 2 1 1 1031 723 1049 1050
7269 4 2 1 1 1761 703 707 712
7270 4 2 1 1 231 1083 192 1160
7271 4 2 1 1 3173 1726 725 1763
7272 4 2 1 1 2146 2152 1174 2623
7273 4 2 1 1 145 2962 1982 893
7274 4 2 1 1 2669 2464 1179 1180
7275 4 2 1 1 499 2962 1982 145
7276 4 2 1 1 1050 710 3208 3216
7277 4 2 1 1 231 1083 1160 1089
7278 4 2 1 1 1726 725 706 704
7279 4 2 1 1 323 3139 3141 2216
7280 4 2 1 1 3167 724 704 705
7281 4 2 1 1 411 1702 1667 2793
7282 4 2 1 1 1904 481 2724 1867
7283 4 2 1 1 135 826 134 490
7284 4 2 1 1 3167 2831 438 3173
7285 4 2 1 1 594 301 593 2825
7286 4 2 1 1 1233 1156 1229 1232
7287 4 2 1 1 301 1346 593 2825
7288 4 2 1 1 2144 1200 3135 3134
7289 4 2 1 1 299 3295 3019 3276
7290 4 2 1 1 1507 1581 1505 1585
7291 4 2 1 1 3173 725 1726 704
7292 4 2 1 1 703 1738 1726 1737
7293 4 2 1 1 712 711 3207 72
7294 4 2 1 1 1427 1386 1759 1404
7295 4 2 1 1 2831 3222 3167 2413
7296 4 2 1 1 565 2573 566 101
7297 4 2 1 1 1735 716 725 688
7298 4 2 1 1 107 2828 68 2342
7299 4 2 1 1 2831 3222 2413 2836
7300 4 2 1 1 194 3201 3212 1058
7301 4 2 1 1 2013 3272 3281 533
7302 4 2 1 1 2504 2516 1678 2491
7303 4 2 1 1 3222 2837 2414 2836
7304 4 2 1 1 694 2410 2478 695
7305 4 2 1 1 1366 1441 1445 324
7306 4 2 1 1 3222 705 735 724
7307 4 2 1 1 3139 2670 205 3141
7308 4 2 1 1 3262 1812 1822 1802
7309 4 2 1 1 1565 3250 1553 1171
7310 4 2 1 1 2571 2411 75 2807
7311 4 2 1 1 1526 1209 1171 1553
7312 4 2 1 1 2936 501 2937 2938
7313 4 2 1 1 1646 2978 2972 2966
7314 4 2 1 1 2850 771 772 753
7315 4 2 1 1 549 508 2869 548
7316 4 2 1 1 2958 1642 379 2972
7317 4 2 1 1 1565 1526 1171 1553
7318 4 2 1 1 1575 1574 1652 1571
7319 4 2 1 1 2219 3141 2216 323
7320 4 2 1 1 3138 1101 2206 215
7321 4 2 1 1 1056 1376 1428 1054
7322 4 2 1 1 741 740 739 816
7323 4 2 1 1 740 741 817 816
7324 4 2 1 1 773 772 753 2818
7325 4 2 1 1 1002 992 2015 966
7326 4 2 1 1 3289 1340 1312 303
7327 4 2 1 1 1657 639 636 637
7328 4 2 1 1 3186 1671 1674 1700
7329 4 2 1 1 3205 3217 3195 3199
7330 4 2 1 1 1821 1827 2345 1828
7331 4 2 1 1 749 89 669 51
7332 4 2 1 1 3254 924 157 896
7333 4 2 1 1 2102 375 337 2103
7334 4 2 1 1 666 747 49 669
7335 4 2 1 1 2245 3171 3170 461
7336 4 2 1 1 315 353 314 3131
7337 4 2 1 1 3204 1771 3196 3195
7338 4 2 1 1 505 546 2924 545
7339 4 2 1 1 3213 232 1107 3220
7340 4 2 1 1 1404 1403 3126 1402
7341 4 2 1 1 1756 2090 3125 2539
7342 4 2 1 1 3143 1890 1908 3144
7343 4 2 1 1 1020 1018 1091 1095
7344 4 2 1 1 2164 3169 2694 2162
7345 4 2 1 1 650 56 661 2028
7346 4 2 1 1 1881 2119 1897 2121
7347 4 2 1 1 2069 1749 2067 2598
7348 4 2 1 1 507 2916 1994 2992
7349 4 2 1 1 3159 2338 2238 2381
7350 4 2 1 1 2721 975 2722 2469
7351 4 2 1 1 2245 3171 461 2242
7352 4 2 1 1 791 3211 786 757
7353 4 2 1 1 1795 777 1806 797
7354 4 2 1 1 3211 109 3220 786
7355 4 2 1 1 1134 3224 1143 3220
7356 4 2 1 1 3239 1884 3237 1891
7357 4 2 1 1 1829 3152 3153 1460
7358 4 2 1 1 1934 1972 2711 2737
7359 4 2 1 1 1734 2809 2680 1762
7360 4 2 1 1 3132 844 845 824
7361 4 2 1 1 2711 1944 1947 2905
7362 4 2 1 1 1866 3157 479 1898
7363 4 2 1 1 3143 1908 1530 3144
7364 4 2 1 1 1838 3221 1807 791
7365 4 2 1 1 3143 1888 1908 1890
7366 4 2 1 1 1869 1893 2705 2111
7367 4 2 1 1 668 83 746 673
7368 4 2 1 1 1134 1119 798 1118
7369 4 2 1 1 2722 1002 2493 2894
7370 4 2 1 1 1750 2069 1729 1749
7371 4 2 1 1 3081 173 1008 3083
7372 4 2 1 1 664 2892 2045 2546
7373 4 2 1 1 3152 1460 1813 1459
7374 4 2 1 1 1936 3293 504 2920
7375 4 2 1 1 1135 2489 1142 2341
7376 4 2 1 1 1923 1922 1919 2000
7377 4 2 1 1 345 1510 346 1432
7378 4 2 1 1 272 3270 2987 2026
7379 4 2 1 1 111 465 112 780
7380 4 2 1 1 2890 272 2987 2026
7381 4 2 1 1 1570 3136 1199 3135
7382 4 2 1 1 3288 2768 1286 259
7383 4 2 1 1 2764 2815 1985 2880
7384 4 2 1 1 925 2421 2801 2552
7385 4 2 1 1 2718 37 3123 488
7386 4 2 1 1 3175 1966 2973 2939
7387 4 2 1 1 899 3282 139 2867
7388 4 2 1 1 2900 579 2 57
7389 4 2 1 1 69 70 108 196
7390 4 2 1 1 2756 2757 1593 2037
7391 4 2 1 1 3160 2691 714 2221
7392 4 2 1 1 429 3209 467 428
7393 4 2 1 1 1882 1915 2120 1880
7394 4 2 1 1 1110 2655 2205 2829
7395 4 2 1 1 2835 15 2210 224
7396 4 2 1 1 806 91 812 889
7397 4 2 1 1 171 208 209 1097
7398 4 2 1 1 2179 250 212 2184
7399 4 2 1 1 3276 3019 592 3295
7400 4 2 1 1 1630 1621 1593 2037
7401 4 2 1 1 3287 2757 1593 2756
7402 4 2 1 1 3171 462 1806 461
7403 4 2 1 1 462 3171 1806 1795
7404 4 2 1 1 3058 3059 3079 1707
7405 4 2 1 1 8 569 138 5
7406 4 2 1 1 2757 1629 1593 1630
7407 4 2 1 1 899 3282 2867 2047
7408 4 2 1 1 2547 620 2029 2822
7409 4 2 1 1 2866 928 900 940
7410 4 2 1 1 138 2580 2579 872
7411 4 2 1 1 3166 2348 2411 3120
7412 4 2 1 1 1074 2699 2177 2174
7413 4 2 1 1 2834 568 801 104
7414 4 2 1 1 2707 1899 1876 1875
7415 4 2 1 1 1874 2212 484 483
7416 4 2 1 1 619 2545 2544 2048
7417 4 2 1 1 1976 1625 3177 1956
7418 4 2 1 1 2419 774 2381 2418
7419 4 2 1 1 3143 2116 1892 1890
7420 4 2 1 1 466 3211 1802 1831
7421 4 2 1 1 646 619 2544 2048
7422 4 2 1 1 2312 2310 1309 2313
7423 4 2 1 1 3262 3211 1802 3213
7424 4 2 1 1 2079 3131 2078 2077
7425 4 2 1 1 1991 2934 2976 2936
7426 4 2 1 1 109 110 786 3211
7427 4 2 1 1 1308 1337 2825 2895
7428 4 2 1 1 108 109 71 819
7429 4 2 1 1 815 740 817 819
7430 4 2 1 1 1175 2714 2179 2690
7431 4 2 1 1 20 2272 2271 269
7432 4 2 1 1 3209 109 71 3210
7433 4 2 1 1 71 72 742 819
7434 4 2 1 1 903 2549 927 891
7435 4 2 1 1 72 109 110 819
7436 4 2 1 1 690 81 82 2798
7437 4 2 1 1 87 744 747 49
7438 4 2 1 1 3295 3095 3163 1352
7439 4 2 1 1 513 40 475 3116
7440 4 2 1 1 1984 3116 40 509
7441 4 2 1 1 880 118 119 156
7442 4 2 1 1 3146 638 50 51
7443 4 2 1 1 572 858 127 128
7444 4 2 1 1 2093 2065 450 449
7445 4 2 1 1 2545 619 57 658
7446 4 2 1 1 2977 388 2935 387
7447 4 2 1 1 2762 1937 2907 2042
7448 4 2 1 1 2171 1048 2170 1070
7449 4 2 1 1 2545 2900 2048 658
7450 4 2 1 1 1181 2264 2266 2263
7451 4 2 1 1 2372 2912 2447 1249
7452 4 2 1 1 3000 264 3005 263
7453 4 2 1 1 299 3295 3276 1310
7454 4 2 1 1 3114 2520 2521 2519
7455 4 2 1 1 17 1305 273 1228
7456 4 2 1 1 2525 2044 2524 3219
7457 4 2 1 1 1972 1947 1934 2711
7458 4 2 1 1 1748 2069 2070 1751
7459 4 2 1 1 702 1726 704 3167
7460 4 2 1 1 1295 2967 1294 3002
7461 4 2 1 1 1848 1932 1926 457
7462 4 2 1 1 2199 1865 486 1875
7463 4 2 1 1 89 2691 692 714
7464 4 2 1 1 2068 2069 2070 1748
7465 4 2 1 1 1900 3132 1864 845
7466 4 2 1 1 875 879 955 878
7467 4 2 1 1 91 806 883 889
7468 4 2 1 1 92 2578 130 91
7469 4 2 1 1 92 2852 2851 130
7470 4 2 1 1 2578 857 130 129
7471 4 2 1 1 19 2960 2964 1297
7472 4 2 1 1 828 131 2408 130
7473 4 2 1 1 1997 1923 2001 514
7474 4 2 1 1 2773 1220 2195 2774
7475 4 2 1 1 2846 1099 2194 2205
7476 4 2 1 1 2699 2175 1037 2346
7477 4 2 1 1 1157 1155 1234 214
7478 4 2 1 1 409 410 2458 2367
7479 4 2 1 1 2377 473 2397 2743
7480 4 2 1 1 78 561 718 2812
7481 4 2 1 1 161 162 123 956
7482 4 2 1 1 573 2615 871 128
7483 4 2 1 1 162 124 123 956
7484 4 2 1 1 3117 3146 1704 416
7485 4 2 1 1 444 1386 1766 1730
7486 4 2 1 1 2388 2361 2367 1660
7487 4 2 1 1 2690 2155 1175 2154
7488 4 2 1 1 879 877 123 956
7489 4 2 1 1 2421 161 2801 123
7490 4 2 1 1 2071 2069 1751 2070
7491 4 2 1 1 2857 901 942 2030
7492 4 2 1 1 2710 1934 2711 2737
7493 4 2 1 1 7 162 956 124
7494 4 2 1 1 378 340 28 3233
7495 4 2 1 1 154 2564 153 115
7496 4 2 1 1 853 855 860 3237
7497 4 2 1 1 664 2892 2546 619
7498 4 2 1 1 313 2735 314 2081
7499 4 2 1 1 1379 2086 313 1410
7500 4 2 1 1 3073 3051 1371 3074
7501 4 2 1 1 257 133 132 827
7502 4 2 1 1 910 2805 2551 2555
7503 4 2 1 1 1503 334 335 372
7504 4 2 1 1 3179 921 922 929
7505 4 2 1 1 70 195 196 1066
7506 4 2 1 1 2659 1464 2660 3152
7507 4 2 1 1 313 2735 2081 2086
7508 4 2 1 1 2538 2079 2077 3127
7509 4 2 1 1 1289 20 2271 269
7510 4 2 1 1 1288 917 269 1256
7511 4 2 1 1 3281 1239 3272 2013
7512 4 2 1 1 1526 1209 1556 1201
7513 4 2 1 1 2404 2403 1382 2322
7514 4 2 1 1 2222 2782 2778 1490
7515 4 2 1 1 1309 1327 2437 2613
7516 4 2 1 1 876 958 953 955
7517 4 2 1 1 980 166 963 2734
7518 4 2 1 1 2298 2454 907 2353
7519 4 2 1 1 3113 914 915 1935
7520 4 2 1 1 173 994 174 2508
7521 4 2 1 1 1997 1923 514 1919
7522 4 2 1 1 3278 583 2891 3285
7523 4 2 1 1 928 890 2554 911
7524 4 2 1 1 2454 2808 904 2353
7525 4 2 1 1 1746 2091 2066 2676
7526 4 2 1 1 1049 723 699 715
7527 4 2 1 1 675 679 678 3057
7528 4 2 1 1 3147 2236 2238 2338
7529 4 2 1 1 1777 1750 2092 1729
7530 4 2 1 1 3177 1954 3255 1957
7531 4 2 1 1 2827 3167 2831 438
7532 4 2 1 1 3029 3051 3080 304
7533 4 2 1 1 1856 470 1859 432
7534 4 2 1 1 935 908 907 1238
7535 4 2 1 1 271 2808 2454 2890
7536 4 2 1 1 2167 2182 3162 2163
7537 4 2 1 1 1956 3259 3177 1954
7538 4 2 1 1 1750 2069 2092 1729
7539 4 2 1 1 1284 1247 267 3178
7540 4 2 1 1 3136 1199 3135 1198
7541 4 2 1 1 1750 2071 1777 2092
7542 4 2 1 1 2259 1467 3150 1466
7543 4 2 1 1 892 143 923 3178
7544 4 2 1 1 1862 472 471 434
7545 4 2 1 1 868 3132 2814 2736
7546 4 2 1 1 1983 1944 2869 508
7547 4 2 1 1 3110 2962 1982 2983
7548 4 2 1 1 736 740 813 816
7549 4 2 1 1 484 2212 2188 2213
7550 4 2 1 1 946 146 147 2981
7551 4 2 1 1 1750 2069 2071 2092
7552 4 2 1 1 1981 3116 918 3115
7553 4 2 1 1 1532 1530 3144 1531
7554 4 2 1 1 2434 1969 1945 2569
7555 4 2 1 1 3179 3260 1257 929
7556 4 2 1 1 1247 2969 3178 923
7557 4 2 1 1 513 476 514 159
7558 4 2 1 1 1636 1625 3174 1940
7559 4 2 1 1 3113 2354 2738 3115
7560 4 2 1 1 1997 1923 1919 2000
7561 4 2 1 1 3260 935 929 896
7562 4 2 1 1 2449 2731 1264 2730
7563 4 2 1 1 2482 2353 933 904
7564 4 2 1 1 2641 2296 1608 2455
7565 4 2 1 1 2086 2087 2084 313
7566 4 2 1 1 330 444 1386 329
7567 4 2 1 1 520 2395 1941 2741
7568 4 2 1 1 2361 1697 2360 2320
7569 4 2 1 1 619 2544 2546 651
7570 4 2 1 1 950 2918 2968 944
7571 4 2 1 1 2411 2813 3120 2348
7572 4 2 1 1 1332 1331 1334 2474
7573 4 2 1 1 1550 2103 2102 2104
7574 4 2 1 1 3093 3295 591 3019
7575 4 2 1 1 294 3186 295 1307
7576 4 2 1 1 375 1522 2103 1550
7577 4 2 1 1 630 3192 3188 3184
7578 4 2 1 1 2980 2970 2987 141
7579 4 2 1 1 2970 894 2987 141
7580 4 2 1 1 877 161 956 954
7581 4 2 1 1 1119 1134 798 792
7582 4 2 1 1 1712 1794 412 1717
7583 4 2 1 1 2112 1522 2106 2107
7584 4 2 1 1 1550 1522 2103 2106
7585 4 2 1 1 1948 2746 2870 1949
7586 4 2 1 1 1542 2124 1541 2115
7587 4 2 1 1 2214 484 2188 2213
7588 4 2 1 1 718 682 2478 695
7589 4 2 1 1 1239 2885 1267 3112
7590 4 2 1 1 1109 1122 1120 3225
7591 4 2 1 1 1178 3243 863 850
7592 4 2 1 1 3026 177 178 1023
7593 4 2 1 1 179 990 178 586
7594 4 2 1 1 1519 2629 1561 2132
7595 4 2 1 1 177 3026 178 3099
7596 4 2 1 1 782 754 3225 3261
7597 4 2 1 1 1519 2709 2628 2132
7598 4 2 1 1 177 3268 178 2775
7599 4 2 1 1 325 2306 288 2532
7600 4 2 1 1 3237 1884 3244 1883
7601 4 2 1 1 2878 967 999 2776
7602 4 2 1 1 2878 967 2776 2775
7603 4 2 1 1 3278 3285 2891 2585
7604 4 2 1 1 760 3171 3170 2719
7605 4 2 1 1 1542 2124 2114 1543
7606 4 2 1 1 1486 2666 2786 2788
7607 4 2 1 1 3191 3190 1671 3184
7608 4 2 1 1 1068 198 698 197
7609 4 2 1 1 1494 3128 3130 339
7610 4 2 1 1 1632 1959 3155 1622
7611 4 2 1 1 997 3188 655 628
7612 4 2 1 1 3183 3182 1700 3184
7613 4 2 1 1 2945 143 2951 949
7614 4 2 1 1 2024 3278 2891 2585
7615 4 2 1 1 887 806 883 5
7616 4 2 1 1 1542 2124 1543 1541
7617 4 2 1 1 2179 213 2158 2180
7618 4 2 1 1 89 2058 3146 2056
7619 4 2 1 1 3192 3197 3188 3184
7620 4 2 1 1 246 2273 1168 247
7621 4 2 1 1 3172 3147 97 98
7622 4 2 1 1 1013 655 969 997
7623 4 2 1 1 1992 2982 1988 1994
7624 4 2 1 1 507 547 2018 548
7625 4 2 1 1 3093 3295 3163 3284
7626 4 2 1 1 1316 1691 1358 1708
7627 4 2 1 1 256 3234 218 3236
7628 4 2 1 1 2920 3267 3293 543
7629 4 2 1 1 1955 1959 1958 1599
7630 4 2 1 1 964 978 981 3140
7631 4 2 1 1 2797 43 1 559
7632 4 2 1 1 1948 2450 2870 2746
7633 4 2 1 1 37 2003 1925 522
7634 4 2 1 1 664 619 2546 651
7635 4 2 1 1 1381 1420 1410 2088
7636 4 2 1 1 1944 507 2018 2869
7637 4 2 1 1 919 1943 2953 500
7638 4 2 1 1 1265 279 1595 1242
7639 4 2 1 1 1797 455 3130 456
7640 4 2 1 1 992 180 2015 966
7641 4 2 1 1 2722 2493 1002 974
7642 4 2 1 1 3175 3176 2941 3178
7643 4 2 1 1 3128 377 1524 3129
7644 4 2 1 1 1729 2069 2092 2598
7645 4 2 1 1 2541 2725 1521 2686
7646 4 2 1 1 1515 1437 1435 1433
7647 4 2 1 1 2725 1521 2686 2126
7648 4 2 1 1 448 2529 2458 2598
7649 4 2 1 1 1668 617 1707 1693
7650 4 2 1 1 2163 2182 3162 1389
7651 4 2 1 1 2808 905 904 2876
7652 4 2 1 1 419 3182 1664 3035
7653 4 2 1 1 587 180 179 966
7654 4 2 1 1 3036 3182 3033 3035
7655 4 2 1 1 2277 2410 2658 696
7656 4 2 1 1 631 628 655 3188
7657 4 2 1 1 1480 2082 2085 2084
7658 4 2 1 1 180 1027 1025 3013
7659 4 2 1 1 3029 1663 3121 421
7660 4 2 1 1 1265 3258 3253 1245
7661 4 2 1 1 905 903 904 2876
7662 4 2 1 1 1383 2219 2650 2611
7663 4 2 1 1 3198 3218 986 170
7664 4 2 1 1 3087 180 3013 588
7665 4 2 1 1 899 903 905 2876
7666 4 2 1 1 2947 1292 2959 2960
7667 4 2 1 1 432 469 470 1859
7668 4 2 1 1 900 913 911 2887
7669 4 2 1 1 972 2468 971 977
7670 4 2 1 1 2363 972 973 2721
7671 4 2 1 1 918 513 1981 1942
7672 4 2 1 1 1984 3116 2251 2214
7673 4 2 1 1 1175 2714 2690 1204
7674 4 2 1 1 2776 2446 2469 999
7675 4 2 1 1 3295 591 3019 592
7676 4 2 1 1 1175 2714 1204 250
7677 4 2 1 1 1588 3180 1623 391
7678 4 2 1 1 3179 1257 908 929
7679 4 2 1 1 3134 2685 2368 2541
7680 4 2 1 1 3044 3055 1028 3043
7681 4 2 1 1 2867 139 2902 523
7682 4 2 1 1 1921 2001 2000 1923
7683 4 2 1 1 250 213 251 2179
7684 4 2 1 1 3055 1024 1028 3043
7685 4 2 1 1 524 2867 523 3282
7686 4 2 1 1 939 139 2902 2867
7687 4 2 1 1 2937 2940 2939 3174
7688 4 2 1 1 3136 357 1523 1549
7689 4 2 1 1 3044 3055 1026 1028
7690 4 2 1 1 3044 1026 1022 1028
7691 4 2 1 1 2762 506 2042 546
7692 4 2 1 1 3194 21 292 24
7693 4 2 1 1 330 3194 292 24
7694 4 2 1 1 1265 3248 3253 1634
7695 4 2 1 1 2967 2948 1290 1294
7696 4 2 1 1 943 947 2961 946
7697 4 2 1 1 1444 1365 321 24
7698 4 2 1 1 3136 1523 2140 2136
7699 4 2 1 1 1365 21 321 24
7700 4 2 1 1 920 1987 3175 3181
7701 4 2 1 1 2053 2054 622 2055
7702 4 2 1 1 2444 2564 830 2509
7703 4 2 1 1 2867 139 523 3282
7704 4 2 1 1 168 206 207 1091
7705 4 2 1 1 3180 3176 1260 1261
7706 4 2 1 1 1078 1053 3199 3217
7707 4 2 1 1 3169 1064 3145 2169
7708 4 2 1 1 144 892 919 3175
7709 4 2 1 1 3254 924 3255 3252
7710 4 2 1 1 2182 2215 3162 3139
7711 4 2 1 1 2188 1874 2212 484
7712 4 2 1 1 2215 2670 2649 3139
7713 4 2 1 1 2977 29 2972 2940
7714 4 2 1 1 2982 2916 1994 1990
7715 4 2 1 1 139 523 9 2902
7716 4 2 1 1 1994 507 1990 2916
7717 4 2 1 1 2988 140 2980 2928
7718 4 2 1 1 528 3273 2768 259
7719 4 2 1 1 3274 147 2046 937
7720 4 2 1 1 939 139 9 2902
7721 4 2 1 1 2982 2916 2992 1994
7722 4 2 1 1 3273 260 2768 259
7723 4 2 1 1 1287 2970 142 894
7724 4 2 1 1 899 939 2867 139
7725 4 2 1 1 248 1205 2268 247
7726 4 2 1 1 2987 2980 141 2928
7727 4 2 1 1 213 2178 2158 2620
7728 4 2 1 1 2727 1113 2484 2726
7729 4 2 1 1 1691 1316 1696 1708
7730 4 2 1 1 85 209 722 84
7731 4 2 1 1 2494 1689 1688 3108
7732 4 2 1 1 990 967 178 2040
7733 4 2 1 1 2218 2254 2217 3141
7734 4 2 1 1 1716 1712 1791 1789
7735 4 2 1 1 2493 976 974 973
7736 4 2 1 1 1142 2489 2484 2341
7737 4 2 1 1 419 3182 3035 3033
7738 4 2 1 1 2186 2189 2183 1039
7739 4 2 1 1 631 3187 655 3183
7740 4 2 1 1 2574 105 2033 2575
7741 4 2 1 1 719 2803 2513 2843
7742 4 2 1 1 419 3182 3033 1684
7743 4 2 1 1 4 2020 731 90
7744 4 2 1 1 1103 213 1147 2620
7745 4 2 1 1 3215 3201 1073 1055
7746 4 2 1 1 3208 1066 1050 1073
7747 4 2 1 1 2503 1676 1692 1677
7748 4 2 1 1 1597 1978 1977 1968
7749 4 2 1 1 1013 655 997 3188
7750 4 2 1 1 3215 1412 3201 1055
7751 4 2 1 1 3156 2452 2612 2315
7752 4 2 1 1 776 3171 774 3159
7753 4 2 1 1 1669 1668 639 1657
7754 4 2 1 1 1977 1625 1600 1597
7755 4 2 1 1 638 3146 2056 51
7756 4 2 1 1 676 680 60 3047
7757 4 2 1 1 1587 1977 1956 1625
7758 4 2 1 1 1487 2666 2716 1452
7759 4 2 1 1 2460 971 164 2528
7760 4 2 1 1 425 3088 603 424
7761 4 2 1 1 3205 1053 1052 3217
7762 4 2 1 1 2587 449 410 2586
7763 4 2 1 1 3069 3183 645 62
7764 4 2 1 1 164 2640 2528 2191
7765 4 2 1 1 2797 2523 2822 43
7766 4 2 1 1 2215 2182 3162 2167
7767 4 2 1 1 1060 1070 3145 1062
7768 4 2 1 1 1070 1064 3145 1062
7769 4 2 1 1 1711 441 442 1788
7770 4 2 1 1 221 2340 16 2823
7771 4 2 1 1 2015 966 2766 2722
7772 4 2 1 1 1167 13 1090 225
7773 4 2 1 1 1079 1067 2189 1039
7774 4 2 1 1 571 572 2854 126
7775 4 2 1 1 2186 2189 1039 2192
7776 4 2 1 1 18 2773 245 2467
7777 4 2 1 1 2181 2186 1039 1077
7778 4 2 1 1 1896 3249 1917 1906
7779 4 2 1 1 958 881 117 116
7780 4 2 1 1 1597 1978 1968 3111
7781 4 2 1 1 2189 2190 2183 1043
7782 4 2 1 1 3114 2365 2521 2524
7783 4 2 1 1 2468 971 2528 2723
7784 4 2 1 1 1175 2714 250 2179
7785 4 2 1 1 411 2093 412 449
7786 4 2 1 1 2714 250 249 1204
7787 4 2 1 1 249 1220 2195 1204
7788 4 2 1 1 2344 1117 2220 2334
7789 4 2 1 1 649 3219 2526 640
7790 4 2 1 1 1710 1793 1787 409
7791 4 2 1 1 2044 3109 3219 643
7792 4 2 1 1 2335 2223 1139 2334
7793 4 2 1 1 2687 2334 1105 1145
7794 4 2 1 1 1032 3139 3162 2649
7795 4 2 1 1 1165 1088 226 1161
7796 4 2 1 1 1691 1675 1689 3108
7797 4 2 1 1 3124 329 291 328
7798 4 2 1 1 2344 2727 2726 1116
7799 4 2 1 1 1203 257 258 132
7800 4 2 1 1 1079 2189 2706 2192
7801 4 2 1 1 1523 2200 2140 2135
7802 4 2 1 1 2145 1198 2144 1208
7803 4 2 1 1 1145 2344 2687 2334
7804 4 2 1 1 1151 2339 16 225
7805 4 2 1 1 1178 1189 1206 863
7806 4 2 1 1 778 3221 791 1807
7807 4 2 1 1 1120 3224 3225 1121
7808 4 2 1 1 780 760 3170 112
7809 4 2 1 1 2220 1128 1129 1141
7810 4 2 1 1 2714 249 2195 1204
7811 4 2 1 1 2764 2042 2880 1985
7812 4 2 1 1 2834 568 104 567
7813 4 2 1 1 795 2675 2416 2415
7814 4 2 1 1 313 2735 2086 1379
7815 4 2 1 1 1563 363 362 3157
7816 4 2 1 1 2224 727 2226 699
7817 4 2 1 1 2762 547 1980 506
7818 4 2 1 1 2838 227 1106 2830
7819 4 2 1 1 1130 3150 1131 3149
7820 4 2 1 1 2123 2287 2286 3144
7821 4 2 1 1 2567 2134 1910 483
7822 4 2 1 1 3111 2875 2014 2911
7823 4 2 1 1 1673 3191 1344 1661
7824 4 2 1 1 2355 1962 1952 1975
7825 4 2 1 1 2415 759 2340 2343
7826 4 2 1 1 976 2362 2495 2600
7827 4 2 1 1 2431 2508 959 2445
7828 4 2 1 1 1089 1085 1087 1164
7829 4 2 1 1 521 1998 522 1920
7830 4 2 1 1 1962 2355 1952 2815
7831 4 2 1 1 462 1796 1814 2242
7832 4 2 1 1 1961 930 3255 3181
7833 4 2 1 1 2204 1111 2484 2341
7834 4 2 1 1 1120 3224 1121 1119
7835 4 2 1 1 2456 2355 1952 1975
7836 4 2 1 1 462 2698 2242 3171
7837 4 2 1 1 3191 1672 1671 3190
7838 4 2 1 1 1667 1705 412 2568
7839 4 2 1 1 1383 2650 2219 324
7840 4 2 1 1 2245 461 1814 2242
7841 4 2 1 1 461 462 1814 2242
7842 4 2 1 1 1085 1090 1087 1164
7843 4 2 1 1 3214 1770 1740 3206
7844 4 2 1 1 3150 1101 3138 1132
7845 4 2 1 1 1130 1101 3150 1132
7846 4 2 1 1 712 73 72 428
7847 4 2 1 1 1037 2175 189 2346
7848 4 2 1 1 781 95 3230 754
7849 4 2 1 1 1046 2593 2176 1034
7850 4 2 1 1 1376 1075 1416 1412
7851 4 2 1 1 2224 699 2226 199
7852 4 2 1 1 760 3171 2719 796
7853 4 2 1 1 2345 2487 1827 2488
7854 4 2 1 1 2190 1067 1043 2189
7855 4 2 1 1 81 2523 2798 2019
7856 4 2 1 1 1140 1456 1472 1499
7857 4 2 1 1 223 2846 222 1099
7858 4 2 1 1 722 85 684 3217
7859 4 2 1 1 1448 1460 1813 1846
7860 4 2 1 1 3172 3147 98 799
7861 4 2 1 1 828 2483 2283 864
7862 4 2 1 1 2097 1464 2660 2095
7863 4 2 1 1 2199 1865 2139 2198
7864 4 2 1 1 491 3244 1868 1883
7865 4 2 1 1 1547 2115 2689 1542
7866 4 2 1 1 1848 1929 1930 1851
7867 4 2 1 1 3284 3295 2006 591
7868 4 2 1 1 96 490 3235 452
7869 4 2 1 1 840 125 126 571
7870 4 2 1 1 2146 2145 2144 1208
7871 4 2 1 1 69 13 196 16
7872 4 2 1 1 533 3281 532 2991
7873 4 2 1 1 395 1577 358 357
7874 4 2 1 1 1481 1459 1492 3152
7875 4 2 1 1 1277 2384 1243 1271
7876 4 2 1 1 1896 3242 3247 854
7877 4 2 1 1 1695 1705 2253 416
7878 4 2 1 1 1778 1386 1766 1759
7879 4 2 1 1 2745 1765 2092 2599
7880 4 2 1 1 1167 1085 1162 1164
7881 4 2 1 1 1547 2631 372 2689
7882 4 2 1 1 1184 2597 2166 2151
7883 4 2 1 1 2129 1561 1551 2629
7884 4 2 1 1 1084 1090 1161 1164
7885 4 2 1 1 1110 1111 2341 1135
7886 4 2 1 1 223 769 2675 766
7887 4 2 1 1 513 476 159 475
7888 4 2 1 1 476 854 3247 120
7889 4 2 1 1 2489 2492 2341 1135
7890 4 2 1 1 2046 3274 552 553
7891 4 2 1 1 2574 3 563 564
7892 4 2 1 1 3243 243 1215 3257
7893 4 2 1 1 2103 374 2664 2107
7894 4 2 1 1 2255 964 3141 3140
7895 4 2 1 1 3243 1178 1191 1215
7896 4 2 1 1 572 127 126 2616
7897 4 2 1 1 2630 334 2631 2405
7898 4 2 1 1 657 639 1668 653
7899 4 2 1 1 3081 12 3082 3060
7900 4 2 1 1 1680 1679 2389 1681
7901 4 2 1 1 94 756 1109 1149
7902 4 2 1 1 1158 256 218 257
7903 4 2 1 1 1342 965 3185 1353
7904 4 2 1 1 3069 3183 62 3038
7905 4 2 1 1 1102 3232 1146 218
7906 4 2 1 1 1086 190 1165 1088
7907 4 2 1 1 1086 1163 1165 190
7908 4 2 1 1 2413 2662 2350 3166
7909 4 2 1 1 3243 119 3257 823
7910 4 2 1 1 2009 562 720 80
7911 4 2 1 1 2728 2485 1065 2606
7912 4 2 1 1 1189 1188 3240 1190
7913 4 2 1 1 3160 88 688 714
7914 4 2 1 1 1192 3250 3241 1190
7915 4 2 1 1 641 2848 2053 2526
7916 4 2 1 1 1668 414 413 3109
7917 4 2 1 1 2355 2456 1952 2815
7918 4 2 1 1 195 70 108 3210
7919 4 2 1 1 2232 486 3118 485
7920 4 2 1 1 1518 1192 3241 1193
7921 4 2 1 1 144 2952 2953 145
7922 4 2 1 1 1219 132 131 848
7923 4 2 1 1 1335 1334 2279 1311
7924 4 2 1 1 107 2340 2342 69
7925 4 2 1 1 1518 1554 1193 3241
7926 4 2 1 1 1569 1518 1554 1193
7927 4 2 1 1 1977 1958 1978 1600
7928 4 2 1 1 7 162 2021 574
7929 4 2 1 1 1203 1188 1212 3245
7930 4 2 1 1 18 131 258 93
7931 4 2 1 1 1335 2307 2279 1334
7932 4 2 1 1 1219 132 848 1203
7933 4 2 1 1 1203 257 132 827
7934 4 2 1 1 958 154 153 115
7935 4 2 1 1 766 767 765 2441
7936 4 2 1 1 902 2482 933 904
7937 4 2 1 1 1190 3241 1193 1212
7938 4 2 1 1 2141 3136 2143 2187
7939 4 2 1 1 2387 836 834 830
7940 4 2 1 1 125 873 2012 570
7941 4 2 1 1 2288 3157 2290 480
7942 4 2 1 1 151 891 927 2548
7943 4 2 1 1 690 718 729 2804
7944 4 2 1 1 2929 946 2961 948
7945 4 2 1 1 836 2281 2387 835
7946 4 2 1 1 523 41 9 2902
7947 4 2 1 1 10 153 574 115
7948 4 2 1 1 1263 1614 1282 1639
7949 4 2 1 1 3161 3136 2141 2187
7950 4 2 1 1 3250 3243 3240 1190
7951 4 2 1 1 913 2780 2887 2046
7952 4 2 1 1 942 2563 10 153
7953 4 2 1 1 218 3230 219 3236
7954 4 2 1 1 2298 2336 2353 897
7955 4 2 1 1 499 2974 2953 500
7956 4 2 1 1 2199 1865 2198 486
7957 4 2 1 1 2815 2456 1952 2880
7958 4 2 1 1 2042 1985 2907 2880
7959 4 2 1 1 2439 2417 764 795
7960 4 2 1 1 2049 660 555 2899
7961 4 2 1 1 2251 1984 2569 1945
7962 4 2 1 1 3053 1314 3163 1352
7963 4 2 1 1 3183 1664 3182 3035
7964 4 2 1 1 1002 2894 2015 2761
7965 4 2 1 1 2047 899 905 2876
7966 4 2 1 1 1526 356 241 1201
7967 4 2 1 1 641 2848 2526 649
7968 4 2 1 1 666 747 669 748
7969 4 2 1 1 1746 1727 1745 2676
7970 4 2 1 1 2161 1380 2157 1421
7971 4 2 1 1 395 358 396 2200
7972 4 2 1 1 1081 187 2485 1065
7973 4 2 1 1 1969 2434 1945 1946
7974 4 2 1 1 2694 3169 2693 2162
7975 4 2 1 1 1360 328 1363 1439
7976 4 2 1 1 1971 1981 918 3115
7977 4 2 1 1 1376 3215 319 318
7978 4 2 1 1 1192 1518 1194 1193
7979 4 2 1 1 26 3202 3212 3213
7980 4 2 1 1 1009 45 176 11
7981 4 2 1 1 323 3139 322 3141
7982 4 2 1 1 1518 1192 1194 1209
7983 4 2 1 1 1139 1117 2334 2220
7984 4 2 1 1 345 307 346 193
7985 4 2 1 1 2201 1174 2156 2623
7986 4 2 1 1 1229 1152 216 1232
7987 4 2 1 1 1129 2223 2207 2220
7988 4 2 1 1 310 2159 2165 1380
7989 4 2 1 1 1570 1526 1556 1201
7990 4 2 1 1 1041 2197 2227 200
7991 4 2 1 1 1038 3201 3208 3210
7992 4 2 1 1 2380 2223 2589 3149
7993 4 2 1 1 1129 1141 1117 2220
7994 4 2 1 1 237 274 275 1303
7995 4 2 1 1 1614 1607 3148 1606
7996 4 2 1 1 1607 1606 2280 3148
7997 4 2 1 1 1302 1225 1298 1301
7998 4 2 1 1 281 1272 896 156
7999 4 2 1 1 2299 3165 2291 3155
8000 4 2 1 1 248 2274 247 2268
8001 4 2 1 1 3237 3245 3236 3251
8002 4 2 1 1 131 132 258 93
8003 4 2 1 1 229 1133 1105 2473
8004 4 2 1 1 370 1525 369 255
8005 4 2 1 1 2424 44 623 2425
8006 4 2 1 1 274 1299 1303 236
8007 4 2 1 1 18 220 258 1159
8008 4 2 1 1 2047 3283 3266 525
8009 4 2 1 1 257 1154 1158 1231
8010 4 2 1 1 2971 29 379 1635
8011 4 2 1 1 2770 1274 272 1286
8012 4 2 1 1 903 902 904 2482
8013 4 2 1 1 1253 2497 2910 1252
8014 4 2 1 1 257 1154 1231 258
8015 4 2 1 1 2966 2958 380 2965
8016 4 2 1 1 1640 1629 1619 3112
8017 4 2 1 1 2927 2999 3112 3005
8018 4 2 1 1 1002 2761 2015 992
8019 4 2 1 1 2722 2015 1002 2894
8020 4 2 1 1 3142 2600 3140 978
8021 4 2 1 1 2600 2302 3140 978
8022 4 2 1 1 18 131 1219 258
8023 4 2 1 1 220 1159 1154 258
8024 4 2 1 1 1276 1242 3148 1271
8025 4 2 1 1 2383 3164 3148 2280
8026 4 2 1 1 2776 2775 967 2040
8027 4 2 1 1 674 63 3042 3048
8028 4 2 1 1 2496 2885 2451 1267
8029 4 2 1 1 239 238 2713 277
8030 4 2 1 1 1299 1222 1303 236
8031 4 2 1 1 2713 1243 2700 277
8032 4 2 1 1 982 3142 1004 1319
8033 4 2 1 1 2633 3142 2873 2601
8034 4 2 1 1 1276 1614 3148 1242
8035 4 2 1 1 3200 320 1414 1425
8036 4 2 1 1 1436 1514 1512 354
8037 4 2 1 1 2659 2080 1480 1454
8038 4 2 1 1 3209 3202 429 467
8039 4 2 1 1 1299 1225 1303 1222
8040 4 2 1 1 1939 1975 2356 1967
8041 4 2 1 1 85 684 3195 86
8042 4 2 1 1 1279 1255 1267 2496
8043 4 2 1 1 2961 947 2968 944
8044 4 2 1 1 1239 1266 1267 2885
8045 4 2 1 1 1404 1386 1759 3126
8046 4 2 1 1 410 1660 2367 409
8047 4 2 1 1 110 73 111 428
8048 4 2 1 1 1562 1889 3129 1552
8049 4 2 1 1 410 2388 2367 1660
8050 4 2 1 1 1697 1660 409 2367
8051 4 2 1 1 1697 2361 1660 2367
8052 4 2 1 1 1064 1036 2169 2810
8053 4 2 1 1 237 238 1226 1303
8054 4 2 1 1 2787 3128 3130 2678
8055 4 2 1 1 1848 1929 1851 456
8056 4 2 1 1 906 932 894 1275
8057 4 2 1 1 1287 1247 1275 894
8058 4 2 1 1 539 2753 2008 384
8059 4 2 1 1 1565 355 27 3248
8060 4 2 1 1 2291 2299 3155 2645
8061 4 2 1 1 1870 3246 478 477
8062 4 2 1 1 1247 932 1275 894
8063 4 2 1 1 1848 1929 456 1926
8064 4 2 1 1 1119 770 1100 1120
8065 4 2 1 1 2634 3128 2705 456
8066 4 2 1 1 455 1834 3130 339
8067 4 2 1 1 2904 2454 2771 271
8068 4 2 1 1 253 215 3137 2624
8069 4 2 1 1 272 2771 2770 2026
8070 4 2 1 1 2918 2961 2968 944
8071 4 2 1 1 2940 3176 3174 29
8072 4 2 1 1 2864 2904 2771 1274
8073 4 2 1 1 2947 1292 2960 267
8074 4 2 1 1 2947 1292 267 1296
8075 4 2 1 1 2904 271 2771 1274
8076 4 2 1 1 275 2542 237 2595
8077 4 2 1 1 477 1896 3246 3247
8078 4 2 1 1 1537 1544 3135 1540
8079 4 2 1 1 355 393 1576 27
8080 4 2 1 1 2490 1679 2500 2389
8081 4 2 1 1 1265 1262 1624 3258
8082 4 2 1 1 2325 1453 1468 1467
8083 4 2 1 1 3180 1588 3258 390
8084 4 2 1 1 2163 2167 3145 3162
8085 4 2 1 1 989 986 3192 970
8086 4 2 1 1 441 34 3160 1773
8087 4 2 1 1 3264 643 2044 2897
8088 4 2 1 1 3264 643 2897 65
8089 4 2 1 1 1679 2490 2390 2389
8090 4 2 1 1 1724 3088 424 423
8091 4 2 1 1 19 2960 1297 268
8092 4 2 1 1 3069 62 3042 3038
8093 4 2 1 1 2390 1702 2793 1667
8094 4 2 1 1 1717 1711 1791 1788
8095 4 2 1 1 1294 2959 1292 1297
8096 4 2 1 1 3204 318 317 1413
8097 4 2 1 1 1783 1860 1856 1862
8098 4 2 1 1 171 3192 3218 986
8099 4 2 1 1 2067 1736 1747 2066
8100 4 2 1 1 2839 2020 731 2843
8101 4 2 1 1 3036 3033 3182 1354
8102 4 2 1 1 1702 411 2587 2793
8103 4 2 1 1 1794 1789 412 450
8104 4 2 1 1 1522 2112 2106 1558
8105 4 2 1 1 2751 1349 1312 1340
8106 4 2 1 1 595 2025 2748 302
8107 4 2 1 1 2419 796 2811 2719
8108 4 2 1 1 1713 1790 1787 1791
8109 4 2 1 1 2677 2529 1765 2599
8110 4 2 1 1 3189 3184 3185 3223
8111 4 2 1 1 2064 1764 2062 1774
8112 4 2 1 1 1793 448 410 449
8113 4 2 1 1 616 48 47 3193
8114 4 2 1 1 3187 613 3038 61
8115 4 2 1 1 3030 1721 3072 3032
8116 4 2 1 1 1308 2025 302 2748
8117 4 2 1 1 793 1808 1832 1804
8118 4 2 1 1 1823 1803 1820 2330
8119 4 2 1 1 1535 1533 1568 2400
8120 4 2 1 1 1533 2637 1568 2400
8121 4 2 1 1 1258 3179 1260 1259
8122 4 2 1 1 353 1481 468 354
8123 4 2 1 1 1050 710 3216 700
8124 4 2 1 1 2114 1545 2638 2112
8125 4 2 1 1 2919 2998 2979 1648
8126 4 2 1 1 485 1914 2233 1875
8127 4 2 1 1 2003 513 475 1919
8128 4 2 1 1 398 2476 399 1592
8129 4 2 1 1 2633 1320 1323 1322
8130 4 2 1 1 1648 3006 1645 2979
8131 4 2 1 1 1327 2321 1330 2614
8132 4 2 1 1 95 257 133 94
8133 4 2 1 1 1330 1331 2474 2321
8134 4 2 1 1 1349 2614 2479 2884
8135 4 2 1 1 2762 547 506 546
8136 4 2 1 1 1558 2644 2400 2106
8137 4 2 1 1 2300 1939 2356 2463
8138 4 2 1 1 218 3230 3232 1146
8139 4 2 1 1 1331 2307 1334 2474
8140 4 2 1 1 730 2009 691 720
8141 4 2 1 1 3246 364 402 27
8142 4 2 1 1 1648 3006 2919 1641
8143 4 2 1 1 1867 1915 1880 2603
8144 4 2 1 1 1345 3108 1333 1329
8145 4 2 1 1 440 3120 3166 1775
8146 4 2 1 1 2852 828 2408 130
8147 4 2 1 1 1648 3006 1641 1645
8148 4 2 1 1 1246 2768 1286 1274
8149 4 2 1 1 2890 272 2771 271
8150 4 2 1 1 2411 3120 2813 75
8151 4 2 1 1 2178 2688 1128 2202
8152 4 2 1 1 3189 984 987 1306
8153 4 2 1 1 2813 2347 3170 2348
8154 4 2 1 1 539 384 383 2998
8155 4 2 1 1 2043 2879 1279 2763
8156 4 2 1 1 2302 2255 2254 3140
8157 4 2 1 1 2540 2625 3134 2624
8158 4 2 1 1 1608 1612 2898 2357
8159 4 2 1 1 3113 3110 2881 2844
8160 4 2 1 1 868 831 123 2422
8161 4 2 1 1 868 2736 2814 2422
8162 4 2 1 1 844 831 2814 842
8163 4 2 1 1 1671 3190 1670 3184
8164 4 2 1 1 47 3192 171 632
8165 4 2 1 1 1374 3061 3097 299
8166 4 2 1 1 591 590 3284 3093
8167 4 2 1 1 3142 982 1318 1319
8168 4 2 1 1 56 650 55 557
8169 4 2 1 1 2573 771 566 101
8170 4 2 1 1 1322 2633 2873 2506
8171 4 2 1 1 858 2509 870 2855
8172 4 2 1 1 3077 3264 64 3017
8173 4 2 1 1 130 2467 2408 2851
8174 4 2 1 1 1181 2264 2263 2262
8175 4 2 1 1 1372 3062 1369 1373
8176 4 2 1 1 3023 3284 3275 590
8177 4 2 1 1 1043 2181 2183 1039
8178 4 2 1 1 2446 977 2469 999
8179 4 2 1 1 165 2592 2723 2734
8180 4 2 1 1 297 3054 3068 1369
8181 4 2 1 1 1352 3095 3163 3053
8182 4 2 1 1 2859 843 2466 2814
8183 4 2 1 1 1316 1661 1696 1708
8184 4 2 1 1 2814 3132 844 843
8185 4 2 1 1 991 969 1013 3187
8186 4 2 1 1 287 1441 1362 324
8187 4 2 1 1 1969 2434 1979 2433
8188 4 2 1 1 1349 2505 1312 1348
8189 4 2 1 1 3108 1359 1329 1345
8190 4 2 1 1 2314 3124 3156 1325
8191 4 2 1 1 407 406 1696 291
8192 4 2 1 1 183 297 1314 298
8193 4 2 1 1 1342 965 1353 1314
8194 4 2 1 1 1352 1321 1314 3163
8195 4 2 1 1 3194 330 292 405
8196 4 2 1 1 670 672 666 750
8197 4 2 1 1 2463 2356 2741 1967
8198 4 2 1 1 986 3218 171 170
8199 4 2 1 1 2545 58 619 2892
8200 4 2 1 1 3016 3277 1686 3294
8201 4 2 1 1 173 3081 3082 3018
8202 4 2 1 1 1004 1321 3163 1314
8203 4 2 1 1 984 3197 1317 3189
8204 4 2 1 1 3117 638 3146 2057
8205 4 2 1 1 65 2897 621 643
8206 4 2 1 1 986 3198 170 962
8207 4 2 1 1 3191 3194 1661 1703
8208 4 2 1 1 650 612 2052 662
8209 4 2 1 1 1951 2740 1967 1941
8210 4 2 1 1 2793 2516 1667 2568
8211 4 2 1 1 1613 2453 2903 2755
8212 4 2 1 1 1416 1075 1385 1412
8213 4 2 1 1 1035 1075 1385 1416
8214 4 2 1 1 1631 1621 1630 2862
8215 4 2 1 1 2757 1630 2037 2862
8216 4 2 1 1 1398 2153 1396 1395
8217 4 2 1 1 2343 795 2416 2415
8218 4 2 1 1 569 8 138 2579
8219 4 2 1 1 1415 1427 1377 1744
8220 4 2 1 1 52 2020 90 2701
8221 4 2 1 1 3283 3270 2987 3004
8222 4 2 1 1 1719 3070 3071 3050
8223 4 2 1 1 2859 843 3119 2466
8224 4 2 1 1 2054 661 2028 622
8225 4 2 1 1 2585 652 2045 2643
8226 4 2 1 1 2812 718 2478 2804
8227 4 2 1 1 843 3132 3119 2466
8228 4 2 1 1 624 2428 2584 175
8229 4 2 1 1 2932 2933 2920 3111
8230 4 2 1 1 308 1035 193 1385
8231 4 2 1 1 734 2512 691 709
8232 4 2 1 1 2814 3132 843 2466
8233 4 2 1 1 2190 1067 2189 2196
8234 4 2 1 1 1020 208 1097 207
8235 4 2 1 1 1407 3168 308 3169
8236 4 2 1 1 729 560 2019 2804
8237 4 2 1 1 67 732 2576 2574
8238 4 2 1 1 1407 3168 3169 2693
8239 4 2 1 1 837 825 248 1206
8240 4 2 1 1 2814 3132 2466 2736
8241 4 2 1 1 831 868 2814 2422
8242 4 2 1 1 321 169 170 283
8243 4 2 1 1 868 2814 3132 844
8244 4 2 1 1 110 428 466 3209
8245 4 2 1 1 538 2998 383 2931
8246 4 2 1 1 2531 2285 2739 1418
8247 4 2 1 1 1418 2739 1406 1417
8248 4 2 1 1 744 748 666 750
8249 4 2 1 1 1510 1437 1435 1515
8250 4 2 1 1 1408 2538 3127 2079
8251 4 2 1 1 210 11 83 172
8252 4 2 1 1 884 807 94 93
8253 4 2 1 1 1379 2739 1417 2735
8254 4 2 1 1 1379 2739 2735 2285
8255 4 2 1 1 1379 2739 2285 1418
8256 4 2 1 1 2443 800 761 92
8257 4 2 1 1 3215 1052 1055 1073
8258 4 2 1 1 1515 1511 1435 1513
8259 4 2 1 1 2582 829 2821 2337
8260 4 2 1 1 862 1903 854 852
8261 4 2 1 1 1616 2358 2297 2370
8262 4 2 1 1 1390 1393 1391 2712
8263 4 2 1 1 2417 759 788 795
8264 4 2 1 1 1148 1108 211 2193
8265 4 2 1 1 2709 360 2628 2708
8266 4 2 1 1 382 1647 3001 1643
8267 4 2 1 1 2811 3170 2347 2719
8268 4 2 1 1 382 383 2931 537
8269 4 2 1 1 815 742 819 108
8270 4 2 1 1 382 2995 537 2931
8271 4 2 1 1 3125 1757 3127 1756
8272 4 2 1 1 490 491 453 1853
8273 4 2 1 1 2247 2347 2348 3170
8274 4 2 1 1 1406 3125 2536 1402
8275 4 2 1 1 3224 770 782 792
8276 4 2 1 1 809 805 885 882
8277 4 2 1 1 3283 3270 2026 2987
8278 4 2 1 1 2817 2035 568 802
8279 4 2 1 1 6 564 105 2033
8280 4 2 1 1 323 3139 1388 322
8281 4 2 1 1 2515 752 2005 2833
8282 4 2 1 1 2563 153 2022 574
8283 4 2 1 1 1406 3125 1402 1405
8284 4 2 1 1 1807 757 1831 1838
8285 4 2 1 1 1366 1441 324 1362
8286 4 2 1 1 843 2859 841 842
8287 4 2 1 1 1485 1144 1125 1447
8288 4 2 1 1 2035 2817 2511 802
8289 4 2 1 1 2904 1248 2565 270
8290 4 2 1 1 3232 1122 1146 3230
8291 4 2 1 1 2820 2232 3119 3118
8292 4 2 1 1 125 2010 840 872
8293 4 2 1 1 2434 2710 1946 2499
8294 4 2 1 1 125 571 570 2012
8295 4 2 1 1 1479 230 346 3168
8296 4 2 1 1 3168 2800 3151 2473
8297 4 2 1 1 2564 154 2856 116
8298 4 2 1 1 2335 1133 3151 2473
8299 4 2 1 1 1896 1870 3249 1906
8300 4 2 1 1 230 231 346 192
8301 4 2 1 1 3168 308 192 346
8302 4 2 1 1 18 245 1219 131
8303 4 2 1 1 1855 1852 1850 1930
8304 4 2 1 1 3259 3253 1938 1637
8305 4 2 1 1 1100 1137 794 768
8306 4 2 1 1 2481 902 933 926
8307 4 2 1 1 230 3168 192 346
8308 4 2 1 1 3136 1559 1540 1570
8309 4 2 1 1 463 1833 1796 2239
8310 4 2 1 1 133 811 134 95
8311 4 2 1 1 3230 95 3229 754
8312 4 2 1 1 1159 1236 1231 258
8313 4 2 1 1 1972 2847 2711 2908
8314 4 2 1 1 2603 1867 2724 2137
8315 4 2 1 1 339 3130 1494 1457
8316 4 2 1 1 1865 2199 2139 1875
8317 4 2 1 1 2288 3144 2287 3157
8318 4 2 1 1 1834 454 1799 1457
8319 4 2 1 1 3147 755 799 775
8320 4 2 1 1 2629 1519 2628 2132
8321 4 2 1 1 3259 1955 1938 1954
8322 4 2 1 1 1797 3153 3130 1829
8323 4 2 1 1 3028 3294 599 3016
8324 4 2 1 1 2710 2434 1945 2569
8325 4 2 1 1 121 160 159 475
8326 4 2 1 1 1634 389 3253 3258
8327 4 2 1 1 3243 851 850 823
8328 4 2 1 1 125 832 571 2012
8329 4 2 1 1 2203 3153 1462 3130
8330 4 2 1 1 2234 485 2232 3118
8331 4 2 1 1 1109 782 3225 1120
8332 4 2 1 1 96 3235 134 95
8333 4 2 1 1 2582 2580 2821 856
8334 4 2 1 1 1234 1153 212 1230
8335 4 2 1 1 1834 1797 3130 1829
8336 4 2 1 1 454 492 340 339
8337 4 2 1 1 2901 9 940 148
8338 4 2 1 1 455 1834 339 454
8339 4 2 1 1 1972 2869 2711 2847
8340 4 2 1 1 1972 2869 1944 2711
8341 4 2 1 1 1581 373 335 1586
8342 4 2 1 1 3113 2354 3115 934
8343 4 2 1 1 3241 3250 3240 1190
8344 4 2 1 1 1477 1474 2786 1473
8345 4 2 1 1 2996 147 2981 2929
8346 4 2 1 1 150 151 577 2548
8347 4 2 1 1 2784 1477 2786 1473
8348 4 2 1 1 2647 2784 2786 1473
8349 4 2 1 1 1474 2647 2786 1473
8350 4 2 1 1 2647 2351 1476 1468
8351 4 2 1 1 1449 2406 1476 1473
8352 4 2 1 1 894 1247 923 142
8353 4 2 1 1 1497 3227 344 3228
8354 4 2 1 1 2963 499 2974 2953
8355 4 2 1 1 1295 2967 2917 1293
8356 4 2 1 1 1497 3227 3228 1799
8357 4 2 1 1 1607 2909 1609 2385
8358 4 2 1 1 2928 3282 3266 524
8359 4 2 1 1 1811 1448 1484 3227
8360 4 2 1 1 932 1247 923 894
8361 4 2 1 1 1265 1595 1624 1282
8362 4 2 1 1 1829 1462 3130 1457
8363 4 2 1 1 2969 143 2943 3178
8364 4 2 1 1 2937 2977 388 2935
8365 4 2 1 1 144 2945 949 143
8366 4 2 1 1 3012 426 604 3085
8367 4 2 1 1 3072 1722 1718 3078
8368 4 2 1 1 454 1931 1853 491
8369 4 2 1 1 1974 2875 1936 1965
8370 4 2 1 1 151 2548 927 577
8371 4 2 1 1 3071 3105 1725 3085
8372 4 2 1 1 2695 869 248 2386
8373 4 2 1 1 851 3243 3242 823
8374 4 2 1 1 2815 1974 2875 2764
8375 4 2 1 1 972 2721 975 974
8376 4 2 1 1 2507 1357 2914 1322
8377 4 2 1 1 256 3251 3236 1176
8378 4 2 1 1 309 3168 347 346
8379 4 2 1 1 3163 3142 2601 2873
8380 4 2 1 1 975 1012 2469 999
8381 4 2 1 1 3263 3029 3121 3028
8382 4 2 1 1 1387 430 1753 1425
8383 4 2 1 1 83 2423 2284 728
8384 4 2 1 1 1376 1075 1056 1416
8385 4 2 1 1 2222 1451 2782 1490
8386 4 2 1 1 986 3198 3197 3192
8387 4 2 1 1 1008 654 652 996
8388 4 2 1 1 2057 3117 2365 2561
8389 4 2 1 1 3218 3196 3199 3198
8390 4 2 1 1 344 3232 1483 1495
8391 4 2 1 1 667 751 43 673
8392 4 2 1 1 1739 1735 725 1763
8393 4 2 1 1 1053 3217 1078 1040
8394 4 2 1 1 979 3142 982 981
8395 4 2 1 1 44 751 43 82
8396 4 2 1 1 1093 1016 172 171
8397 4 2 1 1 172 209 210 1093
8398 4 2 1 1 1423 3201 1058 3212
8399 4 2 1 1 1886 1555 1530 1907
8400 4 2 1 1 3266 2987 938 2928
8401 4 2 1 1 3196 3193 3195 443
8402 4 2 1 1 3294 600 599 3016
8403 4 2 1 1 3238 3249 1517 1886
8404 4 2 1 1 203 2528 2191 164
8405 4 2 1 1 2706 1079 14 197
8406 4 2 1 1 85 3218 3217 209
8407 4 2 1 1 3202 23 26 3212
8408 4 2 1 1 2170 1036 2653 2169
8409 4 2 1 1 697 686 698 197
8410 4 2 1 1 3095 3163 3023 3093
8411 4 2 1 1 1398 2681 2462 1378
8412 4 2 1 1 723 1049 1050 1066
8413 4 2 1 1 689 2226 699 200
8414 4 2 1 1 2687 1126 2826 2830
8415 4 2 1 1 2184 249 211 2195
8416 4 2 1 1 202 2186 2640 2191
8417 4 2 1 1 3249 1907 1886 1906
8418 4 2 1 1 45 11 172 83
8419 4 2 1 1 558 2797 2029 659
8420 4 2 1 1 1552 492 1894 377
8421 4 2 1 1 1933 1855 1850 1930
8422 4 2 1 1 2468 2460 2528 971
8423 4 2 1 1 1884 3238 1528 1517
8424 4 2 1 1 3238 366 1528 1517
8425 4 2 1 1 3186 1671 1700 3184
8426 4 2 1 1 2125 2124 1560 2129
8427 4 2 1 1 1090 1084 1087 1164
8428 4 2 1 1 1099 2846 2829 2205
8429 4 2 1 1 54 55 2543 611
8430 4 2 1 1 2125 2126 2686 1538
8431 4 2 1 1 55 54 2543 556
8432 4 2 1 1 663 611 2543 647
8433 4 2 1 1 1151 221 2823 1110
8434 4 2 1 1 686 722 733 1040
8435 4 2 1 1 3202 354 467 1498
8436 4 2 1 1 3205 3217 3216 3203
8437 4 2 1 1 1474 2648 2786 2647
8438 4 2 1 1 3213 1482 3256 1127
8439 4 2 1 1 3095 3101 3023 3163
8440 4 2 1 1 2197 2190 1030 1041
8441 4 2 1 1 2259 1467 2590 3150
8442 4 2 1 1 1471 1489 3149 1500
8443 4 2 1 1 2130 2129 1523 2135
8444 4 2 1 1 190 2208 2819 2826
8445 4 2 1 1 2039 3284 590 3275
8446 4 2 1 1 237 236 1303 1226
8447 4 2 1 1 590 2039 3275 589
8448 4 2 1 1 1950 1937 1985 2907
8449 4 2 1 1 24 3198 321 3199
8450 4 2 1 1 1047 1048 1076 2172
8451 4 2 1 1 2190 2197 1030 2196
8452 4 2 1 1 2102 1550 2104 2105
8453 4 2 1 1 2105 2108 1550 2104
8454 4 2 1 1 2880 1950 1952 1985
8455 4 2 1 1 2256 3138 2206 3137
8456 4 2 1 1 2129 1561 2629 2124
8457 4 2 1 1 67 106 105 2575
8458 4 2 1 1 399 400 361 1571
8459 4 2 1 1 2124 1541 1560 1561
8460 4 2 1 1 360 1557 361 2708
8461 4 2 1 1 221 107 2340 759
8462 4 2 1 1 2010 872 570 2579
8463 4 2 1 1 2655 1151 2823 1110
8464 4 2 1 1 788 2575 105 106
8465 4 2 1 1 1133 2335 3151 3149
8466 4 2 1 1 1105 2819 2826 228
8467 4 2 1 1 1141 2344 1115 1117
8468 4 2 1 1 1135 2840 2838 2492
8469 4 2 1 1 737 67 820 105
8470 4 2 1 1 1518 1192 1209 1553
8471 4 2 1 1 3211 467 3209 466
8472 4 2 1 1 1651 397 1578 1656
8473 4 2 1 1 2102 3128 376 2105
8474 4 2 1 1 3234 3244 3236 3251
8475 4 2 1 1 872 8 570 2579
8476 4 2 1 1 2838 188 226 189
8477 4 2 1 1 369 331 332 255
8478 4 2 1 1 261 2043 1241 262
8479 4 2 1 1 2904 1248 270 1237
8480 4 2 1 1 1111 1142 2484 2341
8481 4 2 1 1 2193 2184 211 2195
8482 4 2 1 1 1123 1122 1102 3231
8483 4 2 1 1 2815 2880 1952 1985
8484 4 2 1 1 1102 331 1456 1495
8485 4 2 1 1 3283 525 2779 526
8486 4 2 1 1 1514 1510 1435 1513
8487 4 2 1 1 3032 419 3034 3033
8488 4 2 1 1 758 109 233 108
8489 4 2 1 1 2181 1044 2177 2176
8490 4 2 1 1 2838 2248 189 227
8491 4 2 1 1 1129 2223 1139 1131
8492 4 2 1 1 2824 2518 2576 717
8493 4 2 1 1 2179 2155 2158 251
8494 4 2 1 1 217 1456 332 1132
8495 4 2 1 1 250 212 1230 1234
8496 4 2 1 1 67 2576 732 717
8497 4 2 1 1 2109 2108 2110 3129
8498 4 2 1 1 1463 2203 1462 1450
8499 4 2 1 1 2575 717 2824 2576
8500 4 2 1 1 1114 1103 1147 2620
8501 4 2 1 1 1152 1156 1155 1232
8502 4 2 1 1 275 2449 2731 1264
8503 4 2 1 1 250 213 2179 212
8504 4 2 1 1 2575 67 2576 2574
8505 4 2 1 1 2575 717 2576 67
8506 4 2 1 1 2729 1255 1283 1254
8507 4 2 1 1 1346 2507 2886 2825
8508 4 2 1 1 3136 1570 1540 3135
8509 4 2 1 1 1606 3164 2280 3148
8510 4 2 1 1 239 1170 3161 2187
8511 4 2 1 1 1152 1155 216 1232
8512 4 2 1 1 1622 1959 1964 1955
8513 4 2 1 1 1624 1588 390 3258
8514 4 2 1 1 1176 3245 1212 3251
8515 4 2 1 1 3111 2646 3158 2875
8516 4 2 1 1 1962 2815 1952 1960
8517 4 2 1 1 2126 1521 2686 1538
8518 4 2 1 1 1478 2665 2664 336
8519 4 2 1 1 2575 717 67 68
8520 4 2 1 1 2628 360 2370 2708
8521 4 2 1 1 2475 1628 1605 2657
8522 4 2 1 1 2575 717 68 2824
8523 4 2 1 1 218 3230 1146 219
8524 4 2 1 1 2871 2486 1605 2657
8525 4 2 1 1 3256 3231 1447 343
8526 4 2 1 1 1613 2453 1612 1615
8527 4 2 1 1 1180 2464 1179 1204
8528 4 2 1 1 756 1137 1109 1149
8529 4 2 1 1 3032 419 3033 420
8530 4 2 1 1 96 490 452 97
8531 4 2 1 1 489 136 97 135
8532 4 2 1 1 2475 2453 2486 1615
8533 4 2 1 1 1587 1977 1625 1600
8534 4 2 1 1 1613 2486 1615 1605
8535 4 2 1 1 2047 899 938 905
8536 4 2 1 1 1247 3178 2969 267
8537 4 2 1 1 1239 2013 2885 3112
8538 4 2 1 1 2862 1611 2755 2898
8539 4 2 1 1 1255 2729 2879 1253
8540 4 2 1 1 3221 3224 3226 3225
8541 4 2 1 1 1261 1588 1623 1278
8542 4 2 1 1 1965 2815 1952 1985
8543 4 2 1 1 2554 928 911 900
8544 4 2 1 1 8 569 570 2579
8545 4 2 1 1 2780 3110 2887 2844
8546 4 2 1 1 2753 540 1627 384
8547 4 2 1 1 540 385 1627 384
8548 4 2 1 1 182 1025 3052 3096
8549 4 2 1 1 3110 2780 2887 913
8550 4 2 1 1 3131 2083 2796 3154
8551 4 2 1 1 1284 3176 1260 3178
8552 4 2 1 1 1785 1856 471 1862
8553 4 2 1 1 2000 1918 1996 1921
8554 4 2 1 1 905 2779 2987 938
8555 4 2 1 1 921 892 3178 3175
8556 4 2 1 1 1605 2871 1618 2486
8557 4 2 1 1 142 949 945 2951
8558 4 2 1 1 1243 2471 2470 2730
8559 4 2 1 1 1605 1618 2871 1638
8560 4 2 1 1 2959 2948 1296 2947
8561 4 2 1 1 3266 2987 3283 938
8562 4 2 1 1 2076 432 2796 2785
8563 4 2 1 1 2966 1646 1645 1642
8564 4 2 1 1 1022 182 1025 3052
8565 4 2 1 1 3101 182 3052 3096
8566 4 2 1 1 444 1426 1730 443
8567 4 2 1 1 1401 1406 2403 1402
8568 4 2 1 1 3145 1391 1419 2163
8569 4 2 1 1 2600 3142 3140 2352
8570 4 2 1 1 2761 1002 1003 992
8571 4 2 1 1 2955 386 2984 1641
8572 4 2 1 1 12 3081 186 3056
8573 4 2 1 1 2314 290 1325 1309
8574 4 2 1 1 1386 1427 1759 1778
8575 4 2 1 1 3095 3295 299 1352
8576 4 2 1 1 2362 2600 978 2302
8577 4 2 1 1 387 2933 1633 3111
8578 4 2 1 1 330 406 444 291
8579 4 2 1 1 1370 300 3097 3027
8580 4 2 1 1 2302 2600 3140 2352
8581 4 2 1 1 1654 1576 402 1652
8582 4 2 1 1 3263 1348 2007 3121
8583 4 2 1 1 397 2297 2627 2370
8584 4 2 1 1 1309 2310 2613 2313
8585 4 2 1 1 518 1918 1996 519
8586 4 2 1 1 518 481 1918 519
8587 4 2 1 1 1340 2479 2748 2884
8588 4 2 1 1 12 1029 3060 3056
8589 4 2 1 1 1113 2607 2484 2726
8590 4 2 1 1 12 186 1029 3056
8591 4 2 1 1 1691 1316 1333 3156
8592 4 2 1 1 961 993 1004 3163
8593 4 2 1 1 2039 3163 2601 2752
8594 4 2 1 1 1507 1581 1585 372
8595 4 2 1 1 2039 2888 2601 3163
8596 4 2 1 1 2631 334 372 2781
8597 4 2 1 1 1749 2069 1729 2598
8598 4 2 1 1 2278 2621 2436 1347
8599 4 2 1 1 1546 2113 2689 2257
8600 4 2 1 1 1332 2622 1337 2895
8601 4 2 1 1 1361 1445 1443 1440
8602 4 2 1 1 380 3112 1270 1619
8603 4 2 1 1 32 3059 1725 417
8604 4 2 1 1 1371 3102 1372 3074
8605 4 2 1 1 3196 3204 3195 3199
8606 4 2 1 1 3031 1315 1663 420
8607 4 2 1 1 3124 1316 3156 1325
8608 4 2 1 1 1665 425 1692 2038
8609 4 2 1 1 631 3187 3184 3188
8610 4 2 1 1 964 983 3140 981
8611 4 2 1 1 3187 631 3184 3183
8612 4 2 1 1 2793 2390 1667 2491
8613 4 2 1 1 2490 1679 1677 1701
8614 4 2 1 1 2388 1680 2390 2389
8615 4 2 1 1 3004 525 3283 526
8616 4 2 1 1 2504 2503 1677 2877
8617 4 2 1 1 2504 1658 1677 1678
8618 4 2 1 1 347 3151 3168 2399
8619 4 2 1 1 2893 2500 1682 2588
8620 4 2 1 1 1683 2893 1682 2588
8621 4 2 1 1 1731 1756 2075 1755
8622 4 2 1 1 2388 2361 1660 2389
8623 4 2 1 1 1660 2361 1681 2389
8624 4 2 1 1 323 1383 1388 2216
8625 4 2 1 1 418 3183 1693 645
8626 4 2 1 1 1412 1376 1055 3215
8627 4 2 1 1 1669 657 1668 1693
8628 4 2 1 1 418 3183 645 3069
8629 4 2 1 1 3169 1419 3145 1430
8630 4 2 1 1 3190 48 3193 404
8631 4 2 1 1 2694 3168 3169 2810
8632 4 2 1 1 657 645 1693 656
8633 4 2 1 1 1669 657 1693 656
8634 4 2 1 1 645 3183 1693 656
8635 4 2 1 1 1390 1389 2610 1391
8636 4 2 1 1 3277 3016 600 3294
8637 4 2 1 1 3108 2896 2494 2750
8638 4 2 1 1 89 88 50 3146
8639 4 2 1 1 1436 1434 1512 1435
8640 4 2 1 1 374 336 2257 335
8641 4 2 1 1 1383 2219 2611 2216
8642 4 2 1 1 23 345 26 3212
8643 4 2 1 1 1412 3215 3201 319
8644 4 2 1 1 1464 2659 2095 1480
8645 4 2 1 1 3020 3072 1718 3078
8646 4 2 1 1 1724 3020 1718 3078
8647 4 2 1 1 1463 2096 2097 1491
8648 4 2 1 1 1829 3152 1460 1813
8649 4 2 1 1 1657 1694 636 1670
8650 4 2 1 1 1711 1715 1791 1788
8651 4 2 1 1 3209 466 110 3211
8652 4 2 1 1 1590 1602 1633 3111
8653 4 2 1 1 1724 3088 3020 3078
8654 4 2 1 1 1140 1456 1499 1483
8655 4 2 1 1 2 2899 610 42
8656 4 2 1 1 2648 1475 1470 1474
8657 4 2 1 1 226 188 2840 225
8658 4 2 1 1 1113 2727 1116 2726
8659 4 2 1 1 2699 1074 1065 1037
8660 4 2 1 1 66 609 610 2849
8661 4 2 1 1 337 2103 374 2664
8662 4 2 1 1 2170 1036 2169 1070
8663 4 2 1 1 316 468 467 354
8664 4 2 1 1 3190 48 404 635
8665 4 2 1 1 3230 3228 3232 3225
8666 4 2 1 1 1456 1466 332 3138
8667 4 2 1 1 337 374 1586 336
8668 4 2 1 1 337 1478 2664 336
8669 4 2 1 1 1478 337 2664 2100
8670 4 2 1 1 1270 1626 1278 1596
8671 4 2 1 1 1407 3168 2693 309
8672 4 2 1 1 66 2849 610 2899
8673 4 2 1 1 1137 756 794 768
8674 4 2 1 1 1295 2930 2994 3002
8675 4 2 1 1 1083 1163 1160 1164
8676 4 2 1 1 2538 3125 3127 2090
8677 4 2 1 1 1421 2712 2150 2157
8678 4 2 1 1 1801 353 3154 1481
8679 4 2 1 1 1270 1626 1596 1640
8680 4 2 1 1 3167 724 705 3222
8681 4 2 1 1 2439 766 2441 2440
8682 4 2 1 1 1002 2894 2761 2495
8683 4 2 1 1 1112 2204 2194 2205
8684 4 2 1 1 1521 2630 2631 2725
8685 4 2 1 1 331 1506 369 1502
8686 4 2 1 1 1173 1196 1525 255
8687 4 2 1 1 2778 2438 1487 2788
8688 4 2 1 1 492 1552 378 377
8689 4 2 1 1 2117 1869 2119 2118
8690 4 2 1 1 102 763 2005 566
8691 4 2 1 1 754 785 3261 783
8692 4 2 1 1 3160 3222 2221 714
8693 4 2 1 1 1099 1112 2194 2205
8694 4 2 1 1 1069 1392 1430 3145
8695 4 2 1 1 428 466 1861 1857
8696 4 2 1 1 1099 2846 222 2829
8697 4 2 1 1 1738 707 706 3206
8698 4 2 1 1 2680 1734 2070 2679
8699 4 2 1 1 1059 2171 2593 2697
8700 4 2 1 1 3241 1553 3250 1192
8701 4 2 1 1 1059 2593 2171 1071
8702 4 2 1 1 514 158 3252 895
8703 4 2 1 1 1301 278 277 240
8704 4 2 1 1 1752 1767 2071 1751
8705 4 2 1 1 2815 1974 2764 1985
8706 4 2 1 1 3283 3266 525 3004
8707 4 2 1 1 279 241 394 240
8708 4 2 1 1 1059 2670 1032 2649
8709 4 2 1 1 433 1731 1754 2089
8710 4 2 1 1 3226 3221 3261 1809
8711 4 2 1 1 2618 1533 1531 1534
8712 4 2 1 1 2072 2071 1751 2070
8713 4 2 1 1 1529 3143 1531 1562
8714 4 2 1 1 1650 1577 394 1572
8715 4 2 1 1 515 2001 478 1923
8716 4 2 1 1 1752 1756 1758 2539
8717 4 2 1 1 3139 2670 2649 1032
8718 4 2 1 1 1223 1305 244 1228
8719 4 2 1 1 1537 2685 2686 1539
8720 4 2 1 1 1750 1752 1777 2071
8721 4 2 1 1 3175 1976 3174 3177
8722 4 2 1 1 866 1891 1872 1916
8723 4 2 1 1 1763 1735 688 1773
8724 4 2 1 1 1063 3139 1388 3162
8725 4 2 1 1 3143 1530 1908 1888
8726 4 2 1 1 2421 925 161 898
8727 4 2 1 1 2111 3143 3129 2110
8728 4 2 1 1 2745 1765 2599 2732
8729 4 2 1 1 1713 1790 1791 1792
8730 4 2 1 1 380 3112 1619 2999
8731 4 2 1 1 2405 334 2781 1476
8732 4 2 1 1 2045 582 3265 2891
8733 4 2 1 1 203 2528 164 165
8734 4 2 1 1 2567 2395 482 2742
8735 4 2 1 1 158 514 3252 3247
8736 4 2 1 1 1268 1278 1626 1263
8737 4 2 1 1 2114 1543 2132 2638
8738 4 2 1 1 1557 2709 2477 2708
8739 4 2 1 1 1607 2909 2641 1608
8740 4 2 1 1 1178 1189 3243 1191
8741 4 2 1 1 360 2709 1557 2708
8742 4 2 1 1 1618 2486 1613 1605
8743 4 2 1 1 3265 3285 582 3100
8744 4 2 1 1 1770 3200 1743 1733
8745 4 2 1 1 1627 2871 2036 2753
8746 4 2 1 1 2475 1592 2671 1615
8747 4 2 1 1 2673 2288 2290 480
8748 4 2 1 1 3286 3100 642 3265
8749 4 2 1 1 3286 2045 3265 642
8750 4 2 1 1 1734 2809 1762 435
8751 4 2 1 1 29 2977 388 2940
8752 4 2 1 1 2364 2294 1604 3155
8753 4 2 1 1 2930 261 2994 530
8754 4 2 1 1 2769 1274 1246 1250
8755 4 2 1 1 2398 2663 1776 2642
8756 4 2 1 1 1177 1181 1183 2262
8757 4 2 1 1 2398 2809 2397 1762
8758 4 2 1 1 3230 3228 3225 3229
8759 4 2 1 1 2794 472 434 471
8760 4 2 1 1 2947 1292 1296 2959
8761 4 2 1 1 2802 2794 434 2679
8762 4 2 1 1 906 932 1238 908
8763 4 2 1 1 1627 2871 2753 1618
8764 4 2 1 1 48 744 666 750
8765 4 2 1 1 1791 1710 1787 1713
8766 4 2 1 1 3111 1603 2502 1590
8767 4 2 1 1 2926 386 1633 1590
8768 4 2 1 1 1648 383 384 2998
8769 4 2 1 1 3291 2502 3111 2861
8770 4 2 1 1 474 436 2397 435
8771 4 2 1 1 2377 473 2743 1803
8772 4 2 1 1 892 921 920 3175
8773 4 2 1 1 473 2743 1803 472
8774 4 2 1 1 3159 2239 2698 2238
8775 4 2 1 1 1254 2729 2730 1283
8776 4 2 1 1 2744 1398 2153 1396
8777 4 2 1 1 2038 425 604 603
8778 4 2 1 1 2516 1695 1705 2253
8779 4 2 1 1 1669 639 1668 657
8780 4 2 1 1 2978 2955 1644 2977
8781 4 2 1 1 3214 3204 3206 1740
8782 4 2 1 1 2740 1951 1967 2356
8783 4 2 1 1 1448 1460 1459 1813
8784 4 2 1 1 169 283 1341 1356
8785 4 2 1 1 3117 638 2057 2055
8786 4 2 1 1 415 3114 1657 1694
8787 4 2 1 1 1355 406 1661 405
8788 4 2 1 1 1665 2882 1692 1701
8789 4 2 1 1 2061 2063 412 2568
8790 4 2 1 1 1801 1481 1836 1822
8791 4 2 1 1 2345 1827 2487 1828
8792 4 2 1 1 3269 32 3021 1706
8793 4 2 1 1 2677 408 446 409
8794 4 2 1 1 2522 3269 413 3109
8795 4 2 1 1 1827 1826 3152 1825
8796 4 2 1 1 330 1363 1444 292
8797 4 2 1 1 1829 3152 1813 1827
8798 4 2 1 1 3111 1603 1590 1602
8799 4 2 1 1 2588 2361 2389 1681
8800 4 2 1 1 1723 1719 1722 3050
8801 4 2 1 1 415 3114 414 1657
8802 4 2 1 1 1328 3108 2452 1348
8803 4 2 1 1 3032 3050 1721 3072
8804 4 2 1 1 3121 1338 1348 1359
8805 4 2 1 1 1969 521 2250 1941
8806 4 2 1 1 3191 3186 3189 3184
8807 4 2 1 1 1310 2006 2914 2873
8808 4 2 1 1 1704 3146 31 416
8809 4 2 1 1 2632 2633 3140 1351
8810 4 2 1 1 3219 2522 3114 3109
8811 4 2 1 1 2816 2091 1745 2676
8812 4 2 1 1 1596 380 1270 1619
8813 4 2 1 1 3148 1610 1607 1614
8814 4 2 1 1 1614 1610 1626 3122
8815 4 2 1 1 1770 1738 1740 3206
8816 4 2 1 1 1279 2885 1266 2763
8817 4 2 1 1 1753 1387 1425 1414
8818 4 2 1 1 1822 1481 1458 1498
8819 4 2 1 1 2839 2020 2701 90
8820 4 2 1 1 1279 2879 2496 2763
8821 4 2 1 1 3186 1343 1674 1307
8822 4 2 1 1 3185 1005 987 1001
8823 4 2 1 1 3108 2896 2750 3121
8824 4 2 1 1 1817 1815 2243 2328
8825 4 2 1 1 1676 2520 413 414
8826 4 2 1 1 2182 3139 3162 1388
8827 4 2 1 1 2328 2243 1817 2327
8828 4 2 1 1 1279 2885 2763 2496
8829 4 2 1 1 1389 2182 3162 1388
8830 4 2 1 1 1819 1847 1821 2331
8831 4 2 1 1 711 3208 687 710
8832 4 2 1 1 1279 2885 2496 1267
8833 4 2 1 1 249 18 2774 1220
8834 4 2 1 1 47 750 46 85
8835 4 2 1 1 18 2773 2774 1220
8836 4 2 1 1 3206 1739 1740 3203
8837 4 2 1 1 1781 1863 436 1786
8838 4 2 1 1 3173 2062 3160 2684
8839 4 2 1 1 1781 1863 1786 1783
8840 4 2 1 1 410 448 409 2458
8841 4 2 1 1 2061 1705 2568 412
8842 4 2 1 1 1862 1781 1783 1858
8843 4 2 1 1 3224 3256 3220 3213
8844 4 2 1 1 2071 1752 1777 2745
8845 4 2 1 1 1862 1781 1858 435
8846 4 2 1 1 23 3202 316 1425
8847 4 2 1 1 2739 2536 1406 1417
8848 4 2 1 1 1779 1856 432 471
8849 4 2 1 1 2785 1731 2089 2074
8850 4 2 1 1 2683 1892 1890 1882
8851 4 2 1 1 3204 3205 3199 317
8852 4 2 1 1 1871 496 2651 2122
8853 4 2 1 1 3109 2889 2044 2522
8854 4 2 1 1 2663 3120 2349 3166
8855 4 2 1 1 1401 2402 1382 2403
8856 4 2 1 1 1614 1268 1276 3122
8857 4 2 1 1 1614 1268 3122 1626
8858 4 2 1 1 1614 1268 1626 1263
8859 4 2 1 1 2795 1800 2609 2796
8860 4 2 1 1 1614 1268 1263 1276
8861 4 2 1 1 2809 2398 2816 1762
8862 4 2 1 1 1760 3126 2732 2539
8863 4 2 1 1 2587 449 2586 2093
8864 4 2 1 1 3126 2404 3133 2682
8865 4 2 1 1 2404 2674 3133 2682
8866 4 2 1 1 1078 3218 209 3217
8867 4 2 1 1 1403 2404 3133 3126
8868 4 2 1 1 1827 1825 3152 1813
8869 4 2 1 1 451 490 1849 489
8870 4 2 1 1 2098 1478 1450 1491
8871 4 2 1 1 1884 1528 3244 1868
8872 4 2 1 1 855 3235 134 826
8873 4 2 1 1 2080 3154 352 1454
8874 4 2 1 1 2566 2707 2139 1875
8875 4 2 1 1 95 96 3229 754
8876 4 2 1 1 1530 3143 1529 1888
8877 4 2 1 1 3232 3228 25 344
8878 4 2 1 1 755 3147 3159 775
8879 4 2 1 1 1844 2245 2642 36
8880 4 2 1 1 3128 2105 3129 1524
8881 4 2 1 1 2117 2119 1869 1905
8882 4 2 1 1 102 103 753 2004
8883 4 2 1 1 1841 3228 1799 453
8884 4 2 1 1 2199 2566 2139 1875
8885 4 2 1 1 2461 459 1840 458
8886 4 2 1 1 793 778 776 1795
8887 4 2 1 1 455 1929 493 456
8888 4 2 1 1 1877 2138 1865 1902
8889 4 2 1 1 1852 1851 1930 1853
8890 4 2 1 1 1405 3125 1415 1429
8891 4 2 1 1 1906 3249 1917 1887
8892 4 2 1 1 1530 3143 3144 1531
8893 4 2 1 1 1403 2674 3133 2404
8894 4 2 1 1 1899 2707 1876 1909
8895 4 2 1 1 1816 1818 1817 2327
8896 4 2 1 1 2487 3130 3153 2787
8897 4 2 1 1 774 776 3159 775
8898 4 2 1 1 3242 3250 3240 3249
8899 4 2 1 1 1895 1866 3144 2286
8900 4 2 1 1 785 96 754 3229
8901 4 2 1 1 2256 2540 3137 2624
8902 4 2 1 1 30 3246 402 27
8903 4 2 1 1 1109 782 1120 794
8904 4 2 1 1 3224 3211 786 3221
8905 4 2 1 1 2032 568 801 2834
8906 4 2 1 1 2846 1136 2210 2194
8907 4 2 1 1 428 465 111 466
8908 4 2 1 1 484 1925 1920 522
8909 4 2 1 1 1713 1790 1792 406
8910 4 2 1 1 2794 433 2789 471
8911 4 2 1 1 3131 2076 2796 2078
8912 4 2 1 1 2235 3147 2236 2237
8913 4 2 1 1 1847 2366 1835 1828
8914 4 2 1 1 1878 2133 2131 2128
8915 4 2 1 1 1895 1890 3144 1908
8916 4 2 1 1 826 490 1872 1883
8917 4 2 1 1 1890 1895 3144 2286
8918 4 2 1 1 255 331 218 3234
8919 4 2 1 1 2637 1533 2293 2618
8920 4 2 1 1 517 3165 1964 401
8921 4 2 1 1 3165 517 1964 1963
8922 4 2 1 1 2696 2138 1902 2198
8923 4 2 1 1 2199 486 2198 2231
8924 4 2 1 1 2637 1533 1534 2400
8925 4 2 1 1 1874 484 2188 1913
8926 4 2 1 1 1531 2293 3144 1532
8927 4 2 1 1 2860 2617 2814 831
8928 4 2 1 1 2299 1962 1963 3155
8929 4 2 1 1 2443 800 92 2851
8930 4 2 1 1 2696 488 1902 1913
8931 4 2 1 1 3132 1900 824 845
8932 4 2 1 1 2465 2718 2736 3132
8933 4 2 1 1 3238 367 3241 366
8934 4 2 1 1 1874 2138 1902 1913
8935 4 2 1 1 99 810 808 885
8936 4 2 1 1 2696 2138 2188 1913
8937 4 2 1 1 865 2820 2859 3119
8938 4 2 1 1 2355 1939 2356 2300
8939 4 2 1 1 1910 2131 2137 1879
8940 4 2 1 1 2214 484 1913 2188
8941 4 2 1 1 130 2467 2851 93
8942 4 2 1 1 2375 1620 2476 2295
8943 4 2 1 1 2131 2127 2137 1879
8944 4 2 1 1 1631 2903 2008 2755
8945 4 2 1 1 458 496 457 2661
8946 4 2 1 1 1984 2214 2213 522
8947 4 2 1 1 1497 3227 1799 1484
8948 4 2 1 1 1497 3227 1484 344
8949 4 2 1 1 2127 1878 1880 1879
8950 4 2 1 1 3231 3232 1483 344
8951 4 2 1 1 1394 1063 1388 3162
8952 4 2 1 1 2453 1613 2898 2755
8953 4 2 1 1 547 506 546 2992
8954 4 2 1 1 507 2916 2992 547
8955 4 2 1 1 1937 2762 1980 506
8956 4 2 1 1 1966 2973 919 3175
8957 4 2 1 1 1608 2357 2898 2455
8958 4 2 1 1 2952 2962 2953 145
8959 4 2 1 1 2925 1983 39 512
8960 4 2 1 1 2808 2482 904 2353
8961 4 2 1 1 2982 1988 1994 2924
8962 4 2 1 1 3297 2007 3121 3263
8963 4 2 1 1 2936 2938 2954 1993
8964 4 2 1 1 1587 1977 1600 1958
8965 4 2 1 1 3143 2293 1531 2618
8966 4 2 1 1 1613 1611 2898 2755
8967 4 2 1 1 2501 1603 2913 2502
8968 4 2 1 1 931 914 1935 916
8969 4 2 1 1 2134 1874 1910 483
8970 4 2 1 1 2696 2718 37 2214
8971 4 2 1 1 2740 2450 2433 1979
8972 4 2 1 1 1970 914 1935 931
8973 4 2 1 1 916 1935 1986 915
8974 4 2 1 1 2762 1937 2042 506
8975 4 2 1 1 1970 914 3113 1935
8976 4 2 1 1 2764 2014 544 1974
8977 4 2 1 1 505 504 1974 2990
8978 4 2 1 1 3111 2646 2875 2911
8979 4 2 1 1 3175 3176 3178 3177
8980 4 2 1 1 3115 1945 2251 2304
8981 4 2 1 1 1874 2212 483 2134
8982 4 2 1 1 2212 2567 483 2134
8983 4 2 1 1 2746 1950 2880 2907
8984 4 2 1 1 1607 2641 1591 1608
8985 4 2 1 1 3163 1310 1352 1321
8986 4 2 1 1 826 3235 134 490
8987 4 2 1 1 2269 1289 20 2271
8988 4 2 1 1 858 572 127 2854
8989 4 2 1 1 1969 2434 1946 1979
8990 4 2 1 1 2032 2578 2514 91
8991 4 2 1 1 2234 2232 485 2233
8992 4 2 1 1 2485 1081 2606 2227
8993 4 2 1 1 92 2443 2851 2852
8994 4 2 1 1 2434 2450 1946 1979
8995 4 2 1 1 573 870 7 2022
8996 4 2 1 1 925 2801 2421 161
8997 4 2 1 1 124 879 123 956
8998 4 2 1 1 2552 162 2553 2801
8999 4 2 1 1 1984 3116 2214 40
9000 4 2 1 1 2857 2563 942 153
9001 4 2 1 1 2563 942 10 575
9002 4 2 1 1 70 195 108 196
9003 4 2 1 1 122 868 123 3123
9004 4 2 1 1 2578 761 2443 2514
9005 4 2 1 1 2835 800 224 2442
9006 4 2 1 1 2457 2875 2815 1960
9007 4 2 1 1 2166 1185 2154 1182
9008 4 2 1 1 2805 2354 3115 2323
9009 4 2 1 1 2597 2145 1197 2692
9010 4 2 1 1 1479 3168 346 347
9011 4 2 1 1 2883 2776 1012 2040
9012 4 2 1 1 3163 1310 1321 2873
9013 4 2 1 1 278 3164 1271 277
9014 4 2 1 1 3165 1964 401 1622
9015 4 2 1 1 2928 3282 140 3266
9016 4 2 1 1 1537 2541 3134 1536
9017 4 2 1 1 2980 140 141 2928
9018 4 2 1 1 2578 2443 761 92
9019 4 2 1 1 1970 3110 511 3113
9020 4 2 1 1 1320 1321 1322 2873
9021 4 2 1 1 636 635 1670 1666
9022 4 2 1 1 2058 2691 3160 2221
9023 4 2 1 1 2091 1746 2066 2068
9024 4 2 1 1 3175 3178 3181 3177
9025 4 2 1 1 1805 1816 2327 1818
9026 4 2 1 1 1321 1320 3142 2873
9027 4 2 1 1 1800 2393 2608 2609
9028 4 2 1 1 1961 1973 3181 1957
9029 4 2 1 1 1823 472 2789 471
9030 4 2 1 1 1711 1717 1791 1714
9031 4 2 1 1 1625 1636 3174 392
9032 4 2 1 1 502 2937 388 2935
9033 4 2 1 1 1644 1645 3006 2978
9034 4 2 1 1 1636 502 388 1597
9035 4 2 1 1 3125 1405 1417 1429
9036 4 2 1 1 1349 2479 2614 1330
9037 4 2 1 1 3131 2083 3154 2080
9038 4 2 1 1 1340 2479 2884 1349
9039 4 2 1 1 3154 470 3131 469
9040 4 2 1 1 1686 1662 2896 2041
9041 4 2 1 1 2108 2644 1550 2104
9042 4 2 1 1 340 454 339 1457
9043 4 2 1 1 3015 1375 3094 302
9044 4 2 1 1 1867 2137 1880 1879
9045 4 2 1 1 1942 1986 930 1961
9046 4 2 1 1 1340 2479 1349 1350
9047 4 2 1 1 1503 1581 335 1586
9048 4 2 1 1 1349 2614 2884 2505
9049 4 2 1 1 1925 1922 1920 2000
9050 4 2 1 1 40 1981 509 3116
9051 4 2 1 1 1349 2614 2505 1328
9052 4 2 1 1 2395 2212 2567 483
9053 4 2 1 1 510 509 1971 3115
9054 4 2 1 1 2718 2696 37 488
9055 4 2 1 1 1349 2614 1328 1330
9056 4 2 1 1 3135 2142 2144 2368
9057 4 2 1 1 2542 2265 237 2595
9058 4 2 1 1 1243 2471 2730 2731
9059 4 2 1 1 2112 2113 1545 2107
9060 4 2 1 1 2998 1643 2979 1648
9061 4 2 1 1 1332 1350 2895 1337
9062 4 2 1 1 1308 1350 1337 2895
9063 4 2 1 1 1361 1445 1440 284
9064 4 2 1 1 507 2916 508 1990
9065 4 2 1 1 2989 549 508 2925
9066 4 2 1 1 1407 1035 3169 308
9067 4 2 1 1 347 348 2392 2165
9068 4 2 1 1 1473 2647 1476 1468
9069 4 2 1 1 1531 2293 1532 1533
9070 4 2 1 1 3266 899 938 2047
9071 4 2 1 1 1057 2208 1036 190
9072 4 2 1 1 194 3201 1058 1038
9073 4 2 1 1 2630 2258 1453 2276
9074 4 2 1 1 2208 2248 2826 190
9075 4 2 1 1 1973 916 1986 1961
9076 4 2 1 1 1350 2474 2895 2479
9077 4 2 1 1 1350 2474 2479 1330
9078 4 2 1 1 1448 3227 343 1484
9079 4 2 1 1 1084 1088 1087 1164
9080 4 2 1 1 1607 2280 2385 3148
9081 4 2 1 1 1079 1067 2706 2189
9082 4 2 1 1 2383 2906 2385 3148
9083 4 2 1 1 1016 1093 1098 1095
9084 4 2 1 1 3026 1027 1023 178
9085 4 2 1 1 873 8 2577 570
9086 4 2 1 1 873 125 2012 832
9087 4 2 1 1 825 1218 248 1206
9088 4 2 1 1 873 2853 2012 2577
9089 4 2 1 1 689 715 69 200
9090 4 2 1 1 2853 832 873 2012
9091 4 2 1 1 2652 2699 2177 1074
9092 4 2 1 1 2256 2258 2209 3138
9093 4 2 1 1 2853 832 2012 2863
9094 4 2 1 1 2819 191 2473 2810
9095 4 2 1 1 3269 32 1706 413
9096 4 2 1 1 32 3059 417 1707
9097 4 2 1 1 3158 1959 1960 3155
9098 4 2 1 1 230 1163 192 229
9099 4 2 1 1 2914 1322 2873 2506
9100 4 2 1 1 3218 85 3195 3193
9101 4 2 1 1 1398 2153 2462 2760
9102 4 2 1 1 1012 2776 2469 999
9103 4 2 1 1 3282 139 523 3010
9104 4 2 1 1 1067 2706 2196 197
9105 4 2 1 1 1045 1034 2176 2591
9106 4 2 1 1 1350 2474 1330 1332
9107 4 2 1 1 1742 1427 1413 1778
9108 4 2 1 1 3139 2670 1032 205
9109 4 2 1 1 114 2570 2034 2571
9110 4 2 1 1 2090 2075 3127 2077
9111 4 2 1 1 2745 2092 1765 1777
9112 4 2 1 1 2707 2133 2139 1876
9113 4 2 1 1 1830 2562 1839 2667
9114 4 2 1 1 1816 2241 1796 2240
9115 4 2 1 1 1742 3204 3214 1740
9116 4 2 1 1 114 2570 2571 76
9117 4 2 1 1 1830 2377 2562 2667
9118 4 2 1 1 2347 2247 2246 3170
9119 4 2 1 1 580 2892 581 3286
9120 4 2 1 1 2643 664 2045 2546
9121 4 2 1 1 576 2548 2030 901
9122 4 2 1 1 2930 261 530 260
9123 4 2 1 1 2046 147 2866 900
9124 4 2 1 1 2024 173 3278 2585
9125 4 2 1 1 2555 912 2887 911
9126 4 2 1 1 524 3282 523 3010
9127 4 2 1 1 1874 2138 1877 1902
9128 4 2 1 1 223 2675 769 222
9129 4 2 1 1 2054 2056 622 2055
9130 4 2 1 1 2263 1182 1181 2262
9131 4 2 1 1 638 3117 641 2055
9132 4 2 1 1 2057 638 2056 2055
9133 4 2 1 1 18 220 1159 15
9134 4 2 1 1 638 641 622 2055
9135 4 2 1 1 187 2339 2485 2841
9136 4 2 1 1 2526 2053 641 2055
9137 4 2 1 1 1252 2017 2772 1285
9138 4 2 1 1 2196 198 2225 2224
9139 4 2 1 1 3117 2057 2365 2055
9140 4 2 1 1 2064 1736 2066 1747
9141 4 2 1 1 1148 224 1136 2210
9142 4 2 1 1 531 261 530 2994
9143 4 2 1 1 326 1378 325 2532
9144 4 2 1 1 2149 1409 311 1381
9145 4 2 1 1 3263 1348 3121 1338
9146 4 2 1 1 351 2087 350 313
9147 4 2 1 1 448 447 2529 1729
9148 4 2 1 1 1322 1323 2506 2436
9149 4 2 1 1 2452 3156 1326 2315
9150 4 2 1 1 2646 3155 3158 2457
9151 4 2 1 1 2756 536 2037 1593
9152 4 2 1 1 2538 2090 3127 2077
9153 4 2 1 1 2622 2474 1334 2621
9154 4 2 1 1 329 3124 291 445
9155 4 2 1 1 2312 1309 290 2314
9156 4 2 1 1 1800 2796 2785 2609
9157 4 2 1 1 289 326 327 1446
9158 4 2 1 1 1335 2307 1334 1331
9159 4 2 1 1 432 470 2796 2785
9160 4 2 1 1 290 2314 1325 3124
9161 4 2 1 1 1691 1675 1358 1708
9162 4 2 1 1 1750 2069 1749 1748
9163 4 2 1 1 1772 1749 1729 2598
9164 4 2 1 1 2457 1960 3155 3158
9165 4 2 1 1 1896 477 476 3247
9166 4 2 1 1 1824 1801 3152 1825
9167 4 2 1 1 1825 1826 3152 1824
9168 4 2 1 1 2802 1734 2680 2679
9169 4 2 1 1 2743 473 435 434
9170 4 2 1 1 2197 2226 2227 200
9171 4 2 1 1 2032 569 5 568
9172 4 2 1 1 2072 1731 2074 2089
9173 4 2 1 1 1767 2072 2073 2071
9174 4 2 1 1 709 2513 2512 2414
9175 4 2 1 1 1478 2101 2665 1477
9176 4 2 1 1 1494 3128 339 338
9177 4 2 1 1 2275 838 247 246
9178 4 2 1 1 685 701 3166 702
9179 4 2 1 1 2783 1489 1488 1451
9180 4 2 1 1 1478 2101 1477 1491
9181 4 2 1 1 1834 1829 1457 1846
9182 4 2 1 1 331 25 369 1506
9183 4 2 1 1 1464 1493 2096 1465
9184 4 2 1 1 1118 1134 779 798
9185 4 2 1 1 74 3120 685 3166
9186 4 2 1 1 701 74 685 3166
9187 4 2 1 1 2373 1244 2448 2449
9188 4 2 1 1 2146 1174 2152 1214
9189 4 2 1 1 2123 3143 2110 2618
9190 4 2 1 1 3166 75 3120 2411
9191 4 2 1 1 1775 685 3166 1737
9192 4 2 1 1 143 2945 2943 2942
9193 4 2 1 1 230 1163 1160 192
9194 4 2 1 1 272 19 2986 1286
9195 4 2 1 1 139 3282 140 3010
9196 4 2 1 1 144 892 2942 143
9197 4 2 1 1 187 2841 2485 2840
9198 4 2 1 1 1264 2449 2730 2448
9199 4 2 1 1 491 3244 1883 3235
9200 4 2 1 1 1623 1596 1278 1626
9201 4 2 1 1 2163 1419 3145 2162
9202 4 2 1 1 3148 1610 1614 3122
9203 4 2 1 1 1261 1588 1278 1263
9204 4 2 1 1 2993 2929 2961 948
9205 4 2 1 1 1889 1552 1529 1885
9206 4 2 1 1 2324 2252 2323 3116
9207 4 2 1 1 946 947 2961 948
9208 4 2 1 1 2395 520 482 2742
9209 4 2 1 1 1974 2875 2764 2014
9210 4 2 1 1 2111 3143 2110 2116
9211 4 2 1 1 2945 144 949 2950
9212 4 2 1 1 2119 2530 1897 2122
9213 4 2 1 1 144 943 949 2950
9214 4 2 1 1 1878 1881 1909 2121
9215 4 2 1 1 253 216 254 3137
9216 4 2 1 1 3136 3161 2141 2140
9217 4 2 1 1 3178 143 2943 2942
9218 4 2 1 1 2941 3178 2943 2942
9219 4 2 1 1 2005 103 566 567
9220 4 2 1 1 806 883 889 886
9221 4 2 1 1 2571 2813 113 75
9222 4 2 1 1 1581 1503 1505 1586
9223 4 2 1 1 463 462 2239 1796
9224 4 2 1 1 2988 950 2968 2980
9225 4 2 1 1 463 2698 3171 3159
9226 4 2 1 1 2392 3151 2399 2791
9227 4 2 1 1 2883 1012 975 1000
9228 4 2 1 1 980 2255 2379 2303
9229 4 2 1 1 1096 1015 164 1092
9230 4 2 1 1 138 2035 5 569
9231 4 2 1 1 756 767 224 800
9232 4 2 1 1 950 947 2968 945
9233 4 2 1 1 782 784 783 3261
9234 4 2 1 1 1548 2636 1557 2709
9235 4 2 1 1 1174 2146 2625 1208
9236 4 2 1 1 2974 2973 2953 500
9237 4 2 1 1 2143 3135 1198 3136
9238 4 2 1 1 2384 1243 2700 2471
9239 4 2 1 1 2143 3135 3136 2142
9240 4 2 1 1 498 1933 460 1928
9241 4 2 1 1 1839 1803 2667 2330
9242 4 2 1 1 1815 2328 1839 2562
9243 4 2 1 1 2240 2237 1843 2558
9244 4 2 1 1 440 1775 3166 1737
9245 4 2 1 1 3257 3246 3253 3248
9246 4 2 1 1 2379 2670 1059 2697
9247 4 2 1 1 2173 2170 1076 2653
9248 4 2 1 1 2607 1114 1147 2620
9249 4 2 1 1 2010 125 571 570
9250 4 2 1 1 1147 2607 2620 2180
9251 4 2 1 1 214 251 2156 252
9252 4 2 1 1 1782 1859 431 432
9253 4 2 1 1 1675 1345 3108 1333
9254 4 2 1 1 3191 3197 3192 3184
9255 4 2 1 1 2312 1309 2314 2313
9256 4 2 1 1 2156 2155 251 2158
9257 4 2 1 1 3105 3059 32 3079
9258 4 2 1 1 2179 213 2180 212
9259 4 2 1 1 1646 2966 2972 1642
9260 4 2 1 1 2490 1679 1701 2500
9261 4 2 1 1 3110 2962 2983 2921
9262 4 2 1 1 2306 287 2279 2305
9263 4 2 1 1 3007 3110 2983 2921
9264 4 2 1 1 1086 1088 1165 1164
9265 4 2 1 1 512 3110 1982 2983
9266 4 2 1 1 39 512 1982 2983
9267 4 2 1 1 1489 2791 3149 3151
9268 4 2 1 1 702 1737 685 703
9269 4 2 1 1 2265 237 2594 1216
9270 4 2 1 1 2318 3156 3124 1659
9271 4 2 1 1 702 1726 3167 1737
9272 4 2 1 1 237 2265 236 1216
9273 4 2 1 1 2765 2915 1685 2016
9274 4 2 1 1 276 275 237 2595
9275 4 2 1 1 2371 274 2557 273
9276 4 2 1 1 2189 1043 2183 1039
9277 4 2 1 1 1508 1586 1501 1505
9278 4 2 1 1 1408 3131 3127 315
9279 4 2 1 1 1401 2531 1399 2760
9280 4 2 1 1 564 114 2034 6
9281 4 2 1 1 2553 2031 575 941
9282 4 2 1 1 117 869 2720 116
9283 4 2 1 1 1295 2967 2994 2917
9284 4 2 1 1 2967 1295 2994 3002
9285 4 2 1 1 3178 3179 3181 3177
9286 4 2 1 1 2856 154 926 897
9287 4 2 1 1 1074 1042 1044 2177
9288 4 2 1 1 2652 1042 1074 2177
9289 4 2 1 1 2138 1874 2188 1913
9290 4 2 1 1 1874 2138 2188 2134
9291 4 2 1 1 3166 2411 2412 701
9292 4 2 1 1 573 2021 871 2615
9293 4 2 1 1 532 3281 533 2763
9294 4 2 1 1 99 2420 799 762
9295 4 2 1 1 2235 3147 2237 35
9296 4 2 1 1 380 3112 2999 2957
9297 4 2 1 1 265 2956 264 2957
9298 4 2 1 1 485 2233 2232 2199
9299 4 2 1 1 862 847 1864 1903
9300 4 2 1 1 1034 2591 203 2605
9301 4 2 1 1 3055 3098 1029 3060
9302 4 2 1 1 380 3112 2957 1270
9303 4 2 1 1 177 12 3082 1006
9304 4 2 1 1 2460 968 164 971
9305 4 2 1 1 168 964 3141 167
9306 4 2 1 1 3281 2927 2991 533
9307 4 2 1 1 1921 517 518 1999
9308 4 2 1 1 3180 3179 3178 3177
9309 4 2 1 1 264 3112 2957 3005
9310 4 2 1 1 3255 3258 3179 3260
9311 4 2 1 1 2749 3294 3297 3121
9312 4 2 1 1 844 868 2814 831
9313 4 2 1 1 2421 2805 898 2323
9314 4 2 1 1 1935 510 1971 3115
9315 4 2 1 1 249 2195 2774 211
9316 4 2 1 1 278 279 1242 394
9317 4 2 1 1 2143 3135 2142 2144
9318 4 2 1 1 2129 1561 2124 1560
9319 4 2 1 1 1617 2296 1591 2260
9320 4 2 1 1 763 2515 2005 2832
9321 4 2 1 1 1884 3239 1887 1891
9322 4 2 1 1 3157 2288 1866 480
9323 4 2 1 1 532 3281 262 2991
9324 4 2 1 1 1220 249 2195 2774
9325 4 2 1 1 3121 1686 3294 3016
9326 4 2 1 1 2648 1474 1470 2647
9327 4 2 1 1 1475 2778 1487 2788
9328 4 2 1 1 2211 1606 3164 2280
9329 4 2 1 1 2749 3294 3121 2041
9330 4 2 1 1 2259 1466 3138 2258
9331 4 2 1 1 377 340 378 492
9332 4 2 1 1 2845 223 2675 2440
9333 4 2 1 1 1521 2631 2630 372
9334 4 2 1 1 3173 2062 2684 2094
9335 4 2 1 1 301 594 3027 3094
9336 4 2 1 1 307 345 1432 1436
9337 4 2 1 1 3132 3119 2466 2231
9338 4 2 1 1 856 2821 2583 2580
9339 4 2 1 1 1819 2329 2331 1820
9340 4 2 1 1 2232 486 485 2199
9341 4 2 1 1 2978 1646 1644 1645
9342 4 2 1 1 391 1625 3177 3174
9343 4 2 1 1 3281 2927 263 2991
9344 4 2 1 1 3145 1394 3162 1061
9345 4 2 1 1 1018 1014 1091 1094
9346 4 2 1 1 983 168 3141 284
9347 4 2 1 1 1902 487 2198 1865
9348 4 2 1 1 3255 3179 3258 3177
9349 4 2 1 1 2234 2232 2337 3118
9350 4 2 1 1 168 206 1091 1094
9351 4 2 1 1 3156 2452 1326 3108
9352 4 2 1 1 1313 285 284 3141
9353 4 2 1 1 2739 2536 2403 1406
9354 4 2 1 1 2312 3124 290 328
9355 4 2 1 1 1686 3121 2041 2896
9356 4 2 1 1 1243 3164 2700 277
9357 4 2 1 1 2991 532 2917 262
9358 4 2 1 1 1214 1185 1195 2152
9359 4 2 1 1 2151 1210 2597 2145
9360 4 2 1 1 1566 3246 3249 368
9361 4 2 1 1 829 856 2821 137
9362 4 2 1 1 1899 1914 1875 2566
9363 4 2 1 1 485 2233 2199 1875
9364 4 2 1 1 2133 2707 2128 1876
9365 4 2 1 1 856 2583 2821 137
9366 4 2 1 1 3280 3007 2925 550
9367 4 2 1 1 301 300 3027 593
9368 4 2 1 1 594 301 3027 593
9369 4 2 1 1 767 224 2845 223
9370 4 2 1 1 461 2242 3171 462
9371 4 2 1 1 2417 2439 764 2515
9372 4 2 1 1 131 2407 2408 2467
9373 4 2 1 1 3035 3037 3183 3038
9374 4 2 1 1 133 3245 855 827
9375 4 2 1 1 2340 2339 2228 13
9376 4 2 1 1 3280 3007 512 2925
9377 4 2 1 1 2377 1830 1803 2667
9378 4 2 1 1 3111 2014 2875 1936
9379 4 2 1 1 3037 3187 3038 3039
9380 4 2 1 1 2219 3141 323 285
9381 4 2 1 1 3187 3037 3038 3183
9382 4 2 1 1 2633 2435 2506 1323
9383 4 2 1 1 3242 854 1917 852
9384 4 2 1 1 572 859 127 2616
9385 4 2 1 1 2688 1128 2220 1141
9386 4 2 1 1 177 3099 3082 3060
9387 4 2 1 1 3223 1013 988 3188
9388 4 2 1 1 3187 1013 3223 3188
9389 4 2 1 1 645 418 3049 1693
9390 4 2 1 1 59 3047 3076 676
9391 4 2 1 1 56 558 2028 557
9392 4 2 1 1 63 645 3049 1693
9393 4 2 1 1 2125 1560 2124 1541
9394 4 2 1 1 275 276 2731 2595
9395 4 2 1 1 3175 1976 3177 1987
9396 4 2 1 1 3179 3180 1260 1259
9397 4 2 1 1 2383 3164 2280 2382
9398 4 2 1 1 1268 1640 3112 3122
9399 4 2 1 1 265 2971 1635 1240
9400 4 2 1 1 238 2596 2731 2595
9401 4 2 1 1 2274 2273 247 2268
9402 4 2 1 1 3260 1272 1281 1257
9403 4 2 1 1 2948 2947 266 1296
9404 4 2 1 1 393 241 394 279
9405 4 2 1 1 156 1288 917 155
9406 4 2 1 1 2549 903 2876 2482
9407 4 2 1 1 1273 2373 1280 2372
9408 4 2 1 1 1024 3055 3056 3043
9409 4 2 1 1 3110 914 913 3113
9410 4 2 1 1 2630 1453 2258 333
9411 4 2 1 1 898 2805 3115 2323
9412 4 2 1 1 3055 1024 3056 1029
9413 4 2 1 1 3007 2925 2983 512
9414 4 2 1 1 2698 3171 2719 2246
9415 4 2 1 1 484 37 1925 522
9416 4 2 1 1 3190 630 633 3184
9417 4 2 1 1 1046 1048 1047 2172
9418 4 2 1 1 2168 2164 3145 2169
9419 4 2 1 1 2112 1558 2400 2106
9420 4 2 1 1 1480 2081 352 2080
9421 4 2 1 1 1024 3043 3056 185
9422 4 2 1 1 707 1770 3207 3206
9423 4 2 1 1 447 1793 409 1787
9424 4 2 1 1 1498 3202 3213 467
9425 4 2 1 1 3088 1724 425 3012
9426 4 2 1 1 433 1785 471 434
9427 4 2 1 1 2069 1750 2071 1751
9428 4 2 1 1 2415 2340 759 221
9429 4 2 1 1 3012 426 3085 1720
9430 4 2 1 1 721 3222 2414 705
9431 4 2 1 1 1915 1882 2120 2683
9432 4 2 1 1 51 89 2701 90
9433 4 2 1 1 2413 2831 2662 3167
9434 4 2 1 1 1915 2120 2603 2683
9435 4 2 1 1 3209 3202 3210 3207
9436 4 2 1 1 2637 1520 2635 2293
9437 4 2 1 1 1983 2925 508 3280
9438 4 2 1 1 631 630 3188 3184
9439 4 2 1 1 2828 759 106 788
9440 4 2 1 1 3071 1720 3012 3085
9441 4 2 1 1 1724 1720 425 3012
9442 4 2 1 1 1121 3256 1124 1143
9443 4 2 1 1 52 2020 559 90
9444 4 2 1 1 745 667 43 1
9445 4 2 1 1 2197 199 1030 198
9446 4 2 1 1 2269 1289 273 20
9447 4 2 1 1 3088 425 603 3012
9448 4 2 1 1 18 2773 2467 2774
9449 4 2 1 1 7 124 956 879
9450 4 2 1 1 578 9 152 940
9451 4 2 1 1 2695 2269 17 2272
9452 4 2 1 1 3186 3191 1671 3184
9453 4 2 1 1 2481 2857 2858 926
9454 4 2 1 1 2050 2549 927 2867
9455 4 2 1 1 1541 2124 2125 2115
9456 4 2 1 1 2587 449 2093 411
9457 4 2 1 1 12 177 3082 3060
9458 4 2 1 1 961 3101 3163 3023
9459 4 2 1 1 803 565 2034 6
9460 4 2 1 1 3281 2043 2763 532
9461 4 2 1 1 932 906 1238 1275
9462 4 2 1 1 1841 3235 3229 3228
9463 4 2 1 1 271 2808 2890 905
9464 4 2 1 1 118 1178 825 850
9465 4 2 1 1 2993 41 554 9
9466 4 2 1 1 942 2563 2030 575
9467 4 2 1 1 2311 326 289 2309
9468 4 2 1 1 891 902 2858 901
9469 4 2 1 1 2311 326 2309 2681
9470 4 2 1 1 1295 261 2917 2994
9471 4 2 1 1 2311 326 2681 1400
9472 4 2 1 1 1948 2740 1951 1979
9473 4 2 1 1 2962 146 893 145
9474 4 2 1 1 1973 1987 3181 1957
9475 4 2 1 1 2311 326 1400 327
9476 4 2 1 1 2324 2736 3123 2422
9477 4 2 1 1 2925 549 508 3280
9478 4 2 1 1 2387 2281 2704 835
9479 4 2 1 1 150 576 909 149
9480 4 2 1 1 2864 2912 2374 1237
9481 4 2 1 1 2361 2360 1697 1709
9482 4 2 1 1 804 565 2832 101
9483 4 2 1 1 2360 1697 1709 1690
9484 4 2 1 1 1177 2262 1216 2264
9485 4 2 1 1 317 24 1424 3199
9486 4 2 1 1 3199 1411 317 3205
9487 4 2 1 1 1793 448 447 409
9488 4 2 1 1 1603 2501 1604 2364
9489 4 2 1 1 144 892 3175 2942
9490 4 2 1 1 1240 2971 1635 3176
9491 4 2 1 1 1683 2498 2588 2360
9492 4 2 1 1 502 503 2935 1968
9493 4 2 1 1 2936 501 2938 1993
9494 4 2 1 1 1636 29 388 2940
9495 4 2 1 1 1646 29 2972 2977
9496 4 2 1 1 385 1648 2919 1641
9497 4 2 1 1 3175 2939 2941 3174
9498 4 2 1 1 1683 1690 1689 2360
9499 4 2 1 1 1451 2791 3151 2392
9500 4 2 1 1 1837 1823 2393 1800
9501 4 2 1 1 2905 1947 2499 2870
9502 4 2 1 1 1731 2785 2076 2074
9503 4 2 1 1 501 3174 2937 2939
9504 4 2 1 1 268 2985 2970 1287
9505 4 2 1 1 263 3000 1293 2917
9506 4 2 1 1 2394 2743 1803 2667
9507 4 2 1 1 2959 1294 3002 1297
9508 4 2 1 1 3091 3061 3019 299
9509 4 2 1 1 1823 2393 2330 1820
9510 4 2 1 1 380 2958 2957 2965
9511 4 2 1 1 2769 2912 2864 1250
9512 4 2 1 1 689 2226 2228 2715
9513 4 2 1 1 1254 2729 2497 2448
9514 4 2 1 1 2948 265 1296 266
9515 4 2 1 1 3276 2886 592 593
9516 4 2 1 1 2769 1274 1250 2864
9517 4 2 1 1 3288 2922 3270 527
9518 4 2 1 1 2937 1636 388 2940
9519 4 2 1 1 107 2828 2342 759
9520 4 2 1 1 3016 1686 3277 422
9521 4 2 1 1 107 2828 759 106
9522 4 2 1 1 1983 2925 3280 512
9523 4 2 1 1 387 388 2935 1597
9524 4 2 1 1 3291 2502 2861 2868
9525 4 2 1 1 950 140 2988 139
9526 4 2 1 1 2828 2575 68 2824
9527 4 2 1 1 2340 69 16 13
9528 4 2 1 1 2925 2989 3009 508
9529 4 2 1 1 1944 1980 1949 2018
9530 4 2 1 1 2006 591 3295 592
9531 4 2 1 1 1254 1264 2730 2448
9532 4 2 1 1 264 1239 3112 3005
9533 4 2 1 1 2956 2967 1293 3000
9534 4 2 1 1 2006 2886 592 3276
9535 4 2 1 1 3176 392 391 3174
9536 4 2 1 1 1046 2174 1044 2176
9537 4 2 1 1 507 547 2992 506
9538 4 2 1 1 3276 299 3091 3019
9539 4 2 1 1 2036 540 1627 2753
9540 4 2 1 1 1950 2907 1985 2880
9541 4 2 1 1 270 2298 269 2565
9542 4 2 1 1 299 3295 1310 1352
9543 4 2 1 1 303 3015 3104 596
9544 4 2 1 1 3263 3029 3028 3022
9545 4 2 1 1 2399 2791 3151 2800
9546 4 2 1 1 3029 305 3051 304
9547 4 2 1 1 1695 2516 2504 2519
9548 4 2 1 1 2486 2453 1613 1615
9549 4 2 1 1 2364 3158 3155 1604
9550 4 2 1 1 3080 3015 3104 303
9551 4 2 1 1 549 550 3280 2925
9552 4 2 1 1 3165 2292 2294 1594
9553 4 2 1 1 1451 3151 1489 1479
9554 4 2 1 1 1965 1936 1978 3111
9555 4 2 1 1 3111 2646 2911 2502
9556 4 2 1 1 1279 2885 1267 1266
9557 4 2 1 1 1616 2358 1615 1612
9558 4 2 1 1 2292 3165 2294 2291
9559 4 2 1 1 3081 3066 186 3056
9560 4 2 1 1 1605 1628 1604 2657
9561 4 2 1 1 182 3101 181 3096
9562 4 2 1 1 321 208 1033 3199
9563 4 2 1 1 321 1033 208 207
9564 4 2 1 1 3084 3076 58 3024
9565 4 2 1 1 3263 1348 1338 1312
9566 4 2 1 1 298 183 3053 1314
9567 4 2 1 1 3044 184 3040 3043
9568 4 2 1 1 1024 3043 185 1028
9569 4 2 1 1 186 1024 3056 185
9570 4 2 1 1 990 1012 967 2040
9571 4 2 1 1 660 2049 53 648
9572 4 2 1 1 3081 12 186 1008
9573 4 2 1 1 3059 3070 1719 417
9574 4 2 1 1 763 752 2005 2515
9575 4 2 1 1 2281 2274 836 2386
9576 4 2 1 1 836 869 2387 2386
9577 4 2 1 1 656 3183 1693 1700
9578 4 2 1 1 421 3032 3030 3031
9579 4 2 1 1 117 1218 17 248
9580 4 2 1 1 1346 1310 300 2886
9581 4 2 1 1 408 2318 3124 1659
9582 4 2 1 1 1724 1720 3078 1722
9583 4 2 1 1 2915 1665 1685 1682
9584 4 2 1 1 2024 994 2775 1006
9585 4 2 1 1 2841 187 225 2840
9586 4 2 1 1 473 474 435 1858
9587 4 2 1 1 3065 186 3056 185
9588 4 2 1 1 583 3285 582 2891
9589 4 2 1 1 158 476 3247 120
9590 4 2 1 1 474 2333 2397 436
9591 4 2 1 1 2555 910 934 912
9592 4 2 1 1 1922 1924 1920 2000
9593 4 2 1 1 910 890 2554 2551
9594 4 2 1 1 22 3073 306 1373
9595 4 2 1 1 418 3183 3069 1664
9596 4 2 1 1 2483 833 857 2863
9597 4 2 1 1 246 2273 2275 2668
9598 4 2 1 1 3051 1368 3080 304
9599 4 2 1 1 1310 2006 3276 2886
9600 4 2 1 1 571 572 126 2616
9601 4 2 1 1 1684 1698 1315 1663
9602 4 2 1 1 481 1904 2724 2673
9603 4 2 1 1 576 2031 149 575
9604 4 2 1 1 1934 2710 1945 2304
9605 4 2 1 1 2569 2710 2304 1945
9606 4 2 1 1 2004 103 753 790
9607 4 2 1 1 1493 2666 2085 2096
9608 4 2 1 1 1450 3130 2203 1462
9609 4 2 1 1 2237 3159 3147 2238
9610 4 2 1 1 1826 2795 3152 1824
9611 4 2 1 1 1408 3131 315 314
9612 4 2 1 1 2719 774 796 3171
9613 4 2 1 1 2101 1491 2096 1465
9614 4 2 1 1 469 1859 431 468
9615 4 2 1 1 2432 2445 995 1011
9616 4 2 1 1 2797 659 2822 2029
9617 4 2 1 1 3113 2304 2737 510
9618 4 2 1 1 1961 1954 3255 1953
9619 4 2 1 1 1262 1588 1261 1263
9620 4 2 1 1 92 91 130 889
9621 4 2 1 1 1940 1636 502 2937
9622 4 2 1 1 1313 1341 1351 3140
9623 4 2 1 1 279 3248 393 241
9624 4 2 1 1 3182 3186 1700 3184
9625 4 2 1 1 3028 3294 3016 3121
9626 4 2 1 1 3054 297 3067 3045
9627 4 2 1 1 2446 968 977 1011
9628 4 2 1 1 3115 1945 2304 510
9629 4 2 1 1 3098 3055 1026 3063
9630 4 2 1 1 3191 3193 3192 3198
9631 4 2 1 1 2441 2443 761 2514
9632 4 2 1 1 223 766 2675 2440
9633 4 2 1 1 3269 32 413 3079
9634 4 2 1 1 3189 984 1306 1317
9635 4 2 1 1 2197 199 2224 2226
9636 4 2 1 1 767 2442 2441 2440
9637 4 2 1 1 2452 1328 2437 1326
9638 4 2 1 1 197 14 83 1080
9639 4 2 1 1 429 3209 428 1733
9640 4 2 1 1 1328 2505 2437 2614
9641 4 2 1 1 3220 109 3210 233
9642 4 2 1 1 2505 1328 2437 2452
9643 4 2 1 1 2219 3141 285 2218
9644 4 2 1 1 195 70 687 1066
9645 4 2 1 1 87 716 86 442
9646 4 2 1 1 89 2058 2056 2691
9647 4 2 1 1 1426 443 3196 1730
9648 4 2 1 1 1999 518 1921 1996
9649 4 2 1 1 209 1078 3217 1040
9650 4 2 1 1 481 2673 2724 2463
9651 4 2 1 1 2724 481 2463 2742
9652 4 2 1 1 777 780 1806 797
9653 4 2 1 1 1752 1760 2745 2539
9654 4 2 1 1 606 605 3269 3021
9655 4 2 1 1 795 2675 2415 769
9656 4 2 1 1 2396 3124 2318 2317
9657 4 2 1 1 301 2025 1308 2825
9658 4 2 1 1 3208 723 1066 687
9659 4 2 1 1 407 406 291 445
9660 4 2 1 1 1889 1552 1885 1894
9661 4 2 1 1 3129 1894 377 1552
9662 4 2 1 1 1334 2307 2621 2474
9663 4 2 1 1 1542 2113 1545 2114
9664 4 2 1 1 452 490 453 1853
9665 4 2 1 1 1240 1261 1623 1278
9666 4 2 1 1 1521 1547 2631 372
9667 4 2 1 1 2622 1334 2474 1332
9668 4 2 1 1 1170 1198 2143 1197
9669 4 2 1 1 446 2318 2677 2396
9670 4 2 1 1 446 2318 2396 3124
9671 4 2 1 1 2872 3121 2007 1348
9672 4 2 1 1 1081 1041 2227 200
9673 4 2 1 1 1587 3259 1598 390
9674 4 2 1 1 360 1519 1557 2709
9675 4 2 1 1 377 1552 1524 3129
9676 4 2 1 1 329 3124 3133 328
9677 4 2 1 1 1289 1273 1248 2282
9678 4 2 1 1 1081 1041 1065 2606
9679 4 2 1 1 2719 774 3171 2381
9680 4 2 1 1 2339 2228 13 2227
9681 4 2 1 1 2197 2190 1041 2606
9682 4 2 1 1 272 906 905 894
9683 4 2 1 1 2648 2788 1474 2786
9684 4 2 1 1 1081 2339 13 2227
9685 4 2 1 1 1620 2375 399 400
9686 4 2 1 1 1255 2729 1283 2470
9687 4 2 1 1 2911 2861 3111 2502
9688 4 2 1 1 2729 1254 2730 2448
9689 4 2 1 1 3131 2796 2076 432
9690 4 2 1 1 2659 2080 3154 2083
9691 4 2 1 1 2401 1536 3137 3134
9692 4 2 1 1 1543 1548 2132 2638
9693 4 2 1 1 1628 1592 2475 1615
9694 4 2 1 1 2562 2328 1839 2667
9695 4 2 1 1 371 1536 3137 2401
9696 4 2 1 1 2883 990 2766 2040
9697 4 2 1 1 2659 2082 2095 1480
9698 4 2 1 1 2630 1521 372 371
9699 4 2 1 1 2630 3137 2401 371
9700 4 2 1 1 3258 3180 390 3177
9701 4 2 1 1 1574 362 1652 1571
9702 4 2 1 1 455 3128 3130 456
9703 4 2 1 1 1526 1209 1553 1556
9704 4 2 1 1 333 2258 3137 3138
9705 4 2 1 1 1277 1243 2470 1283
9706 4 2 1 1 3147 3172 2236 2702
9707 4 2 1 1 1277 2384 2470 1243
9708 4 2 1 1 2630 3137 371 333
9709 4 2 1 1 2094 1764 2064 2676
9710 4 2 1 1 1777 1729 2092 1765
9711 4 2 1 1 3101 3095 3053 3163
9712 4 2 1 1 2934 503 2935 2936
9713 4 2 1 1 188 1088 226 189
9714 4 2 1 1 2292 2295 2294 1620
9715 4 2 1 1 1618 2486 2753 2903
9716 4 2 1 1 2278 2230 2279 1311
9717 4 2 1 1 2629 1519 359 2628
9718 4 2 1 1 1646 2977 1644 388
9719 4 2 1 1 2357 1617 1608 1612
9720 4 2 1 1 2861 543 3267 542
9721 4 2 1 1 2764 2042 1974 545
9722 4 2 1 1 3138 333 332 3137
9723 4 2 1 1 3253 3252 1953 515
9724 4 2 1 1 333 371 332 3137
9725 4 2 1 1 536 3287 2756 535
9726 4 2 1 1 2120 2119 2117 1905
9727 4 2 1 1 2574 732 2011 563
9728 4 2 1 1 689 2228 2226 200
9729 4 2 1 1 3183 1664 1700 3182
9730 4 2 1 1 3114 414 3109 2522
9731 4 2 1 1 1151 221 16 2823
9732 4 2 1 1 2494 2498 2896 1688
9733 4 2 1 1 485 2234 2233 38
9734 4 2 1 1 689 2824 2715 2342
9735 4 2 1 1 1606 1614 1242 3148
9736 4 2 1 1 719 561 2803 2843
9737 4 2 1 1 1640 1629 3112 3122
9738 4 2 1 1 88 688 441 3160
9739 4 2 1 1 1269 3148 3122 2451
9740 4 2 1 1 2885 1267 3122 2451
9741 4 2 1 1 4 43 745 81
9742 4 2 1 1 1159 1156 1231 1236
9743 4 2 1 1 1268 3112 1267 3122
9744 4 2 1 1 3171 463 3159 1795
9745 4 2 1 1 776 755 1832 3159
9746 4 2 1 1 800 756 93 224
9747 4 2 1 1 755 3147 1832 3159
9748 4 2 1 1 2146 1214 1186 1208
9749 4 2 1 1 1207 1544 3135 3134
9750 4 2 1 1 191 2819 2473 229
9751 4 2 1 1 1832 776 3159 1795
9752 4 2 1 1 1510 1436 345 1514
9753 4 2 1 1 463 1832 3159 1795
9754 4 2 1 1 909 910 2551 890
9755 4 2 1 1 925 2552 2551 2805
9756 4 2 1 1 910 925 2551 2805
9757 4 2 1 1 840 822 841 2581
9758 4 2 1 1 1328 2505 1349 1348
9759 4 2 1 1 631 3183 656 3184
9760 4 2 1 1 2827 3167 438 439
9761 4 2 1 1 3160 437 3173 1773
9762 4 2 1 1 925 2552 909 2551
9763 4 2 1 1 2020 52 2533 2701
9764 4 2 1 1 4 560 559 2019
9765 4 2 1 1 166 205 204 2379
9766 4 2 1 1 910 925 909 2551
9767 4 2 1 1 2244 2241 1814 2562
9768 4 2 1 1 2241 1815 1814 2562
9769 4 2 1 1 12 173 3082 1006
9770 4 2 1 1 2377 1830 2562 2244
9771 4 2 1 1 689 2824 2342 68
9772 4 2 1 1 2244 1830 2562 1814
9773 4 2 1 1 781 95 219 3230
9774 4 2 1 1 1830 1815 2562 1814
9775 4 2 1 1 67 743 820 68
9776 4 2 1 1 3208 711 3210 3207
9777 4 2 1 1 799 762 2418 775
9778 4 2 1 1 1037 2174 2699 1074
9779 4 2 1 1 3109 617 643 64
9780 4 2 1 1 103 567 104 790
9781 4 2 1 1 789 2834 567 2005
9782 4 2 1 1 2428 624 2584 2429
9783 4 2 1 1 2410 727 2658 696
9784 4 2 1 1 2547 620 2822 2799
9785 4 2 1 1 1068 686 1080 197
9786 4 2 1 1 2175 1057 2208 2173
9787 4 2 1 1 849 1911 3118 1901
9788 4 2 1 1 2776 2878 2445 999
9789 4 2 1 1 755 3147 98 97
9790 4 2 1 1 36 3120 3170 2247
9791 4 2 1 1 461 1845 1806 3170
9792 4 2 1 1 2582 829 865 856
9793 4 2 1 1 3234 28 3233 365
9794 4 2 1 1 3171 461 1806 3170
9795 4 2 1 1 811 888 134 882
9796 4 2 1 1 3120 33 2642 36
9797 4 2 1 1 811 809 886 882
9798 4 2 1 1 1845 36 3170 461
9799 4 2 1 1 780 465 112 3170
9800 4 2 1 1 1845 465 780 3170
9801 4 2 1 1 2247 2245 2246 3170
9802 4 2 1 1 2572 771 2573 803
9803 4 2 1 1 1277 1269 3148 1271
9804 4 2 1 1 803 114 2572 787
9805 4 2 1 1 428 465 466 1857
9806 4 2 1 1 2262 1183 1216 2594
9807 4 2 1 1 2779 2890 2987 2026
9808 4 2 1 1 859 822 2616 2617
9809 4 2 1 1 138 100 2583 137
9810 4 2 1 1 3172 35 38 489
9811 4 2 1 1 3172 829 3118 2337
9812 4 2 1 1 2596 237 1172 2594
9813 4 2 1 1 465 3120 112 3170
9814 4 2 1 1 36 2245 3170 461
9815 4 2 1 1 3274 2780 937 2046
9816 4 2 1 1 147 946 2981 2929
9817 4 2 1 1 162 925 161 2801
9818 4 2 1 1 2422 3123 2421 123
9819 4 2 1 1 516 364 401 402
9820 4 2 1 1 1566 364 3246 27
9821 4 2 1 1 2245 36 3170 2247
9822 4 2 1 1 1178 243 850 118
9823 4 2 1 1 1212 1176 3251 1193
9824 4 2 1 1 3242 3250 3249 3247
9825 4 2 1 1 3157 2290 480 518
9826 4 2 1 1 163 1015 1021 1098
9827 4 2 1 1 48 442 404 49
9828 4 2 1 1 206 3139 322 1063
9829 4 2 1 1 1056 1394 1072 1428
9830 4 2 1 1 1973 920 916 3181
9831 4 2 1 1 702 1726 1737 703
9832 4 2 1 1 1353 1342 293 3185
9833 4 2 1 1 1310 1346 1357 2886
9834 4 2 1 1 990 179 2766 586
9835 4 2 1 1 3044 184 1028 183
9836 4 2 1 1 1004 1321 1314 1319
9837 4 2 1 1 3290 1003 2761 2039
9838 4 2 1 1 22 297 1353 3067
9839 4 2 1 1 3101 182 3053 3052
9840 4 2 1 1 784 782 3225 3261
9841 4 2 1 1 231 1089 194 193
9842 4 2 1 1 232 3213 1107 1127
9843 4 2 1 1 3206 1739 3203 706
9844 4 2 1 1 916 1961 3181 930
9845 4 2 1 1 2933 3111 2926 1633
9846 4 2 1 1 920 916 3181 930
9847 4 2 1 1 2926 3111 2933 2932
9848 4 2 1 1 994 2775 1006 967
9849 4 2 1 1 1063 1394 1072 1061
9850 4 2 1 1 3189 3197 3188 985
9851 4 2 1 1 1170 3136 3161 2187
9852 4 2 1 1 172 209 1093 171
9853 4 2 1 1 84 686 1040 722
9854 4 2 1 1 2860 831 2814 2422
9855 4 2 1 1 1222 1299 273 236
9856 4 2 1 1 2263 1182 2262 2261
9857 4 2 1 1 1156 1152 1229 1232
9858 4 2 1 1 7 2021 124 871
9859 4 2 1 1 370 1173 1525 255
9860 4 2 1 1 1112 2185 2194 2204
9861 4 2 1 1 3179 921 3181 922
9862 4 2 1 1 1188 839 861 867
9863 4 2 1 1 1217 235 17 2269
9864 4 2 1 1 398 2708 2671 2370
9865 4 2 1 1 3254 3260 3255 924
9866 4 2 1 1 2054 51 2056 2701
9867 4 2 1 1 1519 1548 2709 2132
9868 4 2 1 1 1535 2112 2400 2638
9869 4 2 1 1 2124 1543 2132 2114
9870 4 2 1 1 826 135 849 1872
9871 4 2 1 1 848 245 828 131
9872 4 2 1 1 853 3245 3237 3240
9873 4 2 1 1 2533 52 559 1
9874 4 2 1 1 3191 3192 3193 3190
9875 4 2 1 1 235 1222 273 236
9876 4 2 1 1 1188 839 3240 861
9877 4 2 1 1 1554 366 365 3251
9878 4 2 1 1 1421 2150 2712 1393
9879 4 2 1 1 3226 3211 3224 3221
9880 4 2 1 1 605 1706 3269 3021
9881 4 2 1 1 1233 1156 1235 1229
9882 4 2 1 1 1297 1291 3002 2964
9883 4 2 1 1 899 2047 2549 2876
9884 4 2 1 1 272 19 1287 2985
9885 4 2 1 1 2369 1390 1397 2535
9886 4 2 1 1 1294 1291 3002 1297
9887 4 2 1 1 1203 848 827 132
9888 4 2 1 1 276 238 1301 277
9889 4 2 1 1 2265 2595 2594 237
9890 4 2 1 1 1805 2559 459 2326
9891 4 2 1 1 2143 1197 2145 2692
9892 4 2 1 1 2263 2464 2669 1180
9893 4 2 1 1 1843 1805 2558 460
9894 4 2 1 1 238 2596 1172 1197
9895 4 2 1 1 1213 1194 1544 1569
9896 4 2 1 1 325 326 2532 288
9897 4 2 1 1 1403 1386 3126 3133
9898 4 2 1 1 1687 1359 3121 3108
9899 4 2 1 1 1360 1443 1446 1439
9900 4 2 1 1 2321 2613 1336 2308
9901 4 2 1 1 1669 633 3184 1670
9902 4 2 1 1 1487 2666 1452 1486
9903 4 2 1 1 1671 1669 1700 3184
9904 4 2 1 1 2530 2661 2459 457
9905 4 2 1 1 1818 1819 2602 1798
9906 4 2 1 1 2527 2530 2459 457
9907 4 2 1 1 2459 1847 1798 2332
9908 4 2 1 1 1197 2692 2143 2187
9909 4 2 1 1 997 989 988 3188
9910 4 2 1 1 1653 1573 1651 1655
9911 4 2 1 1 2648 1474 2788 1475
9912 4 2 1 1 1551 2626 358 1523
9913 4 2 1 1 166 205 2379 167
9914 4 2 1 1 169 283 284 1341
9915 4 2 1 1 2218 1313 3141 285
9916 4 2 1 1 287 1441 324 325
9917 4 2 1 1 1675 1691 1358 1333
9918 4 2 1 1 3218 3198 986 3192
9919 4 2 1 1 989 985 3188 3192
9920 4 2 1 1 1547 1521 2631 2126
9921 4 2 1 1 3218 3196 3198 3193
9922 4 2 1 1 2707 2703 2128 1909
9923 4 2 1 1 253 216 3137 215
9924 4 2 1 1 726 716 3195 684
9925 4 2 1 1 2717 336 2257 2664
9926 4 2 1 1 711 3209 3210 3207
9927 4 2 1 1 2131 1878 2128 2127
9928 4 2 1 1 2159 2160 2165 1380
9929 4 2 1 1 443 1771 3195 3196
9930 4 2 1 1 2819 1105 2472 2473
9931 4 2 1 1 2438 312 2147 311
9932 4 2 1 1 1265 3248 1634 279
9933 4 2 1 1 1265 1595 1634 1624
9934 4 2 1 1 2119 2530 2118 1869
9935 4 2 1 1 85 3217 3195 684
9936 4 2 1 1 3161 356 357 1549
9937 4 2 1 1 1904 2288 2480 2673
9938 4 2 1 1 1904 1915 2480 1895
9939 4 2 1 1 2685 3136 3135 2142
9940 4 2 1 1 2464 1211 1180 2261
9941 4 2 1 1 2819 1105 2473 229
9942 4 2 1 1 2164 3169 2169 2694
9943 4 2 1 1 1577 1653 1655 1573
9944 4 2 1 1 3136 2685 1540 1559
9945 4 2 1 1 3196 3204 3199 317
9946 4 2 1 1 2644 2637 1534 2400
9947 4 2 1 1 1811 3227 1484 1799
9948 4 2 1 1 3232 3228 344 3227
9949 4 2 1 1 2174 1057 1037 2175
9950 4 2 1 1 3297 2007 2749 3121
9951 4 2 1 1 1840 1805 2326 2327
9952 4 2 1 1 501 3174 2939 1966
9953 4 2 1 1 1064 3169 191 2810
9954 4 2 1 1 191 3169 3168 2810
9955 4 2 1 1 1450 3130 1462 1494
9956 4 2 1 1 1921 517 1999 478
9957 4 2 1 1 514 513 1997 1919
9958 4 2 1 1 3253 389 1637 3259
9959 4 2 1 1 1450 2678 2102 2099
9960 4 2 1 1 3250 1565 1553 368
9961 4 2 1 1 3130 1797 456 2634
9962 4 2 1 1 1835 1797 2634 456
9963 4 2 1 1 3128 2705 456 494
9964 4 2 1 1 3172 2234 2235 2236
9965 4 2 1 1 1835 2527 457 456
9966 4 2 1 1 2861 2014 2911 3111
9967 4 2 1 1 1797 2487 1835 2634
9968 4 2 1 1 2487 3130 2787 2634
9969 4 2 1 1 1695 2516 2519 2253
9970 4 2 1 1 3032 1723 3050 3034
9971 4 2 1 1 2016 1662 1699 1685
9972 4 2 1 1 2438 349 1487 350
9973 4 2 1 1 1691 3156 3108 1689
9974 4 2 1 1 429 1861 1784 428
9975 4 2 1 1 3127 431 315 3131
9976 4 2 1 1 433 2089 2789 2785
9977 4 2 1 1 1452 2666 2716 2085
9978 4 2 1 1 1486 2666 1465 2101
9979 4 2 1 1 3200 3208 3210 3207
9980 4 2 1 1 1826 2608 1800 1837
9981 4 2 1 1 1464 2659 2660 2095
9982 4 2 1 1 3211 466 757 1831
9983 4 2 1 1 3153 1464 2660 1463
9984 4 2 1 1 3196 3193 443 3194
9985 4 2 1 1 2688 1115 2620 1103
9986 4 2 1 1 496 457 2530 495
9987 4 2 1 1 256 3251 1176 1196
9988 4 2 1 1 341 26 3213 1498
9989 4 2 1 1 2127 1878 2128 2121
9990 4 2 1 1 866 1891 1916 847
9991 4 2 1 1 26 3202 3213 1498
9992 4 2 1 1 1796 2241 1814 2242
9993 4 2 1 1 1726 1763 3173 438
9994 4 2 1 1 1779 1856 1859 432
9995 4 2 1 1 3222 2684 3160 2221
9996 4 2 1 1 199 1031 699 1049
9997 4 2 1 1 915 1935 1971 3115
9998 4 2 1 1 3160 3222 714 724
9999 4 2 1 1 157 243 281 156
10000 4 2 1 1 3246 478 477 515
10001 4 2 1 1 3115 2251 509 3116
10002 4 2 1 1 3172 2234 2337 3118
10003 4 2 1 1 367 3250 1553 368
10004 4 2 1 1 2684 3222 3173 2831
10005 4 2 1 1 1764 3173 2094 2062
10006 4 2 1 1 518 1939 1963 2290
10007 4 2 1 1 1948 2450 1946 2499
10008 4 2 1 1 1270 1640 1619 3112
10009 4 2 1 1 143 2945 2969 2943
10010 4 2 1 1 1970 1973 1943 931
10011 4 2 1 1 144 2952 2950 2946
10012 4 2 1 1 3202 3200 3210 3207
10013 4 2 1 1 3201 3202 320 3200
10014 4 2 1 1 598 3263 597 2007
10015 4 2 1 1 2031 909 2551 2550
10016 4 2 1 1 1841 3235 3228 453
10017 4 2 1 1 340 25 28 3233
10018 4 2 1 1 518 3165 517 3157
10019 4 2 1 1 239 1301 1224 238
10020 4 2 1 1 2043 261 2772 531
10021 4 2 1 1 1401 2531 2760 2402
10022 4 2 1 1 3165 1594 2294 3155
10023 4 2 1 1 3111 1597 2935 1968
10024 4 2 1 1 925 910 934 2805
10025 4 2 1 1 909 890 2551 2550
10026 4 2 1 1 3119 2820 2466 2231
10027 4 2 1 1 147 3274 2046 553
10028 4 2 1 1 312 2087 2088 1410
10029 4 2 1 1 3233 1497 3228 453
10030 4 2 1 1 2691 2839 692 2837
10031 4 2 1 1 2681 2402 1400 2760
10032 4 2 1 1 1398 2681 1400 2760
10033 4 2 1 1 2402 1401 1400 2760
10034 4 2 1 1 804 2842 2832 2033
10035 4 2 1 1 2343 795 2415 759
10036 4 2 1 1 1401 1398 1400 2760
10037 4 2 1 1 2564 2857 153 2563
10038 4 2 1 1 7 162 574 10
10039 4 2 1 1 1497 3233 454 453
10040 4 2 1 1 1885 1884 1868 1528
10041 4 2 1 1 491 3244 3235 3233
10042 4 2 1 1 3101 961 3163 182
10043 4 2 1 1 171 3192 986 970
10044 4 2 1 1 166 2379 204 2605
10045 4 2 1 1 271 272 2771 1274
10046 4 2 1 1 2362 980 2363 2303
10047 4 2 1 1 365 3233 3244 1567
10048 4 2 1 1 1722 1720 3078 3071
10049 4 2 1 1 3121 2750 2041 2896
10050 4 2 1 1 3200 3208 3207 3216
10051 4 2 1 1 2783 1488 2782 1451
10052 4 2 1 1 3191 1673 1344 3186
10053 4 2 1 1 309 310 2165 1380
10054 4 2 1 1 2098 2101 1491 2096
10055 4 2 1 1 1381 312 2088 1410
10056 4 2 1 1 2631 372 2689 2781
10057 4 2 1 1 3117 638 641 637
10058 4 2 1 1 1694 3114 1657 637
10059 4 2 1 1 2424 44 2425 2423
10060 4 2 1 1 3219 2522 3109 2044
10061 4 2 1 1 3201 3202 3200 3210
10062 4 2 1 1 3263 3029 1338 3121
10063 4 2 1 1 1883 1884 3244 1868
10064 4 2 1 1 751 43 82 81
10065 4 2 1 1 2159 2222 310 2165
10066 4 2 1 1 4 77 560 729
10067 4 2 1 1 751 670 746 673
10068 4 2 1 1 1956 3259 1954 1955
10069 4 2 1 1 3185 3036 3037 3182
10070 4 2 1 1 3284 3295 3163 2006
10071 4 2 1 1 3198 3191 3197 3192
10072 4 2 1 1 1976 1957 1956 3177
10073 4 2 1 1 3193 47 3192 3218
10074 4 2 1 1 1355 406 405 292
10075 4 2 1 1 1625 1976 3177 3174
10076 4 2 1 1 624 176 615 623
10077 4 2 1 1 1694 1657 636 637
10078 4 2 1 1 3297 2007 598 2749
10079 4 2 1 1 66 679 3089 3025
10080 4 2 1 1 426 605 2777 604
10081 4 2 1 1 1029 3055 3060 3056
10082 4 2 1 1 2431 2432 995 2430
10083 4 2 1 1 3066 59 3076 3083
10084 4 2 1 1 59 3066 618 3083
10085 4 2 1 1 3114 1658 2519 415
10086 4 2 1 1 1669 633 1670 636
10087 4 2 1 1 2516 1695 2504 1678
10088 4 2 1 1 1668 617 3109 1707
10089 4 2 1 1 1027 1023 1026 3098
10090 4 2 1 1 1669 1657 636 1670
10091 4 2 1 1 630 628 989 625
10092 4 2 1 1 3256 1482 1124 1127
10093 4 2 1 1 649 2848 2525 621
10094 4 2 1 1 3081 12 1008 173
10095 4 2 1 1 2920 3267 543 2932
10096 4 2 1 1 561 77 2804 560
10097 4 2 1 1 77 561 2804 718
10098 4 2 1 1 77 729 2804 560
10099 4 2 1 1 997 969 996 654
10100 4 2 1 1 77 718 2804 729
10101 4 2 1 1 58 642 2892 3286
10102 4 2 1 1 45 2424 44 623
10103 4 2 1 1 655 969 997 654
10104 4 2 1 1 58 642 619 2892
10105 4 2 1 1 3220 3209 109 3211
10106 4 2 1 1 195 1038 3208 3210
10107 4 2 1 1 59 642 3083 618
10108 4 2 1 1 3047 3066 3065 60
10109 4 2 1 1 3046 62 3041 3042
10110 4 2 1 1 624 2428 176 623
10111 4 2 1 1 2434 1969 2250 2433
10112 4 2 1 1 228 190 2819 2826
10113 4 2 1 1 198 696 699 698
10114 4 2 1 1 3146 2058 3160 2060
10115 4 2 1 1 697 2409 696 695
10116 4 2 1 1 718 690 695 2478
10117 4 2 1 1 708 706 3206 3203
10118 4 2 1 1 2245 3171 2242 2246
10119 4 2 1 1 722 3217 684 713
10120 4 2 1 1 2412 701 691 709
10121 4 2 1 1 927 151 577 152
10122 4 2 1 1 1742 1741 3204 1740
10123 4 2 1 1 3167 705 709 2414
10124 4 2 1 1 2663 3166 2349 2662
10125 4 2 1 1 2512 720 691 2009
10126 4 2 1 1 55 557 2052 556
10127 4 2 1 1 649 3219 640 665
10128 4 2 1 1 2028 650 557 2052
10129 4 2 1 1 2094 1764 1727 438
10130 4 2 1 1 1735 1741 3203 3195
10131 4 2 1 1 1713 406 1792 1715
10132 4 2 1 1 612 649 648 2848
10133 4 2 1 1 2897 2525 621 643
10134 4 2 1 1 77 4 560 731
10135 4 2 1 1 330 1426 443 3196
10136 4 2 1 1 2413 3222 2414 2836
10137 4 2 1 1 778 793 783 1808
10138 4 2 1 1 2365 2526 641 2055
10139 4 2 1 1 1877 1865 2139 1876
10140 4 2 1 1 1727 2827 439 1745
10141 4 2 1 1 102 103 566 2005
10142 4 2 1 1 2572 771 803 787
10143 4 2 1 1 3109 64 3264 3017
10144 4 2 1 1 1780 1861 1857 428
10145 4 2 1 1 840 2581 841 856
10146 4 2 1 1 2465 3132 2231 2198
10147 4 2 1 1 2582 2820 2859 865
10148 4 2 1 1 91 2578 2514 761
10149 4 2 1 1 3023 3284 590 3093
10150 4 2 1 1 1937 2042 1974 1985
10151 4 2 1 1 621 2525 665 643
10152 4 2 1 1 2443 800 2442 2441
10153 4 2 1 1 2750 2494 3108 2612
10154 4 2 1 1 102 763 566 101
10155 4 2 1 1 1049 1082 715 200
10156 4 2 1 1 2870 2905 1949 2018
10157 4 2 1 1 3113 2908 3110 511
10158 4 2 1 1 2908 1972 512 511
10159 4 2 1 1 770 1100 794 768
10160 4 2 1 1 3224 770 792 1119
10161 4 2 1 1 547 507 2018 1980
10162 4 2 1 1 474 1844 2642 36
10163 4 2 1 1 640 653 665 3219
10164 4 2 1 1 2842 2575 2033 105
10165 4 2 1 1 2881 3271 2908 2027
10166 4 2 1 1 224 756 1137 768
10167 4 2 1 1 1833 2237 464 1843
10168 4 2 1 1 2881 3271 2027 2780
10169 4 2 1 1 755 3147 799 98
10170 4 2 1 1 451 3147 35 1842
10171 4 2 1 1 2420 799 2418 2338
10172 4 2 1 1 1811 3227 1810 1809
10173 4 2 1 1 3219 653 665 643
10174 4 2 1 1 3120 74 685 427
10175 4 2 1 1 2545 619 2544 2546
10176 4 2 1 1 2571 114 113 787
10177 4 2 1 1 1750 2069 1748 1751
10178 4 2 1 1 664 2747 2546 2643
10179 4 2 1 1 793 785 783 1808
10180 4 2 1 1 888 811 886 882
10181 4 2 1 1 133 257 132 94
10182 4 2 1 1 2486 1618 1613 2903
10183 4 2 1 1 108 742 819 71
10184 4 2 1 1 2453 2486 1613 2903
10185 4 2 1 1 815 107 820 69
10186 4 2 1 1 2739 2531 1406 2403
10187 4 2 1 1 708 707 3206 706
10188 4 2 1 1 741 818 6 814
10189 4 2 1 1 384 2008 383 1589
10190 4 2 1 1 2531 1401 1406 2403
10191 4 2 1 1 2633 1323 2506 1322
10192 4 2 1 1 1406 2536 2403 1402
10193 4 2 1 1 653 617 643 3109
10194 4 2 1 1 3264 3109 3292 2044
10195 4 2 1 1 3221 3226 3261 3225
10196 4 2 1 1 1990 2989 2975 2916
10197 4 2 1 1 2514 91 761 801
10198 4 2 1 1 810 809 885 886
10199 4 2 1 1 8 569 2577 570
10200 4 2 1 1 649 2525 665 621
10201 4 2 1 1 582 3018 3100 3285
10202 4 2 1 1 547 2762 1980 2018
10203 4 2 1 1 829 3172 2821 2337
10204 4 2 1 1 887 806 5 810
10205 4 2 1 1 2035 100 2511 2583
10206 4 2 1 1 1552 492 1868 1894
10207 4 2 1 1 155 958 953 117
10208 4 2 1 1 1272 282 156 281
10209 4 2 1 1 366 1528 365 3244
10210 4 2 1 1 1841 1804 1810 3229
10211 4 2 1 1 154 958 116 115
10212 4 2 1 1 3246 1896 3249 3247
10213 4 2 1 1 2273 246 2275 247
10214 4 2 1 1 122 954 877 121
10215 4 2 1 1 452 1841 3229 1804
10216 4 2 1 1 1371 3102 1368 1372
10217 4 2 1 1 118 243 119 156
10218 4 2 1 1 4 749 1 90
10219 4 2 1 1 3257 3242 823 3247
10220 4 2 1 1 3110 3007 2983 512
10221 4 2 1 1 2982 1992 2954 2975
10222 4 2 1 1 785 452 3229 1804
10223 4 2 1 1 839 1169 838 867
10224 4 2 1 1 2237 1843 35 464
10225 4 2 1 1 2835 800 2442 2851
10226 4 2 1 1 828 2483 857 2852
10227 4 2 1 1 2938 2974 2954 1993
10228 4 2 1 1 1900 862 824 845
10229 4 2 1 1 2407 2275 838 2283
10230 4 2 1 1 2578 857 129 2853
10231 4 2 1 1 1169 1187 838 867
10232 4 2 1 1 873 129 857 2853
10233 4 2 1 1 3180 3176 1623 391
10234 4 2 1 1 1294 2948 1290 1296
10235 4 2 1 1 3234 3244 3251 365
10236 4 2 1 1 898 3123 3116 160
10237 4 2 1 1 843 3132 845 3119
10238 4 2 1 1 2762 2018 1949 1980
10239 4 2 1 1 3242 3239 3249 3240
10240 4 2 1 1 37 3123 475 3116
10241 4 2 1 1 925 2421 2805 898
10242 4 2 1 1 3249 3238 3241 3240
10243 4 2 1 1 3239 3238 3249 3240
10244 4 2 1 1 2047 3283 525 2779
10245 4 2 1 1 2948 265 1290 1296
10246 4 2 1 1 3175 1987 3177 3181
10247 4 2 1 1 919 1943 893 145
10248 4 2 1 1 1176 3245 3251 3236
10249 4 2 1 1 2549 2050 927 2548
10250 4 2 1 1 2421 898 3116 2323
10251 4 2 1 1 2720 2856 116 2444
10252 4 2 1 1 2846 224 2845 2210
10253 4 2 1 1 890 910 2554 911
10254 4 2 1 1 3110 146 2962 2921
10255 4 2 1 1 2993 554 148 9
10256 4 2 1 1 928 151 577 2550
10257 4 2 1 1 891 2549 927 2548
10258 4 2 1 1 8 129 2577 569
10259 4 2 1 1 92 2443 2852 2578
10260 4 2 1 1 1562 1889 1552 1529
10261 4 2 1 1 3287 2865 3112 1629
10262 4 2 1 1 2050 927 577 152
10263 4 2 1 1 2948 2959 1296 1294
10264 4 2 1 1 52 749 1 671
10265 4 2 1 1 2956 264 2957 3005
10266 4 2 1 1 52 749 671 51
10267 4 2 1 1 2971 2958 379 2972
10268 4 2 1 1 2772 2017 530 1285
10269 4 2 1 1 2017 529 260 2768
10270 4 2 1 1 2050 939 2867 927
10271 4 2 1 1 267 2969 2943 3178
10272 4 2 1 1 267 1284 3178 2943
10273 4 2 1 1 2973 144 2942 2946
10274 4 2 1 1 3282 2047 524 2867
10275 4 2 1 1 2721 2493 2722 974
10276 4 2 1 1 2536 2404 1402 3126
10277 4 2 1 1 2618 3143 2110 2108
10278 4 2 1 1 3236 134 95 133
10279 4 2 1 1 2920 3267 2932 3111
10280 4 2 1 1 143 892 2942 3178
10281 4 2 1 1 141 2951 2970 142
10282 4 2 1 1 630 628 3188 989
10283 4 2 1 1 297 3054 3067 3068
10284 4 2 1 1 938 2987 141 2928
10285 4 2 1 1 1287 2970 894 2987
10286 4 2 1 1 945 2951 2968 2980
10287 4 2 1 1 205 2255 3141 2670
10288 4 2 1 1 3236 134 133 855
10289 4 2 1 1 2967 3000 2917 1293
10290 4 2 1 1 3047 3076 676 3064
10291 4 2 1 1 58 3024 580 3106
10292 4 2 1 1 2243 1816 2327 2326
10293 4 2 1 1 1314 1004 1319 1005
10294 4 2 1 1 2043 261 531 262
10295 4 2 1 1 3275 1003 2039 3163
10296 4 2 1 1 3185 3036 3182 293
10297 4 2 1 1 1008 654 996 969
10298 4 2 1 1 1314 1004 1005 993
10299 4 2 1 1 671 749 1 667
10300 4 2 1 1 297 298 3045 3054
10301 4 2 1 1 1291 2930 2964 259
10302 4 2 1 1 2619 2556 14 11
10303 4 2 1 1 259 1297 2964 1291
10304 4 2 1 1 1015 1092 163 164
10305 4 2 1 1 980 2362 973 978
10306 4 2 1 1 66 2899 610 2
10307 4 2 1 1 3235 3237 3236 3244
10308 4 2 1 1 2960 19 2964 2985
10309 4 2 1 1 3290 2015 2761 992
10310 4 2 1 1 72 109 819 71
10311 4 2 1 1 689 727 2518 717
10312 4 2 1 1 2489 2830 1106 2727
10313 4 2 1 1 2604 2287 2293 3144
10314 4 2 1 1 109 758 233 3220
10315 4 2 1 1 2819 1105 229 228
10316 4 2 1 1 2485 2728 1065 2840
10317 4 2 1 1 234 69 196 16
10318 4 2 1 1 3275 1003 3163 961
10319 4 2 1 1 3143 2293 2618 2123
10320 4 2 1 1 1669 633 636 634
10321 4 2 1 1 2171 1060 1048 1070
10322 4 2 1 1 3221 1808 783 3261
10323 4 2 1 1 1313 1341 3141 284
10324 4 2 1 1 3098 1027 3063 1026
10325 4 2 1 1 2363 972 2721 2723
10326 4 2 1 1 1031 198 699 698
10327 4 2 1 1 1026 1027 3063 1025
10328 4 2 1 1 751 43 81 745
10329 4 2 1 1 2189 1067 1043 1039
10330 4 2 1 1 2639 968 1007 163
10331 4 2 1 1 3221 1808 3261 1809
10332 4 2 1 1 3117 2365 641 2055
10333 4 2 1 1 56 557 647 2029
10334 4 2 1 1 11 163 1021 1098
10335 4 2 1 1 2284 2409 728 2423
10336 4 2 1 1 59 3076 3083 3024
10337 4 2 1 1 2339 187 1081 13
10338 4 2 1 1 1038 195 3208 1066
10339 4 2 1 1 3076 59 58 3024
10340 4 2 1 1 980 2379 2255 167
10341 4 2 1 1 970 615 632 625
10342 4 2 1 1 56 558 557 2029
10343 4 2 1 1 2379 166 2734 2605
10344 4 2 1 1 2446 2468 977 968
10345 4 2 1 1 758 1134 233 3220
10346 4 2 1 1 2185 212 2184 2180
10347 4 2 1 1 1115 2688 2620 2726
10348 4 2 1 1 1148 2193 2210 2194
10349 4 2 1 1 419 3033 3035 3034
10350 4 2 1 1 794 1137 1120 1109
10351 4 2 1 1 3183 3069 3035 3038
10352 4 2 1 1 61 3047 680 3041
10353 4 2 1 1 1037 2174 1074 1047
10354 4 2 1 1 212 213 2180 1147
10355 4 2 1 1 250 213 212 1234
10356 4 2 1 1 1165 227 226 189
10357 4 2 1 1 2472 2335 1105 2334
10358 4 2 1 1 221 1118 769 222
10359 4 2 1 1 2687 1126 2830 2727
10360 4 2 1 1 1723 3070 3050 3034
10361 4 2 1 1 1102 331 1495 3232
10362 4 2 1 1 367 1518 3241 366
10363 4 2 1 1 3069 419 3035 3034
10364 4 2 1 1 1122 3232 1146 1102
10365 4 2 1 1 789 765 761 2833
10366 4 2 1 1 2415 221 222 2829
10367 4 2 1 1 139 950 944 2918
10368 4 2 1 1 3187 613 655 3183
10369 4 2 1 1 3224 3256 1121 1143
10370 4 2 1 1 1110 1099 222 2829
10371 4 2 1 1 2838 188 2346 2840
10372 4 2 1 1 2578 129 130 91
10373 4 2 1 1 3183 613 62 3038
10374 4 2 1 1 3029 421 3030 3031
10375 4 2 1 1 250 2179 2714 2184
10376 4 2 1 1 3039 3187 3038 61
10377 4 2 1 1 245 848 1187 1219
10378 4 2 1 1 2846 224 1136 223
10379 4 2 1 1 62 674 3042 3046
10380 4 2 1 1 155 897 2272 269
10381 4 2 1 1 2918 41 9 523
10382 4 2 1 1 58 3286 2892 580
10383 4 2 1 1 1176 1196 3251 1193
10384 4 2 1 1 674 678 3057 3046
10385 4 2 1 1 3048 674 3057 3046
10386 4 2 1 1 250 2179 251 1175
10387 4 2 1 1 139 2918 9 523
10388 4 2 1 1 2552 162 2801 925
10389 4 2 1 1 2542 1244 2371 2373
10390 4 2 1 1 2050 939 578 2902
10391 4 2 1 1 1637 3246 3253 515
10392 4 2 1 1 3260 3179 1281 3258
10393 4 2 1 1 2050 939 2902 2867
10394 4 2 1 1 1371 1372 1373 3074
10395 4 2 1 1 3250 1192 1553 1171
10396 4 2 1 1 3073 1371 1373 3074
10397 4 2 1 1 2497 2874 2910 1252
10398 4 2 1 1 1199 1200 3135 1198
10399 4 2 1 1 298 183 3045 3053
10400 4 2 1 1 1181 2262 1182 1183
10401 4 2 1 1 888 884 94 132
10402 4 2 1 1 3185 3036 293 3067
10403 4 2 1 1 2483 828 857 864
10404 4 2 1 1 3242 853 3239 3240
10405 4 2 1 1 282 1305 20 244
10406 4 2 1 1 1273 274 2371 273
10407 4 2 1 1 235 2269 273 17
10408 4 2 1 1 1188 1189 839 1169
10409 4 2 1 1 1544 1173 1213 1525
10410 4 2 1 1 235 2267 1177 2557
10411 4 2 1 1 1225 1222 1226 1303
10412 4 2 1 1 1027 3026 3098 3090
10413 4 2 1 1 1302 1225 1301 1303
10414 4 2 1 1 3138 216 215 3137
10415 4 2 1 1 1207 1200 1202 3134
10416 4 2 1 1 935 3260 1257 1272
10417 4 2 1 1 1022 1026 3063 1025
10418 4 2 1 1 848 1203 1187 1219
10419 4 2 1 1 2269 2270 273 1289
10420 4 2 1 1 2467 18 93 131
10421 4 2 1 1 800 2443 2442 2851
10422 4 2 1 1 2184 1108 212 2185
10423 4 2 1 1 2835 2467 93 2851
10424 4 2 1 1 3281 2885 2013 2763
10425 4 2 1 1 1273 1244 1280 2373
10426 4 2 1 1 19 268 1287 2985
10427 4 2 1 1 180 587 2015 966
10428 4 2 1 1 17 1305 1228 244
10429 4 2 1 1 3175 1976 1987 1966
10430 4 2 1 1 965 1005 993 1314
10431 4 2 1 1 17 1305 244 20
10432 4 2 1 1 2640 2460 163 164
10433 4 2 1 1 1025 182 181 3096
10434 4 2 1 1 921 1258 908 3179
10435 4 2 1 1 946 145 2952 943
10436 4 2 1 1 921 920 3181 922
10437 4 2 1 1 1625 1977 1976 1940
10438 4 2 1 1 2549 891 902 2858
10439 4 2 1 1 3098 1027 3090 3063
10440 4 2 1 1 265 2949 2956 2957
10441 4 2 1 1 264 1239 3005 263
10442 4 2 1 1 441 3146 31 403
10443 4 2 1 1 1270 1619 1640 1596
10444 4 2 1 1 930 3255 1942 1961
10445 4 2 1 1 874 954 951 121
10446 4 2 1 1 267 2947 2943 2969
10447 4 2 1 1 1277 2384 2451 2470
10448 4 2 1 1 271 906 1275 1238
10449 4 2 1 1 441 34 31 3146
10450 4 2 1 1 164 202 2191 203
10451 4 2 1 1 276 238 2713 2731
10452 4 2 1 1 2736 3132 3123 868
10453 4 2 1 1 238 1224 1226 1303
10454 4 2 1 1 2542 275 2449 2595
10455 4 2 1 1 2174 1057 2175 2173
10456 4 2 1 1 162 161 123 2801
10457 4 2 1 1 1544 1537 3134 1536
10458 4 2 1 1 2729 1255 1254 1253
10459 4 2 1 1 1537 1544 3134 3135
10460 4 2 1 1 3180 3179 1260 3178
10461 4 2 1 1 1268 1239 3112 1270
10462 4 2 1 1 1059 2379 2605 204
10463 4 2 1 1 1173 1536 1544 3134
10464 4 2 1 1 1254 1251 2497 1253
10465 4 2 1 1 1288 155 282 20
10466 4 2 1 1 935 917 896 1272
10467 4 2 1 1 3145 1389 2163 3162
10468 4 2 1 1 2112 1558 1535 2400
10469 4 2 1 1 1077 1034 2591 203
10470 4 2 1 1 3124 2314 3156 2316
10471 4 2 1 1 2721 972 973 974
10472 4 2 1 1 1383 2219 2216 323
10473 4 2 1 1 1705 2061 2568 2253
10474 4 2 1 1 2705 3129 2109 2111
10475 4 2 1 1 1370 3075 3027 3097
10476 4 2 1 1 1346 301 1308 2825
10477 4 2 1 1 1063 3139 3162 1032
10478 4 2 1 1 406 1316 1696 291
10479 4 2 1 1 1374 3062 3075 3097
10480 4 2 1 1 183 993 3053 1314
10481 4 2 1 1 1321 1310 1322 2873
10482 4 2 1 1 1717 441 1794 31
10483 4 2 1 1 1320 2633 3142 2873
10484 4 2 1 1 1717 441 31 403
10485 4 2 1 1 2312 1309 2310 289
10486 4 2 1 1 34 441 31 1794
10487 4 2 1 1 2318 3156 1659 2319
10488 4 2 1 1 1339 2278 1347 1311
10489 4 2 1 1 2884 2751 2748 1340
10490 4 2 1 1 3014 579 2 42
10491 4 2 1 1 1777 2071 2745 2092
10492 4 2 1 1 1375 3102 1368 3015
10493 4 2 1 1 1022 3044 3052 3063
10494 4 2 1 1 679 675 3089 3057
10495 4 2 1 1 1327 1328 2614 1330
10496 4 2 1 1 1675 1687 1689 3108
10497 4 2 1 1 976 2362 2493 2495
10498 4 2 1 1 1328 2505 1348 2452
10499 4 2 1 1 675 3014 3089 3057
10500 4 2 1 1 2751 2505 1312 1349
10501 4 2 1 1 2663 3166 2662 440
10502 4 2 1 1 3106 58 57 580
10503 4 2 1 1 3166 2348 3120 2349
10504 4 2 1 1 2505 2872 1348 2452
10505 4 2 1 1 3120 1775 685 3166
10506 4 2 1 1 1368 3015 303 1375
10507 4 2 1 1 921 1258 3179 3178
10508 4 2 1 1 1247 3178 932 923
10509 4 2 1 1 319 3200 1414 3214
10510 4 2 1 1 921 932 3178 923
10511 4 2 1 1 932 921 3178 1258
10512 4 2 1 1 3190 633 1670 3184
10513 4 2 1 1 3262 341 1498 1458
10514 4 2 1 1 2792 3153 3152 2660
10515 4 2 1 1 1673 3186 1674 1307
10516 4 2 1 1 1419 1430 1392 3145
10517 4 2 1 1 1069 1392 3145 1394
10518 4 2 1 1 1513 1509 1516 1435
10519 4 2 1 1 1331 2307 2321 2308
10520 4 2 1 1 2168 2167 3162 3145
10521 4 2 1 1 1397 2534 2535 2650
10522 4 2 1 1 679 3025 3057 3089
10523 4 2 1 1 3040 183 3045 3067
10524 4 2 1 1 421 3029 3030 3016
10525 4 2 1 1 3040 185 184 991
10526 4 2 1 1 684 3217 3195 3203
10527 4 2 1 1 1306 294 1342 3189
10528 4 2 1 1 583 3018 582 3285
10529 4 2 1 1 3191 3198 3197 296
10530 4 2 1 1 1063 1032 3162 1061
10531 4 2 1 1 3212 232 3210 194
10532 4 2 1 1 713 3216 708 700
10533 4 2 1 1 707 3216 708 3206
10534 4 2 1 1 2900 2048 658 555
10535 4 2 1 1 1052 1053 1051 3217
10536 4 2 1 1 3200 1770 3207 1733
10537 4 2 1 1 428 465 1857 427
10538 4 2 1 1 711 3209 71 3210
10539 4 2 1 1 2369 1390 2712 1393
10540 4 2 1 1 3216 3203 713 708
10541 4 2 1 1 466 111 757 1831
10542 4 2 1 1 429 1861 428 467
10543 4 2 1 1 3226 3211 3221 1838
10544 4 2 1 1 316 353 468 354
10545 4 2 1 1 2164 2163 3145 2162
10546 4 2 1 1 314 352 313 2081
10547 4 2 1 1 1514 26 354 1436
10548 4 2 1 1 1509 1513 1512 1435
10549 4 2 1 1 1070 2168 3145 2169
10550 4 2 1 1 1412 1376 3215 319
10551 4 2 1 1 1768 1387 1414 1415
10552 4 2 1 1 2219 2230 286 2650
10553 4 2 1 1 1224 238 1301 1303
10554 4 2 1 1 1390 2369 2712 2535
10555 4 2 1 1 323 322 284 3141
10556 4 2 1 1 540 3279 3008 541
10557 4 2 1 1 3224 3256 1143 3220
10558 4 2 1 1 109 758 3220 786
10559 4 2 1 1 321 169 283 284
10560 4 2 1 1 792 758 786 3220
10561 4 2 1 1 289 326 1446 288
10562 4 2 1 1 3256 3224 3226 3213
10563 4 2 1 1 543 3293 2920 544
10564 4 2 1 1 1224 1225 1226 1303
10565 4 2 1 1 1581 1503 335 372
10566 4 2 1 1 1841 3228 3229 1810
10567 4 2 1 1 3279 540 3008 385
10568 4 2 1 1 1804 1808 1810 3261
10569 4 2 1 1 216 217 332 1132
10570 4 2 1 1 133 3245 827 257
10571 4 2 1 1 2391 2325 1469 2783
10572 4 2 1 1 2666 1493 1465 2096
10573 4 2 1 1 1546 2113 2257 2107
10574 4 2 1 1 2784 1449 2717 2665
10575 4 2 1 1 336 374 2257 2664
10576 4 2 1 1 839 851 3240 861
10577 4 2 1 1 660 2049 555 53
10578 4 2 1 1 1508 1503 335 1586
10579 4 2 1 1 3279 3291 2868 1590
10580 4 2 1 1 2900 2545 57 658
10581 4 2 1 1 2399 2806 2800 3168
10582 4 2 1 1 3262 3211 3213 3226
10583 4 2 1 1 1123 1122 3231 1121
10584 4 2 1 1 308 307 346 1432
10585 4 2 1 1 2165 3168 2399 347
10586 4 2 1 1 921 3175 3178 3181
10587 4 2 1 1 2791 1489 2590 2783
10588 4 2 1 1 1961 1954 1957 3255
10589 4 2 1 1 1225 1224 1301 1303
10590 4 2 1 1 1409 2149 2654 2159
10591 4 2 1 1 1961 1942 1953 3255
10592 4 2 1 1 1489 2783 1488 1469
10593 4 2 1 1 1511 1515 310 348
10594 4 2 1 1 514 895 3252 1942
10595 4 2 1 1 2718 2324 3123 3116
10596 4 2 1 1 2718 2252 2324 3116
10597 4 2 1 1 2718 2252 3116 2214
10598 4 2 1 1 1539 1537 1538 2686
10599 4 2 1 1 855 861 827 3245
10600 4 2 1 1 1541 2115 2125 1538
10601 4 2 1 1 2637 1533 2618 1534
10602 4 2 1 1 3250 3243 1191 1215
10603 4 2 1 1 37 40 2214 3116
10604 4 2 1 1 162 2801 123 124
10605 4 2 1 1 1530 1532 3144 1527
10606 4 2 1 1 1973 931 1935 916
10607 4 2 1 1 1537 2541 1521 2686
10608 4 2 1 1 957 874 951 120
10609 4 2 1 1 1576 1650 1575 1654
10610 4 2 1 1 1650 1577 1572 1575
10611 4 2 1 1 373 1581 335 372
10612 4 2 1 1 3241 1553 1192 1518
10613 4 2 1 1 619 2545 2048 658
10614 4 2 1 1 1467 3150 1466 1472
10615 4 2 1 1 2718 37 3116 3123
10616 4 2 1 1 37 2718 3116 2214
10617 4 2 1 1 2900 2 658 57
10618 4 2 1 1 3077 3048 64 677
10619 4 2 1 1 3144 2116 2123 3143
10620 4 2 1 1 3048 3077 64 3058
10621 4 2 1 1 63 617 3058 64
10622 4 2 1 1 3048 63 3058 64
10623 4 2 1 1 1576 1650 1654 393
10624 4 2 1 1 298 3062 1369 1374
10625 4 2 1 1 2636 1548 1557 1568
10626 4 2 1 1 2683 1892 1882 2117
10627 4 2 1 1 1563 2604 3144 3157
10628 4 2 1 1 2625 1174 2624 2623
10629 4 2 1 1 869 825 117 248
10630 4 2 1 1 2698 3159 2238 2381
10631 4 2 1 1 1876 1865 2139 1875
10632 4 2 1 1 1898 1563 3157 363
10633 4 2 1 1 818 113 816 75
10634 4 2 1 1 741 818 816 75
10635 4 2 1 1 2247 3120 2349 2642
10636 4 2 1 1 157 3254 3247 3252
10637 4 2 1 1 1898 1563 363 1527
10638 4 2 1 1 2685 1537 1540 1539
10639 4 2 1 1 739 741 816 75
10640 4 2 1 1 1548 2636 2709 2638
10641 4 2 1 1 1959 3158 1958 1599
10642 4 2 1 1 2211 3161 2140 2672
10643 4 2 1 1 113 74 112 816
10644 4 2 1 1 1321 3142 3163 2873
10645 4 2 1 1 1199 1544 1194 1556
10646 4 2 1 1 1921 2001 1923 478
10647 4 2 1 1 1624 389 1634 3258
10648 4 2 1 1 2207 1101 2206 3138
10649 4 2 1 1 113 74 816 75
10650 4 2 1 1 2879 2729 2497 1253
10651 4 2 1 1 74 739 816 75
10652 4 2 1 1 2291 3165 2294 3155
10653 4 2 1 1 183 297 298 3045
10654 4 2 1 1 2013 3281 2763 533
10655 4 2 1 1 1627 2871 1618 1638
10656 4 2 1 1 1620 2375 400 2292
10657 4 2 1 1 1551 359 358 2627
10658 4 2 1 1 1592 1628 2656 1620
10659 4 2 1 1 1618 1613 2903 1631
10660 4 2 1 1 2871 2501 1605 1638
10661 4 2 1 1 666 747 748 744
10662 4 2 1 1 1614 1276 3148 3122
10663 4 2 1 1 2173 2174 1047 2172
10664 4 2 1 1 726 684 3195 3203
10665 4 2 1 1 2036 385 1590 1627
10666 4 2 1 1 3196 3193 3194 3198
10667 4 2 1 1 3164 1606 394 1242
10668 4 2 1 1 1652 363 1574 364
10669 4 2 1 1 2641 2296 1591 1608
10670 4 2 1 1 1771 443 3195 442
10671 4 2 1 1 531 261 2917 262
10672 4 2 1 1 3158 1632 3155 1604
10673 4 2 1 1 3204 1771 3195 1741
10674 4 2 1 1 3111 1603 1602 3158
10675 4 2 1 1 1596 1240 1623 1278
10676 4 2 1 1 716 1735 3195 442
10677 4 2 1 1 3080 1368 3015 303
10678 4 2 1 1 1627 2871 1638 2036
10679 4 2 1 1 1966 919 2973 500
10680 4 2 1 1 3260 3254 1245 1272
10681 4 2 1 1 2646 3155 2457 2645
10682 4 2 1 1 265 264 1270 2957
10683 4 2 1 1 395 1577 357 394
10684 4 2 1 1 3204 1741 3195 3203
10685 4 2 1 1 1620 2375 2292 2295
10686 4 2 1 1 1638 1603 1590 2913
10687 4 2 1 1 3111 1603 3158 2502
10688 4 2 1 1 3114 1658 415 414
10689 4 2 1 1 3059 1719 1725 417
10690 4 2 1 1 2065 2064 2063 1736
10691 4 2 1 1 3030 1721 3032 421
10692 4 2 1 1 1343 1698 1345 1315
10693 4 2 1 1 3107 421 3016 422
10694 4 2 1 1 135 96 490 134
10695 4 2 1 1 2201 1174 2623 2624
10696 4 2 1 1 3088 602 603 424
10697 4 2 1 1 3193 3194 1703 405
10698 4 2 1 1 3070 418 1723 1719
10699 4 2 1 1 3032 1723 1721 3050
10700 4 2 1 1 1911 3172 489 849
10701 4 2 1 1 3108 1359 3121 1348
10702 4 2 1 1 1603 2501 2364 2502
10703 4 2 1 1 635 3190 1670 1666
10704 4 2 1 1 1661 1316 1344 1708
10705 4 2 1 1 321 322 207 284
10706 4 2 1 1 1662 2896 2041 2767
10707 4 2 1 1 3033 3073 306 3036
10708 4 2 1 1 1662 2016 423 1685
10709 4 2 1 1 3111 2646 2502 3158
10710 4 2 1 1 3121 2872 3108 1348
10711 4 2 1 1 451 452 97 1804
10712 4 2 1 1 452 785 97 1804
10713 4 2 1 1 96 490 134 3235
10714 4 2 1 1 602 2765 1685 2016
10715 4 2 1 1 3077 3092 3025 65
10716 4 2 1 1 2023 3269 2889 606
10717 4 2 1 1 657 617 1693 645
10718 4 2 1 1 1673 1675 1708 1358
10719 4 2 1 1 419 418 3069 1664
10720 4 2 1 1 2915 2893 2500 1682
10721 4 2 1 1 135 96 134 882
10722 4 2 1 1 1680 2388 1660 2389
10723 4 2 1 1 2072 1767 1751 2071
10724 4 2 1 1 1817 2243 1815 1816
10725 4 2 1 1 3193 442 86 3195
10726 4 2 1 1 2802 2743 435 434
10727 4 2 1 1 769 1118 779 798
10728 4 2 1 1 2388 1702 410 2587
10729 4 2 1 1 815 107 69 108
10730 4 2 1 1 70 738 69 108
10731 4 2 1 1 738 815 69 108
10732 4 2 1 1 3167 1726 3173 438
10733 4 2 1 1 3209 711 71 72
10734 4 2 1 1 1134 1118 779 1150
10735 4 2 1 1 2310 2309 1336 2308
10736 4 2 1 1 1464 1493 2095 2096
10737 4 2 1 1 1860 1783 1856 1859
10738 4 2 1 1 521 2395 2250 1941
10739 4 2 1 1 2287 2123 2293 3144
10740 4 2 1 1 2288 1904 2480 2286
10741 4 2 1 1 1774 450 2063 1736
10742 4 2 1 1 2138 1877 1865 2139
10743 4 2 1 1 477 514 1923 476
10744 4 2 1 1 1759 1728 1758 3126
10745 4 2 1 1 3246 3253 515 3247
10746 4 2 1 1 693 562 79 2812
10747 4 2 1 1 3166 75 2411 701
10748 4 2 1 1 2093 450 2063 412
10749 4 2 1 1 880 957 119 120
10750 4 2 1 1 707 3216 3206 3207
10751 4 2 1 1 714 3222 735 724
10752 4 2 1 1 1761 685 1737 703
10753 4 2 1 1 736 73 813 72
10754 4 2 1 1 1896 3242 3249 3247
10755 4 2 1 1 1726 704 3167 3173
10756 4 2 1 1 1830 2397 473 474
10757 4 2 1 1 436 1781 435 1858
10758 4 2 1 1 2333 2398 2397 436
10759 4 2 1 1 1463 3153 1462 2203
10760 4 2 1 1 2097 2098 2099 1450
10761 4 2 1 1 1878 2127 1881 2121
10762 4 2 1 1 1896 854 3247 476
10763 4 2 1 1 377 340 492 339
10764 4 2 1 1 3241 1212 3240 3251
10765 4 2 1 1 3279 386 385 3008
10766 4 2 1 1 489 136 135 849
10767 4 2 1 1 1497 454 1799 453
10768 4 2 1 1 3249 1917 3239 3242
10769 4 2 1 1 2305 2230 1311 2279
10770 4 2 1 1 157 120 119 957
10771 4 2 1 1 157 120 957 158
10772 4 2 1 1 111 73 816 112
10773 4 2 1 1 2310 289 1336 2309
10774 4 2 1 1 778 3221 1807 1808
10775 4 2 1 1 2309 288 1336 2308
10776 4 2 1 1 458 1840 2602 1798
10777 4 2 1 1 2408 2852 130 2851
10778 4 2 1 1 3147 2237 35 464
10779 4 2 1 1 130 2467 93 131
10780 4 2 1 1 2487 2366 2345 1828
10781 4 2 1 1 2241 1816 1815 2243
10782 4 2 1 1 2309 289 1336 288
10783 4 2 1 1 3279 3291 541 2868
10784 4 2 1 1 2203 2787 3130 2678
10785 4 2 1 1 1334 1324 2621 1347
10786 4 2 1 1 3228 3235 3229 3236
10787 4 2 1 1 2507 1322 2506 2436
10788 4 2 1 1 1841 3235 453 452
10789 4 2 1 1 15 18 93 2467
10790 4 2 1 1 1109 782 781 3225
10791 4 2 1 1 793 785 1808 1804
10792 4 2 1 1 1448 3262 3227 1811
10793 4 2 1 1 140 938 141 2928
10794 4 2 1 1 741 737 6 3
10795 4 2 1 1 737 741 6 814
10796 4 2 1 1 3 741 76 6
10797 4 2 1 1 110 73 428 72
10798 4 2 1 1 1998 1925 2003 522
10799 4 2 1 1 2696 2214 1913 2188
10800 4 2 1 1 741 114 76 6
10801 4 2 1 1 2212 2395 521 483
10802 4 2 1 1 1951 1975 1967 2356
10803 4 2 1 1 17 2269 273 20
10804 4 2 1 1 483 521 522 1920
10805 4 2 1 1 897 2272 2298 2336
10806 4 2 1 1 2622 1324 2507 2436
10807 4 2 1 1 2597 2692 1197 2596
10808 4 2 1 1 1533 1535 1534 2400
10809 4 2 1 1 945 950 141 2980
10810 4 2 1 1 2270 1273 2371 273
10811 4 2 1 1 1506 25 369 28
10812 4 2 1 1 861 851 3240 853
10813 4 2 1 1 855 3245 3236 3237
10814 4 2 1 1 1588 3180 391 390
10815 4 2 1 1 95 219 3230 3236
10816 4 2 1 1 454 3233 491 453
10817 4 2 1 1 3187 3223 3184 3188
10818 4 2 1 1 1929 454 493 492
10819 4 2 1 1 1874 2131 1910 1879
10820 4 2 1 1 2288 1904 1866 480
10821 4 2 1 1 850 243 119 118
10822 4 2 1 1 1563 2604 3157 362
10823 4 2 1 1 2201 1174 2624 253
10824 4 2 1 1 1970 3110 893 1982
10825 4 2 1 1 1889 3143 1888 1529
10826 4 2 1 1 3228 1497 25 344
10827 4 2 1 1 855 3245 3237 853
10828 4 2 1 1 1900 3132 487 1864
10829 4 2 1 1 1523 2130 2136 1559
10830 4 2 1 1 2908 3271 3110 512
10831 4 2 1 1 1531 2293 1533 2618
10832 4 2 1 1 2908 3271 512 2847
10833 4 2 1 1 945 2951 2980 141
10834 4 2 1 1 3113 2908 511 2737
10835 4 2 1 1 3257 3254 3253 3247
10836 4 2 1 1 3146 638 614 50
10837 4 2 1 1 1893 3128 493 494
10838 4 2 1 1 3128 1893 2705 494
10839 4 2 1 1 2332 2459 2602 1798
10840 4 2 1 1 1826 1827 2345 1821
10841 4 2 1 1 48 87 744 86
10842 4 2 1 1 3278 3018 173 3082
10843 4 2 1 1 747 50 669 89
10844 4 2 1 1 3146 441 50 403
10845 4 2 1 1 88 441 50 3146
10846 4 2 1 1 2875 1936 1965 3111
10847 4 2 1 1 2992 2982 1994 2924
10848 4 2 1 1 3065 969 644 60
10849 4 2 1 1 1958 3158 1960 1978
10850 4 2 1 1 1950 1937 2907 1949
10851 4 2 1 1 895 924 3252 3255
10852 4 2 1 1 503 1936 3111 1968
10853 4 2 1 1 626 997 996 654
10854 4 2 1 1 2251 1984 2213 2569
10855 4 2 1 1 2738 2301 2304 3115
10856 4 2 1 1 1934 510 511 2737
10857 4 2 1 1 392 1625 391 3174
10858 4 2 1 1 481 2724 482 2742
10859 4 2 1 1 62 613 61 3038
10860 4 2 1 1 142 2951 945 141
10861 4 2 1 1 2292 1620 2294 1594
10862 4 2 1 1 674 3048 3042 3046
10863 4 2 1 1 2109 2111 3129 2110
10864 4 2 1 1 232 3213 3210 3220
10865 4 2 1 1 3179 1258 908 1257
10866 4 2 1 1 723 715 1066 687
10867 4 2 1 1 2866 2901 940 148
10868 4 2 1 1 2711 1947 1944 1972
10869 4 2 1 1 3113 2908 2737 2881
10870 4 2 1 1 1925 2003 475 1919
10871 4 2 1 1 1948 1951 2746 1950
10872 4 2 1 1 1937 506 505 2042
10873 4 2 1 1 945 2951 2950 2968
10874 4 2 1 1 686 197 728 83
10875 4 2 1 1 520 2741 1941 1967
10876 4 2 1 1 1969 1984 2213 522
10877 4 2 1 1 1992 2982 1994 1990
10878 4 2 1 1 2434 1969 2569 2250
10879 4 2 1 1 824 3132 868 3123
10880 4 2 1 1 915 1971 918 3115
10881 4 2 1 1 2954 2974 1989 1993
10882 4 2 1 1 197 697 2284 2225
10883 4 2 1 1 2952 2981 2962 146
10884 4 2 1 1 147 2046 937 900
10885 4 2 1 1 3110 913 893 937
10886 4 2 1 1 2938 2973 501 2939
10887 4 2 1 1 697 686 197 728
10888 4 2 1 1 2888 3142 2601 3163
10889 4 2 1 1 1347 2435 2278 1339
10890 4 2 1 1 2622 2507 1337 2825
10891 4 2 1 1 913 3113 912 2887
10892 4 2 1 1 172 209 171 46
10893 4 2 1 1 1404 3125 1402 3126
10894 4 2 1 1 1346 2507 2825 1337
10895 4 2 1 1 2353 2482 933 2481
10896 4 2 1 1 1943 919 2953 145
10897 4 2 1 1 274 2542 2557 236
10898 4 2 1 1 2272 2298 2271 269
10899 4 2 1 1 756 1137 794 1109
10900 4 2 1 1 130 2467 131 2408
10901 4 2 1 1 2835 800 93 224
10902 4 2 1 1 800 2835 93 2851
10903 4 2 1 1 2862 1631 2755 1611
10904 4 2 1 1 92 800 93 2851
10905 4 2 1 1 3219 2522 2044 2524
10906 4 2 1 1 578 2901 9 940
10907 4 2 1 1 176 45 615 623
10908 4 2 1 1 815 742 108 738
10909 4 2 1 1 2168 2164 2167 3145
10910 4 2 1 1 2722 1002 2015 966
10911 4 2 1 1 2254 2255 2217 3141
10912 4 2 1 1 981 3142 1351 3140
10913 4 2 1 1 737 3 105 6
10914 4 2 1 1 578 41 2902 9
10915 4 2 1 1 737 67 105 3
10916 4 2 1 1 3171 2698 2242 2246
10917 4 2 1 1 1137 1100 794 1120
10918 4 2 1 1 2010 840 2616 571
10919 4 2 1 1 814 737 105 6
10920 4 2 1 1 2061 3160 2062 2060
10921 4 2 1 1 46 84 750 746
10922 4 2 1 1 667 751 673 670
10923 4 2 1 1 2016 2915 1699 2893
10924 4 2 1 1 34 437 3160 1773
10925 4 2 1 1 474 2333 436 2642
10926 4 2 1 1 63 617 645 1693
10927 4 2 1 1 737 740 820 743
10928 4 2 1 1 2901 554 148 2866
10929 4 2 1 1 2802 2743 434 2794
10930 4 2 1 1 2619 201 2192 163
10931 4 2 1 1 2259 1453 2258 2276
10932 4 2 1 1 595 3015 3094 302
10933 4 2 1 1 1869 2527 2118 2705
10934 4 2 1 1 1838 3221 1809 1807
10935 4 2 1 1 2648 1475 2778 1488
10936 4 2 1 1 1772 2586 449 2065
10937 4 2 1 1 2663 440 2827 1745
10938 4 2 1 1 1778 1427 1759 1744
10939 4 2 1 1 721 3222 705 735
10940 4 2 1 1 561 562 2812 79
10941 4 2 1 1 865 843 846 3119
10942 4 2 1 1 89 2058 2691 3160
10943 4 2 1 1 2056 89 2691 2701
10944 4 2 1 1 155 117 2720 116
10945 4 2 1 1 155 2856 2720 897
10946 4 2 1 1 2105 3128 376 1524
10947 4 2 1 1 2192 2640 2639 163
10948 4 2 1 1 2108 1524 1534 3129
10949 4 2 1 1 201 2640 2192 163
10950 4 2 1 1 2366 2332 2345 1847
10951 4 2 1 1 1869 2527 2705 494
10952 4 2 1 1 2460 2640 163 2639
10953 4 2 1 1 2387 836 835 834
10954 4 2 1 1 116 869 2444 830
10955 4 2 1 1 2709 2636 1557 2477
10956 4 2 1 1 2119 1881 1897 1905
10957 4 2 1 1 968 2460 163 2639
10958 4 2 1 1 1463 2097 2660 2203
10959 4 2 1 1 822 859 842 2617
10960 4 2 1 1 2705 3129 2111 1893
10961 4 2 1 1 3223 987 3189 988
10962 4 2 1 1 2131 1874 1877 1879
10963 4 2 1 1 1608 2898 1612 1611
10964 4 2 1 1 3187 631 655 3188
10965 4 2 1 1 2683 1895 2286 2480
10966 4 2 1 1 2582 865 841 856
10967 4 2 1 1 1805 1816 1833 2240
10968 4 2 1 1 99 2583 137 2821
10969 4 2 1 1 1675 1345 1358 1307
10970 4 2 1 1 2582 865 2859 841
10971 4 2 1 1 1882 2120 2683 2117
10972 4 2 1 1 2581 840 2580 856
10973 4 2 1 1 138 856 137 2583
10974 4 2 1 1 1911 485 3172 3118
10975 4 2 1 1 2445 2446 999 1011
10976 4 2 1 1 2696 37 488 1913
10977 4 2 1 1 2035 569 568 5
10978 4 2 1 1 789 2834 104 567
10979 4 2 1 1 875 956 7 952
10980 4 2 1 1 1104 231 346 230
10981 4 2 1 1 2654 2222 2778 1490
10982 4 2 1 1 3169 1064 2169 2810
10983 4 2 1 1 1345 1675 1358 1333
10984 4 2 1 1 2648 1488 2778 2782
10985 4 2 1 1 1478 2101 1491 2098
10986 4 2 1 1 2553 162 941 10
10987 4 2 1 1 1474 1486 2786 2788
10988 4 2 1 1 2776 2446 999 2445
10989 4 2 1 1 575 10 941 149
10990 4 2 1 1 575 2031 149 941
10991 4 2 1 1 287 286 324 1362
10992 4 2 1 1 1074 2174 1044 1047
10993 4 2 1 1 2167 2164 2163 3145
10994 4 2 1 1 1046 1034 2176 1045
10995 4 2 1 1 1409 2159 2654 310
10996 4 2 1 1 957 874 120 880
10997 4 2 1 1 3040 185 991 3039
10998 4 2 1 1 246 2668 1179 1168
10999 4 2 1 1 2485 1081 1065 2606
11000 4 2 1 1 514 513 159 1942
11001 4 2 1 1 2845 2846 2675 223
11002 4 2 1 1 2193 1108 2185 2194
11003 4 2 1 1 1097 1016 1093 171
11004 4 2 1 1 3155 2457 2645 2299
11005 4 2 1 1 3065 969 185 644
11006 4 2 1 1 969 3187 185 644
11007 4 2 1 1 1020 208 207 170
11008 4 2 1 1 205 2255 2670 2379
11009 4 2 1 1 1372 3062 1374 1369
11010 4 2 1 1 2694 3168 2810 2806
11011 4 2 1 1 1093 1097 171 209
11012 4 2 1 1 1394 1388 1063 1384
11013 4 2 1 1 3145 1391 2163 1389
11014 4 2 1 1 1097 1016 171 1020
11015 4 2 1 1 2171 1059 2649 2697
11016 4 2 1 1 3139 206 1032 1063
11017 4 2 1 1 689 2824 2518 2715
11018 4 2 1 1 2417 2828 2842 788
11019 4 2 1 1 1038 3208 1073 1066
11020 4 2 1 1 3054 298 3045 3053
11021 4 2 1 1 1031 700 733 698
11022 4 2 1 1 814 737 820 105
11023 4 2 1 1 1107 1134 3220 233
11024 4 2 1 1 1860 1783 1858 1862
11025 4 2 1 1 298 3054 3061 3053
11026 4 2 1 1 2560 2707 1899 2703
11027 4 2 1 1 1911 485 3118 1901
11028 4 2 1 1 2817 2004 2818 790
11029 4 2 1 1 188 2838 226 2840
11030 4 2 1 1 293 1353 3185 3067
11031 4 2 1 1 3087 3013 181 3096
11032 4 2 1 1 1195 2156 2152 2155
11033 4 2 1 1 3013 1027 1025 3063
11034 4 2 1 1 2178 213 1103 2620
11035 4 2 1 1 1251 2769 2874 1252
11036 4 2 1 1 2017 2769 1246 1252
11037 4 2 1 1 2769 2017 2874 1252
11038 4 2 1 1 2819 2208 1036 2653
11039 4 2 1 1 3044 183 3052 3045
11040 4 2 1 1 725 1763 688 3173
11041 4 2 1 1 3039 3187 644 185
11042 4 2 1 1 3065 3039 644 185
11043 4 2 1 1 155 117 2272 2720
11044 4 2 1 1 869 2695 2720 2386
11045 4 2 1 1 144 2945 2942 2946
11046 4 2 1 1 247 2281 2275 2274
11047 4 2 1 1 230 3168 229 192
11048 4 2 1 1 92 2851 93 130
11049 4 2 1 1 2904 2454 270 2565
11050 4 2 1 1 804 6 105 2033
11051 4 2 1 1 920 1973 916 931
11052 4 2 1 1 3169 191 3168 192
11053 4 2 1 1 2912 2864 1250 1237
11054 4 2 1 1 229 3168 3151 2473
11055 4 2 1 1 1167 1162 196 234
11056 4 2 1 1 1939 2299 1963 2290
11057 4 2 1 1 3169 1064 191 192
11058 4 2 1 1 1938 516 1622 1637
11059 4 2 1 1 1167 1085 1164 1090
11060 4 2 1 1 1954 3259 1953 1938
11061 4 2 1 1 2379 1059 2670 205
11062 4 2 1 1 1603 3158 2502 2364
11063 4 2 1 1 1034 2593 2591 2605
11064 4 2 1 1 1324 2507 1337 2622
11065 4 2 1 1 205 1059 204 2379
11066 4 2 1 1 1167 1085 1090 196
11067 4 2 1 1 3272 2013 534 533
11068 4 2 1 1 253 216 215 1232
11069 4 2 1 1 2910 1279 2043 2879
11070 4 2 1 1 2540 2401 3137 3134
11071 4 2 1 1 2256 2258 3137 2401
11072 4 2 1 1 2670 1059 2697 2649
11073 4 2 1 1 371 370 332 3137
11074 4 2 1 1 195 1085 233 196
11075 4 2 1 1 1486 2666 2101 2786
11076 4 2 1 1 1489 2791 2590 3149
11077 4 2 1 1 347 2392 348 1451
11078 4 2 1 1 2830 1126 1106 2727
11079 4 2 1 1 2648 2391 2647 1470
11080 4 2 1 1 2102 338 1450 337
11081 4 2 1 1 1162 234 233 196
11082 4 2 1 1 2593 1071 2172 2171
11083 4 2 1 1 2549 903 2482 902
11084 4 2 1 1 2890 2779 905 2808
11085 4 2 1 1 1085 1162 233 196
11086 4 2 1 1 897 2353 933 2481
11087 4 2 1 1 3181 3179 922 3255
11088 4 2 1 1 1088 1165 226 189
11089 4 2 1 1 2175 2248 189 2346
11090 4 2 1 1 2091 1746 1745 2676
11091 4 2 1 1 440 3120 1775 33
11092 4 2 1 1 1761 1775 1737 685
11093 4 2 1 1 52 749 51 90
11094 4 2 1 1 3166 2348 2349 2350
11095 4 2 1 1 1816 1805 2327 2326
11096 4 2 1 1 3018 3278 173 2585
11097 4 2 1 1 321 169 284 207
11098 4 2 1 1 322 1440 284 321
11099 4 2 1 1 2596 238 1172 237
11100 4 2 1 1 1616 398 2671 2370
11101 4 2 1 1 2166 2262 2594 1183
11102 4 2 1 1 1588 1623 1278 1626
11103 4 2 1 1 1606 3164 3148 1242
11104 4 2 1 1 2713 1197 2596 238
11105 4 2 1 1 2610 2182 1383 2611
11106 4 2 1 1 1060 1032 1061 3162
11107 4 2 1 1 3278 173 1006 3082
11108 4 2 1 1 324 2534 2305 325
11109 4 2 1 1 2165 3168 347 309
11110 4 2 1 1 2274 836 248 247
11111 4 2 1 1 2357 2453 1612 2898
11112 4 2 1 1 191 3168 229 2473
11113 4 2 1 1 247 2281 835 2275
11114 4 2 1 1 1136 1148 2210 2194
11115 4 2 1 1 3168 2399 3151 2800
11116 4 2 1 1 1163 228 190 229
11117 4 2 1 1 2589 2259 2590 3150
11118 4 2 1 1 195 232 3210 233
11119 4 2 1 1 1113 2204 2484 2607
11120 4 2 1 1 2800 2335 3151 2473
11121 4 2 1 1 2273 1205 1168 247
11122 4 2 1 1 1558 2644 1534 2400
11123 4 2 1 1 1464 1493 1480 2095
11124 4 2 1 1 1140 1123 1499 1125
11125 4 2 1 1 171 208 170 3218
11126 4 2 1 1 528 527 3288 2770
11127 4 2 1 1 255 218 331 217
11128 4 2 1 1 3288 2768 259 528
11129 4 2 1 1 35 1843 2235 460
11130 4 2 1 1 1715 1792 1791 1788
11131 4 2 1 1 19 2985 2986 2964
11132 4 2 1 1 19 259 2964 2986
11133 4 2 1 1 286 2219 324 285
11134 4 2 1 1 2811 3170 2719 760
11135 4 2 1 1 2197 198 1030 2196
11136 4 2 1 1 2424 11 2427 45
11137 4 2 1 1 201 2186 1039 2192
11138 4 2 1 1 699 2224 696 198
11139 4 2 1 1 3003 2930 260 259
11140 4 2 1 1 2220 1128 2202 2207
11141 4 2 1 1 2318 2677 1697 408
11142 4 2 1 1 1324 1323 1322 2436
11143 4 2 1 1 2930 1291 260 259
11144 4 2 1 1 1370 1374 3075 3097
11145 4 2 1 1 1330 2474 1331 1332
11146 4 2 1 1 1291 2930 3002 2964
11147 4 2 1 1 2592 2591 2605 203
11148 4 2 1 1 1893 1892 3129 2111
11149 4 2 1 1 2446 2432 2460 968
11150 4 2 1 1 584 583 3278 3082
11151 4 2 1 1 2181 2186 1077 2191
11152 4 2 1 1 2556 2619 2427 11
11153 4 2 1 1 385 386 1641 2984
11154 4 2 1 1 271 2904 1237 1274
11155 4 2 1 1 1251 2769 1252 1250
11156 4 2 1 1 2868 2036 1590 2913
11157 4 2 1 1 2428 176 2430 2431
11158 4 2 1 1 1258 932 1238 1275
11159 4 2 1 1 331 3232 218 3234
11160 4 2 1 1 932 1258 1238 908
11161 4 2 1 1 2489 2838 1106 2830
11162 4 2 1 1 218 331 1102 3232
11163 4 2 1 1 217 1158 255 218
11164 4 2 1 1 2508 2431 959 174
11165 4 2 1 1 2721 972 975 2469
11166 4 2 1 1 2878 967 2775 994
11167 4 2 1 1 1687 1359 3108 1345
11168 4 2 1 1 446 2318 3124 408
11169 4 2 1 1 3168 2806 2800 2473
11170 4 2 1 1 3179 3260 1281 1257
11171 4 2 1 1 152 578 2051 577
11172 4 2 1 1 1178 243 118 244
11173 4 2 1 1 2765 1665 2915 2882
11174 4 2 1 1 3186 3182 1700 1674
11175 4 2 1 1 231 1083 1089 193
11176 4 2 1 1 1665 2915 1701 1682
11177 4 2 1 1 1669 656 1693 1700
11178 4 2 1 1 2516 1667 1678 2491
11179 4 2 1 1 1225 1302 1298 1304
11180 4 2 1 1 2111 3143 2116 1892
11181 4 2 1 1 382 1643 3001 2931
11182 4 2 1 1 2380 2791 3151 3149
11183 4 2 1 1 1265 1262 3258 1245
11184 4 2 1 1 393 241 3248 355
11185 4 2 1 1 393 1650 394 1572
11186 4 2 1 1 3193 443 405 442
11187 4 2 1 1 44 751 83 673
11188 4 2 1 1 1298 1221 241 240
11189 4 2 1 1 2523 44 2822 43
11190 4 2 1 1 278 1298 240 1301
11191 4 2 1 1 2219 286 324 2650
11192 4 2 1 1 2534 2369 1397 2535
11193 4 2 1 1 2534 1378 2462 2532
11194 4 2 1 1 404 3193 405 442
11195 4 2 1 1 1298 1221 240 1301
11196 4 2 1 1 676 678 3046 3064
11197 4 2 1 1 1368 3080 304 303
11198 4 2 1 1 2545 579 2900 57
11199 4 2 1 1 3065 61 60 644
11200 4 2 1 1 279 1298 241 240
11201 4 2 1 1 2751 597 596 3289
11202 4 2 1 1 11 45 176 2427
11203 4 2 1 1 2081 3131 2079 314
11204 4 2 1 1 178 586 2040 585
11205 4 2 1 1 2081 3131 314 352
11206 4 2 1 1 1408 2538 2735 1417
11207 4 2 1 1 2619 2556 2706 14
11208 4 2 1 1 1298 279 278 240
11209 4 2 1 1 213 2178 1103 214
11210 4 2 1 1 1867 1910 482 2137
11211 4 2 1 1 584 3278 1006 3082
11212 4 2 1 1 2201 2156 252 214
11213 4 2 1 1 2740 1979 2433 1941
11214 4 2 1 1 326 2681 1378 2532
11215 4 2 1 1 213 1234 1157 212
11216 4 2 1 1 1366 286 1362 324
11217 4 2 1 1 285 1445 324 1366
11218 4 2 1 1 2549 899 927 2867
11219 4 2 1 1 831 2617 2814 842
11220 4 2 1 1 2256 2401 3137 2540
11221 4 2 1 1 250 213 1234 251
11222 4 2 1 1 2991 263 262 2917
11223 4 2 1 1 2783 2391 2782 1488
11224 4 2 1 1 263 262 3281 2991
11225 4 2 1 1 2589 2223 3150 3149
11226 4 2 1 1 1293 1295 262 2917
11227 4 2 1 1 2113 1546 2689 1542
11228 4 2 1 1 182 3101 3053 3163
11229 4 2 1 1 2681 1378 2532 2462
11230 4 2 1 1 2622 1324 2621 1334
11231 4 2 1 1 206 3139 1032 205
11232 4 2 1 1 2215 3139 2216 2217
11233 4 2 1 1 3257 3246 3248 3250
11234 4 2 1 1 1421 1419 2161 1380
11235 4 2 1 1 3145 1391 1389 1392
11236 4 2 1 1 1386 1404 1403 3126
11237 4 2 1 1 2665 2717 2664 336
11238 4 2 1 1 2215 2670 3139 2217
11239 4 2 1 1 2633 1320 1322 2873
11240 4 2 1 1 2105 2109 3128 3129
11241 4 2 1 1 1395 2150 1396 1393
11242 4 2 1 1 2104 1550 2103 2106
11243 4 2 1 1 3205 1411 1054 1033
11244 4 2 1 1 544 545 1974 2990
11245 4 2 1 1 1096 202 1092 164
11246 4 2 1 1 1550 2102 2103 375
11247 4 2 1 1 1511 311 310 1433
11248 4 2 1 1 1265 3248 279 280
11249 4 2 1 1 2159 2222 2654 310
11250 4 2 1 1 362 400 1652 1571
11251 4 2 1 1 2456 2355 1975 2356
11252 4 2 1 1 2113 2112 1545 2114
11253 4 2 1 1 311 1409 2654 310
11254 4 2 1 1 2564 2856 926 2857
11255 4 2 1 1 2856 2564 116 2444
11256 4 2 1 1 2772 2043 2910 1241
11257 4 2 1 1 3169 1407 2693 2162
11258 4 2 1 1 2116 3143 2110 2123
11259 4 2 1 1 1898 1563 1527 3144
11260 4 2 1 1 2665 1478 2664 2100
11261 4 2 1 1 928 152 2051 577
11262 4 2 1 1 261 2772 530 1285
11263 4 2 1 1 1731 2076 432 1755
11264 4 2 1 1 2388 1702 2587 2390
11265 4 2 1 1 263 1293 262 2917
11266 4 2 1 1 1767 1752 2071 2073
11267 4 2 1 1 347 348 2165 310
11268 4 2 1 1 2146 1174 2625 2623
11269 4 2 1 1 249 212 1230 250
11270 4 2 1 1 397 1573 358 1651
11271 4 2 1 1 1236 249 211 1230
11272 4 2 1 1 1045 1034 2591 1077
11273 4 2 1 1 1001 1013 988 3223
11274 4 2 1 1 397 1573 1651 1578
11275 4 2 1 1 1108 1112 1114 2607
11276 4 2 1 1 1651 397 396 358
11277 4 2 1 1 331 25 3234 369
11278 4 2 1 1 152 578 940 2051
11279 4 2 1 1 257 256 3236 1176
11280 4 2 1 1 1466 333 332 3138
11281 4 2 1 1 39 2925 2983 3009
11282 4 2 1 1 1936 3293 2920 3111
11283 4 2 1 1 1177 235 2557 236
11284 4 2 1 1 1299 274 273 236
11285 4 2 1 1 1185 1184 2151 1186
11286 4 2 1 1 2699 2346 1065 2728
11287 4 2 1 1 2181 1077 2591 2191
11288 4 2 1 1 1647 2966 1642 380
11289 4 2 1 1 3131 2083 2080 2078
11290 4 2 1 1 3285 3100 2585 3018
11291 4 2 1 1 3156 2494 2319 2612
11292 4 2 1 1 17 1305 20 273
11293 4 2 1 1 2674 2314 3124 2317
11294 4 2 1 1 2743 2794 2394 472
11295 4 2 1 1 3292 3103 3109 3017
11296 4 2 1 1 1830 2397 474 2333
11297 4 2 1 1 2377 473 1803 1830
11298 4 2 1 1 1228 235 273 17
11299 4 2 1 1 1299 1228 1225 1222
11300 4 2 1 1 1805 459 1840 2326
11301 4 2 1 1 1588 1278 1263 1626
11302 4 2 1 1 1222 235 273 1228
11303 4 2 1 1 1631 1613 2903 2755
11304 4 2 1 1 983 169 284 1341
11305 4 2 1 1 3259 389 1598 390
11306 4 2 1 1 2294 2364 1604 2359
11307 4 2 1 1 1603 3158 1604 1601
11308 4 2 1 1 544 3293 1974 2014
11309 4 2 1 1 2486 1618 2753 2871
11310 4 2 1 1 2364 2501 1604 2359
11311 4 2 1 1 3269 3079 3103 3021
11312 4 2 1 1 1603 3158 1601 1602
11313 4 2 1 1 169 983 284 168
11314 4 2 1 1 3190 3191 3192 3184
11315 4 2 1 1 169 168 284 207
11316 4 2 1 1 1676 1658 1677 2877
11317 4 2 1 1 1574 364 1576 1652
11318 4 2 1 1 1594 3165 401 1622
11319 4 2 1 1 2775 3268 178 585
11320 4 2 1 1 1962 1959 1963 3155
11321 4 2 1 1 1652 363 364 401
11322 4 2 1 1 994 173 1006 2024
11323 4 2 1 1 206 322 284 207
11324 4 2 1 1 584 3268 2775 585
11325 4 2 1 1 2168 1060 2649 2171
11326 4 2 1 1 1576 1574 1652 1575
11327 4 2 1 1 2395 2250 1941 2433
11328 4 2 1 1 516 3246 1637 515
11329 4 2 1 1 2258 2259 2209 3138
11330 4 2 1 1 168 206 284 207
11331 4 2 1 1 3059 3058 417 1707
11332 4 2 1 1 78 719 77 561
11333 4 2 1 1 285 1445 1366 284
11334 4 2 1 1 78 683 719 2803
11335 4 2 1 1 3109 3079 413 1707
11336 4 2 1 1 2544 646 2543 611
11337 4 2 1 1 1823 2394 2789 472
11338 4 2 1 1 1760 1752 1758 2539
11339 4 2 1 1 410 2388 2587 2458
11340 4 2 1 1 1807 778 797 791
11341 4 2 1 1 474 1863 36 436
11342 4 2 1 1 2034 803 2572 2573
11343 4 2 1 1 451 490 489 97
11344 4 2 1 1 3239 1903 1887 1891
11345 4 2 1 1 495 2530 1897 1869
11346 4 2 1 1 2859 2820 2466 3119
11347 4 2 1 1 847 862 1864 845
11348 4 2 1 1 323 1445 284 322
11349 4 2 1 1 716 1735 87 688
11350 4 2 1 1 2221 714 3222 2837
11351 4 2 1 1 2067 2065 1736 2066
11352 4 2 1 1 1876 2707 2128 1909
11353 4 2 1 1 3109 3058 3079 1707
11354 4 2 1 1 1707 63 417 1693
11355 4 2 1 1 1723 1721 420 3032
11356 4 2 1 1 2218 2254 3141 3140
11357 4 2 1 1 2041 600 3277 2767
11358 4 2 1 1 2439 766 765 2441
11359 4 2 1 1 2016 1662 2767 1699
11360 4 2 1 1 1169 246 838 1187
11361 4 2 1 1 1313 2218 3141 3140
11362 4 2 1 1 436 2398 1776 2642
11363 4 2 1 1 859 822 127 2616
11364 4 2 1 1 821 2863 2510 2854
11365 4 2 1 1 821 832 2863 2854
11366 4 2 1 1 832 571 2012 2854
11367 4 2 1 1 2855 858 2510 2854
11368 4 2 1 1 528 529 2768 3273
11369 4 2 1 1 1862 1781 435 1785
11370 4 2 1 1 3142 1320 1318 1351
11371 4 2 1 1 1785 1862 471 434
11372 4 2 1 1 272 2890 2771 2026
11373 4 2 1 1 2336 2353 897 2481
11374 4 2 1 1 1862 473 435 1858
11375 4 2 1 1 1862 1781 1785 1783
11376 4 2 1 1 1354 420 1684 1315
11377 4 2 1 1 2677 2529 2367 409
11378 4 2 1 1 924 930 922 3255
11379 4 2 1 1 1994 2992 2924 505
11380 4 2 1 1 2314 3156 2315 1325
11381 4 2 1 1 993 183 3053 182
11382 4 2 1 1 2537 2732 2682 3126
11383 4 2 1 1 1713 407 445 406
11384 4 2 1 1 2073 1731 2072 1767
11385 4 2 1 1 474 2333 2642 1844
11386 4 2 1 1 2677 1765 447 446
11387 4 2 1 1 1372 3062 1373 3074
11388 4 2 1 1 3163 2752 2873 2601
11389 4 2 1 1 3277 422 1662 423
11390 4 2 1 1 1686 3277 422 1662
11391 4 2 1 1 329 1386 3133 1766
11392 4 2 1 1 3257 3242 3247 3250
11393 4 2 1 1 1862 473 472 434
11394 4 2 1 1 1995 499 2963 39
11395 4 2 1 1 3068 3062 1373 1369
11396 4 2 1 1 455 1929 456 1851
11397 4 2 1 1 1629 2757 1609 1630
11398 4 2 1 1 2366 2487 1835 1828
11399 4 2 1 1 3080 3015 1368 3102
11400 4 2 1 1 1621 2754 1589 383
11401 4 2 1 1 3287 2757 2756 2865
11402 4 2 1 1 1840 1818 2327 2602
11403 4 2 1 1 1835 2527 2634 2366
11404 4 2 1 1 2978 3006 2979 1645
11405 4 2 1 1 2042 1937 1974 505
11406 4 2 1 1 3283 2779 938 2987
11407 4 2 1 1 3086 423 3277 601
11408 4 2 1 1 2527 495 2530 457
11409 4 2 1 1 2970 894 141 142
11410 4 2 1 1 353 1801 469 468
11411 4 2 1 1 2017 529 530 260
11412 4 2 1 1 1621 2754 1631 1589
11413 4 2 1 1 1295 2917 261 262
11414 4 2 1 1 23 316 354 1436
11415 4 2 1 1 140 950 2988 2980
11416 4 2 1 1 2017 260 1246 2768
11417 4 2 1 1 432 469 1859 431
11418 4 2 1 1 919 1973 1987 920
11419 4 2 1 1 432 3131 431 1755
11420 4 2 1 1 144 2950 2952 943
11421 4 2 1 1 3110 146 2921 937
11422 4 2 1 1 2963 499 2953 2962
11423 4 2 1 1 3211 467 466 1802
11424 4 2 1 1 1995 2963 3009 39
11425 4 2 1 1 1992 1991 2954 1993
11426 4 2 1 1 1995 2989 3009 2975
11427 4 2 1 1 3202 26 354 1498
11428 4 2 1 1 1992 1995 1989 2975
11429 4 2 1 1 2940 2941 2939 3174
11430 4 2 1 1 1921 2001 478 1999
11431 4 2 1 1 3280 3007 550 3271
11432 4 2 1 1 144 2945 2946 2950
11433 4 2 1 1 1970 914 893 3110
11434 4 2 1 1 906 272 1275 894
11435 4 2 1 1 480 518 1921 479
11436 4 2 1 1 3266 899 2047 3282
11437 4 2 1 1 518 3157 479 480
11438 4 2 1 1 518 517 479 3157
11439 4 2 1 1 2769 1274 2864 2768
11440 4 2 1 1 1247 142 2969 923
11441 4 2 1 1 1849 490 452 1853
11442 4 2 1 1 2985 272 2986 2922
11443 4 2 1 1 146 2952 145 2962
11444 4 2 1 1 1354 420 1315 306
11445 4 2 1 1 147 2866 900 148
11446 4 2 1 1 551 3271 2027 550
11447 4 2 1 1 2950 947 945 2968
11448 4 2 1 1 3233 492 378 340
11449 4 2 1 1 1947 2905 1949 2870
11450 4 2 1 1 29 3174 392 3176
11451 4 2 1 1 3257 3246 3250 3247
11452 4 2 1 1 1354 420 306 3033
11453 4 2 1 1 173 1008 652 996
11454 4 2 1 1 1029 177 12 3060
11455 4 2 1 1 3043 3065 3056 185
11456 4 2 1 1 3286 3100 3265 581
11457 4 2 1 1 928 152 940 2051
11458 4 2 1 1 3073 305 306 1371
11459 4 2 1 1 173 3082 3081 12
11460 4 2 1 1 380 381 1647 2965
11461 4 2 1 1 1957 1954 1956 3177
11462 4 2 1 1 3051 1368 304 1371
11463 4 2 1 1 501 3174 1966 1940
11464 4 2 1 1 1987 1957 3177 3181
11465 4 2 1 1 2886 3276 300 593
11466 4 2 1 1 1970 1943 1982 893
11467 4 2 1 1 2962 2963 1982 2983
11468 4 2 1 1 1314 1352 3053 298
11469 4 2 1 1 3037 3040 3067 3185
11470 4 2 1 1 641 2848 649 662
11471 4 2 1 1 1909 2703 2128 2121
11472 4 2 1 1 298 3062 3061 3054
11473 4 2 1 1 380 381 2999 1619
11474 4 2 1 1 2963 499 2962 1982
11475 4 2 1 1 3110 2962 893 1982
11476 4 2 1 1 1426 3204 317 1413
11477 4 2 1 1 305 3051 1371 3073
11478 4 2 1 1 2872 2505 1348 2007
11479 4 2 1 1 1992 2954 1989 1993
11480 4 2 1 1 1371 3102 3074 3051
11481 4 2 1 1 3073 3033 306 3031
11482 4 2 1 1 2582 829 3118 865
11483 4 2 1 1 1386 1427 1778 1413
11484 4 2 1 1 1943 145 1982 893
11485 4 2 1 1 297 298 3054 1369
11486 4 2 1 1 987 1318 1319 1306
11487 4 2 1 1 2999 381 380 2965
11488 4 2 1 1 2075 1731 2073 1756
11489 4 2 1 1 139 3010 2918 523
11490 4 2 1 1 1343 1354 1684 1315
11491 4 2 1 1 1673 3191 1672 1671
11492 4 2 1 1 3032 419 420 1723
11493 4 2 1 1 41 2901 554 9
11494 4 2 1 1 2049 556 555 53
11495 4 2 1 1 580 3106 579 57
11496 4 2 1 1 579 3014 2 57
11497 4 2 1 1 3106 3014 579 57
11498 4 2 1 1 3076 3084 58 681
11499 4 2 1 1 3061 3091 3097 299
11500 4 2 1 1 1731 1756 1767 2073
11501 4 2 1 1 2886 1310 300 3276
11502 4 2 1 1 2039 3284 3275 3163
11503 4 2 1 1 3287 381 2999 2923
11504 4 2 1 1 1730 1426 1413 3204
11505 4 2 1 1 2999 3296 2997 2927
11506 4 2 1 1 2013 3296 3272 534
11507 4 2 1 1 1382 2312 2674 2322
11508 4 2 1 1 1382 2674 2312 328
11509 4 2 1 1 1988 1994 2924 505
11510 4 2 1 1 751 670 745 748
11511 4 2 1 1 2820 2582 3118 865
11512 4 2 1 1 601 600 3277 3086
11513 4 2 1 1 2487 3130 2634 1797
11514 4 2 1 1 3264 3109 2044 643
11515 4 2 1 1 1547 2115 1542 1538
11516 4 2 1 1 2115 2113 2689 1542
11517 4 2 1 1 3264 3017 608 3292
11518 4 2 1 1 1382 327 328 2312
11519 4 2 1 1 1394 1056 1061 1069
11520 4 2 1 1 2215 2182 2216 3139
11521 4 2 1 1 3139 323 1388 2216
11522 4 2 1 1 664 2747 2643 627
11523 4 2 1 1 397 1616 2370 398
11524 4 2 1 1 3139 2215 3162 2649
11525 4 2 1 1 2217 3139 2216 3141
11526 4 2 1 1 2404 1382 2403 1402
11527 4 2 1 1 326 325 1446 288
11528 4 2 1 1 2633 2435 1323 2632
11529 4 2 1 1 2589 2380 3149 2590
11530 4 2 1 1 623 629 2429 2799
11531 4 2 1 1 1482 342 3256 1447
11532 4 2 1 1 1453 2351 2405 2276
11533 4 2 1 1 663 620 2547 629
11534 4 2 1 1 1232 1155 216 215
11535 4 2 1 1 289 290 328 2312
11536 4 2 1 1 327 289 328 2312
11537 4 2 1 1 804 2842 2033 105
11538 4 2 1 1 1183 1172 1216 2594
11539 4 2 1 1 3161 2141 2140 2672
11540 4 2 1 1 1305 282 1300 244
11541 4 2 1 1 1829 1462 1457 1460
11542 4 2 1 1 1583 1504 1584 1582
11543 4 2 1 1 1504 1584 1582 340
11544 4 2 1 1 394 1577 357 356
11545 4 2 1 1 2608 1826 2345 1821
11546 4 2 1 1 948 947 2961 944
11547 4 2 1 1 1686 3277 1662 2041
11548 4 2 1 1 459 1854 497 1850
11549 4 2 1 1 1586 1583 1501 1505
11550 4 2 1 1 1013 991 3187 3223
11551 4 2 1 1 3269 32 3079 3021
11552 4 2 1 1 2849 2897 621 65
11553 4 2 1 1 980 2362 978 2302
11554 4 2 1 1 1365 21 24 292
11555 4 2 1 1 147 946 2929 948
11556 4 2 1 1 210 209 84 1040
11557 4 2 1 1 320 319 3201 3200
11558 4 2 1 1 630 631 633 3184
11559 4 2 1 1 2426 623 2429 2799
11560 4 2 1 1 1450 3130 1494 2678
11561 4 2 1 1 1060 2168 2649 3162
11562 4 2 1 1 199 2197 1041 200
11563 4 2 1 1 1829 1462 1460 3153
11564 4 2 1 1 2224 727 699 696
11565 4 2 1 1 1038 3201 1058 1055
11566 4 2 1 1 84 209 722 1040
11567 4 2 1 1 2684 3222 2831 2836
11568 4 2 1 1 1431 1438 313 1516
11569 4 2 1 1 1118 1100 798 769
11570 4 2 1 1 3290 2761 588 589
11571 4 2 1 1 1510 1437 1515 346
11572 4 2 1 1 351 2087 2716 350
11573 4 2 1 1 3290 2015 992 180
11574 4 2 1 1 1412 320 3201 1423
11575 4 2 1 1 1452 351 2716 350
11576 4 2 1 1 3127 3125 1417 1429
11577 4 2 1 1 2375 2477 1520 2635
11578 4 2 1 1 330 1363 292 291
11579 4 2 1 1 2375 1520 2477 361
11580 4 2 1 1 1144 1125 1447 1124
11581 4 2 1 1 400 362 2375 361
11582 4 2 1 1 399 400 2375 361
11583 4 2 1 1 791 1838 3211 757
11584 4 2 1 1 1810 3228 3229 3261
11585 4 2 1 1 3227 1811 1810 1799
11586 4 2 1 1 1107 1134 1143 3220
11587 4 2 1 1 2375 2476 361 2477
11588 4 2 1 1 1213 1544 1194 1207
11589 4 2 1 1 1233 1156 1231 1235
11590 4 2 1 1 224 756 1149 1137
11591 4 2 1 1 399 2476 361 2375
11592 4 2 1 1 1188 3245 3240 1212
11593 4 2 1 1 836 837 248 247
11594 4 2 1 1 3108 2896 3121 1688
11595 4 2 1 1 1520 2375 2635 2604
11596 4 2 1 1 2630 1521 371 2401
11597 4 2 1 1 2630 334 333 372
11598 4 2 1 1 477 1896 1870 3246
11599 4 2 1 1 371 2630 333 372
11600 4 2 1 1 3241 1553 1518 367
11601 4 2 1 1 477 515 478 1923
11602 4 2 1 1 1304 242 241 1227
11603 4 2 1 1 1507 334 372 333
11604 4 2 1 1 278 279 394 240
11605 4 2 1 1 1585 1507 372 333
11606 4 2 1 1 851 3242 852 823
11607 4 2 1 1 3238 367 3249 3241
11608 4 2 1 1 538 539 2008 383
11609 4 2 1 1 3161 2672 2700 2187
11610 4 2 1 1 539 384 2008 383
11611 4 2 1 1 1800 2608 2393 1837
11612 4 2 1 1 627 2643 2584 2429
11613 4 2 1 1 784 3221 791 783
11614 4 2 1 1 3230 3228 3229 3236
11615 4 2 1 1 359 360 2370 2628
11616 4 2 1 1 2391 1470 1488 1469
11617 4 2 1 1 342 3262 1448 1458
11618 4 2 1 1 1476 2406 335 2781
11619 4 2 1 1 1452 2716 2084 2085
11620 4 2 1 1 1606 3164 394 395
11621 4 2 1 1 2076 1731 2074 2075
11622 4 2 1 1 2054 51 622 2056
11623 4 2 1 1 3161 3164 394 278
11624 4 2 1 1 446 1728 445 3133
11625 4 2 1 1 278 3161 240 394
11626 4 2 1 1 1398 1378 2462 1395
11627 4 2 1 1 2054 52 622 51
11628 4 2 1 1 661 52 622 2054
11629 4 2 1 1 1310 2914 1322 2873
11630 4 2 1 1 1478 2101 2098 2665
11631 4 2 1 1 2717 1449 336 2665
11632 4 2 1 1 2103 374 2107 1522
11633 4 2 1 1 2791 2380 2590 3149
11634 4 2 1 1 2541 1537 1521 1536
11635 4 2 1 1 349 2438 1487 2778
11636 4 2 1 1 3161 356 240 394
11637 4 2 1 1 312 1381 2088 2147
11638 4 2 1 1 1328 1327 2437 1326
11639 4 2 1 1 3164 3161 394 395
11640 4 2 1 1 3136 357 1549 3161
11641 4 2 1 1 1672 3190 1670 1671
11642 4 2 1 1 3194 292 1355 405
11643 4 2 1 1 1661 3194 1355 405
11644 4 2 1 1 406 444 1792 405
11645 4 2 1 1 444 443 1792 405
11646 4 2 1 1 516 402 1622 1637
11647 4 2 1 1 330 406 291 292
11648 4 2 1 1 3161 356 394 357
11649 4 2 1 1 360 1519 2709 2628
11650 4 2 1 1 613 3183 656 655
11651 4 2 1 1 674 62 680 3046
11652 4 2 1 1 2453 2358 2357 1612
11653 4 2 1 1 1387 430 316 315
11654 4 2 1 1 444 330 443 405
11655 4 2 1 1 2641 1591 2249 2280
11656 4 2 1 1 1665 2765 2038 2882
11657 4 2 1 1 1407 1419 1380 2162
11658 4 2 1 1 629 2544 663 651
11659 4 2 1 1 1008 654 969 618
11660 4 2 1 1 3066 1008 60 618
11661 4 2 1 1 1341 983 3141 284
11662 4 2 1 1 3297 598 599 2749
11663 4 2 1 1 3084 3014 681 3064
11664 4 2 1 1 1407 309 2693 1380
11665 4 2 1 1 627 2747 629 651
11666 4 2 1 1 3276 299 300 3091
11667 4 2 1 1 2544 663 651 611
11668 4 2 1 1 2468 2446 2460 968
11669 4 2 1 1 3117 638 614 3146
11670 4 2 1 1 2468 2446 977 2469
11671 4 2 1 1 1371 3102 3051 1368
11672 4 2 1 1 1838 3211 757 1831
11673 4 2 1 1 1314 1004 993 3163
11674 4 2 1 1 305 3073 306 3031
11675 4 2 1 1 3031 1315 420 306
11676 4 2 1 1 22 3073 1373 3068
11677 4 2 1 1 2245 1844 461 36
11678 4 2 1 1 89 749 669 747
11679 4 2 1 1 1712 1794 1717 1791
11680 4 2 1 1 89 2058 3160 3146
11681 4 2 1 1 3292 3103 3017 607
11682 4 2 1 1 930 1942 3255 895
11683 4 2 1 1 702 1726 703 704
11684 4 2 1 1 83 2423 728 82
11685 4 2 1 1 2020 4 559 90
11686 4 2 1 1 1863 33 1786 427
11687 4 2 1 1 749 748 670 669
11688 4 2 1 1 83 84 46 746
11689 4 2 1 1 3117 638 637 614
11690 4 2 1 1 44 751 673 43
11691 4 2 1 1 612 54 2052 648
11692 4 2 1 1 749 745 667 670
11693 4 2 1 1 36 1863 465 427
11694 4 2 1 1 3077 3048 677 3057
11695 4 2 1 1 653 3114 3219 640
11696 4 2 1 1 1863 33 427 36
11697 4 2 1 1 624 998 960 625
11698 4 2 1 1 2064 1764 1747 2676
11699 4 2 1 1 2525 3219 665 643
11700 4 2 1 1 679 3025 65 677
11701 4 2 1 1 649 648 2848 621
11702 4 2 1 1 660 2849 2899 2049
11703 4 2 1 1 2162 1407 2693 1380
11704 4 2 1 1 1757 3125 1744 1758
11705 4 2 1 1 745 749 748 670
11706 4 2 1 1 1749 1748 2067 1747
11707 4 2 1 1 3114 414 1668 3109
11708 4 2 1 1 1764 1727 1747 2676
11709 4 2 1 1 59 3076 58 681
11710 4 2 1 1 1759 3125 1404 3126
11711 4 2 1 1 2839 89 2701 2691
11712 4 2 1 1 3278 3018 3082 583
11713 4 2 1 1 2067 1749 1747 1736
11714 4 2 1 1 1712 1716 449 1789
11715 4 2 1 1 692 2839 731 2843
11716 4 2 1 1 411 1716 449 1712
11717 4 2 1 1 1716 1793 449 1789
11718 4 2 1 1 635 616 633 3190
11719 4 2 1 1 1068 1031 698 198
11720 4 2 1 1 1716 1793 410 449
11721 4 2 1 1 103 789 104 567
11722 4 2 1 1 3220 232 233 3210
11723 4 2 1 1 800 767 2441 761
11724 4 2 1 1 569 2032 5 91
11725 4 2 1 1 411 1716 410 449
11726 4 2 1 1 1100 770 769 768
11727 4 2 1 1 221 107 759 779
11728 4 2 1 1 1134 1119 3224 792
11729 4 2 1 1 705 721 709 2414
11730 4 2 1 1 2813 2571 2411 75
11731 4 2 1 1 709 2513 2414 721
11732 4 2 1 1 682 78 2812 79
11733 4 2 1 1 709 2413 3167 2414
11734 4 2 1 1 1900 862 1873 824
11735 4 2 1 1 862 854 1873 824
11736 4 2 1 1 854 121 1873 824
11737 4 2 1 1 3243 119 823 850
11738 4 2 1 1 1843 2558 2235 460
11739 4 2 1 1 2021 573 871 7
11740 4 2 1 1 719 692 731 2843
11741 4 2 1 1 1156 1159 1231 1154
11742 4 2 1 1 1050 710 700 723
11743 4 2 1 1 96 452 3229 785
11744 4 2 1 1 18 245 131 2467
11745 4 2 1 1 2461 1840 2326 2327
11746 4 2 1 1 828 2483 2852 2408
11747 4 2 1 1 3017 608 3292 607
11748 4 2 1 1 1247 268 142 1287
11749 4 2 1 1 3175 2973 2942 2939
11750 4 2 1 1 2820 865 3118 3119
11751 4 2 1 1 3259 1587 3177 390
11752 4 2 1 1 892 921 3178 923
11753 4 2 1 1 2558 2376 2235 460
11754 4 2 1 1 3175 144 2973 919
11755 4 2 1 1 1052 1051 3216 3217
11756 4 2 1 1 2376 498 2235 460
11757 4 2 1 1 2559 2376 2558 460
11758 4 2 1 1 2376 2559 498 460
11759 4 2 1 1 473 1862 435 434
11760 4 2 1 1 2417 2842 2515 788
11761 4 2 1 1 854 121 120 476
11762 4 2 1 1 2410 694 696 695
11763 4 2 1 1 1862 1785 435 434
11764 4 2 1 1 963 980 2363 973
11765 4 2 1 1 197 2284 697 728
11766 4 2 1 1 176 11 2430 1007
11767 4 2 1 1 690 2409 695 2478
11768 4 2 1 1 2468 972 2723 2721
11769 4 2 1 1 2556 14 83 197
11770 4 2 1 1 690 697 695 2409
11771 4 2 1 1 2409 2410 696 695
11772 4 2 1 1 14 201 163 1098
11773 4 2 1 1 2468 968 2460 971
11774 4 2 1 1 2173 2170 2172 1076
11775 4 2 1 1 2280 2383 2385 3148
11776 4 2 1 1 2410 2409 2478 695
11777 4 2 1 1 2449 275 2731 2595
11778 4 2 1 1 1785 1856 1862 1783
11779 4 2 1 1 1064 1070 2169 1036
11780 4 2 1 1 1092 1015 163 1098
11781 4 2 1 1 1735 1739 726 3203
11782 4 2 1 1 732 2574 2011 2576
11783 4 2 1 1 1779 433 1785 471
11784 4 2 1 1 2424 11 45 83
11785 4 2 1 1 727 694 2518 717
11786 4 2 1 1 3109 3264 64 643
11787 4 2 1 1 67 106 2575 68
11788 4 2 1 1 14 210 83 1080
11789 4 2 1 1 3205 1052 3216 3217
11790 4 2 1 1 888 133 132 94
11791 4 2 1 1 781 756 1109 94
11792 4 2 1 1 95 257 94 219
11793 4 2 1 1 1156 1233 1231 1236
11794 4 2 1 1 740 737 820 817
11795 4 2 1 1 1156 1158 1231 1235
11796 4 2 1 1 815 740 738 820
11797 4 2 1 1 807 888 884 94
11798 4 2 1 1 1109 782 794 781
11799 4 2 1 1 2344 1115 1117 1116
11800 4 2 1 1 308 309 1437 346
11801 4 2 1 1 1496 3212 26 345
11802 4 2 1 1 72 109 71 3209
11803 4 2 1 1 23 345 3212 307
11804 4 2 1 1 193 308 346 192
11805 4 2 1 1 1419 3169 3145 2162
11806 4 2 1 1 3149 1104 1500 3151
11807 4 2 1 1 1049 1082 1066 715
11808 4 2 1 1 740 738 820 743
11809 4 2 1 1 1800 2785 2789 2609
11810 4 2 1 1 693 694 717 2517
11811 4 2 1 1 682 693 2812 2517
11812 4 2 1 1 2824 689 2518 717
11813 4 2 1 1 689 2824 68 717
11814 4 2 1 1 30 1576 1654 393
11815 4 2 1 1 2259 3150 3138 1466
11816 4 2 1 1 1214 2146 2151 2152
11817 4 2 1 1 254 216 332 3137
11818 4 2 1 1 3238 3237 3240 3239
11819 4 2 1 1 3276 3091 300 593
11820 4 2 1 1 2758 535 3296 534
11821 4 2 1 1 2999 380 2957 2965
11822 4 2 1 1 1460 1484 1457 1846
11823 4 2 1 1 3000 2927 2991 263
11824 4 2 1 1 3230 1122 1109 3225
11825 4 2 1 1 2956 3000 264 3005
11826 4 2 1 1 1294 2967 1293 1290
11827 4 2 1 1 2713 1243 277 276
11828 4 2 1 1 782 781 3225 754
11829 4 2 1 1 2668 2669 1179 1168
11830 4 2 1 1 1800 2789 2785 471
11831 4 2 1 1 1170 1197 2143 2187
11832 4 2 1 1 241 356 240 1201
11833 4 2 1 1 869 836 248 2386
11834 4 2 1 1 275 276 237 1303
11835 4 2 1 1 2267 235 1177 1217
11836 4 2 1 1 755 3147 1842 1832
11837 4 2 1 1 3276 3295 2006 1310
11838 4 2 1 1 2610 1390 2712 2535
11839 4 2 1 1 285 286 1366 324
11840 4 2 1 1 1411 3205 318 317
11841 4 2 1 1 285 1445 284 323
11842 4 2 1 1 3234 3244 365 3233
11843 4 2 1 1 3036 1354 3182 293
11844 4 2 1 1 781 3230 1109 3225
11845 4 2 1 1 1353 183 1314 965
11846 4 2 1 1 22 1353 293 3067
11847 4 2 1 1 184 3044 3040 183
11848 4 2 1 1 965 1353 3067 3185
11849 4 2 1 1 1104 1479 346 1455
11850 4 2 1 1 191 1163 190 229
11851 4 2 1 1 1035 308 193 192
11852 4 2 1 1 711 3209 3207 72
11853 4 2 1 1 1035 1416 1385 1430
11854 4 2 1 1 520 1924 2002 521
11855 4 2 1 1 3131 2076 1755 432
11856 4 2 1 1 707 3216 3207 710
11857 4 2 1 1 1406 3125 1405 1417
11858 4 2 1 1 3125 1405 1415 1404
11859 4 2 1 1 441 1735 87 442
11860 4 2 1 1 2311 1382 2312 327
11861 4 2 1 1 2311 2322 1382 2402
11862 4 2 1 1 1673 1344 1307 1358
11863 4 2 1 1 1791 1710 1713 1714
11864 4 2 1 1 991 3187 3223 3185
11865 4 2 1 1 444 1386 329 1766
11866 4 2 1 1 1675 1673 1307 1358
11867 4 2 1 1 1309 2315 2437 1326
11868 4 2 1 1 337 374 336 2664
11869 4 2 1 1 788 2417 764 2515
11870 4 2 1 1 1822 1481 1836 1458
11871 4 2 1 1 2097 2098 1491 2096
11872 4 2 1 1 2487 2787 3153 2790
11873 4 2 1 1 520 1924 521 482
11874 4 2 1 1 2417 788 764 795
11875 4 2 1 1 763 788 764 2515
11876 4 2 1 1 1408 3131 314 2079
11877 4 2 1 1 353 352 314 3131
11878 4 2 1 1 2081 3131 352 2080
11879 4 2 1 1 2395 521 483 482
11880 4 2 1 1 2001 514 1923 515
11881 4 2 1 1 1964 3165 1963 3155
11882 4 2 1 1 1956 3259 1955 1587
11883 4 2 1 1 1598 1938 1622 1637
11884 4 2 1 1 3259 1955 1587 1598
11885 4 2 1 1 1527 1908 1898 3144
11886 4 2 1 1 363 479 1898 478
11887 4 2 1 1 521 2395 520 482
11888 4 2 1 1 2113 2115 2114 1542
11889 4 2 1 1 2784 1449 2406 2717
11890 4 2 1 1 1478 1449 1477 2665
11891 4 2 1 1 1449 2784 1477 2665
11892 4 2 1 1 2567 2395 483 482
11893 4 2 1 1 1829 3152 1827 3153
11894 4 2 1 1 1587 1977 1958 1956
11895 4 2 1 1 2243 1816 1817 2327
11896 4 2 1 1 397 396 2297 1617
11897 4 2 1 1 778 777 776 1795
11898 4 2 1 1 776 3171 3159 1795
11899 4 2 1 1 1551 1519 359 2629
11900 4 2 1 1 2237 3159 2238 2239
11901 4 2 1 1 2544 646 611 651
11902 4 2 1 1 2311 2402 1382 1400
11903 4 2 1 1 982 981 1318 984
11904 4 2 1 1 793 776 1832 1795
11905 4 2 1 1 1710 1793 409 1716
11906 4 2 1 1 3065 969 186 185
11907 4 2 1 1 2 3014 42 3089
11908 4 2 1 1 3183 3069 1664 3035
11909 4 2 1 1 3058 63 3049 417
11910 4 2 1 1 455 3128 493 339
11911 4 2 1 1 3209 3202 1733 429
11912 4 2 1 1 1761 712 428 73
11913 4 2 1 1 74 73 685 427
11914 4 2 1 1 3202 320 3200 1425
11915 4 2 1 1 3279 2926 3291 1590
11916 4 2 1 1 429 3200 1425 3202
11917 4 2 1 1 1761 1738 703 1737
11918 4 2 1 1 2662 439 3166 3167
11919 4 2 1 1 492 377 339 493
11920 4 2 1 1 473 2743 435 2397
11921 4 2 1 1 454 492 339 493
11922 4 2 1 1 440 2662 2827 439
11923 4 2 1 1 455 454 339 493
11924 4 2 1 1 846 843 845 3119
11925 4 2 1 1 1497 454 3233 340
11926 4 2 1 1 545 505 2990 2924
11927 4 2 1 1 108 1150 779 107
11928 4 2 1 1 1134 758 779 798
11929 4 2 1 1 504 3011 2990 2924
11930 4 2 1 1 1805 2559 2326 2558
11931 4 2 1 1 2072 1731 1754 1767
11932 4 2 1 1 773 774 2418 775
11933 4 2 1 1 459 2461 2559 2651
11934 4 2 1 1 776 755 3159 775
11935 4 2 1 1 2680 1734 1762 1769
11936 4 2 1 1 1764 3173 2062 437
11937 4 2 1 1 1734 2802 435 434
11938 4 2 1 1 738 69 820 743
11939 4 2 1 1 738 815 820 69
11940 4 2 1 1 2138 2696 1902 1913
11941 4 2 1 1 2160 2162 2693 1380
11942 4 2 1 1 844 3132 868 824
11943 4 2 1 1 121 854 1873 476
11944 4 2 1 1 40 37 475 3116
11945 4 2 1 1 1892 1893 1869 2111
11946 4 2 1 1 2651 2461 2661 458
11947 4 2 1 1 1928 497 1850 460
11948 4 2 1 1 3128 2109 2378 2705
11949 4 2 1 1 2705 3129 1893 3128
11950 4 2 1 1 1852 1849 1930 1855
11951 4 2 1 1 2042 546 505 545
11952 4 2 1 1 1988 3011 2924 2976
11953 4 2 1 1 122 954 121 160
11954 4 2 1 1 2764 545 1974 544
11955 4 2 1 1 2801 831 2021 2860
11956 4 2 1 1 119 120 3247 823
11957 4 2 1 1 516 517 1964 401
11958 4 2 1 1 514 3252 1953 1942
11959 4 2 1 1 2000 1918 1921 1922
11960 4 2 1 1 161 122 160 954
11961 4 2 1 1 7 573 871 128
11962 4 2 1 1 831 2615 2021 2860
11963 4 2 1 1 858 2510 834 830
11964 4 2 1 1 1257 1258 908 1238
11965 4 2 1 1 2047 3283 2779 938
11966 4 2 1 1 2615 2860 831 2617
11967 4 2 1 1 2971 265 1635 379
11968 4 2 1 1 859 2615 831 2617
11969 4 2 1 1 3259 389 390 3258
11970 4 2 1 1 505 504 2990 2924
11971 4 2 1 1 3113 2738 2844 2881
11972 4 2 1 1 887 8 138 5
11973 4 2 1 1 2581 2582 841 856
11974 4 2 1 1 887 100 5 138
11975 4 2 1 1 2954 1992 1989 2975
11976 4 2 1 1 2658 2277 696 2224
11977 4 2 1 1 3201 3215 3216 3200
11978 4 2 1 1 2812 682 2478 718
11979 4 2 1 1 2920 503 504 1936
11980 4 2 1 1 503 3011 2920 504
11981 4 2 1 1 3 564 105 6
11982 4 2 1 1 364 363 478 401
11983 4 2 1 1 858 821 834 2510
11984 4 2 1 1 737 814 820 817
11985 4 2 1 1 3246 516 402 364
11986 4 2 1 1 821 833 834 2510
11987 4 2 1 1 858 572 2855 128
11988 4 2 1 1 620 623 2425 2799
11989 4 2 1 1 8 91 883 129
11990 4 2 1 1 2747 2544 651 2546
11991 4 2 1 1 8 91 129 569
11992 4 2 1 1 177 584 3082 3099
11993 4 2 1 1 1346 2507 1337 1357
11994 4 2 1 1 2339 13 16 225
11995 4 2 1 1 1375 1372 3075 1370
11996 4 2 1 1 1188 861 3240 3245
11997 4 2 1 1 1340 1308 302 2748
11998 4 2 1 1 1346 2507 1357 2886
11999 4 2 1 1 1724 3088 425 424
12000 4 2 1 1 1452 351 2084 2716
12001 4 2 1 1 606 605 2023 3269
12002 4 2 1 1 872 2580 840 856
12003 4 2 1 1 3198 283 321 170
12004 4 2 1 1 208 3198 321 170
12005 4 2 1 1 862 847 1903 852
12006 4 2 1 1 854 1903 1917 852
12007 4 2 1 1 2547 2747 629 2799
12008 4 2 1 1 2441 2439 2833 765
12009 4 2 1 1 2581 2617 841 2859
12010 4 2 1 1 657 639 634 1669
12011 4 2 1 1 2581 822 841 2617
12012 4 2 1 1 234 69 16 107
12013 4 2 1 1 619 646 2544 651
12014 4 2 1 1 63 677 64 3048
12015 4 2 1 1 2020 560 731 2843
12016 4 2 1 1 52 749 90 1
12017 4 2 1 1 1167 13 225 16
12018 4 2 1 1 1167 13 16 196
12019 4 2 1 1 2362 976 973 978
12020 4 2 1 1 2617 822 841 842
12021 4 2 1 1 2773 245 2407 2668
12022 4 2 1 1 3065 3047 60 61
12023 4 2 1 1 998 624 615 625
12024 4 2 1 1 2407 838 2275 246
12025 4 2 1 1 3048 674 677 3057
12026 4 2 1 1 617 3058 64 3109
12027 4 2 1 1 835 2281 2704 2283
12028 4 2 1 1 1167 234 196 16
12029 4 2 1 1 78 77 718 561
12030 4 2 1 1 30 3246 27 3248
12031 4 2 1 1 989 628 1010 625
12032 4 2 1 1 30 1576 393 27
12033 4 2 1 1 2998 1643 383 2931
12034 4 2 1 1 81 2523 82 2798
12035 4 2 1 1 682 693 79 2812
12036 4 2 1 1 3245 867 1203 1188
12037 4 2 1 1 839 837 838 1169
12038 4 2 1 1 3281 2043 532 262
12039 4 2 1 1 562 693 2011 2812
12040 4 2 1 1 727 2410 2658 2518
12041 4 2 1 1 874 954 955 951
12042 4 2 1 1 30 1576 27 402
12043 4 2 1 1 694 682 2478 2517
12044 4 2 1 1 393 355 3248 27
12045 4 2 1 1 30 393 3248 27
12046 4 2 1 1 2905 1944 2869 2711
12047 4 2 1 1 1178 1189 863 3243
12048 4 2 1 1 2232 2820 2337 3118
12049 4 2 1 1 1944 507 2869 508
12050 4 2 1 1 1367 289 1446 288
12051 4 2 1 1 902 2482 2481 933
12052 4 2 1 1 1761 712 73 685
12053 4 2 1 1 498 1933 38 460
12054 4 2 1 1 451 3172 97 489
12055 4 2 1 1 2674 1382 1403 328
12056 4 2 1 1 2857 2856 926 2481
12057 4 2 1 1 549 2989 508 548
12058 4 2 1 1 924 3260 929 896
12059 4 2 1 1 748 670 669 666
12060 4 2 1 1 727 694 696 2410
12061 4 2 1 1 85 48 3193 47
12062 4 2 1 1 3257 3246 3247 3253
12063 4 2 1 1 2574 67 732 3
12064 4 2 1 1 2828 759 2343 2342
12065 4 2 1 1 2228 69 13 200
12066 4 2 1 1 749 745 1 667
12067 4 2 1 1 2197 199 2226 200
12068 4 2 1 1 712 711 707 3207
12069 4 2 1 1 921 3179 908 929
12070 4 2 1 1 442 716 86 3195
12071 4 2 1 1 4 43 2019 559
12072 4 2 1 1 892 920 919 3175
12073 4 2 1 1 114 803 2034 6
12074 4 2 1 1 3208 723 687 710
12075 4 2 1 1 3276 3295 592 2006
12076 4 2 1 1 3167 705 702 709
12077 4 2 1 1 52 90 559 1
12078 4 2 1 1 2938 2974 500 2973
12079 4 2 1 1 682 78 718 2812
12080 4 2 1 1 2962 499 2953 145
12081 4 2 1 1 919 1966 1943 500
12082 4 2 1 1 741 114 6 818
12083 4 2 1 1 1987 920 3175 919
12084 4 2 1 1 919 1973 920 931
12085 4 2 1 1 565 564 2034 6
12086 4 2 1 1 1122 3231 1121 3225
12087 4 2 1 1 1119 1100 798 1118
12088 4 2 1 1 1100 770 798 769
12089 4 2 1 1 509 1981 1971 3115
12090 4 2 1 1 1100 770 794 1120
12091 4 2 1 1 3231 1447 343 1483
12092 4 2 1 1 90 4 559 1
12093 4 2 1 1 3181 1957 3177 3255
12094 4 2 1 1 43 2797 2019 559
12095 4 2 1 1 3258 3259 3255 3177
12096 4 2 1 1 3091 3276 592 593
12097 4 2 1 1 3245 257 3236 1176
12098 4 2 1 1 1103 2178 1128 214
12099 4 2 1 1 1123 3231 1102 1483
12100 4 2 1 1 2738 2354 2301 3115
12101 4 2 1 1 912 3113 915 934
12102 4 2 1 1 1807 757 1838 791
12103 4 2 1 1 2241 1815 2562 2243
12104 4 2 1 1 2298 907 2454 270
12105 4 2 1 1 3224 782 784 792
12106 4 2 1 1 924 3260 922 929
12107 4 2 1 1 766 2439 765 764
12108 4 2 1 1 804 565 101 6
12109 4 2 1 1 2842 763 804 2832
12110 4 2 1 1 815 742 738 740
12111 4 2 1 1 2570 730 76 3
12112 4 2 1 1 740 817 813 816
12113 4 2 1 1 2553 2552 2031 941
12114 4 2 1 1 2552 162 925 941
12115 4 2 1 1 4 43 559 1
12116 4 2 1 1 851 1189 863 839
12117 4 2 1 1 1933 35 460 1855
12118 4 2 1 1 4 2019 43 81
12119 4 2 1 1 3023 3284 3093 3163
12120 4 2 1 1 1933 35 1855 489
12121 4 2 1 1 95 3230 3229 3236
12122 4 2 1 1 3245 867 1188 861
12123 4 2 1 1 837 1206 248 247
12124 4 2 1 1 3279 2926 541 3291
12125 4 2 1 1 572 573 2855 128
12126 4 2 1 1 806 810 886 809
12127 4 2 1 1 135 490 489 1872
12128 4 2 1 1 3275 961 3163 3023
12129 4 2 1 1 2010 872 2579 2580
12130 4 2 1 1 2483 864 2704 2283
12131 4 2 1 1 3235 95 3229 3236
12132 4 2 1 1 2578 857 2853 2852
12133 4 2 1 1 2186 202 1077 2191
12134 4 2 1 1 129 91 883 889
12135 4 2 1 1 454 3233 340 492
12136 4 2 1 1 1925 1922 2000 1919
12137 4 2 1 1 2120 2127 1880 2603
12138 4 2 1 1 1535 2112 2638 1545
12139 4 2 1 1 1959 1964 1963 3155
12140 4 2 1 1 2431 2508 2584 174
12141 4 2 1 1 866 1891 860 1872
12142 4 2 1 1 985 3197 3188 3192
12143 4 2 1 1 1928 1854 1932 1930
12144 4 2 1 1 2234 3172 2337 2702
12145 4 2 1 1 2615 859 128 572
12146 4 2 1 1 176 2431 175 995
12147 4 2 1 1 859 572 127 128
12148 4 2 1 1 2010 125 570 872
12149 4 2 1 1 117 876 953 156
12150 4 2 1 1 282 118 243 244
12151 4 2 1 1 958 155 154 116
12152 4 2 1 1 869 2695 248 117
12153 4 2 1 1 155 958 117 116
12154 4 2 1 1 490 135 489 97
12155 4 2 1 1 125 8 570 872
12156 4 2 1 1 1694 1704 614 1666
12157 4 2 1 1 2444 830 2564 116
12158 4 2 1 1 25 340 28 1506
12159 4 2 1 1 156 1288 155 282
12160 4 2 1 1 876 958 955 881
12161 4 2 1 1 3286 2045 642 2892
12162 4 2 1 1 642 3083 3100 3024
12163 4 2 1 1 155 117 953 156
12164 4 2 1 1 635 404 49 48
12165 4 2 1 1 898 3123 160 161
12166 4 2 1 1 87 441 442 49
12167 4 2 1 1 903 2549 891 902
12168 4 2 1 1 3295 1310 3163 2006
12169 4 2 1 1 2372 1273 1248 1249
12170 4 2 1 1 2432 968 1011 995
12171 4 2 1 1 3276 3019 3091 592
12172 4 2 1 1 859 2615 871 831
12173 4 2 1 1 979 3142 981 978
12174 4 2 1 1 206 1063 322 207
12175 4 2 1 1 970 998 625 1010
12176 4 2 1 1 1523 2136 2130 2135
12177 4 2 1 1 1263 1282 1614 1276
12178 4 2 1 1 2996 147 2929 553
12179 4 2 1 1 1972 2847 2908 512
12180 4 2 1 1 553 148 147 2929
12181 4 2 1 1 441 403 442 49
12182 4 2 1 1 875 956 952 955
12183 4 2 1 1 3260 3254 1272 896
12184 4 2 1 1 48 87 86 442
12185 4 2 1 1 626 652 654 996
12186 4 2 1 1 477 3246 515 3247
12187 4 2 1 1 1588 1262 3258 1624
12188 4 2 1 1 961 3275 181 3023
12189 4 2 1 1 1299 1228 1222 273
12190 4 2 1 1 3046 3047 680 676
12191 4 2 1 1 2910 1279 2879 1253
12192 4 2 1 1 403 404 442 49
12193 4 2 1 1 270 1238 1256 907
12194 4 2 1 1 919 1966 3175 1987
12195 4 2 1 1 2046 913 937 900
12196 4 2 1 1 3110 2780 913 937
12197 4 2 1 1 3260 3179 922 929
12198 4 2 1 1 121 160 475 122
12199 4 2 1 1 3250 242 3248 3257
12200 4 2 1 1 121 476 475 159
12201 4 2 1 1 48 442 86 3193
12202 4 2 1 1 117 118 876 156
12203 4 2 1 1 48 87 442 49
12204 4 2 1 1 201 164 202 2640
12205 4 2 1 1 670 748 746 750
12206 4 2 1 1 1694 3117 614 1704
12207 4 2 1 1 994 2508 959 174
12208 4 2 1 1 3223 987 988 1001
12209 4 2 1 1 975 2883 2722 2469
12210 4 2 1 1 1326 3156 1325 2315
12211 4 2 1 1 176 2430 995 1007
12212 4 2 1 1 176 2431 995 2430
12213 4 2 1 1 2430 2432 995 1007
12214 4 2 1 1 627 624 2584 174
12215 4 2 1 1 2431 175 995 959
12216 4 2 1 1 2015 587 2766 966
12217 4 2 1 1 404 635 49 1666
12218 4 2 1 1 989 970 625 1010
12219 4 2 1 1 3066 60 1008 186
12220 4 2 1 1 1023 3026 3060 3098
12221 4 2 1 1 1672 3190 1703 1666
12222 4 2 1 1 1000 975 2722 974
12223 4 2 1 1 179 3013 3090 1027
12224 4 2 1 1 3098 1023 1026 1029
12225 4 2 1 1 3055 3098 1026 1029
12226 4 2 1 1 987 1342 1319 1005
12227 4 2 1 1 177 3026 3060 1023
12228 4 2 1 1 984 3197 3189 985
12229 4 2 1 1 2428 624 176 175
12230 4 2 1 1 177 584 1006 3082
12231 4 2 1 1 2446 2432 968 1011
12232 4 2 1 1 3026 177 3060 3099
12233 4 2 1 1 584 2024 1006 3278
12234 4 2 1 1 686 197 83 1080
12235 4 2 1 1 3065 3066 186 60
12236 4 2 1 1 584 583 2024 3278
12237 4 2 1 1 2712 2610 2161 1391
12238 4 2 1 1 1062 3145 1061 1069
12239 4 2 1 1 1739 1741 1740 3203
12240 4 2 1 1 3066 59 618 60
12241 4 2 1 1 713 1040 3217 1051
12242 4 2 1 1 3221 3224 3225 784
12243 4 2 1 1 174 2643 652 2585
12244 4 2 1 1 1008 969 60 618
12245 4 2 1 1 166 165 963 2734
12246 4 2 1 1 1339 2218 2632 2229
12247 4 2 1 1 2174 1046 1044 1047
12248 4 2 1 1 188 187 1065 2840
12249 4 2 1 1 2190 1042 1043 1030
12250 4 2 1 1 2190 2652 2183 1042
12251 4 2 1 1 204 165 2592 203
12252 4 2 1 1 1079 2619 14 201
12253 4 2 1 1 969 1008 60 186
12254 4 2 1 1 205 2255 2379 167
12255 4 2 1 1 1074 2174 2177 1044
12256 4 2 1 1 713 1040 1051 733
12257 4 2 1 1 1031 700 1051 733
12258 4 2 1 1 3217 1053 1051 1040
12259 4 2 1 1 1096 1015 1092 1095
12260 4 2 1 1 3275 3087 3023 589
12261 4 2 1 1 1014 168 1091 1094
12262 4 2 1 1 2556 2706 14 197
12263 4 2 1 1 1014 168 207 1091
12264 4 2 1 1 1033 1411 1072 1384
12265 4 2 1 1 616 630 3192 632
12266 4 2 1 1 1097 1016 1020 1095
12267 4 2 1 1 1045 2181 1044 1043
12268 4 2 1 1 205 2255 167 3141
12269 4 2 1 1 210 11 172 1098
12270 4 2 1 1 3145 1389 3162 1394
12271 4 2 1 1 1096 1015 1095 1019
12272 4 2 1 1 1376 3205 318 1411
12273 4 2 1 1 3190 48 635 616
12274 4 2 1 1 632 989 3192 970
12275 4 2 1 1 713 1040 733 722
12276 4 2 1 1 3221 784 3225 3261
12277 4 2 1 1 723 1031 700 1050
12278 4 2 1 1 191 190 2819 229
12279 4 2 1 1 67 106 68 820
12280 4 2 1 1 59 3047 676 60
12281 4 2 1 1 1669 633 634 3184
12282 4 2 1 1 788 2575 106 2828
12283 4 2 1 1 1099 1110 2205 2829
12284 4 2 1 1 1669 639 636 1657
12285 4 2 1 1 224 2846 1136 2210
12286 4 2 1 1 639 1669 636 634
12287 4 2 1 1 3200 3208 3216 3201
12288 4 2 1 1 3207 3200 3216 3206
12289 4 2 1 1 1064 3169 3145 1069
12290 4 2 1 1 2655 1151 1135 2841
12291 4 2 1 1 1111 1135 1142 2341
12292 4 2 1 1 1151 2339 2841 2823
12293 4 2 1 1 227 2838 226 189
12294 4 2 1 1 3208 723 1050 1066
12295 4 2 1 1 342 3256 1447 343
12296 4 2 1 1 2543 557 2029 647
12297 4 2 1 1 771 102 566 101
12298 4 2 1 1 659 620 2029 647
12299 4 2 1 1 59 3047 60 3066
12300 4 2 1 1 1471 1467 2590 1469
12301 4 2 1 1 2589 3150 2590 3149
12302 4 2 1 1 1036 2169 2810 2653
12303 4 2 1 1 72 736 742 819
12304 4 2 1 1 1151 2655 1135 1110
12305 4 2 1 1 1084 226 1088 1161
12306 4 2 1 1 1084 226 1161 225
12307 4 2 1 1 1083 1163 1164 1086
12308 4 2 1 1 1144 1104 1455 1485
12309 4 2 1 1 3169 1035 1064 192
12310 4 2 1 1 1068 1031 1051 733
12311 4 2 1 1 1628 1592 2656 2475
12312 4 2 1 1 1482 1496 1455 1127
12313 4 2 1 1 1019 1015 1095 1018
12314 4 2 1 1 1096 1015 1019 164
12315 4 2 1 1 3208 195 3210 687
12316 4 2 1 1 2932 3291 3267 542
12317 4 2 1 1 2335 1133 1105 1139
12318 4 2 1 1 3242 3250 3243 3240
12319 4 2 1 1 2868 2036 3279 1590
12320 4 2 1 1 3279 386 2926 1590
12321 4 2 1 1 2263 2464 1180 2261
12322 4 2 1 1 2220 1128 2207 1129
12323 4 2 1 1 1113 2204 2607 1112
12324 4 2 1 1 1177 2266 1217 1205
12325 4 2 1 1 1164 1083 1089 1160
12326 4 2 1 1 2267 1177 2266 1217
12327 4 2 1 1 2274 2695 248 2386
12328 4 2 1 1 1554 3241 3251 1193
12329 4 2 1 1 1570 1199 1556 3135
12330 4 2 1 1 2223 3149 1139 1131
12331 4 2 1 1 3150 2223 1131 3149
12332 4 2 1 1 2113 1546 1545 2107
12333 4 2 1 1 2201 1128 2178 214
12334 4 2 1 1 3249 1555 1517 1886
12335 4 2 1 1 1891 1884 3237 1883
12336 4 2 1 1 441 403 49 50
12337 4 2 1 1 3143 2618 1531 1534
12338 4 2 1 1 1101 1129 2207 1128
12339 4 2 1 1 1197 2713 239 238
12340 4 2 1 1 203 2528 165 2592
12341 4 2 1 1 50 87 88 747
12342 4 2 1 1 1243 3164 277 1271
12343 4 2 1 1 1482 1144 1447 1124
12344 4 2 1 1 3243 3250 1191 1190
12345 4 2 1 1 89 51 50 669
12346 4 2 1 1 3256 1107 1124 1143
12347 4 2 1 1 1606 1595 394 1242
12348 4 2 1 1 239 1301 238 277
12349 4 2 1 1 356 1526 241 355
12350 4 2 1 1 355 1526 241 1565
12351 4 2 1 1 1108 1148 2194 2193
12352 4 2 1 1 747 50 89 88
12353 4 2 1 1 216 3138 332 3137
12354 4 2 1 1 1200 1207 3135 3134
12355 4 2 1 1 254 1229 216 1232
12356 4 2 1 1 3150 1456 1466 1472
12357 4 2 1 1 3179 1257 1281 1259
12358 4 2 1 1 50 87 747 49
12359 4 2 1 1 3250 242 3257 1215
12360 4 2 1 1 1243 2384 2470 2471
12361 4 2 1 1 2652 1042 2177 2183
12362 4 2 1 1 2489 2727 1106 1142
12363 4 2 1 1 2857 901 2030 2858
12364 4 2 1 1 1612 1613 1611 2898
12365 4 2 1 1 590 3275 3023 589
12366 4 2 1 1 1134 234 108 233
12367 4 2 1 1 107 221 1150 779
12368 4 2 1 1 3076 59 676 681
12369 4 2 1 1 1225 1302 1304 1300
12370 4 2 1 1 3254 1272 896 281
12371 4 2 1 1 282 243 281 1300
12372 4 2 1 1 3023 3284 3163 3275
12373 4 2 1 1 271 270 907 1238
12374 4 2 1 1 3149 1133 1131 1138
12375 4 2 1 1 715 70 1066 687
12376 4 2 1 1 932 1247 1275 1258
12377 4 2 1 1 2104 2644 1550 2106
12378 4 2 1 1 2383 3164 2382 2384
12379 4 2 1 1 264 3000 1293 263
12380 4 2 1 1 2930 3003 2964 259
12381 4 2 1 1 2973 1966 501 2939
12382 4 2 1 1 1269 1268 1267 3122
12383 4 2 1 1 2923 381 2999 2965
12384 4 2 1 1 272 1287 1275 894
12385 4 2 1 1 3275 3087 181 3023
12386 4 2 1 1 903 2482 904 2876
12387 4 2 1 1 1625 1587 3177 1956
12388 4 2 1 1 3176 2971 2941 2944
12389 4 2 1 1 1639 1614 1626 1263
12390 4 2 1 1 2384 3164 2382 2700
12391 4 2 1 1 2641 1607 2280 2385
12392 4 2 1 1 2807 2411 75 691
12393 4 2 1 1 964 2255 2302 3140
12394 4 2 1 1 2597 2596 1172 2594
12395 4 2 1 1 2411 701 75 691
12396 4 2 1 1 2614 1327 2613 2437
12397 4 2 1 1 3121 421 1663 1686
12398 4 2 1 1 2512 2009 691 2807
12399 4 2 1 1 2512 720 2009 2803
12400 4 2 1 1 2412 2512 691 2807
12401 4 2 1 1 2610 2163 2161 1391
12402 4 2 1 1 1320 1321 3142 1319
12403 4 2 1 1 2302 2254 2352 3140
12404 4 2 1 1 983 964 3140 3141
12405 4 2 1 1 236 1222 1303 1226
12406 4 2 1 1 2996 3274 552 2921
12407 4 2 1 1 2411 2412 691 2807
12408 4 2 1 1 2265 2264 2557 236
12409 4 2 1 1 1661 1316 1696 406
12410 4 2 1 1 701 2412 691 2411
12411 4 2 1 1 1184 2597 1172 2594
12412 4 2 1 1 813 736 72 819
12413 4 2 1 1 1324 1337 2507 1357
12414 4 2 1 1 2007 3289 597 2751
12415 4 2 1 1 1209 1199 1194 1556
12416 4 2 1 1 83 2423 44 2424
12417 4 2 1 1 294 1343 293 3182
12418 4 2 1 1 2273 2266 1168 1205
12419 4 2 1 1 3191 1673 3186 1671
12420 4 2 1 1 22 3036 3068 3067
12421 4 2 1 1 2302 964 3140 978
12422 4 2 1 1 3036 293 3067 22
12423 4 2 1 1 631 634 633 3184
12424 4 2 1 1 1374 300 3097 1370
12425 4 2 1 1 3295 3095 3019 3093
12426 4 2 1 1 419 3182 1684 1664
12427 4 2 1 1 3197 986 3192 985
12428 4 2 1 1 1354 22 293 3036
12429 4 2 1 1 285 323 284 3141
12430 4 2 1 1 2266 2273 1168 2669
12431 4 2 1 1 1181 2266 1168 2669
12432 4 2 1 1 2266 1181 1168 1205
12433 4 2 1 1 837 1169 247 838
12434 4 2 1 1 2145 2146 2151 1186
12435 4 2 1 1 147 2996 3274 553
12436 4 2 1 1 1346 2886 593 2825
12437 4 2 1 1 2155 2179 1175 251
12438 4 2 1 1 83 44 2423 82
12439 4 2 1 1 829 2582 3118 2337
12440 4 2 1 1 700 708 710 3216
12441 4 2 1 1 2798 690 2423 82
12442 4 2 1 1 2512 2412 691 709
12443 4 2 1 1 1742 1744 1743 1377
12444 4 2 1 1 3218 3198 3199 208
12445 4 2 1 1 3204 1771 1741 1730
12446 4 2 1 1 3198 3196 3199 24
12447 4 2 1 1 2681 1398 1400 1378
12448 4 2 1 1 2714 2464 2690 1204
12449 4 2 1 1 1169 246 247 838
12450 4 2 1 1 2219 323 324 285
12451 4 2 1 1 1177 2267 2264 2557
12452 4 2 1 1 2534 1378 1395 2462
12453 4 2 1 1 2262 1177 1216 1183
12454 4 2 1 1 1800 2785 2796 470
12455 4 2 1 1 1481 1801 468 1822
12456 4 2 1 1 1801 353 469 3154
12457 4 2 1 1 2399 2806 3168 2693
12458 4 2 1 1 3145 1389 1394 1392
12459 4 2 1 1 2208 1076 1057 1036
12460 4 2 1 1 2712 1393 1391 1421
12461 4 2 1 1 1511 1515 1435 1433
12462 4 2 1 1 1381 2148 2088 2147
12463 4 2 1 1 1734 2680 2070 1769
12464 4 2 1 1 1482 1144 1124 1127
12465 4 2 1 1 2080 2659 3154 1454
12466 4 2 1 1 313 2735 1379 314
12467 4 2 1 1 2523 2798 2423 82
12468 4 2 1 1 1035 1075 1416 1069
12469 4 2 1 1 1009 46 615 45
12470 4 2 1 1 709 2513 721 734
12471 4 2 1 1 1383 2182 1389 1388
12472 4 2 1 1 2080 352 1480 1454
12473 4 2 1 1 2149 311 2654 2147
12474 4 2 1 1 1304 242 1227 243
12475 4 2 1 1 1218 117 17 244
12476 4 2 1 1 316 1434 1512 1436
12477 4 2 1 1 3128 455 3130 339
12478 4 2 1 1 241 1526 1201 1171
12479 4 2 1 1 316 1436 1512 354
12480 4 2 1 1 1484 1497 1457 1799
12481 4 2 1 1 2101 1477 1491 1465
12482 4 2 1 1 897 2298 2272 269
12483 4 2 1 1 1130 1140 1132 1472
12484 4 2 1 1 3262 1812 1811 1448
12485 4 2 1 1 353 1801 468 1481
12486 4 2 1 1 3224 782 3225 784
12487 4 2 1 1 83 44 673 45
12488 4 2 1 1 2372 2374 1248 2282
12489 4 2 1 1 117 155 2272 20
12490 4 2 1 1 1123 1140 1483 1102
12491 4 2 1 1 2259 1467 2325 2590
12492 4 2 1 1 2272 155 269 20
12493 4 2 1 1 282 243 1300 244
12494 4 2 1 1 709 2413 2414 2412
12495 4 2 1 1 3213 1482 1127 1496
12496 4 2 1 1 1144 1482 1455 1127
12497 4 2 1 1 345 1127 1496 3212
12498 4 2 1 1 83 44 45 2424
12499 4 2 1 1 231 345 346 193
12500 4 2 1 1 2904 2864 1237 1274
12501 4 2 1 1 3262 342 341 1458
12502 4 2 1 1 1580 1584 1583 1505
12503 4 2 1 1 1130 3150 1472 1132
12504 4 2 1 1 2783 2391 1488 1469
12505 4 2 1 1 807 812 93 889
12506 4 2 1 1 1540 1570 1556 3135
12507 4 2 1 1 334 1507 372 1503
12508 4 2 1 1 840 2580 872 2010
12509 4 2 1 1 1504 1584 340 1506
12510 4 2 1 1 3274 2996 937 2921
12511 4 2 1 1 708 726 3203 713
12512 4 2 1 1 1885 1889 1888 1529
12513 4 2 1 1 1896 3246 3249 1870
12514 4 2 1 1 684 726 713 3203
12515 4 2 1 1 3217 684 713 3203
12516 4 2 1 1 692 714 2837 735
12517 4 2 1 1 2124 1541 1561 1543
12518 4 2 1 1 493 3129 377 3128
12519 4 2 1 1 3274 2996 552 553
12520 4 2 1 1 2109 2105 2108 3129
12521 4 2 1 1 2289 2604 3157 2287
12522 4 2 1 1 3160 714 688 724
12523 4 2 1 1 2684 3222 2836 2221
12524 4 2 1 1 1506 1580 1584 369
12525 4 2 1 1 1764 3173 437 438
12526 4 2 1 1 2094 2831 2684 3173
12527 4 2 1 1 2142 3136 2141 2136
12528 4 2 1 1 130 131 93 889
12529 4 2 1 1 1551 2629 359 2627
12530 4 2 1 1 92 130 93 889
12531 4 2 1 1 1575 1649 1653 1578
12532 4 2 1 1 1955 1599 1587 1598
12533 4 2 1 1 3136 1523 2136 1559
12534 4 2 1 1 1885 1884 1528 1517
12535 4 2 1 1 812 92 93 889
12536 4 2 1 1 132 884 94 93
12537 4 2 1 1 3235 3237 3244 1883
12538 4 2 1 1 1478 2098 2100 2665
12539 4 2 1 1 3153 1463 2660 2203
12540 4 2 1 1 1904 2288 1866 2286
12541 4 2 1 1 1524 1562 1534 3129
12542 4 2 1 1 668 750 746 46
12543 4 2 1 1 1558 1522 1550 2106
12544 4 2 1 1 668 750 46 672
12545 4 2 1 1 1519 1551 1561 2629
12546 4 2 1 1 3259 389 1637 1598
12547 4 2 1 1 884 132 131 93
12548 4 2 1 1 131 884 93 889
12549 4 2 1 1 668 750 672 670
12550 4 2 1 1 1302 1225 1305 1300
12551 4 2 1 1 668 750 670 746
12552 4 2 1 1 3128 377 376 1524
12553 4 2 1 1 2108 2105 1550 1524
12554 4 2 1 1 1225 1221 1227 1304
12555 4 2 1 1 1577 1653 1573 1575
12556 4 2 1 1 1614 1595 1282 1639
12557 4 2 1 1 3258 3254 3255 3253
12558 4 2 1 1 1221 1225 1298 1304
12559 4 2 1 1 3161 2211 3164 2672
12560 4 2 1 1 393 241 355 394
12561 4 2 1 1 393 279 394 1595
12562 4 2 1 1 1276 1269 1271 3148
12563 4 2 1 1 1606 1242 1614 1595
12564 4 2 1 1 1221 241 1227 1304
12565 4 2 1 1 395 358 2200 357
12566 4 2 1 1 3235 452 490 453
12567 4 2 1 1 358 396 2260 2627
12568 4 2 1 1 1221 1298 241 1304
12569 4 2 1 1 305 3029 3051 3031
12570 4 2 1 1 398 2476 1592 2671
12571 4 2 1 1 399 361 1578 1571
12572 4 2 1 1 792 3224 3220 786
12573 4 2 1 1 1686 3277 2041 3294
12574 4 2 1 1 2476 1592 1620 399
12575 4 2 1 1 1555 367 368 3249
12576 4 2 1 1 2754 382 2037 537
12577 4 2 1 1 2757 1609 1630 2455
12578 4 2 1 1 2375 2476 1620 399
12579 4 2 1 1 355 393 1572 1576
12580 4 2 1 1 1316 3124 291 1325
12581 4 2 1 1 1691 1675 3108 1333
12582 4 2 1 1 1326 2452 2315 2437
12583 4 2 1 1 884 807 93 889
12584 4 2 1 1 1609 1608 1611 2455
12585 4 2 1 1 2644 1558 1550 2106
12586 4 2 1 1 1265 1262 1282 1624
12587 4 2 1 1 2501 1603 1604 1605
12588 4 2 1 1 1306 1317 295 3189
12589 4 2 1 1 1262 1588 1639 1624
12590 4 2 1 1 1966 1940 3174 1976
12591 4 2 1 1 981 3142 1318 1351
12592 4 2 1 1 2996 147 3274 937
12593 4 2 1 1 3164 278 1242 394
12594 4 2 1 1 241 242 3248 1171
12595 4 2 1 1 1541 1539 2125 1560
12596 4 2 1 1 444 1790 445 406
12597 4 2 1 1 1327 1328 2437 2614
12598 4 2 1 1 322 1445 284 1440
12599 4 2 1 1 287 286 1311 2305
12600 4 2 1 1 2360 1697 1690 2319
12601 4 2 1 1 330 406 292 405
12602 4 2 1 1 1326 3156 3108 1333
12603 4 2 1 1 1715 1713 1791 1792
12604 4 2 1 1 3190 616 633 630
12605 4 2 1 1 34 2061 31 3146
12606 4 2 1 1 1678 2490 1677 2491
12607 4 2 1 1 1328 3108 1348 1329
12608 4 2 1 1 2453 1613 1612 2898
12609 4 2 1 1 3224 792 784 786
12610 4 2 1 1 784 3221 786 791
12611 4 2 1 1 567 2817 104 790
12612 4 2 1 1 791 3221 786 3211
12613 4 2 1 1 1689 1659 2319 1690
12614 4 2 1 1 568 2817 104 567
12615 4 2 1 1 1990 2989 2916 508
12616 4 2 1 1 1414 1768 1377 1743
12617 4 2 1 1 1878 2133 2128 1876
12618 4 2 1 1 3191 3194 296 1355
12619 4 2 1 1 2995 382 536 1593
12620 4 2 1 1 3121 2872 2750 3108
12621 4 2 1 1 875 7 115 952
12622 4 2 1 1 1316 3156 1325 1333
12623 4 2 1 1 2516 1705 1667 2568
12624 4 2 1 1 1702 411 410 2587
12625 4 2 1 1 1702 2390 2793 2587
12626 4 2 1 1 1050 710 723 3208
12627 4 2 1 1 2750 2872 2452 3108
12628 4 2 1 1 2065 2586 449 2093
12629 4 2 1 1 448 1793 410 409
12630 4 2 1 1 1750 1752 2071 1751
12631 4 2 1 1 3214 1742 1740 1743
12632 4 2 1 1 2367 1697 2677 409
12633 4 2 1 1 153 958 115 952
12634 4 2 1 1 1792 1715 405 442
12635 4 2 1 1 875 958 952 115
12636 4 2 1 1 875 958 115 881
12637 4 2 1 1 10 153 115 952
12638 4 2 1 1 221 1118 1150 779
12639 4 2 1 1 440 2663 2827 2662
12640 4 2 1 1 1838 3262 1809 3226
12641 4 2 1 1 1118 221 769 779
12642 4 2 1 1 221 759 769 779
12643 4 2 1 1 2809 2397 1762 435
12644 4 2 1 1 567 103 2004 790
12645 4 2 1 1 2817 567 2004 790
12646 4 2 1 1 450 2065 2063 1736
12647 4 2 1 1 2794 2743 434 472
12648 4 2 1 1 2817 762 2818 2511
12649 4 2 1 1 3278 3018 583 3285
12650 4 2 1 1 2817 762 2511 802
12651 4 2 1 1 2674 1403 3133 328
12652 4 2 1 1 1749 1772 2067 2598
12653 4 2 1 1 2599 2529 1765 2092
12654 4 2 1 1 7 10 115 952
12655 4 2 1 1 2032 568 5 801
12656 4 2 1 1 802 568 104 5
12657 4 2 1 1 1409 2149 1422 1381
12658 4 2 1 1 1713 1790 446 1787
12659 4 2 1 1 1770 3214 3200 3206
12660 4 2 1 1 1434 316 1512 315
12661 4 2 1 1 1878 2133 1876 1877
12662 4 2 1 1 1878 2133 1877 2131
12663 4 2 1 1 3291 2926 541 542
12664 4 2 1 1 3208 1073 1050 3216
12665 4 2 1 1 1778 1386 1413 1730
12666 4 2 1 1 3193 85 3195 86
12667 4 2 1 1 3191 3190 3193 1703
12668 4 2 1 1 350 351 313 1516
12669 4 2 1 1 1390 2610 2712 1391
12670 4 2 1 1 1782 1783 1784 1861
12671 4 2 1 1 1860 1783 1859 1861
12672 4 2 1 1 1386 1426 1413 1730
12673 4 2 1 1 2157 1409 2149 2150
12674 4 2 1 1 315 469 3131 431
12675 4 2 1 1 1422 1393 2150 1421
12676 4 2 1 1 2531 2739 1406 1418
12677 4 2 1 1 536 3287 1593 2756
12678 4 2 1 1 2505 1312 1348 2007
12679 4 2 1 1 1727 1746 1747 2676
12680 4 2 1 1 3199 1411 3205 1033
12681 4 2 1 1 1833 2237 1843 2240
12682 4 2 1 1 1841 3235 452 3229
12683 4 2 1 1 784 3221 783 3261
12684 4 2 1 1 887 100 138 137
12685 4 2 1 1 459 2461 2326 2559
12686 4 2 1 1 2574 105 2575 67
12687 4 2 1 1 1833 1816 1796 2240
12688 4 2 1 1 3127 1408 1429 1417
12689 4 2 1 1 1790 1713 445 406
12690 4 2 1 1 473 2743 472 434
12691 4 2 1 1 1418 2531 1399 1406
12692 4 2 1 1 1403 329 3133 328
12693 4 2 1 1 3199 1411 1033 1424
12694 4 2 1 1 3128 455 493 456
12695 4 2 1 1 1494 3128 338 2678
12696 4 2 1 1 3153 2488 1827 2487
12697 4 2 1 1 2404 2537 3126 2536
12698 4 2 1 1 432 433 471 2785
12699 4 2 1 1 1847 2332 2345 2331
12700 4 2 1 1 136 829 3172 137
12701 4 2 1 1 2377 473 1830 2397
12702 4 2 1 1 529 3003 260 3273
12703 4 2 1 1 2795 3154 3152 1824
12704 4 2 1 1 2328 2329 1817 2330
12705 4 2 1 1 2509 870 2855 2022
12706 4 2 1 1 906 271 904 907
12707 4 2 1 1 1871 2122 2121 1897
12708 4 2 1 1 1805 2559 2558 460
12709 4 2 1 1 1818 1805 1840 2327
12710 4 2 1 1 1768 1415 1377 1744
12711 4 2 1 1 1928 1933 460 1850
12712 4 2 1 1 887 810 885 886
12713 4 2 1 1 3214 1742 1743 1377
12714 4 2 1 1 809 810 885 808
12715 4 2 1 1 898 915 918 3115
12716 4 2 1 1 1513 1514 1512 1435
12717 4 2 1 1 1779 1783 1782 1859
12718 4 2 1 1 1783 1779 1856 1859
12719 4 2 1 1 432 469 431 3131
12720 4 2 1 1 3221 1808 1809 1807
12721 4 2 1 1 1480 1493 2085 2095
12722 4 2 1 1 1387 1768 1414 1753
12723 4 2 1 1 1196 1554 3251 1193
12724 4 2 1 1 402 364 401 1652
12725 4 2 1 1 400 3165 2292 3157
12726 4 2 1 1 2635 2604 2293 1520
12727 4 2 1 1 3257 3242 3250 3243
12728 4 2 1 1 3202 320 1425 23
12729 4 2 1 1 158 121 159 476
12730 4 2 1 1 121 476 1873 475
12731 4 2 1 1 1903 862 854 1873
12732 4 2 1 1 2233 1914 2566 1875
12733 4 2 1 1 458 2661 457 2459
12734 4 2 1 1 429 3200 1733 1753
12735 4 2 1 1 316 3202 429 1425
12736 4 2 1 1 1818 2329 2327 2602
12737 4 2 1 1 1933 1855 1930 1927
12738 4 2 1 1 3202 320 23 3212
12739 4 2 1 1 26 345 1436 1514
12740 4 2 1 1 1507 1585 1505 1502
12741 4 2 1 1 1527 1908 3144 1530
12742 4 2 1 1 1575 1649 1578 1571
12743 4 2 1 1 1849 490 1853 1927
12744 4 2 1 1 1900 3132 488 487
12745 4 2 1 1 1899 2707 2566 1875
12746 4 2 1 1 3227 3231 343 344
12747 4 2 1 1 1871 2560 1899 2703
12748 4 2 1 1 494 457 2527 456
12749 4 2 1 1 2233 1914 38 2235
12750 4 2 1 1 2235 3147 35 3172
12751 4 2 1 1 99 136 885 98
12752 4 2 1 1 1532 1563 3144 1527
12753 4 2 1 1 99 136 98 3172
12754 4 2 1 1 2394 1823 1803 472
12755 4 2 1 1 1865 2138 2139 2198
12756 4 2 1 1 858 2509 2855 2510
12757 4 2 1 1 2420 762 2511 2418
12758 4 2 1 1 157 243 156 119
12759 4 2 1 1 2214 484 2213 522
12760 4 2 1 1 37 484 1913 2214
12761 4 2 1 1 2465 3132 2466 2231
12762 4 2 1 1 1998 1925 522 1920
12763 4 2 1 1 3256 1482 1447 1124
12764 4 2 1 1 1125 1123 1499 1447
12765 4 2 1 1 1123 3256 1124 1121
12766 4 2 1 1 3150 1130 1131 1129
12767 4 2 1 1 2936 1991 1993 2954
12768 4 2 1 1 1992 2982 2954 2976
12769 4 2 1 1 2582 2820 3118 2337
12770 4 2 1 1 2740 1948 2450 1979
12771 4 2 1 1 1123 3231 1447 3256
12772 4 2 1 1 2724 1867 482 2137
12773 4 2 1 1 1947 1948 2499 2870
12774 4 2 1 1 2450 1948 1946 1979
12775 4 2 1 1 2907 2762 2870 1949
12776 4 2 1 1 2450 2434 2433 1979
12777 4 2 1 1 1140 1456 1483 1102
12778 4 2 1 1 506 2992 505 546
12779 4 2 1 1 2042 2907 1985 1937
12780 4 2 1 1 528 529 3273 3003
12781 4 2 1 1 1470 2391 1468 1469
12782 4 2 1 1 1984 40 2214 522
12783 4 2 1 1 1910 2567 482 2137
12784 4 2 1 1 481 2742 482 519
12785 4 2 1 1 1812 3262 1458 1448
12786 4 2 1 1 520 1924 482 519
12787 4 2 1 1 353 315 314 1512
12788 4 2 1 1 3262 3211 3226 1838
12789 4 2 1 1 3202 23 316 354
12790 4 2 1 1 2042 2764 1974 1985
12791 4 2 1 1 1951 1950 1952 2456
12792 4 2 1 1 507 1944 2018 1980
12793 4 2 1 1 1812 1822 1836 1458
12794 4 2 1 1 1812 3262 1822 1458
12795 4 2 1 1 3224 3256 3226 3225
12796 4 2 1 1 2554 928 2051 2550
12797 4 2 1 1 829 865 846 3118
12798 4 2 1 1 3259 3253 1953 1938
12799 4 2 1 1 1467 1471 3150 1472
12800 4 2 1 1 1588 3180 1261 1623
12801 4 2 1 1 2819 1036 190 191
12802 4 2 1 1 3281 2885 2763 1266
12803 4 2 1 1 1138 1471 1472 3149
12804 4 2 1 1 396 1617 1591 2260
12805 4 2 1 1 321 1033 1384 1424
12806 4 2 1 1 1029 177 3060 1023
12807 4 2 1 1 2080 2659 1480 2082
12808 4 2 1 1 173 994 2508 2024
12809 4 2 1 1 1464 2659 1480 1454
12810 4 2 1 1 353 3154 1454 352
12811 4 2 1 1 2776 2883 1012 2469
12812 4 2 1 1 571 840 2616 126
12813 4 2 1 1 900 2866 940 148
12814 4 2 1 1 2232 486 2231 3119
12815 4 2 1 1 321 1033 1424 3199
12816 4 2 1 1 789 2834 801 104
12817 4 2 1 1 1833 3159 2239 463
12818 4 2 1 1 576 909 2031 2550
12819 4 2 1 1 554 2993 148 2929
12820 4 2 1 1 3152 1460 1459 1461
12821 4 2 1 1 146 3110 893 937
12822 4 2 1 1 805 882 97 885
12823 4 2 1 1 1668 653 3114 3109
12824 4 2 1 1 1706 426 3021 605
12825 4 2 1 1 3172 2234 2236 2702
12826 4 2 1 1 344 3231 343 1483
12827 4 2 1 1 2676 2064 2066 1747
12828 4 2 1 1 1772 2586 2065 2067
12829 4 2 1 1 1749 2069 2067 1748
12830 4 2 1 1 3003 260 3273 259
12831 4 2 1 1 2393 1800 2789 2609
12832 4 2 1 1 8 872 138 2579
12833 4 2 1 1 877 161 954 122
12834 4 2 1 1 1456 1495 1483 1102
12835 4 2 1 1 1583 1579 1501 1582
12836 4 2 1 1 3124 407 1696 291
12837 4 2 1 1 1579 337 1586 1501
12838 4 2 1 1 2744 1398 1396 1399
12839 4 2 1 1 100 99 2583 137
12840 4 2 1 1 528 3003 3273 259
12841 4 2 1 1 1893 1889 3129 1892
12842 4 2 1 1 1889 1893 3129 1894
12843 4 2 1 1 2927 3296 2997 534
12844 4 2 1 1 2075 1756 2073 2539
12845 4 2 1 1 2927 3281 1239 3272
12846 4 2 1 1 2743 2802 435 2397
12847 4 2 1 1 1506 1580 369 1502
12848 4 2 1 1 1889 3143 3129 1892
12849 4 2 1 1 1449 2784 2406 1473
12850 4 2 1 1 1580 1585 1505 1583
12851 4 2 1 1 398 2476 2671 2708
12852 4 2 1 1 338 377 339 1582
12853 4 2 1 1 1552 1885 1868 1528
12854 4 2 1 1 1617 2296 2297 2357
12855 4 2 1 1 2108 3143 2110 3129
12856 4 2 1 1 915 936 918 1971
12857 4 2 1 1 2644 2637 2618 1534
12858 4 2 1 1 287 1367 1446 288
12859 4 2 1 1 1562 3143 1531 1534
12860 4 2 1 1 2527 1869 2530 495
12861 4 2 1 1 2114 2638 1545 1543
12862 4 2 1 1 36 2245 2642 2247
12863 4 2 1 1 2138 1902 2198 1865
12864 4 2 1 1 2134 1877 2138 2133
12865 4 2 1 1 1546 1522 1545 2107
12866 4 2 1 1 1543 1535 2638 1545
12867 4 2 1 1 2113 1546 1542 1545
12868 4 2 1 1 2927 3272 1239 3112
12869 4 2 1 1 2151 1210 2145 1186
12870 4 2 1 1 2112 1522 1545 1558
12871 4 2 1 1 381 382 2995 1593
12872 4 2 1 1 1101 216 215 3138
12873 4 2 1 1 2201 1174 253 252
12874 4 2 1 1 986 3197 962 985
12875 4 2 1 1 1280 2373 2447 2372
12876 4 2 1 1 3242 853 3240 851
12877 4 2 1 1 2927 3296 534 3272
12878 4 2 1 1 2610 1383 2182 1389
12879 4 2 1 1 886 812 889 806
12880 4 2 1 1 886 812 806 809
12881 4 2 1 1 1654 1650 1575 1653
12882 4 2 1 1 1870 1907 1898 1527
12883 4 2 1 1 1060 1059 1032 2649
12884 4 2 1 1 1834 1829 3130 1457
12885 4 2 1 1 2391 2325 1468 1469
12886 4 2 1 1 1141 2688 1128 1103
12887 4 2 1 1 2178 2156 214 2158
12888 4 2 1 1 2201 2156 1174 252
12889 4 2 1 1 2927 3272 534 533
12890 4 2 1 1 2688 2178 1128 1103
12891 4 2 1 1 202 2186 1077 1039
12892 4 2 1 1 2866 928 2554 900
12893 4 2 1 1 968 2432 2639 1007
12894 4 2 1 1 2190 1042 2183 1043
12895 4 2 1 1 2181 2186 2183 1039
12896 4 2 1 1 2640 2186 201 2192
12897 4 2 1 1 2351 2325 1468 2391
12898 4 2 1 1 2296 1591 2260 2249
12899 4 2 1 1 1504 338 1582 1501
12900 4 2 1 1 2046 2866 2554 900
12901 4 2 1 1 2211 1606 1591 395
12902 4 2 1 1 1504 340 1582 339
12903 4 2 1 1 1470 2391 2647 1468
12904 4 2 1 1 2772 261 530 531
12905 4 2 1 1 1254 1283 2730 1264
12906 4 2 1 1 1559 3136 1549 1570
12907 4 2 1 1 321 208 170 207
12908 4 2 1 1 1583 1504 1582 1501
12909 4 2 1 1 2384 3164 1271 3148
12910 4 2 1 1 1550 2105 376 1524
12911 4 2 1 1 338 1579 1501 337
12912 4 2 1 1 1629 3112 3122 2865
12913 4 2 1 1 397 1617 2297 1616
12914 4 2 1 1 321 169 207 170
12915 4 2 1 1 3053 183 3045 3052
12916 4 2 1 1 2919 385 2984 3008
12917 4 2 1 1 1409 2157 2149 2159
12918 4 2 1 1 1731 2785 433 432
12919 4 2 1 1 448 2529 2598 1729
12920 4 2 1 1 2036 385 3279 1590
12921 4 2 1 1 2278 1339 2435 2229
12922 4 2 1 1 2391 2351 2647 1468
12923 4 2 1 1 2255 2670 2217 3141
12924 4 2 1 1 1195 2155 2154 1175
12925 4 2 1 1 833 821 2863 2510
12926 4 2 1 1 3260 935 1257 929
12927 4 2 1 1 2868 1590 2502 2913
12928 4 2 1 1 385 386 2984 3008
12929 4 2 1 1 1630 1631 2862 1611
12930 4 2 1 1 1630 1609 1611 2455
12931 4 2 1 1 1409 1422 2150 1421
12932 4 2 1 1 2927 1239 3281 263
12933 4 2 1 1 3281 2927 533 3272
12934 4 2 1 1 3157 2290 518 3165
12935 4 2 1 1 180 3013 1025 181
12936 4 2 1 1 180 181 3290 3087
12937 4 2 1 1 1951 2456 1952 1975
12938 4 2 1 1 2355 1962 2299 2457
12939 4 2 1 1 518 481 519 2673
12940 4 2 1 1 2455 1630 2862 1611
12941 4 2 1 1 2742 481 2463 519
12942 4 2 1 1 180 3087 3013 181
12943 4 2 1 1 2157 1409 2150 1421
12944 4 2 1 1 1621 1630 2862 2037
12945 4 2 1 1 3165 2289 2290 2291
12946 4 2 1 1 3144 2116 3143 1890
12947 4 2 1 1 1083 1163 1086 192
12948 4 2 1 1 1096 165 164 1019
12949 4 2 1 1 3180 3176 1261 1623
12950 4 2 1 1 1327 1309 1336 2613
12951 4 2 1 1 3176 1240 1623 1635
12952 4 2 1 1 325 2306 2532 2305
12953 4 2 1 1 2025 1308 2825 2895
12954 4 2 1 1 2751 2505 1349 2884
12955 4 2 1 1 3275 1003 961 3290
12956 4 2 1 1 21 3194 1355 296
12957 4 2 1 1 1240 3176 1623 1261
12958 4 2 1 1 1096 165 1019 204
12959 4 2 1 1 1310 1357 1322 2914
12960 4 2 1 1 204 165 1019 166
12961 4 2 1 1 2872 2452 3108 1348
12962 4 2 1 1 2735 1408 1379 314
12963 4 2 1 1 1647 2966 1645 1642
12964 4 2 1 1 1191 3250 1215 1171
12965 4 2 1 1 1797 2487 1827 1828
12966 4 2 1 1 1808 793 1832 1795
12967 4 2 1 1 494 3128 493 456
12968 4 2 1 1 1265 1245 3253 280
12969 4 2 1 1 1812 1448 1813 1811
12970 4 2 1 1 279 1265 1595 1634
12971 4 2 1 1 2828 2824 68 2342
12972 4 2 1 1 767 224 2442 2845
12973 4 2 1 1 393 279 1595 1634
12974 4 2 1 1 800 767 224 2442
12975 4 2 1 1 2477 2476 361 2708
12976 4 2 1 1 1972 2869 2847 1983
12977 4 2 1 1 147 2046 2866 553
12978 4 2 1 1 925 2421 2552 2805
12979 4 2 1 1 1575 1649 1571 1652
12980 4 2 1 1 908 906 907 1238
12981 4 2 1 1 3117 1695 2253 416
12982 4 2 1 1 875 958 881 955
12983 4 2 1 1 1694 3117 1704 416
12984 4 2 1 1 3172 2234 38 2235
12985 4 2 1 1 34 1794 31 412
12986 4 2 1 1 1914 2376 1899 498
12987 4 2 1 1 3271 551 2921 3007
12988 4 2 1 1 2061 34 412 450
12989 4 2 1 1 1794 1717 31 412
12990 4 2 1 1 2105 2109 2378 3128
12991 4 2 1 1 880 957 955 953
12992 4 2 1 1 2793 1667 412 2568
12993 4 2 1 1 1794 34 450 412
12994 4 2 1 1 2768 2864 2770 1274
12995 4 2 1 1 2859 2617 841 842
12996 4 2 1 1 821 858 127 2854
12997 4 2 1 1 879 877 955 878
12998 4 2 1 1 876 958 881 117
12999 4 2 1 1 954 877 955 956
13000 4 2 1 1 1680 1660 1681 2389
13001 4 2 1 1 474 1863 436 1858
13002 4 2 1 1 875 958 955 952
13003 4 2 1 1 2061 1774 2063 2062
13004 4 2 1 1 1772 2586 2067 2598
13005 4 2 1 1 2060 2684 3160 2062
13006 4 2 1 1 876 881 955 878
13007 4 2 1 1 2706 2556 2225 197
13008 4 2 1 1 1067 1079 2706 197
13009 4 2 1 1 2500 1679 1682 1681
13010 4 2 1 1 694 727 2518 2410
13011 4 2 1 1 682 2812 2478 2517
13012 4 2 1 1 2036 2868 3279 541
13013 4 2 1 1 1234 252 251 214
13014 4 2 1 1 11 2619 2427 2430
13015 4 2 1 1 630 3190 3192 3184
13016 4 2 1 1 624 175 2584 174
13017 4 2 1 1 978 3142 981 3140
13018 4 2 1 1 586 3026 585 178
13019 4 2 1 1 994 2024 2878 2508
13020 4 2 1 1 173 2024 2508 2585
13021 4 2 1 1 3084 3106 3024 58
13022 4 2 1 1 174 2643 2585 2584
13023 4 2 1 1 1709 1683 1681 2588
13024 4 2 1 1 2588 1683 1681 1682
13025 4 2 1 1 213 1234 251 214
13026 4 2 1 1 2343 795 759 2417
13027 4 2 1 1 2439 766 2416 795
13028 4 2 1 1 939 899 2867 927
13029 4 2 1 1 1602 1597 1633 3111
13030 4 2 1 1 1232 252 1234 214
13031 4 2 1 1 1155 1232 1234 214
13032 4 2 1 1 3158 1958 1600 1978
13033 4 2 1 1 1630 2757 2455 2862
13034 4 2 1 1 3228 3234 3233 3236
13035 4 2 1 1 1155 1232 214 215
13036 4 2 1 1 3271 3280 2847 550
13037 4 2 1 1 1232 253 214 215
13038 4 2 1 1 421 3031 1663 420
13039 4 2 1 1 2263 1181 2669 2266
13040 4 2 1 1 253 1232 214 252
13041 4 2 1 1 1575 1649 1652 1653
13042 4 2 1 1 1689 1687 1688 3108
13043 4 2 1 1 397 360 2370 359
13044 4 2 1 1 3007 3110 2921 3271
13045 4 2 1 1 188 187 2840 225
13046 4 2 1 1 1084 226 225 188
13047 4 2 1 1 1167 1090 1161 225
13048 4 2 1 1 2295 1620 2359 2294
13049 4 2 1 1 1084 226 188 1088
13050 4 2 1 1 551 3007 3271 550
13051 4 2 1 1 1174 2156 2152 1195
13052 4 2 1 1 1185 1214 2151 2152
13053 4 2 1 1 1735 716 87 442
13054 4 2 1 1 187 188 1084 225
13055 4 2 1 1 2542 274 2557 2371
13056 4 2 1 1 1214 1174 2152 1195
13057 4 2 1 1 48 744 750 86
13058 4 2 1 1 1008 654 618 652
13059 4 2 1 1 1090 1084 1161 225
13060 4 2 1 1 3039 3065 644 61
13061 4 2 1 1 1715 1711 1791 1714
13062 4 2 1 1 1090 187 1084 225
13063 4 2 1 1 642 59 3024 58
13064 4 2 1 1 2520 1658 2504 2519
13065 4 2 1 1 2765 1665 2038 603
13066 4 2 1 1 415 1695 1658 2519
13067 4 2 1 1 2848 2849 2525 621
13068 4 2 1 1 1869 2119 1897 1905
13069 4 2 1 1 3108 2896 1688 2494
13070 4 2 1 1 1972 2869 1983 1944
13071 4 2 1 1 454 1931 491 492
13072 4 2 1 1 2105 3128 2378 2678
13073 4 2 1 1 2542 2265 2557 236
13074 4 2 1 1 1562 1889 1529 3143
13075 4 2 1 1 1665 2765 2915 1685
13076 4 2 1 1 3136 1170 1199 1198
13077 4 2 1 1 219 257 218 3236
13078 4 2 1 1 2765 1665 424 1685
13079 4 2 1 1 1207 1200 3135 1199
13080 4 2 1 1 3209 428 1733 3207
13081 4 2 1 1 3134 2144 1208 2625
13082 4 2 1 1 515 1637 516 1938
13083 4 2 1 1 855 861 3245 853
13084 4 2 1 1 195 232 233 1089
13085 4 2 1 1 881 875 955 878
13086 4 2 1 1 3200 3202 1733 3207
13087 4 2 1 1 1768 1757 1415 1744
13088 4 2 1 1 766 2416 2675 2440
13089 4 2 1 1 1757 3125 1415 1744
13090 4 2 1 1 2195 2193 2774 211
13091 4 2 1 1 2578 129 2577 2853
13092 4 2 1 1 1108 1112 2194 1136
13093 4 2 1 1 69 689 2342 68
13094 4 2 1 1 803 771 2573 101
13095 4 2 1 1 1137 1100 223 768
13096 4 2 1 1 730 2009 2570 2807
13097 4 2 1 1 1427 1404 1759 1744
13098 4 2 1 1 1404 1427 1415 1744
13099 4 2 1 1 2731 2713 1243 2471
13100 4 2 1 1 1185 1184 1182 2166
13101 4 2 1 1 1185 1184 2166 2151
13102 4 2 1 1 1243 2731 2730 1264
13103 4 2 1 1 2597 1197 2145 1210
13104 4 2 1 1 1046 2174 2176 2172
13105 4 2 1 1 3164 3161 277 278
13106 4 2 1 1 2619 1079 2706 2192
13107 4 2 1 1 2186 202 2640 201
13108 4 2 1 1 2492 2655 2341 1135
13109 4 2 1 1 1085 1089 1162 1164
13110 4 2 1 1 2593 1046 2176 2172
13111 4 2 1 1 319 3214 1414 1377
13112 4 2 1 1 1148 1108 2194 1136
13113 4 2 1 1 1415 1768 1377 1414
13114 4 2 1 1 2404 1403 1402 3126
13115 4 2 1 1 3125 1404 1415 1744
13116 4 2 1 1 2629 2124 1561 2132
13117 4 2 1 1 349 348 2654 1490
13118 4 2 1 1 237 274 1303 236
13119 4 2 1 1 237 274 236 2542
13120 4 2 1 1 3136 2685 2136 2142
13121 4 2 1 1 1557 2477 361 2708
13122 4 2 1 1 1612 1616 2297 1617
13123 4 2 1 1 2626 1551 358 2627
13124 4 2 1 1 397 1616 2297 2370
13125 4 2 1 1 2778 1475 1487 1490
13126 4 2 1 1 1045 2181 1039 1077
13127 4 2 1 1 201 164 2640 163
13128 4 2 1 1 2428 176 2431 175
13129 4 2 1 1 201 164 163 1092
13130 4 2 1 1 349 2778 1487 1490
13131 4 2 1 1 2362 2363 980 973
13132 4 2 1 1 446 2318 408 2677
13133 4 2 1 1 2560 1871 2651 2703
13134 4 2 1 1 3271 3280 512 2847
13135 4 2 1 1 2683 1892 2117 2116
13136 4 2 1 1 2674 3124 3133 2317
13137 4 2 1 1 1816 2241 2240 2243
13138 4 2 1 1 2674 2317 3133 2682
13139 4 2 1 1 463 462 3171 2698
13140 4 2 1 1 2811 3170 760 2813
13141 4 2 1 1 3146 31 416 2253
13142 4 2 1 1 2317 2396 3133 2682
13143 4 2 1 1 2732 3133 2396 2682
13144 4 2 1 1 609 3264 608 2897
13145 4 2 1 1 1071 1046 2172 1048
13146 4 2 1 1 2286 1890 2683 2116
13147 4 2 1 1 2289 3165 2292 2291
13148 4 2 1 1 1728 446 1765 2396
13149 4 2 1 1 518 2673 2290 480
13150 4 2 1 1 2593 1046 2172 1071
13151 4 2 1 1 1915 1882 2683 1895
13152 4 2 1 1 1915 2724 1867 1904
13153 4 2 1 1 1869 2111 2118 2117
13154 4 2 1 1 1749 1772 1736 2067
13155 4 2 1 1 2166 2262 1182 2261
13156 4 2 1 1 2093 450 412 449
13157 4 2 1 1 564 565 2033 6
13158 4 2 1 1 2677 1765 446 2396
13159 4 2 1 1 1717 1712 1791 1714
13160 4 2 1 1 635 614 49 1666
13161 4 2 1 1 1712 1716 1791 1714
13162 4 2 1 1 2177 1043 2181 2183
13163 4 2 1 1 257 132 94 258
13164 4 2 1 1 529 3273 260 2768
13165 4 2 1 1 869 836 2387 830
13166 4 2 1 1 2387 869 2444 2386
13167 4 2 1 1 958 881 116 115
13168 4 2 1 1 1095 1021 1015 1098
13169 4 2 1 1 2190 1067 2196 1030
13170 4 2 1 1 2424 11 83 2556
13171 4 2 1 1 1067 198 2196 1030
13172 4 2 1 1 220 257 94 258
13173 4 2 1 1 1546 1547 2689 1542
13174 4 2 1 1 3007 3110 3271 512
13175 4 2 1 1 374 1546 2257 2107
13176 4 2 1 1 370 369 332 255
13177 4 2 1 1 2406 1449 1476 335
13178 4 2 1 1 220 257 258 1154
13179 4 2 1 1 1041 1081 2227 2606
13180 4 2 1 1 2197 1041 2227 2606
13181 4 2 1 1 2840 1065 2346 2728
13182 4 2 1 1 18 220 15 93
13183 4 2 1 1 18 220 93 258
13184 4 2 1 1 491 490 1931 1853
13185 4 2 1 1 1382 2674 1403 2404
13186 4 2 1 1 2322 2674 1382 2404
13187 4 2 1 1 2081 351 313 2084
13188 4 2 1 1 1510 1436 1514 1435
13189 4 2 1 1 1379 2285 2735 2086
13190 4 2 1 1 1480 2081 2080 2082
13191 4 2 1 1 1710 1793 1716 1791
13192 4 2 1 1 422 3086 3016 3107
13193 4 2 1 1 94 220 258 93
13194 4 2 1 1 3191 3186 295 3189
13195 4 2 1 1 2498 2893 2767 1699
13196 4 2 1 1 602 424 423 1685
13197 4 2 1 1 2732 3133 2682 3126
13198 4 2 1 1 1251 2497 2874 2447
13199 4 2 1 1 2339 187 225 2841
13200 4 2 1 1 132 94 258 93
13201 4 2 1 1 1003 1004 3142 3163
13202 4 2 1 1 3142 2633 2352 2601
13203 4 2 1 1 917 155 269 897
13204 4 2 1 1 1251 2769 1250 2447
13205 4 2 1 1 529 2930 260 3003
13206 4 2 1 1 2017 2769 2768 1246
13207 4 2 1 1 2906 3148 3122 2385
13208 4 2 1 1 2910 1279 1253 1241
13209 4 2 1 1 532 2043 531 262
13210 4 2 1 1 1288 155 269 917
13211 4 2 1 1 2904 1248 1237 2374
13212 4 2 1 1 231 193 346 192
13213 4 2 1 1 1811 1484 1846 1799
13214 4 2 1 1 3228 3227 1810 1799
13215 4 2 1 1 2783 1489 2590 1469
13216 4 2 1 1 1841 3228 1810 1799
13217 4 2 1 1 2222 348 310 2165
13218 4 2 1 1 1487 2666 1486 2788
13219 4 2 1 1 754 782 783 3261
13220 4 2 1 1 470 432 471 2785
13221 4 2 1 1 2608 2795 1800 2609
13222 4 2 1 1 2366 1847 2345 1828
13223 4 2 1 1 1823 1800 2789 2393
13224 4 2 1 1 2421 2324 2323 3116
13225 4 2 1 1 2987 3004 3270 2922
13226 4 2 1 1 2805 910 934 2555
13227 4 2 1 1 870 7 2022 115
13228 4 2 1 1 2372 1249 1248 2374
13229 4 2 1 1 124 2021 831 871
13230 4 2 1 1 1970 914 3110 3113
13231 4 2 1 1 831 2021 2615 871
13232 4 2 1 1 1746 2068 1748 1747
13233 4 2 1 1 602 2765 603 424
13234 4 2 1 1 3257 3254 281 280
13235 4 2 1 1 1878 1876 2128 1909
13236 4 2 1 1 31 1705 416 2253
13237 4 2 1 1 243 3257 281 280
13238 4 2 1 1 2064 1764 1736 1747
13239 4 2 1 1 2116 1892 2117 2111
13240 4 2 1 1 3257 243 242 280
13241 4 2 1 1 2685 3136 2136 1559
13242 4 2 1 1 1119 3224 1121 1143
13243 4 2 1 1 2190 2652 1041 2606
13244 4 2 1 1 2489 1135 2838 2492
13245 4 2 1 1 2655 1151 2841 2823
13246 4 2 1 1 660 66 2849 621
13247 4 2 1 1 2235 3147 3172 2236
13248 4 2 1 1 389 30 1634 3253
13249 4 2 1 1 462 463 3171 1795
13250 4 2 1 1 3252 3254 3253 3255
13251 4 2 1 1 2021 162 2801 2553
13252 4 2 1 1 2801 2021 831 124
13253 4 2 1 1 3156 1326 1325 1333
13254 4 2 1 1 526 3270 3004 2922
13255 4 2 1 1 1928 1854 1930 1850
13256 4 2 1 1 3259 3258 390 3177
13257 4 2 1 1 1928 1854 1850 497
13258 4 2 1 1 2177 1043 2183 1042
13259 4 2 1 1 1648 383 2998 1643
13260 4 2 1 1 1805 2240 1843 2558
13261 4 2 1 1 2503 1676 1677 2877
13262 4 2 1 1 1579 337 376 375
13263 4 2 1 1 1678 2490 1679 1677
13264 4 2 1 1 846 865 3119 3118
13265 4 2 1 1 1363 329 1442 328
13266 4 2 1 1 2237 1843 2235 35
13267 4 2 1 1 1658 1695 2504 2519
13268 4 2 1 1 407 3124 1696 1659
13269 4 2 1 1 1928 1854 497 1932
13270 4 2 1 1 1683 2498 2893 2588
13271 4 2 1 1 1363 329 328 291
13272 4 2 1 1 498 1914 2235 38
13273 4 2 1 1 3179 1258 1260 3178
13274 4 2 1 1 935 1238 907 1256
13275 4 2 1 1 1848 1932 457 1854
13276 4 2 1 1 3257 243 1215 242
13277 4 2 1 1 458 1932 1854 457
13278 4 2 1 1 1932 457 496 495
13279 4 2 1 1 1932 457 495 1926
13280 4 2 1 1 3143 1889 1888 1890
13281 4 2 1 1 1682 2915 1699 1685
13282 4 2 1 1 2765 602 1685 424
13283 4 2 1 1 3156 2494 2612 3108
13284 4 2 1 1 1968 503 2935 3111
13285 4 2 1 1 2940 3176 2971 2941
13286 4 2 1 1 1911 3172 849 3118
13287 4 2 1 1 866 1891 847 860
13288 4 2 1 1 2937 1940 501 502
13289 4 2 1 1 3223 3189 3184 3188
13290 4 2 1 1 503 2920 3011 2934
13291 4 2 1 1 3111 2935 1597 387
13292 4 2 1 1 1019 166 1094 204
13293 4 2 1 1 1579 337 375 1586
13294 4 2 1 1 1959 3158 1960 1958
13295 4 2 1 1 2127 2120 1881 2121
13296 4 2 1 1 1340 596 2748 302
13297 4 2 1 1 2948 2944 266 2947
13298 4 2 1 1 1063 1394 1384 1072
13299 4 2 1 1 266 2943 2944 3176
13300 4 2 1 1 1529 1885 1517 1886
13301 4 2 1 1 2769 1274 2768 1246
13302 4 2 1 1 3288 2768 528 2770
13303 4 2 1 1 2017 260 530 1285
13304 4 2 1 1 1295 1291 2930 3002
13305 4 2 1 1 1294 2959 1296 1292
13306 4 2 1 1 268 2970 2969 142
13307 4 2 1 1 2952 946 2981 146
13308 4 2 1 1 39 2963 3009 2983
13309 4 2 1 1 3249 1907 1906 1870
13310 4 2 1 1 2916 507 548 547
13311 4 2 1 1 596 595 2748 302
13312 4 2 1 1 1563 1532 2293 1520
13313 4 2 1 1 846 3119 1864 1901
13314 4 2 1 1 303 596 1340 302
13315 4 2 1 1 2982 1992 1988 2976
13316 4 2 1 1 506 546 505 2042
13317 4 2 1 1 303 3015 596 302
13318 4 2 1 1 3015 595 596 302
13319 4 2 1 1 2454 2904 270 271
13320 4 2 1 1 2772 2874 1252 2910
13321 4 2 1 1 3144 2116 1890 2286
13322 4 2 1 1 352 351 313 2081
13323 4 2 1 1 105 2574 3 67
13324 4 2 1 1 1852 1854 1850 1930
13325 4 2 1 1 3025 3077 65 677
13326 4 2 1 1 2120 1882 1881 1905
13327 4 2 1 1 991 969 3187 185
13328 4 2 1 1 66 609 65 3025
13329 4 2 1 1 1509 1431 313 1516
13330 4 2 1 1 1721 3107 1718 422
13331 4 2 1 1 3187 3039 644 61
13332 4 2 1 1 2849 66 65 621
13333 4 2 1 1 379 1646 2972 1642
13334 4 2 1 1 1353 183 965 3067
13335 4 2 1 1 849 829 3172 136
13336 4 2 1 1 183 965 993 1314
13337 4 2 1 1 351 1509 313 1516
13338 4 2 1 1 314 352 1509 313
13339 4 2 1 1 3047 3065 3041 61
13340 4 2 1 1 352 351 1509 313
13341 4 2 1 1 3044 183 1028 1022
13342 4 2 1 1 3039 61 3038 3041
13343 4 2 1 1 324 2534 325 1397
13344 4 2 1 1 2522 3114 2521 2524
13345 4 2 1 1 3059 3070 417 3049
13346 4 2 1 1 3058 3109 3017 64
13347 4 2 1 1 3219 2522 2524 3114
13348 4 2 1 1 3069 62 3049 3042
13349 4 2 1 1 417 63 3049 1693
13350 4 2 1 1 2650 286 324 2305
13351 4 2 1 1 2120 1881 2119 1905
13352 4 2 1 1 287 325 324 2305
13353 4 2 1 1 1350 2479 1349 1330
13354 4 2 1 1 2316 3156 2612 2315
13355 4 2 1 1 1052 3215 1055 1054
13356 4 2 1 1 3029 3022 304 3080
13357 4 2 1 1 3197 3191 295 3189
13358 4 2 1 1 1372 3062 3075 1374
13359 4 2 1 1 3062 3061 3097 1374
13360 4 2 1 1 483 521 1920 1924
13361 4 2 1 1 3205 3215 1052 1054
13362 4 2 1 1 1056 1376 1054 1055
13363 4 2 1 1 1998 1924 521 2002
13364 4 2 1 1 1998 1924 2002 2000
13365 4 2 1 1 1368 3051 3080 3102
13366 4 2 1 1 286 287 324 2305
13367 4 2 1 1 454 3233 492 491
13368 4 2 1 1 914 916 915 1935
13369 4 2 1 1 3238 3237 3239 1884
13370 4 2 1 1 925 2805 934 898
13371 4 2 1 1 2021 162 2553 574
13372 4 2 1 1 1931 490 1927 1853
13373 4 2 1 1 40 2003 513 475
13374 4 2 1 1 1986 1935 1971 915
13375 4 2 1 1 491 454 453 1853
13376 4 2 1 1 3110 2780 2881 2844
13377 4 2 1 1 454 1931 492 1929
13378 4 2 1 1 916 936 1986 930
13379 4 2 1 1 2301 2354 2323 3115
13380 4 2 1 1 444 329 291 445
13381 4 2 1 1 1059 1034 204 2605
13382 4 2 1 1 895 514 159 1942
13383 4 2 1 1 395 1577 394 1655
13384 4 2 1 1 1504 1584 1506 1505
13385 4 2 1 1 2201 1128 2206 2202
13386 4 2 1 1 2093 411 412 2793
13387 4 2 1 1 1376 3215 1054 1055
13388 4 2 1 1 48 87 49 744
13389 4 2 1 1 914 3113 915 912
13390 4 2 1 1 88 441 688 87
13391 4 2 1 1 2691 692 714 2837
13392 4 2 1 1 1764 437 2062 1774
13393 4 2 1 1 89 2839 2701 90
13394 4 2 1 1 1942 930 1986 936
13395 4 2 1 1 3143 2293 2123 3144
13396 4 2 1 1 1548 2709 2132 2638
13397 4 2 1 1 3258 3259 3253 3255
13398 4 2 1 1 516 2001 478 515
13399 4 2 1 1 3165 2289 2292 3157
13400 4 2 1 1 2289 2604 2292 3157
13401 4 2 1 1 3259 1955 1598 1938
13402 4 2 1 1 1479 230 3168 3151
13403 4 2 1 1 1467 2325 2590 1469
13404 4 2 1 1 2351 1453 1476 1468
13405 4 2 1 1 1475 1488 1490 2778
13406 4 2 1 1 1376 3205 1054 3215
13407 4 2 1 1 2735 1408 1417 1379
13408 4 2 1 1 1489 1500 3151 3149
13409 4 2 1 1 2299 3165 3155 1963
13410 4 2 1 1 2699 1065 2346 1037
13411 4 2 1 1 2299 3165 1963 2290
13412 4 2 1 1 268 2960 2969 2970
13413 4 2 1 1 3176 391 3177 3174
13414 4 2 1 1 924 895 930 3255
13415 4 2 1 1 2926 1590 3111 3291
13416 4 2 1 1 516 1637 3246 402
13417 4 2 1 1 1442 1363 328 1439
13418 4 2 1 1 158 121 476 120
13419 4 2 1 1 1594 3165 1622 3155
13420 4 2 1 1 1343 1354 3182 1684
13421 4 2 1 1 47 209 3218 85
13422 4 2 1 1 3193 3192 47 616
13423 4 2 1 1 194 3201 1038 3210
13424 4 2 1 1 1423 1412 1058 3201
13425 4 2 1 1 3201 1412 1058 1055
13426 4 2 1 1 1423 3212 1058 307
13427 4 2 1 1 1412 1075 1058 1055
13428 4 2 1 1 1134 758 108 779
13429 4 2 1 1 2932 3291 542 2926
13430 4 2 1 1 234 69 107 108
13431 4 2 1 1 191 1163 229 192
13432 4 2 1 1 231 1083 193 192
13433 4 2 1 1 3166 75 701 74
13434 4 2 1 1 1964 516 401 1622
13435 4 2 1 1 1959 1962 1960 3155
13436 4 2 1 1 3155 2457 2299 1962
13437 4 2 1 1 3227 344 343 1484
13438 4 2 1 1 1958 1599 1600 1587
13439 4 2 1 1 1962 2457 2815 1960
13440 4 2 1 1 778 3221 1808 783
13441 4 2 1 1 936 1986 1971 915
13442 4 2 1 1 1998 1924 2000 1920
13443 4 2 1 1 898 3116 918 160
13444 4 2 1 1 2652 1042 1041 1065
13445 4 2 1 1 2699 2652 1065 1074
13446 4 2 1 1 2652 2699 1065 2728
13447 4 2 1 1 1518 366 1554 3241
13448 4 2 1 1 3254 1272 281 1245
13449 4 2 1 1 477 514 476 3247
13450 4 2 1 1 1918 519 481 1924
13451 4 2 1 1 404 3190 635 1666
13452 4 2 1 1 85 3218 47 3193
13453 4 2 1 1 172 84 210 209
13454 4 2 1 1 1020 208 170 171
13455 4 2 1 1 671 749 667 670
13456 4 2 1 1 1020 169 170 207
13457 4 2 1 1 2365 3114 641 2526
13458 4 2 1 1 1408 2538 2079 2735
13459 4 2 1 1 2652 1042 1065 1074
13460 4 2 1 1 1998 1924 1920 521
13461 4 2 1 1 1922 1921 2000 1923
13462 4 2 1 1 1335 2307 2308 2306
13463 4 2 1 1 289 326 288 2309
13464 4 2 1 1 477 514 3247 515
13465 4 2 1 1 338 1579 337 376
13466 4 2 1 1 325 2306 2305 287
13467 4 2 1 1 1508 336 1586 335
13468 4 2 1 1 1590 1603 2502 2913
13469 4 2 1 1 336 374 1586 335
13470 4 2 1 1 2036 540 3279 385
13471 4 2 1 1 374 373 1586 335
13472 4 2 1 1 382 2754 383 537
13473 4 2 1 1 1089 1166 1164 1160
13474 4 2 1 1 1510 1437 346 1432
13475 4 2 1 1 2754 2008 1589 383
13476 4 2 1 1 1515 1437 347 346
13477 4 2 1 1 1437 308 346 1432
13478 4 2 1 1 1510 1437 1432 1435
13479 4 2 1 1 494 1893 2705 1869
13480 4 2 1 1 2002 1924 519 1996
13481 4 2 1 1 2200 3161 2211 395
13482 4 2 1 1 1983 3280 2847 512
13483 4 2 1 1 1523 2200 358 357
13484 4 2 1 1 1865 487 2198 486
13485 4 2 1 1 3238 3239 3249 1887
13486 4 2 1 1 2395 2433 1941 2741
13487 4 2 1 1 1523 2200 357 2140
13488 4 2 1 1 2966 2978 2979 1645
13489 4 2 1 1 2200 3161 395 357
13490 4 2 1 1 2200 3161 357 2140
13491 4 2 1 1 272 2922 2987 3270
13492 4 2 1 1 3288 2922 272 3270
13493 4 2 1 1 2523 2797 2019 43
13494 4 2 1 1 3163 1310 2873 2006
13495 4 2 1 1 1117 1145 1139 2334
13496 4 2 1 1 1449 2717 336 335
13497 4 2 1 1 81 2523 2019 43
13498 4 2 1 1 3250 3246 3248 368
13499 4 2 1 1 2020 52 559 2533
13500 4 2 1 1 901 576 149 2030
13501 4 2 1 1 576 575 149 2030
13502 4 2 1 1 3123 2421 123 161
13503 4 2 1 1 3250 1565 368 3248
13504 4 2 1 1 3288 2026 272 2770
13505 4 2 1 1 573 2615 128 572
13506 4 2 1 1 1159 1236 258 18
13507 4 2 1 1 527 2922 3270 526
13508 4 2 1 1 1148 15 2210 2774
13509 4 2 1 1 18 1236 249 211
13510 4 2 1 1 3250 3246 368 3249
13511 4 2 1 1 220 257 1154 219
13512 4 2 1 1 1148 2193 211 2774
13513 4 2 1 1 942 901 149 2030
13514 4 2 1 1 575 942 149 2030
13515 4 2 1 1 29 3174 2940 1636
13516 4 2 1 1 1636 2937 388 502
13517 4 2 1 1 2940 3176 29 2971
13518 4 2 1 1 1149 93 94 756
13519 4 2 1 1 874 954 121 877
13520 4 2 1 1 37 488 1912 3123
13521 4 2 1 1 3243 119 850 243
13522 4 2 1 1 3248 3246 27 368
13523 4 2 1 1 1565 3248 27 368
13524 4 2 1 1 1998 1925 1920 2000
13525 4 2 1 1 1763 1735 725 688
13526 4 2 1 1 2839 89 692 90
13527 4 2 1 1 52 51 2701 90
13528 4 2 1 1 3146 3117 1704 614
13529 4 2 1 1 1095 1021 1098 1016
13530 4 2 1 1 601 600 2767 3277
13531 4 2 1 1 649 2526 2525 2848
13532 4 2 1 1 1095 1021 1016 1018
13533 4 2 1 1 2049 648 2052 556
13534 4 2 1 1 3025 679 3057 677
13535 4 2 1 1 63 677 3048 674
13536 4 2 1 1 54 55 2052 556
13537 4 2 1 1 707 1738 706 703
13538 4 2 1 1 1740 3204 3206 3203
13539 4 2 1 1 1768 1744 1377 1743
13540 4 2 1 1 110 428 3209 72
13541 4 2 1 1 2333 2245 2642 1844
13542 4 2 1 1 1775 3120 685 427
13543 4 2 1 1 1761 73 428 427
13544 4 2 1 1 1009 45 11 172
13545 4 2 1 1 998 624 176 615
13546 4 2 1 1 257 256 218 3236
13547 4 2 1 1 886 812 809 807
13548 4 2 1 1 3228 3227 3225 3261
13549 4 2 1 1 3232 3231 3225 3227
13550 4 2 1 1 612 55 2052 54
13551 4 2 1 1 72 109 3209 110
13552 4 2 1 1 803 565 2573 2034
13553 4 2 1 1 766 2439 2416 2440
13554 4 2 1 1 788 2575 2828 2842
13555 4 2 1 1 55 650 612 2052
13556 4 2 1 1 650 55 557 2052
13557 4 2 1 1 1016 172 1021 1098
13558 4 2 1 1 3243 243 850 1178
13559 4 2 1 1 1764 3173 438 2094
13560 4 2 1 1 3292 3103 607 3269
13561 4 2 1 1 2063 2093 412 2568
13562 4 2 1 1 3146 3117 2253 416
13563 4 2 1 1 575 942 10 149
13564 4 2 1 1 1016 1093 172 1098
13565 4 2 1 1 2061 34 1774 2062
13566 4 2 1 1 3173 2062 437 3160
13567 4 2 1 1 2061 3160 2060 3146
13568 4 2 1 1 949 2945 2950 2951
13569 4 2 1 1 947 950 2968 944
13570 4 2 1 1 1756 1767 2073 1752
13571 4 2 1 1 3292 2889 2044 3109
13572 4 2 1 1 2785 2089 1731 433
13573 4 2 1 1 1856 470 432 471
13574 4 2 1 1 1752 2745 2073 2539
13575 4 2 1 1 877 161 122 123
13576 4 2 1 1 2046 913 900 2887
13577 4 2 1 1 3103 606 607 3269
13578 4 2 1 1 910 2555 2554 911
13579 4 2 1 1 898 3123 161 2421
13580 4 2 1 1 825 1178 863 850
13581 4 2 1 1 606 3103 3021 3269
13582 4 2 1 1 2071 1752 2745 2073
13583 4 2 1 1 172 11 1021 1098
13584 4 2 1 1 2908 3110 511 512
13585 4 2 1 1 898 934 915 3115
13586 4 2 1 1 1731 2785 432 2076
13587 4 2 1 1 3269 3079 413 3109
13588 4 2 1 1 172 45 83 46
13589 4 2 1 1 171 208 3218 209
13590 4 2 1 1 47 750 85 48
13591 4 2 1 1 210 11 1098 14
13592 4 2 1 1 1353 183 3067 297
13593 4 2 1 1 982 1005 1319 1004
13594 4 2 1 1 1452 1493 2085 1480
13595 4 2 1 1 3061 3095 3019 299
13596 4 2 1 1 232 1089 1166 233
13597 4 2 1 1 2086 2081 313 2084
13598 4 2 1 1 219 3230 1146 1109
13599 4 2 1 1 307 308 193 1385
13600 4 2 1 1 3269 3079 3109 3103
13601 4 2 1 1 2735 2079 314 2081
13602 4 2 1 1 3145 1394 1061 1069
13603 4 2 1 1 584 3099 3268 585
13604 4 2 1 1 2621 1324 2436 1347
13605 4 2 1 1 2215 2167 3162 2649
13606 4 2 1 1 1452 1480 2085 2084
13607 4 2 1 1 369 1580 332 1502
13608 4 2 1 1 370 1585 332 1580
13609 4 2 1 1 1453 1467 2259 1466
13610 4 2 1 1 3234 25 3233 28
13611 4 2 1 1 1196 1173 1525 1213
13612 4 2 1 1 219 781 3230 1109
13613 4 2 1 1 1135 2838 2840 226
13614 4 2 1 1 2489 2838 1135 1106
13615 4 2 1 1 1037 188 1065 2346
13616 4 2 1 1 2841 1151 1135 225
13617 4 2 1 1 237 274 2542 275
13618 4 2 1 1 1452 351 1480 2084
13619 4 2 1 1 1280 1244 1254 2448
13620 4 2 1 1 278 3164 1242 1271
13621 4 2 1 1 219 220 94 1109
13622 4 2 1 1 213 2179 2158 251
13623 4 2 1 1 781 219 94 1109
13624 4 2 1 1 17 1217 2268 248
13625 4 2 1 1 3245 867 861 827
13626 4 2 1 1 2930 261 260 1295
13627 4 2 1 1 2772 261 1241 1285
13628 4 2 1 1 529 2930 530 260
13629 4 2 1 1 2772 2910 1252 1241
13630 4 2 1 1 3072 3020 1718 3107
13631 4 2 1 1 936 916 1986 915
13632 4 2 1 1 270 2565 269 1248
13633 4 2 1 1 1634 3248 3253 30
13634 4 2 1 1 3256 3231 3226 3225
13635 4 2 1 1 2948 2967 2959 1294
13636 4 2 1 1 1280 2372 2447 1249
13637 4 2 1 1 1297 2959 2964 3002
13638 4 2 1 1 3153 1464 1463 1461
13639 4 2 1 1 3180 1262 1588 1261
13640 4 2 1 1 917 935 1256 1272
13641 4 2 1 1 2267 235 2269 2270
13642 4 2 1 1 220 15 93 1149
13643 4 2 1 1 1463 1464 2660 2097
13644 4 2 1 1 1217 2269 17 2268
13645 4 2 1 1 1299 1228 273 1305
13646 4 2 1 1 220 94 1109 1149
13647 4 2 1 1 3268 3099 178 585
13648 4 2 1 1 1177 1181 2266 1205
13649 4 2 1 1 17 2269 20 2272
13650 4 2 1 1 3228 3232 3225 3227
13651 4 2 1 1 3068 3073 1373 3074
13652 4 2 1 1 3194 3191 3193 1703
13653 4 2 1 1 404 3193 1703 405
13654 4 2 1 1 1522 2107 2103 2106
13655 4 2 1 1 3297 2007 3263 598
13656 4 2 1 1 1562 1889 3143 3129
13657 4 2 1 1 1520 2375 362 361
13658 4 2 1 1 3121 305 3029 1338
13659 4 2 1 1 22 1354 306 3036
13660 4 2 1 1 3029 305 304 1338
13661 4 2 1 1 3051 305 3031 3073
13662 4 2 1 1 177 3099 178 3268
13663 4 2 1 1 1826 2795 1824 1800
13664 4 2 1 1 359 397 2627 2370
13665 4 2 1 1 1408 2538 1417 3127
13666 4 2 1 1 2076 1731 2075 1755
13667 4 2 1 1 374 2107 2257 2664
13668 4 2 1 1 1904 1866 1895 2286
13669 4 2 1 1 2311 2310 2309 289
13670 4 2 1 1 2310 1309 1336 289
13671 4 2 1 1 1360 1443 1439 1363
13672 4 2 1 1 1892 1882 2117 1905
13673 4 2 1 1 1869 1892 2117 1905
13674 4 2 1 1 1834 3130 339 1457
13675 4 2 1 1 1869 2527 494 495
13676 4 2 1 1 2134 1877 1874 2138
13677 4 2 1 1 373 1547 372 2689
13678 4 2 1 1 1551 2626 2129 2629
13679 4 2 1 1 3149 1104 3151 1133
13680 4 2 1 1 3206 3205 3214 3216
13681 4 2 1 1 265 379 380 1596
13682 4 2 1 1 265 1596 1635 379
13683 4 2 1 1 3136 2141 2136 2140
13684 4 2 1 1 311 348 349 1511
13685 4 2 1 1 2629 359 2627 2628
13686 4 2 1 1 2126 1547 2689 2631
13687 4 2 1 1 397 1573 1578 359
13688 4 2 1 1 1431 1509 1512 1435
13689 4 2 1 1 1519 360 359 2628
13690 4 2 1 1 1173 3137 3134 1202
13691 4 2 1 1 373 372 335 2781
13692 4 2 1 1 1434 1431 1512 1435
13693 4 2 1 1 2630 1453 333 334
13694 4 2 1 1 1101 215 1128 2206
13695 4 2 1 1 336 2717 2257 335
13696 4 2 1 1 2166 1184 1182 1183
13697 4 2 1 1 2148 1422 1396 2150
13698 4 2 1 1 2712 2157 1421 2161
13699 4 2 1 1 380 265 1270 2957
13700 4 2 1 1 2165 3168 309 2693
13701 4 2 1 1 2013 3296 534 2758
13702 4 2 1 1 314 1431 1509 1512
13703 4 2 1 1 2694 3168 2806 2693
13704 4 2 1 1 1632 1594 1622 3155
13705 4 2 1 1 2694 3168 2693 3169
13706 4 2 1 1 389 1624 390 3258
13707 4 2 1 1 2208 1076 1036 2653
13708 4 2 1 1 3112 2999 2957 3005
13709 4 2 1 1 400 3157 362 401
13710 4 2 1 1 502 1968 2935 1597
13711 4 2 1 1 2966 1647 2979 3001
13712 4 2 1 1 29 1646 388 2977
13713 4 2 1 1 29 1635 3176 392
13714 4 2 1 1 1596 265 1635 1240
13715 4 2 1 1 1705 2516 2253 2568
13716 4 2 1 1 3117 1695 416 415
13717 4 2 1 1 670 668 746 673
13718 4 2 1 1 3157 517 479 401
13719 4 2 1 1 177 584 3099 3268
13720 4 2 1 1 415 3117 1694 416
13721 4 2 1 1 2490 2503 1677 2491
13722 4 2 1 1 3059 3058 3049 417
13723 4 2 1 1 2920 3267 3111 3293
13724 4 2 1 1 3269 1706 2023 413
13725 4 2 1 1 1665 2765 424 603
13726 4 2 1 1 363 3157 479 401
13727 4 2 1 1 1652 363 401 362
13728 4 2 1 1 1706 605 2023 2777
13729 4 2 1 1 2932 3291 3111 3267
13730 4 2 1 1 1652 363 362 1574
13731 4 2 1 1 1722 1724 1718 3078
13732 4 2 1 1 15 18 2774 211
13733 4 2 1 1 3147 2338 2238 3159
13734 4 2 1 1 466 111 110 757
13735 4 2 1 1 2662 2350 3166 2349
13736 4 2 1 1 2714 250 2184 249
13737 4 2 1 1 2827 440 439 1745
13738 4 2 1 1 249 212 250 2184
13739 4 2 1 1 474 436 36 2642
13740 4 2 1 1 2184 1108 2185 2193
13741 4 2 1 1 2318 3156 2319 2316
13742 4 2 1 1 2360 1688 1689 1683
13743 4 2 1 1 1709 2361 1660 1697
13744 4 2 1 1 2745 1765 2732 1760
13745 4 2 1 1 2184 1108 2193 211
13746 4 2 1 1 1434 1431 314 1512
13747 4 2 1 1 2587 449 411 410
13748 4 2 1 1 15 2835 2774 2467
13749 4 2 1 1 2703 1871 2651 2122
13750 4 2 1 1 459 2461 2651 458
13751 4 2 1 1 2560 2651 497 2559
13752 4 2 1 1 15 1148 211 2774
13753 4 2 1 1 15 18 2467 2774
13754 4 2 1 1 2668 2773 1179 2733
13755 4 2 1 1 496 2651 2122 2661
13756 4 2 1 1 1387 430 315 1732
13757 4 2 1 1 2140 2135 2136 1523
13758 4 2 1 1 1179 1220 1204 2733
13759 4 2 1 1 2464 2714 2733 1204
13760 4 2 1 1 1179 2464 2733 1204
13761 4 2 1 1 2134 1877 2131 1874
13762 4 2 1 1 3157 2290 3165 2289
13763 4 2 1 1 2299 1962 1939 1963
13764 4 2 1 1 2300 2299 1939 2290
13765 4 2 1 1 1904 2288 2673 480
13766 4 2 1 1 3172 451 35 489
13767 4 2 1 1 2256 3138 2209 2206
13768 4 2 1 1 2861 3291 542 3267
13769 4 2 1 1 3130 1462 1494 1457
13770 4 2 1 1 3267 543 2932 542
13771 4 2 1 1 2093 2793 412 2568
13772 4 2 1 1 2932 3291 2926 3111
13773 4 2 1 1 3011 504 2990 2920
13774 4 2 1 1 1936 2014 3293 3111
13775 4 2 1 1 2936 501 1993 502
13776 4 2 1 1 388 502 2935 1597
13777 4 2 1 1 936 895 1942 930
13778 4 2 1 1 3267 3293 2014 3111
13779 4 2 1 1 3246 516 364 478
13780 4 2 1 1 1090 1167 1161 1164
13781 4 2 1 1 139 140 2988 3010
13782 4 2 1 1 2259 2589 2209 3150
13783 4 2 1 1 3266 2987 2928 3004
13784 4 2 1 1 1163 1086 1165 1164
13785 4 2 1 1 3290 961 3275 181
13786 4 2 1 1 2928 3282 3010 140
13787 4 2 1 1 140 3266 938 2928
13788 4 2 1 1 1339 1313 2632 2218
13789 4 2 1 1 2625 1202 3134 2624
13790 4 2 1 1 3020 422 1718 3107
13791 4 2 1 1 3266 2987 3004 3283
13792 4 2 1 1 2212 2395 2250 521
13793 4 2 1 1 3117 3114 641 2365
13794 4 2 1 1 646 54 53 556
13795 4 2 1 1 1167 1085 196 1162
13796 4 2 1 1 1088 1086 1087 1164
13797 4 2 1 1 47 3192 632 616
13798 4 2 1 1 648 2049 2052 2848
13799 4 2 1 1 2016 3277 601 2767
13800 4 2 1 1 1383 2219 323 324
13801 4 2 1 1 2182 1383 2611 2216
13802 4 2 1 1 3295 3163 1310 1352
13803 4 2 1 1 1383 2182 1388 2216
13804 4 2 1 1 2182 3139 1388 2216
13805 4 2 1 1 3101 961 182 181
13806 4 2 1 1 591 590 2752 3284
13807 4 2 1 1 3070 418 3069 3034
13808 4 2 1 1 2226 2228 2227 200
13809 4 2 1 1 632 989 970 625
13810 4 2 1 1 2016 3277 2767 1662
13811 4 2 1 1 2195 2714 1204 2733
13812 4 2 1 1 671 749 670 669
13813 4 2 1 1 2016 3277 1662 423
13814 4 2 1 1 3189 3223 988 3188
13815 4 2 1 1 2241 2244 1814 2242
13816 4 2 1 1 462 2698 2239 2242
13817 4 2 1 1 3206 3205 3216 3203
13818 4 2 1 1 655 969 654 644
13819 4 2 1 1 47 209 85 46
13820 4 2 1 1 624 960 626 625
13821 4 2 1 1 615 998 625 970
13822 4 2 1 1 1234 1153 1230 1156
13823 4 2 1 1 630 989 3188 3192
13824 4 2 1 1 632 989 625 630
13825 4 2 1 1 1009 46 45 172
13826 4 2 1 1 2928 3282 524 3010
13827 4 2 1 1 602 3088 3020 423
13828 4 2 1 1 613 3183 62 645
13829 4 2 1 1 2111 3143 1892 3129
13830 4 2 1 1 653 3109 643 3219
13831 4 2 1 1 3004 3266 525 2928
13832 4 2 1 1 649 2526 641 640
13833 4 2 1 1 997 628 626 960
13834 4 2 1 1 1969 2250 2213 2569
13835 4 2 1 1 2464 1211 2690 1204
13836 4 2 1 1 3048 63 3042 3049
13837 4 2 1 1 2926 3111 1590 1633
13838 4 2 1 1 3088 602 424 423
13839 4 2 1 1 414 3114 1668 1657
13840 4 2 1 1 1354 1343 3182 293
13841 4 2 1 1 1671 1669 3184 1670
13842 4 2 1 1 629 2544 651 2747
13843 4 2 1 1 613 3183 645 656
13844 4 2 1 1 422 3020 423 3086
13845 4 2 1 1 657 1669 634 656
13846 4 2 1 1 2522 2520 413 2023
13847 4 2 1 1 3186 1343 3182 1674
13848 4 2 1 1 403 3146 1704 614
13849 4 2 1 1 50 87 49 441
13850 4 2 1 1 3277 422 423 3086
13851 4 2 1 1 558 2533 559 1
13852 4 2 1 1 37 2003 522 40
13853 4 2 1 1 661 52 2533 1
13854 4 2 1 1 558 2797 659 1
13855 4 2 1 1 2710 1947 1946 2499
13856 4 2 1 1 3110 1970 511 512
13857 4 2 1 1 2999 3296 2927 3112
13858 4 2 1 1 2048 646 658 53
13859 4 2 1 1 433 2794 434 471
13860 4 2 1 1 3076 3084 681 3064
13861 4 2 1 1 795 2675 769 766
13862 4 2 1 1 682 694 693 2517
13863 4 2 1 1 2130 1523 2129 1560
13864 4 2 1 1 693 2812 2517 2011
13865 4 2 1 1 2813 760 787 113
13866 4 2 1 1 2464 1211 2261 2690
13867 4 2 1 1 551 3274 2921 552
13868 4 2 1 1 2794 2089 434 2679
13869 4 2 1 1 155 1288 269 20
13870 4 2 1 1 1068 733 1051 1040
13871 4 2 1 1 2794 433 434 2089
13872 4 2 1 1 1376 3205 1411 1054
13873 4 2 1 1 772 787 2811 796
13874 4 2 1 1 3213 232 3210 3212
13875 4 2 1 1 525 3266 524 2928
13876 4 2 1 1 2374 1249 1248 1237
13877 4 2 1 1 699 2224 198 199
13878 4 2 1 1 407 446 3124 408
13879 4 2 1 1 2281 835 2275 2283
13880 4 2 1 1 2410 2277 2409 696
13881 4 2 1 1 1713 1790 445 446
13882 4 2 1 1 642 3100 652 3265
13883 4 2 1 1 2274 2273 2275 247
13884 4 2 1 1 47 750 48 672
13885 4 2 1 1 2812 561 718 2804
13886 4 2 1 1 733 700 1051 713
13887 4 2 1 1 2094 1727 2827 438
13888 4 2 1 1 1738 1739 706 1726
13889 4 2 1 1 81 2798 729 2019
13890 4 2 1 1 2501 2657 1604 2359
13891 4 2 1 1 1628 2475 2656 2657
13892 4 2 1 1 3271 3274 2921 551
13893 4 2 1 1 3208 710 3207 3216
13894 4 2 1 1 2585 652 3100 3265
13895 4 2 1 1 855 3235 826 3237
13896 4 2 1 1 765 2441 761 2833
13897 4 2 1 1 785 793 755 1804
13898 4 2 1 1 2501 1605 1604 2657
13899 4 2 1 1 793 1804 1832 755
13900 4 2 1 1 407 446 408 1713
13901 4 2 1 1 2358 2453 2475 1615
13902 4 2 1 1 224 767 768 223
13903 4 2 1 1 234 107 16 1150
13904 4 2 1 1 407 446 1713 445
13905 4 2 1 1 2442 767 2845 2440
13906 4 2 1 1 325 2306 287 288
13907 4 2 1 1 2153 1398 2462 1395
13908 4 2 1 1 2369 2534 1395 2462
13909 4 2 1 1 2261 2166 2154 1182
13910 4 2 1 1 2621 1334 1347 1311
13911 4 2 1 1 2719 774 2381 2419
13912 4 2 1 1 1180 1211 1182 2261
13913 4 2 1 1 2263 1182 2261 1180
13914 4 2 1 1 3124 2314 2316 2317
13915 4 2 1 1 2318 3124 2316 2317
13916 4 2 1 1 3120 2247 2348 3170
13917 4 2 1 1 774 796 3171 777
13918 4 2 1 1 752 103 102 2005
13919 4 2 1 1 494 457 456 1926
13920 4 2 1 1 3136 1170 1198 2143
13921 4 2 1 1 102 771 566 2004
13922 4 2 1 1 3265 3285 2891 582
13923 4 2 1 1 2575 2828 68 106
13924 4 2 1 1 2452 3156 2612 3108
13925 4 2 1 1 2005 763 2832 566
13926 4 2 1 1 2360 1688 1683 2498
13927 4 2 1 1 3156 2494 3108 1689
13928 4 2 1 1 91 92 812 889
13929 4 2 1 1 92 2578 2852 130
13930 4 2 1 1 809 811 805 882
13931 4 2 1 1 2597 2596 1197 1172
13932 4 2 1 1 1210 2597 1197 1172
13933 4 2 1 1 2581 2582 2859 841
13934 4 2 1 1 1840 1818 2602 1798
13935 4 2 1 1 15 2835 93 224
13936 4 2 1 1 2143 2145 1197 1198
13937 4 2 1 1 2863 832 2012 2854
13938 4 2 1 1 859 2615 2616 572
13939 4 2 1 1 2010 125 840 571
13940 4 2 1 1 1819 2329 2602 2332
13941 4 2 1 1 833 821 832 2863
13942 4 2 1 1 125 8 873 570
13943 4 2 1 1 1213 1569 1554 1193
13944 4 2 1 1 463 1832 464 3159
13945 4 2 1 1 1518 1569 1194 1193
13946 4 2 1 1 1210 2145 1198 1197
13947 4 2 1 1 835 833 2704 834
13948 4 2 1 1 3286 2045 581 3265
13949 4 2 1 1 129 8 2577 873
13950 4 2 1 1 762 773 2418 775
13951 4 2 1 1 859 2617 831 842
13952 4 2 1 1 3110 3274 937 2921
13953 4 2 1 1 854 1896 1873 476
13954 4 2 1 1 2626 2135 1523 2129
13955 4 2 1 1 121 954 951 159
13956 4 2 1 1 3286 2045 2892 581
13957 4 2 1 1 3171 774 3159 2381
13958 4 2 1 1 157 243 119 3257
13959 4 2 1 1 1900 862 1903 1873
13960 4 2 1 1 2787 3128 2678 2378
13961 4 2 1 1 439 1737 3166 3167
13962 4 2 1 1 2233 2566 2199 1875
13963 4 2 1 1 3242 854 852 823
13964 4 2 1 1 709 2413 2412 3166
13965 4 2 1 1 2527 494 456 2705
13966 4 2 1 1 100 99 2511 2583
13967 4 2 1 1 8 91 569 5
13968 4 2 1 1 2232 2231 486 2199
13969 4 2 1 1 3166 2348 2350 2411
13970 4 2 1 1 436 33 36 2642
13971 4 2 1 1 874 954 877 955
13972 4 2 1 1 440 3120 33 2663
13973 4 2 1 1 2031 909 149 941
13974 4 2 1 1 3120 36 2642 2247
13975 4 2 1 1 3243 851 863 850
13976 4 2 1 1 2634 3128 456 3130
13977 4 2 1 1 444 1426 1386 1730
13978 4 2 1 1 882 135 97 885
13979 4 2 1 1 2360 1697 2319 2320
13980 4 2 1 1 840 822 2616 126
13981 4 2 1 1 843 865 841 2859
13982 4 2 1 1 158 514 159 895
13983 4 2 1 1 2251 2252 2214 3116
13984 4 2 1 1 553 147 148 2866
13985 4 2 1 1 1709 2361 2360 2588
13986 4 2 1 1 839 1189 863 1169
13987 4 2 1 1 957 874 880 955
13988 4 2 1 1 3265 3285 2585 2891
13989 4 2 1 1 877 161 123 956
13990 4 2 1 1 150 576 149 901
13991 4 2 1 1 2553 575 574 10
13992 4 2 1 1 1709 1683 2588 2360
13993 4 2 1 1 1683 1709 1690 2360
13994 4 2 1 1 2372 1273 2371 2282
13995 4 2 1 1 1551 2129 1523 1560
13996 4 2 1 1 3116 160 159 918
13997 4 2 1 1 906 271 907 1238
13998 4 2 1 1 3113 2354 934 2555
13999 4 2 1 1 3254 3260 924 896
14000 4 2 1 1 3260 924 922 3255
14001 4 2 1 1 1551 2626 1523 2129
14002 4 2 1 1 3113 510 1935 3115
14003 4 2 1 1 875 956 955 879
14004 4 2 1 1 1112 2185 2204 2607
14005 4 2 1 1 2554 900 911 2887
14006 4 2 1 1 316 3202 354 467
14007 4 2 1 1 3271 2780 3110 3274
14008 4 2 1 1 575 2563 574 10
14009 4 2 1 1 3202 316 429 467
14010 4 2 1 1 239 3161 2700 2187
14011 4 2 1 1 1234 1153 1156 1157
14012 4 2 1 1 3265 582 581 3100
14013 4 2 1 1 2211 3164 2382 2280
14014 4 2 1 1 575 2553 941 10
14015 4 2 1 1 880 876 955 878
14016 4 2 1 1 2743 2377 1803 2667
14017 4 2 1 1 1837 2608 2393 2331
14018 4 2 1 1 1236 1153 1156 1230
14019 4 2 1 1 1236 1153 1230 211
14020 4 2 1 1 891 150 901 2548
14021 4 2 1 1 902 2549 2858 2482
14022 4 2 1 1 891 2549 2548 2858
14023 4 2 1 1 1236 1153 211 1159
14024 4 2 1 1 444 1426 330 1386
14025 4 2 1 1 2460 968 163 164
14026 4 2 1 1 2493 2721 973 974
14027 4 2 1 1 198 1067 2196 197
14028 4 2 1 1 3125 2090 2536 2537
14029 4 2 1 1 3264 3109 3017 3292
14030 4 2 1 1 627 652 626 174
14031 4 2 1 1 584 2024 2775 1006
14032 4 2 1 1 624 627 626 174
14033 4 2 1 1 1236 1153 1159 1156
14034 4 2 1 1 3290 2015 180 588
14035 4 2 1 1 678 681 3064 676
14036 4 2 1 1 2538 3125 2090 2536
14037 4 2 1 1 997 1013 3188 988
14038 4 2 1 1 997 628 1010 989
14039 4 2 1 1 639 3114 640 637
14040 4 2 1 1 3187 3185 3184 3223
14041 4 2 1 1 2043 261 1241 2772
14042 4 2 1 1 3124 2674 3133 328
14043 4 2 1 1 2769 1250 1246 1252
14044 4 2 1 1 316 353 315 468
14045 4 2 1 1 1382 1401 2403 1402
14046 4 2 1 1 1401 2531 2402 2403
14047 4 2 1 1 1118 1100 769 222
14048 4 2 1 1 175 2431 2584 174
14049 4 2 1 1 2431 175 959 174
14050 4 2 1 1 2883 990 1012 1000
14051 4 2 1 1 2039 2888 3163 1003
14052 4 2 1 1 316 430 429 467
14053 4 2 1 1 1999 516 2001 478
14054 4 2 1 1 795 2675 766 2416
14055 4 2 1 1 628 997 1010 960
14056 4 2 1 1 795 759 769 2415
14057 4 2 1 1 166 980 167 2379
14058 4 2 1 1 1361 1445 284 1366
14059 4 2 1 1 964 2255 3141 167
14060 4 2 1 1 1060 1071 1059 2171
14061 4 2 1 1 2591 1077 203 2191
14062 4 2 1 1 2340 69 2228 2342
14063 4 2 1 1 1167 13 196 1090
14064 4 2 1 1 1071 1060 1048 2171
14065 4 2 1 1 187 2485 1065 2840
14066 4 2 1 1 2197 199 1041 1030
14067 4 2 1 1 759 221 769 2415
14068 4 2 1 1 2226 199 699 200
14069 4 2 1 1 2190 1042 1030 1041
14070 4 2 1 1 2190 2652 1042 1041
14071 4 2 1 1 2427 623 2428 2426
14072 4 2 1 1 723 1049 1066 715
14073 4 2 1 1 2427 2428 623 176
14074 4 2 1 1 609 3092 608 3264
14075 4 2 1 1 363 479 478 401
14076 4 2 1 1 1921 517 478 479
14077 4 2 1 1 1075 1376 1055 1412
14078 4 2 1 1 330 1444 24 292
14079 4 2 1 1 3204 1771 1730 3196
14080 4 2 1 1 2619 2639 1007 163
14081 4 2 1 1 745 749 1 4
14082 4 2 1 1 3014 675 3089 2
14083 4 2 1 1 2313 1309 2437 2613
14084 4 2 1 1 1335 2306 2308 288
14085 4 2 1 1 3201 1038 1073 1055
14086 4 2 1 1 3287 2758 535 3296
14087 4 2 1 1 479 517 478 401
14088 4 2 1 1 1280 1251 1249 2447
14089 4 2 1 1 3205 3215 3216 1052
14090 4 2 1 1 1075 1376 1056 1055
14091 4 2 1 1 1251 1280 2448 2447
14092 4 2 1 1 1088 190 1165 189
14093 4 2 1 1 260 261 530 1285
14094 4 2 1 1 517 516 478 401
14095 4 2 1 1 168 205 206 1094
14096 4 2 1 1 2228 13 2227 200
14097 4 2 1 1 1020 1016 1018 1095
14098 4 2 1 1 1921 517 479 518
14099 4 2 1 1 1018 1020 1091 1014
14100 4 2 1 1 1097 1016 1095 1093
14101 4 2 1 1 1149 94 93 220
14102 4 2 1 1 1107 232 233 3220
14103 4 2 1 1 1100 223 768 769
14104 4 2 1 1 3220 3209 3211 3213
14105 4 2 1 1 3211 110 786 757
14106 4 2 1 1 815 742 740 819
14107 4 2 1 1 109 108 71 3210
14108 4 2 1 1 92 2578 91 761
14109 4 2 1 1 2834 789 2833 2005
14110 4 2 1 1 1082 69 13 196
14111 4 2 1 1 494 457 1926 495
14112 4 2 1 1 1165 1088 1161 1164
14113 4 2 1 1 1129 1117 1139 2220
14114 4 2 1 1 2846 222 2829 2675
14115 4 2 1 1 458 2461 2602 1840
14116 4 2 1 1 2625 2146 2144 1208
14117 4 2 1 1 1101 3150 2207 1129
14118 4 2 1 1 2589 2223 2207 3150
14119 4 2 1 1 3264 3292 608 2044
14120 4 2 1 1 216 1101 1132 3138
14121 4 2 1 1 3150 2223 2207 1129
14122 4 2 1 1 253 254 1202 3137
14123 4 2 1 1 2329 1819 2602 1818
14124 4 2 1 1 3230 1122 1146 1109
14125 4 2 1 1 2864 2904 1237 2374
14126 4 2 1 1 517 1999 478 516
14127 4 2 1 1 1855 1933 489 1927
14128 4 2 1 1 1255 2729 2470 2496
14129 4 2 1 1 1580 1585 332 1502
14130 4 2 1 1 370 1580 332 369
14131 4 2 1 1 1277 1255 2470 2496
14132 4 2 1 1 1617 396 2297 2260
14133 4 2 1 1 1933 35 489 38
14134 4 2 1 1 2823 221 2415 2829
14135 4 2 1 1 1113 2204 1111 2484
14136 4 2 1 1 2846 223 222 2675
14137 4 2 1 1 228 2248 227 189
14138 4 2 1 1 897 2481 933 926
14139 4 2 1 1 1163 228 1165 190
14140 4 2 1 1 1933 35 38 460
14141 4 2 1 1 1037 188 2346 189
14142 4 2 1 1 1164 1083 1086 1087
14143 4 2 1 1 902 2481 2858 926
14144 4 2 1 1 1855 451 489 35
14145 4 2 1 1 227 1126 1106 2830
14146 4 2 1 1 3212 1127 3213 232
14147 4 2 1 1 3231 1123 1447 1483
14148 4 2 1 1 1529 1885 1528 1517
14149 4 2 1 1 7 10 574 115
14150 4 2 1 1 1849 1855 489 1927
14151 4 2 1 1 370 254 332 3137
14152 4 2 1 1 2541 2401 2540 3134
14153 4 2 1 1 3230 3228 3236 3232
14154 4 2 1 1 3134 2685 2541 1537
14155 4 2 1 1 609 3092 3264 65
14156 4 2 1 1 2791 2380 3151 2800
14157 4 2 1 1 2267 1177 2264 2266
14158 4 2 1 1 1849 451 489 1855
14159 4 2 1 1 2023 1676 2777 2877
14160 4 2 1 1 704 725 724 3173
14161 4 2 1 1 3206 3205 3203 3204
14162 4 2 1 1 2520 1658 1676 2877
14163 4 2 1 1 2912 1250 1249 1237
14164 4 2 1 1 1658 2520 2504 2877
14165 4 2 1 1 649 3219 665 2525
14166 4 2 1 1 2912 1249 2374 1237
14167 4 2 1 1 2973 2938 501 500
14168 4 2 1 1 249 212 2184 211
14169 4 2 1 1 1966 2973 501 500
14170 4 2 1 1 1218 1178 1206 825
14171 4 2 1 1 1241 2772 1285 1252
14172 4 2 1 1 3143 2618 1534 2108
14173 4 2 1 1 825 1218 117 248
14174 4 2 1 1 2266 2273 2268 1205
14175 4 2 1 1 2695 117 17 248
14176 4 2 1 1 2402 2322 1382 2403
14177 4 2 1 1 2974 2938 500 1993
14178 4 2 1 1 2695 17 2268 248
14179 4 2 1 1 282 117 20 155
14180 4 2 1 1 1299 1225 1305 1302
14181 4 2 1 1 241 280 279 3248
14182 4 2 1 1 282 117 155 156
14183 4 2 1 1 3288 2026 2770 527
14184 4 2 1 1 836 2274 248 2386
14185 4 2 1 1 1273 2270 1289 273
14186 4 2 1 1 282 118 244 117
14187 4 2 1 1 2017 1246 1285 1252
14188 4 2 1 1 2967 2956 1290 2948
14189 4 2 1 1 1993 2974 1989 500
14190 4 2 1 1 2043 1266 1279 1241
14191 4 2 1 1 1291 1295 1294 3002
14192 4 2 1 1 3112 264 2957 1270
14193 4 2 1 1 1262 1639 1263 1282
14194 4 2 1 1 2910 1253 1252 1241
14195 4 2 1 1 3022 3289 3104 597
14196 4 2 1 1 598 3022 597 3263
14197 4 2 1 1 2373 1244 1280 2448
14198 4 2 1 1 556 646 2543 2048
14199 4 2 1 1 935 1257 908 1238
14200 4 2 1 1 1291 260 1295 2930
14201 4 2 1 1 17 117 20 244
14202 4 2 1 1 620 663 2547 647
14203 4 2 1 1 3228 3235 3236 3233
14204 4 2 1 1 1240 3176 1261 1260
14205 4 2 1 1 2768 260 1246 259
14206 4 2 1 1 3228 3234 3236 3232
14207 4 2 1 1 459 2461 1840 2326
14208 4 2 1 1 1136 1112 2194 1099
14209 4 2 1 1 2960 268 1292 1297
14210 4 2 1 1 35 3172 38 2235
14211 4 2 1 1 2383 2384 2451 3148
14212 4 2 1 1 1843 2237 2235 2558
14213 4 2 1 1 389 3259 3253 3258
14214 4 2 1 1 1288 917 1256 1272
14215 4 2 1 1 3254 3257 281 157
14216 4 2 1 1 957 880 119 156
14217 4 2 1 1 1255 2879 2496 1279
14218 4 2 1 1 1283 1243 2470 2730
14219 4 2 1 1 1243 276 2731 1264
14220 4 2 1 1 971 165 2723 963
14221 4 2 1 1 268 2960 1292 267
14222 4 2 1 1 1244 275 1264 2449
14223 4 2 1 1 1984 1969 2213 2569
14224 4 2 1 1 2017 260 1285 1246
14225 4 2 1 1 37 484 2214 522
14226 4 2 1 1 492 1567 378 1552
14227 4 2 1 1 3234 3232 218 3236
14228 4 2 1 1 1265 3248 280 3253
14229 4 2 1 1 2959 2960 1292 1297
14230 4 2 1 1 3186 1673 1344 1307
14231 4 2 1 1 1272 935 1256 1257
14232 4 2 1 1 1272 917 896 156
14233 4 2 1 1 2637 1520 2293 1533
14234 4 2 1 1 2312 3124 328 2674
14235 4 2 1 1 1331 2321 1336 2308
14236 4 2 1 1 1673 1675 1307 1674
14237 4 2 1 1 138 2580 872 856
14238 4 2 1 1 1698 1675 1674 1307
14239 4 2 1 1 1328 3108 1329 1326
14240 4 2 1 1 810 99 137 885
14241 4 2 1 1 1327 2321 2614 2613
14242 4 2 1 1 1698 1345 1675 1307
14243 4 2 1 1 1343 1698 1674 1307
14244 4 2 1 1 1698 1343 1345 1307
14245 4 2 1 1 1306 294 3189 295
14246 4 2 1 1 166 2592 2734 2605
14247 4 2 1 1 1045 2181 2176 1044
14248 4 2 1 1 2181 1045 2176 2591
14249 4 2 1 1 3289 1340 303 596
14250 4 2 1 1 1046 1045 2176 1044
14251 4 2 1 1 2459 457 1798 1835
14252 4 2 1 1 301 2025 2825 594
14253 4 2 1 1 2115 1547 2689 2126
14254 4 2 1 1 1687 1359 1345 1315
14255 4 2 1 1 3263 304 1312 1338
14256 4 2 1 1 3156 2314 2315 2316
14257 4 2 1 1 446 1728 3133 2396
14258 4 2 1 1 443 3194 3193 405
14259 4 2 1 1 3124 446 445 3133
14260 4 2 1 1 330 444 329 291
14261 4 2 1 1 2538 3125 1417 3127
14262 4 2 1 1 1395 2150 1393 2369
14263 4 2 1 1 1112 1111 2205 1099
14264 4 2 1 1 1111 2204 2205 2341
14265 4 2 1 1 2369 2153 2462 1395
14266 4 2 1 1 3062 3068 1373 3074
14267 4 2 1 1 2321 1331 1336 1327
14268 4 2 1 1 484 483 522 1920
14269 4 2 1 1 253 2201 215 2624
14270 4 2 1 1 1173 3137 1202 254
14271 4 2 1 1 3138 215 2206 3137
14272 4 2 1 1 3073 1371 306 1373
14273 4 2 1 1 2936 1991 502 1993
14274 4 2 1 1 2307 1335 2279 2306
14275 4 2 1 1 400 1649 1652 1571
14276 4 2 1 1 1394 1056 1072 1061
14277 4 2 1 1 326 2681 1400 1378
14278 4 2 1 1 287 1335 288 2306
14279 4 2 1 1 1576 1650 393 1572
14280 4 2 1 1 2534 1378 2532 325
14281 4 2 1 1 2534 1397 1378 325
14282 4 2 1 1 1390 2369 1397 1395
14283 4 2 1 1 2380 2335 3151 2800
14284 4 2 1 1 2604 3157 2287 3144
14285 4 2 1 1 2157 1409 1421 1380
14286 4 2 1 1 327 289 1439 328
14287 4 2 1 1 2250 1969 2213 522
14288 4 2 1 1 3157 1866 3144 1898
14289 4 2 1 1 3263 304 1338 3029
14290 4 2 1 1 1533 1532 1520 2293
14291 4 2 1 1 2212 2250 2213 522
14292 4 2 1 1 3215 319 318 3214
14293 4 2 1 1 3158 2364 2646 2502
14294 4 2 1 1 2646 3155 2645 2364
14295 4 2 1 1 484 2212 522 483
14296 4 2 1 1 2294 2364 2645 3155
14297 4 2 1 1 1420 1422 1396 2148
14298 4 2 1 1 2646 3155 2364 3158
14299 4 2 1 1 2294 2291 3155 2645
14300 4 2 1 1 2475 1592 2656 2671
14301 4 2 1 1 2212 521 522 483
14302 4 2 1 1 1632 3158 1601 1604
14303 4 2 1 1 3022 598 3028 3263
14304 4 2 1 1 1379 2739 1418 1417
14305 4 2 1 1 325 287 1446 288
14306 4 2 1 1 521 1969 2250 522
14307 4 2 1 1 2285 1379 1418 1410
14308 4 2 1 1 3198 3197 296 1356
14309 4 2 1 1 632 989 630 3192
14310 4 2 1 1 1511 311 1433 1516
14311 4 2 1 1 2222 348 2654 310
14312 4 2 1 1 2159 1409 1380 310
14313 4 2 1 1 309 308 3168 346
14314 4 2 1 1 1616 1592 2671 398
14315 4 2 1 1 1431 314 1509 313
14316 4 2 1 1 1592 1616 2671 1615
14317 4 2 1 1 1340 2479 1350 2748
14318 4 2 1 1 245 246 838 2407
14319 4 2 1 1 1449 1478 336 2665
14320 4 2 1 1 770 782 794 1120
14321 4 2 1 1 304 3289 3104 3022
14322 4 2 1 1 1448 1459 1458 1836
14323 4 2 1 1 311 348 1511 310
14324 4 2 1 1 2212 521 2250 522
14325 4 2 1 1 2669 2464 2733 1179
14326 4 2 1 1 2647 1470 1468 1473
14327 4 2 1 1 2633 2632 3140 2352
14328 4 2 1 1 1234 1153 1157 212
14329 4 2 1 1 1522 2112 1545 2107
14330 4 2 1 1 1506 1580 1502 1505
14331 4 2 1 1 1507 1581 372 1503
14332 4 2 1 1 1585 1580 1505 1502
14333 4 2 1 1 1220 2773 2733 1179
14334 4 2 1 1 1220 2195 1204 2733
14335 4 2 1 1 1111 1110 2341 2205
14336 4 2 1 1 1801 3154 3152 1481
14337 4 2 1 1 1782 430 1861 1784
14338 4 2 1 1 1708 1316 1344 1358
14339 4 2 1 1 3211 467 1802 3213
14340 4 2 1 1 1780 1861 428 1784
14341 4 2 1 1 2089 2072 1754 2679
14342 4 2 1 1 1459 1481 1458 1836
14343 4 2 1 1 1111 1099 1110 2205
14344 4 2 1 1 1751 1734 2070 1769
14345 4 2 1 1 3271 3274 3110 2921
14346 4 2 1 1 198 2277 2224 696
14347 4 2 1 1 3159 2418 2381 774
14348 4 2 1 1 1691 1316 1358 1333
14349 4 2 1 1 1185 1195 2154 1175
14350 4 2 1 1 316 353 354 1512
14351 4 2 1 1 2166 1185 2151 2154
14352 4 2 1 1 1470 1474 1473 2647
14353 4 2 1 1 3159 2418 774 775
14354 4 2 1 1 1449 2784 1473 1477
14355 4 2 1 1 3150 1456 1472 1132
14356 4 2 1 1 2325 1453 2351 1468
14357 4 2 1 1 2406 2647 1476 1473
14358 4 2 1 1 2056 89 2701 51
14359 4 2 1 1 2257 2717 2781 335
14360 4 2 1 1 4 2020 560 731
14361 4 2 1 1 2056 89 51 3146
14362 4 2 1 1 3200 1753 1425 1414
14363 4 2 1 1 26 23 354 1436
14364 4 2 1 1 1104 1479 1455 1500
14365 4 2 1 1 1199 1544 1556 3135
14366 4 2 1 1 1199 1544 3135 1207
14367 4 2 1 1 1419 1421 2161 1391
14368 4 2 1 1 2611 1383 2610 2535
14369 4 2 1 1 1613 1631 1611 2755
14370 4 2 1 1 1140 1123 1483 1499
14371 4 2 1 1 1173 3137 254 370
14372 4 2 1 1 1383 1390 2610 2535
14373 4 2 1 1 198 2277 2225 2224
14374 4 2 1 1 1364 1441 1446 1443
14375 4 2 1 1 334 2405 2781 2631
14376 4 2 1 1 1757 1429 3125 3127
14377 4 2 1 1 2630 1521 2401 2725
14378 4 2 1 1 2819 1036 2208 190
14379 4 2 1 1 1453 2630 2405 334
14380 4 2 1 1 1199 1544 1207 1194
14381 4 2 1 1 373 1547 2689 1546
14382 4 2 1 1 2296 2641 1591 2249
14383 4 2 1 1 3290 2015 588 2761
14384 4 2 1 1 2 660 555 53
14385 4 2 1 1 2899 660 555 2
14386 4 2 1 1 1373 297 3068 1369
14387 4 2 1 1 2108 1550 1534 1524
14388 4 2 1 1 565 804 2832 2033
14389 4 2 1 1 3234 25 28 369
14390 4 2 1 1 1552 1562 1524 3129
14391 4 2 1 1 372 334 335 2781
14392 4 2 1 1 963 165 2723 2734
14393 4 2 1 1 2125 1539 1538 2686
14394 4 2 1 1 2593 1034 1059 2605
14395 4 2 1 1 2200 1591 2211 2249
14396 4 2 1 1 1558 2644 1550 1534
14397 4 2 1 1 1004 1321 1319 3142
14398 4 2 1 1 103 567 2004 566
14399 4 2 1 1 102 103 2004 566
14400 4 2 1 1 366 1554 3241 3251
14401 4 2 1 1 2363 972 2723 963
14402 4 2 1 1 215 2206 3137 2624
14403 4 2 1 1 1342 1005 1314 1319
14404 4 2 1 1 1884 3238 3244 1528
14405 4 2 1 1 1757 1429 3127 1387
14406 4 2 1 1 257 3245 827 1203
14407 4 2 1 1 298 3062 3054 1369
14408 4 2 1 1 2539 3126 2537 3125
14409 4 2 1 1 2745 1765 1760 1777
14410 4 2 1 1 1772 448 2598 1729
14411 4 2 1 1 1196 1525 1554 1213
14412 4 2 1 1 1525 1569 1554 1213
14413 4 2 1 1 2260 1591 2200 2249
14414 4 2 1 1 3136 1523 1559 1549
14415 4 2 1 1 1606 2211 3164 395
14416 4 2 1 1 1591 2211 2249 2280
14417 4 2 1 1 2539 3126 3125 1758
14418 4 2 1 1 1966 3175 3174 2939
14419 4 2 1 1 2966 1647 3001 2965
14420 4 2 1 1 3158 1599 1601 1600
14421 4 2 1 1 3125 1756 2539 1758
14422 4 2 1 1 540 2036 1627 385
14423 4 2 1 1 1647 1643 1645 2979
14424 4 2 1 1 3287 2999 2997 2923
14425 4 2 1 1 1629 1610 2865 3122
14426 4 2 1 1 2757 1630 1593 2037
14427 4 2 1 1 1602 1978 3111 3158
14428 4 2 1 1 2486 2475 1615 1605
14429 4 2 1 1 2754 1621 2862 2037
14430 4 2 1 1 1063 1033 1384 207
14431 4 2 1 1 1621 382 2037 2754
14432 4 2 1 1 3257 3250 1215 3243
14433 4 2 1 1 360 399 398 2708
14434 4 2 1 1 2016 1699 2915 1685
14435 4 2 1 1 348 2222 1490 1451
14436 4 2 1 1 1598 3259 1938 1637
14437 4 2 1 1 1451 1488 2782 1490
14438 4 2 1 1 150 151 2550 577
14439 4 2 1 1 348 2222 2654 1490
14440 4 2 1 1 322 321 207 1384
14441 4 2 1 1 1637 3246 402 30
14442 4 2 1 1 3176 3180 3178 3177
14443 4 2 1 1 1757 1429 1387 1415
14444 4 2 1 1 299 298 1374 3061
14445 4 2 1 1 3176 392 1635 1623
14446 4 2 1 1 1596 265 1240 1270
14447 4 2 1 1 2978 1646 1645 2966
14448 4 2 1 1 1621 382 1593 2037
14449 4 2 1 1 2862 2455 1611 2898
14450 4 2 1 1 1063 322 207 1384
14451 4 2 1 1 2978 1646 2972 2977
14452 4 2 1 1 576 150 2550 577
14453 4 2 1 1 1757 1429 1415 3125
14454 4 2 1 1 656 3183 1700 3184
14455 4 2 1 1 3199 1411 1424 317
14456 4 2 1 1 1678 2490 2491 2390
14457 4 2 1 1 2866 2901 2051 940
14458 4 2 1 1 2296 1617 2297 2260
14459 4 2 1 1 2534 1397 1395 1378
14460 4 2 1 1 2023 2777 1676 1706
14461 4 2 1 1 3114 639 1668 1657
14462 4 2 1 1 3149 1104 1133 1138
14463 4 2 1 1 1701 1679 1682 2500
14464 4 2 1 1 602 601 423 3020
14465 4 2 1 1 1658 2504 1677 2877
14466 4 2 1 1 3186 1673 1674 1671
14467 4 2 1 1 2335 2472 1105 2473
14468 4 2 1 1 1687 1359 1315 3121
14469 4 2 1 1 1698 1687 1675 1345
14470 4 2 1 1 928 2550 577 2051
14471 4 2 1 1 1679 2500 2389 1681
14472 4 2 1 1 1796 462 2239 2242
14473 4 2 1 1 760 2719 2811 796
14474 4 2 1 1 2893 2915 1699 1682
14475 4 2 1 1 3171 780 760 3170
14476 4 2 1 1 1328 3108 1326 2452
14477 4 2 1 1 3108 1359 1348 1329
14478 4 2 1 1 796 760 787 2811
14479 4 2 1 1 43 2797 659 2822
14480 4 2 1 1 1665 2882 1701 2915
14481 4 2 1 1 1695 1658 2504 1678
14482 4 2 1 1 620 43 659 2822
14483 4 2 1 1 1680 2388 2390 1702
14484 4 2 1 1 2534 2369 1395 1397
14485 4 2 1 1 611 55 2543 647
14486 4 2 1 1 2866 928 2051 2554
14487 4 2 1 1 752 789 2833 765
14488 4 2 1 1 1673 1708 1344 1358
14489 4 2 1 1 3108 1326 1333 1329
14490 4 2 1 1 789 752 2833 2005
14491 4 2 1 1 1711 441 1788 1717
14492 4 2 1 1 1404 1402 3125 1405
14493 4 2 1 1 2200 1591 396 395
14494 4 2 1 1 1721 3107 422 421
14495 4 2 1 1 912 913 2887 911
14496 4 2 1 1 2554 2555 2887 911
14497 4 2 1 1 1781 1863 1783 1858
14498 4 2 1 1 1800 1823 2789 471
14499 4 2 1 1 473 474 2397 435
14500 4 2 1 1 151 928 890 2550
14501 4 2 1 1 436 2398 2397 1762
14502 4 2 1 1 2398 436 1776 1762
14503 4 2 1 1 1745 2816 1776 1762
14504 4 2 1 1 2663 2816 1776 1745
14505 4 2 1 1 1734 2809 435 2802
14506 4 2 1 1 3127 2076 2077 2075
14507 4 2 1 1 2662 440 3166 439
14508 4 2 1 1 870 858 2855 128
14509 4 2 1 1 3214 3200 1743 1770
14510 4 2 1 1 2732 3133 3126 1728
14511 4 2 1 1 573 870 2855 128
14512 4 2 1 1 858 572 2854 2855
14513 4 2 1 1 858 821 2510 2854
14514 4 2 1 1 2397 436 1762 435
14515 4 2 1 1 2551 890 2554 2550
14516 4 2 1 1 2827 3167 439 2662
14517 4 2 1 1 910 2555 2551 2554
14518 4 2 1 1 426 425 604 1692
14519 4 2 1 1 472 2794 2789 471
14520 4 2 1 1 3201 3202 3210 3212
14521 4 2 1 1 1742 1730 3204 1741
14522 4 2 1 1 3290 3275 589 3087
14523 4 2 1 1 3200 3215 3214 319
14524 4 2 1 1 2061 3160 3146 34
14525 4 2 1 1 2061 3160 34 2062
14526 4 2 1 1 34 437 1774 2062
14527 4 2 1 1 2038 2503 2777 1692
14528 4 2 1 1 437 34 3160 2062
14529 4 2 1 1 1729 2529 2092 1765
14530 4 2 1 1 2536 2404 2403 1402
14531 4 2 1 1 1025 3052 3096 3063
14532 4 2 1 1 961 3101 3023 181
14533 4 2 1 1 1800 2795 1824 2796
14534 4 2 1 1 1801 3154 469 1824
14535 4 2 1 1 1004 1321 3142 3163
14536 4 2 1 1 1005 965 1342 1314
14537 4 2 1 1 397 1656 398 1578
14538 4 2 1 1 397 360 359 1578
14539 4 2 1 1 1631 2903 1589 2008
14540 4 2 1 1 2424 623 2426 2425
14541 4 2 1 1 66 2 610 3089
14542 4 2 1 1 3153 2488 2487 2790
14543 4 2 1 1 1459 1448 1813 1836
14544 4 2 1 1 2240 1805 2326 2558
14545 4 2 1 1 1631 1618 1589 2903
14546 4 2 1 1 2559 459 497 460
14547 4 2 1 1 762 2511 2418 2818
14548 4 2 1 1 2903 2753 1589 2008
14549 4 2 1 1 1804 755 1842 1832
14550 4 2 1 1 1382 1403 1402 2404
14551 4 2 1 1 3148 1610 3122 2385
14552 4 2 1 1 1815 2241 1814 1796
14553 4 2 1 1 2328 2329 2327 1817
14554 4 2 1 1 1816 2241 1815 1796
14555 4 2 1 1 2536 3125 3126 1402
14556 4 2 1 1 2333 1830 2244 1844
14557 4 2 1 1 2333 474 1830 1844
14558 4 2 1 1 1618 2753 1589 2903
14559 4 2 1 1 2385 2906 2865 3122
14560 4 2 1 1 2496 1277 2451 2470
14561 4 2 1 1 66 3025 3089 610
14562 4 2 1 1 1866 1898 1908 3144
14563 4 2 1 1 66 609 3025 610
14564 4 2 1 1 2200 1591 395 2211
14565 4 2 1 1 2796 432 3131 470
14566 4 2 1 1 1907 1555 1527 1870
14567 4 2 1 1 146 2981 2962 2921
14568 4 2 1 1 2134 1877 2133 2131
14569 4 2 1 1 829 846 849 3118
14570 4 2 1 1 913 2780 2046 937
14571 4 2 1 1 1915 2120 1880 2603
14572 4 2 1 1 2963 39 1982 2983
14573 4 2 1 1 3234 3244 3233 3236
14574 4 2 1 1 2131 1878 2127 1879
14575 4 2 1 1 2739 2538 2536 1417
14576 4 2 1 1 2739 2538 1417 2735
14577 4 2 1 1 1240 2944 265 2971
14578 4 2 1 1 1646 2978 1644 2977
14579 4 2 1 1 485 2199 486 1875
14580 4 2 1 1 1602 1978 3158 1600
14581 4 2 1 1 1927 1931 1853 1930
14582 4 2 1 1 1852 1849 1853 1930
14583 4 2 1 1 2861 3291 3267 3111
14584 4 2 1 1 2740 2741 1967 1941
14585 4 2 1 1 2724 2137 482 2742
14586 4 2 1 1 3291 2502 2868 1590
14587 4 2 1 1 2742 520 482 519
14588 4 2 1 1 2567 2131 1910 2134
14589 4 2 1 1 40 37 2214 522
14590 4 2 1 1 2131 1874 1910 2134
14591 4 2 1 1 2941 3176 2943 3178
14592 4 2 1 1 1867 1910 2137 1879
14593 4 2 1 1 3176 1284 2943 3178
14594 4 2 1 1 1915 2724 1904 2480
14595 4 2 1 1 2120 1882 1880 1881
14596 4 2 1 1 1886 3249 1887 3238
14597 4 2 1 1 2944 265 2948 266
14598 4 2 1 1 3246 478 364 1566
14599 4 2 1 1 480 3157 479 1866
14600 4 2 1 1 1056 1054 1428 1072
14601 4 2 1 1 518 1918 480 1921
14602 4 2 1 1 3175 2941 2939 2942
14603 4 2 1 1 2559 1899 2560 2376
14604 4 2 1 1 2200 2626 358 2260
14605 4 2 1 1 1871 2703 1899 1909
14606 4 2 1 1 2251 2252 3116 2301
14607 4 2 1 1 943 144 145 2952
14608 4 2 1 1 396 2200 358 2260
14609 4 2 1 1 1988 1992 1991 2976
14610 4 2 1 1 3175 144 2942 2973
14611 4 2 1 1 2992 546 2924 505
14612 4 2 1 1 1988 3011 2976 1991
14613 4 2 1 1 3175 3176 3177 3174
14614 4 2 1 1 1991 2936 2976 2954
14615 4 2 1 1 3180 1262 3258 1588
14616 4 2 1 1 649 3219 2525 2526
14617 4 2 1 1 1973 920 3181 1987
14618 4 2 1 1 1625 1977 1956 1976
14619 4 2 1 1 1587 1625 3177 391
14620 4 2 1 1 578 2901 940 2051
14621 4 2 1 1 932 921 1258 908
14622 4 2 1 1 1951 2740 2746 2456
14623 4 2 1 1 2740 1948 1951 2746
14624 4 2 1 1 382 1647 381 3001
14625 4 2 1 1 3206 3205 3204 3214
14626 4 2 1 1 381 2923 2995 2965
14627 4 2 1 1 1647 1643 2979 3001
14628 4 2 1 1 1286 272 2770 3288
14629 4 2 1 1 648 2049 2848 621
14630 4 2 1 1 2746 1951 2456 1950
14631 4 2 1 1 299 298 3095 1352
14632 4 2 1 1 1991 2934 3011 2976
14633 4 2 1 1 2944 265 2949 2948
14634 4 2 1 1 892 3175 2942 3178
14635 4 2 1 1 1636 1940 3174 2937
14636 4 2 1 1 1636 2937 3174 2940
14637 4 2 1 1 2049 2849 2848 621
14638 4 2 1 1 289 1360 1446 1439
14639 4 2 1 1 1991 2934 2936 503
14640 4 2 1 1 3181 3179 3255 3177
14641 4 2 1 1 1973 916 1961 3181
14642 4 2 1 1 1597 1978 1600 1977
14643 4 2 1 1 2137 2127 1880 1879
14644 4 2 1 1 1942 936 1986 1971
14645 4 2 1 1 2260 2200 1591 396
14646 4 2 1 1 1991 2934 503 3011
14647 4 2 1 1 481 1867 482 2724
14648 4 2 1 1 520 1924 519 2002
14649 4 2 1 1 272 2890 2987 905
14650 4 2 1 1 2985 272 2922 2987
14651 4 2 1 1 719 692 2843 2513
14652 4 2 1 1 709 2513 734 2512
14653 4 2 1 1 3 564 6 76
14654 4 2 1 1 565 803 101 6
14655 4 2 1 1 272 2985 1287 2987
14656 4 2 1 1 388 2977 1644 387
14657 4 2 1 1 760 2813 787 2811
14658 4 2 1 1 3116 2301 2323 3115
14659 4 2 1 1 1364 1445 1441 1443
14660 4 2 1 1 1360 289 1446 1367
14661 4 2 1 1 1643 1645 2979 1648
14662 4 2 1 1 538 539 383 2998
14663 4 2 1 1 2555 910 912 911
14664 4 2 1 1 1631 2754 2008 1589
14665 4 2 1 1 553 554 148 2929
14666 4 2 1 1 1647 381 3001 2965
14667 4 2 1 1 382 381 2995 3001
14668 4 2 1 1 1648 3006 2979 2919
14669 4 2 1 1 2740 1948 2746 2450
14670 4 2 1 1 287 1441 325 1446
14671 4 2 1 1 1970 3113 511 1935
14672 4 2 1 1 2740 2356 1967 2741
14673 4 2 1 1 2974 2954 1989 2975
14674 4 2 1 1 2028 2054 622 2053
14675 4 2 1 1 2982 1992 2975 1990
14676 4 2 1 1 2 2900 658 555
14677 4 2 1 1 1364 1367 1446 1362
14678 4 2 1 1 627 2747 2643 2429
14679 4 2 1 1 671 749 669 51
14680 4 2 1 1 2827 1727 2676 1745
14681 4 2 1 1 1746 2676 2066 1747
14682 4 2 1 1 2916 2982 2975 1990
14683 4 2 1 1 2064 2065 2066 1736
14684 4 2 1 1 1764 2094 1727 2676
14685 4 2 1 1 1360 328 1439 289
14686 4 2 1 1 1727 2094 2827 2676
14687 4 2 1 1 353 3154 352 3131
14688 4 2 1 1 1782 430 431 468
14689 4 2 1 1 3131 2079 3127 2077
14690 4 2 1 1 1360 328 289 290
14691 4 2 1 1 1408 3131 2079 3127
14692 4 2 1 1 2016 3277 423 601
14693 4 2 1 1 421 422 1686 3016
14694 4 2 1 1 316 353 1512 315
14695 4 2 1 1 2905 1947 2711 2499
14696 4 2 1 1 230 1133 229 3151
14697 4 2 1 1 312 2087 350 2438
14698 4 2 1 1 1379 2285 2086 1410
14699 4 2 1 1 1438 312 313 1516
14700 4 2 1 1 1895 1915 2480 2683
14701 4 2 1 1 3153 1464 1461 3152
14702 4 2 1 1 1450 2100 2102 337
14703 4 2 1 1 3153 2790 2203 2660
14704 4 2 1 1 2100 2098 1450 2099
14705 4 2 1 1 3152 1460 1461 3153
14706 4 2 1 1 2787 2790 2203 3153
14707 4 2 1 1 2487 2366 1835 2634
14708 4 2 1 1 2787 3128 2378 2634
14709 4 2 1 1 2111 1869 2118 2705
14710 4 2 1 1 2102 337 2100 2103
14711 4 2 1 1 374 1522 1546 2107
14712 4 2 1 1 2944 265 2971 2949
14713 4 2 1 1 3277 3016 3086 600
14714 4 2 1 1 340 1584 1582 378
14715 4 2 1 1 1450 2102 2678 338
14716 4 2 1 1 674 3042 63 62
14717 4 2 1 1 62 63 645 3049
14718 4 2 1 1 1140 1130 1125 1472
14719 4 2 1 1 2530 2119 1897 1869
14720 4 2 1 1 1871 1881 2121 1909
14721 4 2 1 1 1878 1909 2128 2121
14722 4 2 1 1 496 1871 1897 2122
14723 4 2 1 1 2703 1871 2121 1909
14724 4 2 1 1 3069 62 645 3049
14725 4 2 1 1 1559 2130 1560 1523
14726 4 2 1 1 2129 1561 1560 1551
14727 4 2 1 1 418 3070 3049 417
14728 4 2 1 1 1559 2685 1540 1539
14729 4 2 1 1 2685 1559 2130 1539
14730 4 2 1 1 418 3069 645 3049
14731 4 2 1 1 2044 2525 643 3219
14732 4 2 1 1 3150 1130 1472 3149
14733 4 2 1 1 1174 2625 2624 1202
14734 4 2 1 1 1471 3150 1472 3149
14735 4 2 1 1 2541 1536 2401 3134
14736 4 2 1 1 971 972 963 2723
14737 4 2 1 1 2358 2357 1612 2297
14738 4 2 1 1 3040 3044 3045 183
14739 4 2 1 1 1012 2883 975 2469
14740 4 2 1 1 276 238 237 1303
14741 4 2 1 1 297 22 3068 3067
14742 4 2 1 1 675 678 681 3064
14743 4 2 1 1 2542 2265 236 237
14744 4 2 1 1 2542 1244 2449 275
14745 4 2 1 1 3014 675 681 3064
14746 4 2 1 1 1244 2542 2449 2373
14747 4 2 1 1 3169 2164 3145 2162
14748 4 2 1 1 2897 2525 643 2044
14749 4 2 1 1 59 3047 3066 3076
14750 4 2 1 1 2182 2163 2610 1389
14751 4 2 1 1 997 628 655 654
14752 4 2 1 1 2165 3168 2693 2399
14753 4 2 1 1 1144 1104 1485 1138
14754 4 2 1 1 3066 1008 618 3083
14755 4 2 1 1 1375 3015 3094 3075
14756 4 2 1 1 1375 3102 3015 3075
14757 4 2 1 1 179 990 2766 966
14758 4 2 1 1 2910 1279 1241 2043
14759 4 2 1 1 1375 3102 3075 1372
14760 4 2 1 1 1375 3102 1372 1368
14761 4 2 1 1 421 3121 3016 1686
14762 4 2 1 1 15 1159 18 211
14763 4 2 1 1 3121 1686 2041 3294
14764 4 2 1 1 3121 3029 3016 3028
14765 4 2 1 1 1662 2041 3277 2767
14766 4 2 1 1 54 646 611 2543
14767 4 2 1 1 3277 422 3086 3016
14768 4 2 1 1 1068 686 733 1040
14769 4 2 1 1 697 2277 2284 2225
14770 4 2 1 1 2263 1182 1180 1181
14771 4 2 1 1 2223 1129 1139 2220
14772 4 2 1 1 1283 1243 2730 1264
14773 4 2 1 1 587 179 2766 966
14774 4 2 1 1 2156 2201 2178 214
14775 4 2 1 1 213 1234 214 1157
14776 4 2 1 1 1027 3013 3090 3063
14777 4 2 1 1 580 3286 581 3024
14778 4 2 1 1 3091 300 593 3027
14779 4 2 1 1 62 3046 3041 680
14780 4 2 1 1 1273 2372 1248 2282
14781 4 2 1 1 3142 2633 3140 2352
14782 4 2 1 1 1339 2278 2230 2229
14783 4 2 1 1 1683 2498 1699 2893
14784 4 2 1 1 2374 2565 1248 2282
14785 4 2 1 1 2321 2479 2474 1330
14786 4 2 1 1 2219 2230 1339 286
14787 4 2 1 1 58 642 3286 3024
14788 4 2 1 1 475 3116 159 513
14789 4 2 1 1 1833 3159 463 464
14790 4 2 1 1 843 865 2859 3119
14791 4 2 1 1 1833 2240 1796 2239
14792 4 2 1 1 1833 2237 2240 2239
14793 4 2 1 1 773 762 2418 2818
14794 4 2 1 1 3215 3214 3216 3200
14795 4 2 1 1 909 2552 2031 2551
14796 4 2 1 1 484 2212 2213 522
14797 4 2 1 1 844 3132 845 843
14798 4 2 1 1 2993 41 9 2918
14799 4 2 1 1 2696 37 1913 2214
14800 4 2 1 1 2251 1984 2214 2213
14801 4 2 1 1 1632 1959 1622 1599
14802 4 2 1 1 1622 1959 1955 1599
14803 4 2 1 1 1583 1504 1501 1505
14804 4 2 1 1 238 2596 2713 2731
14805 4 2 1 1 3047 3046 3064 676
14806 4 2 1 1 2487 3130 1797 3153
14807 4 2 1 1 1244 2449 1264 2448
14808 4 2 1 1 212 2179 2184 2180
14809 4 2 1 1 1185 1211 2154 1182
14810 4 2 1 1 2203 1450 2099 2678
14811 4 2 1 1 1632 1959 1599 3158
14812 4 2 1 1 2483 2853 857 2852
14813 4 2 1 1 2269 2695 17 2268
14814 4 2 1 1 249 212 211 1230
14815 4 2 1 1 828 2408 2407 2283
14816 4 2 1 1 835 837 247 838
14817 4 2 1 1 1926 1929 456 494
14818 4 2 1 1 1248 2565 2271 2282
14819 4 2 1 1 1929 494 493 456
14820 4 2 1 1 2563 2564 2022 153
14821 4 2 1 1 210 11 14 83
14822 4 2 1 1 667 751 670 745
14823 4 2 1 1 1095 1021 1018 1015
14824 4 2 1 1 2196 2706 2225 197
14825 4 2 1 1 1835 2527 456 2634
14826 4 2 1 1 2798 690 2409 2423
14827 4 2 1 1 686 1068 1080 1040
14828 4 2 1 1 285 1445 323 324
14829 4 2 1 1 206 322 3141 284
14830 4 2 1 1 2486 2475 1605 2657
14831 4 2 1 1 3200 3214 3216 3206
14832 4 2 1 1 206 3139 3141 322
14833 4 2 1 1 2792 3153 2660 2790
14834 4 2 1 1 2657 1628 1604 2359
14835 4 2 1 1 2618 2644 1534 2108
14836 4 2 1 1 2501 2871 1605 2657
14837 4 2 1 1 2792 3153 2790 2488
14838 4 2 1 1 2375 3157 2292 2604
14839 4 2 1 1 475 159 3116 160
14840 4 2 1 1 2659 3154 3152 2792
14841 4 2 1 1 2795 3152 2488 1826
14842 4 2 1 1 1309 2310 1336 2613
14843 4 2 1 1 3185 965 3040 3067
14844 4 2 1 1 2309 2306 2532 288
14845 4 2 1 1 288 1335 1336 2308
14846 4 2 1 1 1759 3125 1758 1744
14847 4 2 1 1 1766 3126 1728 1759
14848 4 2 1 1 1752 1760 1777 2745
14849 4 2 1 1 1756 2090 2539 2075
14850 4 2 1 1 1386 329 3133 1403
14851 4 2 1 1 3124 329 3133 445
14852 4 2 1 1 2743 2394 1803 472
14853 4 2 1 1 1492 1464 3152 1461
14854 4 2 1 1 1583 1581 1505 1586
14855 4 2 1 1 1819 2329 2332 2331
14856 4 2 1 1 2655 2823 2829 1110
14857 4 2 1 1 2926 386 2933 1633
14858 4 2 1 1 2655 1110 2341 1135
14859 4 2 1 1 758 1134 108 233
14860 4 2 1 1 727 2658 2715 2518
14861 4 2 1 1 2339 187 2485 1081
14862 4 2 1 1 3205 3204 3195 3203
14863 4 2 1 1 993 182 3053 3163
14864 4 2 1 1 439 440 3166 1737
14865 4 2 1 1 993 961 182 3163
14866 4 2 1 1 3221 1838 3211 791
14867 4 2 1 1 3179 3180 3258 3177
14868 4 2 1 1 3262 3211 1838 1802
14869 4 2 1 1 3121 1686 1688 2896
14870 4 2 1 1 1680 1679 2390 2389
14871 4 2 1 1 3175 3176 3174 2941
14872 4 2 1 1 2977 2955 1644 387
14873 4 2 1 1 3037 3187 3185 3183
14874 4 2 1 1 1342 294 3185 3189
14875 4 2 1 1 1697 1690 2319 1659
14876 4 2 1 1 1244 2542 2371 274
14877 4 2 1 1 987 1342 3185 3189
14878 4 2 1 1 1289 1248 2271 2282
14879 4 2 1 1 3189 3185 3184 3186
14880 4 2 1 1 2264 1177 2557 236
14881 4 2 1 1 1273 2373 2372 2371
14882 4 2 1 1 1276 1269 3122 1268
14883 4 2 1 1 536 382 2037 1593
14884 4 2 1 1 1606 2211 1591 2280
14885 4 2 1 1 1607 1606 1591 2280
14886 4 2 1 1 3186 294 3189 3185
14887 4 2 1 1 1595 1265 1242 1282
14888 4 2 1 1 2384 1277 3148 1271
14889 4 2 1 1 294 3186 3182 3185
14890 4 2 1 1 1847 1821 2345 1828
14891 4 2 1 1 3205 3204 318 317
14892 4 2 1 1 2394 2794 2789 472
14893 4 2 1 1 1819 2332 1847 2331
14894 4 2 1 1 778 1808 1807 1795
14895 4 2 1 1 772 2811 787 2850
14896 4 2 1 1 3198 3196 24 3194
14897 4 2 1 1 2259 1453 1466 2258
14898 4 2 1 1 217 216 332 255
14899 4 2 1 1 1453 333 1466 2258
14900 4 2 1 1 492 1567 1552 1868
14901 4 2 1 1 2339 187 13 225
14902 4 2 1 1 766 767 2441 2440
14903 4 2 1 1 3205 1053 3199 1033
14904 4 2 1 1 224 2835 2442 2845
14905 4 2 1 1 815 740 820 817
14906 4 2 1 1 18 249 2774 211
14907 4 2 1 1 2441 2514 761 2833
14908 4 2 1 1 990 586 2766 2040
14909 4 2 1 1 176 11 2427 2430
14910 4 2 1 1 2432 968 2639 2460
14911 4 2 1 1 428 1761 1733 3207
14912 4 2 1 1 1437 309 310 347
14913 4 2 1 1 1451 2222 2782 2392
14914 4 2 1 1 1515 1511 310 1433
14915 4 2 1 1 712 1761 428 3207
14916 4 2 1 1 1475 1486 1474 2788
14917 4 2 1 1 2438 2716 1487 2788
14918 4 2 1 1 1475 2648 2778 2788
14919 4 2 1 1 183 965 3040 184
14920 4 2 1 1 428 3209 72 3207
14921 4 2 1 1 1012 2776 967 2040
14922 4 2 1 1 712 428 72 3207
14923 4 2 1 1 2761 2039 589 3290
14924 4 2 1 1 1770 1761 3207 1733
14925 4 2 1 1 2775 178 2040 585
14926 4 2 1 1 2189 1079 1039 2192
14927 4 2 1 1 3208 3201 1073 3216
14928 4 2 1 1 707 3216 710 708
14929 4 2 1 1 1198 2145 2144 2143
14930 4 2 1 1 1277 1255 1283 2470
14931 4 2 1 1 557 55 2543 556
14932 4 2 1 1 1243 3164 1271 2384
14933 4 2 1 1 708 726 706 3203
14934 4 2 1 1 2357 1617 1612 2297
14935 4 2 1 1 2454 2890 2771 271
14936 4 2 1 1 2372 2912 1249 2374
14937 4 2 1 1 751 83 673 746
14938 4 2 1 1 1739 1735 1741 3203
14939 4 2 1 1 1735 1771 1741 3195
14940 4 2 1 1 1822 3262 3213 1498
14941 4 2 1 1 2379 2734 980 2303
14942 4 2 1 1 1239 2927 3005 263
14943 4 2 1 1 2261 1211 2154 2690
14944 4 2 1 1 430 468 1861 467
14945 4 2 1 1 429 1861 467 430
14946 4 2 1 1 2503 1701 1677 1692
14947 4 2 1 1 2503 1676 2877 2777
14948 4 2 1 1 3262 341 3213 1498
14949 4 2 1 1 1722 1719 1725 3071
14950 4 2 1 1 3262 3227 1809 3226
14951 4 2 1 1 2417 2439 2416 795
14952 4 2 1 1 769 2675 2415 222
14953 4 2 1 1 2439 2515 2833 764
14954 4 2 1 1 1668 3114 653 639
14955 4 2 1 1 183 3040 965 3067
14956 4 2 1 1 2512 720 2803 734
14957 4 2 1 1 52 2054 2533 2701
14958 4 2 1 1 638 2057 2056 3146
14959 4 2 1 1 620 2547 2029 647
14960 4 2 1 1 1838 3221 3226 1809
14961 4 2 1 1 1360 328 290 1363
14962 4 2 1 1 2537 3125 3126 2536
14963 4 2 1 1 1829 1460 1457 1846
14964 4 2 1 1 1759 3125 1744 1404
14965 4 2 1 1 1189 3243 3240 851
14966 4 2 1 1 1190 1188 3240 1212
14967 4 2 1 1 1360 1443 1363 1364
14968 4 2 1 1 3238 3237 1884 3244
14969 4 2 1 1 2563 2857 942 2030
14970 4 2 1 1 2482 902 2481 2858
14971 4 2 1 1 1525 1196 1554 1564
14972 4 2 1 1 2695 117 2272 17
14973 4 2 1 1 891 151 150 2548
14974 4 2 1 1 1799 1834 1457 1846
14975 4 2 1 1 1933 1855 460 1850
14976 4 2 1 1 1911 3172 38 489
14977 4 2 1 1 497 459 1850 460
14978 4 2 1 1 3250 1192 1171 1191
14979 4 2 1 1 1805 1833 1843 2240
14980 4 2 1 1 1914 2376 498 2235
14981 4 2 1 1 3258 3254 3253 1245
14982 4 2 1 1 564 114 6 76
14983 4 2 1 1 804 2842 105 788
14984 4 2 1 1 565 804 2033 6
14985 4 2 1 1 3254 281 280 1245
14986 4 2 1 1 2859 2617 842 2814
14987 4 2 1 1 243 281 1304 280
14988 4 2 1 1 99 100 810 137
14989 4 2 1 1 2582 2581 2580 856
14990 4 2 1 1 840 2010 2581 2580
14991 4 2 1 1 2736 2465 3132 2466
14992 4 2 1 1 3119 486 1901 3118
14993 4 2 1 1 1269 1276 3122 3148
14994 4 2 1 1 3248 3257 280 3253
14995 4 2 1 1 1954 3259 3255 1953
14996 4 2 1 1 3253 3259 1953 3255
14997 4 2 1 1 990 586 2040 178
14998 4 2 1 1 1096 165 204 203
14999 4 2 1 1 3252 3253 1953 3255
15000 4 2 1 1 241 280 3248 242
15001 4 2 1 1 520 2742 2463 519
15002 4 2 1 1 3179 1258 1257 1259
15003 4 2 1 1 2750 3121 2041 2749
15004 4 2 1 1 311 1438 1433 1516
15005 4 2 1 1 1316 3124 1696 291
15006 4 2 1 1 2440 767 223 766
15007 4 2 1 1 1511 311 1516 349
15008 4 2 1 1 312 311 350 1516
15009 4 2 1 1 312 1438 311 1516
15010 4 2 1 1 2146 1174 1214 1208
15011 4 2 1 1 2 42 610 3089
15012 4 2 1 1 1555 1566 1527 1870
15013 4 2 1 1 536 382 2995 537
15014 4 2 1 1 1418 1420 2744 1410
15015 4 2 1 1 2285 1418 2744 1410
15016 4 2 1 1 180 3290 181 992
15017 4 2 1 1 1955 1964 1622 1938
15018 4 2 1 1 394 1577 356 1572
15019 4 2 1 1 1418 1420 1399 2744
15020 4 2 1 1 2375 3157 2604 362
15021 4 2 1 1 2761 2888 1003 2495
15022 4 2 1 1 3187 3184 3185 3183
15023 4 2 1 1 1002 2493 2894 2495
15024 4 2 1 1 2438 2087 350 2716
15025 4 2 1 1 2344 1141 2688 2220
15026 4 2 1 1 2201 1128 214 215
15027 4 2 1 1 2174 1046 1047 2172
15028 4 2 1 1 2171 1071 2172 1048
15029 4 2 1 1 2955 386 1641 1644
15030 4 2 1 1 2224 727 696 2658
15031 4 2 1 1 3204 3205 3195 3199
15032 4 2 1 1 686 1068 698 197
15033 4 2 1 1 2171 1060 2649 1059
15034 4 2 1 1 199 2197 2224 198
15035 4 2 1 1 2592 166 204 2605
15036 4 2 1 1 2955 3006 1644 1641
15037 4 2 1 1 1211 2464 1180 1204
15038 4 2 1 1 3136 357 3161 2140
15039 4 2 1 1 2068 1746 2066 1747
15040 4 2 1 1 2363 972 963 973
15041 4 2 1 1 3161 356 1549 1201
15042 4 2 1 1 356 1526 1549 1201
15043 4 2 1 1 3136 3161 1549 1201
15044 4 2 1 1 1570 3136 1549 1201
15045 4 2 1 1 1526 1570 1549 1201
15046 4 2 1 1 2691 714 2221 2837
15047 4 2 1 1 2060 2058 3160 2221
15048 4 2 1 1 89 88 3146 3160
15049 4 2 1 1 2955 2978 1644 3006
15050 4 2 1 1 1833 3159 464 2237
15051 4 2 1 1 395 358 1655 396
15052 4 2 1 1 1573 1577 358 1655
15053 4 2 1 1 3172 99 2821 2702
15054 4 2 1 1 486 485 1901 3118
15055 4 2 1 1 2420 99 799 2702
15056 4 2 1 1 799 2702 2338 2420
15057 4 2 1 1 1651 1573 358 1655
15058 4 2 1 1 1544 1569 1194 1556
15059 4 2 1 1 2168 1070 2170 2169
15060 4 2 1 1 2626 2200 1523 2135
15061 4 2 1 1 2440 223 767 2845
15062 4 2 1 1 279 1595 1242 394
15063 4 2 1 1 642 3265 652 2045
15064 4 2 1 1 1197 2713 2692 2187
15065 4 2 1 1 3112 2759 3122 2865
15066 4 2 1 1 1878 2131 1877 1879
15067 4 2 1 1 1653 1573 1575 1578
15068 4 2 1 1 397 360 1578 398
15069 4 2 1 1 521 483 482 1924
15070 4 2 1 1 2299 3165 2290 2291
15071 4 2 1 1 2000 1918 1922 1924
15072 4 2 1 1 399 1656 1578 398
15073 4 2 1 1 2087 312 350 313
15074 4 2 1 1 360 399 2708 361
15075 4 2 1 1 399 1649 1578 1656
15076 4 2 1 1 1950 2746 2880 2456
15077 4 2 1 1 397 1573 359 358
15078 4 2 1 1 398 2476 2708 399
15079 4 2 1 1 2358 2475 2671 1615
15080 4 2 1 1 1269 1277 3148 2451
15081 4 2 1 1 400 399 1649 1571
15082 4 2 1 1 562 79 2803 720
15083 4 2 1 1 2501 1603 1605 1638
15084 4 2 1 1 903 899 2549 2876
15085 4 2 1 1 360 399 361 1578
15086 4 2 1 1 2009 562 2803 720
15087 4 2 1 1 1548 1543 2132 1561
15088 4 2 1 1 905 894 938 2987
15089 4 2 1 1 2482 2808 904 2876
15090 4 2 1 1 949 2951 2950 945
15091 4 2 1 1 1543 1548 2638 1535
15092 4 2 1 1 79 683 2803 720
15093 4 2 1 1 894 938 2987 141
15094 4 2 1 1 140 2988 3010 2928
15095 4 2 1 1 2890 272 271 905
15096 4 2 1 1 642 652 3100 3083
15097 4 2 1 1 378 28 1567 3233
15098 4 2 1 1 2331 2608 2345 1821
15099 4 2 1 1 2512 720 734 691
15100 4 2 1 1 338 1579 376 1582
15101 4 2 1 1 1583 1504 1505 1584
15102 4 2 1 1 901 902 2858 926
15103 4 2 1 1 2622 1332 2474 2895
15104 4 2 1 1 928 151 152 577
15105 4 2 1 1 2585 652 3265 2045
15106 4 2 1 1 683 734 2803 720
15107 4 2 1 1 690 2798 2409 2478
15108 4 2 1 1 1577 1653 1575 1650
15109 4 2 1 1 682 694 2478 695
15110 4 2 1 1 223 2846 1099 1136
15111 4 2 1 1 2729 1283 2470 2730
15112 4 2 1 1 1418 2744 2531 2285
15113 4 2 1 1 3287 2995 2923 536
15114 4 2 1 1 3287 2995 536 1593
15115 4 2 1 1 789 103 752 2005
15116 4 2 1 1 2143 3135 2144 1198
15117 4 2 1 1 2754 1631 2008 2755
15118 4 2 1 1 2419 2850 772 2818
15119 4 2 1 1 2439 766 795 764
15120 4 2 1 1 1133 2335 3149 1139
15121 4 2 1 1 2294 1620 2359 1604
15122 4 2 1 1 1620 1628 2359 1604
15123 4 2 1 1 221 2340 2823 2415
15124 4 2 1 1 1106 2489 1142 1135
15125 4 2 1 1 2294 1594 1604 3155
15126 4 2 1 1 1100 223 769 222
15127 4 2 1 1 2585 3100 652 3083
15128 4 2 1 1 875 956 879 7
15129 4 2 1 1 2856 2336 897 2481
15130 4 2 1 1 2457 3155 1960 1962
15131 4 2 1 1 869 2720 2444 2386
15132 4 2 1 1 7 574 2022 115
15133 4 2 1 1 869 2695 117 2720
15134 4 2 1 1 899 3282 140 139
15135 4 2 1 1 899 903 2549 927
15136 4 2 1 1 2047 899 2549 2867
15137 4 2 1 1 1620 1594 1604 2294
15138 4 2 1 1 3095 298 299 3061
15139 4 2 1 1 3136 2142 2141 2143
15140 4 2 1 1 3113 2304 510 3115
15141 4 2 1 1 617 653 1668 3109
15142 4 2 1 1 108 742 71 70
15143 4 2 1 1 2048 53 658 555
15144 4 2 1 1 426 604 2777 1692
15145 4 2 1 1 108 742 70 738
15146 4 2 1 1 1668 3109 413 1707
15147 4 2 1 1 3058 617 1707 3109
15148 4 2 1 1 3059 3070 3071 1719
15149 4 2 1 1 2545 58 57 619
15150 4 2 1 1 660 66 2 2899
15151 4 2 1 1 646 619 2048 658
15152 4 2 1 1 61 62 3041 680
15153 4 2 1 1 3115 2251 3116 2301
15154 4 2 1 1 2036 2871 1638 2913
15155 4 2 1 1 2339 1081 2485 2227
15156 4 2 1 1 2339 1151 16 2823
15157 4 2 1 1 2036 1638 1590 2913
15158 4 2 1 1 2340 2339 13 16
15159 4 2 1 1 3115 1945 510 509
15160 4 2 1 1 3266 899 3282 140
15161 4 2 1 1 107 221 16 1150
15162 4 2 1 1 272 906 271 905
15163 4 2 1 1 1287 272 2987 894
15164 4 2 1 1 1444 1365 24 292
15165 4 2 1 1 1742 1778 1413 1730
15166 4 2 1 1 1376 1416 1056 1428
15167 4 2 1 1 1936 1968 1978 3111
15168 4 2 1 1 3291 2502 1590 3111
15169 4 2 1 1 2951 143 2969 142
15170 4 2 1 1 169 168 207 1014
15171 4 2 1 1 1020 208 171 1097
15172 4 2 1 1 2970 2951 2969 142
15173 4 2 1 1 2933 503 3111 2935
15174 4 2 1 1 3095 298 3053 1352
15175 4 2 1 1 2476 399 361 2708
15176 4 2 1 1 386 2926 2933 2984
15177 4 2 1 1 386 2933 2955 2984
15178 4 2 1 1 3279 2926 3008 541
15179 4 2 1 1 2966 1647 2965 380
15180 4 2 1 1 485 1911 3172 38
15181 4 2 1 1 1629 3287 1593 1619
15182 4 2 1 1 2934 503 2933 2935
15183 4 2 1 1 386 2933 387 2955
15184 4 2 1 1 2933 2955 2935 387
15185 4 2 1 1 2234 2233 38 2235
15186 4 2 1 1 3053 298 3095 3061
15187 4 2 1 1 35 2235 38 460
15188 4 2 1 1 950 139 2988 2918
15189 4 2 1 1 2993 944 2961 2918
15190 4 2 1 1 1610 2385 2865 3122
15191 4 2 1 1 1268 1239 1267 3112
15192 4 2 1 1 2383 3164 2384 3148
15193 4 2 1 1 110 813 72 819
15194 4 2 1 1 3272 2013 1239 3112
15195 4 2 1 1 3282 3266 524 2047
15196 4 2 1 1 1009 998 615 970
15197 4 2 1 1 141 2970 2951 2980
15198 4 2 1 1 1247 268 267 2969
15199 4 2 1 1 139 2988 2918 3010
15200 4 2 1 1 47 209 46 171
15201 4 2 1 1 209 85 46 84
15202 4 2 1 1 172 84 209 46
15203 4 2 1 1 172 84 46 83
15204 4 2 1 1 171 3192 970 632
15205 4 2 1 1 1678 2490 2390 1679
15206 4 2 1 1 3033 3031 420 306
15207 4 2 1 1 1315 305 3031 1663
15208 4 2 1 1 1315 1687 3121 1663
15209 4 2 1 1 1687 3121 1663 1686
15210 4 2 1 1 198 697 698 197
15211 4 2 1 1 418 3070 1723 3034
15212 4 2 1 1 2545 580 579 57
15213 4 2 1 1 725 688 724 3173
15214 4 2 1 1 3287 2757 2865 1629
15215 4 2 1 1 1608 1609 2909 2455
15216 4 2 1 1 1024 186 3056 1029
15217 4 2 1 1 3084 3014 57 681
15218 4 2 1 1 1373 297 22 3068
15219 4 2 1 1 3084 3106 57 3014
15220 4 2 1 1 1372 3062 3074 3075
15221 4 2 1 1 58 3084 57 681
15222 4 2 1 1 3073 22 3036 3068
15223 4 2 1 1 3106 3084 57 58
15224 4 2 1 1 991 3037 3185 3040
15225 4 2 1 1 3065 3039 3041 61
15226 4 2 1 1 3158 1599 1600 1958
15227 4 2 1 1 3185 3036 3067 3037
15228 4 2 1 1 69 107 68 2342
15229 4 2 1 1 43 2797 1 659
15230 4 2 1 1 107 2828 106 68
15231 4 2 1 1 743 69 820 68
15232 4 2 1 1 1023 3098 3060 1029
15233 4 2 1 1 1027 3026 1023 3098
15234 4 2 1 1 69 107 820 68
15235 4 2 1 1 1024 3055 1026 1029
15236 4 2 1 1 3013 1025 3096 3063
15237 4 2 1 1 2024 173 1006 3278
15238 4 2 1 1 107 106 820 68
15239 4 2 1 1 1025 1022 3052 3063
15240 4 2 1 1 183 3044 3052 1022
15241 4 2 1 1 2641 1608 2909 2455
15242 4 2 1 1 1309 2314 2315 1325
15243 4 2 1 1 1608 2455 2898 1611
15244 4 2 1 1 2314 1309 2315 2313
15245 4 2 1 1 3103 3109 3017 3079
15246 4 2 1 1 2850 2004 753 2818
15247 4 2 1 1 3165 1964 1622 3155
15248 4 2 1 1 426 3021 3085 3105
15249 4 2 1 1 63 3048 3058 3049
15250 4 2 1 1 418 3183 1664 1693
15251 4 2 1 1 439 1726 1737 3167
15252 4 2 1 1 772 2850 753 2818
15253 4 2 1 1 400 362 1652 401
15254 4 2 1 1 741 818 817 816
15255 4 2 1 1 2663 3120 33 2642
15256 4 2 1 1 3200 320 319 1414
15257 4 2 1 1 1782 1779 1859 432
15258 4 2 1 1 1598 1955 1622 1938
15259 4 2 1 1 3165 517 3157 401
15260 4 2 1 1 1364 1445 1443 1361
15261 4 2 1 1 981 984 1341 1318
15262 4 2 1 1 56 558 659 1
15263 4 2 1 1 2797 558 559 1
15264 4 2 1 1 1964 516 1622 1938
15265 4 2 1 1 2303 980 2255 2302
15266 4 2 1 1 2507 2914 2506 1322
15267 4 2 1 1 2255 980 964 2302
15268 4 2 1 1 2818 2004 753 790
15269 4 2 1 1 180 587 588 2015
15270 4 2 1 1 1801 1825 1836 3152
15271 4 2 1 1 2753 1618 1589 1627
15272 4 2 1 1 3128 377 493 339
15273 4 2 1 1 2753 384 1589 2008
15274 4 2 1 1 1459 1481 1836 3152
15275 4 2 1 1 2659 3152 1454 1464
15276 4 2 1 1 1481 1801 1836 3152
15277 4 2 1 1 2813 760 113 3170
15278 4 2 1 1 470 1800 1824 2796
15279 4 2 1 1 2347 2246 2719 3170
15280 4 2 1 1 1484 1799 1457 1846
15281 4 2 1 1 1221 1224 240 1301
15282 4 2 1 1 2713 239 2700 2187
15283 4 2 1 1 3164 2211 2382 2672
15284 4 2 1 1 73 111 816 813
15285 4 2 1 1 2977 2937 388 2940
15286 4 2 1 1 740 736 739 816
15287 4 2 1 1 198 697 696 698
15288 4 2 1 1 198 2277 697 2225
15289 4 2 1 1 3176 3180 1260 3178
15290 4 2 1 1 2422 2801 831 123
15291 4 2 1 1 2993 944 2918 9
15292 4 2 1 1 1265 1624 1634 3258
15293 4 2 1 1 382 536 2037 537
15294 4 2 1 1 3190 616 630 3192
15295 4 2 1 1 986 989 3192 985
15296 4 2 1 1 2801 2421 123 2422
15297 4 2 1 1 1316 406 292 291
15298 4 2 1 1 294 1342 3185 293
15299 4 2 1 1 843 2859 842 2814
15300 4 2 1 1 773 2818 753 790
15301 4 2 1 1 965 991 1001 3185
15302 4 2 1 1 991 3037 3040 3039
15303 4 2 1 1 898 3123 2421 3116
15304 4 2 1 1 294 293 3185 3182
15305 4 2 1 1 161 122 123 3123
15306 4 2 1 1 3208 711 3207 710
15307 4 2 1 1 1902 3132 2696 2198
15308 4 2 1 1 3290 3275 2039 589
15309 4 2 1 1 707 1738 1770 3206
15310 4 2 1 1 3208 195 687 1066
15311 4 2 1 1 161 122 3123 160
15312 4 2 1 1 1033 1411 1384 1424
15313 4 2 1 1 1661 3194 405 1703
15314 4 2 1 1 805 97 808 885
15315 4 2 1 1 3190 48 616 3193
15316 4 2 1 1 3224 3256 3225 1121
15317 4 2 1 1 1122 3232 3231 3225
15318 4 2 1 1 887 810 137 885
15319 4 2 1 1 1581 1585 1583 1505
15320 4 2 1 1 1140 1456 1132 1472
15321 4 2 1 1 3256 1123 1124 1447
15322 4 2 1 1 3242 853 851 852
15323 4 2 1 1 1634 1265 3258 3253
15324 4 2 1 1 133 811 95 94
15325 4 2 1 1 96 811 95 134
15326 4 2 1 1 364 1576 402 27
15327 4 2 1 1 1607 2909 1608 1609
15328 4 2 1 1 3235 826 1883 490
15329 4 2 1 1 1896 3242 854 1917
15330 4 2 1 1 1885 1529 1888 1886
15331 4 2 1 1 3250 367 3249 368
15332 4 2 1 1 931 1943 893 919
15333 4 2 1 1 914 1970 893 931
15334 4 2 1 1 3246 1566 3249 1870
15335 4 2 1 1 1566 1555 3249 1870
15336 4 2 1 1 3180 1262 1261 1259
15337 4 2 1 1 157 243 3257 281
15338 4 2 1 1 389 30 3253 1637
15339 4 2 1 1 158 924 157 3252
15340 4 2 1 1 3132 2696 2718 488
15341 4 2 1 1 1961 1957 3181 3255
15342 4 2 1 1 920 921 3181 3175
15343 4 2 1 1 3110 2780 937 3274
15344 4 2 1 1 3110 914 893 913
15345 4 2 1 1 2361 1697 2320 2367
15346 4 2 1 1 503 2934 2933 2920
15347 4 2 1 1 281 896 157 156
15348 4 2 1 1 3223 987 3185 3189
15349 4 2 1 1 648 54 2052 556
15350 4 2 1 1 876 880 953 156
15351 4 2 1 1 118 880 876 156
15352 4 2 1 1 3190 1672 1670 1666
15353 4 2 1 1 404 3190 1666 1703
15354 4 2 1 1 3223 987 1001 3185
15355 4 2 1 1 880 957 953 156
15356 4 2 1 1 3153 1464 3152 2660
15357 4 2 1 1 2862 1631 2754 2755
15358 4 2 1 1 168 205 1094 167
15359 4 2 1 1 168 205 167 3141
15360 4 2 1 1 1000 990 966 2766
15361 4 2 1 1 3114 2526 2524 3219
15362 4 2 1 1 1078 3218 3217 3199
15363 4 2 1 1 3077 3058 3017 64
15364 4 2 1 1 3269 606 607 2889
15365 4 2 1 1 2883 990 1000 2766
15366 4 2 1 1 2498 1683 1699 1688
15367 4 2 1 1 1384 1411 1072 1428
15368 4 2 1 1 3109 3058 3017 3079
15369 4 2 1 1 3026 179 586 3090
15370 4 2 1 1 3026 179 3090 1027
15371 4 2 1 1 2754 1631 2862 1621
15372 4 2 1 1 3026 179 1027 178
15373 4 2 1 1 3026 179 178 586
15374 4 2 1 1 1346 2886 300 593
15375 4 2 1 1 2208 1057 189 190
15376 4 2 1 1 2307 1331 2321 2474
15377 4 2 1 1 190 228 1165 189
15378 4 2 1 1 228 227 1165 189
15379 4 2 1 1 2208 2175 2248 189
15380 4 2 1 1 1057 2175 2208 189
15381 4 2 1 1 370 254 1173 255
15382 4 2 1 1 1863 33 36 436
15383 4 2 1 1 1863 33 436 1786
15384 4 2 1 1 36 3120 427 465
15385 4 2 1 1 1780 1861 1784 1783
15386 4 2 1 1 2500 2588 1681 1682
15387 4 2 1 1 2056 638 622 2055
15388 4 2 1 1 997 628 989 3188
15389 4 2 1 1 3114 641 640 637
15390 4 2 1 1 3190 635 1670 633
15391 4 2 1 1 2893 2016 2767 1699
15392 4 2 1 1 3066 3081 1008 3083
15393 4 2 1 1 173 3081 3018 3083
15394 4 2 1 1 642 652 3083 618
15395 4 2 1 1 3172 2821 99 137
15396 4 2 1 1 829 2582 2821 856
15397 4 2 1 1 2340 2339 16 2823
15398 4 2 1 1 3212 3202 3210 3213
15399 4 2 1 1 2813 3120 3170 113
15400 4 2 1 1 194 3201 3210 3212
15401 4 2 1 1 3202 3209 3210 3213
15402 4 2 1 1 2009 730 691 2807
15403 4 2 1 1 78 561 2812 79
15404 4 2 1 1 2813 3120 113 75
15405 4 2 1 1 1164 1083 1087 1089
15406 4 2 1 1 721 2803 719 683
15407 4 2 1 1 693 562 80 79
15408 4 2 1 1 180 3290 588 3087
15409 4 2 1 1 805 809 885 808
15410 4 2 1 1 100 2035 802 5
15411 4 2 1 1 8 91 5 883
15412 4 2 1 1 2853 2483 857 2863
15413 4 2 1 1 2032 91 2514 801
15414 4 2 1 1 887 806 810 886
15415 4 2 1 1 776 3171 1795 777
15416 4 2 1 1 2343 795 2417 2416
15417 4 2 1 1 114 2571 75 76
15418 4 2 1 1 3159 2239 463 2698
15419 4 2 1 1 2811 3170 2813 2347
15420 4 2 1 1 771 2850 2004 753
15421 4 2 1 1 886 809 885 882
15422 4 2 1 1 754 3230 3225 3229
15423 4 2 1 1 1085 1089 233 1162
15424 4 2 1 1 195 1089 233 1085
15425 4 2 1 1 3 2570 564 76
15426 4 2 1 1 195 232 1089 194
15427 4 2 1 1 1089 1166 233 1162
15428 4 2 1 1 2564 2509 2022 115
15429 4 2 1 1 232 1089 194 231
15430 4 2 1 1 10 7 956 952
15431 4 2 1 1 195 232 194 3210
15432 4 2 1 1 99 3172 98 799
15433 4 2 1 1 2338 3147 775 3159
15434 4 2 1 1 1196 369 3234 1564
15435 4 2 1 1 799 2338 775 2418
15436 4 2 1 1 135 136 97 885
15437 4 2 1 1 3172 829 2821 137
15438 4 2 1 1 1943 499 1982 145
15439 4 2 1 1 919 1966 1987 1943
15440 4 2 1 1 799 3147 775 2338
15441 4 2 1 1 1970 931 1943 893
15442 4 2 1 1 3110 146 893 2962
15443 4 2 1 1 2038 2882 2503 1692
15444 4 2 1 1 3271 2780 3274 551
15445 4 2 1 1 3257 3242 3243 823
15446 4 2 1 1 2882 1701 2503 1692
15447 4 2 1 1 3250 1565 3248 1171
15448 4 2 1 1 1229 254 216 255
15449 4 2 1 1 3252 514 515 3247
15450 4 2 1 1 1158 1229 255 1235
15451 4 2 1 1 158 157 3247 3252
15452 4 2 1 1 716 684 86 3195
15453 4 2 1 1 1158 1229 1235 1156
15454 4 2 1 1 1020 169 207 1014
15455 4 2 1 1 2218 2217 2216 3141
15456 4 2 1 1 217 1152 255 1158
15457 4 2 1 1 1152 1229 216 255
15458 4 2 1 1 1060 3145 1061 1062
15459 4 2 1 1 1742 1730 1413 3204
15460 4 2 1 1 217 1152 216 255
15461 4 2 1 1 1196 369 255 3234
15462 4 2 1 1 587 179 3090 586
15463 4 2 1 1 179 3013 1027 180
15464 4 2 1 1 1498 467 468 354
15465 4 2 1 1 179 587 2766 586
15466 4 2 1 1 2508 173 2585 174
15467 4 2 1 1 1498 468 467 1822
15468 4 2 1 1 2943 2947 266 2944
15469 4 2 1 1 266 2943 3176 1284
15470 4 2 1 1 1133 2335 1105 2473
15471 4 2 1 1 2432 2430 2639 1007
15472 4 2 1 1 2592 2591 203 2191
15473 4 2 1 1 266 2943 1284 267
15474 4 2 1 1 2428 176 2427 2430
15475 4 2 1 1 2943 266 2947 267
15476 4 2 1 1 11 2619 1007 163
15477 4 2 1 1 971 165 164 2528
15478 4 2 1 1 2619 2430 1007 2639
15479 4 2 1 1 2178 2688 2620 1103
15480 4 2 1 1 213 1147 2620 2180
15481 4 2 1 1 239 1301 277 240
15482 4 2 1 1 253 2201 214 215
15483 4 2 1 1 3224 3211 3213 3220
15484 4 2 1 1 3221 3224 784 786
15485 4 2 1 1 239 1301 240 1224
15486 4 2 1 1 3229 3228 3225 3261
15487 4 2 1 1 1364 1360 1446 1367
15488 4 2 1 1 224 2835 2845 2210
15489 4 2 1 1 966 1000 2766 2722
15490 4 2 1 1 222 2415 2829 2675
15491 4 2 1 1 221 1110 222 2829
15492 4 2 1 1 1112 2607 1113 1114
15493 4 2 1 1 2344 1145 1117 2334
15494 4 2 1 1 769 221 222 2415
15495 4 2 1 1 2846 1136 2194 1099
15496 4 2 1 1 221 2823 1110 2829
15497 4 2 1 1 70 1082 715 1066
15498 4 2 1 1 1592 2476 2656 2671
15499 4 2 1 1 2340 107 16 69
15500 4 2 1 1 2340 69 13 2228
15501 4 2 1 1 1335 2307 1331 2308
15502 4 2 1 1 2773 245 2668 1179
15503 4 2 1 1 245 246 2668 1179
15504 4 2 1 1 2306 2309 2308 288
15505 4 2 1 1 1205 2273 2268 247
15506 4 2 1 1 1694 614 636 1666
15507 4 2 1 1 2668 2669 2733 1179
15508 4 2 1 1 2773 1220 2733 2195
15509 4 2 1 1 3275 1003 3290 2039
15510 4 2 1 1 403 404 49 1666
15511 4 2 1 1 1388 322 1063 1384
15512 4 2 1 1 1196 256 3234 255
15513 4 2 1 1 257 1154 219 1158
15514 4 2 1 1 1000 2883 2766 2722
15515 4 2 1 1 1456 1140 1132 1102
15516 4 2 1 1 3232 1495 1102 1483
15517 4 2 1 1 1569 1213 1194 1193
15518 4 2 1 1 3276 299 1310 300
15519 4 2 1 1 300 1374 3097 299
15520 4 2 1 1 2960 267 2969 2947
15521 4 2 1 1 1240 1284 3176 1260
15522 4 2 1 1 3091 300 3097 299
15523 4 2 1 1 1437 1515 310 1433
15524 4 2 1 1 1409 2157 2159 1380
15525 4 2 1 1 503 2933 3111 2920
15526 4 2 1 1 1577 1653 1650 1655
15527 4 2 1 1 1515 1437 310 347
15528 4 2 1 1 348 1515 310 347
15529 4 2 1 1 3257 3254 280 3253
15530 4 2 1 1 242 3257 280 3248
15531 4 2 1 1 1388 1063 322 3139
15532 4 2 1 1 2681 326 2309 2532
15533 4 2 1 1 326 2309 2532 288
15534 4 2 1 1 451 755 3147 1842
15535 4 2 1 1 2311 289 326 327
15536 4 2 1 1 1444 1365 1443 1440
15537 4 2 1 1 286 2230 1311 2305
15538 4 2 1 1 858 2509 830 870
15539 4 2 1 1 2310 2311 2312 289
15540 4 2 1 1 1365 1444 321 1440
15541 4 2 1 1 1440 1361 284 321
15542 4 2 1 1 3062 298 3061 1374
15543 4 2 1 1 168 206 3141 284
15544 4 2 1 1 3054 3062 3068 1369
15545 4 2 1 1 1361 1365 321 1440
15546 4 2 1 1 283 1365 321 1361
15547 4 2 1 1 3138 1456 1132 332
15548 4 2 1 1 1422 2149 2148 1381
15549 4 2 1 1 216 3138 1132 332
15550 4 2 1 1 254 370 332 255
15551 4 2 1 1 2163 1419 2162 2161
15552 4 2 1 1 3198 986 3197 962
15553 4 2 1 1 216 254 332 255
15554 4 2 1 1 1122 3232 1102 3231
15555 4 2 1 1 371 1585 333 332
15556 4 2 1 1 1585 371 370 332
15557 4 2 1 1 3150 1101 2207 3138
15558 4 2 1 1 1466 333 3138 2258
15559 4 2 1 1 1463 2096 1491 1465
15560 4 2 1 1 1807 1795 1806 797
15561 4 2 1 1 3256 3231 343 3226
15562 4 2 1 1 1482 1144 1485 1447
15563 4 2 1 1 1123 1499 1447 1483
15564 4 2 1 1 25 3232 344 1495
15565 4 2 1 1 3256 343 3262 3226
15566 4 2 1 1 331 3232 25 1495
15567 4 2 1 1 1576 1650 1572 1575
15568 4 2 1 1 316 468 315 430
15569 4 2 1 1 3258 3254 1245 3260
15570 4 2 1 1 3136 1170 3161 1201
15571 4 2 1 1 3257 157 3247 119
15572 4 2 1 1 1649 399 1578 1571
15573 4 2 1 1 1822 1498 3213 467
15574 4 2 1 1 1203 3245 1212 1176
15575 4 2 1 1 96 452 3235 3229
15576 4 2 1 1 3250 1192 1191 1190
15577 4 2 1 1 451 755 97 3147
15578 4 2 1 1 1807 778 1795 797
15579 4 2 1 1 2787 3153 2203 3130
15580 4 2 1 1 3202 3209 3213 467
15581 4 2 1 1 1822 3213 1802 467
15582 4 2 1 1 1706 426 2777 1692
15583 4 2 1 1 426 1706 2777 605
15584 4 2 1 1 2503 1676 2777 1692
15585 4 2 1 1 502 2937 2935 2936
15586 4 2 1 1 2977 2955 387 2935
15587 4 2 1 1 503 502 2935 2936
15588 4 2 1 1 1772 2065 1736 2067
15589 4 2 1 1 2993 944 9 948
15590 4 2 1 1 386 2933 1633 387
15591 4 2 1 1 1965 1960 3111 1978
15592 4 2 1 1 858 2509 2510 830
15593 4 2 1 1 518 3165 1963 517
15594 4 2 1 1 3157 363 362 401
15595 4 2 1 1 28 3234 369 1564
15596 4 2 1 1 2375 3157 362 400
15597 4 2 1 1 366 3238 1528 3244
15598 4 2 1 1 1576 364 402 1652
15599 4 2 1 1 3165 400 401 3157
15600 4 2 1 1 2102 1550 2105 376
15601 4 2 1 1 2102 3128 2105 2678
15602 4 2 1 1 2102 338 337 376
15603 4 2 1 1 375 2102 337 376
15604 4 2 1 1 2102 1550 376 375
15605 4 2 1 1 3267 3293 543 2014
15606 4 2 1 1 450 2065 1736 449
15607 4 2 1 1 1793 1716 410 409
15608 4 2 1 1 2529 409 2458 2367
15609 4 2 1 1 1343 1684 1698 1315
15610 4 2 1 1 1315 1687 1663 1698
15611 4 2 1 1 3029 1663 421 3031
15612 4 2 1 1 3029 1663 3031 305
15613 4 2 1 1 1644 3006 1645 1641
15614 4 2 1 1 1636 1940 502 1597
15615 4 2 1 1 502 1940 1968 1597
15616 4 2 1 1 1757 3127 1755 1732
15617 4 2 1 1 1387 1408 3127 315
15618 4 2 1 1 315 430 468 431
15619 4 2 1 1 1355 406 1316 1661
15620 4 2 1 1 432 469 3131 470
15621 4 2 1 1 444 1426 443 330
15622 4 2 1 1 1363 329 291 330
15623 4 2 1 1 1715 406 1792 405
15624 4 2 1 1 1711 441 1717 403
15625 4 2 1 1 1386 1778 1766 1730
15626 4 2 1 1 387 2933 3111 2935
15627 4 2 1 1 1316 1661 1344 1355
15628 4 2 1 1 1676 1706 2777 1692
15629 4 2 1 1 3156 1691 1659 1689
15630 4 2 1 1 1636 1625 1940 1597
15631 4 2 1 1 1355 406 292 1316
15632 4 2 1 1 1616 2358 2671 1615
15633 4 2 1 1 3234 1196 1564 3251
15634 4 2 1 1 377 340 339 1582
15635 4 2 1 1 1936 503 3111 2920
15636 4 2 1 1 1520 1557 2477 361
15637 4 2 1 1 2434 2710 1945 1946
15638 4 2 1 1 1793 1716 1791 1789
15639 4 2 1 1 3246 516 478 515
15640 4 2 1 1 2003 1925 2000 1919
15641 4 2 1 1 2358 1616 2671 2370
15642 4 2 1 1 448 2586 2458 410
15643 4 2 1 1 1794 1717 1791 1788
15644 4 2 1 1 487 3119 486 1864
15645 4 2 1 1 2603 2127 1880 2137
15646 4 2 1 1 1878 2127 1880 1881
15647 4 2 1 1 1877 2138 2133 2139
15648 4 2 1 1 2707 1876 2139 1875
15649 4 2 1 1 1900 862 1864 1903
15650 4 2 1 1 3171 2698 2719 2381
15651 4 2 1 1 1886 1530 1555 1517
15652 4 2 1 1 785 1804 755 97
15653 4 2 1 1 828 838 2283 2407
15654 4 2 1 1 1354 420 3033 1684
15655 4 2 1 1 1354 3033 306 3036
15656 4 2 1 1 2559 1899 2376 498
15657 4 2 1 1 2559 1899 498 497
15658 4 2 1 1 1871 2560 2651 497
15659 4 2 1 1 418 419 3069 3034
15660 4 2 1 1 2805 2354 934 3115
15661 4 2 1 1 924 3254 157 3252
15662 4 2 1 1 3179 921 3178 3181
15663 4 2 1 1 29 3174 1636 392
15664 4 2 1 1 1984 1969 2569 1945
15665 4 2 1 1 1684 419 420 3033
15666 4 2 1 1 3050 3072 1722 1721
15667 4 2 1 1 3032 419 1723 3034
15668 4 2 1 1 736 740 742 819
15669 4 2 1 1 2567 2131 2137 1910
15670 4 2 1 1 261 531 2917 2994
15671 4 2 1 1 3281 2885 1266 1239
15672 4 2 1 1 315 469 431 468
15673 4 2 1 1 3281 1239 1266 263
15674 4 2 1 1 315 469 468 353
15675 4 2 1 1 315 469 353 3131
15676 4 2 1 1 2868 3291 541 542
15677 4 2 1 1 3127 431 3131 1755
15678 4 2 1 1 1757 1387 3127 1732
15679 4 2 1 1 3123 868 123 2422
15680 4 2 1 1 740 736 813 819
15681 4 2 1 1 403 404 1711 442
15682 4 2 1 1 1715 1792 1788 442
15683 4 2 1 1 3191 1672 3190 1703
15684 4 2 1 1 443 1792 405 442
15685 4 2 1 1 1711 1715 1788 442
15686 4 2 1 1 562 2009 563 80
15687 4 2 1 1 3 730 80 563
15688 4 2 1 1 2842 763 2832 2515
15689 4 2 1 1 2570 730 3 563
15690 4 2 1 1 717 2518 2576 2517
15691 4 2 1 1 404 1715 1711 442
15692 4 2 1 1 7 162 10 956
15693 4 2 1 1 3116 2252 2323 2301
15694 4 2 1 1 365 3234 1564 3251
15695 4 2 1 1 366 3238 3251 3241
15696 4 2 1 1 3113 1935 915 3115
15697 4 2 1 1 632 171 47 46
15698 4 2 1 1 3228 1497 1799 453
15699 4 2 1 1 2283 838 828 864
15700 4 2 1 1 3233 1497 340 25
15701 4 2 1 1 366 365 3251 3244
15702 4 2 1 1 365 1554 3251 1564
15703 4 2 1 1 1528 1552 1567 1868
15704 4 2 1 1 1723 3050 1722 1721
15705 4 2 1 1 1990 2989 508 1995
15706 4 2 1 1 2387 2509 2444 830
15707 4 2 1 1 3147 1832 464 1842
15708 4 2 1 1 869 2387 2444 830
15709 4 2 1 1 2564 116 830 115
15710 4 2 1 1 54 648 53 556
15711 4 2 1 1 3076 681 676 3064
15712 4 2 1 1 2509 2564 830 115
15713 4 2 1 1 648 2049 53 556
15714 4 2 1 1 3014 675 57 681
15715 4 2 1 1 612 649 2848 662
15716 4 2 1 1 513 2003 1997 1919
15717 4 2 1 1 3114 3117 637 1694
15718 4 2 1 1 3114 639 640 653
15719 4 2 1 1 1997 1923 2000 2001
15720 4 2 1 1 3114 639 1657 637
15721 4 2 1 1 3132 824 1912 3123
15722 4 2 1 1 635 633 636 1670
15723 4 2 1 1 3132 1900 1912 824
15724 4 2 1 1 50 87 441 88
15725 4 2 1 1 3085 1720 1725 3071
15726 4 2 1 1 634 631 656 3184
15727 4 2 1 1 676 3046 678 680
15728 4 2 1 1 626 652 996 174
15729 4 2 1 1 628 997 626 654
15730 4 2 1 1 652 173 996 174
15731 4 2 1 1 3187 613 61 644
15732 4 2 1 1 629 2544 2747 2547
15733 4 2 1 1 487 3132 3119 1864
15734 4 2 1 1 862 1900 1864 845
15735 4 2 1 1 61 62 3038 3041
15736 4 2 1 1 847 866 846 1916
15737 4 2 1 1 3132 3119 1864 845
15738 4 2 1 1 1751 1748 1769 2070
15739 4 2 1 1 826 866 860 1872
15740 4 2 1 1 558 56 659 2029
15741 4 2 1 1 3114 3117 641 637
15742 4 2 1 1 866 846 1901 849
15743 4 2 1 1 849 1911 1901 1872
15744 4 2 1 1 678 679 677 3057
15745 4 2 1 1 866 846 1916 1901
15746 4 2 1 1 1903 847 1916 1891
15747 4 2 1 1 2651 496 497 458
15748 4 2 1 1 459 2651 497 458
15749 4 2 1 1 3014 675 3064 3057
15750 4 2 1 1 2897 2849 621 2525
15751 4 2 1 1 1757 3125 1758 1756
15752 4 2 1 1 458 1932 457 496
15753 4 2 1 1 2662 2413 3167 3166
15754 4 2 1 1 1726 439 438 3167
15755 4 2 1 1 459 458 497 1854
15756 4 2 1 1 1031 723 700 699
15757 4 2 1 1 2068 1746 1748 1769
15758 4 2 1 1 2963 1995 3009 2975
15759 4 2 1 1 2091 2680 1762 1769
15760 4 2 1 1 1995 39 3009 508
15761 4 2 1 1 2989 1995 3009 508
15762 4 2 1 1 518 481 2673 480
15763 4 2 1 1 518 481 480 1918
15764 4 2 1 1 1739 726 706 725
15765 4 2 1 1 2463 1939 2673 2300
15766 4 2 1 1 721 2803 683 734
15767 4 2 1 1 1031 723 699 1049
15768 4 2 1 1 110 73 72 813
15769 4 2 1 1 3196 24 317 3199
15770 4 2 1 1 2463 2673 1939 519
15771 4 2 1 1 1078 3218 3199 208
15772 4 2 1 1 2673 1939 519 518
15773 4 2 1 1 76 730 2807 691
15774 4 2 1 1 2673 1939 518 2290
15775 4 2 1 1 693 717 2576 2517
15776 4 2 1 1 2576 693 2517 2011
15777 4 2 1 1 1746 2091 1762 1769
15778 4 2 1 1 1748 2068 1769 2070
15779 4 2 1 1 2068 2680 1769 2070
15780 4 2 1 1 2068 2091 1769 2680
15781 4 2 1 1 4 729 560 2019
15782 4 2 1 1 3018 3278 2585 3285
15783 4 2 1 1 1746 2091 1769 2068
15784 4 2 1 1 2509 870 2022 115
15785 4 2 1 1 2509 870 115 830
15786 4 2 1 1 2556 11 83 14
15787 4 2 1 1 540 2036 3279 541
15788 4 2 1 1 3085 1725 1720 426
15789 4 2 1 1 100 2035 2511 802
15790 4 2 1 1 762 100 2511 802
15791 4 2 1 1 2419 2850 2811 772
15792 4 2 1 1 1832 3147 464 3159
15793 4 2 1 1 348 2222 2392 2165
15794 4 2 1 1 8 887 883 5
15795 4 2 1 1 774 796 772 2419
15796 4 2 1 1 568 2817 802 104
15797 4 2 1 1 2834 2032 2514 801
15798 4 2 1 1 3217 3205 3195 3203
15799 4 2 1 1 796 2419 2811 772
15800 4 2 1 1 773 774 772 2419
15801 4 2 1 1 2222 348 2392 1451
15802 4 2 1 1 2850 771 787 772
15803 4 2 1 1 3274 2780 2046 552
15804 4 2 1 1 3087 3290 588 589
15805 4 2 1 1 1119 770 798 1100
15806 4 2 1 1 3224 3211 3220 786
15807 4 2 1 1 737 741 817 740
15808 4 2 1 1 752 763 764 2515
15809 4 2 1 1 551 2780 3274 552
15810 4 2 1 1 2009 730 563 80
15811 4 2 1 1 730 2009 563 2570
15812 4 2 1 1 3 80 732 563
15813 4 2 1 1 108 1150 107 234
15814 4 2 1 1 2574 3 732 563
15815 4 2 1 1 741 737 817 814
15816 4 2 1 1 818 741 817 814
15817 4 2 1 1 1917 3239 852 1903
15818 4 2 1 1 792 1134 798 758
15819 4 2 1 1 1917 3239 3242 852
15820 4 2 1 1 1119 770 792 798
15821 4 2 1 1 694 2518 717 2517
15822 4 2 1 1 3249 3239 1917 1887
15823 4 2 1 1 800 2443 761 2441
15824 4 2 1 1 223 766 768 769
15825 4 2 1 1 162 2553 574 10
15826 4 2 1 1 135 96 882 97
15827 4 2 1 1 828 2852 857 130
15828 4 2 1 1 2035 568 802 5
15829 4 2 1 1 7 2021 162 124
15830 4 2 1 1 2014 3267 3111 2861
15831 4 2 1 1 2021 162 124 2801
15832 4 2 1 1 2399 347 2392 2165
15833 4 2 1 1 138 5 2035 100
15834 4 2 1 1 1783 1860 1863 1857
15835 4 2 1 1 780 1845 1806 1831
15836 4 2 1 1 990 2883 1012 2040
15837 4 2 1 1 807 888 94 811
15838 4 2 1 1 967 2775 178 2040
15839 4 2 1 1 246 2668 2275 2407
15840 4 2 1 1 127 822 126 2616
15841 4 2 1 1 1917 3239 1903 1887
15842 4 2 1 1 1192 3241 1193 1190
15843 4 2 1 1 3243 1189 863 851
15844 4 2 1 1 3243 243 1178 1215
15845 4 2 1 1 1189 1206 863 1169
15846 4 2 1 1 1211 2690 1175 2154
15847 4 2 1 1 2773 18 245 1220
15848 4 2 1 1 935 3260 1272 896
15849 4 2 1 1 824 122 1912 3123
15850 4 2 1 1 780 111 1831 757
15851 4 2 1 1 304 3289 3263 1312
15852 4 2 1 1 304 3289 1312 303
15853 4 2 1 1 304 3080 3104 303
15854 4 2 1 1 3289 1340 596 2751
15855 4 2 1 1 1206 837 863 1169
15856 4 2 1 1 1863 465 427 1857
15857 4 2 1 1 837 825 1206 863
15858 4 2 1 1 2525 2526 3219 2524
15859 4 2 1 1 855 826 860 3237
15860 4 2 1 1 3239 853 3237 3240
15861 4 2 1 1 1187 848 838 867
15862 4 2 1 1 3292 2889 3109 3269
15863 4 2 1 1 3244 3237 3236 3251
15864 4 2 1 1 3245 867 827 1203
15865 4 2 1 1 2757 2865 1609 2909
15866 4 2 1 1 3114 2365 2524 2526
15867 4 2 1 1 3292 608 2044 607
15868 4 2 1 1 428 465 427 111
15869 4 2 1 1 138 2580 856 2583
15870 4 2 1 1 3227 3226 3261 1809
15871 4 2 1 1 2578 857 2852 130
15872 4 2 1 1 824 1912 122 121
15873 4 2 1 1 3127 431 1755 1732
15874 4 2 1 1 807 888 811 886
15875 4 2 1 1 452 96 97 785
15876 4 2 1 1 833 832 857 2863
15877 4 2 1 1 778 3221 783 791
15878 4 2 1 1 268 1247 142 2969
15879 4 2 1 1 644 969 618 60
15880 4 2 1 1 950 2988 2968 2918
15881 4 2 1 1 3047 61 680 60
15882 4 2 1 1 3127 431 1732 315
15883 4 2 1 1 3154 470 469 1824
15884 4 2 1 1 2945 143 2969 2951
15885 4 2 1 1 272 894 905 2987
15886 4 2 1 1 2796 2795 3154 2083
15887 4 2 1 1 2796 3154 2795 1824
15888 4 2 1 1 1250 2864 1274 1237
15889 4 2 1 1 877 879 955 956
15890 4 2 1 1 271 2808 905 904
15891 4 2 1 1 876 880 955 953
15892 4 2 1 1 2890 2779 2987 905
15893 4 2 1 1 475 1912 122 3123
15894 4 2 1 1 3176 3180 3177 391
15895 4 2 1 1 3116 898 3115 2323
15896 4 2 1 1 2459 1847 2332 2366
15897 4 2 1 1 2875 1965 2815 1960
15898 4 2 1 1 3116 898 918 3115
15899 4 2 1 1 457 458 2459 1798
15900 4 2 1 1 1973 1970 1935 931
15901 4 2 1 1 2993 944 948 2961
15902 4 2 1 1 2548 2050 927 577
15903 4 2 1 1 947 943 2961 2950
15904 4 2 1 1 2459 458 2602 1798
15905 4 2 1 1 3239 853 852 860
15906 4 2 1 1 2459 1847 2366 1835
15907 4 2 1 1 3266 899 140 938
15908 4 2 1 1 2779 2047 938 905
15909 4 2 1 1 2047 3283 938 3266
15910 4 2 1 1 2459 1847 1835 1798
15911 4 2 1 1 1460 1448 1484 1846
15912 4 2 1 1 2864 2771 2770 1274
15913 4 2 1 1 1811 1448 1813 1846
15914 4 2 1 1 1448 1811 1484 1846
15915 4 2 1 1 923 143 2969 3178
15916 4 2 1 1 847 3239 1903 852
15917 4 2 1 1 847 3239 1891 1903
15918 4 2 1 1 2254 2632 2352 3140
15919 4 2 1 1 1757 1387 1732 1768
15920 4 2 1 1 998 624 960 175
15921 4 2 1 1 1780 1861 1783 1857
15922 4 2 1 1 2619 2192 2639 163
15923 4 2 1 1 2526 3114 641 640
15924 4 2 1 1 1838 1809 3262 1812
15925 4 2 1 1 972 2468 2723 971
15926 4 2 1 1 1863 1780 1783 1857
15927 4 2 1 1 1863 1780 1857 427
15928 4 2 1 1 980 963 2363 2734
15929 4 2 1 1 2619 11 1007 2430
15930 4 2 1 1 1096 165 203 164
15931 4 2 1 1 1025 3013 3096 181
15932 4 2 1 1 1863 1780 427 1786
15933 4 2 1 1 2321 1331 1327 1330
15934 4 2 1 1 1863 1780 1786 1783
15935 4 2 1 1 3189 987 985 988
15936 4 2 1 1 1002 2493 2495 976
15937 4 2 1 1 2321 2479 1330 2614
15938 4 2 1 1 183 297 3045 3067
15939 4 2 1 1 475 122 1912 121
15940 4 2 1 1 650 2053 2052 2028
15941 4 2 1 1 961 1004 1003 3163
15942 4 2 1 1 3290 1003 961 992
15943 4 2 1 1 650 2053 2028 622
15944 4 2 1 1 979 3142 1004 982
15945 4 2 1 1 985 989 3188 988
15946 4 2 1 1 184 3044 1028 3043
15947 4 2 1 1 2848 612 662 2052
15948 4 2 1 1 1566 478 1527 1870
15949 4 2 1 1 2053 2848 662 2052
15950 4 2 1 1 3167 2413 3222 2414
15951 4 2 1 1 1353 183 297 1314
15952 4 2 1 1 705 3167 3222 2414
15953 4 2 1 1 980 2362 2302 2303
15954 4 2 1 1 2255 980 167 964
15955 4 2 1 1 2878 967 994 999
15956 4 2 1 1 1990 2989 1995 2975
15957 4 2 1 1 1093 210 172 1098
15958 4 2 1 1 198 2196 2225 197
15959 4 2 1 1 623 2426 2425 2799
15960 4 2 1 1 715 1082 69 200
15961 4 2 1 1 221 107 16 2340
15962 4 2 1 1 689 69 2228 200
15963 4 2 1 1 623 620 629 2799
15964 4 2 1 1 44 620 2425 2822
15965 4 2 1 1 1886 1887 3249 1906
15966 4 2 1 1 620 44 2425 623
15967 4 2 1 1 1067 2190 1043 1030
15968 4 2 1 1 202 1077 2191 203
15969 4 2 1 1 1092 1015 1098 1095
15970 4 2 1 1 85 84 750 46
15971 4 2 1 1 205 2670 1032 1059
15972 4 2 1 1 2379 980 2734 166
15973 4 2 1 1 165 166 2592 2734
15974 4 2 1 1 2840 2346 1065 188
15975 4 2 1 1 2173 1057 1076 1047
15976 4 2 1 1 668 83 673 45
15977 4 2 1 1 1609 2865 2757 1629
15978 4 2 1 1 3205 1053 1033 1054
15979 4 2 1 1 1384 1394 1428 1072
15980 4 2 1 1 1070 1048 2170 1076
15981 4 2 1 1 1038 3201 1073 3208
15982 4 2 1 1 715 689 699 200
15983 4 2 1 1 1049 199 200 699
15984 4 2 1 1 715 1049 200 699
15985 4 2 1 1 1566 478 364 1527
15986 4 2 1 1 2652 1041 2606 1065
15987 4 2 1 1 2248 2838 189 2346
15988 4 2 1 1 668 83 45 46
15989 4 2 1 1 204 165 166 2592
15990 4 2 1 1 2181 1045 2591 1077
15991 4 2 1 1 2640 202 2191 164
15992 4 2 1 1 748 670 666 750
15993 4 2 1 1 1045 2181 1043 1039
15994 4 2 1 1 1323 2435 2506 2436
15995 4 2 1 1 1018 1019 1017 1094
15996 4 2 1 1 1174 2156 1195 252
15997 4 2 1 1 750 48 672 666
15998 4 2 1 1 1113 2727 1142 1116
15999 4 2 1 1 2201 253 214 252
16000 4 2 1 1 2158 213 251 214
16001 4 2 1 1 48 744 49 666
16002 4 2 1 1 846 847 1916 1864
16003 4 2 1 1 846 3119 845 1864
16004 4 2 1 1 1916 846 1864 1901
16005 4 2 1 1 1103 1115 2620 1114
16006 4 2 1 1 847 846 845 1864
16007 4 2 1 1 98 99 808 885
16008 4 2 1 1 1579 1583 1501 1586
16009 4 2 1 1 1585 1507 333 332
16010 4 2 1 1 99 136 3172 137
16011 4 2 1 1 44 2523 82 43
16012 4 2 1 1 2409 690 728 2423
16013 4 2 1 1 697 690 728 2409
16014 4 2 1 1 44 751 82 83
16015 4 2 1 1 2523 81 82 43
16016 4 2 1 1 1102 331 217 1456
16017 4 2 1 1 1233 1156 1230 1236
16018 4 2 1 1 1873 121 475 1912
16019 4 2 1 1 121 1873 824 1912
16020 4 2 1 1 2607 1108 2185 1147
16021 4 2 1 1 97 98 808 885
16022 4 2 1 1 807 888 886 884
16023 4 2 1 1 1997 2003 2000 1919
16024 4 2 1 1 3243 851 3242 3240
16025 4 2 1 1 136 98 97 885
16026 4 2 1 1 811 807 886 809
16027 4 2 1 1 1211 2261 2154 1182
16028 4 2 1 1 2274 2695 2268 248
16029 4 2 1 1 2483 833 2863 2704
16030 4 2 1 1 1731 2072 1754 2089
16031 4 2 1 1 3218 3196 3193 3195
16032 4 2 1 1 1735 1771 3195 442
16033 4 2 1 1 2262 2166 1182 1183
16034 4 2 1 1 1051 1052 3216 1050
16035 4 2 1 1 1211 2690 1204 1175
16036 4 2 1 1 686 1068 733 698
16037 4 2 1 1 246 2273 2668 1168
16038 4 2 1 1 2679 2089 434 1754
16039 4 2 1 1 1174 2625 1202 1208
16040 4 2 1 1 3242 853 852 3239
16041 4 2 1 1 2273 2669 2668 1168
16042 4 2 1 1 3241 1212 3251 1193
16043 4 2 1 1 1298 279 241 1304
16044 4 2 1 1 3250 242 1215 1171
16045 4 2 1 1 806 91 883 5
16046 4 2 1 1 2089 433 434 1754
16047 4 2 1 1 3250 3249 3241 3240
16048 4 2 1 1 3233 3235 3236 3244
16049 4 2 1 1 3241 1553 367 3250
16050 4 2 1 1 1203 257 3245 1176
16051 4 2 1 1 1525 1544 1569 1213
16052 4 2 1 1 1080 83 84 210
16053 4 2 1 1 1173 1536 3137 370
16054 4 2 1 1 1506 1580 1505 1584
16055 4 2 1 1 2835 15 93 2467
16056 4 2 1 1 886 812 807 889
16057 4 2 1 1 884 807 889 886
16058 4 2 1 1 476 514 1923 1919
16059 4 2 1 1 238 276 237 2595
16060 4 2 1 1 1254 1251 2448 2497
16061 4 2 1 1 1158 1229 1156 1152
16062 4 2 1 1 1158 1229 1152 255
16063 4 2 1 1 513 476 475 1919
16064 4 2 1 1 220 257 219 94
16065 4 2 1 1 765 752 764 2833
16066 4 2 1 1 752 2515 764 2833
16067 4 2 1 1 765 2439 2833 764
16068 4 2 1 1 513 476 1919 514
16069 4 2 1 1 2548 891 2858 901
16070 4 2 1 1 771 102 753 2004
16071 4 2 1 1 2904 1248 2374 2565
16072 4 2 1 1 1080 84 83 686
16073 4 2 1 1 1251 2497 1252 2874
16074 4 2 1 1 133 3245 257 3236
16075 4 2 1 1 1121 1122 3225 1120
16076 4 2 1 1 1273 1280 1249 2372
16077 4 2 1 1 3227 3228 1810 3261
16078 4 2 1 1 2498 1662 2767 2896
16079 4 2 1 1 907 2454 270 271
16080 4 2 1 1 930 3181 922 3255
16081 4 2 1 1 917 935 907 1256
16082 4 2 1 1 1808 785 783 3261
16083 4 2 1 1 510 1934 1945 2304
16084 4 2 1 1 2072 1751 1754 2070
16085 4 2 1 1 1640 1268 1626 3122
16086 4 2 1 1 1239 264 3112 1270
16087 4 2 1 1 1629 1640 1610 3122
16088 4 2 1 1 3256 3231 3225 1121
16089 4 2 1 1 1255 2729 2496 2879
16090 4 2 1 1 1972 2908 2711 2737
16091 4 2 1 1 3226 3227 3261 3225
16092 4 2 1 1 1266 2043 1279 2763
16093 4 2 1 1 2879 2497 2910 1253
16094 4 2 1 1 1934 510 2737 2304
16095 4 2 1 1 1257 935 908 929
16096 4 2 1 1 2967 1295 1294 1293
16097 4 2 1 1 3115 1945 509 2251
16098 4 2 1 1 1972 2908 2737 511
16099 4 2 1 1 380 1270 265 1596
16100 4 2 1 1 2956 265 1290 2948
16101 4 2 1 1 2679 2072 1754 2070
16102 4 2 1 1 2967 2956 1293 1290
16103 4 2 1 1 532 531 2917 262
16104 4 2 1 1 1270 1626 1268 1278
16105 4 2 1 1 1596 1240 1278 1270
16106 4 2 1 1 1221 1225 1224 1301
16107 4 2 1 1 1225 1221 1298 1301
16108 4 2 1 1 2869 3280 549 2847
16109 4 2 1 1 278 3161 277 240
16110 4 2 1 1 2298 270 269 907
16111 4 2 1 1 355 393 394 1572
16112 4 2 1 1 1256 917 269 907
16113 4 2 1 1 270 1256 269 907
16114 4 2 1 1 1349 2751 2884 1340
16115 4 2 1 1 301 595 302 2025
16116 4 2 1 1 301 595 2025 594
16117 4 2 1 1 3087 3023 3096 181
16118 4 2 1 1 3022 3080 3104 304
16119 4 2 1 1 2751 596 2748 1340
16120 4 2 1 1 3023 3101 3096 181
16121 4 2 1 1 2007 3289 2751 1312
16122 4 2 1 1 301 2025 302 1308
16123 4 2 1 1 1921 1999 1996 2000
16124 4 2 1 1 1454 3152 1492 1464
16125 4 2 1 1 74 73 816 739
16126 4 2 1 1 1339 2278 1311 2230
16127 4 2 1 1 1350 2474 1332 2895
16128 4 2 1 1 1332 1324 2622 1334
16129 4 2 1 1 1339 2230 1311 286
16130 4 2 1 1 1347 2435 1339 1323
16131 4 2 1 1 1335 287 2279 2306
16132 4 2 1 1 1364 1441 1366 1362
16133 4 2 1 1 1364 1441 1362 1446
16134 4 2 1 1 2621 2278 2279 1311
16135 4 2 1 1 73 74 816 112
16136 4 2 1 1 73 736 816 739
16137 4 2 1 1 987 1318 1306 984
16138 4 2 1 1 736 73 816 813
16139 4 2 1 1 987 1005 1319 982
16140 4 2 1 1 3121 1338 1359 1315
16141 4 2 1 1 3121 305 1338 1315
16142 4 2 1 1 3191 3197 295 296
16143 4 2 1 1 1188 1169 867 1187
16144 4 2 1 1 897 2298 269 907
16145 4 2 1 1 917 897 269 907
16146 4 2 1 1 3198 3194 21 296
16147 4 2 1 1 245 848 838 1187
16148 4 2 1 1 1073 1052 1050 3216
16149 4 2 1 1 330 3194 24 3196
16150 4 2 1 1 246 245 838 1187
16151 4 2 1 1 3175 1976 1966 3174
16152 4 2 1 1 246 245 2668 2407
16153 4 2 1 1 3217 3218 3195 3199
16154 4 2 1 1 245 848 828 838
16155 4 2 1 1 1334 2621 2279 1311
16156 4 2 1 1 287 1335 2279 1311
16157 4 2 1 1 2613 2310 1336 2308
16158 4 2 1 1 3119 846 3118 1901
16159 4 2 1 1 1335 1331 1336 2308
16160 4 2 1 1 1987 1976 3177 1957
16161 4 2 1 1 1442 1363 1439 1443
16162 4 2 1 1 35 3147 464 1842
16163 4 2 1 1 3239 853 860 3237
16164 4 2 1 1 327 2311 1382 1400
16165 4 2 1 1 2402 1401 1382 1400
16166 4 2 1 1 1398 1401 1399 2760
16167 4 2 1 1 2311 2681 2402 1400
16168 4 2 1 1 2498 1662 1699 2767
16169 4 2 1 1 1060 1032 3162 2649
16170 4 2 1 1 1416 1394 1056 1428
16171 4 2 1 1 1360 1443 1364 1446
16172 4 2 1 1 489 136 849 3172
16173 4 2 1 1 1891 3239 860 3237
16174 4 2 1 1 3145 1391 1392 1419
16175 4 2 1 1 847 3239 852 860
16176 4 2 1 1 1078 3218 208 209
16177 4 2 1 1 847 3239 860 1891
16178 4 2 1 1 1053 3205 1052 1054
16179 4 2 1 1 2498 1662 1688 1699
16180 4 2 1 1 1939 2463 1967 2356
16181 4 2 1 1 2463 1939 1967 519
16182 4 2 1 1 1395 2150 2369 2153
16183 4 2 1 1 3196 1426 317 24
16184 4 2 1 1 520 2463 2741 1967
16185 4 2 1 1 1367 287 1446 1362
16186 4 2 1 1 3194 3198 21 24
16187 4 2 1 1 2463 520 519 1967
16188 4 2 1 1 3158 2875 1960 3111
16189 4 2 1 1 136 3172 97 98
16190 4 2 1 1 1444 1442 1443 1363
16191 4 2 1 1 451 490 97 452
16192 4 2 1 1 1364 1365 1443 1363
16193 4 2 1 1 1365 1444 1443 1363
16194 4 2 1 1 2153 2148 1396 2150
16195 4 2 1 1 2599 2732 1765 2396
16196 4 2 1 1 2875 1965 1960 3111
16197 4 2 1 1 1509 1431 1516 1435
16198 4 2 1 1 311 348 310 2654
16199 4 2 1 1 811 96 805 882
16200 4 2 1 1 96 811 134 882
16201 4 2 1 1 1970 3110 1982 512
16202 4 2 1 1 1408 1387 3127 1429
16203 4 2 1 1 2963 499 1982 39
16204 4 2 1 1 2732 1728 1765 2396
16205 4 2 1 1 2087 312 313 1410
16206 4 2 1 1 231 345 1455 346
16207 4 2 1 1 692 719 721 2513
16208 4 2 1 1 543 2014 3293 544
16209 4 2 1 1 1960 3158 3111 1978
16210 4 2 1 1 2498 1662 2896 1688
16211 4 2 1 1 918 513 1942 159
16212 4 2 1 1 2067 1747 2068 2066
16213 4 2 1 1 838 835 2283 2275
16214 4 2 1 1 895 1942 159 918
16215 4 2 1 1 287 1441 1446 1362
16216 4 2 1 1 1741 3204 1740 3203
16217 4 2 1 1 443 1771 3196 1730
16218 4 2 1 1 3218 3196 3195 3199
16219 4 2 1 1 3287 2758 3296 3112
16220 4 2 1 1 1437 309 347 346
16221 4 2 1 1 1451 3151 1479 347
16222 4 2 1 1 1064 191 1036 2810
16223 4 2 1 1 307 308 346 193
16224 4 2 1 1 936 895 918 1942
16225 4 2 1 1 1240 2944 266 265
16226 4 2 1 1 1585 1507 332 1502
16227 4 2 1 1 3113 2304 3115 2738
16228 4 2 1 1 898 2805 934 3115
16229 4 2 1 1 2101 2784 2665 1477
16230 4 2 1 1 2710 1946 1934 1945
16231 4 2 1 1 1454 3152 1481 1492
16232 4 2 1 1 1992 1995 2975 1990
16233 4 2 1 1 920 930 3181 922
16234 4 2 1 1 499 2963 2974 1989
16235 4 2 1 1 2351 1453 2405 1476
16236 4 2 1 1 2564 926 2856 154
16237 4 2 1 1 2101 2666 1465 2096
16238 4 2 1 1 2857 942 926 153
16239 4 2 1 1 499 1995 2963 1989
16240 4 2 1 1 2438 349 2654 2778
16241 4 2 1 1 1942 1981 918 1971
16242 4 2 1 1 936 1942 918 1971
16243 4 2 1 1 2391 1488 2648 2782
16244 4 2 1 1 2391 2648 1488 1470
16245 4 2 1 1 2564 154 153 926
16246 4 2 1 1 2857 2564 153 926
16247 4 2 1 1 1125 1485 1499 1472
16248 4 2 1 1 1125 1485 1447 1499
16249 4 2 1 1 2068 1747 2067 1748
16250 4 2 1 1 732 80 2011 563
16251 4 2 1 1 693 80 2011 732
16252 4 2 1 1 562 80 563 2011
16253 4 2 1 1 337 1508 1586 1501
16254 4 2 1 1 554 553 148 2866
16255 4 2 1 1 562 693 80 2011
16256 4 2 1 1 3286 3100 3024 642
16257 4 2 1 1 308 3169 3168 192
16258 4 2 1 1 23 1423 307 3212
16259 4 2 1 1 578 939 152 9
16260 4 2 1 1 2050 939 927 152
16261 4 2 1 1 573 870 2022 2855
16262 4 2 1 1 1104 231 1455 346
16263 4 2 1 1 2685 2130 2686 1539
16264 4 2 1 1 3286 3100 581 3024
16265 4 2 1 1 2630 334 372 2631
16266 4 2 1 1 576 150 577 2548
16267 4 2 1 1 2901 41 578 9
16268 4 2 1 1 33 436 1776 2642
16269 4 2 1 1 2288 3144 3157 1866
16270 4 2 1 1 943 2952 2961 2950
16271 4 2 1 1 3144 2116 2286 2123
16272 4 2 1 1 1527 1908 1530 1907
16273 4 2 1 1 2604 1563 2293 1520
16274 4 2 1 1 1320 1351 2633 1323
16275 4 2 1 1 2878 2508 2445 959
16276 4 2 1 1 2288 3144 1866 2286
16277 4 2 1 1 994 2508 2878 959
16278 4 2 1 1 1895 1882 2683 1890
16279 4 2 1 1 982 3142 1318 981
16280 4 2 1 1 2663 33 1776 2642
16281 4 2 1 1 1521 1537 2686 1538
16282 4 2 1 1 1209 1518 1553 1556
16283 4 2 1 1 340 1584 378 28
16284 4 2 1 1 2468 968 971 977
16285 4 2 1 1 446 447 409 1787
16286 4 2 1 1 1898 1563 3144 3157
16287 4 2 1 1 1569 1518 1194 1556
16288 4 2 1 1 3228 3234 3232 25
16289 4 2 1 1 1584 1506 369 28
16290 4 2 1 1 3233 3244 1567 1868
16291 4 2 1 1 367 3250 3249 3241
16292 4 2 1 1 866 826 849 1872
16293 4 2 1 1 446 1710 1713 1787
16294 4 2 1 1 1504 338 339 1582
16295 4 2 1 1 446 1710 1787 409
16296 4 2 1 1 338 377 1582 376
16297 4 2 1 1 1552 1885 1528 1529
16298 4 2 1 1 446 1710 409 408
16299 4 2 1 1 1170 239 3161 240
16300 4 2 1 1 1192 1209 1553 1171
16301 4 2 1 1 3161 1170 240 1201
16302 4 2 1 1 1526 1209 1201 1171
16303 4 2 1 1 282 118 117 156
16304 4 2 1 1 446 1710 408 1713
16305 4 2 1 1 3257 119 3247 823
16306 4 2 1 1 395 3161 394 357
16307 4 2 1 1 356 355 241 394
16308 4 2 1 1 170 3198 1356 962
16309 4 2 1 1 1602 1978 1600 1597
16310 4 2 1 1 1602 1978 1597 3111
16311 4 2 1 1 46 171 970 632
16312 4 2 1 1 1599 3158 1601 1632
16313 4 2 1 1 1240 1596 1623 1635
16314 4 2 1 1 1356 3198 170 283
16315 4 2 1 1 1956 3259 1587 3177
16316 4 2 1 1 1313 2632 3140 1351
16317 4 2 1 1 170 1356 169 962
16318 4 2 1 1 518 3165 2290 1963
16319 4 2 1 1 400 2292 1594 1620
16320 4 2 1 1 981 1341 984 983
16321 4 2 1 1 2636 2637 1568 2635
16322 4 2 1 1 1110 2655 2341 2205
16323 4 2 1 1 1320 3142 1318 1319
16324 4 2 1 1 1323 1324 1347 2436
16325 4 2 1 1 1617 2296 1608 1591
16326 4 2 1 1 3044 1026 3063 1022
16327 4 2 1 1 2296 1617 1608 2357
16328 4 2 1 1 2475 1628 1615 1605
16329 4 2 1 1 2013 2758 2759 3112
16330 4 2 1 1 1277 2384 3148 2451
16331 4 2 1 1 1003 3142 1004 979
16332 4 2 1 1 2476 1592 2656 1620
16333 4 2 1 1 2295 2476 2656 1620
16334 4 2 1 1 3055 3044 1026 3063
16335 4 2 1 1 3180 391 390 3177
16336 4 2 1 1 182 183 3053 3052
16337 4 2 1 1 2888 3142 3163 1003
16338 4 2 1 1 2600 976 979 1003
16339 4 2 1 1 2626 358 2260 2627
16340 4 2 1 1 2761 2039 1003 2888
16341 4 2 1 1 2357 2296 2455 1608
16342 4 2 1 1 2508 2585 2584 174
16343 4 2 1 1 392 3176 391 1623
16344 4 2 1 1 3114 2526 3219 640
16345 4 2 1 1 1940 1977 1968 1597
16346 4 2 1 1 2861 3291 2868 542
16347 4 2 1 1 2446 1011 977 999
16348 4 2 1 1 2468 972 2721 2469
16349 4 2 1 1 1602 3158 1601 1600
16350 4 2 1 1 1519 1548 1557 2709
16351 4 2 1 1 1654 1576 1652 1575
16352 4 2 1 1 1011 2445 959 999
16353 4 2 1 1 3292 2889 3269 607
16354 4 2 1 1 3189 984 985 987
16355 4 2 1 1 1684 1354 3182 3033
16356 4 2 1 1 2168 2167 2649 3162
16357 4 2 1 1 1343 294 3186 3182
16358 4 2 1 1 991 1013 1001 3223
16359 4 2 1 1 3197 3198 962 1356
16360 4 2 1 1 1684 1315 420 1663
16361 4 2 1 1 1315 1687 1698 1345
16362 4 2 1 1 1317 3197 962 1356
16363 4 2 1 1 169 1356 1341 962
16364 4 2 1 1 1686 1662 1688 2896
16365 4 2 1 1 3292 2889 607 2044
16366 4 2 1 1 983 169 1341 962
16367 4 2 1 1 168 1014 1017 1094
16368 4 2 1 1 1697 2318 2319 2320
16369 4 2 1 1 3264 3017 3092 608
16370 4 2 1 1 2360 1688 2498 2494
16371 4 2 1 1 2897 3264 608 2044
16372 4 2 1 1 3030 1721 421 3107
16373 4 2 1 1 1687 1345 3108 1675
16374 4 2 1 1 3191 3186 1344 295
16375 4 2 1 1 3073 22 306 3036
16376 4 2 1 1 3121 305 1315 1663
16377 4 2 1 1 421 3032 3031 420
16378 4 2 1 1 1723 3070 1719 3050
16379 4 2 1 1 3012 426 1720 425
16380 4 2 1 1 2677 447 2529 409
16381 4 2 1 1 2332 1819 1798 2602
16382 4 2 1 1 3290 1003 992 2761
16383 4 2 1 1 2388 1680 1660 1702
16384 4 2 1 1 2388 1702 1660 410
16385 4 2 1 1 169 1356 170 283
16386 4 2 1 1 3290 961 181 992
16387 4 2 1 1 231 1089 1160 1166
16388 4 2 1 1 1819 2332 1798 1847
16389 4 2 1 1 1679 1680 2390 1678
16390 4 2 1 1 2390 1680 1667 1678
16391 4 2 1 1 617 657 1693 1668
16392 4 2 1 1 62 63 3049 3042
16393 4 2 1 1 418 417 3049 1693
16394 4 2 1 1 144 919 145 2953
16395 4 2 1 1 1377 3204 318 3214
16396 4 2 1 1 1377 3204 3214 1742
16397 4 2 1 1 1377 3204 1742 1413
16398 4 2 1 1 3202 3209 1733 3207
16399 4 2 1 1 121 120 951 874
16400 4 2 1 1 1420 2148 1396 2744
16401 4 2 1 1 1426 1730 3196 3204
16402 4 2 1 1 3194 330 443 3196
16403 4 2 1 1 1790 444 1792 406
16404 4 2 1 1 1420 1410 2088 2744
16405 4 2 1 1 2744 1398 1399 2760
16406 4 2 1 1 999 959 2878 2445
16407 4 2 1 1 440 3120 2663 3166
16408 4 2 1 1 700 1031 1051 1050
16409 4 2 1 1 1410 2285 2088 2744
16410 4 2 1 1 2069 2068 2067 1748
16411 4 2 1 1 3124 407 291 445
16412 4 2 1 1 2677 1765 2529 447
16413 4 2 1 1 437 1763 438 3173
16414 4 2 1 1 3200 3208 3201 3210
16415 4 2 1 1 1385 1035 193 1058
16416 4 2 1 1 2878 959 999 994
16417 4 2 1 1 750 48 86 85
16418 4 2 1 1 1035 1075 1058 1385
16419 4 2 1 1 2684 2060 3160 2221
16420 4 2 1 1 1713 1715 1791 1714
16421 4 2 1 1 1412 1423 1058 1385
16422 4 2 1 1 1075 1412 1058 1385
16423 4 2 1 1 2061 34 450 1774
16424 4 2 1 1 2586 1772 449 448
16425 4 2 1 1 410 2388 2458 2367
16426 4 2 1 1 1035 3169 1064 1069
16427 4 2 1 1 1075 1416 1069 1056
16428 4 2 1 1 1069 1392 1394 1416
16429 4 2 1 1 1416 1035 1069 1430
16430 4 2 1 1 2816 2398 1776 1762
16431 4 2 1 1 1430 3169 1069 3145
16432 4 2 1 1 1035 3169 1069 1430
16433 4 2 1 1 1411 1054 1072 1428
16434 4 2 1 1 1069 1392 1416 1430
16435 4 2 1 1 1394 1416 1056 1069
16436 4 2 1 1 201 1092 163 1098
16437 4 2 1 1 84 210 1040 1080
16438 4 2 1 1 686 84 1040 1080
16439 4 2 1 1 110 73 813 111
16440 4 2 1 1 2245 1844 1814 461
16441 4 2 1 1 1020 1014 207 1091
16442 4 2 1 1 2394 1803 2330 2667
16443 4 2 1 1 1097 1020 207 1091
16444 4 2 1 1 3262 1809 3227 1811
16445 4 2 1 1 778 793 1808 1795
16446 4 2 1 1 1096 1019 1095 1094
16447 4 2 1 1 2329 1818 2327 1817
16448 4 2 1 1 466 110 3211 757
16449 4 2 1 1 1448 1812 1813 1836
16450 4 2 1 1 2608 1837 1821 2331
16451 4 2 1 1 2608 1826 1821 1837
16452 4 2 1 1 1805 2559 460 459
16453 4 2 1 1 2461 1840 2327 2602
16454 4 2 1 1 1848 1926 456 457
16455 4 2 1 1 2744 1398 2760 2153
16456 4 2 1 1 283 3198 321 21
16457 4 2 1 1 1014 1018 1017 1094
16458 4 2 1 1 2530 496 2122 2661
16459 4 2 1 1 2560 1871 1899 497
16460 4 2 1 1 3231 3232 1102 1483
16461 4 2 1 1 2102 3128 2678 338
16462 4 2 1 1 2461 458 2602 2661
16463 4 2 1 1 2651 459 497 2559
16464 4 2 1 1 458 1932 496 497
16465 4 2 1 1 2102 3128 338 376
16466 4 2 1 1 1494 3128 2678 3130
16467 4 2 1 1 158 121 120 951
16468 4 2 1 1 158 121 951 159
16469 4 2 1 1 1460 1829 1813 1846
16470 4 2 1 1 3168 191 2810 2473
16471 4 2 1 1 1785 1856 1783 1779
16472 4 2 1 1 1785 1856 1779 471
16473 4 2 1 1 2806 3168 2810 2473
16474 4 2 1 1 1800 470 471 2785
16475 4 2 1 1 1783 1860 1858 1863
16476 4 2 1 1 474 436 435 1858
16477 4 2 1 1 488 3132 1912 3123
16478 4 2 1 1 1873 1900 824 1912
16479 4 2 1 1 1881 1871 2121 1897
16480 4 2 1 1 1900 3132 1912 488
16481 4 2 1 1 158 476 159 514
16482 4 2 1 1 58 3024 3286 580
16483 4 2 1 1 1881 2120 2119 2121
16484 4 2 1 1 99 2420 2583 2821
16485 4 2 1 1 3119 486 1864 1901
16486 4 2 1 1 1855 1849 1930 1927
16487 4 2 1 1 3149 1133 1139 1131
16488 4 2 1 1 1115 1113 1116 2726
16489 4 2 1 1 3238 1884 1886 1517
16490 4 2 1 1 2493 2362 973 2363
16491 4 2 1 1 976 2362 973 2493
16492 4 2 1 1 2223 3150 1131 1129
16493 4 2 1 1 1928 1933 1850 1930
16494 4 2 1 1 24 321 3198 21
16495 4 2 1 1 2838 226 1135 1106
16496 4 2 1 1 2286 2683 1890 1895
16497 4 2 1 1 536 2923 3287 535
16498 4 2 1 1 1451 2791 2392 2783
16499 4 2 1 1 2288 3144 2286 2287
16500 4 2 1 1 1451 2791 2783 1489
16501 4 2 1 1 1904 2673 2480 2724
16502 4 2 1 1 1896 854 1873 1917
16503 4 2 1 1 2840 1135 226 225
16504 4 2 1 1 363 1898 1527 478
16505 4 2 1 1 1866 1895 3144 1908
16506 4 2 1 1 3238 367 366 1517
16507 4 2 1 1 3249 1907 1870 1555
16508 4 2 1 1 3249 1907 1555 1886
16509 4 2 1 1 2070 1734 1754 2679
16510 4 2 1 1 2840 1135 225 2841
16511 4 2 1 1 187 1090 13 225
16512 4 2 1 1 2633 1351 1320 3142
16513 4 2 1 1 805 96 97 882
16514 4 2 1 1 1848 1932 1854 1930
16515 4 2 1 1 2586 410 2587 2458
16516 4 2 1 1 2703 2707 1899 1909
16517 4 2 1 1 451 490 452 1849
16518 4 2 1 1 135 826 490 1872
16519 4 2 1 1 1158 256 257 1235
16520 4 2 1 1 218 1102 331 217
16521 4 2 1 1 1962 2355 2299 1939
16522 4 2 1 1 2355 2300 2299 1939
16523 4 2 1 1 2355 2356 1939 1975
16524 4 2 1 1 781 756 794 1109
16525 4 2 1 1 2450 2434 1946 2499
16526 4 2 1 1 521 2395 1941 520
16527 4 2 1 1 481 2673 2463 519
16528 4 2 1 1 2000 1918 1924 1996
16529 4 2 1 1 3231 3227 3226 3225
16530 4 2 1 1 1317 1306 1318 984
16531 4 2 1 1 2746 1948 1950 1949
16532 4 2 1 1 3293 1974 2014 1936
16533 4 2 1 1 213 2178 214 2158
16534 4 2 1 1 239 1170 2187 1197
16535 4 2 1 1 1185 1211 1175 2154
16536 4 2 1 1 2569 2251 1945 2304
16537 4 2 1 1 1953 3253 515 1938
16538 4 2 1 1 916 1973 1986 1935
16539 4 2 1 1 1961 916 1986 930
16540 4 2 1 1 1197 2713 2187 239
16541 4 2 1 1 211 212 1153 1230
16542 4 2 1 1 2916 548 508 2989
16543 4 2 1 1 2905 1944 2018 2869
16544 4 2 1 1 1972 2847 512 1983
16545 4 2 1 1 1243 3164 2384 2700
16546 4 2 1 1 2869 3280 2847 1983
16547 4 2 1 1 2869 3280 1983 508
16548 4 2 1 1 2925 39 2983 512
16549 4 2 1 1 1972 1934 511 2737
16550 4 2 1 1 2869 3280 508 549
16551 4 2 1 1 2974 2963 2975 1989
16552 4 2 1 1 2201 1128 215 2206
16553 4 2 1 1 2963 1995 2975 1989
16554 4 2 1 1 1944 2905 1949 1947
16555 4 2 1 1 1185 2152 2151 2154
16556 4 2 1 1 1554 1196 3251 1564
16557 4 2 1 1 1341 1317 984 962
16558 4 2 1 1 983 1341 984 962
16559 4 2 1 1 1189 3243 1191 1190
16560 4 2 1 1 2625 1202 1208 3134
16561 4 2 1 1 2145 1210 1198 1186
16562 4 2 1 1 3134 2144 2625 2368
16563 4 2 1 1 1156 1233 1230 1234
16564 4 2 1 1 2152 1195 2155 2154
16565 4 2 1 1 1665 425 2038 603
16566 4 2 1 1 1720 1724 3078 3012
16567 4 2 1 1 426 605 3085 3021
16568 4 2 1 1 1687 3121 1688 3108
16569 4 2 1 1 1185 1195 2152 2154
16570 4 2 1 1 1286 2768 2770 1274
16571 4 2 1 1 1341 1317 1318 984
16572 4 2 1 1 2929 2993 148 948
16573 4 2 1 1 2070 1754 1734 1751
16574 4 2 1 1 2710 1947 2499 2711
16575 4 2 1 1 10 2563 574 153
16576 4 2 1 1 2882 2490 2503 1701
16577 4 2 1 1 425 1665 424 603
16578 4 2 1 1 1823 1837 2393 1820
16579 4 2 1 1 1676 2520 2877 2023
16580 4 2 1 1 837 1206 247 1169
16581 4 2 1 1 2393 2331 2330 1820
16582 4 2 1 1 660 66 2899 2849
16583 4 2 1 1 1196 1213 1554 1193
16584 4 2 1 1 579 2900 2 42
16585 4 2 1 1 1837 2331 2393 1820
16586 4 2 1 1 2900 2 42 555
16587 4 2 1 1 1185 1214 1186 2151
16588 4 2 1 1 3117 3114 2365 2561
16589 4 2 1 1 411 1712 449 412
16590 4 2 1 1 2065 2093 450 2063
16591 4 2 1 1 1774 2061 2063 450
16592 4 2 1 1 3146 2061 2059 2060
16593 4 2 1 1 2058 3146 2059 2060
16594 4 2 1 1 247 835 836 837
16595 4 2 1 1 1202 1200 1208 3134
16596 4 2 1 1 2732 3133 1728 2396
16597 4 2 1 1 1766 1728 3133 445
16598 4 2 1 1 2146 1214 2151 1186
16599 4 2 1 1 2445 2431 995 959
16600 4 2 1 1 1493 2666 1452 2085
16601 4 2 1 1 2432 2431 995 2445
16602 4 2 1 1 1240 2944 3176 266
16603 4 2 1 1 1454 3152 3154 1481
16604 4 2 1 1 3136 1170 1201 1199
16605 4 2 1 1 1544 1540 1556 3135
16606 4 2 1 1 3117 3146 2253 2059
16607 4 2 1 1 247 2281 836 835
16608 4 2 1 1 1709 2361 2588 1681
16609 4 2 1 1 2200 3161 2140 2211
16610 4 2 1 1 2064 1764 1774 1736
16611 4 2 1 1 3136 1570 1199 1201
16612 4 2 1 1 2170 1048 2172 1076
16613 4 2 1 1 1048 2171 2170 2172
16614 4 2 1 1 2173 1047 1076 2172
16615 4 2 1 1 1507 1581 1503 1505
16616 4 2 1 1 2406 2405 2781 1476
16617 4 2 1 1 373 374 1546 2257
16618 4 2 1 1 2145 1198 1208 1186
16619 4 2 1 1 2529 409 448 2458
16620 4 2 1 1 2146 2145 1208 1186
16621 4 2 1 1 3180 3179 1281 1259
16622 4 2 1 1 1537 2685 2541 2686
16623 4 2 1 1 244 243 1300 1223
16624 4 2 1 1 2115 2126 2125 1538
16625 4 2 1 1 1223 1305 1228 1225
16626 4 2 1 1 243 281 1300 1304
16627 4 2 1 1 239 2713 2700 277
16628 4 2 1 1 2529 448 409 447
16629 4 2 1 1 1223 1305 1225 1300
16630 4 2 1 1 3161 3164 277 2700
16631 4 2 1 1 1418 2531 2744 1399
16632 4 2 1 1 2149 1409 2654 311
16633 4 2 1 1 3164 3161 2672 2700
16634 4 2 1 1 1195 2155 1175 251
16635 4 2 1 1 1422 1420 1381 2148
16636 4 2 1 1 2156 1195 252 251
16637 4 2 1 1 1156 1155 1234 1157
16638 4 2 1 1 2149 2148 1381 2147
16639 4 2 1 1 1155 1156 1234 1232
16640 4 2 1 1 239 3161 277 2700
16641 4 2 1 1 311 2438 2654 2147
16642 4 2 1 1 1422 2149 2150 2148
16643 4 2 1 1 349 2438 2654 311
16644 4 2 1 1 2148 1420 2088 2744
16645 4 2 1 1 2164 3169 3145 2169
16646 4 2 1 1 180 587 3013 588
16647 4 2 1 1 1902 3132 2198 487
16648 4 2 1 1 1902 3132 487 488
16649 4 2 1 1 1064 1070 3145 2169
16650 4 2 1 1 1133 229 3151 2473
16651 4 2 1 1 3132 2696 2198 2465
16652 4 2 1 1 204 2592 2605 203
16653 4 2 1 1 1034 2593 2176 2591
16654 4 2 1 1 1634 3248 30 393
16655 4 2 1 1 204 1034 203 2605
16656 4 2 1 1 1304 242 243 280
16657 4 2 1 1 241 280 242 1304
16658 4 2 1 1 201 164 1092 202
16659 4 2 1 1 1272 3260 1281 1245
16660 4 2 1 1 3258 3260 1245 1281
16661 4 2 1 1 1726 703 706 1738
16662 4 2 1 1 2103 374 1522 375
16663 4 2 1 1 1450 3130 2678 2203
16664 4 2 1 1 338 1450 1494 2678
16665 4 2 1 1 3179 3180 1281 3258
16666 4 2 1 1 1262 3180 1281 1259
16667 4 2 1 1 1833 3159 2237 2239
16668 4 2 1 1 1262 3258 1245 1281
16669 4 2 1 1 486 487 2198 2231
16670 4 2 1 1 2197 198 2196 2224
16671 4 2 1 1 2820 2232 2231 3119
16672 4 2 1 1 1726 706 703 704
16673 4 2 1 1 776 3171 777 774
16674 4 2 1 1 1895 1904 2286 2480
16675 4 2 1 1 1845 780 1806 3170
16676 4 2 1 1 3180 1262 1281 3258
16677 4 2 1 1 2865 2385 1609 2909
16678 4 2 1 1 2241 1796 2239 2242
16679 4 2 1 1 3119 487 486 2231
16680 4 2 1 1 2420 99 2702 2821
16681 4 2 1 1 2350 2413 3166 2412
16682 4 2 1 1 2586 448 2458 2598
16683 4 2 1 1 2698 3171 3159 2381
16684 4 2 1 1 1322 2507 1324 2436
16685 4 2 1 1 1324 2507 1322 1357
16686 4 2 1 1 2061 1705 412 31
16687 4 2 1 1 2398 2333 2642 436
16688 4 2 1 1 2663 3120 2642 2349
16689 4 2 1 1 450 2061 2063 412
16690 4 2 1 1 2725 2541 1521 2401
16691 4 2 1 1 3138 2207 2209 2206
16692 4 2 1 1 34 2061 412 31
16693 4 2 1 1 1712 1794 1791 1789
16694 4 2 1 1 3150 2589 2209 2207
16695 4 2 1 1 2149 1409 1422 2150
16696 4 2 1 1 2541 1536 1521 2401
16697 4 2 1 1 1207 1173 3134 1202
16698 4 2 1 1 1639 1588 1263 1626
16699 4 2 1 1 1095 1018 1091 1094
16700 4 2 1 1 2630 1453 2405 2276
16701 4 2 1 1 2267 1217 2268 2269
16702 4 2 1 1 2266 2267 1217 2268
16703 4 2 1 1 901 2548 2030 2858
16704 4 2 1 1 1217 2266 2268 1205
16705 4 2 1 1 3117 2057 2059 2561
16706 4 2 1 1 118 1218 825 1178
16707 4 2 1 1 939 578 2902 9
16708 4 2 1 1 282 118 156 243
16709 4 2 1 1 17 117 2272 20
16710 4 2 1 1 2885 2013 2759 3112
16711 4 2 1 1 1588 1262 1639 1263
16712 4 2 1 1 2270 2371 2557 273
16713 4 2 1 1 235 273 2557 236
16714 4 2 1 1 166 1019 1094 1017
16715 4 2 1 1 2269 2270 1289 2271
16716 4 2 1 1 1096 1019 1094 204
16717 4 2 1 1 2267 235 2270 2557
16718 4 2 1 1 2454 2298 270 2565
16719 4 2 1 1 235 2270 2557 273
16720 4 2 1 1 1011 2445 995 959
16721 4 2 1 1 273 274 2557 236
16722 4 2 1 1 2321 1327 1336 2613
16723 4 2 1 1 2254 2255 3141 3140
16724 4 2 1 1 2318 408 1697 1659
16725 4 2 1 1 650 2053 662 2052
16726 4 2 1 1 131 2407 2467 245
16727 4 2 1 1 327 2311 289 2312
16728 4 2 1 1 2312 1309 289 290
16729 4 2 1 1 1691 3156 1333 3108
16730 4 2 1 1 975 972 977 2469
16731 4 2 1 1 972 2468 977 2469
16732 4 2 1 1 1304 1223 1225 1300
16733 4 2 1 1 2736 868 3123 2422
16734 4 2 1 1 1304 1223 1300 243
16735 4 2 1 1 40 1981 3116 513
16736 4 2 1 1 1304 1223 243 1227
16737 4 2 1 1 650 2053 622 662
16738 4 2 1 1 2801 124 831 123
16739 4 2 1 1 1304 1223 1227 1225
16740 4 2 1 1 1361 283 284 321
16741 4 2 1 1 245 2773 2407 2467
16742 4 2 1 1 3169 1419 1407 2162
16743 4 2 1 1 3149 1104 1138 1500
16744 4 2 1 1 1019 1018 1095 1094
16745 4 2 1 1 1527 1908 1907 1898
16746 4 2 1 1 1807 757 791 797
16747 4 2 1 1 144 2973 919 2953
16748 4 2 1 1 1673 1661 1344 1708
16749 4 2 1 1 2248 2208 189 190
16750 4 2 1 1 2175 1057 1037 189
16751 4 2 1 1 3186 1344 295 1307
16752 4 2 1 1 397 396 358 2627
16753 4 2 1 1 360 398 2370 2708
16754 4 2 1 1 3197 1317 295 296
16755 4 2 1 1 3161 2141 2672 2187
16756 4 2 1 1 2297 396 2627 2260
16757 4 2 1 1 359 397 358 2627
16758 4 2 1 1 2206 2256 3137 2624
16759 4 2 1 1 371 370 3137 1536
16760 4 2 1 1 253 1174 2624 1202
16761 4 2 1 1 294 3186 3189 295
16762 4 2 1 1 1451 2791 1489 3151
16763 4 2 1 1 1341 981 1318 1351
16764 4 2 1 1 1334 2307 2279 2621
16765 4 2 1 1 2148 1420 1381 2088
16766 4 2 1 1 2516 2793 1667 2491
16767 4 2 1 1 2516 1695 1667 1705
16768 4 2 1 1 1680 1702 2390 1667
16769 4 2 1 1 2628 359 2627 2370
16770 4 2 1 1 1323 2633 2632 1351
16771 4 2 1 1 2630 3137 333 2258
16772 4 2 1 1 2630 3137 2258 2401
16773 4 2 1 1 2259 3150 2209 3138
16774 4 2 1 1 2207 1101 1128 2206
16775 4 2 1 1 80 562 720 79
16776 4 2 1 1 709 2413 3166 3167
16777 4 2 1 1 702 1737 3167 3166
16778 4 2 1 1 113 74 75 3120
16779 4 2 1 1 113 74 3120 112
16780 4 2 1 1 2570 730 2807 76
16781 4 2 1 1 2571 2570 2807 76
16782 4 2 1 1 1551 2626 2629 2627
16783 4 2 1 1 697 2409 728 2284
16784 4 2 1 1 545 505 1974 2990
16785 4 2 1 1 1948 2450 2499 2870
16786 4 2 1 1 2815 1974 1985 1965
16787 4 2 1 1 294 1343 3186 1307
16788 4 2 1 1 2979 1643 2931 3001
16789 4 2 1 1 1313 1323 2632 1351
16790 4 2 1 1 2740 2433 2741 1941
16791 4 2 1 1 101 763 566 2832
16792 4 2 1 1 3156 2316 2612 2319
16793 4 2 1 1 3113 2738 2881 2737
16794 4 2 1 1 3156 2494 1689 2319
16795 4 2 1 1 3194 3191 1661 1355
16796 4 2 1 1 977 975 2469 999
16797 4 2 1 1 3191 296 1344 1355
16798 4 2 1 1 2775 177 1006 967
16799 4 2 1 1 1661 3191 1344 1355
16800 4 2 1 1 2740 1951 1979 1941
16801 4 2 1 1 2392 3151 1451 347
16802 4 2 1 1 565 101 566 2832
16803 4 2 1 1 2998 1643 2931 2979
16804 4 2 1 1 1159 1236 18 211
16805 4 2 1 1 15 2835 2210 2774
16806 4 2 1 1 2714 249 2184 2195
16807 4 2 1 1 833 2510 2704 834
16808 4 2 1 1 2394 1823 2393 2330
16809 4 2 1 1 1364 1445 1361 1366
16810 4 2 1 1 327 289 1446 1439
16811 4 2 1 1 833 2863 2704 2510
16812 4 2 1 1 1031 1068 698 733
16813 4 2 1 1 713 1040 722 3217
16814 4 2 1 1 451 755 1842 1804
16815 4 2 1 1 3214 1414 1377 1743
16816 4 2 1 1 3200 1753 1414 1743
16817 4 2 1 1 202 2186 1039 201
16818 4 2 1 1 1753 1768 1414 1743
16819 4 2 1 1 1151 2339 225 2841
16820 4 2 1 1 1742 1427 1744 1377
16821 4 2 1 1 1377 3204 1413 318
16822 4 2 1 1 2331 2329 2330 1820
16823 4 2 1 1 1817 2329 1820 2330
16824 4 2 1 1 1114 1115 2726 1113
16825 4 2 1 1 2882 2490 1701 2500
16826 4 2 1 1 2588 2500 1681 2389
16827 4 2 1 1 1709 2361 1681 1660
16828 4 2 1 1 1664 3183 1700 1693
16829 4 2 1 1 1111 1113 2484 1142
16830 4 2 1 1 1113 2727 2484 1142
16831 4 2 1 1 771 2573 566 2004
16832 4 2 1 1 2420 99 2511 762
16833 4 2 1 1 99 100 2511 762
16834 4 2 1 1 99 2420 2511 2583
16835 4 2 1 1 3117 2059 2253 2561
16836 4 2 1 1 451 755 1804 97
16837 4 2 1 1 3117 2057 3146 2059
16838 4 2 1 1 77 561 2843 560
16839 4 2 1 1 2727 2489 2484 1142
16840 4 2 1 1 2392 3151 347 2399
16841 4 2 1 1 2600 3142 2352 2601
16842 4 2 1 1 2303 980 2363 2734
16843 4 2 1 1 627 2747 2429 629
16844 4 2 1 1 2054 661 2533 2028
16845 4 2 1 1 2020 2839 731 90
16846 4 2 1 1 77 719 2843 561
16847 4 2 1 1 1851 1931 1853 454
16848 4 2 1 1 646 54 556 2543
16849 4 2 1 1 1851 1931 454 1929
16850 4 2 1 1 619 2545 2892 2546
16851 4 2 1 1 612 648 2052 2848
16852 4 2 1 1 2087 2086 2088 1410
16853 4 2 1 1 311 2149 1381 2147
16854 4 2 1 1 3113 2354 2555 2844
16855 4 2 1 1 1420 1396 1399 2744
16856 4 2 1 1 1419 2163 1391 2161
16857 4 2 1 1 3113 2354 2844 2738
16858 4 2 1 1 2560 2707 2566 1899
16859 4 2 1 1 2376 1914 1899 2566
16860 4 2 1 1 2233 1914 2376 2566
16861 4 2 1 1 2560 2376 1899 2566
16862 4 2 1 1 2163 1389 1391 2610
16863 4 2 1 1 485 1914 38 2233
16864 4 2 1 1 129 873 2577 2853
16865 4 2 1 1 129 2032 2577 569
16866 4 2 1 1 129 2032 569 91
16867 4 2 1 1 129 2032 91 2578
16868 4 2 1 1 129 2032 2578 2577
16869 4 2 1 1 2904 271 1237 270
16870 4 2 1 1 411 2093 2587 2793
16871 4 2 1 1 1510 1436 1435 1432
16872 4 2 1 1 2318 1697 2319 1659
16873 4 2 1 1 560 77 731 2843
16874 4 2 1 1 2677 408 409 1697
16875 4 2 1 1 1791 1710 1714 1716
16876 4 2 1 1 1766 329 445 3133
16877 4 2 1 1 444 329 445 1766
16878 4 2 1 1 3124 2396 446 3133
16879 4 2 1 1 347 3151 1479 3168
16880 4 2 1 1 1390 1383 2610 1389
16881 4 2 1 1 1438 1433 1516 1435
16882 4 2 1 1 1511 1513 1516 1435
16883 4 2 1 1 1757 1387 1768 1415
16884 4 2 1 1 1273 2270 2371 2282
16885 4 2 1 1 1515 1510 1513 1435
16886 4 2 1 1 1431 1438 1516 1435
16887 4 2 1 1 1510 1436 1432 345
16888 4 2 1 1 1346 1308 1337 2825
16889 4 2 1 1 1324 2622 2621 2436
16890 4 2 1 1 2270 1273 1289 2282
16891 4 2 1 1 2758 3112 2865 2759
16892 4 2 1 1 1610 1607 1609 2385
16893 4 2 1 1 3148 1610 2385 1607
16894 4 2 1 1 1609 2385 2865 1610
16895 4 2 1 1 1339 1313 1323 2632
16896 4 2 1 1 2435 1339 1323 2632
16897 4 2 1 1 1339 2435 2229 2632
16898 4 2 1 1 2428 2431 2584 175
16899 4 2 1 1 627 664 652 2643
16900 4 2 1 1 2776 1012 967 999
16901 4 2 1 1 960 626 996 174
16902 4 2 1 1 1610 1640 1626 3122
16903 4 2 1 1 979 2600 3142 978
16904 4 2 1 1 968 2432 1007 995
16905 4 2 1 1 3287 2757 1629 1593
16906 4 2 1 1 2760 2531 1399 2744
16907 4 2 1 1 1364 1445 1366 1441
16908 4 2 1 1 1433 1511 1516 1435
16909 4 2 1 1 1365 1361 1443 1440
16910 4 2 1 1 349 2654 2778 1490
16911 4 2 1 1 1486 1475 1487 2788
16912 4 2 1 1 3154 470 2796 3131
16913 4 2 1 1 1361 1365 1443 1364
16914 4 2 1 1 1915 2603 2480 2683
16915 4 2 1 1 1543 1542 1545 2114
16916 4 2 1 1 337 374 2103 375
16917 4 2 1 1 2637 2636 1568 2400
16918 4 2 1 1 315 1434 314 1512
16919 4 2 1 1 2816 2827 2676 1745
16920 4 2 1 1 1884 3238 1886 1887
16921 4 2 1 1 1915 2724 2480 2603
16922 4 2 1 1 1514 1436 1512 1435
16923 4 2 1 1 1460 3153 1462 1461
16924 4 2 1 1 228 2248 2826 227
16925 4 2 1 1 2248 228 2826 190
16926 4 2 1 1 1140 1125 1499 1472
16927 4 2 1 1 2838 2248 227 2830
16928 4 2 1 1 3153 1463 1462 1461
16929 4 2 1 1 1539 1541 2125 1538
16930 4 2 1 1 77 719 731 2843
16931 4 2 1 1 1492 1459 1461 3152
16932 4 2 1 1 103 789 567 2005
16933 4 2 1 1 1063 1033 1072 1384
16934 4 2 1 1 799 2420 2418 762
16935 4 2 1 1 245 828 2407 838
16936 4 2 1 1 1449 2406 2717 335
16937 4 2 1 1 1543 2124 2132 1561
16938 4 2 1 1 2237 3159 464 3147
16939 4 2 1 1 2406 2717 335 2781
16940 4 2 1 1 2719 774 2419 796
16941 4 2 1 1 3147 2237 2238 2236
16942 4 2 1 1 573 7 574 2022
16943 4 2 1 1 2281 836 2387 2386
16944 4 2 1 1 2720 869 2444 116
16945 4 2 1 1 2822 620 2425 2799
16946 4 2 1 1 155 2856 897 154
16947 4 2 1 1 117 2695 2272 2720
16948 4 2 1 1 2782 1488 2778 1490
16949 4 2 1 1 620 2547 629 2799
16950 4 2 1 1 623 624 2429 629
16951 4 2 1 1 2438 2716 350 1487
16952 4 2 1 1 276 275 2731 1264
16953 4 2 1 1 2731 1243 2713 276
16954 4 2 1 1 1277 2496 2451 1267
16955 4 2 1 1 2355 1962 1975 1939
16956 4 2 1 1 1481 468 354 1498
16957 4 2 1 1 2456 1951 2356 1975
16958 4 2 1 1 1481 1822 468 1498
16959 4 2 1 1 466 428 1861 467
16960 4 2 1 1 3226 3211 3213 3224
16961 4 2 1 1 2086 2087 313 1410
16962 4 2 1 1 2087 351 2084 313
16963 4 2 1 1 1988 3011 1991 504
16964 4 2 1 1 311 349 350 1516
16965 4 2 1 1 2815 1974 1965 2875
16966 4 2 1 1 311 348 2654 349
16967 4 2 1 1 3154 470 1824 2796
16968 4 2 1 1 3131 2083 2078 2796
16969 4 2 1 1 646 2544 2543 2048
16970 4 2 1 1 1269 1277 2451 1267
16971 4 2 1 1 1060 2168 3162 3145
16972 4 2 1 1 312 350 313 1516
16973 4 2 1 1 2716 1452 350 1487
16974 4 2 1 1 2438 349 350 311
16975 4 2 1 1 360 399 1578 398
16976 4 2 1 1 1563 2604 2293 3144
16977 4 2 1 1 1520 2375 2604 362
16978 4 2 1 1 620 659 2029 2822
16979 4 2 1 1 2604 1563 1520 362
16980 4 2 1 1 1389 1394 1388 3162
16981 4 2 1 1 2784 2101 2786 1477
16982 4 2 1 1 1503 1508 1505 1586
16983 4 2 1 1 2101 1486 2786 1477
16984 4 2 1 1 1486 1474 2786 1477
16985 4 2 1 1 1532 1563 2293 3144
16986 4 2 1 1 1063 1394 1061 3162
16987 4 2 1 1 4 43 1 745
16988 4 2 1 1 2819 1036 191 2810
16989 4 2 1 1 571 832 126 2854
16990 4 2 1 1 44 2523 2425 2423
16991 4 2 1 1 2523 44 2425 2822
16992 4 2 1 1 2503 2504 1677 2491
16993 4 2 1 1 2047 2779 2876 905
16994 4 2 1 1 905 2779 2876 2808
16995 4 2 1 1 198 2277 696 697
16996 4 2 1 1 1113 2204 1112 1111
16997 4 2 1 1 198 697 197 2225
16998 4 2 1 1 1145 2344 1117 1116
16999 4 2 1 1 2565 2298 269 2271
17000 4 2 1 1 2607 1114 2620 2726
17001 4 2 1 1 2115 1541 1542 1538
17002 4 2 1 1 1407 3168 309 308
17003 4 2 1 1 191 1163 192 1086
17004 4 2 1 1 1535 1558 1534 2400
17005 4 2 1 1 2335 1139 1105 2334
17006 4 2 1 1 227 2248 2826 2830
17007 4 2 1 1 2607 1114 2726 1113
17008 4 2 1 1 1114 1115 2620 2726
17009 4 2 1 1 2158 213 2620 2180
17010 4 2 1 1 1130 3149 1131 1138
17011 4 2 1 1 2838 227 226 1106
17012 4 2 1 1 1126 228 2826 227
17013 4 2 1 1 3287 2758 2756 535
17014 4 2 1 1 1139 1145 1105 2334
17015 4 2 1 1 13 1081 2227 200
17016 4 2 1 1 2115 1547 2126 1538
17017 4 2 1 1 2644 2108 1550 1534
17018 4 2 1 1 2504 1678 1677 2491
17019 4 2 1 1 832 821 126 2854
17020 4 2 1 1 1154 1159 1231 258
17021 4 2 1 1 1002 2493 976 974
17022 4 2 1 1 2483 828 2283 2408
17023 4 2 1 1 848 1203 867 1187
17024 4 2 1 1 887 806 886 883
17025 4 2 1 1 2510 2387 2704 834
17026 4 2 1 1 127 821 2854 126
17027 4 2 1 1 1280 1251 2448 1254
17028 4 2 1 1 2497 1251 2448 2447
17029 4 2 1 1 2769 2912 1250 2447
17030 4 2 1 1 1251 1250 1249 2447
17031 4 2 1 1 1250 2912 1249 2447
17032 4 2 1 1 1239 2927 3112 3005
17033 4 2 1 1 383 538 2931 537
17034 4 2 1 1 1848 1852 1851 1930
17035 4 2 1 1 1002 2761 1003 2495
17036 4 2 1 1 976 1002 1003 2495
17037 4 2 1 1 1852 1848 1854 1930
17038 4 2 1 1 1196 369 1564 1525
17039 4 2 1 1 3121 1687 1688 1686
17040 4 2 1 1 1196 369 1525 255
17041 4 2 1 1 337 1508 336 1586
17042 4 2 1 1 507 548 2018 2869
17043 4 2 1 1 508 2925 39 3009
17044 4 2 1 1 1962 2355 2815 2457
17045 4 2 1 1 508 39 2925 1983
17046 4 2 1 1 3022 3289 597 3263
17047 4 2 1 1 939 2050 578 152
17048 4 2 1 1 3171 780 3170 1806
17049 4 2 1 1 2955 2984 3006 1641
17050 4 2 1 1 950 945 2968 2980
17051 4 2 1 1 946 2981 2929 2961
17052 4 2 1 1 2952 943 2961 946
17053 4 2 1 1 554 2901 148 9
17054 4 2 1 1 30 3246 3248 3253
17055 4 2 1 1 1530 1907 1888 1886
17056 4 2 1 1 2950 945 947 949
17057 4 2 1 1 721 2837 2513 2414
17058 4 2 1 1 2837 692 721 2513
17059 4 2 1 1 2410 694 2517 2518
17060 4 2 1 1 694 2410 2517 2478
17061 4 2 1 1 501 3174 1940 2937
17062 4 2 1 1 2937 2938 501 2939
17063 4 2 1 1 2839 692 2837 2513
17064 4 2 1 1 3012 426 425 604
17065 4 2 1 1 572 127 2854 126
17066 4 2 1 1 166 205 167 1094
17067 4 2 1 1 947 2950 2961 2968
17068 4 2 1 1 1247 1287 142 894
17069 4 2 1 1 1287 268 142 2970
17070 4 2 1 1 3094 1370 3027 301
17071 4 2 1 1 2952 946 2961 2981
17072 4 2 1 1 165 971 2723 2528
17073 4 2 1 1 943 947 949 2950
17074 4 2 1 1 946 145 146 2952
17075 4 2 1 1 2973 919 2953 500
17076 4 2 1 1 499 1943 2953 145
17077 4 2 1 1 1943 499 2953 500
17078 4 2 1 1 1629 3287 1619 3112
17079 4 2 1 1 2936 501 502 2937
17080 4 2 1 1 2592 165 2723 2528
17081 4 2 1 1 2945 144 2942 143
17082 4 2 1 1 2941 3175 3178 2942
17083 4 2 1 1 1760 3126 2539 1758
17084 4 2 1 1 2090 3125 2539 2537
17085 4 2 1 1 386 2926 2984 3008
17086 4 2 1 1 1760 3126 1758 1728
17087 4 2 1 1 3279 386 1590 385
17088 4 2 1 1 1760 2732 2745 2539
17089 4 2 1 1 151 150 2550 890
17090 4 2 1 1 382 1621 383 2754
17091 4 2 1 1 578 2050 577 152
17092 4 2 1 1 909 150 890 2550
17093 4 2 1 1 2995 382 3001 2931
17094 4 2 1 1 576 150 909 2550
17095 4 2 1 1 3287 2995 1593 381
17096 4 2 1 1 167 166 1094 1017
17097 4 2 1 1 166 205 1094 204
17098 4 2 1 1 3094 1370 301 1375
17099 4 2 1 1 3094 1370 1375 3075
17100 4 2 1 1 674 678 677 3057
17101 4 2 1 1 1240 2944 2971 3176
17102 4 2 1 1 2520 1676 413 2023
17103 4 2 1 1 381 2995 3001 2965
17104 4 2 1 1 384 2753 1589 1627
17105 4 2 1 1 3277 3294 600 2041
17106 4 2 1 1 384 2919 1648 2998
17107 4 2 1 1 167 168 1017 1094
17108 4 2 1 1 3029 3121 3016 421
17109 4 2 1 1 2751 2505 2007 1312
17110 4 2 1 1 2041 600 599 3294
17111 4 2 1 1 3040 185 3043 184
17112 4 2 1 1 3081 12 3060 3056
17113 4 2 1 1 3037 3036 3035 3182
17114 4 2 1 1 2919 2984 1641 3006
17115 4 2 1 1 675 679 3089 2
17116 4 2 1 1 62 3042 3038 3041
17117 4 2 1 1 655 969 644 3187
17118 4 2 1 1 2882 1665 1692 2038
17119 4 2 1 1 2919 385 1641 2984
17120 4 2 1 1 1599 1955 1622 1598
17121 4 2 1 1 1653 1654 1652 1575
17122 4 2 1 1 168 205 3141 206
17123 4 2 1 1 2218 1313 2632 3140
17124 4 2 1 1 1397 1383 2650 2535
17125 4 2 1 1 3053 3163 1314 993
17126 4 2 1 1 2850 787 2572 2811
17127 4 2 1 1 3171 780 1806 777
17128 4 2 1 1 3029 1663 305 3121
17129 4 2 1 1 3020 1724 1718 423
17130 4 2 1 1 112 427 74 3120
17131 4 2 1 1 3094 1370 3075 3027
17132 4 2 1 1 2571 114 787 2572
17133 4 2 1 1 173 2585 652 3083
17134 4 2 1 1 173 3018 2585 3083
17135 4 2 1 1 3254 3252 3253 3247
17136 4 2 1 1 1722 3072 1718 1721
17137 4 2 1 1 1372 1374 3075 1370
17138 4 2 1 1 426 605 604 3085
17139 4 2 1 1 3021 3105 32 3079
17140 4 2 1 1 1721 3107 3072 1718
17141 4 2 1 1 426 3105 1725 32
17142 4 2 1 1 114 2571 2034 2572
17143 4 2 1 1 2490 1701 1677 2503
17144 4 2 1 1 934 3113 915 3115
17145 4 2 1 1 37 2003 40 475
17146 4 2 1 1 2718 2736 3132 3123
17147 4 2 1 1 122 824 868 3123
17148 4 2 1 1 2736 2718 2324 3123
17149 4 2 1 1 37 3123 1912 475
17150 4 2 1 1 121 954 159 160
17151 4 2 1 1 304 3289 303 3104
17152 4 2 1 1 1859 1782 431 468
17153 4 2 1 1 1768 1387 1732 1753
17154 4 2 1 1 3127 2076 2075 1755
17155 4 2 1 1 787 2813 2572 2811
17156 4 2 1 1 2075 1756 3127 1755
17157 4 2 1 1 315 430 431 1732
17158 4 2 1 1 2156 1174 2152 2623
17159 4 2 1 1 331 217 332 255
17160 4 2 1 1 331 217 1456 332
17161 4 2 1 1 3182 1664 1700 1674
17162 4 2 1 1 2813 787 2571 113
17163 4 2 1 1 2368 2625 3134 2540
17164 4 2 1 1 1684 1664 3182 1674
17165 4 2 1 1 1489 1471 2590 1469
17166 4 2 1 1 2325 2783 2590 1469
17167 4 2 1 1 441 88 3160 3146
17168 4 2 1 1 34 441 3160 3146
17169 4 2 1 1 89 3146 50 51
17170 4 2 1 1 721 3222 735 2837
17171 4 2 1 1 1711 441 403 442
17172 4 2 1 1 1343 1684 3182 1674
17173 4 2 1 1 1830 2244 1844 1814
17174 4 2 1 1 1684 1343 1698 1674
17175 4 2 1 1 2893 1683 1682 1699
17176 4 2 1 1 135 96 97 490
17177 4 2 1 1 2016 602 423 1685
17178 4 2 1 1 3088 1724 3020 423
17179 4 2 1 1 1316 1691 1696 3156
17180 4 2 1 1 3124 1316 1696 3156
17181 4 2 1 1 74 427 112 73
17182 4 2 1 1 2992 1994 507 506
17183 4 2 1 1 675 57 2 3014
17184 4 2 1 1 679 3089 2 66
17185 4 2 1 1 148 2993 9 948
17186 4 2 1 1 944 2918 9 139
17187 4 2 1 1 379 1646 29 2972
17188 4 2 1 1 677 65 64 3077
17189 4 2 1 1 679 66 65 3025
17190 4 2 1 1 2980 141 140 950
17191 4 2 1 1 148 948 147 2929
17192 4 2 1 1 3052 1022 182 183
17193 4 2 1 1 1028 185 184 3043
17194 4 2 1 1 2930 261 1295 2994
17195 4 2 1 1 2956 265 264 1290
17196 4 2 1 1 2947 267 266 1296
17197 4 2 1 1 1370 301 300 3027
17198 4 2 1 1 1375 302 301 3094
17199 4 2 1 1 3015 1375 302 303
17200 4 2 1 1 1371 305 304 3051
17201 4 2 1 1 2931 383 382 1643
17202 4 2 1 1 1648 2919 384 385
17203 4 2 1 1 2955 387 386 1644
17204 4 2 1 1 1719 418 417 3070
17205 4 2 1 1 3034 1723 418 419
17206 4 2 1 1 1721 421 420 3032
17207 4 2 1 1 1718 423 422 3020
17208 4 2 1 1 500 1989 499 2974
17209 4 2 1 1 1993 2938 500 501
17210 4 2 1 1 1991 2936 502 503
17211 4 2 1 1 504 1991 503 3011
17212 4 2 1 1 505 1988 504 2924
17213 4 2 1 1 3198 3193 3192 3218
17214 4 2 1 1 303 3289 596 3104
17215 4 2 1 1 3289 597 596 3104
17216 4 2 1 1 429 3200 1753 1425
17217 4 2 1 1 3176 266 1284 1240
17218 4 2 1 1 3200 3215 319 3201
17219 4 2 1 1 2915 1701 2500 2882
17220 4 2 1 1 2500 1701 2915 1682
17221 4 2 1 1 3186 3185 3184 3182
17222 4 2 1 1 2561 2519 3114 2521
17223 4 2 1 1 3183 3184 3185 3182
17224 4 2 1 1 2561 3114 2519 3117
17225 4 2 1 1 3185 1005 1001 965
17226 4 2 1 1 3185 1005 965 1342
17227 4 2 1 1 2400 1568 2638 2636
17228 4 2 1 1 2400 2638 1568 1535
17229 4 2 1 1 2130 1560 2125 1539
17230 4 2 1 1 2125 1560 2130 2129
17231 4 2 1 1 984 3197 962 1317
17232 4 2 1 1 441 688 87 1735
17233 4 2 1 1 70 1082 1066 196
17234 4 2 1 1 70 1082 196 69
17235 4 2 1 1 3288 2922 527 2986
17236 4 2 1 1 58 2545 57 580
17237 4 2 1 1 1286 272 3288 2986
17238 4 2 1 1 2892 2545 58 580
17239 4 2 1 1 3288 2922 2986 272
17240 4 2 1 1 259 528 2986 3288
17241 4 2 1 1 759 2340 2342 107
17242 4 2 1 1 759 2342 2340 2343
17243 4 2 1 1 905 271 904 906
17244 4 2 1 1 271 2808 904 2454
17245 4 2 1 1 2097 1450 2203 1463
17246 4 2 1 1 2203 1450 2097 2099
17247 4 2 1 1 32 426 3021 1706
17248 4 2 1 1 32 3021 426 3105
17249 4 2 1 1 155 2856 154 116
17250 4 2 1 1 984 3197 985 962
17251 4 2 1 1 2272 2720 897 155
17252 4 2 1 1 2272 897 2720 2336
17253 4 2 1 1 830 2510 2387 2509
17254 4 2 1 1 830 2387 2510 834
17255 4 2 1 1 624 174 960 175
17256 4 2 1 1 960 174 624 626
17257 4 2 1 1 623 2428 2429 624
17258 4 2 1 1 623 2429 2428 2426
17259 4 2 1 1 193 3212 1058 194
17260 4 2 1 1 193 1058 3212 307
17261 4 2 1 1 760 3171 796 777
17262 4 2 1 1 3171 780 777 760
17263 4 2 1 1 2170 1036 1070 1076
17264 4 2 1 1 2170 1036 1076 2653
17265 4 2 1 1 345 1127 3212 231
17266 4 2 1 1 3212 1127 232 231
17267 4 2 1 1 241 280 1304 279
17268 4 2 1 1 1883 826 860 1872
17269 4 2 1 1 1286 259 2986 3288
17270 4 2 1 1 3213 342 341 3262
17271 4 2 1 1 528 527 2986 3288
17272 4 2 1 1 1496 3213 1482 341
17273 4 2 1 1 1692 604 2038 425
17274 4 2 1 1 1692 2038 604 2777
17275 4 2 1 1 2908 3271 2847 2027
17276 4 2 1 1 3280 3007 3271 512
17277 4 2 1 1 664 2747 627 651
17278 4 2 1 1 664 2747 651 2546
17279 4 2 1 1 3129 1534 3143 1562
17280 4 2 1 1 3129 3143 1534 2108
17281 4 2 1 1 1529 1886 1530 1888
17282 4 2 1 1 1530 1886 1529 1517
17283 4 2 1 1 721 2803 734 2513
17284 4 2 1 1 2513 2803 734 2512
17285 4 2 1 1 241 1565 3248 355
17286 4 2 1 1 241 3248 1565 1171
17287 4 2 1 1 860 826 1883 3237
17288 4 2 1 1 3109 653 3114 3219
17289 4 2 1 1 709 3166 702 3167
17290 4 2 1 1 709 702 3166 701
17291 4 2 1 1 780 465 1831 111
17292 4 2 1 1 780 1831 465 1845
17293 4 2 1 1 2857 901 2858 926
17294 4 2 1 1 2857 901 926 942
17295 4 2 1 1 465 112 427 111
17296 4 2 1 1 465 427 112 3120
17297 4 2 1 1 73 427 112 111
17298 4 2 1 1 664 2892 619 642
17299 4 2 1 1 664 2892 642 2045
17300 4 2 1 1 3117 1695 415 2519
17301 4 2 1 1 2253 2519 3117 2561
17302 4 2 1 1 3114 1658 414 2520
17303 4 2 1 1 3114 2520 414 2522
17304 4 2 1 1 1219 132 1203 258
17305 4 2 1 1 1219 132 258 131
17306 4 2 1 1 131 2407 245 828
17307 4 2 1 1 131 2407 828 2408
17308 4 2 1 1 1008 652 3083 173
17309 4 2 1 1 3083 652 1008 618
17310 4 2 1 1 1456 3138 3150 1466
17311 4 2 1 1 3150 3138 1456 1132
17312 4 2 1 1 247 2281 2274 836
17313 4 2 1 1 860 1891 1883 1872
17314 4 2 1 1 156 1288 282 1272
17315 4 2 1 1 156 1288 1272 917
17316 4 2 1 1 1112 2185 2607 1108
17317 4 2 1 1 1112 2185 1108 2194
17318 4 2 1 1 1181 2669 1180 2263
17319 4 2 1 1 1180 2669 1181 1168
17320 4 2 1 1 2013 3296 2758 3112
17321 4 2 1 1 2013 3296 3112 3272
17322 4 2 1 1 1242 1614 1282 1276
17323 4 2 1 1 1242 1282 1614 1595
17324 4 2 1 1 1544 1173 3134 1207
17325 4 2 1 1 1544 1173 1207 1213
17326 4 2 1 1 987 1318 984 982
17327 4 2 1 1 987 1318 982 1319
17328 4 2 1 1 2495 1003 2600 2888
17329 4 2 1 1 2495 2600 1003 976
17330 4 2 1 1 1407 1035 308 1385
17331 4 2 1 1 1407 1035 1385 1430
17332 4 2 1 1 2284 197 2225 2556
17333 4 2 1 1 2284 197 2556 83
17334 4 2 1 1 2284 197 83 728
17335 4 2 1 1 3287 2865 2756 2758
17336 4 2 1 1 2710 1947 2711 1934
17337 4 2 1 1 2710 1947 1934 1946
17338 4 2 1 1 1497 454 340 1457
17339 4 2 1 1 1497 454 1457 1799
17340 4 2 1 1 3114 1658 2520 2519
17341 4 2 1 1 3114 2520 2522 2521
17342 4 2 1 1 647 2547 2543 663
17343 4 2 1 1 647 2543 2547 2029
17344 4 2 1 1 1201 1556 1199 1209
17345 4 2 1 1 1201 1199 1556 1570
17346 4 2 1 1 2151 1210 1186 1184
17347 4 2 1 1 2151 1210 1184 2597
17348 4 2 1 1 1669 656 3184 634
17349 4 2 1 1 3184 656 1669 1700
17350 4 2 1 1 3206 1739 706 1738
17351 4 2 1 1 3206 1739 1738 1740
17352 4 2 1 1 345 1127 231 1455
17353 4 2 1 1 3212 1127 1496 3213
17354 4 2 1 1 50 403 614 3146
17355 4 2 1 1 50 614 403 49
17356 4 2 1 1 3220 792 1134 3224
17357 4 2 1 1 3220 1134 792 758
17358 4 2 1 1 1761 707 3207 712
17359 4 2 1 1 3207 707 1761 1770
17360 4 2 1 1 1425 430 429 316
17361 4 2 1 1 1425 429 430 1753
17362 4 2 1 1 263 3281 262 1266
17363 4 2 1 1 3281 2043 262 1266
17364 4 2 1 1 1202 3137 2624 253
17365 4 2 1 1 2624 3137 1202 3134
17366 4 2 1 1 3265 3285 3100 2585
17367 4 2 1 1 2891 2585 3265 2045
17368 4 2 1 1 3083 2585 3100 3018
17369 4 2 1 1 1958 1587 1955 1599
17370 4 2 1 1 1955 1587 1958 1956
17371 4 2 1 1 3159 2418 775 2338
17372 4 2 1 1 3159 2418 2338 2381
17373 4 2 1 1 849 489 1872 135
17374 4 2 1 1 849 1872 489 1911
17375 4 2 1 1 3158 2457 2875 2646
17376 4 2 1 1 3158 2875 2457 1960
17377 4 2 1 1 2543 663 2544 611
17378 4 2 1 1 2543 2544 663 2547
17379 4 2 1 1 160 3123 475 122
17380 4 2 1 1 160 475 3123 3116
17381 4 2 1 1 1341 981 3140 983
17382 4 2 1 1 3140 981 1341 1351
17383 4 2 1 1 2853 832 2863 857
17384 4 2 1 1 2853 832 857 873
17385 4 2 1 1 114 2570 76 564
17386 4 2 1 1 114 2570 564 2034
17387 4 2 1 1 2171 1070 2168 1060
17388 4 2 1 1 2168 1070 2171 2170
17389 4 2 1 1 2749 3294 2041 599
17390 4 2 1 1 2749 3294 599 3297
17391 4 2 1 1 3271 2780 551 2027
17392 4 2 1 1 2881 3271 2780 3110
17393 4 2 1 1 3140 1341 3141 1313
17394 4 2 1 1 3140 3141 1341 983
17395 4 2 1 1 2483 833 2704 864
17396 4 2 1 1 2483 833 864 857
17397 4 2 1 1 3116 3115 1981 509
17398 4 2 1 1 3287 2995 381 2923
17399 4 2 1 1 2842 763 2515 788
17400 4 2 1 1 2842 763 788 804
17401 4 2 1 1 3170 465 36 1845
17402 4 2 1 1 3170 36 465 3120
17403 4 2 1 1 1147 2185 212 1108
17404 4 2 1 1 1147 212 2185 2180
17405 4 2 1 1 3283 3270 3004 526
17406 4 2 1 1 526 3283 2026 2779
17407 4 2 1 1 3283 3270 526 2026
17408 4 2 1 1 2987 2026 3283 2779
17409 4 2 1 1 3213 3256 3262 3226
17410 4 2 1 1 3287 381 1593 1619
17411 4 2 1 1 3077 3264 3017 3092
17412 4 2 1 1 64 3264 65 643
17413 4 2 1 1 3077 3264 3092 65
17414 4 2 1 1 3077 3264 65 64
17415 4 2 1 1 1735 726 725 716
17416 4 2 1 1 1735 725 726 1739
17417 4 2 1 1 3220 3209 3213 3210
17418 4 2 1 1 3287 381 1619 2999
17419 4 2 1 1 3220 3209 3210 109
17420 4 2 1 1 535 2923 3287 2997
17421 4 2 1 1 3287 2999 1619 3112
17422 4 2 1 1 2572 771 787 2850
17423 4 2 1 1 2572 771 2850 2573
17424 4 2 1 1 1804 3261 3229 785
17425 4 2 1 1 3229 3261 1804 1810
17426 4 2 1 1 1816 2326 2240 1805
17427 4 2 1 1 2240 2326 1816 2243
17428 4 2 1 1 3256 1107 3220 3213
17429 4 2 1 1 3256 3220 1107 1143
17430 4 2 1 1 3113 2887 2555 912
17431 4 2 1 1 2555 2887 3113 2844
17432 4 2 1 1 2887 3113 3110 913
17433 4 2 1 1 2887 3110 3113 2844
17434 4 2 1 1 2144 1200 3134 1208
17435 4 2 1 1 2144 1200 1208 1198
17436 4 2 1 1 1173 1536 370 1525
17437 4 2 1 1 1173 1536 1525 1544
17438 4 2 1 1 991 965 3040 3185
17439 4 2 1 1 991 3040 965 184
17440 4 2 1 1 3213 342 3262 3256
17441 4 2 1 1 3256 3262 343 342
17442 4 2 1 1 3262 3227 343 1448
17443 4 2 1 1 343 3227 3262 3226
17444 4 2 1 1 343 342 3262 1448
17445 4 2 1 1 1883 1891 860 3237
17446 4 2 1 1 1942 3252 3255 895
17447 4 2 1 1 1942 3255 3252 1953
17448 4 2 1 1 1568 2635 2477 2636
17449 4 2 1 1 2477 2635 1568 1520
17450 4 2 1 1 2477 1557 1568 2636
17451 4 2 1 1 1568 1557 2477 1520
17452 4 2 1 1 2949 2971 379 265
17453 4 2 1 1 2949 379 2971 2958
17454 4 2 1 1 380 2949 379 265
17455 4 2 1 1 380 379 2949 2958
17456 4 2 1 1 2957 2949 380 265
17457 4 2 1 1 2957 380 2949 2958
17458 4 2 1 1 1347 2435 1323 2436
17459 4 2 1 1 1347 2435 2436 2278
17460 4 2 1 1 918 513 159 3116
17461 4 2 1 1 918 513 3116 1981
17462 4 2 1 1 3210 70 687 195
17463 4 2 1 1 3210 687 70 71
17464 4 2 1 1 1009 46 172 970
17465 4 2 1 1 1009 46 970 615
17466 4 2 1 1 3152 1836 1813 1825
17467 4 2 1 1 3152 1813 1836 1459
17468 4 2 1 1 2637 1520 1533 1568
17469 4 2 1 1 2637 1520 1568 2635
17470 4 2 1 1 1058 307 1385 1423
17471 4 2 1 1 1058 1385 307 193
17472 4 2 1 1 2174 1057 2173 1047
17473 4 2 1 1 2174 1057 1047 1037
17474 4 2 1 1 2427 623 2424 45
17475 4 2 1 1 2427 2424 623 2426
17476 4 2 1 1 2914 1357 2886 1310
17477 4 2 1 1 2914 2886 1357 2507
17478 4 2 1 1 1756 2090 2075 3127
17479 4 2 1 1 1756 2090 3127 3125
17480 4 2 1 1 1181 2264 1177 2266
17481 4 2 1 1 3281 2885 1239 2013
17482 4 2 1 1 2228 689 2342 69
17483 4 2 1 1 2228 2342 689 2715
17484 4 2 1 1 1949 2746 2907 1950
17485 4 2 1 1 1949 2907 2746 2870
17486 4 2 1 1 713 3216 700 1051
17487 4 2 1 1 838 2283 835 864
17488 4 2 1 1 1463 2096 1465 1464
17489 4 2 1 1 1463 2096 1464 2097
17490 4 2 1 1 1694 637 614 3117
17491 4 2 1 1 614 637 1694 636
17492 4 2 1 1 2162 1380 2161 1419
17493 4 2 1 1 2162 2161 1380 2160
17494 4 2 1 1 2576 693 732 717
17495 4 2 1 1 2576 732 693 2011
17496 4 2 1 1 3224 770 1119 1120
17497 4 2 1 1 3224 770 1120 782
17498 4 2 1 1 3170 112 113 3120
17499 4 2 1 1 1120 3224 782 3225
17500 4 2 1 1 761 2834 801 789
17501 4 2 1 1 761 2834 789 2833
17502 4 2 1 1 2360 1689 2319 1690
17503 4 2 1 1 2360 2319 1689 2494
17504 4 2 1 1 427 685 1761 73
17505 4 2 1 1 427 1761 685 1775
17506 4 2 1 1 907 2353 897 2298
17507 4 2 1 1 907 897 2353 933
17508 4 2 1 1 919 1973 931 1943
17509 4 2 1 1 919 1973 1943 1987
17510 4 2 1 1 2006 3284 591 2752
17511 4 2 1 1 2006 3284 2752 3163
17512 4 2 1 1 3256 1127 1107 3213
17513 4 2 1 1 1107 1127 3256 1124
17514 4 2 1 1 614 403 1666 1704
17515 4 2 1 1 614 1666 403 49
17516 4 2 1 1 2264 1216 236 2265
17517 4 2 1 1 2264 236 1216 1177
17518 4 2 1 1 108 1150 234 1134
17519 4 2 1 1 108 1150 1134 779
17520 4 2 1 1 118 1218 1178 244
17521 4 2 1 1 118 1218 244 117
17522 4 2 1 1 907 2454 271 904
17523 4 2 1 1 904 907 2353 933
17524 4 2 1 1 2817 762 802 790
17525 4 2 1 1 2817 762 790 2818
17526 4 2 1 1 3172 799 2702 3147
17527 4 2 1 1 2702 799 3172 99
17528 4 2 1 1 1491 2097 1450 2098
17529 4 2 1 1 1491 1450 2097 1463
17530 4 2 1 1 1181 2264 2262 1177
17531 4 2 1 1 321 1033 207 1384
17532 4 2 1 1 3148 2906 2451 2383
17533 4 2 1 1 3148 2451 2906 3122
17534 4 2 1 1 3132 488 2718 3123
17535 4 2 1 1 3278 583 2024 2891
17536 4 2 1 1 1811 3262 1809 1812
17537 4 2 1 1 2501 1638 2913 1603
17538 4 2 1 1 2913 1638 2501 2871
17539 4 2 1 1 2045 664 652 642
17540 4 2 1 1 2045 652 664 2643
17541 4 2 1 1 2552 909 941 925
17542 4 2 1 1 941 909 2552 2031
17543 4 2 1 1 2177 1043 1042 1044
17544 4 2 1 1 2177 1043 1044 2181
17545 4 2 1 1 223 766 767 768
17546 4 2 1 1 1766 3126 1759 1386
17547 4 2 1 1 1766 3126 1386 3133
17548 4 2 1 1 179 3013 180 587
17549 4 2 1 1 179 3013 587 3090
17550 4 2 1 1 960 625 628 626
17551 4 2 1 1 628 625 960 1010
17552 4 2 1 1 2231 487 3132 3119
17553 4 2 1 1 2231 3132 487 2198
17554 4 2 1 1 3132 2696 2465 2718
17555 4 2 1 1 1902 3132 488 2696
17556 4 2 1 1 2039 3284 3163 2752
17557 4 2 1 1 2039 3284 2752 590
17558 4 2 1 1 324 2534 1397 2650
17559 4 2 1 1 324 2534 2650 2305
17560 4 2 1 1 3170 113 112 760
$EndElements
