t,phase,p_col0,p_col1,p_col2,p_col3,tip_x,tip_y,tip_z,arm_len
0.0100,STATIC_col0_p0,0.0000,0.0000,0.0000,0.0000,-0.00000,0.00000,0.26757,0.26757
0.0200,STATIC_col0_p0,0.0000,0.0000,0.0000,0.0000,-0.00000,0.00000,0.26629,0.26629
0.0300,STATIC_col0_p0,0.0000,0.0000,0.0000,0.0000,-0.00000,0.00000,0.26441,0.26441
0.0400,STATIC_col0_p0,0.0000,0.0000,0.0000,0.0000,-0.00000,0.00000,0.26219,0.26219
0.0500,STATIC_col0_p0,0.0000,0.0000,0.0000,0.0000,-0.00000,0.00000,0.25984,0.25984
0.0600,STATIC_col0_p0,0.0000,0.0000,0.0000,0.0000,-0.00000,0.00000,0.25754,0.25754
0.0700,STATIC_col0_p0,0.0000,0.0000,0.0000,0.0000,-0.00000,0.00000,0.25541,0.25541
0.0800,STATIC_col0_p0,0.0000,0.0000,0.0000,0.0000,-0.00000,0.00000,0.25354,0.25354
0.0900,STATIC_col0_p0,0.0000,0.0000,0.0000,0.0000,-0.00000,0.00000,0.25197,0.25197
0.1000,STATIC_col0_p0,0.0000,0.0000,0.0000,0.0000,-0.00000,0.00000,0.25074,0.25074
0.1100,STATIC_col0_p0,0.0000,0.0000,0.0000,0.0000,-0.00000,0.00000,0.24982,0.24982
0.1200,STATIC_col0_p0,0.0000,0.0000,0.0000,0.0000,-0.00000,0.00000,0.24920,0.24920
0.1300,STATIC_col0_p0,0.0000,0.0000,0.0000,0.0000,-0.00000,0.00000,0.24885,0.24885
0.1400,STATIC_col0_p0,0.0000,0.0000,0.0000,0.0000,-0.00000,0.00000,0.24872,0.24872
0.1500,STATIC_col0_p0,0.0000,0.0000,0.0000,0.0000,-0.00000,0.00000,0.24876,0.24876
0.1600,STATIC_col0_p0,0.0000,0.0000,0.0000,0.0000,-0.00000,0.00000,0.24892,0.24892
0.1700,STATIC_col0_p0,0.0000,0.0000,0.0000,0.0000,-0.00000,0.00000,0.24917,0.24917
0.1800,STATIC_col0_p0,0.0000,0.0000,0.0000,0.0000,-0.00000,0.00000,0.24947,0.24947
0.1900,STATIC_col0_p0,0.0000,0.0000,0.0000,0.0000,-0.00000,0.00000,0.24979,0.24979
0.2000,STATIC_col0_p0,0.0000,0.0000,0.0000,0.0000,-0.00000,0.00000,0.25010,0.25010
0.2100,STATIC_col0_p0,0.0000,0.0000,0.0000,0.0000,-0.00000,0.00000,0.25039,0.25039
0.2200,STATIC_col0_p0,0.0000,0.0000,0.0000,0.0000,-0.00000,0.00000,0.25063,0.25063
0.2300,STATIC_col0_p0,0.0000,0.0000,0.0000,0.0000,-0.00000,0.00000,0.25084,0.25084
0.2400,STATIC_col0_p0,0.0000,0.0000,0.0000,0.0000,-0.00000,0.00000,0.25099,0.25099
0.2500,STATIC_col0_p0,0.0000,0.0000,0.0000,0.0000,-0.00000,0.00000,0.25110,0.25110
0.2600,STATIC_col0_p0,0.0000,0.0000,0.0000,0.0000,-0.00000,0.00000,0.25117,0.25117
0.2700,STATIC_col0_p0,0.0000,0.0000,0.0000,0.0000,-0.00000,0.00000,0.25120,0.25120
0.2800,STATIC_col0_p0,0.0000,0.0000,0.0000,0.0000,-0.00000,0.00000,0.25120,0.25120
0.2900,STATIC_col0_p0,0.0000,0.0000,0.0000,0.0000,-0.00000,0.00000,0.25118,0.25118
0.3000,STATIC_col0_p0,0.0000,0.0000,0.0000,0.0000,-0.00000,0.00000,0.25114,0.25114
0.3100,STATIC_col0_p0,0.0000,0.0000,0.0000,0.0000,-0.00000,0.00000,0.25109,0.25109
0.3200,STATIC_col0_p0,0.0000,0.0000,0.0000,0.0000,-0.00000,0.00000,0.25103,0.25103
0.3300,STATIC_col0_p0,0.0000,0.0000,0.0000,0.0000,-0.00000,0.00000,0.25097,0.25097
0.3400,STATIC_col0_p0,0.0000,0.0000,0.0000,0.0000,-0.00000,0.00000,0.25092,0.25092
0.3500,STATIC_col0_p0,0.0000,0.0000,0.0000,0.0000,-0.00000,0.00000,0.25086,0.25086
0.3600,STATIC_col0_p0,0.0000,0.0000,0.0000,0.0000,-0.00000,0.00000,0.25082,0.25082
0.3700,STATIC_col0_p0,0.0000,0.0000,0.0000,0.0000,-0.00000,0.00000,0.25078,0.25078
0.3800,STATIC_col0_p0,0.0000,0.0000,0.0000,0.0000,-0.00000,0.00000,0.25075,0.25075
0.3900,STATIC_col0_p0,0.0000,0.0000,0.0000,0.0000,-0.00000,0.00000,0.25073,0.25073
0.4000,STATIC_col0_p0,0.0000,0.0000,0.0000,0.0000,-0.00000,0.00000,0.25071,0.25071
0.4100,STATIC_col0_p0,0.0000,0.0000,0.0000,0.0000,-0.00000,0.00000,0.25070,0.25070
0.4200,STATIC_col0_p0,0.0000,0.0000,0.0000,0.0000,-0.00000,0.00000,0.25070,0.25070
0.4300,STATIC_col0_p0,0.0000,0.0000,0.0000,0.0000,-0.00000,0.00000,0.25070,0.25070
0.4400,STATIC_col0_p0,0.0000,0.0000,0.0000,0.0000,-0.00000,0.00000,0.25070,0.25070
0.4500,STATIC_col0_p0,0.0000,0.0000,0.0000,0.0000,-0.00000,0.00000,0.25070,0.25070
0.4600,STATIC_col0_p0,0.0000,0.0000,0.0000,0.0000,-0.00000,0.00000,0.25071,0.25071
0.4700,STATIC_col0_p0,0.0000,0.0000,0.0000,0.0000,-0.00000,0.00000,0.25071,0.25071
0.4800,STATIC_col0_p0,0.0000,0.0000,0.0000,0.0000,-0.00000,0.00000,0.25072,0.25072
0.4900,STATIC_col0_p0,0.0000,0.0000,0.0000,0.0000,-0.00000,0.00000,0.25072,0.25072
0.5000,STATIC_col0_p0,0.0000,0.0000,0.0000,0.0000,-0.00000,0.00000,0.25073,0.25073
0.5100,STATIC_col0_p0,0.0000,0.0000,0.0000,0.0000,-0.00000,0.00000,0.25073,0.25073
0.5200,STATIC_col0_p0,0.0000,0.0000,0.0000,0.0000,-0.00000,0.00000,0.25073,0.25073
0.5300,STATIC_col0_p0,0.0000,0.0000,0.0000,0.0000,-0.00000,0.00000,0.25073,0.25073
0.5400,STATIC_col0_p0,0.0000,0.0000,0.0000,0.0000,-0.00000,0.00000,0.25073,0.25073
0.5500,STATIC_col0_p0,0.0000,0.0000,0.0000,0.0000,-0.00000,0.00000,0.25073,0.25073
0.5600,STATIC_col0_p0,0.0000,0.0000,0.0000,0.0000,-0.00000,0.00000,0.25073,0.25073
0.5700,STATIC_col0_p0,0.0000,0.0000,0.0000,0.0000,-0.00000,0.00000,0.25073,0.25073
0.5800,STATIC_col0_p0,0.0000,0.0000,0.0000,0.0000,-0.00000,0.00000,0.25073,0.25073
0.5900,STATIC_col0_p0,0.0000,0.0000,0.0000,0.0000,-0.00000,0.00000,0.25073,0.25073
0.6000,STATIC_col0_p0,0.0000,0.0000,0.0000,0.0000,-0.00000,0.00000,0.25073,0.25073
0.6100,STATIC_col0_p0,0.0000,0.0000,0.0000,0.0000,-0.00000,0.00000,0.25072,0.25072
0.6200,STATIC_col0_p0,0.0000,0.0000,0.0000,0.0000,-0.00000,0.00000,0.25072,0.25072
0.6300,STATIC_col0_p0,0.0000,0.0000,0.0000,0.0000,-0.00000,0.00000,0.25072,0.25072
0.6400,STATIC_col0_p0,0.0000,0.0000,0.0000,0.0000,-0.00000,0.00000,0.25072,0.25072
0.6500,STATIC_col0_p0,0.0000,0.0000,0.0000,0.0000,-0.00000,0.00000,0.25072,0.25072
0.6600,STATIC_col0_p0,0.0000,0.0000,0.0000,0.0000,-0.00000,0.00000,0.25072,0.25072
0.6700,STATIC_col0_p0,0.0000,0.0000,0.0000,0.0000,-0.00000,0.00000,0.25072,0.25072
0.6800,STATIC_col0_p0,0.0000,0.0000,0.0000,0.0000,-0.00000,0.00000,0.25072,0.25072
0.6900,STATIC_col0_p0,0.0000,0.0000,0.0000,0.0000,-0.00000,0.00000,0.25072,0.25072
0.7000,STATIC_col0_p0,0.0000,0.0000,0.0000,0.0000,-0.00000,0.00000,0.25071,0.25071
0.7100,STATIC_col0_p0,0.0000,0.0000,0.0000,0.0000,-0.00000,0.00000,0.25071,0.25071
0.7200,STATIC_col0_p0,0.0000,0.0000,0.0000,0.0000,-0.00000,0.00000,0.25071,0.25071
0.7300,STATIC_col0_p0,0.0000,0.0000,0.0000,0.0000,-0.00000,0.00000,0.25071,0.25071
0.7400,STATIC_col0_p0,0.0000,0.0000,0.0000,0.0000,-0.00000,0.00000,0.25071,0.25071
0.7500,STATIC_col0_p0,0.0000,0.0000,0.0000,0.0000,-0.00000,0.00000,0.25071,0.25071
0.7600,STATIC_col0_p0,0.0000,0.0000,0.0000,0.0000,-0.00000,0.00000,0.25071,0.25071
0.7700,STATIC_col0_p0,0.0000,0.0000,0.0000,0.0000,-0.00000,0.00000,0.25071,0.25071
0.7800,STATIC_col0_p0,0.0000,0.0000,0.0000,0.0000,-0.00000,0.00000,0.25071,0.25071
0.7900,STATIC_col0_p0,0.0000,0.0000,0.0000,0.0000,-0.00000,0.00000,0.25071,0.25071
0.8000,STATIC_col0_p0,0.0000,0.0000,0.0000,0.0000,-0.00000,0.00000,0.25071,0.25071
0.8100,STATIC_col0_p0,0.0000,0.0000,0.0000,0.0000,-0.00000,0.00000,0.25071,0.25071
0.8200,STATIC_col0_p0,0.0000,0.0000,0.0000,0.0000,-0.00000,0.00000,0.25071,0.25071
0.8300,STATIC_col0_p0,0.0000,0.0000,0.0000,0.0000,-0.00000,0.00000,0.25071,0.25071
0.8400,STATIC_col0_p0,0.0000,0.0000,0.0000,0.0000,-0.00000,0.00000,0.25071,0.25071
0.8500,STATIC_col0_p0,0.0000,0.0000,0.0000,0.0000,-0.00000,0.00000,0.25071,0.25071
0.8600,STATIC_col0_p0,0.0000,0.0000,0.0000,0.0000,-0.00000,0.00000,0.25071,0.25071
0.8700,STATIC_col0_p0,0.0000,0.0000,0.0000,0.0000,-0.00000,0.00000,0.25071,0.25071
0.8800,STATIC_col0_p0,0.0000,0.0000,0.0000,0.0000,-0.00000,0.00000,0.25071,0.25071
0.8900,STATIC_col0_p0,0.0000,0.0000,0.0000,0.0000,-0.00000,0.00000,0.25071,0.25071
0.9000,STATIC_col0_p0,0.0000,0.0000,0.0000,0.0000,-0.00000,0.00000,0.25071,0.25071
0.9100,STATIC_col0_p0,0.0000,0.0000,0.0000,0.0000,-0.00000,0.00000,0.25071,0.25071
0.9200,STATIC_col0_p0,0.0000,0.0000,0.0000,0.0000,-0.00000,0.00000,0.25071,0.25071
0.9300,STATIC_col0_p0,0.0000,0.0000,0.0000,0.0000,-0.00000,0.00000,0.25071,0.25071
0.9400,STATIC_col0_p0,0.0000,0.0000,0.0000,0.0000,-0.00000,0.00000,0.25071,0.25071
0.9500,STATIC_col0_p0,0.0000,0.0000,0.0000,0.0000,-0.00000,0.00000,0.25071,0.25071
0.9600,STATIC_col0_p0,0.0000,0.0000,0.0000,0.0000,-0.00000,0.00000,0.25071,0.25071
0.9700,STATIC_col0_p0,0.0000,0.0000,0.0000,0.0000,-0.00000,0.00000,0.25071,0.25071
0.9800,STATIC_col0_p0,0.0000,0.0000,0.0000,0.0000,-0.00000,0.00000,0.25071,0.25071
0.9900,STATIC_col0_p0,0.0000,0.0000,0.0000,0.0000,-0.00000,0.00000,0.25071,0.25071
1.0000,STATIC_col0_p0,0.0000,0.0000,0.0000,0.0000,-0.00000,0.00000,0.25071,0.25071
1.0100,STATIC_col0_p0,0.0000,0.0000,0.0000,0.0000,-0.00000,0.00000,0.25071,0.25071
1.0200,STATIC_col0_p0,0.0000,0.0000,0.0000,0.0000,-0.00000,0.00000,0.25071,0.25071
1.0300,STATIC_col0_p0,0.0000,0.0000,0.0000,0.0000,-0.00000,0.00000,0.25071,0.25071
1.0400,STATIC_col0_p0,0.0000,0.0000,0.0000,0.0000,-0.00000,0.00000,0.25071,0.25071
1.0500,STATIC_col0_p0,0.0000,0.0000,0.0000,0.0000,-0.00000,0.00000,0.25071,0.25071
1.0600,STATIC_col0_p0,0.0000,0.0000,0.0000,0.0000,-0.00000,0.00000,0.25071,0.25071
1.0700,STATIC_col0_p0,0.0000,0.0000,0.0000,0.0000,-0.00000,0.00000,0.25071,0.25071
1.0800,STATIC_col0_p0,0.0000,0.0000,0.0000,0.0000,-0.00000,0.00000,0.25071,0.25071
1.0900,STATIC_col0_p0,0.0000,0.0000,0.0000,0.0000,-0.00000,0.00000,0.25071,0.25071
1.1000,STATIC_col0_p0,0.0000,0.0000,0.0000,0.0000,-0.00000,0.00000,0.25071,0.25071
1.1100,STATIC_col0_p0,0.0000,0.0000,0.0000,0.0000,-0.00000,0.00000,0.25071,0.25071
1.1200,STATIC_col0_p0,0.0000,0.0000,0.0000,0.0000,-0.00000,0.00000,0.25071,0.25071
1.1300,STATIC_col0_p0,0.0000,0.0000,0.0000,0.0000,-0.00000,0.00000,0.25071,0.25071
1.1400,STATIC_col0_p0,0.0000,0.0000,0.0000,0.0000,-0.00000,0.00000,0.25071,0.25071
1.1500,STATIC_col0_p0,0.0000,0.0000,0.0000,0.0000,-0.00000,0.00000,0.25071,0.25071
1.1600,STATIC_col0_p0,0.0000,0.0000,0.0000,0.0000,-0.00000,0.00000,0.25071,0.25071
1.1700,STATIC_col0_p0,0.0000,0.0000,0.0000,0.0000,-0.00000,0.00000,0.25071,0.25071
1.1800,STATIC_col0_p0,0.0000,0.0000,0.0000,0.0000,-0.00000,0.00000,0.25071,0.25071
1.1900,STATIC_col0_p0,0.0000,0.0000,0.0000,0.0000,-0.00000,0.00000,0.25071,0.25071
1.2000,STATIC_col0_p0,0.0000,0.0000,0.0000,0.0000,-0.00000,0.00000,0.25071,0.25071
1.2100,STATIC_col0_p0,0.0000,0.0000,0.0000,0.0000,-0.00000,0.00000,0.25071,0.25071
1.2200,STATIC_col0_p0,0.0000,0.0000,0.0000,0.0000,-0.00000,0.00000,0.25071,0.25071
1.2300,STATIC_col0_p0,0.0000,0.0000,0.0000,0.0000,-0.00000,0.00000,0.25071,0.25071
1.2400,STATIC_col0_p0,0.0000,0.0000,0.0000,0.0000,-0.00000,0.00000,0.25071,0.25071
1.2500,STATIC_col0_p0,0.0000,0.0000,0.0000,0.0000,-0.00000,0.00000,0.25071,0.25071
1.2600,STATIC_col0_p0,0.0000,0.0000,0.0000,0.0000,-0.00000,0.00000,0.25071,0.25071
1.2700,STATIC_col0_p0,0.0000,0.0000,0.0000,0.0000,-0.00000,0.00000,0.25071,0.25071
1.2800,STATIC_col0_p0,0.0000,0.0000,0.0000,0.0000,-0.00000,0.00000,0.25071,0.25071
1.2900,STATIC_col0_p0,0.0000,0.0000,0.0000,0.0000,-0.00000,0.00000,0.25071,0.25071
1.3000,STATIC_col0_p0,0.0000,0.0000,0.0000,0.0000,-0.00000,0.00000,0.25071,0.25071
1.3100,STATIC_col0_p0,0.0000,0.0000,0.0000,0.0000,-0.00000,0.00000,0.25071,0.25071
1.3200,STATIC_col0_p0,0.0000,0.0000,0.0000,0.0000,-0.00000,0.00000,0.25071,0.25071
1.3300,STATIC_col0_p0,0.0000,0.0000,0.0000,0.0000,-0.00000,0.00000,0.25071,0.25071
1.3400,STATIC_col0_p0,0.0000,0.0000,0.0000,0.0000,-0.00000,0.00000,0.25071,0.25071
1.3500,STATIC_col0_p0,0.0000,0.0000,0.0000,0.0000,-0.00000,0.00000,0.25071,0.25071
1.3600,STATIC_col0_p0,0.0000,0.0000,0.0000,0.0000,-0.00000,0.00000,0.25071,0.25071
1.3700,STATIC_col0_p0,0.0000,0.0000,0.0000,0.0000,-0.00000,0.00000,0.25071,0.25071
1.3800,STATIC_col0_p0,0.0000,0.0000,0.0000,0.0000,-0.00000,0.00000,0.25071,0.25071
1.3900,STATIC_col0_p0,0.0000,0.0000,0.0000,0.0000,-0.00000,0.00000,0.25071,0.25071
1.4000,STATIC_col0_p0,0.0000,0.0000,0.0000,0.0000,-0.00000,0.00000,0.25071,0.25071
1.4100,STATIC_col0_p0,0.0000,0.0000,0.0000,0.0000,-0.00000,0.00000,0.25071,0.25071
1.4200,STATIC_col0_p0,0.0000,0.0000,0.0000,0.0000,-0.00000,0.00000,0.25071,0.25071
1.4300,STATIC_col0_p0,0.0000,0.0000,0.0000,0.0000,-0.00000,0.00000,0.25071,0.25071
1.4400,STATIC_col0_p0,0.0000,0.0000,0.0000,0.0000,-0.00000,0.00000,0.25071,0.25071
1.4500,STATIC_col0_p0,0.0000,0.0000,0.0000,0.0000,-0.00000,0.00000,0.25071,0.25071
1.4600,STATIC_col0_p0,0.0000,0.0000,0.0000,0.0000,-0.00000,0.00000,0.25071,0.25071
1.4700,STATIC_col0_p0,0.0000,0.0000,0.0000,0.0000,-0.00000,0.00000,0.25071,0.25071
1.4800,STATIC_col0_p0,0.0000,0.0000,0.0000,0.0000,-0.00000,0.00000,0.25071,0.25071
1.4900,STATIC_col0_p0,0.0000,0.0000,0.0000,0.0000,-0.00000,0.00000,0.25071,0.25071
1.5000,STATIC_col0_p0,0.0000,0.0000,0.0000,0.0000,-0.00000,0.00000,0.25071,0.25071
1.5100,STATIC_col0_p0,0.0000,0.0000,0.0000,0.0000,-0.00000,0.00000,0.25071,0.25071
1.5200,STATIC_col0_p0,0.0000,0.0000,0.0000,0.0000,-0.00000,0.00000,0.25071,0.25071
1.5300,STATIC_col0_p0,0.0000,0.0000,0.0000,0.0000,-0.00000,0.00000,0.25071,0.25071
1.5400,STATIC_col0_p0,0.0000,0.0000,0.0000,0.0000,-0.00000,0.00000,0.25071,0.25071
1.5500,STATIC_col0_p0,0.0000,0.0000,0.0000,0.0000,-0.00000,0.00000,0.25071,0.25071
1.5600,STATIC_col0_p0,0.0000,0.0000,0.0000,0.0000,-0.00000,0.00000,0.25071,0.25071
1.5700,STATIC_col0_p0,0.0000,0.0000,0.0000,0.0000,-0.00000,0.00000,0.25071,0.25071
1.5800,STATIC_col0_p0,0.0000,0.0000,0.0000,0.0000,-0.00000,0.00000,0.25071,0.25071
1.5900,STATIC_col0_p0,0.0000,0.0000,0.0000,0.0000,-0.00000,0.00000,0.25071,0.25071
1.6000,STATIC_col0_p0,0.0000,0.0000,0.0000,0.0000,-0.00000,0.00000,0.25071,0.25071
1.6100,STATIC_col0_p0,0.0000,0.0000,0.0000,0.0000,-0.00000,0.00000,0.25071,0.25071
1.6200,STATIC_col0_p0,0.0000,0.0000,0.0000,0.0000,-0.00000,0.00000,0.25071,0.25071
1.6300,STATIC_col0_p0,0.0000,0.0000,0.0000,0.0000,-0.00000,0.00000,0.25071,0.25071
1.6400,STATIC_col0_p0,0.0000,0.0000,0.0000,0.0000,-0.00000,0.00000,0.25071,0.25071
1.6500,STATIC_col0_p0,0.0000,0.0000,0.0000,0.0000,-0.00000,0.00000,0.25071,0.25071
1.6600,STATIC_col0_p0,0.0000,0.0000,0.0000,0.0000,-0.00000,0.00000,0.25071,0.25071
1.6700,STATIC_col0_p0,0.0000,0.0000,0.0000,0.0000,-0.00000,0.00000,0.25071,0.25071
1.6800,STATIC_col0_p0,0.0000,0.0000,0.0000,0.0000,-0.00000,0.00000,0.25071,0.25071
1.6900,STATIC_col0_p0,0.0000,0.0000,0.0000,0.0000,-0.00000,0.00000,0.25071,0.25071
1.7000,STATIC_col0_p0,0.0000,0.0000,0.0000,0.0000,-0.00000,0.00000,0.25071,0.25071
1.7100,STATIC_col0_p0,0.0000,0.0000,0.0000,0.0000,-0.00000,0.00000,0.25071,0.25071
1.7200,STATIC_col0_p0,0.0000,0.0000,0.0000,0.0000,-0.00000,0.00000,0.25071,0.25071
1.7300,STATIC_col0_p0,0.0000,0.0000,0.0000,0.0000,-0.00000,0.00000,0.25071,0.25071
1.7400,STATIC_col0_p0,0.0000,0.0000,0.0000,0.0000,-0.00000,0.00000,0.25071,0.25071
1.7500,STATIC_col0_p0,0.0000,0.0000,0.0000,0.0000,-0.00000,0.00000,0.25071,0.25071
1.7600,STATIC_col0_p0,0.0000,0.0000,0.0000,0.0000,-0.00000,0.00000,0.25071,0.25071
1.7700,STATIC_col0_p0,0.0000,0.0000,0.0000,0.0000,-0.00000,0.00000,0.25071,0.25071
1.7800,STATIC_col0_p0,0.0000,0.0000,0.0000,0.0000,-0.00000,0.00000,0.25071,0.25071
1.7900,STATIC_col0_p0,0.0000,0.0000,0.0000,0.0000,-0.00000,0.00000,0.25071,0.25071
1.8000,STATIC_col0_p0,0.0000,0.0000,0.0000,0.0000,-0.00000,0.00000,0.25071,0.25071
1.8100,STATIC_col0_p0,0.0000,0.0000,0.0000,0.0000,-0.00000,0.00000,0.25071,0.25071
1.8200,STATIC_col0_p0,0.0000,0.0000,0.0000,0.0000,-0.00000,0.00000,0.25071,0.25071
1.8300,STATIC_col0_p0,0.0000,0.0000,0.0000,0.0000,-0.00000,0.00000,0.25071,0.25071
1.8400,STATIC_col0_p0,0.0000,0.0000,0.0000,0.0000,-0.00000,0.00000,0.25071,0.25071
1.8500,STATIC_col0_p0,0.0000,0.0000,0.0000,0.0000,-0.00000,0.00000,0.25071,0.25071
1.8600,STATIC_col0_p0,0.0000,0.0000,0.0000,0.0000,-0.00000,0.00000,0.25071,0.25071
1.8700,STATIC_col0_p0,0.0000,0.0000,0.0000,0.0000,-0.00000,0.00000,0.25071,0.25071
1.8800,STATIC_col0_p0,0.0000,0.0000,0.0000,0.0000,-0.00000,0.00000,0.25071,0.25071
1.8900,STATIC_col0_p0,0.0000,0.0000,0.0000,0.0000,-0.00000,0.00000,0.25071,0.25071
1.9000,STATIC_col0_p0,0.0000,0.0000,0.0000,0.0000,-0.00000,0.00000,0.25071,0.25071
1.9100,STATIC_col0_p0,0.0000,0.0000,0.0000,0.0000,-0.00000,0.00000,0.25071,0.25071
1.9200,STATIC_col0_p0,0.0000,0.0000,0.0000,0.0000,-0.00000,0.00000,0.25071,0.25071
1.9300,STATIC_col0_p0,0.0000,0.0000,0.0000,0.0000,-0.00000,0.00000,0.25071,0.25071
1.9400,STATIC_col0_p0,0.0000,0.0000,0.0000,0.0000,-0.00000,0.00000,0.25071,0.25071
1.9500,STATIC_col0_p0,0.0000,0.0000,0.0000,0.0000,-0.00000,0.00000,0.25071,0.25071
1.9600,STATIC_col0_p0,0.0000,0.0000,0.0000,0.0000,-0.00000,0.00000,0.25071,0.25071
1.9700,STATIC_col0_p0,0.0000,0.0000,0.0000,0.0000,-0.00000,0.00000,0.25071,0.25071
1.9800,STATIC_col0_p0,0.0000,0.0000,0.0000,0.0000,-0.00000,0.00000,0.25071,0.25071
1.9900,STATIC_col0_p0,0.0000,0.0000,0.0000,0.0000,-0.00000,0.00000,0.25071,0.25071
2.0000,STATIC_col0_p0,0.0000,0.0000,0.0000,0.0000,-0.00000,0.00000,0.25071,0.25071
2.0100,STATIC_col0_p0,0.0000,0.0000,0.0000,0.0000,-0.00000,0.00000,0.25071,0.25071
2.0200,STATIC_col0_p0,0.0000,0.0000,0.0000,0.0000,-0.00000,0.00000,0.25071,0.25071
2.0300,STATIC_col0_p0,0.0000,0.0000,0.0000,0.0000,-0.00000,0.00000,0.25071,0.25071
2.0400,STATIC_col0_p0,0.0000,0.0000,0.0000,0.0000,-0.00000,0.00000,0.25071,0.25071
2.0500,STATIC_col0_p0,0.0000,0.0000,0.0000,0.0000,-0.00000,0.00000,0.25071,0.25071
2.0600,STATIC_col0_p0,0.0000,0.0000,0.0000,0.0000,-0.00000,0.00000,0.25071,0.25071
2.0700,STATIC_col0_p0,0.0000,0.0000,0.0000,0.0000,-0.00000,0.00000,0.25071,0.25071
2.0800,STATIC_col0_p0,0.0000,0.0000,0.0000,0.0000,-0.00000,0.00000,0.25071,0.25071
2.0900,STATIC_col0_p0,0.0000,0.0000,0.0000,0.0000,-0.00000,0.00000,0.25071,0.25071
2.1000,STATIC_col0_p0,0.0000,0.0000,0.0000,0.0000,-0.00000,0.00000,0.25071,0.25071
2.1100,STATIC_col0_p0,0.0000,0.0000,0.0000,0.0000,-0.00000,0.00000,0.25071,0.25071
2.1200,STATIC_col0_p0,0.0000,0.0000,0.0000,0.0000,-0.00000,0.00000,0.25071,0.25071
2.1300,STATIC_col0_p0,0.0000,0.0000,0.0000,0.0000,-0.00000,0.00000,0.25071,0.25071
2.1400,STATIC_col0_p0,0.0000,0.0000,0.0000,0.0000,-0.00000,0.00000,0.25071,0.25071
2.1500,STATIC_col0_p0,0.0000,0.0000,0.0000,0.0000,-0.00000,0.00000,0.25071,0.25071
2.1600,STATIC_col0_p0,0.0000,0.0000,0.0000,0.0000,-0.00000,0.00000,0.25071,0.25071
2.1700,STATIC_col0_p0,0.0000,0.0000,0.0000,0.0000,-0.00000,0.00000,0.25071,0.25071
2.1800,STATIC_col0_p0,0.0000,0.0000,0.0000,0.0000,-0.00000,0.00000,0.25071,0.25071
2.1900,STATIC_col0_p0,0.0000,0.0000,0.0000,0.0000,-0.00000,0.00000,0.25071,0.25071
2.2000,STATIC_col0_p0,0.0000,0.0000,0.0000,0.0000,-0.00000,0.00000,0.25071,0.25071
2.2100,STATIC_col0_p0,0.0000,0.0000,0.0000,0.0000,-0.00000,0.00000,0.25071,0.25071
2.2200,STATIC_col0_p0,0.0000,0.0000,0.0000,0.0000,-0.00000,0.00000,0.25071,0.25071
2.2300,STATIC_col0_p0,0.0000,0.0000,0.0000,0.0000,-0.00000,0.00000,0.25071,0.25071
2.2400,STATIC_col0_p0,0.0000,0.0000,0.0000,0.0000,-0.00000,0.00000,0.25071,0.25071
2.2500,STATIC_col0_p0,0.0000,0.0000,0.0000,0.0000,-0.00000,0.00000,0.25071,0.25071
2.2600,STATIC_col0_p0,0.0000,0.0000,0.0000,0.0000,-0.00000,0.00000,0.25071,0.25071
2.2700,STATIC_col0_p0,0.0000,0.0000,0.0000,0.0000,-0.00000,0.00000,0.25071,0.25071
2.2800,STATIC_col0_p0,0.0000,0.0000,0.0000,0.0000,-0.00000,0.00000,0.25071,0.25071
2.2900,STATIC_col0_p0,0.0000,0.0000,0.0000,0.0000,-0.00000,0.00000,0.25071,0.25071
2.3000,STATIC_col0_p0,0.0000,0.0000,0.0000,0.0000,-0.00000,0.00000,0.25071,0.25071
2.3100,STATIC_col0_p0,0.0000,0.0000,0.0000,0.0000,-0.00000,0.00000,0.25071,0.25071
2.3200,STATIC_col0_p0,0.0000,0.0000,0.0000,0.0000,-0.00000,0.00000,0.25071,0.25071
2.3300,STATIC_col0_p0,0.0000,0.0000,0.0000,0.0000,-0.00000,0.00000,0.25071,0.25071
2.3400,STATIC_col0_p0,0.0000,0.0000,0.0000,0.0000,-0.00000,0.00000,0.25071,0.25071
2.3500,STATIC_col0_p0,0.0000,0.0000,0.0000,0.0000,-0.00000,0.00000,0.25071,0.25071
2.3600,STATIC_col0_p0,0.0000,0.0000,0.0000,0.0000,-0.00000,0.00000,0.25071,0.25071
2.3700,STATIC_col0_p0,0.0000,0.0000,0.0000,0.0000,-0.00000,0.00000,0.25071,0.25071
2.3800,STATIC_col0_p0,0.0000,0.0000,0.0000,0.0000,-0.00000,0.00000,0.25071,0.25071
2.3900,STATIC_col0_p0,0.0000,0.0000,0.0000,0.0000,-0.00000,0.00000,0.25071,0.25071
2.4000,STATIC_col0_p0,0.0000,0.0000,0.0000,0.0000,-0.00000,0.00000,0.25071,0.25071
2.4100,STATIC_col0_p0,0.0000,0.0000,0.0000,0.0000,-0.00000,0.00000,0.25071,0.25071
2.4200,STATIC_col0_p0,0.0000,0.0000,0.0000,0.0000,-0.00000,0.00000,0.25071,0.25071
2.4300,STATIC_col0_p0,0.0000,0.0000,0.0000,0.0000,-0.00000,0.00000,0.25071,0.25071
2.4400,STATIC_col0_p0,0.0000,0.0000,0.0000,0.0000,-0.00000,0.00000,0.25071,0.25071
2.4500,STATIC_col0_p0,0.0000,0.0000,0.0000,0.0000,-0.00000,0.00000,0.25071,0.25071
2.4600,STATIC_col0_p0,0.0000,0.0000,0.0000,0.0000,-0.00000,0.00000,0.25071,0.25071
2.4700,STATIC_col0_p0,0.0000,0.0000,0.0000,0.0000,-0.00000,0.00000,0.25071,0.25071
2.4800,STATIC_col0_p0,0.0000,0.0000,0.0000,0.0000,-0.00000,0.00000,0.25071,0.25071
2.4900,STATIC_col0_p0,0.0000,0.0000,0.0000,0.0000,-0.00000,0.00000,0.25071,0.25071
2.5000,STATIC_col0_p0,0.0000,0.0000,0.0000,0.0000,-0.00000,0.00000,0.25071,0.25071
2.5100,STATIC_col0_p0,0.0000,0.0000,0.0000,0.0000,-0.00000,0.00000,0.25071,0.25071
2.5200,STATIC_col0_p0,0.0000,0.0000,0.0000,0.0000,-0.00000,0.00000,0.25071,0.25071
2.5300,STATIC_col0_p0,0.0000,0.0000,0.0000,0.0000,-0.00000,0.00000,0.25071,0.25071
2.5400,STATIC_col0_p0,0.0000,0.0000,0.0000,0.0000,-0.00000,0.00000,0.25071,0.25071
2.5500,STATIC_col0_p0,0.0000,0.0000,0.0000,0.0000,-0.00000,0.00000,0.25071,0.25071
2.5600,STATIC_col0_p0,0.0000,0.0000,0.0000,0.0000,-0.00000,0.00000,0.25071,0.25071
2.5700,STATIC_col0_p0,0.0000,0.0000,0.0000,0.0000,-0.00000,0.00000,0.25071,0.25071
2.5800,STATIC_col0_p0,0.0000,0.0000,0.0000,0.0000,-0.00000,0.00000,0.25071,0.25071
2.5900,STATIC_col0_p0,0.0000,0.0000,0.0000,0.0000,-0.00000,0.00000,0.25071,0.25071
2.6000,STATIC_col0_p0,0.0000,0.0000,0.0000,0.0000,-0.00000,0.00000,0.25071,0.25071
2.6100,STATIC_col0_p0,0.0000,0.0000,0.0000,0.0000,-0.00000,0.00000,0.25071,0.25071
2.6200,STATIC_col0_p0,0.0000,0.0000,0.0000,0.0000,-0.00000,0.00000,0.25071,0.25071
2.6300,STATIC_col0_p0,0.0000,0.0000,0.0000,0.0000,-0.00000,0.00000,0.25071,0.25071
2.6400,STATIC_col0_p0,0.0000,0.0000,0.0000,0.0000,-0.00000,0.00000,0.25071,0.25071
2.6500,STATIC_col0_p0,0.0000,0.0000,0.0000,0.0000,-0.00000,0.00000,0.25071,0.25071
2.6600,STATIC_col0_p0,0.0000,0.0000,0.0000,0.0000,-0.00000,0.00000,0.25071,0.25071
2.6700,STATIC_col0_p0,0.0000,0.0000,0.0000,0.0000,-0.00000,0.00000,0.25071,0.25071
2.6800,STATIC_col0_p0,0.0000,0.0000,0.0000,0.0000,-0.00000,0.00000,0.25071,0.25071
2.6900,STATIC_col0_p0,0.0000,0.0000,0.0000,0.0000,-0.00000,0.00000,0.25071,0.25071
2.7000,STATIC_col0_p0,0.0000,0.0000,0.0000,0.0000,-0.00000,0.00000,0.25071,0.25071
2.7100,STATIC_col0_p0,0.0000,0.0000,0.0000,0.0000,-0.00000,0.00000,0.25071,0.25071
2.7200,STATIC_col0_p0,0.0000,0.0000,0.0000,0.0000,-0.00000,0.00000,0.25071,0.25071
2.7300,STATIC_col0_p0,0.0000,0.0000,0.0000,0.0000,-0.00000,0.00000,0.25071,0.25071
2.7400,STATIC_col0_p0,0.0000,0.0000,0.0000,0.0000,-0.00000,0.00000,0.25071,0.25071
2.7500,STATIC_col0_p0,0.0000,0.0000,0.0000,0.0000,-0.00000,0.00000,0.25071,0.25071
2.7600,STATIC_col0_p0,0.0000,0.0000,0.0000,0.0000,-0.00000,0.00000,0.25071,0.25071
2.7700,STATIC_col0_p0,0.0000,0.0000,0.0000,0.0000,-0.00000,0.00000,0.25071,0.25071
2.7800,STATIC_col0_p0,0.0000,0.0000,0.0000,0.0000,-0.00000,0.00000,0.25071,0.25071
2.7900,STATIC_col0_p0,0.0000,0.0000,0.0000,0.0000,-0.00000,0.00000,0.25071,0.25071
2.8000,STATIC_col0_p0,0.0000,0.0000,0.0000,0.0000,-0.00000,0.00000,0.25071,0.25071
2.8100,STATIC_col0_p0,0.0000,0.0000,0.0000,0.0000,-0.00000,0.00000,0.25071,0.25071
2.8200,STATIC_col0_p0,0.0000,0.0000,0.0000,0.0000,-0.00000,0.00000,0.25071,0.25071
2.8300,STATIC_col0_p0,0.0000,0.0000,0.0000,0.0000,-0.00000,0.00000,0.25071,0.25071
2.8400,STATIC_col0_p0,0.0000,0.0000,0.0000,0.0000,-0.00000,0.00000,0.25071,0.25071
2.8500,STATIC_col0_p0,0.0000,0.0000,0.0000,0.0000,-0.00000,0.00000,0.25071,0.25071
2.8600,STATIC_col0_p0,0.0000,0.0000,0.0000,0.0000,-0.00000,0.00000,0.25071,0.25071
2.8700,STATIC_col0_p0,0.0000,0.0000,0.0000,0.0000,-0.00000,0.00000,0.25071,0.25071
2.8800,STATIC_col0_p0,0.0000,0.0000,0.0000,0.0000,-0.00000,0.00000,0.25071,0.25071
2.8900,STATIC_col0_p0,0.0000,0.0000,0.0000,0.0000,-0.00000,0.00000,0.25071,0.25071
2.9000,STATIC_col0_p0,0.0000,0.0000,0.0000,0.0000,-0.00000,0.00000,0.25071,0.25071
2.9100,STATIC_col0_p0,0.0000,0.0000,0.0000,0.0000,-0.00000,0.00000,0.25071,0.25071
2.9200,STATIC_col0_p0,0.0000,0.0000,0.0000,0.0000,-0.00000,0.00000,0.25071,0.25071
2.9300,STATIC_col0_p0,0.0000,0.0000,0.0000,0.0000,-0.00000,0.00000,0.25071,0.25071
2.9400,STATIC_col0_p0,0.0000,0.0000,0.0000,0.0000,-0.00000,0.00000,0.25071,0.25071
2.9500,STATIC_col0_p0,0.0000,0.0000,0.0000,0.0000,-0.00000,0.00000,0.25071,0.25071
2.9600,STATIC_col0_p0,0.0000,0.0000,0.0000,0.0000,-0.00000,0.00000,0.25071,0.25071
2.9700,STATIC_col0_p0,0.0000,0.0000,0.0000,0.0000,-0.00000,0.00000,0.25071,0.25071
2.9800,STATIC_col0_p0,0.0000,0.0000,0.0000,0.0000,-0.00000,0.00000,0.25071,0.25071
2.9900,STATIC_col0_p0,0.0000,0.0000,0.0000,0.0000,-0.00000,0.00000,0.25071,0.25071
3.0000,STATIC_col0_p0,0.0000,0.0000,0.0000,0.0000,-0.00000,0.00000,0.25071,0.25071
3.0100,STATIC_col0_p3,3.0000,0.0000,0.0000,0.0000,0.00000,0.00000,0.25071,0.25071
3.0200,STATIC_col0_p3,3.0000,0.0000,0.0000,0.0000,0.00003,0.00000,0.25071,0.25071
3.0300,STATIC_col0_p3,3.0000,0.0000,0.0000,0.0000,0.00008,0.00000,0.25070,0.25070
3.0400,STATIC_col0_p3,3.0000,0.0000,0.0000,0.0000,0.00017,0.00000,0.25069,0.25069
3.0500,STATIC_col0_p3,3.0000,0.0000,0.0000,0.0000,0.00030,0.00000,0.25067,0.25067
3.0600,STATIC_col0_p3,3.0000,0.0000,0.0000,0.0000,0.00048,0.00000,0.25065,0.25065
3.0700,STATIC_col0_p3,3.0000,0.0000,0.0000,0.0000,0.00071,0.00000,0.25063,0.25063
3.0800,STATIC_col0_p3,3.0000,0.0000,0.0000,0.0000,0.00099,0.00000,0.25060,0.25060
3.0900,STATIC_col0_p3,3.0000,0.0000,0.0000,0.0000,0.00132,0.00000,0.25057,0.25058
3.1000,STATIC_col0_p3,3.0000,0.0000,0.0000,0.0000,0.00171,0.00000,0.25055,0.25055
3.1100,STATIC_col0_p3,3.0000,0.0000,0.0000,0.0000,0.00215,0.00000,0.25052,0.25053
3.1200,STATIC_col0_p3,3.0000,0.0000,0.0000,0.0000,0.00264,0.00000,0.25050,0.25051
3.1300,STATIC_col0_p3,3.0000,0.0000,0.0000,0.0000,0.00319,0.00000,0.25048,0.25050
3.1400,STATIC_col0_p3,3.0000,0.0000,0.0000,0.0000,0.00378,0.00000,0.25047,0.25050
3.1500,STATIC_col0_p3,3.0000,0.0000,0.0000,0.0000,0.00442,0.00000,0.25046,0.25050
3.1600,STATIC_col0_p3,3.0000,0.0000,0.0000,0.0000,0.00510,0.00000,0.25045,0.25051
3.1700,STATIC_col0_p3,3.0000,0.0000,0.0000,0.0000,0.00583,0.00000,0.25046,0.25053
3.1800,STATIC_col0_p3,3.0000,0.0000,0.0000,0.0000,0.00659,0.00000,0.25047,0.25055
3.1900,STATIC_col0_p3,3.0000,0.0000,0.0000,0.0000,0.00738,0.00000,0.25048,0.25059
3.2000,STATIC_col0_p3,3.0000,0.0000,0.0000,0.0000,0.00820,0.00000,0.25051,0.25064
3.2100,STATIC_col0_p3,3.0000,0.0000,0.0000,0.0000,0.00904,0.00000,0.25054,0.25070
3.2200,STATIC_col0_p3,3.0000,0.0000,0.0000,0.0000,0.00990,0.00000,0.25057,0.25077
3.2300,STATIC_col0_p3,3.0000,0.0000,0.0000,0.0000,0.01077,0.00000,0.25061,0.25084
3.2400,STATIC_col0_p3,3.0000,0.0000,0.0000,0.0000,0.01166,0.00000,0.25066,0.25093
3.2500,STATIC_col0_p3,3.0000,0.0000,0.0000,0.0000,0.01254,0.00000,0.25071,0.25103
3.2600,STATIC_col0_p3,3.0000,0.0000,0.0000,0.0000,0.01343,0.00000,0.25077,0.25113
3.2700,STATIC_col0_p3,3.0000,0.0000,0.0000,0.0000,0.01431,0.00000,0.25083,0.25124
3.2800,STATIC_col0_p3,3.0000,0.0000,0.0000,0.0000,0.01518,0.00000,0.25090,0.25136
3.2900,STATIC_col0_p3,3.0000,0.0000,0.0000,0.0000,0.01604,0.00000,0.25097,0.25148
3.3000,STATIC_col0_p3,3.0000,0.0000,0.0000,0.0000,0.01688,0.00000,0.25105,0.25161
3.3100,STATIC_col0_p3,3.0000,0.0000,0.0000,0.0000,0.01770,0.00000,0.25112,0.25174
3.3200,STATIC_col0_p3,3.0000,0.0000,0.0000,0.0000,0.01849,0.00000,0.25120,0.25188
3.3300,STATIC_col0_p3,3.0000,0.0000,0.0000,0.0000,0.01925,0.00000,0.25128,0.25201
3.3400,STATIC_col0_p3,3.0000,0.0000,0.0000,0.0000,0.01998,0.00000,0.25135,0.25215
3.3500,STATIC_col0_p3,3.0000,0.0000,0.0000,0.0000,0.02068,0.00000,0.25143,0.25228
3.3600,STATIC_col0_p3,3.0000,0.0000,0.0000,0.0000,0.02133,0.00000,0.25151,0.25241
3.3700,STATIC_col0_p3,3.0000,0.0000,0.0000,0.0000,0.02195,0.00000,0.25158,0.25254
3.3800,STATIC_col0_p3,3.0000,0.0000,0.0000,0.0000,0.02253,0.00000,0.25165,0.25266
3.3900,STATIC_col0_p3,3.0000,0.0000,0.0000,0.0000,0.02306,0.00000,0.25172,0.25277
3.4000,STATIC_col0_p3,3.0000,0.0000,0.0000,0.0000,0.02354,0.00000,0.25178,0.25288
3.4100,STATIC_col0_p3,3.0000,0.0000,0.0000,0.0000,0.02398,0.00000,0.25184,0.25298
3.4200,STATIC_col0_p3,3.0000,0.0000,0.0000,0.0000,0.02438,0.00000,0.25190,0.25307
3.4300,STATIC_col0_p3,3.0000,0.0000,0.0000,0.0000,0.02472,0.00000,0.25195,0.25316
3.4400,STATIC_col0_p3,3.0000,0.0000,0.0000,0.0000,0.02502,0.00000,0.25199,0.25323
3.4500,STATIC_col0_p3,3.0000,0.0000,0.0000,0.0000,0.02528,0.00000,0.25203,0.25329
3.4600,STATIC_col0_p3,3.0000,0.0000,0.0000,0.0000,0.02549,0.00000,0.25206,0.25335
3.4700,STATIC_col0_p3,3.0000,0.0000,0.0000,0.0000,0.02565,0.00000,0.25209,0.25339
3.4800,STATIC_col0_p3,3.0000,0.0000,0.0000,0.0000,0.02577,0.00000,0.25211,0.25342
3.4900,STATIC_col0_p3,3.0000,0.0000,0.0000,0.0000,0.02584,0.00000,0.25212,0.25345
3.5000,STATIC_col0_p3,3.0000,0.0000,0.0000,0.0000,0.02588,0.00000,0.25213,0.25346
3.5100,STATIC_col0_p3,3.0000,0.0000,0.0000,0.0000,0.02587,0.00000,0.25214,0.25346
3.5200,STATIC_col0_p3,3.0000,0.0000,0.0000,0.0000,0.02583,0.00000,0.25213,0.25345
3.5300,STATIC_col0_p3,3.0000,0.0000,0.0000,0.0000,0.02575,0.00000,0.25213,0.25344
3.5400,STATIC_col0_p3,3.0000,0.0000,0.0000,0.0000,0.02564,0.00000,0.25212,0.25342
3.5500,STATIC_col0_p3,3.0000,0.0000,0.0000,0.0000,0.02550,0.00000,0.25210,0.25339
3.5600,STATIC_col0_p3,3.0000,0.0000,0.0000,0.0000,0.02533,0.00000,0.25208,0.25335
3.5700,STATIC_col0_p3,3.0000,0.0000,0.0000,0.0000,0.02513,0.00000,0.25206,0.25330
3.5800,STATIC_col0_p3,3.0000,0.0000,0.0000,0.0000,0.02491,0.00000,0.25203,0.25326
3.5900,STATIC_col0_p3,3.0000,0.0000,0.0000,0.0000,0.02467,0.00000,0.25200,0.25320
3.6000,STATIC_col0_p3,3.0000,0.0000,0.0000,0.0000,0.02441,0.00000,0.25197,0.25315
3.6100,STATIC_col0_p3,3.0000,0.0000,0.0000,0.0000,0.02414,0.00000,0.25193,0.25309
3.6200,STATIC_col0_p3,3.0000,0.0000,0.0000,0.0000,0.02385,0.00000,0.25190,0.25303
3.6300,STATIC_col0_p3,3.0000,0.0000,0.0000,0.0000,0.02355,0.00000,0.25186,0.25296
3.6400,STATIC_col0_p3,3.0000,0.0000,0.0000,0.0000,0.02325,0.00000,0.25183,0.25290
3.6500,STATIC_col0_p3,3.0000,0.0000,0.0000,0.0000,0.02293,0.00000,0.25179,0.25283
3.6600,STATIC_col0_p3,3.0000,0.0000,0.0000,0.0000,0.02262,0.00000,0.25176,0.25277
3.6700,STATIC_col0_p3,3.0000,0.0000,0.0000,0.0000,0.02231,0.00000,0.25172,0.25271
3.6800,STATIC_col0_p3,3.0000,0.0000,0.0000,0.0000,0.02200,0.00000,0.25169,0.25264
3.6900,STATIC_col0_p3,3.0000,0.0000,0.0000,0.0000,0.02169,0.00000,0.25165,0.25258
3.7000,STATIC_col0_p3,3.0000,0.0000,0.0000,0.0000,0.02139,0.00000,0.25162,0.25253
3.7100,STATIC_col0_p3,3.0000,0.0000,0.0000,0.0000,0.02109,0.00000,0.25159,0.25247
3.7200,STATIC_col0_p3,3.0000,0.0000,0.0000,0.0000,0.02081,0.00000,0.25156,0.25242
3.7300,STATIC_col0_p3,3.0000,0.0000,0.0000,0.0000,0.02054,0.00000,0.25153,0.25237
3.7400,STATIC_col0_p3,3.0000,0.0000,0.0000,0.0000,0.02028,0.00000,0.25150,0.25232
3.7500,STATIC_col0_p3,3.0000,0.0000,0.0000,0.0000,0.02004,0.00000,0.25148,0.25228
3.7600,STATIC_col0_p3,3.0000,0.0000,0.0000,0.0000,0.01981,0.00000,0.25146,0.25224
3.7700,STATIC_col0_p3,3.0000,0.0000,0.0000,0.0000,0.01959,0.00000,0.25144,0.25220
3.7800,STATIC_col0_p3,3.0000,0.0000,0.0000,0.0000,0.01940,0.00000,0.25142,0.25216
3.7900,STATIC_col0_p3,3.0000,0.0000,0.0000,0.0000,0.01922,0.00000,0.25140,0.25213
3.8000,STATIC_col0_p3,3.0000,0.0000,0.0000,0.0000,0.01906,0.00000,0.25139,0.25211
3.8100,STATIC_col0_p3,3.0000,0.0000,0.0000,0.0000,0.01892,0.00000,0.25137,0.25208
3.8200,STATIC_col0_p3,3.0000,0.0000,0.0000,0.0000,0.01880,0.00000,0.25136,0.25207
3.8300,STATIC_col0_p3,3.0000,0.0000,0.0000,0.0000,0.01870,0.00000,0.25135,0.25205
3.8400,STATIC_col0_p3,3.0000,0.0000,0.0000,0.0000,0.01862,0.00000,0.25135,0.25204
3.8500,STATIC_col0_p3,3.0000,0.0000,0.0000,0.0000,0.01856,0.00000,0.25134,0.25203
3.8600,STATIC_col0_p3,3.0000,0.0000,0.0000,0.0000,0.01851,0.00000,0.25134,0.25202
3.8700,STATIC_col0_p3,3.0000,0.0000,0.0000,0.0000,0.01849,0.00000,0.25134,0.25202
3.8800,STATIC_col0_p3,3.0000,0.0000,0.0000,0.0000,0.01848,0.00000,0.25134,0.25202
3.8900,STATIC_col0_p3,3.0000,0.0000,0.0000,0.0000,0.01849,0.00000,0.25134,0.25202
3.9000,STATIC_col0_p3,3.0000,0.0000,0.0000,0.0000,0.01851,0.00000,0.25134,0.25202
3.9100,STATIC_col0_p3,3.0000,0.0000,0.0000,0.0000,0.01856,0.00000,0.25135,0.25203
3.9200,STATIC_col0_p3,3.0000,0.0000,0.0000,0.0000,0.01861,0.00000,0.25135,0.25204
3.9300,STATIC_col0_p3,3.0000,0.0000,0.0000,0.0000,0.01868,0.00000,0.25136,0.25205
3.9400,STATIC_col0_p3,3.0000,0.0000,0.0000,0.0000,0.01876,0.00000,0.25137,0.25207
3.9500,STATIC_col0_p3,3.0000,0.0000,0.0000,0.0000,0.01886,0.00000,0.25138,0.25208
3.9600,STATIC_col0_p3,3.0000,0.0000,0.0000,0.0000,0.01896,0.00000,0.25139,0.25210
3.9700,STATIC_col0_p3,3.0000,0.0000,0.0000,0.0000,0.01907,0.00000,0.25140,0.25212
3.9800,STATIC_col0_p3,3.0000,0.0000,0.0000,0.0000,0.01920,0.00000,0.25141,0.25214
3.9900,STATIC_col0_p3,3.0000,0.0000,0.0000,0.0000,0.01933,0.00000,0.25143,0.25217
4.0000,STATIC_col0_p3,3.0000,0.0000,0.0000,0.0000,0.01946,0.00000,0.25144,0.25219
4.0100,STATIC_col0_p3,3.0000,0.0000,0.0000,0.0000,0.01960,0.00000,0.25145,0.25222
4.0200,STATIC_col0_p3,3.0000,0.0000,0.0000,0.0000,0.01974,0.00000,0.25147,0.25224
4.0300,STATIC_col0_p3,3.0000,0.0000,0.0000,0.0000,0.01989,0.00000,0.25148,0.25227
4.0400,STATIC_col0_p3,3.0000,0.0000,0.0000,0.0000,0.02003,0.00000,0.25150,0.25230
4.0500,STATIC_col0_p3,3.0000,0.0000,0.0000,0.0000,0.02018,0.00000,0.25151,0.25232
4.0600,STATIC_col0_p3,3.0000,0.0000,0.0000,0.0000,0.02033,0.00000,0.25153,0.25235
4.0700,STATIC_col0_p3,3.0000,0.0000,0.0000,0.0000,0.02047,0.00000,0.25155,0.25238
4.0800,STATIC_col0_p3,3.0000,0.0000,0.0000,0.0000,0.02061,0.00000,0.25156,0.25240
4.0900,STATIC_col0_p3,3.0000,0.0000,0.0000,0.0000,0.02075,0.00000,0.25158,0.25243
4.1000,STATIC_col0_p3,3.0000,0.0000,0.0000,0.0000,0.02089,0.00000,0.25159,0.25246
4.1100,STATIC_col0_p3,3.0000,0.0000,0.0000,0.0000,0.02102,0.00000,0.25160,0.25248
4.1200,STATIC_col0_p3,3.0000,0.0000,0.0000,0.0000,0.02114,0.00000,0.25162,0.25250
4.1300,STATIC_col0_p3,3.0000,0.0000,0.0000,0.0000,0.02126,0.00000,0.25163,0.25253
4.1400,STATIC_col0_p3,3.0000,0.0000,0.0000,0.0000,0.02137,0.00000,0.25164,0.25255
4.1500,STATIC_col0_p3,3.0000,0.0000,0.0000,0.0000,0.02147,0.00000,0.25166,0.25257
4.1600,STATIC_col0_p3,3.0000,0.0000,0.0000,0.0000,0.02156,0.00000,0.25167,0.25259
4.1700,STATIC_col0_p3,3.0000,0.0000,0.0000,0.0000,0.02165,0.00000,0.25168,0.25261
4.1800,STATIC_col0_p3,3.0000,0.0000,0.0000,0.0000,0.02173,0.00000,0.25168,0.25262
4.1900,STATIC_col0_p3,3.0000,0.0000,0.0000,0.0000,0.02180,0.00000,0.25169,0.25263
4.2000,STATIC_col0_p3,3.0000,0.0000,0.0000,0.0000,0.02186,0.00000,0.25170,0.25265
4.2100,STATIC_col0_p3,3.0000,0.0000,0.0000,0.0000,0.02191,0.00000,0.25171,0.25266
4.2200,STATIC_col0_p3,3.0000,0.0000,0.0000,0.0000,0.02195,0.00000,0.25171,0.25267
4.2300,STATIC_col0_p3,3.0000,0.0000,0.0000,0.0000,0.02199,0.00000,0.25171,0.25267
4.2400,STATIC_col0_p3,3.0000,0.0000,0.0000,0.0000,0.02201,0.00000,0.25172,0.25268
4.2500,STATIC_col0_p3,3.0000,0.0000,0.0000,0.0000,0.02203,0.00000,0.25172,0.25268
4.2600,STATIC_col0_p3,3.0000,0.0000,0.0000,0.0000,0.02204,0.00000,0.25172,0.25268
4.2700,STATIC_col0_p3,3.0000,0.0000,0.0000,0.0000,0.02204,0.00000,0.25172,0.25268
4.2800,STATIC_col0_p3,3.0000,0.0000,0.0000,0.0000,0.02204,0.00000,0.25172,0.25268
4.2900,STATIC_col0_p3,3.0000,0.0000,0.0000,0.0000,0.02202,0.00000,0.25172,0.25268
4.3000,STATIC_col0_p3,3.0000,0.0000,0.0000,0.0000,0.02200,0.00000,0.25172,0.25268
4.3100,STATIC_col0_p3,3.0000,0.0000,0.0000,0.0000,0.02198,0.00000,0.25171,0.25267
4.3200,STATIC_col0_p3,3.0000,0.0000,0.0000,0.0000,0.02194,0.00000,0.25171,0.25266
4.3300,STATIC_col0_p3,3.0000,0.0000,0.0000,0.0000,0.02190,0.00000,0.25171,0.25266
4.3400,STATIC_col0_p3,3.0000,0.0000,0.0000,0.0000,0.02186,0.00000,0.25170,0.25265
4.3500,STATIC_col0_p3,3.0000,0.0000,0.0000,0.0000,0.02181,0.00000,0.25169,0.25264
4.3600,STATIC_col0_p3,3.0000,0.0000,0.0000,0.0000,0.02176,0.00000,0.25169,0.25263
4.3700,STATIC_col0_p3,3.0000,0.0000,0.0000,0.0000,0.02171,0.00000,0.25168,0.25262
4.3800,STATIC_col0_p3,3.0000,0.0000,0.0000,0.0000,0.02165,0.00000,0.25168,0.25261
4.3900,STATIC_col0_p3,3.0000,0.0000,0.0000,0.0000,0.02159,0.00000,0.25167,0.25259
4.4000,STATIC_col0_p3,3.0000,0.0000,0.0000,0.0000,0.02152,0.00000,0.25166,0.25258
4.4100,STATIC_col0_p3,3.0000,0.0000,0.0000,0.0000,0.02146,0.00000,0.25165,0.25257
4.4200,STATIC_col0_p3,3.0000,0.0000,0.0000,0.0000,0.02139,0.00000,0.25165,0.25256
4.4300,STATIC_col0_p3,3.0000,0.0000,0.0000,0.0000,0.02133,0.00000,0.25164,0.25254
4.4400,STATIC_col0_p3,3.0000,0.0000,0.0000,0.0000,0.02126,0.00000,0.25163,0.25253
4.4500,STATIC_col0_p3,3.0000,0.0000,0.0000,0.0000,0.02120,0.00000,0.25163,0.25252
4.4600,STATIC_col0_p3,3.0000,0.0000,0.0000,0.0000,0.02113,0.00000,0.25162,0.25250
4.4700,STATIC_col0_p3,3.0000,0.0000,0.0000,0.0000,0.02107,0.00000,0.25161,0.25249
4.4800,STATIC_col0_p3,3.0000,0.0000,0.0000,0.0000,0.02101,0.00000,0.25161,0.25248
4.4900,STATIC_col0_p3,3.0000,0.0000,0.0000,0.0000,0.02095,0.00000,0.25160,0.25247
4.5000,STATIC_col0_p3,3.0000,0.0000,0.0000,0.0000,0.02090,0.00000,0.25159,0.25246
4.5100,STATIC_col0_p3,3.0000,0.0000,0.0000,0.0000,0.02084,0.00000,0.25159,0.25245
4.5200,STATIC_col0_p3,3.0000,0.0000,0.0000,0.0000,0.02079,0.00000,0.25158,0.25244
4.5300,STATIC_col0_p3,3.0000,0.0000,0.0000,0.0000,0.02074,0.00000,0.25158,0.25243
4.5400,STATIC_col0_p3,3.0000,0.0000,0.0000,0.0000,0.02070,0.00000,0.25157,0.25242
4.5500,STATIC_col0_p3,3.0000,0.0000,0.0000,0.0000,0.02066,0.00000,0.25157,0.25241
4.5600,STATIC_col0_p3,3.0000,0.0000,0.0000,0.0000,0.02062,0.00000,0.25156,0.25241
4.5700,STATIC_col0_p3,3.0000,0.0000,0.0000,0.0000,0.02059,0.00000,0.25156,0.25240
4.5800,STATIC_col0_p3,3.0000,0.0000,0.0000,0.0000,0.02056,0.00000,0.25156,0.25240
4.5900,STATIC_col0_p3,3.0000,0.0000,0.0000,0.0000,0.02053,0.00000,0.25155,0.25239
4.6000,STATIC_col0_p3,3.0000,0.0000,0.0000,0.0000,0.02051,0.00000,0.25155,0.25239
4.6100,STATIC_col0_p3,3.0000,0.0000,0.0000,0.0000,0.02049,0.00000,0.25155,0.25238
4.6200,STATIC_col0_p3,3.0000,0.0000,0.0000,0.0000,0.02048,0.00000,0.25155,0.25238
4.6300,STATIC_col0_p3,3.0000,0.0000,0.0000,0.0000,0.02047,0.00000,0.25155,0.25238
4.6400,STATIC_col0_p3,3.0000,0.0000,0.0000,0.0000,0.02046,0.00000,0.25155,0.25238
4.6500,STATIC_col0_p3,3.0000,0.0000,0.0000,0.0000,0.02046,0.00000,0.25155,0.25238
4.6600,STATIC_col0_p3,3.0000,0.0000,0.0000,0.0000,0.02046,0.00000,0.25155,0.25238
4.6700,STATIC_col0_p3,3.0000,0.0000,0.0000,0.0000,0.02047,0.00000,0.25155,0.25238
4.6800,STATIC_col0_p3,3.0000,0.0000,0.0000,0.0000,0.02048,0.00000,0.25155,0.25238
4.6900,STATIC_col0_p3,3.0000,0.0000,0.0000,0.0000,0.02049,0.00000,0.25155,0.25238
4.7000,STATIC_col0_p3,3.0000,0.0000,0.0000,0.0000,0.02050,0.00000,0.25155,0.25238
4.7100,STATIC_col0_p3,3.0000,0.0000,0.0000,0.0000,0.02052,0.00000,0.25155,0.25239
4.7200,STATIC_col0_p3,3.0000,0.0000,0.0000,0.0000,0.02053,0.00000,0.25155,0.25239
4.7300,STATIC_col0_p3,3.0000,0.0000,0.0000,0.0000,0.02055,0.00000,0.25156,0.25240
4.7400,STATIC_col0_p3,3.0000,0.0000,0.0000,0.0000,0.02058,0.00000,0.25156,0.25240
4.7500,STATIC_col0_p3,3.0000,0.0000,0.0000,0.0000,0.02060,0.00000,0.25156,0.25240
4.7600,STATIC_col0_p3,3.0000,0.0000,0.0000,0.0000,0.02063,0.00000,0.25156,0.25241
4.7700,STATIC_col0_p3,3.0000,0.0000,0.0000,0.0000,0.02065,0.00000,0.25157,0.25241
4.7800,STATIC_col0_p3,3.0000,0.0000,0.0000,0.0000,0.02068,0.00000,0.25157,0.25242
4.7900,STATIC_col0_p3,3.0000,0.0000,0.0000,0.0000,0.02071,0.00000,0.25157,0.25242
4.8000,STATIC_col0_p3,3.0000,0.0000,0.0000,0.0000,0.02074,0.00000,0.25158,0.25243
4.8100,STATIC_col0_p3,3.0000,0.0000,0.0000,0.0000,0.02077,0.00000,0.25158,0.25244
4.8200,STATIC_col0_p3,3.0000,0.0000,0.0000,0.0000,0.02080,0.00000,0.25158,0.25244
4.8300,STATIC_col0_p3,3.0000,0.0000,0.0000,0.0000,0.02083,0.00000,0.25159,0.25245
4.8400,STATIC_col0_p3,3.0000,0.0000,0.0000,0.0000,0.02086,0.00000,0.25159,0.25245
4.8500,STATIC_col0_p3,3.0000,0.0000,0.0000,0.0000,0.02089,0.00000,0.25159,0.25246
4.8600,STATIC_col0_p3,3.0000,0.0000,0.0000,0.0000,0.02091,0.00000,0.25160,0.25246
4.8700,STATIC_col0_p3,3.0000,0.0000,0.0000,0.0000,0.02094,0.00000,0.25160,0.25247
4.8800,STATIC_col0_p3,3.0000,0.0000,0.0000,0.0000,0.02097,0.00000,0.25160,0.25247
4.8900,STATIC_col0_p3,3.0000,0.0000,0.0000,0.0000,0.02099,0.00000,0.25160,0.25248
4.9000,STATIC_col0_p3,3.0000,0.0000,0.0000,0.0000,0.02101,0.00000,0.25161,0.25248
4.9100,STATIC_col0_p3,3.0000,0.0000,0.0000,0.0000,0.02104,0.00000,0.25161,0.25249
4.9200,STATIC_col0_p3,3.0000,0.0000,0.0000,0.0000,0.02106,0.00000,0.25161,0.25249
4.9300,STATIC_col0_p3,3.0000,0.0000,0.0000,0.0000,0.02108,0.00000,0.25161,0.25249
4.9400,STATIC_col0_p3,3.0000,0.0000,0.0000,0.0000,0.02109,0.00000,0.25162,0.25250
4.9500,STATIC_col0_p3,3.0000,0.0000,0.0000,0.0000,0.02111,0.00000,0.25162,0.25250
4.9600,STATIC_col0_p3,3.0000,0.0000,0.0000,0.0000,0.02112,0.00000,0.25162,0.25250
4.9700,STATIC_col0_p3,3.0000,0.0000,0.0000,0.0000,0.02114,0.00000,0.25162,0.25251
4.9800,STATIC_col0_p3,3.0000,0.0000,0.0000,0.0000,0.02115,0.00000,0.25162,0.25251
4.9900,STATIC_col0_p3,3.0000,0.0000,0.0000,0.0000,0.02116,0.00000,0.25162,0.25251
5.0000,STATIC_col0_p3,3.0000,0.0000,0.0000,0.0000,0.02116,0.00000,0.25162,0.25251
5.0100,STATIC_col0_p3,3.0000,0.0000,0.0000,0.0000,0.02117,0.00000,0.25162,0.25251
5.0200,STATIC_col0_p3,3.0000,0.0000,0.0000,0.0000,0.02117,0.00000,0.25162,0.25251
5.0300,STATIC_col0_p3,3.0000,0.0000,0.0000,0.0000,0.02117,0.00000,0.25162,0.25251
5.0400,STATIC_col0_p3,3.0000,0.0000,0.0000,0.0000,0.02117,0.00000,0.25162,0.25251
5.0500,STATIC_col0_p3,3.0000,0.0000,0.0000,0.0000,0.02117,0.00000,0.25162,0.25251
5.0600,STATIC_col0_p3,3.0000,0.0000,0.0000,0.0000,0.02117,0.00000,0.25162,0.25251
5.0700,STATIC_col0_p3,3.0000,0.0000,0.0000,0.0000,0.02117,0.00000,0.25162,0.25251
5.0800,STATIC_col0_p3,3.0000,0.0000,0.0000,0.0000,0.02116,0.00000,0.25162,0.25251
5.0900,STATIC_col0_p3,3.0000,0.0000,0.0000,0.0000,0.02116,0.00000,0.25162,0.25251
5.1000,STATIC_col0_p3,3.0000,0.0000,0.0000,0.0000,0.02115,0.00000,0.25162,0.25251
5.1100,STATIC_col0_p3,3.0000,0.0000,0.0000,0.0000,0.02114,0.00000,0.25162,0.25251
5.1200,STATIC_col0_p3,3.0000,0.0000,0.0000,0.0000,0.02113,0.00000,0.25162,0.25250
5.1300,STATIC_col0_p3,3.0000,0.0000,0.0000,0.0000,0.02112,0.00000,0.25162,0.25250
5.1400,STATIC_col0_p3,3.0000,0.0000,0.0000,0.0000,0.02111,0.00000,0.25162,0.25250
5.1500,STATIC_col0_p3,3.0000,0.0000,0.0000,0.0000,0.02110,0.00000,0.25162,0.25250
5.1600,STATIC_col0_p3,3.0000,0.0000,0.0000,0.0000,0.02108,0.00000,0.25161,0.25250
5.1700,STATIC_col0_p3,3.0000,0.0000,0.0000,0.0000,0.02107,0.00000,0.25161,0.25249
5.1800,STATIC_col0_p3,3.0000,0.0000,0.0000,0.0000,0.02106,0.00000,0.25161,0.25249
5.1900,STATIC_col0_p3,3.0000,0.0000,0.0000,0.0000,0.02104,0.00000,0.25161,0.25249
5.2000,STATIC_col0_p3,3.0000,0.0000,0.0000,0.0000,0.02103,0.00000,0.25161,0.25249
5.2100,STATIC_col0_p3,3.0000,0.0000,0.0000,0.0000,0.02102,0.00000,0.25161,0.25248
5.2200,STATIC_col0_p3,3.0000,0.0000,0.0000,0.0000,0.02100,0.00000,0.25161,0.25248
5.2300,STATIC_col0_p3,3.0000,0.0000,0.0000,0.0000,0.02099,0.00000,0.25160,0.25248
5.2400,STATIC_col0_p3,3.0000,0.0000,0.0000,0.0000,0.02098,0.00000,0.25160,0.25248
5.2500,STATIC_col0_p3,3.0000,0.0000,0.0000,0.0000,0.02097,0.00000,0.25160,0.25247
5.2600,STATIC_col0_p3,3.0000,0.0000,0.0000,0.0000,0.02095,0.00000,0.25160,0.25247
5.2700,STATIC_col0_p3,3.0000,0.0000,0.0000,0.0000,0.02094,0.00000,0.25160,0.25247
5.2800,STATIC_col0_p3,3.0000,0.0000,0.0000,0.0000,0.02093,0.00000,0.25160,0.25247
5.2900,STATIC_col0_p3,3.0000,0.0000,0.0000,0.0000,0.02092,0.00000,0.25160,0.25246
5.3000,STATIC_col0_p3,3.0000,0.0000,0.0000,0.0000,0.02091,0.00000,0.25160,0.25246
5.3100,STATIC_col0_p3,3.0000,0.0000,0.0000,0.0000,0.02090,0.00000,0.25159,0.25246
5.3200,STATIC_col0_p3,3.0000,0.0000,0.0000,0.0000,0.02089,0.00000,0.25159,0.25246
5.3300,STATIC_col0_p3,3.0000,0.0000,0.0000,0.0000,0.02089,0.00000,0.25159,0.25246
5.3400,STATIC_col0_p3,3.0000,0.0000,0.0000,0.0000,0.02088,0.00000,0.25159,0.25246
5.3500,STATIC_col0_p3,3.0000,0.0000,0.0000,0.0000,0.02087,0.00000,0.25159,0.25246
5.3600,STATIC_col0_p3,3.0000,0.0000,0.0000,0.0000,0.02087,0.00000,0.25159,0.25245
5.3700,STATIC_col0_p3,3.0000,0.0000,0.0000,0.0000,0.02086,0.00000,0.25159,0.25245
5.3800,STATIC_col0_p3,3.0000,0.0000,0.0000,0.0000,0.02086,0.00000,0.25159,0.25245
5.3900,STATIC_col0_p3,3.0000,0.0000,0.0000,0.0000,0.02086,0.00000,0.25159,0.25245
5.4000,STATIC_col0_p3,3.0000,0.0000,0.0000,0.0000,0.02086,0.00000,0.25159,0.25245
5.4100,STATIC_col0_p3,3.0000,0.0000,0.0000,0.0000,0.02086,0.00000,0.25159,0.25245
5.4200,STATIC_col0_p3,3.0000,0.0000,0.0000,0.0000,0.02085,0.00000,0.25159,0.25245
5.4300,STATIC_col0_p3,3.0000,0.0000,0.0000,0.0000,0.02085,0.00000,0.25159,0.25245
5.4400,STATIC_col0_p3,3.0000,0.0000,0.0000,0.0000,0.02086,0.00000,0.25159,0.25245
5.4500,STATIC_col0_p3,3.0000,0.0000,0.0000,0.0000,0.02086,0.00000,0.25159,0.25245
5.4600,STATIC_col0_p3,3.0000,0.0000,0.0000,0.0000,0.02086,0.00000,0.25159,0.25245
5.4700,STATIC_col0_p3,3.0000,0.0000,0.0000,0.0000,0.02086,0.00000,0.25159,0.25245
5.4800,STATIC_col0_p3,3.0000,0.0000,0.0000,0.0000,0.02087,0.00000,0.25159,0.25245
5.4900,STATIC_col0_p3,3.0000,0.0000,0.0000,0.0000,0.02087,0.00000,0.25159,0.25245
5.5000,STATIC_col0_p3,3.0000,0.0000,0.0000,0.0000,0.02087,0.00000,0.25159,0.25246
5.5100,STATIC_col0_p3,3.0000,0.0000,0.0000,0.0000,0.02088,0.00000,0.25159,0.25246
5.5200,STATIC_col0_p3,3.0000,0.0000,0.0000,0.0000,0.02088,0.00000,0.25159,0.25246
5.5300,STATIC_col0_p3,3.0000,0.0000,0.0000,0.0000,0.02089,0.00000,0.25159,0.25246
5.5400,STATIC_col0_p3,3.0000,0.0000,0.0000,0.0000,0.02089,0.00000,0.25159,0.25246
5.5500,STATIC_col0_p3,3.0000,0.0000,0.0000,0.0000,0.02090,0.00000,0.25159,0.25246
5.5600,STATIC_col0_p3,3.0000,0.0000,0.0000,0.0000,0.02090,0.00000,0.25159,0.25246
5.5700,STATIC_col0_p3,3.0000,0.0000,0.0000,0.0000,0.02091,0.00000,0.25160,0.25246
5.5800,STATIC_col0_p3,3.0000,0.0000,0.0000,0.0000,0.02092,0.00000,0.25160,0.25246
5.5900,STATIC_col0_p3,3.0000,0.0000,0.0000,0.0000,0.02092,0.00000,0.25160,0.25246
5.6000,STATIC_col0_p3,3.0000,0.0000,0.0000,0.0000,0.02093,0.00000,0.25160,0.25247
5.6100,STATIC_col0_p3,3.0000,0.0000,0.0000,0.0000,0.02093,0.00000,0.25160,0.25247
5.6200,STATIC_col0_p3,3.0000,0.0000,0.0000,0.0000,0.02094,0.00000,0.25160,0.25247
5.6300,STATIC_col0_p3,3.0000,0.0000,0.0000,0.0000,0.02095,0.00000,0.25160,0.25247
5.6400,STATIC_col0_p3,3.0000,0.0000,0.0000,0.0000,0.02095,0.00000,0.25160,0.25247
5.6500,STATIC_col0_p3,3.0000,0.0000,0.0000,0.0000,0.02096,0.00000,0.25160,0.25247
5.6600,STATIC_col0_p3,3.0000,0.0000,0.0000,0.0000,0.02096,0.00000,0.25160,0.25247
5.6700,STATIC_col0_p3,3.0000,0.0000,0.0000,0.0000,0.02097,0.00000,0.25160,0.25247
5.6800,STATIC_col0_p3,3.0000,0.0000,0.0000,0.0000,0.02097,0.00000,0.25160,0.25247
5.6900,STATIC_col0_p3,3.0000,0.0000,0.0000,0.0000,0.02097,0.00000,0.25160,0.25247
5.7000,STATIC_col0_p3,3.0000,0.0000,0.0000,0.0000,0.02098,0.00000,0.25160,0.25248
5.7100,STATIC_col0_p3,3.0000,0.0000,0.0000,0.0000,0.02098,0.00000,0.25160,0.25248
5.7200,STATIC_col0_p3,3.0000,0.0000,0.0000,0.0000,0.02099,0.00000,0.25160,0.25248
5.7300,STATIC_col0_p3,3.0000,0.0000,0.0000,0.0000,0.02099,0.00000,0.25160,0.25248
5.7400,STATIC_col0_p3,3.0000,0.0000,0.0000,0.0000,0.02099,0.00000,0.25160,0.25248
5.7500,STATIC_col0_p3,3.0000,0.0000,0.0000,0.0000,0.02099,0.00000,0.25160,0.25248
5.7600,STATIC_col0_p3,3.0000,0.0000,0.0000,0.0000,0.02099,0.00000,0.25160,0.25248
5.7700,STATIC_col0_p3,3.0000,0.0000,0.0000,0.0000,0.02100,0.00000,0.25160,0.25248
5.7800,STATIC_col0_p3,3.0000,0.0000,0.0000,0.0000,0.02100,0.00000,0.25160,0.25248
5.7900,STATIC_col0_p3,3.0000,0.0000,0.0000,0.0000,0.02100,0.00000,0.25160,0.25248
5.8000,STATIC_col0_p3,3.0000,0.0000,0.0000,0.0000,0.02100,0.00000,0.25160,0.25248
5.8100,STATIC_col0_p3,3.0000,0.0000,0.0000,0.0000,0.02100,0.00000,0.25160,0.25248
5.8200,STATIC_col0_p3,3.0000,0.0000,0.0000,0.0000,0.02100,0.00000,0.25160,0.25248
5.8300,STATIC_col0_p3,3.0000,0.0000,0.0000,0.0000,0.02100,0.00000,0.25160,0.25248
5.8400,STATIC_col0_p3,3.0000,0.0000,0.0000,0.0000,0.02100,0.00000,0.25160,0.25248
5.8500,STATIC_col0_p3,3.0000,0.0000,0.0000,0.0000,0.02100,0.00000,0.25160,0.25248
5.8600,STATIC_col0_p3,3.0000,0.0000,0.0000,0.0000,0.02099,0.00000,0.25160,0.25248
5.8700,STATIC_col0_p3,3.0000,0.0000,0.0000,0.0000,0.02099,0.00000,0.25160,0.25248
5.8800,STATIC_col0_p3,3.0000,0.0000,0.0000,0.0000,0.02099,0.00000,0.25160,0.25248
5.8900,STATIC_col0_p3,3.0000,0.0000,0.0000,0.0000,0.02099,0.00000,0.25160,0.25248
5.9000,STATIC_col0_p3,3.0000,0.0000,0.0000,0.0000,0.02099,0.00000,0.25160,0.25248
5.9100,STATIC_col0_p3,3.0000,0.0000,0.0000,0.0000,0.02099,0.00000,0.25160,0.25248
5.9200,STATIC_col0_p3,3.0000,0.0000,0.0000,0.0000,0.02098,0.00000,0.25160,0.25248
5.9300,STATIC_col0_p3,3.0000,0.0000,0.0000,0.0000,0.02098,0.00000,0.25160,0.25248
5.9400,STATIC_col0_p3,3.0000,0.0000,0.0000,0.0000,0.02098,0.00000,0.25160,0.25248
5.9500,STATIC_col0_p3,3.0000,0.0000,0.0000,0.0000,0.02098,0.00000,0.25160,0.25247
5.9600,STATIC_col0_p3,3.0000,0.0000,0.0000,0.0000,0.02097,0.00000,0.25160,0.25247
5.9700,STATIC_col0_p3,3.0000,0.0000,0.0000,0.0000,0.02097,0.00000,0.25160,0.25247
5.9800,STATIC_col0_p3,3.0000,0.0000,0.0000,0.0000,0.02097,0.00000,0.25160,0.25247
5.9900,STATIC_col0_p3,3.0000,0.0000,0.0000,0.0000,0.02096,0.00000,0.25160,0.25247
6.0000,STATIC_col0_p3,3.0000,0.0000,0.0000,0.0000,0.02096,0.00000,0.25160,0.25247
6.0100,STATIC_col0_p6,6.0000,0.0000,0.0000,0.0000,0.02096,0.00000,0.25160,0.25247
6.0200,STATIC_col0_p6,6.0000,0.0000,0.0000,0.0000,0.02098,0.00000,0.25160,0.25247
6.0300,STATIC_col0_p6,6.0000,0.0000,0.0000,0.0000,0.02104,0.00000,0.25160,0.25248
6.0400,STATIC_col0_p6,6.0000,0.0000,0.0000,0.0000,0.02112,0.00000,0.25160,0.25249
6.0500,STATIC_col0_p6,6.0000,0.0000,0.0000,0.0000,0.02125,0.00000,0.25161,0.25250
6.0600,STATIC_col0_p6,6.0000,0.0000,0.0000,0.0000,0.02143,0.00000,0.25161,0.25252
6.0700,STATIC_col0_p6,6.0000,0.0000,0.0000,0.0000,0.02166,0.00000,0.25162,0.25255
6.0800,STATIC_col0_p6,6.0000,0.0000,0.0000,0.0000,0.02193,0.00000,0.25163,0.25259
6.0900,STATIC_col0_p6,6.0000,0.0000,0.0000,0.0000,0.02226,0.00000,0.25165,0.25264
6.1000,STATIC_col0_p6,6.0000,0.0000,0.0000,0.0000,0.02265,0.00000,0.25168,0.25270
6.1100,STATIC_col0_p6,6.0000,0.0000,0.0000,0.0000,0.02308,0.00000,0.25171,0.25277
6.1200,STATIC_col0_p6,6.0000,0.0000,0.0000,0.0000,0.02357,0.00000,0.25176,0.25286
6.1300,STATIC_col0_p6,6.0000,0.0000,0.0000,0.0000,0.02411,0.00000,0.25181,0.25297
6.1400,STATIC_col0_p6,6.0000,0.0000,0.0000,0.0000,0.02470,0.00000,0.25188,0.25309
6.1500,STATIC_col0_p6,6.0000,0.0000,0.0000,0.0000,0.02533,0.00000,0.25196,0.25323
6.1600,STATIC_col0_p6,6.0000,0.0000,0.0000,0.0000,0.02601,0.00000,0.25204,0.25338
6.1700,STATIC_col0_p6,6.0000,0.0000,0.0000,0.0000,0.02672,0.00000,0.25214,0.25355
6.1800,STATIC_col0_p6,6.0000,0.0000,0.0000,0.0000,0.02747,0.00000,0.25225,0.25374
6.1900,STATIC_col0_p6,6.0000,0.0000,0.0000,0.0000,0.02825,0.00000,0.25236,0.25394
6.2000,STATIC_col0_p6,6.0000,0.0000,0.0000,0.0000,0.02906,0.00000,0.25249,0.25416
6.2100,STATIC_col0_p6,6.0000,0.0000,0.0000,0.0000,0.02989,0.00000,0.25263,0.25439
6.2200,STATIC_col0_p6,6.0000,0.0000,0.0000,0.0000,0.03074,0.00000,0.25277,0.25463
6.2300,STATIC_col0_p6,6.0000,0.0000,0.0000,0.0000,0.03160,0.00000,0.25292,0.25489
6.2400,STATIC_col0_p6,6.0000,0.0000,0.0000,0.0000,0.03247,0.00000,0.25308,0.25515
6.2500,STATIC_col0_p6,6.0000,0.0000,0.0000,0.0000,0.03335,0.00000,0.25324,0.25542
6.2600,STATIC_col0_p6,6.0000,0.0000,0.0000,0.0000,0.03422,0.00000,0.25341,0.25571
6.2700,STATIC_col0_p6,6.0000,0.0000,0.0000,0.0000,0.03509,0.00000,0.25358,0.25599
6.2800,STATIC_col0_p6,6.0000,0.0000,0.0000,0.0000,0.03595,0.00000,0.25375,0.25628
6.2900,STATIC_col0_p6,6.0000,0.0000,0.0000,0.0000,0.03680,0.00000,0.25392,0.25658
6.3000,STATIC_col0_p6,6.0000,0.0000,0.0000,0.0000,0.03763,0.00000,0.25410,0.25687
6.3100,STATIC_col0_p6,6.0000,0.0000,0.0000,0.0000,0.03843,0.00000,0.25427,0.25716
6.3200,STATIC_col0_p6,6.0000,0.0000,0.0000,0.0000,0.03921,0.00000,0.25445,0.25745
6.3300,STATIC_col0_p6,6.0000,0.0000,0.0000,0.0000,0.03997,0.00000,0.25462,0.25773
6.3400,STATIC_col0_p6,6.0000,0.0000,0.0000,0.0000,0.04069,0.00000,0.25478,0.25801
6.3500,STATIC_col0_p6,6.0000,0.0000,0.0000,0.0000,0.04137,0.00000,0.25495,0.25828
6.3600,STATIC_col0_p6,6.0000,0.0000,0.0000,0.0000,0.04202,0.00000,0.25510,0.25854
6.3700,STATIC_col0_p6,6.0000,0.0000,0.0000,0.0000,0.04263,0.00000,0.25525,0.25879
6.3800,STATIC_col0_p6,6.0000,0.0000,0.0000,0.0000,0.04320,0.00000,0.25539,0.25902
6.3900,STATIC_col0_p6,6.0000,0.0000,0.0000,0.0000,0.04372,0.00000,0.25553,0.25924
6.4000,STATIC_col0_p6,6.0000,0.0000,0.0000,0.0000,0.04421,0.00000,0.25565,0.25945
6.4100,STATIC_col0_p6,6.0000,0.0000,0.0000,0.0000,0.04464,0.00000,0.25577,0.25964
6.4200,STATIC_col0_p6,6.0000,0.0000,0.0000,0.0000,0.04504,0.00000,0.25587,0.25981
6.4300,STATIC_col0_p6,6.0000,0.0000,0.0000,0.0000,0.04538,0.00000,0.25597,0.25996
6.4400,STATIC_col0_p6,6.0000,0.0000,0.0000,0.0000,0.04568,0.00000,0.25605,0.26010
6.4500,STATIC_col0_p6,6.0000,0.0000,0.0000,0.0000,0.04594,0.00000,0.25613,0.26021
6.4600,STATIC_col0_p6,6.0000,0.0000,0.0000,0.0000,0.04615,0.00000,0.25619,0.26031
6.4700,STATIC_col0_p6,6.0000,0.0000,0.0000,0.0000,0.04632,0.00000,0.25624,0.26039
6.4800,STATIC_col0_p6,6.0000,0.0000,0.0000,0.0000,0.04644,0.00000,0.25628,0.26045
6.4900,STATIC_col0_p6,6.0000,0.0000,0.0000,0.0000,0.04652,0.00000,0.25631,0.26050
6.5000,STATIC_col0_p6,6.0000,0.0000,0.0000,0.0000,0.04657,0.00000,0.25633,0.26052
6.5100,STATIC_col0_p6,6.0000,0.0000,0.0000,0.0000,0.04657,0.00000,0.25634,0.26053
6.5200,STATIC_col0_p6,6.0000,0.0000,0.0000,0.0000,0.04654,0.00000,0.25634,0.26053
6.5300,STATIC_col0_p6,6.0000,0.0000,0.0000,0.0000,0.04647,0.00000,0.25633,0.26050
6.5400,STATIC_col0_p6,6.0000,0.0000,0.0000,0.0000,0.04636,0.00000,0.25631,0.26047
6.5500,STATIC_col0_p6,6.0000,0.0000,0.0000,0.0000,0.04623,0.00000,0.25628,0.26042
6.5600,STATIC_col0_p6,6.0000,0.0000,0.0000,0.0000,0.04607,0.00000,0.25625,0.26036
6.5700,STATIC_col0_p6,6.0000,0.0000,0.0000,0.0000,0.04589,0.00000,0.25621,0.26028
6.5800,STATIC_col0_p6,6.0000,0.0000,0.0000,0.0000,0.04568,0.00000,0.25616,0.26020
6.5900,STATIC_col0_p6,6.0000,0.0000,0.0000,0.0000,0.04545,0.00000,0.25611,0.26011
6.6000,STATIC_col0_p6,6.0000,0.0000,0.0000,0.0000,0.04520,0.00000,0.25605,0.26001
6.6100,STATIC_col0_p6,6.0000,0.0000,0.0000,0.0000,0.04493,0.00000,0.25599,0.25991
6.6200,STATIC_col0_p6,6.0000,0.0000,0.0000,0.0000,0.04466,0.00000,0.25593,0.25980
6.6300,STATIC_col0_p6,6.0000,0.0000,0.0000,0.0000,0.04437,0.00000,0.25587,0.25968
6.6400,STATIC_col0_p6,6.0000,0.0000,0.0000,0.0000,0.04407,0.00000,0.25580,0.25957
6.6500,STATIC_col0_p6,6.0000,0.0000,0.0000,0.0000,0.04377,0.00000,0.25573,0.25945
6.6600,STATIC_col0_p6,6.0000,0.0000,0.0000,0.0000,0.04347,0.00000,0.25566,0.25933
6.6700,STATIC_col0_p6,6.0000,0.0000,0.0000,0.0000,0.04316,0.00000,0.25560,0.25922
6.6800,STATIC_col0_p6,6.0000,0.0000,0.0000,0.0000,0.04286,0.00000,0.25553,0.25910
6.6900,STATIC_col0_p6,6.0000,0.0000,0.0000,0.0000,0.04255,0.00000,0.25546,0.25898
6.7000,STATIC_col0_p6,6.0000,0.0000,0.0000,0.0000,0.04226,0.00000,0.25540,0.25887
6.7100,STATIC_col0_p6,6.0000,0.0000,0.0000,0.0000,0.04197,0.00000,0.25534,0.25876
6.7200,STATIC_col0_p6,6.0000,0.0000,0.0000,0.0000,0.04169,0.00000,0.25528,0.25866
6.7300,STATIC_col0_p6,6.0000,0.0000,0.0000,0.0000,0.04142,0.00000,0.25522,0.25856
6.7400,STATIC_col0_p6,6.0000,0.0000,0.0000,0.0000,0.04117,0.00000,0.25517,0.25847
6.7500,STATIC_col0_p6,6.0000,0.0000,0.0000,0.0000,0.04092,0.00000,0.25512,0.25838
6.7600,STATIC_col0_p6,6.0000,0.0000,0.0000,0.0000,0.04069,0.00000,0.25507,0.25830
6.7700,STATIC_col0_p6,6.0000,0.0000,0.0000,0.0000,0.04048,0.00000,0.25503,0.25822
6.7800,STATIC_col0_p6,6.0000,0.0000,0.0000,0.0000,0.04029,0.00000,0.25499,0.25815
6.7900,STATIC_col0_p6,6.0000,0.0000,0.0000,0.0000,0.04011,0.00000,0.25495,0.25809
6.8000,STATIC_col0_p6,6.0000,0.0000,0.0000,0.0000,0.03995,0.00000,0.25492,0.25803
6.8100,STATIC_col0_p6,6.0000,0.0000,0.0000,0.0000,0.03980,0.00000,0.25489,0.25798
6.8200,STATIC_col0_p6,6.0000,0.0000,0.0000,0.0000,0.03968,0.00000,0.25487,0.25794
6.8300,STATIC_col0_p6,6.0000,0.0000,0.0000,0.0000,0.03957,0.00000,0.25485,0.25790
6.8400,STATIC_col0_p6,6.0000,0.0000,0.0000,0.0000,0.03949,0.00000,0.25483,0.25787
6.8500,STATIC_col0_p6,6.0000,0.0000,0.0000,0.0000,0.03942,0.00000,0.25482,0.25785
6.8600,STATIC_col0_p6,6.0000,0.0000,0.0000,0.0000,0.03937,0.00000,0.25481,0.25783
6.8700,STATIC_col0_p6,6.0000,0.0000,0.0000,0.0000,0.03934,0.00000,0.25480,0.25782
6.8800,STATIC_col0_p6,6.0000,0.0000,0.0000,0.0000,0.03932,0.00000,0.25480,0.25782
6.8900,STATIC_col0_p6,6.0000,0.0000,0.0000,0.0000,0.03932,0.00000,0.25480,0.25782
6.9000,STATIC_col0_p6,6.0000,0.0000,0.0000,0.0000,0.03934,0.00000,0.25481,0.25783
6.9100,STATIC_col0_p6,6.0000,0.0000,0.0000,0.0000,0.03938,0.00000,0.25482,0.25784
6.9200,STATIC_col0_p6,6.0000,0.0000,0.0000,0.0000,0.03943,0.00000,0.25483,0.25786
6.9300,STATIC_col0_p6,6.0000,0.0000,0.0000,0.0000,0.03949,0.00000,0.25484,0.25788
6.9400,STATIC_col0_p6,6.0000,0.0000,0.0000,0.0000,0.03956,0.00000,0.25486,0.25791
6.9500,STATIC_col0_p6,6.0000,0.0000,0.0000,0.0000,0.03965,0.00000,0.25488,0.25794
6.9600,STATIC_col0_p6,6.0000,0.0000,0.0000,0.0000,0.03975,0.00000,0.25490,0.25798
6.9700,STATIC_col0_p6,6.0000,0.0000,0.0000,0.0000,0.03985,0.00000,0.25492,0.25802
6.9800,STATIC_col0_p6,6.0000,0.0000,0.0000,0.0000,0.03997,0.00000,0.25495,0.25806
6.9900,STATIC_col0_p6,6.0000,0.0000,0.0000,0.0000,0.04009,0.00000,0.25497,0.25811
7.0000,STATIC_col0_p6,6.0000,0.0000,0.0000,0.0000,0.04022,0.00000,0.25500,0.25815
7.0100,STATIC_col0_p6,6.0000,0.0000,0.0000,0.0000,0.04035,0.00000,0.25503,0.25820
7.0200,STATIC_col0_p6,6.0000,0.0000,0.0000,0.0000,0.04049,0.00000,0.25506,0.25826
7.0300,STATIC_col0_p6,6.0000,0.0000,0.0000,0.0000,0.04063,0.00000,0.25509,0.25831
7.0400,STATIC_col0_p6,6.0000,0.0000,0.0000,0.0000,0.04077,0.00000,0.25512,0.25836
7.0500,STATIC_col0_p6,6.0000,0.0000,0.0000,0.0000,0.04092,0.00000,0.25515,0.25841
7.0600,STATIC_col0_p6,6.0000,0.0000,0.0000,0.0000,0.04106,0.00000,0.25519,0.25847
7.0700,STATIC_col0_p6,6.0000,0.0000,0.0000,0.0000,0.04120,0.00000,0.25522,0.25852
7.0800,STATIC_col0_p6,6.0000,0.0000,0.0000,0.0000,0.04134,0.00000,0.25525,0.25857
7.0900,STATIC_col0_p6,6.0000,0.0000,0.0000,0.0000,0.04147,0.00000,0.25528,0.25862
7.1000,STATIC_col0_p6,6.0000,0.0000,0.0000,0.0000,0.04160,0.00000,0.25531,0.25867
7.1100,STATIC_col0_p6,6.0000,0.0000,0.0000,0.0000,0.04173,0.00000,0.25533,0.25872
7.1200,STATIC_col0_p6,6.0000,0.0000,0.0000,0.0000,0.04185,0.00000,0.25536,0.25877
7.1300,STATIC_col0_p6,6.0000,0.0000,0.0000,0.0000,0.04197,0.00000,0.25539,0.25881
7.1400,STATIC_col0_p6,6.0000,0.0000,0.0000,0.0000,0.04208,0.00000,0.25541,0.25886
7.1500,STATIC_col0_p6,6.0000,0.0000,0.0000,0.0000,0.04218,0.00000,0.25544,0.25890
7.1600,STATIC_col0_p6,6.0000,0.0000,0.0000,0.0000,0.04228,0.00000,0.25546,0.25893
7.1700,STATIC_col0_p6,6.0000,0.0000,0.0000,0.0000,0.04237,0.00000,0.25548,0.25897
7.1800,STATIC_col0_p6,6.0000,0.0000,0.0000,0.0000,0.04244,0.00000,0.25550,0.25900
7.1900,STATIC_col0_p6,6.0000,0.0000,0.0000,0.0000,0.04252,0.00000,0.25551,0.25902
7.2000,STATIC_col0_p6,6.0000,0.0000,0.0000,0.0000,0.04258,0.00000,0.25553,0.25905
7.2100,STATIC_col0_p6,6.0000,0.0000,0.0000,0.0000,0.04263,0.00000,0.25554,0.25907
7.2200,STATIC_col0_p6,6.0000,0.0000,0.0000,0.0000,0.04268,0.00000,0.25555,0.25909
7.2300,STATIC_col0_p6,6.0000,0.0000,0.0000,0.0000,0.04272,0.00000,0.25556,0.25910
7.2400,STATIC_col0_p6,6.0000,0.0000,0.0000,0.0000,0.04275,0.00000,0.25556,0.25912
7.2500,STATIC_col0_p6,6.0000,0.0000,0.0000,0.0000,0.04277,0.00000,0.25557,0.25912
7.2600,STATIC_col0_p6,6.0000,0.0000,0.0000,0.0000,0.04278,0.00000,0.25557,0.25913
7.2700,STATIC_col0_p6,6.0000,0.0000,0.0000,0.0000,0.04279,0.00000,0.25557,0.25913
7.2800,STATIC_col0_p6,6.0000,0.0000,0.0000,0.0000,0.04279,0.00000,0.25557,0.25913
7.2900,STATIC_col0_p6,6.0000,0.0000,0.0000,0.0000,0.04278,0.00000,0.25557,0.25913
7.3000,STATIC_col0_p6,6.0000,0.0000,0.0000,0.0000,0.04276,0.00000,0.25557,0.25912
7.3100,STATIC_col0_p6,6.0000,0.0000,0.0000,0.0000,0.04274,0.00000,0.25556,0.25911
7.3200,STATIC_col0_p6,6.0000,0.0000,0.0000,0.0000,0.04271,0.00000,0.25556,0.25910
7.3300,STATIC_col0_p6,6.0000,0.0000,0.0000,0.0000,0.04267,0.00000,0.25555,0.25909
7.3400,STATIC_col0_p6,6.0000,0.0000,0.0000,0.0000,0.04264,0.00000,0.25554,0.25907
7.3500,STATIC_col0_p6,6.0000,0.0000,0.0000,0.0000,0.04259,0.00000,0.25553,0.25905
7.3600,STATIC_col0_p6,6.0000,0.0000,0.0000,0.0000,0.04254,0.00000,0.25552,0.25904
7.3700,STATIC_col0_p6,6.0000,0.0000,0.0000,0.0000,0.04249,0.00000,0.25551,0.25902
7.3800,STATIC_col0_p6,6.0000,0.0000,0.0000,0.0000,0.04244,0.00000,0.25549,0.25900
7.3900,STATIC_col0_p6,6.0000,0.0000,0.0000,0.0000,0.04238,0.00000,0.25548,0.25897
7.4000,STATIC_col0_p6,6.0000,0.0000,0.0000,0.0000,0.04232,0.00000,0.25547,0.25895
7.4100,STATIC_col0_p6,6.0000,0.0000,0.0000,0.0000,0.04226,0.00000,0.25545,0.25893
7.4200,STATIC_col0_p6,6.0000,0.0000,0.0000,0.0000,0.04220,0.00000,0.25544,0.25890
7.4300,STATIC_col0_p6,6.0000,0.0000,0.0000,0.0000,0.04214,0.00000,0.25543,0.25888
7.4400,STATIC_col0_p6,6.0000,0.0000,0.0000,0.0000,0.04207,0.00000,0.25541,0.25885
7.4500,STATIC_col0_p6,6.0000,0.0000,0.0000,0.0000,0.04201,0.00000,0.25540,0.25883
7.4600,STATIC_col0_p6,6.0000,0.0000,0.0000,0.0000,0.04195,0.00000,0.25538,0.25881
7.4700,STATIC_col0_p6,6.0000,0.0000,0.0000,0.0000,0.04189,0.00000,0.25537,0.25878
7.4800,STATIC_col0_p6,6.0000,0.0000,0.0000,0.0000,0.04183,0.00000,0.25536,0.25876
7.4900,STATIC_col0_p6,6.0000,0.0000,0.0000,0.0000,0.04177,0.00000,0.25534,0.25874
7.5000,STATIC_col0_p6,6.0000,0.0000,0.0000,0.0000,0.04171,0.00000,0.25533,0.25872
7.5100,STATIC_col0_p6,6.0000,0.0000,0.0000,0.0000,0.04166,0.00000,0.25532,0.25870
7.5200,STATIC_col0_p6,6.0000,0.0000,0.0000,0.0000,0.04161,0.00000,0.25531,0.25868
7.5300,STATIC_col0_p6,6.0000,0.0000,0.0000,0.0000,0.04156,0.00000,0.25530,0.25866
7.5400,STATIC_col0_p6,6.0000,0.0000,0.0000,0.0000,0.04152,0.00000,0.25529,0.25864
7.5500,STATIC_col0_p6,6.0000,0.0000,0.0000,0.0000,0.04147,0.00000,0.25528,0.25863
7.5600,STATIC_col0_p6,6.0000,0.0000,0.0000,0.0000,0.04144,0.00000,0.25527,0.25861
7.5700,STATIC_col0_p6,6.0000,0.0000,0.0000,0.0000,0.04140,0.00000,0.25526,0.25860
7.5800,STATIC_col0_p6,6.0000,0.0000,0.0000,0.0000,0.04137,0.00000,0.25526,0.25859
7.5900,STATIC_col0_p6,6.0000,0.0000,0.0000,0.0000,0.04134,0.00000,0.25525,0.25858
7.6000,STATIC_col0_p6,6.0000,0.0000,0.0000,0.0000,0.04132,0.00000,0.25525,0.25857
7.6100,STATIC_col0_p6,6.0000,0.0000,0.0000,0.0000,0.04130,0.00000,0.25524,0.25856
7.6200,STATIC_col0_p6,6.0000,0.0000,0.0000,0.0000,0.04129,0.00000,0.25524,0.25856
7.6300,STATIC_col0_p6,6.0000,0.0000,0.0000,0.0000,0.04127,0.00000,0.25524,0.25855
7.6400,STATIC_col0_p6,6.0000,0.0000,0.0000,0.0000,0.04127,0.00000,0.25524,0.25855
7.6500,STATIC_col0_p6,6.0000,0.0000,0.0000,0.0000,0.04126,0.00000,0.25523,0.25855
7.6600,STATIC_col0_p6,6.0000,0.0000,0.0000,0.0000,0.04126,0.00000,0.25523,0.25855
7.6700,STATIC_col0_p6,6.0000,0.0000,0.0000,0.0000,0.04126,0.00000,0.25523,0.25855
7.6800,STATIC_col0_p6,6.0000,0.0000,0.0000,0.0000,0.04127,0.00000,0.25524,0.25855
7.6900,STATIC_col0_p6,6.0000,0.0000,0.0000,0.0000,0.04128,0.00000,0.25524,0.25855
7.7000,STATIC_col0_p6,6.0000,0.0000,0.0000,0.0000,0.04129,0.00000,0.25524,0.25856
7.7100,STATIC_col0_p6,6.0000,0.0000,0.0000,0.0000,0.04130,0.00000,0.25524,0.25856
7.7200,STATIC_col0_p6,6.0000,0.0000,0.0000,0.0000,0.04132,0.00000,0.25525,0.25857
7.7300,STATIC_col0_p6,6.0000,0.0000,0.0000,0.0000,0.04133,0.00000,0.25525,0.25858
7.7400,STATIC_col0_p6,6.0000,0.0000,0.0000,0.0000,0.04135,0.00000,0.25525,0.25858
7.7500,STATIC_col0_p6,6.0000,0.0000,0.0000,0.0000,0.04138,0.00000,0.25526,0.25859
7.7600,STATIC_col0_p6,6.0000,0.0000,0.0000,0.0000,0.04140,0.00000,0.25527,0.25860
7.7700,STATIC_col0_p6,6.0000,0.0000,0.0000,0.0000,0.04142,0.00000,0.25527,0.25861
7.7800,STATIC_col0_p6,6.0000,0.0000,0.0000,0.0000,0.04145,0.00000,0.25528,0.25862
7.7900,STATIC_col0_p6,6.0000,0.0000,0.0000,0.0000,0.04148,0.00000,0.25528,0.25863
7.8000,STATIC_col0_p6,6.0000,0.0000,0.0000,0.0000,0.04151,0.00000,0.25529,0.25864
7.8100,STATIC_col0_p6,6.0000,0.0000,0.0000,0.0000,0.04153,0.00000,0.25529,0.25865
7.8200,STATIC_col0_p6,6.0000,0.0000,0.0000,0.0000,0.04156,0.00000,0.25530,0.25866
7.8300,STATIC_col0_p6,6.0000,0.0000,0.0000,0.0000,0.04159,0.00000,0.25531,0.25867
7.8400,STATIC_col0_p6,6.0000,0.0000,0.0000,0.0000,0.04162,0.00000,0.25531,0.25868
7.8500,STATIC_col0_p6,6.0000,0.0000,0.0000,0.0000,0.04165,0.00000,0.25532,0.25869
7.8600,STATIC_col0_p6,6.0000,0.0000,0.0000,0.0000,0.04167,0.00000,0.25533,0.25870
7.8700,STATIC_col0_p6,6.0000,0.0000,0.0000,0.0000,0.04170,0.00000,0.25533,0.25871
7.8800,STATIC_col0_p6,6.0000,0.0000,0.0000,0.0000,0.04172,0.00000,0.25534,0.25872
7.8900,STATIC_col0_p6,6.0000,0.0000,0.0000,0.0000,0.04175,0.00000,0.25534,0.25873
7.9000,STATIC_col0_p6,6.0000,0.0000,0.0000,0.0000,0.04177,0.00000,0.25535,0.25874
7.9100,STATIC_col0_p6,6.0000,0.0000,0.0000,0.0000,0.04180,0.00000,0.25535,0.25875
7.9200,STATIC_col0_p6,6.0000,0.0000,0.0000,0.0000,0.04182,0.00000,0.25536,0.25876
7.9300,STATIC_col0_p6,6.0000,0.0000,0.0000,0.0000,0.04184,0.00000,0.25536,0.25877
7.9400,STATIC_col0_p6,6.0000,0.0000,0.0000,0.0000,0.04185,0.00000,0.25537,0.25877
7.9500,STATIC_col0_p6,6.0000,0.0000,0.0000,0.0000,0.04187,0.00000,0.25537,0.25878
7.9600,STATIC_col0_p6,6.0000,0.0000,0.0000,0.0000,0.04188,0.00000,0.25537,0.25878
7.9700,STATIC_col0_p6,6.0000,0.0000,0.0000,0.0000,0.04190,0.00000,0.25538,0.25879
7.9800,STATIC_col0_p6,6.0000,0.0000,0.0000,0.0000,0.04191,0.00000,0.25538,0.25879
7.9900,STATIC_col0_p6,6.0000,0.0000,0.0000,0.0000,0.04192,0.00000,0.25538,0.25880
8.0000,STATIC_col0_p6,6.0000,0.0000,0.0000,0.0000,0.04193,0.00000,0.25538,0.25880
8.0100,STATIC_col0_p6,6.0000,0.0000,0.0000,0.0000,0.04193,0.00000,0.25538,0.25880
8.0200,STATIC_col0_p6,6.0000,0.0000,0.0000,0.0000,0.04194,0.00000,0.25538,0.25881
8.0300,STATIC_col0_p6,6.0000,0.0000,0.0000,0.0000,0.04194,0.00000,0.25539,0.25881
8.0400,STATIC_col0_p6,6.0000,0.0000,0.0000,0.0000,0.04194,0.00000,0.25539,0.25881
8.0500,STATIC_col0_p6,6.0000,0.0000,0.0000,0.0000,0.04194,0.00000,0.25539,0.25881
8.0600,STATIC_col0_p6,6.0000,0.0000,0.0000,0.0000,0.04194,0.00000,0.25539,0.25881
8.0700,STATIC_col0_p6,6.0000,0.0000,0.0000,0.0000,0.04194,0.00000,0.25538,0.25881
8.0800,STATIC_col0_p6,6.0000,0.0000,0.0000,0.0000,0.04194,0.00000,0.25538,0.25880
8.0900,STATIC_col0_p6,6.0000,0.0000,0.0000,0.0000,0.04193,0.00000,0.25538,0.25880
8.1000,STATIC_col0_p6,6.0000,0.0000,0.0000,0.0000,0.04192,0.00000,0.25538,0.25880
8.1100,STATIC_col0_p6,6.0000,0.0000,0.0000,0.0000,0.04192,0.00000,0.25538,0.25880
8.1200,STATIC_col0_p6,6.0000,0.0000,0.0000,0.0000,0.04191,0.00000,0.25538,0.25879
8.1300,STATIC_col0_p6,6.0000,0.0000,0.0000,0.0000,0.04190,0.00000,0.25538,0.25879
8.1400,STATIC_col0_p6,6.0000,0.0000,0.0000,0.0000,0.04189,0.00000,0.25537,0.25879
8.1500,STATIC_col0_p6,6.0000,0.0000,0.0000,0.0000,0.04188,0.00000,0.25537,0.25878
8.1600,STATIC_col0_p6,6.0000,0.0000,0.0000,0.0000,0.04187,0.00000,0.25537,0.25878
8.1700,STATIC_col0_p6,6.0000,0.0000,0.0000,0.0000,0.04186,0.00000,0.25537,0.25877
8.1800,STATIC_col0_p6,6.0000,0.0000,0.0000,0.0000,0.04184,0.00000,0.25536,0.25877
8.1900,STATIC_col0_p6,6.0000,0.0000,0.0000,0.0000,0.04183,0.00000,0.25536,0.25876
8.2000,STATIC_col0_p6,6.0000,0.0000,0.0000,0.0000,0.04182,0.00000,0.25536,0.25876
8.2100,STATIC_col0_p6,6.0000,0.0000,0.0000,0.0000,0.04181,0.00000,0.25535,0.25875
8.2200,STATIC_col0_p6,6.0000,0.0000,0.0000,0.0000,0.04179,0.00000,0.25535,0.25875
8.2300,STATIC_col0_p6,6.0000,0.0000,0.0000,0.0000,0.04178,0.00000,0.25535,0.25874
8.2400,STATIC_col0_p6,6.0000,0.0000,0.0000,0.0000,0.04177,0.00000,0.25535,0.25874
8.2500,STATIC_col0_p6,6.0000,0.0000,0.0000,0.0000,0.04176,0.00000,0.25534,0.25874
8.2600,STATIC_col0_p6,6.0000,0.0000,0.0000,0.0000,0.04174,0.00000,0.25534,0.25873
8.2700,STATIC_col0_p6,6.0000,0.0000,0.0000,0.0000,0.04173,0.00000,0.25534,0.25873
8.2800,STATIC_col0_p6,6.0000,0.0000,0.0000,0.0000,0.04172,0.00000,0.25534,0.25872
8.2900,STATIC_col0_p6,6.0000,0.0000,0.0000,0.0000,0.04171,0.00000,0.25533,0.25872
8.3000,STATIC_col0_p6,6.0000,0.0000,0.0000,0.0000,0.04170,0.00000,0.25533,0.25871
8.3100,STATIC_col0_p6,6.0000,0.0000,0.0000,0.0000,0.04169,0.00000,0.25533,0.25871
8.3200,STATIC_col0_p6,6.0000,0.0000,0.0000,0.0000,0.04168,0.00000,0.25533,0.25871
8.3300,STATIC_col0_p6,6.0000,0.0000,0.0000,0.0000,0.04168,0.00000,0.25533,0.25871
8.3400,STATIC_col0_p6,6.0000,0.0000,0.0000,0.0000,0.04167,0.00000,0.25532,0.25870
8.3500,STATIC_col0_p6,6.0000,0.0000,0.0000,0.0000,0.04166,0.00000,0.25532,0.25870
8.3600,STATIC_col0_p6,6.0000,0.0000,0.0000,0.0000,0.04166,0.00000,0.25532,0.25870
8.3700,STATIC_col0_p6,6.0000,0.0000,0.0000,0.0000,0.04165,0.00000,0.25532,0.25870
8.3800,STATIC_col0_p6,6.0000,0.0000,0.0000,0.0000,0.04165,0.00000,0.25532,0.25869
8.3900,STATIC_col0_p6,6.0000,0.0000,0.0000,0.0000,0.04165,0.00000,0.25532,0.25869
8.4000,STATIC_col0_p6,6.0000,0.0000,0.0000,0.0000,0.04164,0.00000,0.25532,0.25869
8.4100,STATIC_col0_p6,6.0000,0.0000,0.0000,0.0000,0.04164,0.00000,0.25532,0.25869
8.4200,STATIC_col0_p6,6.0000,0.0000,0.0000,0.0000,0.04164,0.00000,0.25532,0.25869
8.4300,STATIC_col0_p6,6.0000,0.0000,0.0000,0.0000,0.04164,0.00000,0.25532,0.25869
8.4400,STATIC_col0_p6,6.0000,0.0000,0.0000,0.0000,0.04164,0.00000,0.25532,0.25869
8.4500,STATIC_col0_p6,6.0000,0.0000,0.0000,0.0000,0.04164,0.00000,0.25532,0.25869
8.4600,STATIC_col0_p6,6.0000,0.0000,0.0000,0.0000,0.04164,0.00000,0.25532,0.25869
8.4700,STATIC_col0_p6,6.0000,0.0000,0.0000,0.0000,0.04164,0.00000,0.25532,0.25869
8.4800,STATIC_col0_p6,6.0000,0.0000,0.0000,0.0000,0.04165,0.00000,0.25532,0.25869
8.4900,STATIC_col0_p6,6.0000,0.0000,0.0000,0.0000,0.04165,0.00000,0.25532,0.25869
8.5000,STATIC_col0_p6,6.0000,0.0000,0.0000,0.0000,0.04165,0.00000,0.25532,0.25870
8.5100,STATIC_col0_p6,6.0000,0.0000,0.0000,0.0000,0.04166,0.00000,0.25532,0.25870
8.5200,STATIC_col0_p6,6.0000,0.0000,0.0000,0.0000,0.04166,0.00000,0.25532,0.25870
8.5300,STATIC_col0_p6,6.0000,0.0000,0.0000,0.0000,0.04166,0.00000,0.25532,0.25870
8.5400,STATIC_col0_p6,6.0000,0.0000,0.0000,0.0000,0.04167,0.00000,0.25532,0.25870
8.5500,STATIC_col0_p6,6.0000,0.0000,0.0000,0.0000,0.04167,0.00000,0.25533,0.25870
8.5600,STATIC_col0_p6,6.0000,0.0000,0.0000,0.0000,0.04168,0.00000,0.25533,0.25871
8.5700,STATIC_col0_p6,6.0000,0.0000,0.0000,0.0000,0.04169,0.00000,0.25533,0.25871
8.5800,STATIC_col0_p6,6.0000,0.0000,0.0000,0.0000,0.04169,0.00000,0.25533,0.25871
8.5900,STATIC_col0_p6,6.0000,0.0000,0.0000,0.0000,0.04170,0.00000,0.25533,0.25871
8.6000,STATIC_col0_p6,6.0000,0.0000,0.0000,0.0000,0.04170,0.00000,0.25533,0.25871
8.6100,STATIC_col0_p6,6.0000,0.0000,0.0000,0.0000,0.04171,0.00000,0.25533,0.25872
8.6200,STATIC_col0_p6,6.0000,0.0000,0.0000,0.0000,0.04171,0.00000,0.25533,0.25872
8.6300,STATIC_col0_p6,6.0000,0.0000,0.0000,0.0000,0.04172,0.00000,0.25534,0.25872
8.6400,STATIC_col0_p6,6.0000,0.0000,0.0000,0.0000,0.04172,0.00000,0.25534,0.25872
8.6500,STATIC_col0_p6,6.0000,0.0000,0.0000,0.0000,0.04173,0.00000,0.25534,0.25873
8.6600,STATIC_col0_p6,6.0000,0.0000,0.0000,0.0000,0.04173,0.00000,0.25534,0.25873
8.6700,STATIC_col0_p6,6.0000,0.0000,0.0000,0.0000,0.04174,0.00000,0.25534,0.25873
8.6800,STATIC_col0_p6,6.0000,0.0000,0.0000,0.0000,0.04174,0.00000,0.25534,0.25873
8.6900,STATIC_col0_p6,6.0000,0.0000,0.0000,0.0000,0.04175,0.00000,0.25534,0.25873
8.7000,STATIC_col0_p6,6.0000,0.0000,0.0000,0.0000,0.04175,0.00000,0.25534,0.25873
8.7100,STATIC_col0_p6,6.0000,0.0000,0.0000,0.0000,0.04176,0.00000,0.25534,0.25874
8.7200,STATIC_col0_p6,6.0000,0.0000,0.0000,0.0000,0.04176,0.00000,0.25534,0.25874
8.7300,STATIC_col0_p6,6.0000,0.0000,0.0000,0.0000,0.04176,0.00000,0.25535,0.25874
8.7400,STATIC_col0_p6,6.0000,0.0000,0.0000,0.0000,0.04177,0.00000,0.25535,0.25874
8.7500,STATIC_col0_p6,6.0000,0.0000,0.0000,0.0000,0.04177,0.00000,0.25535,0.25874
8.7600,STATIC_col0_p6,6.0000,0.0000,0.0000,0.0000,0.04177,0.00000,0.25535,0.25874
8.7700,STATIC_col0_p6,6.0000,0.0000,0.0000,0.0000,0.04177,0.00000,0.25535,0.25874
8.7800,STATIC_col0_p6,6.0000,0.0000,0.0000,0.0000,0.04177,0.00000,0.25535,0.25874
8.7900,STATIC_col0_p6,6.0000,0.0000,0.0000,0.0000,0.04177,0.00000,0.25535,0.25874
8.8000,STATIC_col0_p6,6.0000,0.0000,0.0000,0.0000,0.04177,0.00000,0.25535,0.25874
8.8100,STATIC_col0_p6,6.0000,0.0000,0.0000,0.0000,0.04178,0.00000,0.25535,0.25874
8.8200,STATIC_col0_p6,6.0000,0.0000,0.0000,0.0000,0.04178,0.00000,0.25535,0.25874
8.8300,STATIC_col0_p6,6.0000,0.0000,0.0000,0.0000,0.04178,0.00000,0.25535,0.25874
8.8400,STATIC_col0_p6,6.0000,0.0000,0.0000,0.0000,0.04177,0.00000,0.25535,0.25874
8.8500,STATIC_col0_p6,6.0000,0.0000,0.0000,0.0000,0.04177,0.00000,0.25535,0.25874
8.8600,STATIC_col0_p6,6.0000,0.0000,0.0000,0.0000,0.04177,0.00000,0.25535,0.25874
8.8700,STATIC_col0_p6,6.0000,0.0000,0.0000,0.0000,0.04177,0.00000,0.25535,0.25874
8.8800,STATIC_col0_p6,6.0000,0.0000,0.0000,0.0000,0.04177,0.00000,0.25535,0.25874
8.8900,STATIC_col0_p6,6.0000,0.0000,0.0000,0.0000,0.04177,0.00000,0.25535,0.25874
8.9000,STATIC_col0_p6,6.0000,0.0000,0.0000,0.0000,0.04177,0.00000,0.25535,0.25874
8.9100,STATIC_col0_p6,6.0000,0.0000,0.0000,0.0000,0.04177,0.00000,0.25535,0.25874
8.9200,STATIC_col0_p6,6.0000,0.0000,0.0000,0.0000,0.04176,0.00000,0.25535,0.25874
8.9300,STATIC_col0_p6,6.0000,0.0000,0.0000,0.0000,0.04176,0.00000,0.25534,0.25874
8.9400,STATIC_col0_p6,6.0000,0.0000,0.0000,0.0000,0.04176,0.00000,0.25534,0.25874
8.9500,STATIC_col0_p6,6.0000,0.0000,0.0000,0.0000,0.04176,0.00000,0.25534,0.25874
8.9600,STATIC_col0_p6,6.0000,0.0000,0.0000,0.0000,0.04175,0.00000,0.25534,0.25873
8.9700,STATIC_col0_p6,6.0000,0.0000,0.0000,0.0000,0.04175,0.00000,0.25534,0.25873
8.9800,STATIC_col0_p6,6.0000,0.0000,0.0000,0.0000,0.04175,0.00000,0.25534,0.25873
8.9900,STATIC_col0_p6,6.0000,0.0000,0.0000,0.0000,0.04175,0.00000,0.25534,0.25873
9.0000,STATIC_col0_p6,6.0000,0.0000,0.0000,0.0000,0.04174,0.00000,0.25534,0.25873
9.0100,STATIC_col0_p9,9.0000,0.0000,0.0000,0.0000,0.04174,0.00000,0.25534,0.25873
9.0200,STATIC_col0_p9,9.0000,0.0000,0.0000,0.0000,0.04176,0.00000,0.25534,0.25874
9.0300,STATIC_col0_p9,9.0000,0.0000,0.0000,0.0000,0.04180,0.00000,0.25535,0.25875
9.0400,STATIC_col0_p9,9.0000,0.0000,0.0000,0.0000,0.04187,0.00000,0.25536,0.25877
9.0500,STATIC_col0_p9,9.0000,0.0000,0.0000,0.0000,0.04198,0.00000,0.25538,0.25881
9.0600,STATIC_col0_p9,9.0000,0.0000,0.0000,0.0000,0.04213,0.00000,0.25541,0.25886
9.0700,STATIC_col0_p9,9.0000,0.0000,0.0000,0.0000,0.04231,0.00000,0.25544,0.25892
9.0800,STATIC_col0_p9,9.0000,0.0000,0.0000,0.0000,0.04254,0.00000,0.25549,0.25900
9.0900,STATIC_col0_p9,9.0000,0.0000,0.0000,0.0000,0.04280,0.00000,0.25554,0.25910
9.1000,STATIC_col0_p9,9.0000,0.0000,0.0000,0.0000,0.04312,0.00000,0.25561,0.25922
9.1100,STATIC_col0_p9,9.0000,0.0000,0.0000,0.0000,0.04347,0.00000,0.25569,0.25936
9.1200,STATIC_col0_p9,9.0000,0.0000,0.0000,0.0000,0.04387,0.00000,0.25578,0.25951
9.1300,STATIC_col0_p9,9.0000,0.0000,0.0000,0.0000,0.04431,0.00000,0.25588,0.25969
9.1400,STATIC_col0_p9,9.0000,0.0000,0.0000,0.0000,0.04478,0.00000,0.25600,0.25989
9.1500,STATIC_col0_p9,9.0000,0.0000,0.0000,0.0000,0.04530,0.00000,0.25613,0.26011
9.1600,STATIC_col0_p9,9.0000,0.0000,0.0000,0.0000,0.04584,0.00000,0.25628,0.26035
9.1700,STATIC_col0_p9,9.0000,0.0000,0.0000,0.0000,0.04643,0.00000,0.25643,0.26060
9.1800,STATIC_col0_p9,9.0000,0.0000,0.0000,0.0000,0.04703,0.00000,0.25660,0.26088
9.1900,STATIC_col0_p9,9.0000,0.0000,0.0000,0.0000,0.04767,0.00000,0.25678,0.26117
9.2000,STATIC_col0_p9,9.0000,0.0000,0.0000,0.0000,0.04833,0.00000,0.25697,0.26147
9.2100,STATIC_col0_p9,9.0000,0.0000,0.0000,0.0000,0.04900,0.00000,0.25716,0.26179
9.2200,STATIC_col0_p9,9.0000,0.0000,0.0000,0.0000,0.04969,0.00000,0.25737,0.26212
9.2300,STATIC_col0_p9,9.0000,0.0000,0.0000,0.0000,0.05039,0.00000,0.25757,0.26246
9.2400,STATIC_col0_p9,9.0000,0.0000,0.0000,0.0000,0.05110,0.00000,0.25779,0.26281
9.2500,STATIC_col0_p9,9.0000,0.0000,0.0000,0.0000,0.05181,0.00000,0.25801,0.26316
9.2600,STATIC_col0_p9,9.0000,0.0000,0.0000,0.0000,0.05253,0.00000,0.25823,0.26352
9.2700,STATIC_col0_p9,9.0000,0.0000,0.0000,0.0000,0.05323,0.00000,0.25845,0.26388
9.2800,STATIC_col0_p9,9.0000,0.0000,0.0000,0.0000,0.05394,0.00000,0.25868,0.26424
9.2900,STATIC_col0_p9,9.0000,0.0000,0.0000,0.0000,0.05463,0.00000,0.25890,0.26460
9.3000,STATIC_col0_p9,9.0000,0.0000,0.0000,0.0000,0.05530,0.00000,0.25912,0.26496
9.3100,STATIC_col0_p9,9.0000,0.0000,0.0000,0.0000,0.05596,0.00000,0.25934,0.26531
9.3200,STATIC_col0_p9,9.0000,0.0000,0.0000,0.0000,0.05660,0.00000,0.25955,0.26565
9.3300,STATIC_col0_p9,9.0000,0.0000,0.0000,0.0000,0.05721,0.00000,0.25976,0.26599
9.3400,STATIC_col0_p9,9.0000,0.0000,0.0000,0.0000,0.05780,0.00000,0.25997,0.26631
9.3500,STATIC_col0_p9,9.0000,0.0000,0.0000,0.0000,0.05836,0.00000,0.26016,0.26663
9.3600,STATIC_col0_p9,9.0000,0.0000,0.0000,0.0000,0.05890,0.00000,0.26035,0.26693
9.3700,STATIC_col0_p9,9.0000,0.0000,0.0000,0.0000,0.05940,0.00000,0.26053,0.26721
9.3800,STATIC_col0_p9,9.0000,0.0000,0.0000,0.0000,0.05986,0.00000,0.26070,0.26748
9.3900,STATIC_col0_p9,9.0000,0.0000,0.0000,0.0000,0.06030,0.00000,0.26086,0.26774
9.4000,STATIC_col0_p9,9.0000,0.0000,0.0000,0.0000,0.06070,0.00000,0.26101,0.26797
9.4100,STATIC_col0_p9,9.0000,0.0000,0.0000,0.0000,0.06106,0.00000,0.26114,0.26819
9.4200,STATIC_col0_p9,9.0000,0.0000,0.0000,0.0000,0.06139,0.00000,0.26127,0.26838
9.4300,STATIC_col0_p9,9.0000,0.0000,0.0000,0.0000,0.06167,0.00000,0.26138,0.26856
9.4400,STATIC_col0_p9,9.0000,0.0000,0.0000,0.0000,0.06193,0.00000,0.26148,0.26871
9.4500,STATIC_col0_p9,9.0000,0.0000,0.0000,0.0000,0.06214,0.00000,0.26157,0.26885
9.4600,STATIC_col0_p9,9.0000,0.0000,0.0000,0.0000,0.06232,0.00000,0.26164,0.26896
9.4700,STATIC_col0_p9,9.0000,0.0000,0.0000,0.0000,0.06247,0.00000,0.26170,0.26906
9.4800,STATIC_col0_p9,9.0000,0.0000,0.0000,0.0000,0.06258,0.00000,0.26175,0.26913
9.4900,STATIC_col0_p9,9.0000,0.0000,0.0000,0.0000,0.06265,0.00000,0.26179,0.26918
9.5000,STATIC_col0_p9,9.0000,0.0000,0.0000,0.0000,0.06269,0.00000,0.26182,0.26922
9.5100,STATIC_col0_p9,9.0000,0.0000,0.0000,0.0000,0.06271,0.00000,0.26183,0.26923
9.5200,STATIC_col0_p9,9.0000,0.0000,0.0000,0.0000,0.06269,0.00000,0.26183,0.26923
9.5300,STATIC_col0_p9,9.0000,0.0000,0.0000,0.0000,0.06264,0.00000,0.26183,0.26921
9.5400,STATIC_col0_p9,9.0000,0.0000,0.0000,0.0000,0.06256,0.00000,0.26181,0.26918
9.5500,STATIC_col0_p9,9.0000,0.0000,0.0000,0.0000,0.06247,0.00000,0.26178,0.26913
9.5600,STATIC_col0_p9,9.0000,0.0000,0.0000,0.0000,0.06234,0.00000,0.26175,0.26907
9.5700,STATIC_col0_p9,9.0000,0.0000,0.0000,0.0000,0.06220,0.00000,0.26171,0.26900
9.5800,STATIC_col0_p9,9.0000,0.0000,0.0000,0.0000,0.06204,0.00000,0.26166,0.26891
9.5900,STATIC_col0_p9,9.0000,0.0000,0.0000,0.0000,0.06186,0.00000,0.26160,0.26881
9.6000,STATIC_col0_p9,9.0000,0.0000,0.0000,0.0000,0.06166,0.00000,0.26154,0.26871
9.6100,STATIC_col0_p9,9.0000,0.0000,0.0000,0.0000,0.06145,0.00000,0.26148,0.26860
9.6200,STATIC_col0_p9,9.0000,0.0000,0.0000,0.0000,0.06123,0.00000,0.26141,0.26848
9.6300,STATIC_col0_p9,9.0000,0.0000,0.0000,0.0000,0.06100,0.00000,0.26133,0.26836
9.6400,STATIC_col0_p9,9.0000,0.0000,0.0000,0.0000,0.06077,0.00000,0.26126,0.26823
9.6500,STATIC_col0_p9,9.0000,0.0000,0.0000,0.0000,0.06052,0.00000,0.26118,0.26810
9.6600,STATIC_col0_p9,9.0000,0.0000,0.0000,0.0000,0.06028,0.00000,0.26111,0.26797
9.6700,STATIC_col0_p9,9.0000,0.0000,0.0000,0.0000,0.06003,0.00000,0.26103,0.26784
9.6800,STATIC_col0_p9,9.0000,0.0000,0.0000,0.0000,0.05979,0.00000,0.26095,0.26771
9.6900,STATIC_col0_p9,9.0000,0.0000,0.0000,0.0000,0.05954,0.00000,0.26088,0.26758
9.7000,STATIC_col0_p9,9.0000,0.0000,0.0000,0.0000,0.05930,0.00000,0.26080,0.26746
9.7100,STATIC_col0_p9,9.0000,0.0000,0.0000,0.0000,0.05907,0.00000,0.26073,0.26734
9.7200,STATIC_col0_p9,9.0000,0.0000,0.0000,0.0000,0.05884,0.00000,0.26066,0.26722
9.7300,STATIC_col0_p9,9.0000,0.0000,0.0000,0.0000,0.05862,0.00000,0.26059,0.26710
9.7400,STATIC_col0_p9,9.0000,0.0000,0.0000,0.0000,0.05841,0.00000,0.26053,0.26699
9.7500,STATIC_col0_p9,9.0000,0.0000,0.0000,0.0000,0.05821,0.00000,0.26046,0.26689
9.7600,STATIC_col0_p9,9.0000,0.0000,0.0000,0.0000,0.05802,0.00000,0.26041,0.26679
9.7700,STATIC_col0_p9,9.0000,0.0000,0.0000,0.0000,0.05785,0.00000,0.26035,0.26670
9.7800,STATIC_col0_p9,9.0000,0.0000,0.0000,0.0000,0.05768,0.00000,0.26030,0.26662
9.7900,STATIC_col0_p9,9.0000,0.0000,0.0000,0.0000,0.05753,0.00000,0.26026,0.26654
9.8000,STATIC_col0_p9,9.0000,0.0000,0.0000,0.0000,0.05740,0.00000,0.26022,0.26647
9.8100,STATIC_col0_p9,9.0000,0.0000,0.0000,0.0000,0.05727,0.00000,0.26018,0.26641
9.8200,STATIC_col0_p9,9.0000,0.0000,0.0000,0.0000,0.05717,0.00000,0.26015,0.26636
9.8300,STATIC_col0_p9,9.0000,0.0000,0.0000,0.0000,0.05708,0.00000,0.26013,0.26631
9.8400,STATIC_col0_p9,9.0000,0.0000,0.0000,0.0000,0.05700,0.00000,0.26010,0.26628
9.8500,STATIC_col0_p9,9.0000,0.0000,0.0000,0.0000,0.05694,0.00000,0.26009,0.26625
9.8600,STATIC_col0_p9,9.0000,0.0000,0.0000,0.0000,0.05689,0.00000,0.26007,0.26622
9.8700,STATIC_col0_p9,9.0000,0.0000,0.0000,0.0000,0.05686,0.00000,0.26007,0.26621
9.8800,STATIC_col0_p9,9.0000,0.0000,0.0000,0.0000,0.05684,0.00000,0.26006,0.26620
9.8900,STATIC_col0_p9,9.0000,0.0000,0.0000,0.0000,0.05683,0.00000,0.26006,0.26620
9.9000,STATIC_col0_p9,9.0000,0.0000,0.0000,0.0000,0.05684,0.00000,0.26007,0.26620
9.9100,STATIC_col0_p9,9.0000,0.0000,0.0000,0.0000,0.05686,0.00000,0.26007,0.26622
9.9200,STATIC_col0_p9,9.0000,0.0000,0.0000,0.0000,0.05690,0.00000,0.26008,0.26624
9.9300,STATIC_col0_p9,9.0000,0.0000,0.0000,0.0000,0.05694,0.00000,0.26010,0.26626
9.9400,STATIC_col0_p9,9.0000,0.0000,0.0000,0.0000,0.05700,0.00000,0.26012,0.26629
9.9500,STATIC_col0_p9,9.0000,0.0000,0.0000,0.0000,0.05706,0.00000,0.26014,0.26632
9.9600,STATIC_col0_p9,9.0000,0.0000,0.0000,0.0000,0.05713,0.00000,0.26016,0.26636
9.9700,STATIC_col0_p9,9.0000,0.0000,0.0000,0.0000,0.05721,0.00000,0.26019,0.26640
9.9800,STATIC_col0_p9,9.0000,0.0000,0.0000,0.0000,0.05730,0.00000,0.26022,0.26645
9.9900,STATIC_col0_p9,9.0000,0.0000,0.0000,0.0000,0.05740,0.00000,0.26025,0.26650
10.0000,STATIC_col0_p9,9.0000,0.0000,0.0000,0.0000,0.05750,0.00000,0.26028,0.26655
10.0100,STATIC_col0_p9,9.0000,0.0000,0.0000,0.0000,0.05760,0.00000,0.26031,0.26661
10.0200,STATIC_col0_p9,9.0000,0.0000,0.0000,0.0000,0.05771,0.00000,0.26035,0.26667
10.0300,STATIC_col0_p9,9.0000,0.0000,0.0000,0.0000,0.05782,0.00000,0.26038,0.26672
10.0400,STATIC_col0_p9,9.0000,0.0000,0.0000,0.0000,0.05793,0.00000,0.26042,0.26678
10.0500,STATIC_col0_p9,9.0000,0.0000,0.0000,0.0000,0.05804,0.00000,0.26045,0.26684
10.0600,STATIC_col0_p9,9.0000,0.0000,0.0000,0.0000,0.05816,0.00000,0.26049,0.26690
10.0700,STATIC_col0_p9,9.0000,0.0000,0.0000,0.0000,0.05827,0.00000,0.26053,0.26696
10.0800,STATIC_col0_p9,9.0000,0.0000,0.0000,0.0000,0.05838,0.00000,0.26056,0.26702
10.0900,STATIC_col0_p9,9.0000,0.0000,0.0000,0.0000,0.05849,0.00000,0.26060,0.26708
10.1000,STATIC_col0_p9,9.0000,0.0000,0.0000,0.0000,0.05860,0.00000,0.26063,0.26714
10.1100,STATIC_col0_p9,9.0000,0.0000,0.0000,0.0000,0.05870,0.00000,0.26067,0.26720
10.1200,STATIC_col0_p9,9.0000,0.0000,0.0000,0.0000,0.05880,0.00000,0.26070,0.26725
10.1300,STATIC_col0_p9,9.0000,0.0000,0.0000,0.0000,0.05890,0.00000,0.26073,0.26730
10.1400,STATIC_col0_p9,9.0000,0.0000,0.0000,0.0000,0.05899,0.00000,0.26076,0.26735
10.1500,STATIC_col0_p9,9.0000,0.0000,0.0000,0.0000,0.05907,0.00000,0.26079,0.26739
10.1600,STATIC_col0_p9,9.0000,0.0000,0.0000,0.0000,0.05915,0.00000,0.26081,0.26744
10.1700,STATIC_col0_p9,9.0000,0.0000,0.0000,0.0000,0.05923,0.00000,0.26084,0.26748
10.1800,STATIC_col0_p9,9.0000,0.0000,0.0000,0.0000,0.05929,0.00000,0.26086,0.26751
10.1900,STATIC_col0_p9,9.0000,0.0000,0.0000,0.0000,0.05935,0.00000,0.26088,0.26755
10.2000,STATIC_col0_p9,9.0000,0.0000,0.0000,0.0000,0.05941,0.00000,0.26090,0.26758
10.2100,STATIC_col0_p9,9.0000,0.0000,0.0000,0.0000,0.05946,0.00000,0.26091,0.26760
10.2200,STATIC_col0_p9,9.0000,0.0000,0.0000,0.0000,0.05950,0.00000,0.26093,0.26762
10.2300,STATIC_col0_p9,9.0000,0.0000,0.0000,0.0000,0.05953,0.00000,0.26094,0.26764
10.2400,STATIC_col0_p9,9.0000,0.0000,0.0000,0.0000,0.05956,0.00000,0.26095,0.26766
10.2500,STATIC_col0_p9,9.0000,0.0000,0.0000,0.0000,0.05958,0.00000,0.26095,0.26767
10.2600,STATIC_col0_p9,9.0000,0.0000,0.0000,0.0000,0.05960,0.00000,0.26096,0.26768
10.2700,STATIC_col0_p9,9.0000,0.0000,0.0000,0.0000,0.05960,0.00000,0.26096,0.26768
10.2800,STATIC_col0_p9,9.0000,0.0000,0.0000,0.0000,0.05961,0.00000,0.26096,0.26768
10.2900,STATIC_col0_p9,9.0000,0.0000,0.0000,0.0000,0.05960,0.00000,0.26096,0.26768
10.3000,STATIC_col0_p9,9.0000,0.0000,0.0000,0.0000,0.05959,0.00000,0.26096,0.26768
10.3100,STATIC_col0_p9,9.0000,0.0000,0.0000,0.0000,0.05958,0.00000,0.26095,0.26767
10.3200,STATIC_col0_p9,9.0000,0.0000,0.0000,0.0000,0.05956,0.00000,0.26095,0.26766
10.3300,STATIC_col0_p9,9.0000,0.0000,0.0000,0.0000,0.05954,0.00000,0.26094,0.26765
10.3400,STATIC_col0_p9,9.0000,0.0000,0.0000,0.0000,0.05951,0.00000,0.26093,0.26763
10.3500,STATIC_col0_p9,9.0000,0.0000,0.0000,0.0000,0.05948,0.00000,0.26092,0.26761
10.3600,STATIC_col0_p9,9.0000,0.0000,0.0000,0.0000,0.05944,0.00000,0.26091,0.26760
10.3700,STATIC_col0_p9,9.0000,0.0000,0.0000,0.0000,0.05940,0.00000,0.26090,0.26757
10.3800,STATIC_col0_p9,9.0000,0.0000,0.0000,0.0000,0.05936,0.00000,0.26088,0.26755
10.3900,STATIC_col0_p9,9.0000,0.0000,0.0000,0.0000,0.05932,0.00000,0.26087,0.26753
10.4000,STATIC_col0_p9,9.0000,0.0000,0.0000,0.0000,0.05927,0.00000,0.26085,0.26750
10.4100,STATIC_col0_p9,9.0000,0.0000,0.0000,0.0000,0.05923,0.00000,0.26084,0.26748
10.4200,STATIC_col0_p9,9.0000,0.0000,0.0000,0.0000,0.05918,0.00000,0.26082,0.26745
10.4300,STATIC_col0_p9,9.0000,0.0000,0.0000,0.0000,0.05913,0.00000,0.26081,0.26743
10.4400,STATIC_col0_p9,9.0000,0.0000,0.0000,0.0000,0.05908,0.00000,0.26079,0.26740
10.4500,STATIC_col0_p9,9.0000,0.0000,0.0000,0.0000,0.05903,0.00000,0.26078,0.26737
10.4600,STATIC_col0_p9,9.0000,0.0000,0.0000,0.0000,0.05898,0.00000,0.26076,0.26735
10.4700,STATIC_col0_p9,9.0000,0.0000,0.0000,0.0000,0.05893,0.00000,0.26074,0.26732
10.4800,STATIC_col0_p9,9.0000,0.0000,0.0000,0.0000,0.05888,0.00000,0.26073,0.26729
10.4900,STATIC_col0_p9,9.0000,0.0000,0.0000,0.0000,0.05884,0.00000,0.26071,0.26727
10.5000,STATIC_col0_p9,9.0000,0.0000,0.0000,0.0000,0.05879,0.00000,0.26070,0.26725
10.5100,STATIC_col0_p9,9.0000,0.0000,0.0000,0.0000,0.05875,0.00000,0.26069,0.26722
10.5200,STATIC_col0_p9,9.0000,0.0000,0.0000,0.0000,0.05871,0.00000,0.26067,0.26720
10.5300,STATIC_col0_p9,9.0000,0.0000,0.0000,0.0000,0.05867,0.00000,0.26066,0.26718
10.5400,STATIC_col0_p9,9.0000,0.0000,0.0000,0.0000,0.05863,0.00000,0.26065,0.26716
10.5500,STATIC_col0_p9,9.0000,0.0000,0.0000,0.0000,0.05859,0.00000,0.26064,0.26714
10.5600,STATIC_col0_p9,9.0000,0.0000,0.0000,0.0000,0.05856,0.00000,0.26063,0.26712
10.5700,STATIC_col0_p9,9.0000,0.0000,0.0000,0.0000,0.05853,0.00000,0.26062,0.26711
10.5800,STATIC_col0_p9,9.0000,0.0000,0.0000,0.0000,0.05851,0.00000,0.26061,0.26709
10.5900,STATIC_col0_p9,9.0000,0.0000,0.0000,0.0000,0.05848,0.00000,0.26060,0.26708
10.6000,STATIC_col0_p9,9.0000,0.0000,0.0000,0.0000,0.05846,0.00000,0.26059,0.26707
10.6100,STATIC_col0_p9,9.0000,0.0000,0.0000,0.0000,0.05844,0.00000,0.26059,0.26706
10.6200,STATIC_col0_p9,9.0000,0.0000,0.0000,0.0000,0.05843,0.00000,0.26058,0.26705
10.6300,STATIC_col0_p9,9.0000,0.0000,0.0000,0.0000,0.05842,0.00000,0.26058,0.26705
10.6400,STATIC_col0_p9,9.0000,0.0000,0.0000,0.0000,0.05841,0.00000,0.26058,0.26704
10.6500,STATIC_col0_p9,9.0000,0.0000,0.0000,0.0000,0.05840,0.00000,0.26058,0.26704
10.6600,STATIC_col0_p9,9.0000,0.0000,0.0000,0.0000,0.05840,0.00000,0.26057,0.26704
10.6700,STATIC_col0_p9,9.0000,0.0000,0.0000,0.0000,0.05840,0.00000,0.26057,0.26704
10.6800,STATIC_col0_p9,9.0000,0.0000,0.0000,0.0000,0.05840,0.00000,0.26057,0.26704
10.6900,STATIC_col0_p9,9.0000,0.0000,0.0000,0.0000,0.05840,0.00000,0.26058,0.26704
10.7000,STATIC_col0_p9,9.0000,0.0000,0.0000,0.0000,0.05841,0.00000,0.26058,0.26704
10.7100,STATIC_col0_p9,9.0000,0.0000,0.0000,0.0000,0.05842,0.00000,0.26058,0.26705
10.7200,STATIC_col0_p9,9.0000,0.0000,0.0000,0.0000,0.05843,0.00000,0.26058,0.26705
10.7300,STATIC_col0_p9,9.0000,0.0000,0.0000,0.0000,0.05844,0.00000,0.26059,0.26706
10.7400,STATIC_col0_p9,9.0000,0.0000,0.0000,0.0000,0.05846,0.00000,0.26059,0.26707
10.7500,STATIC_col0_p9,9.0000,0.0000,0.0000,0.0000,0.05847,0.00000,0.26060,0.26708
10.7600,STATIC_col0_p9,9.0000,0.0000,0.0000,0.0000,0.05849,0.00000,0.26060,0.26709
10.7700,STATIC_col0_p9,9.0000,0.0000,0.0000,0.0000,0.05851,0.00000,0.26061,0.26710
10.7800,STATIC_col0_p9,9.0000,0.0000,0.0000,0.0000,0.05853,0.00000,0.26062,0.26711
10.7900,STATIC_col0_p9,9.0000,0.0000,0.0000,0.0000,0.05855,0.00000,0.26062,0.26712
10.8000,STATIC_col0_p9,9.0000,0.0000,0.0000,0.0000,0.05857,0.00000,0.26063,0.26713
10.8100,STATIC_col0_p9,9.0000,0.0000,0.0000,0.0000,0.05859,0.00000,0.26064,0.26714
10.8200,STATIC_col0_p9,9.0000,0.0000,0.0000,0.0000,0.05861,0.00000,0.26064,0.26715
10.8300,STATIC_col0_p9,9.0000,0.0000,0.0000,0.0000,0.05863,0.00000,0.26065,0.26716
10.8400,STATIC_col0_p9,9.0000,0.0000,0.0000,0.0000,0.05866,0.00000,0.26066,0.26718
10.8500,STATIC_col0_p9,9.0000,0.0000,0.0000,0.0000,0.05868,0.00000,0.26066,0.26719
10.8600,STATIC_col0_p9,9.0000,0.0000,0.0000,0.0000,0.05870,0.00000,0.26067,0.26720
10.8700,STATIC_col0_p9,9.0000,0.0000,0.0000,0.0000,0.05872,0.00000,0.26068,0.26721
10.8800,STATIC_col0_p9,9.0000,0.0000,0.0000,0.0000,0.05874,0.00000,0.26068,0.26722
10.8900,STATIC_col0_p9,9.0000,0.0000,0.0000,0.0000,0.05876,0.00000,0.26069,0.26723
10.9000,STATIC_col0_p9,9.0000,0.0000,0.0000,0.0000,0.05878,0.00000,0.26070,0.26724
10.9100,STATIC_col0_p9,9.0000,0.0000,0.0000,0.0000,0.05880,0.00000,0.26070,0.26725
10.9200,STATIC_col0_p9,9.0000,0.0000,0.0000,0.0000,0.05882,0.00000,0.26071,0.26726
10.9300,STATIC_col0_p9,9.0000,0.0000,0.0000,0.0000,0.05883,0.00000,0.26071,0.26727
10.9400,STATIC_col0_p9,9.0000,0.0000,0.0000,0.0000,0.05885,0.00000,0.26072,0.26728
10.9500,STATIC_col0_p9,9.0000,0.0000,0.0000,0.0000,0.05886,0.00000,0.26072,0.26729
10.9600,STATIC_col0_p9,9.0000,0.0000,0.0000,0.0000,0.05888,0.00000,0.26073,0.26729
10.9700,STATIC_col0_p9,9.0000,0.0000,0.0000,0.0000,0.05889,0.00000,0.26073,0.26730
10.9800,STATIC_col0_p9,9.0000,0.0000,0.0000,0.0000,0.05890,0.00000,0.26073,0.26730
10.9900,STATIC_col0_p9,9.0000,0.0000,0.0000,0.0000,0.05891,0.00000,0.26074,0.26731
11.0000,STATIC_col0_p9,9.0000,0.0000,0.0000,0.0000,0.05891,0.00000,0.26074,0.26731
11.0100,STATIC_col0_p9,9.0000,0.0000,0.0000,0.0000,0.05892,0.00000,0.26074,0.26732
11.0200,STATIC_col0_p9,9.0000,0.0000,0.0000,0.0000,0.05893,0.00000,0.26074,0.26732
11.0300,STATIC_col0_p9,9.0000,0.0000,0.0000,0.0000,0.05893,0.00000,0.26075,0.26732
11.0400,STATIC_col0_p9,9.0000,0.0000,0.0000,0.0000,0.05893,0.00000,0.26075,0.26732
11.0500,STATIC_col0_p9,9.0000,0.0000,0.0000,0.0000,0.05893,0.00000,0.26075,0.26732
11.0600,STATIC_col0_p9,9.0000,0.0000,0.0000,0.0000,0.05893,0.00000,0.26075,0.26732
11.0700,STATIC_col0_p9,9.0000,0.0000,0.0000,0.0000,0.05893,0.00000,0.26075,0.26732
11.0800,STATIC_col0_p9,9.0000,0.0000,0.0000,0.0000,0.05893,0.00000,0.26075,0.26732
11.0900,STATIC_col0_p9,9.0000,0.0000,0.0000,0.0000,0.05893,0.00000,0.26074,0.26732
11.1000,STATIC_col0_p9,9.0000,0.0000,0.0000,0.0000,0.05892,0.00000,0.26074,0.26732
11.1100,STATIC_col0_p9,9.0000,0.0000,0.0000,0.0000,0.05892,0.00000,0.26074,0.26732
11.1200,STATIC_col0_p9,9.0000,0.0000,0.0000,0.0000,0.05891,0.00000,0.26074,0.26731
11.1300,STATIC_col0_p9,9.0000,0.0000,0.0000,0.0000,0.05891,0.00000,0.26074,0.26731
11.1400,STATIC_col0_p9,9.0000,0.0000,0.0000,0.0000,0.05890,0.00000,0.26074,0.26731
11.1500,STATIC_col0_p9,9.0000,0.0000,0.0000,0.0000,0.05889,0.00000,0.26073,0.26730
11.1600,STATIC_col0_p9,9.0000,0.0000,0.0000,0.0000,0.05888,0.00000,0.26073,0.26730
11.1700,STATIC_col0_p9,9.0000,0.0000,0.0000,0.0000,0.05888,0.00000,0.26073,0.26729
11.1800,STATIC_col0_p9,9.0000,0.0000,0.0000,0.0000,0.05887,0.00000,0.26072,0.26729
11.1900,STATIC_col0_p9,9.0000,0.0000,0.0000,0.0000,0.05886,0.00000,0.26072,0.26728
11.2000,STATIC_col0_p9,9.0000,0.0000,0.0000,0.0000,0.05885,0.00000,0.26072,0.26728
11.2100,STATIC_col0_p9,9.0000,0.0000,0.0000,0.0000,0.05884,0.00000,0.26072,0.26727
11.2200,STATIC_col0_p9,9.0000,0.0000,0.0000,0.0000,0.05883,0.00000,0.26071,0.26727
11.2300,STATIC_col0_p9,9.0000,0.0000,0.0000,0.0000,0.05882,0.00000,0.26071,0.26726
11.2400,STATIC_col0_p9,9.0000,0.0000,0.0000,0.0000,0.05881,0.00000,0.26071,0.26726
11.2500,STATIC_col0_p9,9.0000,0.0000,0.0000,0.0000,0.05880,0.00000,0.26070,0.26725
11.2600,STATIC_col0_p9,9.0000,0.0000,0.0000,0.0000,0.05879,0.00000,0.26070,0.26725
11.2700,STATIC_col0_p9,9.0000,0.0000,0.0000,0.0000,0.05878,0.00000,0.26070,0.26724
11.2800,STATIC_col0_p9,9.0000,0.0000,0.0000,0.0000,0.05877,0.00000,0.26069,0.26724
11.2900,STATIC_col0_p9,9.0000,0.0000,0.0000,0.0000,0.05876,0.00000,0.26069,0.26723
11.3000,STATIC_col0_p9,9.0000,0.0000,0.0000,0.0000,0.05876,0.00000,0.26069,0.26723
11.3100,STATIC_col0_p9,9.0000,0.0000,0.0000,0.0000,0.05875,0.00000,0.26069,0.26722
11.3200,STATIC_col0_p9,9.0000,0.0000,0.0000,0.0000,0.05874,0.00000,0.26068,0.26722
11.3300,STATIC_col0_p9,9.0000,0.0000,0.0000,0.0000,0.05873,0.00000,0.26068,0.26722
11.3400,STATIC_col0_p9,9.0000,0.0000,0.0000,0.0000,0.05873,0.00000,0.26068,0.26721
11.3500,STATIC_col0_p9,9.0000,0.0000,0.0000,0.0000,0.05872,0.00000,0.26068,0.26721
11.3600,STATIC_col0_p9,9.0000,0.0000,0.0000,0.0000,0.05872,0.00000,0.26068,0.26721
11.3700,STATIC_col0_p9,9.0000,0.0000,0.0000,0.0000,0.05871,0.00000,0.26068,0.26721
11.3800,STATIC_col0_p9,9.0000,0.0000,0.0000,0.0000,0.05871,0.00000,0.26067,0.26720
11.3900,STATIC_col0_p9,9.0000,0.0000,0.0000,0.0000,0.05871,0.00000,0.26067,0.26720
11.4000,STATIC_col0_p9,9.0000,0.0000,0.0000,0.0000,0.05870,0.00000,0.26067,0.26720
11.4100,STATIC_col0_p9,9.0000,0.0000,0.0000,0.0000,0.05870,0.00000,0.26067,0.26720
11.4200,STATIC_col0_p9,9.0000,0.0000,0.0000,0.0000,0.05870,0.00000,0.26067,0.26720
11.4300,STATIC_col0_p9,9.0000,0.0000,0.0000,0.0000,0.05870,0.00000,0.26067,0.26720
11.4400,STATIC_col0_p9,9.0000,0.0000,0.0000,0.0000,0.05870,0.00000,0.26067,0.26720
11.4500,STATIC_col0_p9,9.0000,0.0000,0.0000,0.0000,0.05870,0.00000,0.26067,0.26720
11.4600,STATIC_col0_p9,9.0000,0.0000,0.0000,0.0000,0.05870,0.00000,0.26067,0.26720
11.4700,STATIC_col0_p9,9.0000,0.0000,0.0000,0.0000,0.05870,0.00000,0.26067,0.26720
11.4800,STATIC_col0_p9,9.0000,0.0000,0.0000,0.0000,0.05870,0.00000,0.26067,0.26720
11.4900,STATIC_col0_p9,9.0000,0.0000,0.0000,0.0000,0.05870,0.00000,0.26067,0.26720
11.5000,STATIC_col0_p9,9.0000,0.0000,0.0000,0.0000,0.05870,0.00000,0.26067,0.26720
11.5100,STATIC_col0_p9,9.0000,0.0000,0.0000,0.0000,0.05871,0.00000,0.26067,0.26720
11.5200,STATIC_col0_p9,9.0000,0.0000,0.0000,0.0000,0.05871,0.00000,0.26067,0.26720
11.5300,STATIC_col0_p9,9.0000,0.0000,0.0000,0.0000,0.05871,0.00000,0.26068,0.26721
11.5400,STATIC_col0_p9,9.0000,0.0000,0.0000,0.0000,0.05872,0.00000,0.26068,0.26721
11.5500,STATIC_col0_p9,9.0000,0.0000,0.0000,0.0000,0.05872,0.00000,0.26068,0.26721
11.5600,STATIC_col0_p9,9.0000,0.0000,0.0000,0.0000,0.05872,0.00000,0.26068,0.26721
11.5700,STATIC_col0_p9,9.0000,0.0000,0.0000,0.0000,0.05873,0.00000,0.26068,0.26721
11.5800,STATIC_col0_p9,9.0000,0.0000,0.0000,0.0000,0.05873,0.00000,0.26068,0.26722
11.5900,STATIC_col0_p9,9.0000,0.0000,0.0000,0.0000,0.05874,0.00000,0.26068,0.26722
11.6000,STATIC_col0_p9,9.0000,0.0000,0.0000,0.0000,0.05874,0.00000,0.26068,0.26722
11.6100,STATIC_col0_p9,9.0000,0.0000,0.0000,0.0000,0.05874,0.00000,0.26069,0.26722
11.6200,STATIC_col0_p9,9.0000,0.0000,0.0000,0.0000,0.05875,0.00000,0.26069,0.26722
11.6300,STATIC_col0_p9,9.0000,0.0000,0.0000,0.0000,0.05875,0.00000,0.26069,0.26723
11.6400,STATIC_col0_p9,9.0000,0.0000,0.0000,0.0000,0.05876,0.00000,0.26069,0.26723
11.6500,STATIC_col0_p9,9.0000,0.0000,0.0000,0.0000,0.05876,0.00000,0.26069,0.26723
11.6600,STATIC_col0_p9,9.0000,0.0000,0.0000,0.0000,0.05876,0.00000,0.26069,0.26723
11.6700,STATIC_col0_p9,9.0000,0.0000,0.0000,0.0000,0.05877,0.00000,0.26069,0.26724
11.6800,STATIC_col0_p9,9.0000,0.0000,0.0000,0.0000,0.05877,0.00000,0.26069,0.26724
11.6900,STATIC_col0_p9,9.0000,0.0000,0.0000,0.0000,0.05878,0.00000,0.26070,0.26724
11.7000,STATIC_col0_p9,9.0000,0.0000,0.0000,0.0000,0.05878,0.00000,0.26070,0.26724
11.7100,STATIC_col0_p9,9.0000,0.0000,0.0000,0.0000,0.05878,0.00000,0.26070,0.26724
11.7200,STATIC_col0_p9,9.0000,0.0000,0.0000,0.0000,0.05879,0.00000,0.26070,0.26724
11.7300,STATIC_col0_p9,9.0000,0.0000,0.0000,0.0000,0.05879,0.00000,0.26070,0.26725
11.7400,STATIC_col0_p9,9.0000,0.0000,0.0000,0.0000,0.05879,0.00000,0.26070,0.26725
11.7500,STATIC_col0_p9,9.0000,0.0000,0.0000,0.0000,0.05879,0.00000,0.26070,0.26725
11.7600,STATIC_col0_p9,9.0000,0.0000,0.0000,0.0000,0.05879,0.00000,0.26070,0.26725
11.7700,STATIC_col0_p9,9.0000,0.0000,0.0000,0.0000,0.05880,0.00000,0.26070,0.26725
11.7800,STATIC_col0_p9,9.0000,0.0000,0.0000,0.0000,0.05880,0.00000,0.26070,0.26725
11.7900,STATIC_col0_p9,9.0000,0.0000,0.0000,0.0000,0.05880,0.00000,0.26070,0.26725
11.8000,STATIC_col0_p9,9.0000,0.0000,0.0000,0.0000,0.05880,0.00000,0.26070,0.26725
11.8100,STATIC_col0_p9,9.0000,0.0000,0.0000,0.0000,0.05880,0.00000,0.26070,0.26725
11.8200,STATIC_col0_p9,9.0000,0.0000,0.0000,0.0000,0.05880,0.00000,0.26070,0.26725
11.8300,STATIC_col0_p9,9.0000,0.0000,0.0000,0.0000,0.05880,0.00000,0.26070,0.26725
11.8400,STATIC_col0_p9,9.0000,0.0000,0.0000,0.0000,0.05880,0.00000,0.26070,0.26725
11.8500,STATIC_col0_p9,9.0000,0.0000,0.0000,0.0000,0.05880,0.00000,0.26070,0.26725
11.8600,STATIC_col0_p9,9.0000,0.0000,0.0000,0.0000,0.05880,0.00000,0.26070,0.26725
11.8700,STATIC_col0_p9,9.0000,0.0000,0.0000,0.0000,0.05880,0.00000,0.26070,0.26725
11.8800,STATIC_col0_p9,9.0000,0.0000,0.0000,0.0000,0.05880,0.00000,0.26070,0.26725
11.8900,STATIC_col0_p9,9.0000,0.0000,0.0000,0.0000,0.05880,0.00000,0.26070,0.26725
11.9000,STATIC_col0_p9,9.0000,0.0000,0.0000,0.0000,0.05880,0.00000,0.26070,0.26725
11.9100,STATIC_col0_p9,9.0000,0.0000,0.0000,0.0000,0.05880,0.00000,0.26070,0.26725
11.9200,STATIC_col0_p9,9.0000,0.0000,0.0000,0.0000,0.05879,0.00000,0.26070,0.26725
11.9300,STATIC_col0_p9,9.0000,0.0000,0.0000,0.0000,0.05879,0.00000,0.26070,0.26725
11.9400,STATIC_col0_p9,9.0000,0.0000,0.0000,0.0000,0.05879,0.00000,0.26070,0.26725
11.9500,STATIC_col0_p9,9.0000,0.0000,0.0000,0.0000,0.05879,0.00000,0.26070,0.26725
11.9600,STATIC_col0_p9,9.0000,0.0000,0.0000,0.0000,0.05879,0.00000,0.26070,0.26725
11.9700,STATIC_col0_p9,9.0000,0.0000,0.0000,0.0000,0.05879,0.00000,0.26070,0.26724
11.9800,STATIC_col0_p9,9.0000,0.0000,0.0000,0.0000,0.05878,0.00000,0.26070,0.26724
11.9900,STATIC_col0_p9,9.0000,0.0000,0.0000,0.0000,0.05878,0.00000,0.26070,0.26724
12.0000,STATIC_col0_p9,9.0000,0.0000,0.0000,0.0000,0.05878,0.00000,0.26070,0.26724
12.0100,RELEASE_col0,0.0000,0.0000,0.0000,0.0000,0.05877,0.00000,0.26069,0.26723
12.0200,RELEASE_col0,0.0000,0.0000,0.0000,0.0000,0.05870,0.00000,0.26067,0.26720
12.0300,RELEASE_col0,0.0000,0.0000,0.0000,0.0000,0.05856,0.00000,0.26062,0.26712
12.0400,RELEASE_col0,0.0000,0.0000,0.0000,0.0000,0.05831,0.00000,0.26055,0.26699
12.0500,RELEASE_col0,0.0000,0.0000,0.0000,0.0000,0.05795,0.00000,0.26044,0.26681
12.0600,RELEASE_col0,0.0000,0.0000,0.0000,0.0000,0.05747,0.00000,0.26029,0.26656
12.0700,RELEASE_col0,0.0000,0.0000,0.0000,0.0000,0.05685,0.00000,0.26011,0.26625
12.0800,RELEASE_col0,0.0000,0.0000,0.0000,0.0000,0.05609,0.00000,0.25988,0.26586
12.0900,RELEASE_col0,0.0000,0.0000,0.0000,0.0000,0.05519,0.00000,0.25961,0.26541
12.1000,RELEASE_col0,0.0000,0.0000,0.0000,0.0000,0.05414,0.00000,0.25929,0.26489
12.1100,RELEASE_col0,0.0000,0.0000,0.0000,0.0000,0.05295,0.00000,0.25893,0.26429
12.1200,RELEASE_col0,0.0000,0.0000,0.0000,0.0000,0.05161,0.00000,0.25854,0.26364
12.1300,RELEASE_col0,0.0000,0.0000,0.0000,0.0000,0.05013,0.00000,0.25810,0.26293
12.1400,RELEASE_col0,0.0000,0.0000,0.0000,0.0000,0.04851,0.00000,0.25764,0.26216
12.1500,RELEASE_col0,0.0000,0.0000,0.0000,0.0000,0.04677,0.00000,0.25714,0.26136
12.1600,RELEASE_col0,0.0000,0.0000,0.0000,0.0000,0.04489,0.00000,0.25663,0.26053
12.1700,RELEASE_col0,0.0000,0.0000,0.0000,0.0000,0.04291,0.00000,0.25611,0.25968
12.1800,RELEASE_col0,0.0000,0.0000,0.0000,0.0000,0.04081,0.00000,0.25558,0.25882
12.1900,RELEASE_col0,0.0000,0.0000,0.0000,0.0000,0.03862,0.00000,0.25505,0.25796
12.2000,RELEASE_col0,0.0000,0.0000,0.0000,0.0000,0.03635,0.00000,0.25453,0.25711
12.2100,RELEASE_col0,0.0000,0.0000,0.0000,0.0000,0.03400,0.00000,0.25403,0.25629
12.2200,RELEASE_col0,0.0000,0.0000,0.0000,0.0000,0.03160,0.00000,0.25354,0.25550
12.2300,RELEASE_col0,0.0000,0.0000,0.0000,0.0000,0.02914,0.00000,0.25308,0.25476
12.2400,RELEASE_col0,0.0000,0.0000,0.0000,0.0000,0.02666,0.00000,0.25266,0.25406
12.2500,RELEASE_col0,0.0000,0.0000,0.0000,0.0000,0.02415,0.00000,0.25226,0.25342
12.2600,RELEASE_col0,0.0000,0.0000,0.0000,0.0000,0.02164,0.00000,0.25191,0.25284
12.2700,RELEASE_col0,0.0000,0.0000,0.0000,0.0000,0.01914,0.00000,0.25159,0.25232
12.2800,RELEASE_col0,0.0000,0.0000,0.0000,0.0000,0.01666,0.00000,0.25132,0.25187
12.2900,RELEASE_col0,0.0000,0.0000,0.0000,0.0000,0.01422,0.00000,0.25108,0.25148
12.3000,RELEASE_col0,0.0000,0.0000,0.0000,0.0000,0.01182,0.00000,0.25089,0.25117
12.3100,RELEASE_col0,0.0000,0.0000,0.0000,0.0000,0.00948,0.00000,0.25073,0.25091
12.3200,RELEASE_col0,0.0000,0.0000,0.0000,0.0000,0.00721,0.00000,0.25061,0.25072
12.3300,RELEASE_col0,0.0000,0.0000,0.0000,0.0000,0.00502,0.00000,0.25053,0.25058
12.3400,RELEASE_col0,0.0000,0.0000,0.0000,0.0000,0.00292,0.00000,0.25048,0.25049
12.3500,RELEASE_col0,0.0000,0.0000,0.0000,0.0000,0.00092,0.00000,0.25045,0.25045
12.3600,RELEASE_col0,0.0000,0.0000,0.0000,0.0000,-0.00097,0.00000,0.25045,0.25045
12.3700,RELEASE_col0,0.0000,0.0000,0.0000,0.0000,-0.00275,0.00000,0.25047,0.25049
12.3800,RELEASE_col0,0.0000,0.0000,0.0000,0.0000,-0.00440,0.00000,0.25051,0.25055
12.3900,RELEASE_col0,0.0000,0.0000,0.0000,0.0000,-0.00594,0.00000,0.25056,0.25063
12.4000,RELEASE_col0,0.0000,0.0000,0.0000,0.0000,-0.00734,0.00000,0.25062,0.25073
12.4100,RELEASE_col0,0.0000,0.0000,0.0000,0.0000,-0.00862,0.00000,0.25069,0.25084
12.4200,RELEASE_col0,0.0000,0.0000,0.0000,0.0000,-0.00976,0.00000,0.25076,0.25095
12.4300,RELEASE_col0,0.0000,0.0000,0.0000,0.0000,-0.01076,0.00000,0.25083,0.25106
12.4400,RELEASE_col0,0.0000,0.0000,0.0000,0.0000,-0.01163,0.00000,0.25090,0.25117
12.4500,RELEASE_col0,0.0000,0.0000,0.0000,0.0000,-0.01237,0.00000,0.25096,0.25126
12.4600,RELEASE_col0,0.0000,0.0000,0.0000,0.0000,-0.01298,0.00000,0.25102,0.25135
12.4700,RELEASE_col0,0.0000,0.0000,0.0000,0.0000,-0.01345,0.00000,0.25106,0.25142
12.4800,RELEASE_col0,0.0000,0.0000,0.0000,0.0000,-0.01380,0.00000,0.25110,0.25148
12.4900,RELEASE_col0,0.0000,0.0000,0.0000,0.0000,-0.01403,0.00000,0.25113,0.25153
12.5000,RELEASE_col0,0.0000,0.0000,0.0000,0.0000,-0.01413,0.00000,0.25115,0.25155
12.5100,RELEASE_col0,0.0000,0.0000,0.0000,0.0000,-0.01412,0.00000,0.25116,0.25156
12.5200,RELEASE_col0,0.0000,0.0000,0.0000,0.0000,-0.01401,0.00000,0.25117,0.25156
12.5300,RELEASE_col0,0.0000,0.0000,0.0000,0.0000,-0.01379,0.00000,0.25116,0.25154
12.5400,RELEASE_col0,0.0000,0.0000,0.0000,0.0000,-0.01347,0.00000,0.25114,0.25150
12.5500,RELEASE_col0,0.0000,0.0000,0.0000,0.0000,-0.01307,0.00000,0.25112,0.25146
12.5600,RELEASE_col0,0.0000,0.0000,0.0000,0.0000,-0.01258,0.00000,0.25109,0.25140
12.5700,RELEASE_col0,0.0000,0.0000,0.0000,0.0000,-0.01202,0.00000,0.25106,0.25134
12.5800,RELEASE_col0,0.0000,0.0000,0.0000,0.0000,-0.01139,0.00000,0.25102,0.25128
12.5900,RELEASE_col0,0.0000,0.0000,0.0000,0.0000,-0.01070,0.00000,0.25098,0.25121
12.6000,RELEASE_col0,0.0000,0.0000,0.0000,0.0000,-0.00995,0.00000,0.25094,0.25114
12.6100,RELEASE_col0,0.0000,0.0000,0.0000,0.0000,-0.00916,0.00000,0.25090,0.25107
12.6200,RELEASE_col0,0.0000,0.0000,0.0000,0.0000,-0.00834,0.00000,0.25086,0.25100
12.6300,RELEASE_col0,0.0000,0.0000,0.0000,0.0000,-0.00748,0.00000,0.25082,0.25093
12.6400,RELEASE_col0,0.0000,0.0000,0.0000,0.0000,-0.00660,0.00000,0.25079,0.25088
12.6500,RELEASE_col0,0.0000,0.0000,0.0000,0.0000,-0.00571,0.00000,0.25076,0.25082
12.6600,RELEASE_col0,0.0000,0.0000,0.0000,0.0000,-0.00481,0.00000,0.25073,0.25078
12.6700,RELEASE_col0,0.0000,0.0000,0.0000,0.0000,-0.00391,0.00000,0.25071,0.25074
12.6800,RELEASE_col0,0.0000,0.0000,0.0000,0.0000,-0.00301,0.00000,0.25069,0.25071
12.6900,RELEASE_col0,0.0000,0.0000,0.0000,0.0000,-0.00213,0.00000,0.25068,0.25069
12.7000,RELEASE_col0,0.0000,0.0000,0.0000,0.0000,-0.00126,0.00000,0.25067,0.25067
12.7100,RELEASE_col0,0.0000,0.0000,0.0000,0.0000,-0.00042,0.00000,0.25067,0.25067
12.7200,RELEASE_col0,0.0000,0.0000,0.0000,0.0000,0.00040,0.00000,0.25067,0.25067
12.7300,RELEASE_col0,0.0000,0.0000,0.0000,0.0000,0.00118,0.00000,0.25067,0.25067
12.7400,RELEASE_col0,0.0000,0.0000,0.0000,0.0000,0.00192,0.00000,0.25068,0.25069
12.7500,RELEASE_col0,0.0000,0.0000,0.0000,0.0000,0.00263,0.00000,0.25069,0.25070
12.7600,RELEASE_col0,0.0000,0.0000,0.0000,0.0000,0.00329,0.00000,0.25070,0.25072
12.7700,RELEASE_col0,0.0000,0.0000,0.0000,0.0000,0.00390,0.00000,0.25071,0.25074
12.7800,RELEASE_col0,0.0000,0.0000,0.0000,0.0000,0.00446,0.00000,0.25073,0.25077
12.7900,RELEASE_col0,0.0000,0.0000,0.0000,0.0000,0.00497,0.00000,0.25074,0.25079
12.8000,RELEASE_col0,0.0000,0.0000,0.0000,0.0000,0.00542,0.00000,0.25076,0.25082
12.8100,RELEASE_col0,0.0000,0.0000,0.0000,0.0000,0.00582,0.00000,0.25077,0.25084
12.8200,RELEASE_col0,0.0000,0.0000,0.0000,0.0000,0.00617,0.00000,0.25079,0.25086
12.8300,RELEASE_col0,0.0000,0.0000,0.0000,0.0000,0.00646,0.00000,0.25080,0.25088
12.8400,RELEASE_col0,0.0000,0.0000,0.0000,0.0000,0.00669,0.00000,0.25081,0.25090
12.8500,RELEASE_col0,0.0000,0.0000,0.0000,0.0000,0.00687,0.00000,0.25082,0.25091
12.8600,RELEASE_col0,0.0000,0.0000,0.0000,0.0000,0.00700,0.00000,0.25083,0.25092
12.8700,RELEASE_col0,0.0000,0.0000,0.0000,0.0000,0.00707,0.00000,0.25083,0.25093
12.8800,RELEASE_col0,0.0000,0.0000,0.0000,0.0000,0.00710,0.00000,0.25083,0.25094
12.8900,RELEASE_col0,0.0000,0.0000,0.0000,0.0000,0.00707,0.00000,0.25084,0.25093
12.9000,RELEASE_col0,0.0000,0.0000,0.0000,0.0000,0.00700,0.00000,0.25083,0.25093
12.9100,RELEASE_col0,0.0000,0.0000,0.0000,0.0000,0.00688,0.00000,0.25083,0.25093
12.9200,RELEASE_col0,0.0000,0.0000,0.0000,0.0000,0.00672,0.00000,0.25083,0.25092
12.9300,RELEASE_col0,0.0000,0.0000,0.0000,0.0000,0.00652,0.00000,0.25082,0.25090
12.9400,RELEASE_col0,0.0000,0.0000,0.0000,0.0000,0.00628,0.00000,0.25081,0.25089
12.9500,RELEASE_col0,0.0000,0.0000,0.0000,0.0000,0.00601,0.00000,0.25080,0.25088
12.9600,RELEASE_col0,0.0000,0.0000,0.0000,0.0000,0.00571,0.00000,0.25079,0.25086
12.9700,RELEASE_col0,0.0000,0.0000,0.0000,0.0000,0.00538,0.00000,0.25078,0.25084
12.9800,RELEASE_col0,0.0000,0.0000,0.0000,0.0000,0.00503,0.00000,0.25077,0.25083
12.9900,RELEASE_col0,0.0000,0.0000,0.0000,0.0000,0.00466,0.00000,0.25076,0.25081
13.0000,RELEASE_col0,0.0000,0.0000,0.0000,0.0000,0.00427,0.00000,0.25076,0.25079
13.0100,RELEASE_col0,0.0000,0.0000,0.0000,0.0000,0.00387,0.00000,0.25075,0.25078
13.0200,RELEASE_col0,0.0000,0.0000,0.0000,0.0000,0.00346,0.00000,0.25074,0.25076
13.0300,RELEASE_col0,0.0000,0.0000,0.0000,0.0000,0.00304,0.00000,0.25073,0.25075
13.0400,RELEASE_col0,0.0000,0.0000,0.0000,0.0000,0.00262,0.00000,0.25072,0.25074
13.0500,RELEASE_col0,0.0000,0.0000,0.0000,0.0000,0.00220,0.00000,0.25072,0.25073
13.0600,RELEASE_col0,0.0000,0.0000,0.0000,0.0000,0.00178,0.00000,0.25071,0.25072
13.0700,RELEASE_col0,0.0000,0.0000,0.0000,0.0000,0.00136,0.00000,0.25071,0.25071
13.0800,RELEASE_col0,0.0000,0.0000,0.0000,0.0000,0.00096,0.00000,0.25071,0.25071
13.0900,RELEASE_col0,0.0000,0.0000,0.0000,0.0000,0.00056,0.00000,0.25070,0.25070
13.1000,RELEASE_col0,0.0000,0.0000,0.0000,0.0000,0.00017,0.00000,0.25070,0.25070
13.1100,RELEASE_col0,0.0000,0.0000,0.0000,0.0000,-0.00020,0.00000,0.25070,0.25070
13.1200,RELEASE_col0,0.0000,0.0000,0.0000,0.0000,-0.00055,0.00000,0.25070,0.25070
13.1300,RELEASE_col0,0.0000,0.0000,0.0000,0.0000,-0.00089,0.00000,0.25071,0.25071
13.1400,RELEASE_col0,0.0000,0.0000,0.0000,0.0000,-0.00120,0.00000,0.25071,0.25071
13.1500,RELEASE_col0,0.0000,0.0000,0.0000,0.0000,-0.00149,0.00000,0.25071,0.25071
13.1600,RELEASE_col0,0.0000,0.0000,0.0000,0.0000,-0.00177,0.00000,0.25071,0.25072
13.1700,RELEASE_col0,0.0000,0.0000,0.0000,0.0000,-0.00201,0.00000,0.25072,0.25072
13.1800,RELEASE_col0,0.0000,0.0000,0.0000,0.0000,-0.00224,0.00000,0.25072,0.25073
13.1900,RELEASE_col0,0.0000,0.0000,0.0000,0.0000,-0.00244,0.00000,0.25072,0.25073
13.2000,RELEASE_col0,0.0000,0.0000,0.0000,0.0000,-0.00261,0.00000,0.25072,0.25074
13.2100,RELEASE_col0,0.0000,0.0000,0.0000,0.0000,-0.00276,0.00000,0.25073,0.25074
13.2200,RELEASE_col0,0.0000,0.0000,0.0000,0.0000,-0.00288,0.00000,0.25073,0.25075
13.2300,RELEASE_col0,0.0000,0.0000,0.0000,0.0000,-0.00298,0.00000,0.25073,0.25075
13.2400,RELEASE_col0,0.0000,0.0000,0.0000,0.0000,-0.00305,0.00000,0.25073,0.25075
13.2500,RELEASE_col0,0.0000,0.0000,0.0000,0.0000,-0.00310,0.00000,0.25073,0.25075
13.2600,RELEASE_col0,0.0000,0.0000,0.0000,0.0000,-0.00313,0.00000,0.25074,0.25075
13.2700,RELEASE_col0,0.0000,0.0000,0.0000,0.0000,-0.00313,0.00000,0.25074,0.25076
13.2800,RELEASE_col0,0.0000,0.0000,0.0000,0.0000,-0.00311,0.00000,0.25074,0.25076
13.2900,RELEASE_col0,0.0000,0.0000,0.0000,0.0000,-0.00307,0.00000,0.25074,0.25075
13.3000,RELEASE_col0,0.0000,0.0000,0.0000,0.0000,-0.00301,0.00000,0.25073,0.25075
13.3100,RELEASE_col0,0.0000,0.0000,0.0000,0.0000,-0.00293,0.00000,0.25073,0.25075
13.3200,RELEASE_col0,0.0000,0.0000,0.0000,0.0000,-0.00283,0.00000,0.25073,0.25075
13.3300,RELEASE_col0,0.0000,0.0000,0.0000,0.0000,-0.00272,0.00000,0.25073,0.25075
13.3400,RELEASE_col0,0.0000,0.0000,0.0000,0.0000,-0.00259,0.00000,0.25073,0.25074
13.3500,RELEASE_col0,0.0000,0.0000,0.0000,0.0000,-0.00246,0.00000,0.25073,0.25074
13.3600,RELEASE_col0,0.0000,0.0000,0.0000,0.0000,-0.00230,0.00000,0.25073,0.25074
13.3700,RELEASE_col0,0.0000,0.0000,0.0000,0.0000,-0.00214,0.00000,0.25072,0.25073
13.3800,RELEASE_col0,0.0000,0.0000,0.0000,0.0000,-0.00197,0.00000,0.25072,0.25073
13.3900,RELEASE_col0,0.0000,0.0000,0.0000,0.0000,-0.00180,0.00000,0.25072,0.25073
13.4000,RELEASE_col0,0.0000,0.0000,0.0000,0.0000,-0.00162,0.00000,0.25072,0.25072
13.4100,RELEASE_col0,0.0000,0.0000,0.0000,0.0000,-0.00143,0.00000,0.25072,0.25072
13.4200,RELEASE_col0,0.0000,0.0000,0.0000,0.0000,-0.00124,0.00000,0.25071,0.25072
13.4300,RELEASE_col0,0.0000,0.0000,0.0000,0.0000,-0.00106,0.00000,0.25071,0.25072
13.4400,RELEASE_col0,0.0000,0.0000,0.0000,0.0000,-0.00087,0.00000,0.25071,0.25071
13.4500,RELEASE_col0,0.0000,0.0000,0.0000,0.0000,-0.00068,0.00000,0.25071,0.25071
13.4600,RELEASE_col0,0.0000,0.0000,0.0000,0.0000,-0.00050,0.00000,0.25071,0.25071
13.4700,RELEASE_col0,0.0000,0.0000,0.0000,0.0000,-0.00032,0.00000,0.25071,0.25071
13.4800,RELEASE_col0,0.0000,0.0000,0.0000,0.0000,-0.00014,0.00000,0.25071,0.25071
13.4900,RELEASE_col0,0.0000,0.0000,0.0000,0.0000,0.00003,0.00000,0.25071,0.25071
13.5000,RELEASE_col0,0.0000,0.0000,0.0000,0.0000,0.00019,0.00000,0.25071,0.25071
13.5100,RELEASE_col0,0.0000,0.0000,0.0000,0.0000,0.00034,0.00000,0.25071,0.25071
13.5200,RELEASE_col0,0.0000,0.0000,0.0000,0.0000,0.00049,0.00000,0.25071,0.25071
13.5300,RELEASE_col0,0.0000,0.0000,0.0000,0.0000,0.00062,0.00000,0.25071,0.25071
13.5400,RELEASE_col0,0.0000,0.0000,0.0000,0.0000,0.00075,0.00000,0.25071,0.25071
13.5500,RELEASE_col0,0.0000,0.0000,0.0000,0.0000,0.00087,0.00000,0.25071,0.25071
13.5600,RELEASE_col0,0.0000,0.0000,0.0000,0.0000,0.00097,0.00000,0.25071,0.25072
13.5700,RELEASE_col0,0.0000,0.0000,0.0000,0.0000,0.00107,0.00000,0.25071,0.25072
13.5800,RELEASE_col0,0.0000,0.0000,0.0000,0.0000,0.00115,0.00000,0.25071,0.25072
13.5900,RELEASE_col0,0.0000,0.0000,0.0000,0.0000,0.00122,0.00000,0.25072,0.25072
13.6000,RELEASE_col0,0.0000,0.0000,0.0000,0.0000,0.00128,0.00000,0.25072,0.25072
13.6100,RELEASE_col0,0.0000,0.0000,0.0000,0.0000,0.00133,0.00000,0.25072,0.25072
13.6200,RELEASE_col0,0.0000,0.0000,0.0000,0.0000,0.00137,0.00000,0.25072,0.25072
13.6300,RELEASE_col0,0.0000,0.0000,0.0000,0.0000,0.00139,0.00000,0.25072,0.25072
13.6400,RELEASE_col0,0.0000,0.0000,0.0000,0.0000,0.00141,0.00000,0.25072,0.25072
13.6500,RELEASE_col0,0.0000,0.0000,0.0000,0.0000,0.00141,0.00000,0.25072,0.25072
13.6600,RELEASE_col0,0.0000,0.0000,0.0000,0.0000,0.00141,0.00000,0.25072,0.25072
13.6700,RELEASE_col0,0.0000,0.0000,0.0000,0.0000,0.00140,0.00000,0.25072,0.25072
13.6800,RELEASE_col0,0.0000,0.0000,0.0000,0.0000,0.00137,0.00000,0.25072,0.25072
13.6900,RELEASE_col0,0.0000,0.0000,0.0000,0.0000,0.00134,0.00000,0.25072,0.25072
13.7000,RELEASE_col0,0.0000,0.0000,0.0000,0.0000,0.00130,0.00000,0.25072,0.25072
13.7100,RELEASE_col0,0.0000,0.0000,0.0000,0.0000,0.00125,0.00000,0.25072,0.25072
13.7200,RELEASE_col0,0.0000,0.0000,0.0000,0.0000,0.00120,0.00000,0.25072,0.25072
13.7300,RELEASE_col0,0.0000,0.0000,0.0000,0.0000,0.00114,0.00000,0.25072,0.25072
13.7400,RELEASE_col0,0.0000,0.0000,0.0000,0.0000,0.00107,0.00000,0.25072,0.25072
13.7500,RELEASE_col0,0.0000,0.0000,0.0000,0.0000,0.00100,0.00000,0.25071,0.25072
13.7600,RELEASE_col0,0.0000,0.0000,0.0000,0.0000,0.00093,0.00000,0.25071,0.25072
13.7700,RELEASE_col0,0.0000,0.0000,0.0000,0.0000,0.00085,0.00000,0.25071,0.25072
13.7800,RELEASE_col0,0.0000,0.0000,0.0000,0.0000,0.00077,0.00000,0.25071,0.25071
13.7900,RELEASE_col0,0.0000,0.0000,0.0000,0.0000,0.00069,0.00000,0.25071,0.25071
13.8000,RELEASE_col0,0.0000,0.0000,0.0000,0.0000,0.00060,0.00000,0.25071,0.25071
13.8100,RELEASE_col0,0.0000,0.0000,0.0000,0.0000,0.00052,0.00000,0.25071,0.25071
13.8200,RELEASE_col0,0.0000,0.0000,0.0000,0.0000,0.00043,0.00000,0.25071,0.25071
13.8300,RELEASE_col0,0.0000,0.0000,0.0000,0.0000,0.00035,0.00000,0.25071,0.25071
13.8400,RELEASE_col0,0.0000,0.0000,0.0000,0.0000,0.00026,0.00000,0.25071,0.25071
13.8500,RELEASE_col0,0.0000,0.0000,0.0000,0.0000,0.00018,0.00000,0.25071,0.25071
13.8600,RELEASE_col0,0.0000,0.0000,0.0000,0.0000,0.00010,0.00000,0.25071,0.25071
13.8700,RELEASE_col0,0.0000,0.0000,0.0000,0.0000,0.00002,0.00000,0.25071,0.25071
13.8800,RELEASE_col0,0.0000,0.0000,0.0000,0.0000,-0.00005,0.00000,0.25071,0.25071
13.8900,RELEASE_col0,0.0000,0.0000,0.0000,0.0000,-0.00012,0.00000,0.25071,0.25071
13.9000,RELEASE_col0,0.0000,0.0000,0.0000,0.0000,-0.00019,0.00000,0.25071,0.25071
13.9100,RELEASE_col0,0.0000,0.0000,0.0000,0.0000,-0.00025,0.00000,0.25071,0.25071
13.9200,RELEASE_col0,0.0000,0.0000,0.0000,0.0000,-0.00031,0.00000,0.25071,0.25071
13.9300,RELEASE_col0,0.0000,0.0000,0.0000,0.0000,-0.00037,0.00000,0.25071,0.25071
13.9400,RELEASE_col0,0.0000,0.0000,0.0000,0.0000,-0.00041,0.00000,0.25071,0.25071
13.9500,RELEASE_col0,0.0000,0.0000,0.0000,0.0000,-0.00046,0.00000,0.25071,0.25071
13.9600,RELEASE_col0,0.0000,0.0000,0.0000,0.0000,-0.00050,0.00000,0.25071,0.25071
13.9700,RELEASE_col0,0.0000,0.0000,0.0000,0.0000,-0.00053,0.00000,0.25071,0.25071
13.9800,RELEASE_col0,0.0000,0.0000,0.0000,0.0000,-0.00056,0.00000,0.25071,0.25071
13.9900,RELEASE_col0,0.0000,0.0000,0.0000,0.0000,-0.00059,0.00000,0.25071,0.25071
14.0000,RELEASE_col0,0.0000,0.0000,0.0000,0.0000,-0.00061,0.00000,0.25071,0.25071
14.0100,STATIC_col1_p0,0.0000,0.0000,0.0000,0.0000,-0.00062,0.00000,0.25071,0.25071
14.0200,STATIC_col1_p0,0.0000,0.0000,0.0000,0.0000,-0.00063,0.00000,0.25071,0.25071
14.0300,STATIC_col1_p0,0.0000,0.0000,0.0000,0.0000,-0.00064,0.00000,0.25071,0.25071
14.0400,STATIC_col1_p0,0.0000,0.0000,0.0000,0.0000,-0.00064,0.00000,0.25071,0.25071
14.0500,STATIC_col1_p0,0.0000,0.0000,0.0000,0.0000,-0.00063,0.00000,0.25071,0.25071
14.0600,STATIC_col1_p0,0.0000,0.0000,0.0000,0.0000,-0.00062,0.00000,0.25071,0.25071
14.0700,STATIC_col1_p0,0.0000,0.0000,0.0000,0.0000,-0.00061,0.00000,0.25071,0.25071
14.0800,STATIC_col1_p0,0.0000,0.0000,0.0000,0.0000,-0.00059,0.00000,0.25071,0.25071
14.0900,STATIC_col1_p0,0.0000,0.0000,0.0000,0.0000,-0.00057,0.00000,0.25071,0.25071
14.1000,STATIC_col1_p0,0.0000,0.0000,0.0000,0.0000,-0.00055,0.00000,0.25071,0.25071
14.1100,STATIC_col1_p0,0.0000,0.0000,0.0000,0.0000,-0.00052,0.00000,0.25071,0.25071
14.1200,STATIC_col1_p0,0.0000,0.0000,0.0000,0.0000,-0.00050,0.00000,0.25071,0.25071
14.1300,STATIC_col1_p0,0.0000,0.0000,0.0000,0.0000,-0.00047,0.00000,0.25071,0.25071
14.1400,STATIC_col1_p0,0.0000,0.0000,0.0000,0.0000,-0.00043,0.00000,0.25071,0.25071
14.1500,STATIC_col1_p0,0.0000,0.0000,0.0000,0.0000,-0.00040,0.00000,0.25071,0.25071
14.1600,STATIC_col1_p0,0.0000,0.0000,0.0000,0.0000,-0.00036,0.00000,0.25071,0.25071
14.1700,STATIC_col1_p0,0.0000,0.0000,0.0000,0.0000,-0.00033,0.00000,0.25071,0.25071
14.1800,STATIC_col1_p0,0.0000,0.0000,0.0000,0.0000,-0.00029,0.00000,0.25071,0.25071
14.1900,STATIC_col1_p0,0.0000,0.0000,0.0000,0.0000,-0.00025,0.00000,0.25071,0.25071
14.2000,STATIC_col1_p0,0.0000,0.0000,0.0000,0.0000,-0.00021,0.00000,0.25071,0.25071
14.2100,STATIC_col1_p0,0.0000,0.0000,0.0000,0.0000,-0.00017,0.00000,0.25071,0.25071
14.2200,STATIC_col1_p0,0.0000,0.0000,0.0000,0.0000,-0.00014,0.00000,0.25071,0.25071
14.2300,STATIC_col1_p0,0.0000,0.0000,0.0000,0.0000,-0.00010,0.00000,0.25071,0.25071
14.2400,STATIC_col1_p0,0.0000,0.0000,0.0000,0.0000,-0.00006,0.00000,0.25071,0.25071
14.2500,STATIC_col1_p0,0.0000,0.0000,0.0000,0.0000,-0.00003,0.00000,0.25071,0.25071
14.2600,STATIC_col1_p0,0.0000,0.0000,0.0000,0.0000,0.00001,0.00000,0.25071,0.25071
14.2700,STATIC_col1_p0,0.0000,0.0000,0.0000,0.0000,0.00004,0.00000,0.25071,0.25071
14.2800,STATIC_col1_p0,0.0000,0.0000,0.0000,0.0000,0.00007,0.00000,0.25071,0.25071
14.2900,STATIC_col1_p0,0.0000,0.0000,0.0000,0.0000,0.00010,0.00000,0.25071,0.25071
14.3000,STATIC_col1_p0,0.0000,0.0000,0.0000,0.0000,0.00013,0.00000,0.25071,0.25071
14.3100,STATIC_col1_p0,0.0000,0.0000,0.0000,0.0000,0.00015,0.00000,0.25071,0.25071
14.3200,STATIC_col1_p0,0.0000,0.0000,0.0000,0.0000,0.00018,0.00000,0.25071,0.25071
14.3300,STATIC_col1_p0,0.0000,0.0000,0.0000,0.0000,0.00020,0.00000,0.25071,0.25071
14.3400,STATIC_col1_p0,0.0000,0.0000,0.0000,0.0000,0.00022,0.00000,0.25071,0.25071
14.3500,STATIC_col1_p0,0.0000,0.0000,0.0000,0.0000,0.00023,0.00000,0.25071,0.25071
14.3600,STATIC_col1_p0,0.0000,0.0000,0.0000,0.0000,0.00025,0.00000,0.25071,0.25071
14.3700,STATIC_col1_p0,0.0000,0.0000,0.0000,0.0000,0.00026,0.00000,0.25071,0.25071
14.3800,STATIC_col1_p0,0.0000,0.0000,0.0000,0.0000,0.00027,0.00000,0.25071,0.25071
14.3900,STATIC_col1_p0,0.0000,0.0000,0.0000,0.0000,0.00028,0.00000,0.25071,0.25071
14.4000,STATIC_col1_p0,0.0000,0.0000,0.0000,0.0000,0.00028,0.00000,0.25071,0.25071
14.4100,STATIC_col1_p0,0.0000,0.0000,0.0000,0.0000,0.00029,0.00000,0.25071,0.25071
14.4200,STATIC_col1_p0,0.0000,0.0000,0.0000,0.0000,0.00029,0.00000,0.25071,0.25071
14.4300,STATIC_col1_p0,0.0000,0.0000,0.0000,0.0000,0.00029,0.00000,0.25071,0.25071
14.4400,STATIC_col1_p0,0.0000,0.0000,0.0000,0.0000,0.00028,0.00000,0.25071,0.25071
14.4500,STATIC_col1_p0,0.0000,0.0000,0.0000,0.0000,0.00028,0.00000,0.25071,0.25071
14.4600,STATIC_col1_p0,0.0000,0.0000,0.0000,0.0000,0.00027,0.00000,0.25071,0.25071
14.4700,STATIC_col1_p0,0.0000,0.0000,0.0000,0.0000,0.00026,0.00000,0.25071,0.25071
14.4800,STATIC_col1_p0,0.0000,0.0000,0.0000,0.0000,0.00025,0.00000,0.25071,0.25071
14.4900,STATIC_col1_p0,0.0000,0.0000,0.0000,0.0000,0.00024,0.00000,0.25071,0.25071
14.5000,STATIC_col1_p0,0.0000,0.0000,0.0000,0.0000,0.00023,0.00000,0.25071,0.25071
14.5100,STATIC_col1_p0,0.0000,0.0000,0.0000,0.0000,0.00022,0.00000,0.25071,0.25071
14.5200,STATIC_col1_p0,0.0000,0.0000,0.0000,0.0000,0.00020,0.00000,0.25071,0.25071
14.5300,STATIC_col1_p0,0.0000,0.0000,0.0000,0.0000,0.00019,0.00000,0.25071,0.25071
14.5400,STATIC_col1_p0,0.0000,0.0000,0.0000,0.0000,0.00017,0.00000,0.25071,0.25071
14.5500,STATIC_col1_p0,0.0000,0.0000,0.0000,0.0000,0.00015,0.00000,0.25071,0.25071
14.5600,STATIC_col1_p0,0.0000,0.0000,0.0000,0.0000,0.00014,0.00000,0.25071,0.25071
14.5700,STATIC_col1_p0,0.0000,0.0000,0.0000,0.0000,0.00012,0.00000,0.25071,0.25071
14.5800,STATIC_col1_p0,0.0000,0.0000,0.0000,0.0000,0.00010,0.00000,0.25071,0.25071
14.5900,STATIC_col1_p0,0.0000,0.0000,0.0000,0.0000,0.00009,0.00000,0.25071,0.25071
14.6000,STATIC_col1_p0,0.0000,0.0000,0.0000,0.0000,0.00007,0.00000,0.25071,0.25071
14.6100,STATIC_col1_p0,0.0000,0.0000,0.0000,0.0000,0.00005,0.00000,0.25071,0.25071
14.6200,STATIC_col1_p0,0.0000,0.0000,0.0000,0.0000,0.00004,0.00000,0.25071,0.25071
14.6300,STATIC_col1_p0,0.0000,0.0000,0.0000,0.0000,0.00002,0.00000,0.25071,0.25071
14.6400,STATIC_col1_p0,0.0000,0.0000,0.0000,0.0000,0.00000,0.00000,0.25071,0.25071
14.6500,STATIC_col1_p0,0.0000,0.0000,0.0000,0.0000,-0.00001,0.00000,0.25071,0.25071
14.6600,STATIC_col1_p0,0.0000,0.0000,0.0000,0.0000,-0.00003,0.00000,0.25071,0.25071
14.6700,STATIC_col1_p0,0.0000,0.0000,0.0000,0.0000,-0.00004,0.00000,0.25071,0.25071
14.6800,STATIC_col1_p0,0.0000,0.0000,0.0000,0.0000,-0.00005,0.00000,0.25071,0.25071
14.6900,STATIC_col1_p0,0.0000,0.0000,0.0000,0.0000,-0.00006,0.00000,0.25071,0.25071
14.7000,STATIC_col1_p0,0.0000,0.0000,0.0000,0.0000,-0.00007,0.00000,0.25071,0.25071
14.7100,STATIC_col1_p0,0.0000,0.0000,0.0000,0.0000,-0.00008,0.00000,0.25071,0.25071
14.7200,STATIC_col1_p0,0.0000,0.0000,0.0000,0.0000,-0.00009,0.00000,0.25071,0.25071
14.7300,STATIC_col1_p0,0.0000,0.0000,0.0000,0.0000,-0.00010,0.00000,0.25071,0.25071
14.7400,STATIC_col1_p0,0.0000,0.0000,0.0000,0.0000,-0.00011,0.00000,0.25071,0.25071
14.7500,STATIC_col1_p0,0.0000,0.0000,0.0000,0.0000,-0.00011,0.00000,0.25071,0.25071
14.7600,STATIC_col1_p0,0.0000,0.0000,0.0000,0.0000,-0.00012,0.00000,0.25071,0.25071
14.7700,STATIC_col1_p0,0.0000,0.0000,0.0000,0.0000,-0.00012,0.00000,0.25071,0.25071
14.7800,STATIC_col1_p0,0.0000,0.0000,0.0000,0.0000,-0.00013,0.00000,0.25071,0.25071
14.7900,STATIC_col1_p0,0.0000,0.0000,0.0000,0.0000,-0.00013,0.00000,0.25071,0.25071
14.8000,STATIC_col1_p0,0.0000,0.0000,0.0000,0.0000,-0.00013,0.00000,0.25071,0.25071
14.8100,STATIC_col1_p0,0.0000,0.0000,0.0000,0.0000,-0.00013,0.00000,0.25071,0.25071
14.8200,STATIC_col1_p0,0.0000,0.0000,0.0000,0.0000,-0.00013,0.00000,0.25071,0.25071
14.8300,STATIC_col1_p0,0.0000,0.0000,0.0000,0.0000,-0.00013,0.00000,0.25071,0.25071
14.8400,STATIC_col1_p0,0.0000,0.0000,0.0000,0.0000,-0.00012,0.00000,0.25071,0.25071
14.8500,STATIC_col1_p0,0.0000,0.0000,0.0000,0.0000,-0.00012,0.00000,0.25071,0.25071
14.8600,STATIC_col1_p0,0.0000,0.0000,0.0000,0.0000,-0.00012,0.00000,0.25071,0.25071
14.8700,STATIC_col1_p0,0.0000,0.0000,0.0000,0.0000,-0.00011,0.00000,0.25071,0.25071
14.8800,STATIC_col1_p0,0.0000,0.0000,0.0000,0.0000,-0.00011,0.00000,0.25071,0.25071
14.8900,STATIC_col1_p0,0.0000,0.0000,0.0000,0.0000,-0.00010,0.00000,0.25071,0.25071
14.9000,STATIC_col1_p0,0.0000,0.0000,0.0000,0.0000,-0.00009,0.00000,0.25071,0.25071
14.9100,STATIC_col1_p0,0.0000,0.0000,0.0000,0.0000,-0.00009,0.00000,0.25071,0.25071
14.9200,STATIC_col1_p0,0.0000,0.0000,0.0000,0.0000,-0.00008,0.00000,0.25071,0.25071
14.9300,STATIC_col1_p0,0.0000,0.0000,0.0000,0.0000,-0.00007,0.00000,0.25071,0.25071
14.9400,STATIC_col1_p0,0.0000,0.0000,0.0000,0.0000,-0.00007,0.00000,0.25071,0.25071
14.9500,STATIC_col1_p0,0.0000,0.0000,0.0000,0.0000,-0.00006,0.00000,0.25071,0.25071
14.9600,STATIC_col1_p0,0.0000,0.0000,0.0000,0.0000,-0.00005,0.00000,0.25071,0.25071
14.9700,STATIC_col1_p0,0.0000,0.0000,0.0000,0.0000,-0.00004,0.00000,0.25071,0.25071
14.9800,STATIC_col1_p0,0.0000,0.0000,0.0000,0.0000,-0.00003,0.00000,0.25071,0.25071
14.9900,STATIC_col1_p0,0.0000,0.0000,0.0000,0.0000,-0.00003,0.00000,0.25071,0.25071
15.0000,STATIC_col1_p0,0.0000,0.0000,0.0000,0.0000,-0.00002,0.00000,0.25071,0.25071
15.0100,STATIC_col1_p0,0.0000,0.0000,0.0000,0.0000,-0.00001,0.00000,0.25071,0.25071
15.0200,STATIC_col1_p0,0.0000,0.0000,0.0000,0.0000,-0.00000,0.00000,0.25071,0.25071
15.0300,STATIC_col1_p0,0.0000,0.0000,0.0000,0.0000,0.00000,0.00000,0.25071,0.25071
15.0400,STATIC_col1_p0,0.0000,0.0000,0.0000,0.0000,0.00001,0.00000,0.25071,0.25071
15.0500,STATIC_col1_p0,0.0000,0.0000,0.0000,0.0000,0.00001,0.00000,0.25071,0.25071
15.0600,STATIC_col1_p0,0.0000,0.0000,0.0000,0.0000,0.00002,0.00000,0.25071,0.25071
15.0700,STATIC_col1_p0,0.0000,0.0000,0.0000,0.0000,0.00003,0.00000,0.25071,0.25071
15.0800,STATIC_col1_p0,0.0000,0.0000,0.0000,0.0000,0.00003,0.00000,0.25071,0.25071
15.0900,STATIC_col1_p0,0.0000,0.0000,0.0000,0.0000,0.00004,0.00000,0.25071,0.25071
15.1000,STATIC_col1_p0,0.0000,0.0000,0.0000,0.0000,0.00004,0.00000,0.25071,0.25071
15.1100,STATIC_col1_p0,0.0000,0.0000,0.0000,0.0000,0.00004,0.00000,0.25071,0.25071
15.1200,STATIC_col1_p0,0.0000,0.0000,0.0000,0.0000,0.00005,0.00000,0.25071,0.25071
15.1300,STATIC_col1_p0,0.0000,0.0000,0.0000,0.0000,0.00005,0.00000,0.25071,0.25071
15.1400,STATIC_col1_p0,0.0000,0.0000,0.0000,0.0000,0.00005,0.00000,0.25071,0.25071
15.1500,STATIC_col1_p0,0.0000,0.0000,0.0000,0.0000,0.00005,0.00000,0.25071,0.25071
15.1600,STATIC_col1_p0,0.0000,0.0000,0.0000,0.0000,0.00006,0.00000,0.25071,0.25071
15.1700,STATIC_col1_p0,0.0000,0.0000,0.0000,0.0000,0.00006,0.00000,0.25071,0.25071
15.1800,STATIC_col1_p0,0.0000,0.0000,0.0000,0.0000,0.00006,0.00000,0.25071,0.25071
15.1900,STATIC_col1_p0,0.0000,0.0000,0.0000,0.0000,0.00006,0.00000,0.25071,0.25071
15.2000,STATIC_col1_p0,0.0000,0.0000,0.0000,0.0000,0.00006,0.00000,0.25071,0.25071
15.2100,STATIC_col1_p0,0.0000,0.0000,0.0000,0.0000,0.00006,0.00000,0.25071,0.25071
15.2200,STATIC_col1_p0,0.0000,0.0000,0.0000,0.0000,0.00006,0.00000,0.25071,0.25071
15.2300,STATIC_col1_p0,0.0000,0.0000,0.0000,0.0000,0.00005,0.00000,0.25071,0.25071
15.2400,STATIC_col1_p0,0.0000,0.0000,0.0000,0.0000,0.00005,0.00000,0.25071,0.25071
15.2500,STATIC_col1_p0,0.0000,0.0000,0.0000,0.0000,0.00005,0.00000,0.25071,0.25071
15.2600,STATIC_col1_p0,0.0000,0.0000,0.0000,0.0000,0.00005,0.00000,0.25071,0.25071
15.2700,STATIC_col1_p0,0.0000,0.0000,0.0000,0.0000,0.00005,0.00000,0.25071,0.25071
15.2800,STATIC_col1_p0,0.0000,0.0000,0.0000,0.0000,0.00004,0.00000,0.25071,0.25071
15.2900,STATIC_col1_p0,0.0000,0.0000,0.0000,0.0000,0.00004,0.00000,0.25071,0.25071
15.3000,STATIC_col1_p0,0.0000,0.0000,0.0000,0.0000,0.00004,0.00000,0.25071,0.25071
15.3100,STATIC_col1_p0,0.0000,0.0000,0.0000,0.0000,0.00003,0.00000,0.25071,0.25071
15.3200,STATIC_col1_p0,0.0000,0.0000,0.0000,0.0000,0.00003,0.00000,0.25071,0.25071
15.3300,STATIC_col1_p0,0.0000,0.0000,0.0000,0.0000,0.00003,0.00000,0.25071,0.25071
15.3400,STATIC_col1_p0,0.0000,0.0000,0.0000,0.0000,0.00002,0.00000,0.25071,0.25071
15.3500,STATIC_col1_p0,0.0000,0.0000,0.0000,0.0000,0.00002,0.00000,0.25071,0.25071
15.3600,STATIC_col1_p0,0.0000,0.0000,0.0000,0.0000,0.00002,0.00000,0.25071,0.25071
15.3700,STATIC_col1_p0,0.0000,0.0000,0.0000,0.0000,0.00001,0.00000,0.25071,0.25071
15.3800,STATIC_col1_p0,0.0000,0.0000,0.0000,0.0000,0.00001,0.00000,0.25071,0.25071
15.3900,STATIC_col1_p0,0.0000,0.0000,0.0000,0.0000,0.00001,0.00000,0.25071,0.25071
15.4000,STATIC_col1_p0,0.0000,0.0000,0.0000,0.0000,0.00000,0.00000,0.25071,0.25071
15.4100,STATIC_col1_p0,0.0000,0.0000,0.0000,0.0000,0.00000,0.00000,0.25071,0.25071
15.4200,STATIC_col1_p0,0.0000,0.0000,0.0000,0.0000,-0.00000,0.00000,0.25071,0.25071
15.4300,STATIC_col1_p0,0.0000,0.0000,0.0000,0.0000,-0.00001,0.00000,0.25071,0.25071
15.4400,STATIC_col1_p0,0.0000,0.0000,0.0000,0.0000,-0.00001,0.00000,0.25071,0.25071
15.4500,STATIC_col1_p0,0.0000,0.0000,0.0000,0.0000,-0.00001,0.00000,0.25071,0.25071
15.4600,STATIC_col1_p0,0.0000,0.0000,0.0000,0.0000,-0.00001,0.00000,0.25071,0.25071
15.4700,STATIC_col1_p0,0.0000,0.0000,0.0000,0.0000,-0.00002,0.00000,0.25071,0.25071
15.4800,STATIC_col1_p0,0.0000,0.0000,0.0000,0.0000,-0.00002,0.00000,0.25071,0.25071
15.4900,STATIC_col1_p0,0.0000,0.0000,0.0000,0.0000,-0.00002,0.00000,0.25071,0.25071
15.5000,STATIC_col1_p0,0.0000,0.0000,0.0000,0.0000,-0.00002,0.00000,0.25071,0.25071
15.5100,STATIC_col1_p0,0.0000,0.0000,0.0000,0.0000,-0.00002,0.00000,0.25071,0.25071
15.5200,STATIC_col1_p0,0.0000,0.0000,0.0000,0.0000,-0.00002,0.00000,0.25071,0.25071
15.5300,STATIC_col1_p0,0.0000,0.0000,0.0000,0.0000,-0.00002,0.00000,0.25071,0.25071
15.5400,STATIC_col1_p0,0.0000,0.0000,0.0000,0.0000,-0.00002,0.00000,0.25071,0.25071
15.5500,STATIC_col1_p0,0.0000,0.0000,0.0000,0.0000,-0.00003,0.00000,0.25071,0.25071
15.5600,STATIC_col1_p0,0.0000,0.0000,0.0000,0.0000,-0.00003,0.00000,0.25071,0.25071
15.5700,STATIC_col1_p0,0.0000,0.0000,0.0000,0.0000,-0.00003,0.00000,0.25071,0.25071
15.5800,STATIC_col1_p0,0.0000,0.0000,0.0000,0.0000,-0.00003,0.00000,0.25071,0.25071
15.5900,STATIC_col1_p0,0.0000,0.0000,0.0000,0.0000,-0.00003,0.00000,0.25071,0.25071
15.6000,STATIC_col1_p0,0.0000,0.0000,0.0000,0.0000,-0.00003,0.00000,0.25071,0.25071
15.6100,STATIC_col1_p0,0.0000,0.0000,0.0000,0.0000,-0.00002,0.00000,0.25071,0.25071
15.6200,STATIC_col1_p0,0.0000,0.0000,0.0000,0.0000,-0.00002,0.00000,0.25071,0.25071
15.6300,STATIC_col1_p0,0.0000,0.0000,0.0000,0.0000,-0.00002,0.00000,0.25071,0.25071
15.6400,STATIC_col1_p0,0.0000,0.0000,0.0000,0.0000,-0.00002,0.00000,0.25071,0.25071
15.6500,STATIC_col1_p0,0.0000,0.0000,0.0000,0.0000,-0.00002,0.00000,0.25071,0.25071
15.6600,STATIC_col1_p0,0.0000,0.0000,0.0000,0.0000,-0.00002,0.00000,0.25071,0.25071
15.6700,STATIC_col1_p0,0.0000,0.0000,0.0000,0.0000,-0.00002,0.00000,0.25071,0.25071
15.6800,STATIC_col1_p0,0.0000,0.0000,0.0000,0.0000,-0.00002,0.00000,0.25071,0.25071
15.6900,STATIC_col1_p0,0.0000,0.0000,0.0000,0.0000,-0.00002,0.00000,0.25071,0.25071
15.7000,STATIC_col1_p0,0.0000,0.0000,0.0000,0.0000,-0.00001,0.00000,0.25071,0.25071
15.7100,STATIC_col1_p0,0.0000,0.0000,0.0000,0.0000,-0.00001,0.00000,0.25071,0.25071
15.7200,STATIC_col1_p0,0.0000,0.0000,0.0000,0.0000,-0.00001,0.00000,0.25071,0.25071
15.7300,STATIC_col1_p0,0.0000,0.0000,0.0000,0.0000,-0.00001,0.00000,0.25071,0.25071
15.7400,STATIC_col1_p0,0.0000,0.0000,0.0000,0.0000,-0.00001,0.00000,0.25071,0.25071
15.7500,STATIC_col1_p0,0.0000,0.0000,0.0000,0.0000,-0.00001,0.00000,0.25071,0.25071
15.7600,STATIC_col1_p0,0.0000,0.0000,0.0000,0.0000,-0.00001,0.00000,0.25071,0.25071
15.7700,STATIC_col1_p0,0.0000,0.0000,0.0000,0.0000,-0.00000,0.00000,0.25071,0.25071
15.7800,STATIC_col1_p0,0.0000,0.0000,0.0000,0.0000,-0.00000,0.00000,0.25071,0.25071
15.7900,STATIC_col1_p0,0.0000,0.0000,0.0000,0.0000,-0.00000,0.00000,0.25071,0.25071
15.8000,STATIC_col1_p0,0.0000,0.0000,0.0000,0.0000,0.00000,0.00000,0.25071,0.25071
15.8100,STATIC_col1_p0,0.0000,0.0000,0.0000,0.0000,0.00000,0.00000,0.25071,0.25071
15.8200,STATIC_col1_p0,0.0000,0.0000,0.0000,0.0000,0.00000,0.00000,0.25071,0.25071
15.8300,STATIC_col1_p0,0.0000,0.0000,0.0000,0.0000,0.00000,0.00000,0.25071,0.25071
15.8400,STATIC_col1_p0,0.0000,0.0000,0.0000,0.0000,0.00001,0.00000,0.25071,0.25071
15.8500,STATIC_col1_p0,0.0000,0.0000,0.0000,0.0000,0.00001,0.00000,0.25071,0.25071
15.8600,STATIC_col1_p0,0.0000,0.0000,0.0000,0.0000,0.00001,0.00000,0.25071,0.25071
15.8700,STATIC_col1_p0,0.0000,0.0000,0.0000,0.0000,0.00001,0.00000,0.25071,0.25071
15.8800,STATIC_col1_p0,0.0000,0.0000,0.0000,0.0000,0.00001,0.00000,0.25071,0.25071
15.8900,STATIC_col1_p0,0.0000,0.0000,0.0000,0.0000,0.00001,0.00000,0.25071,0.25071
15.9000,STATIC_col1_p0,0.0000,0.0000,0.0000,0.0000,0.00001,0.00000,0.25071,0.25071
15.9100,STATIC_col1_p0,0.0000,0.0000,0.0000,0.0000,0.00001,0.00000,0.25071,0.25071
15.9200,STATIC_col1_p0,0.0000,0.0000,0.0000,0.0000,0.00001,0.00000,0.25071,0.25071
15.9300,STATIC_col1_p0,0.0000,0.0000,0.0000,0.0000,0.00001,0.00000,0.25071,0.25071
15.9400,STATIC_col1_p0,0.0000,0.0000,0.0000,0.0000,0.00001,0.00000,0.25071,0.25071
15.9500,STATIC_col1_p0,0.0000,0.0000,0.0000,0.0000,0.00001,0.00000,0.25071,0.25071
15.9600,STATIC_col1_p0,0.0000,0.0000,0.0000,0.0000,0.00001,0.00000,0.25071,0.25071
15.9700,STATIC_col1_p0,0.0000,0.0000,0.0000,0.0000,0.00001,0.00000,0.25071,0.25071
15.9800,STATIC_col1_p0,0.0000,0.0000,0.0000,0.0000,0.00001,0.00000,0.25071,0.25071
15.9900,STATIC_col1_p0,0.0000,0.0000,0.0000,0.0000,0.00001,0.00000,0.25071,0.25071
16.0000,STATIC_col1_p0,0.0000,0.0000,0.0000,0.0000,0.00001,0.00000,0.25071,0.25071
16.0100,STATIC_col1_p0,0.0000,0.0000,0.0000,0.0000,0.00001,0.00000,0.25071,0.25071
16.0200,STATIC_col1_p0,0.0000,0.0000,0.0000,0.0000,0.00001,0.00000,0.25071,0.25071
16.0300,STATIC_col1_p0,0.0000,0.0000,0.0000,0.0000,0.00001,0.00000,0.25071,0.25071
16.0400,STATIC_col1_p0,0.0000,0.0000,0.0000,0.0000,0.00001,0.00000,0.25071,0.25071
16.0500,STATIC_col1_p0,0.0000,0.0000,0.0000,0.0000,0.00001,0.00000,0.25071,0.25071
16.0600,STATIC_col1_p0,0.0000,0.0000,0.0000,0.0000,0.00001,0.00000,0.25071,0.25071
16.0700,STATIC_col1_p0,0.0000,0.0000,0.0000,0.0000,0.00001,0.00000,0.25071,0.25071
16.0800,STATIC_col1_p0,0.0000,0.0000,0.0000,0.0000,0.00001,0.00000,0.25071,0.25071
16.0900,STATIC_col1_p0,0.0000,0.0000,0.0000,0.0000,0.00001,0.00000,0.25071,0.25071
16.1000,STATIC_col1_p0,0.0000,0.0000,0.0000,0.0000,0.00001,0.00000,0.25071,0.25071
16.1100,STATIC_col1_p0,0.0000,0.0000,0.0000,0.0000,0.00000,0.00000,0.25071,0.25071
16.1200,STATIC_col1_p0,0.0000,0.0000,0.0000,0.0000,0.00000,0.00000,0.25071,0.25071
16.1300,STATIC_col1_p0,0.0000,0.0000,0.0000,0.0000,0.00000,0.00000,0.25071,0.25071
16.1400,STATIC_col1_p0,0.0000,0.0000,0.0000,0.0000,0.00000,0.00000,0.25071,0.25071
16.1500,STATIC_col1_p0,0.0000,0.0000,0.0000,0.0000,0.00000,0.00000,0.25071,0.25071
16.1600,STATIC_col1_p0,0.0000,0.0000,0.0000,0.0000,0.00000,0.00000,0.25071,0.25071
16.1700,STATIC_col1_p0,0.0000,0.0000,0.0000,0.0000,0.00000,0.00000,0.25071,0.25071
16.1800,STATIC_col1_p0,0.0000,0.0000,0.0000,0.0000,0.00000,0.00000,0.25071,0.25071
16.1900,STATIC_col1_p0,0.0000,0.0000,0.0000,0.0000,-0.00000,0.00000,0.25071,0.25071
16.2000,STATIC_col1_p0,0.0000,0.0000,0.0000,0.0000,-0.00000,0.00000,0.25071,0.25071
16.2100,STATIC_col1_p0,0.0000,0.0000,0.0000,0.0000,-0.00000,0.00000,0.25071,0.25071
16.2200,STATIC_col1_p0,0.0000,0.0000,0.0000,0.0000,-0.00000,0.00000,0.25071,0.25071
16.2300,STATIC_col1_p0,0.0000,0.0000,0.0000,0.0000,-0.00000,0.00000,0.25071,0.25071
16.2400,STATIC_col1_p0,0.0000,0.0000,0.0000,0.0000,-0.00000,0.00000,0.25071,0.25071
16.2500,STATIC_col1_p0,0.0000,0.0000,0.0000,0.0000,-0.00000,0.00000,0.25071,0.25071
16.2600,STATIC_col1_p0,0.0000,0.0000,0.0000,0.0000,-0.00000,0.00000,0.25071,0.25071
16.2700,STATIC_col1_p0,0.0000,0.0000,0.0000,0.0000,-0.00000,0.00000,0.25071,0.25071
16.2800,STATIC_col1_p0,0.0000,0.0000,0.0000,0.0000,-0.00000,0.00000,0.25071,0.25071
16.2900,STATIC_col1_p0,0.0000,0.0000,0.0000,0.0000,-0.00000,0.00000,0.25071,0.25071
16.3000,STATIC_col1_p0,0.0000,0.0000,0.0000,0.0000,-0.00000,0.00000,0.25071,0.25071
16.3100,STATIC_col1_p0,0.0000,0.0000,0.0000,0.0000,-0.00001,0.00000,0.25071,0.25071
16.3200,STATIC_col1_p0,0.0000,0.0000,0.0000,0.0000,-0.00001,0.00000,0.25071,0.25071
16.3300,STATIC_col1_p0,0.0000,0.0000,0.0000,0.0000,-0.00001,0.00000,0.25071,0.25071
16.3400,STATIC_col1_p0,0.0000,0.0000,0.0000,0.0000,-0.00001,0.00000,0.25071,0.25071
16.3500,STATIC_col1_p0,0.0000,0.0000,0.0000,0.0000,-0.00001,0.00000,0.25071,0.25071
16.3600,STATIC_col1_p0,0.0000,0.0000,0.0000,0.0000,-0.00001,0.00000,0.25071,0.25071
16.3700,STATIC_col1_p0,0.0000,0.0000,0.0000,0.0000,-0.00001,0.00000,0.25071,0.25071
16.3800,STATIC_col1_p0,0.0000,0.0000,0.0000,0.0000,-0.00001,0.00000,0.25071,0.25071
16.3900,STATIC_col1_p0,0.0000,0.0000,0.0000,0.0000,-0.00000,0.00000,0.25071,0.25071
16.4000,STATIC_col1_p0,0.0000,0.0000,0.0000,0.0000,-0.00000,0.00000,0.25071,0.25071
16.4100,STATIC_col1_p0,0.0000,0.0000,0.0000,0.0000,-0.00000,0.00000,0.25071,0.25071
16.4200,STATIC_col1_p0,0.0000,0.0000,0.0000,0.0000,-0.00000,0.00000,0.25071,0.25071
16.4300,STATIC_col1_p0,0.0000,0.0000,0.0000,0.0000,-0.00000,0.00000,0.25071,0.25071
16.4400,STATIC_col1_p0,0.0000,0.0000,0.0000,0.0000,-0.00000,0.00000,0.25071,0.25071
16.4500,STATIC_col1_p0,0.0000,0.0000,0.0000,0.0000,-0.00000,0.00000,0.25071,0.25071
16.4600,STATIC_col1_p0,0.0000,0.0000,0.0000,0.0000,-0.00000,0.00000,0.25071,0.25071
16.4700,STATIC_col1_p0,0.0000,0.0000,0.0000,0.0000,-0.00000,0.00000,0.25071,0.25071
16.4800,STATIC_col1_p0,0.0000,0.0000,0.0000,0.0000,-0.00000,0.00000,0.25071,0.25071
16.4900,STATIC_col1_p0,0.0000,0.0000,0.0000,0.0000,-0.00000,0.00000,0.25071,0.25071
16.5000,STATIC_col1_p0,0.0000,0.0000,0.0000,0.0000,-0.00000,0.00000,0.25071,0.25071
16.5100,STATIC_col1_p0,0.0000,0.0000,0.0000,0.0000,-0.00000,0.00000,0.25071,0.25071
16.5200,STATIC_col1_p0,0.0000,0.0000,0.0000,0.0000,-0.00000,0.00000,0.25071,0.25071
16.5300,STATIC_col1_p0,0.0000,0.0000,0.0000,0.0000,-0.00000,0.00000,0.25071,0.25071
16.5400,STATIC_col1_p0,0.0000,0.0000,0.0000,0.0000,-0.00000,0.00000,0.25071,0.25071
16.5500,STATIC_col1_p0,0.0000,0.0000,0.0000,0.0000,-0.00000,0.00000,0.25071,0.25071
16.5600,STATIC_col1_p0,0.0000,0.0000,0.0000,0.0000,-0.00000,0.00000,0.25071,0.25071
16.5700,STATIC_col1_p0,0.0000,0.0000,0.0000,0.0000,0.00000,0.00000,0.25071,0.25071
16.5800,STATIC_col1_p0,0.0000,0.0000,0.0000,0.0000,0.00000,0.00000,0.25071,0.25071
16.5900,STATIC_col1_p0,0.0000,0.0000,0.0000,0.0000,0.00000,0.00000,0.25071,0.25071
16.6000,STATIC_col1_p0,0.0000,0.0000,0.0000,0.0000,0.00000,0.00000,0.25071,0.25071
16.6100,STATIC_col1_p0,0.0000,0.0000,0.0000,0.0000,0.00000,0.00000,0.25071,0.25071
16.6200,STATIC_col1_p0,0.0000,0.0000,0.0000,0.0000,0.00000,0.00000,0.25071,0.25071
16.6300,STATIC_col1_p0,0.0000,0.0000,0.0000,0.0000,0.00000,0.00000,0.25071,0.25071
16.6400,STATIC_col1_p0,0.0000,0.0000,0.0000,0.0000,0.00000,0.00000,0.25071,0.25071
16.6500,STATIC_col1_p0,0.0000,0.0000,0.0000,0.0000,0.00000,0.00000,0.25071,0.25071
16.6600,STATIC_col1_p0,0.0000,0.0000,0.0000,0.0000,0.00000,0.00000,0.25071,0.25071
16.6700,STATIC_col1_p0,0.0000,0.0000,0.0000,0.0000,0.00000,0.00000,0.25071,0.25071
16.6800,STATIC_col1_p0,0.0000,0.0000,0.0000,0.0000,0.00000,0.00000,0.25071,0.25071
16.6900,STATIC_col1_p0,0.0000,0.0000,0.0000,0.0000,0.00000,0.00000,0.25071,0.25071
16.7000,STATIC_col1_p0,0.0000,0.0000,0.0000,0.0000,0.00000,0.00000,0.25071,0.25071
16.7100,STATIC_col1_p0,0.0000,0.0000,0.0000,0.0000,0.00000,0.00000,0.25071,0.25071
16.7200,STATIC_col1_p0,0.0000,0.0000,0.0000,0.0000,0.00000,0.00000,0.25071,0.25071
16.7300,STATIC_col1_p0,0.0000,0.0000,0.0000,0.0000,0.00000,0.00000,0.25071,0.25071
16.7400,STATIC_col1_p0,0.0000,0.0000,0.0000,0.0000,0.00000,0.00000,0.25071,0.25071
16.7500,STATIC_col1_p0,0.0000,0.0000,0.0000,0.0000,0.00000,0.00000,0.25071,0.25071
16.7600,STATIC_col1_p0,0.0000,0.0000,0.0000,0.0000,0.00000,0.00000,0.25071,0.25071
16.7700,STATIC_col1_p0,0.0000,0.0000,0.0000,0.0000,0.00000,0.00000,0.25071,0.25071
16.7800,STATIC_col1_p0,0.0000,0.0000,0.0000,0.0000,0.00000,0.00000,0.25071,0.25071
16.7900,STATIC_col1_p0,0.0000,0.0000,0.0000,0.0000,0.00000,0.00000,0.25071,0.25071
16.8000,STATIC_col1_p0,0.0000,0.0000,0.0000,0.0000,0.00000,0.00000,0.25071,0.25071
16.8100,STATIC_col1_p0,0.0000,0.0000,0.0000,0.0000,0.00000,0.00000,0.25071,0.25071
16.8200,STATIC_col1_p0,0.0000,0.0000,0.0000,0.0000,0.00000,0.00000,0.25071,0.25071
16.8300,STATIC_col1_p0,0.0000,0.0000,0.0000,0.0000,0.00000,0.00000,0.25071,0.25071
16.8400,STATIC_col1_p0,0.0000,0.0000,0.0000,0.0000,0.00000,0.00000,0.25071,0.25071
16.8500,STATIC_col1_p0,0.0000,0.0000,0.0000,0.0000,0.00000,0.00000,0.25071,0.25071
16.8600,STATIC_col1_p0,0.0000,0.0000,0.0000,0.0000,0.00000,0.00000,0.25071,0.25071
16.8700,STATIC_col1_p0,0.0000,0.0000,0.0000,0.0000,0.00000,0.00000,0.25071,0.25071
16.8800,STATIC_col1_p0,0.0000,0.0000,0.0000,0.0000,0.00000,0.00000,0.25071,0.25071
16.8900,STATIC_col1_p0,0.0000,0.0000,0.0000,0.0000,0.00000,0.00000,0.25071,0.25071
16.9000,STATIC_col1_p0,0.0000,0.0000,0.0000,0.0000,0.00000,0.00000,0.25071,0.25071
16.9100,STATIC_col1_p0,0.0000,0.0000,0.0000,0.0000,0.00000,0.00000,0.25071,0.25071
16.9200,STATIC_col1_p0,0.0000,0.0000,0.0000,0.0000,0.00000,0.00000,0.25071,0.25071
16.9300,STATIC_col1_p0,0.0000,0.0000,0.0000,0.0000,0.00000,0.00000,0.25071,0.25071
16.9400,STATIC_col1_p0,0.0000,0.0000,0.0000,0.0000,0.00000,0.00000,0.25071,0.25071
16.9500,STATIC_col1_p0,0.0000,0.0000,0.0000,0.0000,0.00000,0.00000,0.25071,0.25071
16.9600,STATIC_col1_p0,0.0000,0.0000,0.0000,0.0000,-0.00000,0.00000,0.25071,0.25071
16.9700,STATIC_col1_p0,0.0000,0.0000,0.0000,0.0000,-0.00000,0.00000,0.25071,0.25071
16.9800,STATIC_col1_p0,0.0000,0.0000,0.0000,0.0000,-0.00000,0.00000,0.25071,0.25071
16.9900,STATIC_col1_p0,0.0000,0.0000,0.0000,0.0000,-0.00000,0.00000,0.25071,0.25071
17.0000,STATIC_col1_p0,0.0000,0.0000,0.0000,0.0000,-0.00000,0.00000,0.25071,0.25071
17.0100,STATIC_col1_p3,0.0000,3.0000,0.0000,0.0000,-0.00000,0.00000,0.25071,0.25071
17.0200,STATIC_col1_p3,0.0000,3.0000,0.0000,0.0000,-0.00000,0.00003,0.25071,0.25071
17.0300,STATIC_col1_p3,0.0000,3.0000,0.0000,0.0000,-0.00000,0.00008,0.25070,0.25070
17.0400,STATIC_col1_p3,0.0000,3.0000,0.0000,0.0000,-0.00000,0.00017,0.25069,0.25069
17.0500,STATIC_col1_p3,0.0000,3.0000,0.0000,0.0000,-0.00000,0.00030,0.25067,0.25067
17.0600,STATIC_col1_p3,0.0000,3.0000,0.0000,0.0000,-0.00000,0.00048,0.25065,0.25065
17.0700,STATIC_col1_p3,0.0000,3.0000,0.0000,0.0000,-0.00000,0.00071,0.25063,0.25063
17.0800,STATIC_col1_p3,0.0000,3.0000,0.0000,0.0000,-0.00000,0.00099,0.25060,0.25060
17.0900,STATIC_col1_p3,0.0000,3.0000,0.0000,0.0000,-0.00000,0.00132,0.25057,0.25058
17.1000,STATIC_col1_p3,0.0000,3.0000,0.0000,0.0000,-0.00000,0.00171,0.25055,0.25055
17.1100,STATIC_col1_p3,0.0000,3.0000,0.0000,0.0000,-0.00000,0.00215,0.25052,0.25053
17.1200,STATIC_col1_p3,0.0000,3.0000,0.0000,0.0000,-0.00000,0.00264,0.25050,0.25051
17.1300,STATIC_col1_p3,0.0000,3.0000,0.0000,0.0000,-0.00000,0.00319,0.25048,0.25050
17.1400,STATIC_col1_p3,0.0000,3.0000,0.0000,0.0000,-0.00000,0.00378,0.25047,0.25050
17.1500,STATIC_col1_p3,0.0000,3.0000,0.0000,0.0000,-0.00000,0.00442,0.25046,0.25050
17.1600,STATIC_col1_p3,0.0000,3.0000,0.0000,0.0000,-0.00000,0.00510,0.25045,0.25051
17.1700,STATIC_col1_p3,0.0000,3.0000,0.0000,0.0000,-0.00000,0.00583,0.25046,0.25053
17.1800,STATIC_col1_p3,0.0000,3.0000,0.0000,0.0000,-0.00000,0.00659,0.25047,0.25055
17.1900,STATIC_col1_p3,0.0000,3.0000,0.0000,0.0000,-0.00000,0.00738,0.25048,0.25059
17.2000,STATIC_col1_p3,0.0000,3.0000,0.0000,0.0000,-0.00000,0.00820,0.25051,0.25064
17.2100,STATIC_col1_p3,0.0000,3.0000,0.0000,0.0000,-0.00000,0.00904,0.25054,0.25070
17.2200,STATIC_col1_p3,0.0000,3.0000,0.0000,0.0000,-0.00000,0.00990,0.25057,0.25077
17.2300,STATIC_col1_p3,0.0000,3.0000,0.0000,0.0000,-0.00000,0.01077,0.25061,0.25084
17.2400,STATIC_col1_p3,0.0000,3.0000,0.0000,0.0000,-0.00000,0.01166,0.25066,0.25093
17.2500,STATIC_col1_p3,0.0000,3.0000,0.0000,0.0000,-0.00000,0.01254,0.25071,0.25103
17.2600,STATIC_col1_p3,0.0000,3.0000,0.0000,0.0000,-0.00000,0.01343,0.25077,0.25113
17.2700,STATIC_col1_p3,0.0000,3.0000,0.0000,0.0000,-0.00000,0.01431,0.25083,0.25124
17.2800,STATIC_col1_p3,0.0000,3.0000,0.0000,0.0000,-0.00000,0.01518,0.25090,0.25136
17.2900,STATIC_col1_p3,0.0000,3.0000,0.0000,0.0000,-0.00000,0.01604,0.25097,0.25148
17.3000,STATIC_col1_p3,0.0000,3.0000,0.0000,0.0000,-0.00000,0.01688,0.25105,0.25161
17.3100,STATIC_col1_p3,0.0000,3.0000,0.0000,0.0000,-0.00000,0.01770,0.25112,0.25174
17.3200,STATIC_col1_p3,0.0000,3.0000,0.0000,0.0000,-0.00000,0.01849,0.25120,0.25188
17.3300,STATIC_col1_p3,0.0000,3.0000,0.0000,0.0000,-0.00000,0.01925,0.25128,0.25201
17.3400,STATIC_col1_p3,0.0000,3.0000,0.0000,0.0000,0.00000,0.01998,0.25135,0.25215
17.3500,STATIC_col1_p3,0.0000,3.0000,0.0000,0.0000,0.00000,0.02068,0.25143,0.25228
17.3600,STATIC_col1_p3,0.0000,3.0000,0.0000,0.0000,0.00000,0.02133,0.25151,0.25241
17.3700,STATIC_col1_p3,0.0000,3.0000,0.0000,0.0000,0.00000,0.02195,0.25158,0.25254
17.3800,STATIC_col1_p3,0.0000,3.0000,0.0000,0.0000,0.00000,0.02253,0.25165,0.25266
17.3900,STATIC_col1_p3,0.0000,3.0000,0.0000,0.0000,0.00000,0.02306,0.25172,0.25277
17.4000,STATIC_col1_p3,0.0000,3.0000,0.0000,0.0000,0.00000,0.02354,0.25178,0.25288
17.4100,STATIC_col1_p3,0.0000,3.0000,0.0000,0.0000,0.00000,0.02398,0.25184,0.25298
17.4200,STATIC_col1_p3,0.0000,3.0000,0.0000,0.0000,0.00000,0.02438,0.25190,0.25307
17.4300,STATIC_col1_p3,0.0000,3.0000,0.0000,0.0000,0.00000,0.02472,0.25195,0.25316
17.4400,STATIC_col1_p3,0.0000,3.0000,0.0000,0.0000,0.00000,0.02502,0.25199,0.25323
17.4500,STATIC_col1_p3,0.0000,3.0000,0.0000,0.0000,0.00000,0.02528,0.25203,0.25329
17.4600,STATIC_col1_p3,0.0000,3.0000,0.0000,0.0000,0.00000,0.02549,0.25206,0.25335
17.4700,STATIC_col1_p3,0.0000,3.0000,0.0000,0.0000,0.00000,0.02565,0.25209,0.25339
17.4800,STATIC_col1_p3,0.0000,3.0000,0.0000,0.0000,0.00000,0.02577,0.25211,0.25342
17.4900,STATIC_col1_p3,0.0000,3.0000,0.0000,0.0000,0.00000,0.02584,0.25212,0.25345
17.5000,STATIC_col1_p3,0.0000,3.0000,0.0000,0.0000,0.00000,0.02588,0.25213,0.25346
17.5100,STATIC_col1_p3,0.0000,3.0000,0.0000,0.0000,0.00000,0.02587,0.25214,0.25346
17.5200,STATIC_col1_p3,0.0000,3.0000,0.0000,0.0000,0.00000,0.02583,0.25213,0.25345
17.5300,STATIC_col1_p3,0.0000,3.0000,0.0000,0.0000,0.00000,0.02575,0.25213,0.25344
17.5400,STATIC_col1_p3,0.0000,3.0000,0.0000,0.0000,0.00000,0.02564,0.25212,0.25342
17.5500,STATIC_col1_p3,0.0000,3.0000,0.0000,0.0000,0.00000,0.02550,0.25210,0.25339
17.5600,STATIC_col1_p3,0.0000,3.0000,0.0000,0.0000,0.00000,0.02533,0.25208,0.25335
17.5700,STATIC_col1_p3,0.0000,3.0000,0.0000,0.0000,0.00000,0.02513,0.25206,0.25330
17.5800,STATIC_col1_p3,0.0000,3.0000,0.0000,0.0000,0.00000,0.02491,0.25203,0.25326
17.5900,STATIC_col1_p3,0.0000,3.0000,0.0000,0.0000,0.00000,0.02467,0.25200,0.25320
17.6000,STATIC_col1_p3,0.0000,3.0000,0.0000,0.0000,0.00000,0.02441,0.25197,0.25315
17.6100,STATIC_col1_p3,0.0000,3.0000,0.0000,0.0000,0.00000,0.02414,0.25193,0.25309
17.6200,STATIC_col1_p3,0.0000,3.0000,0.0000,0.0000,0.00000,0.02385,0.25190,0.25303
17.6300,STATIC_col1_p3,0.0000,3.0000,0.0000,0.0000,0.00000,0.02355,0.25186,0.25296
17.6400,STATIC_col1_p3,0.0000,3.0000,0.0000,0.0000,0.00000,0.02325,0.25183,0.25290
17.6500,STATIC_col1_p3,0.0000,3.0000,0.0000,0.0000,0.00000,0.02293,0.25179,0.25283
17.6600,STATIC_col1_p3,0.0000,3.0000,0.0000,0.0000,0.00000,0.02262,0.25176,0.25277
17.6700,STATIC_col1_p3,0.0000,3.0000,0.0000,0.0000,0.00000,0.02231,0.25172,0.25271
17.6800,STATIC_col1_p3,0.0000,3.0000,0.0000,0.0000,0.00000,0.02200,0.25169,0.25264
17.6900,STATIC_col1_p3,0.0000,3.0000,0.0000,0.0000,0.00000,0.02169,0.25165,0.25258
17.7000,STATIC_col1_p3,0.0000,3.0000,0.0000,0.0000,0.00000,0.02139,0.25162,0.25253
17.7100,STATIC_col1_p3,0.0000,3.0000,0.0000,0.0000,0.00000,0.02109,0.25159,0.25247
17.7200,STATIC_col1_p3,0.0000,3.0000,0.0000,0.0000,-0.00000,0.02081,0.25156,0.25242
17.7300,STATIC_col1_p3,0.0000,3.0000,0.0000,0.0000,-0.00000,0.02054,0.25153,0.25237
17.7400,STATIC_col1_p3,0.0000,3.0000,0.0000,0.0000,-0.00000,0.02028,0.25150,0.25232
17.7500,STATIC_col1_p3,0.0000,3.0000,0.0000,0.0000,-0.00000,0.02004,0.25148,0.25228
17.7600,STATIC_col1_p3,0.0000,3.0000,0.0000,0.0000,-0.00000,0.01981,0.25146,0.25224
17.7700,STATIC_col1_p3,0.0000,3.0000,0.0000,0.0000,-0.00000,0.01959,0.25144,0.25220
17.7800,STATIC_col1_p3,0.0000,3.0000,0.0000,0.0000,-0.00000,0.01940,0.25142,0.25216
17.7900,STATIC_col1_p3,0.0000,3.0000,0.0000,0.0000,-0.00000,0.01922,0.25140,0.25213
17.8000,STATIC_col1_p3,0.0000,3.0000,0.0000,0.0000,-0.00000,0.01906,0.25139,0.25211
17.8100,STATIC_col1_p3,0.0000,3.0000,0.0000,0.0000,-0.00000,0.01892,0.25137,0.25208
17.8200,STATIC_col1_p3,0.0000,3.0000,0.0000,0.0000,-0.00000,0.01880,0.25136,0.25207
17.8300,STATIC_col1_p3,0.0000,3.0000,0.0000,0.0000,-0.00000,0.01870,0.25135,0.25205
17.8400,STATIC_col1_p3,0.0000,3.0000,0.0000,0.0000,-0.00000,0.01862,0.25135,0.25204
17.8500,STATIC_col1_p3,0.0000,3.0000,0.0000,0.0000,-0.00000,0.01856,0.25134,0.25203
17.8600,STATIC_col1_p3,0.0000,3.0000,0.0000,0.0000,-0.00000,0.01851,0.25134,0.25202
17.8700,STATIC_col1_p3,0.0000,3.0000,0.0000,0.0000,-0.00000,0.01849,0.25134,0.25202
17.8800,STATIC_col1_p3,0.0000,3.0000,0.0000,0.0000,-0.00000,0.01848,0.25134,0.25202
17.8900,STATIC_col1_p3,0.0000,3.0000,0.0000,0.0000,-0.00000,0.01849,0.25134,0.25202
17.9000,STATIC_col1_p3,0.0000,3.0000,0.0000,0.0000,-0.00000,0.01851,0.25134,0.25202
17.9100,STATIC_col1_p3,0.0000,3.0000,0.0000,0.0000,-0.00000,0.01856,0.25135,0.25203
17.9200,STATIC_col1_p3,0.0000,3.0000,0.0000,0.0000,-0.00000,0.01861,0.25135,0.25204
17.9300,STATIC_col1_p3,0.0000,3.0000,0.0000,0.0000,-0.00000,0.01868,0.25136,0.25205
17.9400,STATIC_col1_p3,0.0000,3.0000,0.0000,0.0000,-0.00000,0.01876,0.25137,0.25207
17.9500,STATIC_col1_p3,0.0000,3.0000,0.0000,0.0000,-0.00000,0.01886,0.25138,0.25208
17.9600,STATIC_col1_p3,0.0000,3.0000,0.0000,0.0000,-0.00000,0.01896,0.25139,0.25210
17.9700,STATIC_col1_p3,0.0000,3.0000,0.0000,0.0000,-0.00000,0.01907,0.25140,0.25212
17.9800,STATIC_col1_p3,0.0000,3.0000,0.0000,0.0000,-0.00000,0.01920,0.25141,0.25214
17.9900,STATIC_col1_p3,0.0000,3.0000,0.0000,0.0000,-0.00000,0.01933,0.25143,0.25217
18.0000,STATIC_col1_p3,0.0000,3.0000,0.0000,0.0000,-0.00000,0.01946,0.25144,0.25219
18.0100,STATIC_col1_p3,0.0000,3.0000,0.0000,0.0000,-0.00000,0.01960,0.25145,0.25222
18.0200,STATIC_col1_p3,0.0000,3.0000,0.0000,0.0000,-0.00000,0.01974,0.25147,0.25224
18.0300,STATIC_col1_p3,0.0000,3.0000,0.0000,0.0000,-0.00000,0.01989,0.25148,0.25227
18.0400,STATIC_col1_p3,0.0000,3.0000,0.0000,0.0000,-0.00000,0.02003,0.25150,0.25230
18.0500,STATIC_col1_p3,0.0000,3.0000,0.0000,0.0000,-0.00000,0.02018,0.25151,0.25232
18.0600,STATIC_col1_p3,0.0000,3.0000,0.0000,0.0000,-0.00000,0.02033,0.25153,0.25235
18.0700,STATIC_col1_p3,0.0000,3.0000,0.0000,0.0000,-0.00000,0.02047,0.25155,0.25238
18.0800,STATIC_col1_p3,0.0000,3.0000,0.0000,0.0000,-0.00000,0.02061,0.25156,0.25240
18.0900,STATIC_col1_p3,0.0000,3.0000,0.0000,0.0000,-0.00000,0.02075,0.25158,0.25243
18.1000,STATIC_col1_p3,0.0000,3.0000,0.0000,0.0000,-0.00000,0.02089,0.25159,0.25246
18.1100,STATIC_col1_p3,0.0000,3.0000,0.0000,0.0000,0.00000,0.02102,0.25160,0.25248
18.1200,STATIC_col1_p3,0.0000,3.0000,0.0000,0.0000,0.00000,0.02114,0.25162,0.25250
18.1300,STATIC_col1_p3,0.0000,3.0000,0.0000,0.0000,0.00000,0.02126,0.25163,0.25253
18.1400,STATIC_col1_p3,0.0000,3.0000,0.0000,0.0000,0.00000,0.02137,0.25164,0.25255
18.1500,STATIC_col1_p3,0.0000,3.0000,0.0000,0.0000,0.00000,0.02147,0.25166,0.25257
18.1600,STATIC_col1_p3,0.0000,3.0000,0.0000,0.0000,0.00000,0.02156,0.25167,0.25259
18.1700,STATIC_col1_p3,0.0000,3.0000,0.0000,0.0000,0.00000,0.02165,0.25168,0.25261
18.1800,STATIC_col1_p3,0.0000,3.0000,0.0000,0.0000,0.00000,0.02173,0.25168,0.25262
18.1900,STATIC_col1_p3,0.0000,3.0000,0.0000,0.0000,0.00000,0.02180,0.25169,0.25263
18.2000,STATIC_col1_p3,0.0000,3.0000,0.0000,0.0000,0.00000,0.02186,0.25170,0.25265
18.2100,STATIC_col1_p3,0.0000,3.0000,0.0000,0.0000,0.00000,0.02191,0.25171,0.25266
18.2200,STATIC_col1_p3,0.0000,3.0000,0.0000,0.0000,0.00000,0.02195,0.25171,0.25267
18.2300,STATIC_col1_p3,0.0000,3.0000,0.0000,0.0000,0.00000,0.02199,0.25171,0.25267
18.2400,STATIC_col1_p3,0.0000,3.0000,0.0000,0.0000,0.00000,0.02201,0.25172,0.25268
18.2500,STATIC_col1_p3,0.0000,3.0000,0.0000,0.0000,0.00000,0.02203,0.25172,0.25268
18.2600,STATIC_col1_p3,0.0000,3.0000,0.0000,0.0000,0.00000,0.02204,0.25172,0.25268
18.2700,STATIC_col1_p3,0.0000,3.0000,0.0000,0.0000,0.00000,0.02204,0.25172,0.25268
18.2800,STATIC_col1_p3,0.0000,3.0000,0.0000,0.0000,0.00000,0.02204,0.25172,0.25268
18.2900,STATIC_col1_p3,0.0000,3.0000,0.0000,0.0000,0.00000,0.02202,0.25172,0.25268
18.3000,STATIC_col1_p3,0.0000,3.0000,0.0000,0.0000,0.00000,0.02200,0.25172,0.25268
18.3100,STATIC_col1_p3,0.0000,3.0000,0.0000,0.0000,0.00000,0.02198,0.25171,0.25267
18.3200,STATIC_col1_p3,0.0000,3.0000,0.0000,0.0000,0.00000,0.02194,0.25171,0.25266
18.3300,STATIC_col1_p3,0.0000,3.0000,0.0000,0.0000,0.00000,0.02190,0.25171,0.25266
18.3400,STATIC_col1_p3,0.0000,3.0000,0.0000,0.0000,0.00000,0.02186,0.25170,0.25265
18.3500,STATIC_col1_p3,0.0000,3.0000,0.0000,0.0000,0.00000,0.02181,0.25169,0.25264
18.3600,STATIC_col1_p3,0.0000,3.0000,0.0000,0.0000,0.00000,0.02176,0.25169,0.25263
18.3700,STATIC_col1_p3,0.0000,3.0000,0.0000,0.0000,0.00000,0.02171,0.25168,0.25262
18.3800,STATIC_col1_p3,0.0000,3.0000,0.0000,0.0000,0.00000,0.02165,0.25168,0.25261
18.3900,STATIC_col1_p3,0.0000,3.0000,0.0000,0.0000,0.00000,0.02159,0.25167,0.25259
18.4000,STATIC_col1_p3,0.0000,3.0000,0.0000,0.0000,0.00000,0.02152,0.25166,0.25258
18.4100,STATIC_col1_p3,0.0000,3.0000,0.0000,0.0000,0.00000,0.02146,0.25165,0.25257
18.4200,STATIC_col1_p3,0.0000,3.0000,0.0000,0.0000,0.00000,0.02139,0.25165,0.25256
18.4300,STATIC_col1_p3,0.0000,3.0000,0.0000,0.0000,0.00000,0.02133,0.25164,0.25254
18.4400,STATIC_col1_p3,0.0000,3.0000,0.0000,0.0000,0.00000,0.02126,0.25163,0.25253
18.4500,STATIC_col1_p3,0.0000,3.0000,0.0000,0.0000,0.00000,0.02120,0.25163,0.25252
18.4600,STATIC_col1_p3,0.0000,3.0000,0.0000,0.0000,0.00000,0.02113,0.25162,0.25250
18.4700,STATIC_col1_p3,0.0000,3.0000,0.0000,0.0000,0.00000,0.02107,0.25161,0.25249
18.4800,STATIC_col1_p3,0.0000,3.0000,0.0000,0.0000,0.00000,0.02101,0.25161,0.25248
18.4900,STATIC_col1_p3,0.0000,3.0000,0.0000,0.0000,-0.00000,0.02095,0.25160,0.25247
18.5000,STATIC_col1_p3,0.0000,3.0000,0.0000,0.0000,-0.00000,0.02090,0.25159,0.25246
18.5100,STATIC_col1_p3,0.0000,3.0000,0.0000,0.0000,-0.00000,0.02084,0.25159,0.25245
18.5200,STATIC_col1_p3,0.0000,3.0000,0.0000,0.0000,-0.00000,0.02079,0.25158,0.25244
18.5300,STATIC_col1_p3,0.0000,3.0000,0.0000,0.0000,-0.00000,0.02074,0.25158,0.25243
18.5400,STATIC_col1_p3,0.0000,3.0000,0.0000,0.0000,-0.00000,0.02070,0.25157,0.25242
18.5500,STATIC_col1_p3,0.0000,3.0000,0.0000,0.0000,-0.00000,0.02066,0.25157,0.25241
18.5600,STATIC_col1_p3,0.0000,3.0000,0.0000,0.0000,-0.00000,0.02062,0.25156,0.25241
18.5700,STATIC_col1_p3,0.0000,3.0000,0.0000,0.0000,-0.00000,0.02059,0.25156,0.25240
18.5800,STATIC_col1_p3,0.0000,3.0000,0.0000,0.0000,-0.00000,0.02056,0.25156,0.25240
18.5900,STATIC_col1_p3,0.0000,3.0000,0.0000,0.0000,-0.00000,0.02053,0.25155,0.25239
18.6000,STATIC_col1_p3,0.0000,3.0000,0.0000,0.0000,-0.00000,0.02051,0.25155,0.25239
18.6100,STATIC_col1_p3,0.0000,3.0000,0.0000,0.0000,-0.00000,0.02049,0.25155,0.25238
18.6200,STATIC_col1_p3,0.0000,3.0000,0.0000,0.0000,-0.00000,0.02048,0.25155,0.25238
18.6300,STATIC_col1_p3,0.0000,3.0000,0.0000,0.0000,-0.00000,0.02047,0.25155,0.25238
18.6400,STATIC_col1_p3,0.0000,3.0000,0.0000,0.0000,-0.00000,0.02046,0.25155,0.25238
18.6500,STATIC_col1_p3,0.0000,3.0000,0.0000,0.0000,-0.00000,0.02046,0.25155,0.25238
18.6600,STATIC_col1_p3,0.0000,3.0000,0.0000,0.0000,-0.00000,0.02046,0.25155,0.25238
18.6700,STATIC_col1_p3,0.0000,3.0000,0.0000,0.0000,-0.00000,0.02047,0.25155,0.25238
18.6800,STATIC_col1_p3,0.0000,3.0000,0.0000,0.0000,-0.00000,0.02048,0.25155,0.25238
18.6900,STATIC_col1_p3,0.0000,3.0000,0.0000,0.0000,-0.00000,0.02049,0.25155,0.25238
18.7000,STATIC_col1_p3,0.0000,3.0000,0.0000,0.0000,-0.00000,0.02050,0.25155,0.25238
18.7100,STATIC_col1_p3,0.0000,3.0000,0.0000,0.0000,-0.00000,0.02052,0.25155,0.25239
18.7200,STATIC_col1_p3,0.0000,3.0000,0.0000,0.0000,-0.00000,0.02053,0.25155,0.25239
18.7300,STATIC_col1_p3,0.0000,3.0000,0.0000,0.0000,-0.00000,0.02055,0.25156,0.25240
18.7400,STATIC_col1_p3,0.0000,3.0000,0.0000,0.0000,-0.00000,0.02058,0.25156,0.25240
18.7500,STATIC_col1_p3,0.0000,3.0000,0.0000,0.0000,-0.00000,0.02060,0.25156,0.25240
18.7600,STATIC_col1_p3,0.0000,3.0000,0.0000,0.0000,-0.00000,0.02063,0.25156,0.25241
18.7700,STATIC_col1_p3,0.0000,3.0000,0.0000,0.0000,-0.00000,0.02065,0.25157,0.25241
18.7800,STATIC_col1_p3,0.0000,3.0000,0.0000,0.0000,-0.00000,0.02068,0.25157,0.25242
18.7900,STATIC_col1_p3,0.0000,3.0000,0.0000,0.0000,-0.00000,0.02071,0.25157,0.25242
18.8000,STATIC_col1_p3,0.0000,3.0000,0.0000,0.0000,-0.00000,0.02074,0.25158,0.25243
18.8100,STATIC_col1_p3,0.0000,3.0000,0.0000,0.0000,-0.00000,0.02077,0.25158,0.25244
18.8200,STATIC_col1_p3,0.0000,3.0000,0.0000,0.0000,-0.00000,0.02080,0.25158,0.25244
18.8300,STATIC_col1_p3,0.0000,3.0000,0.0000,0.0000,-0.00000,0.02083,0.25159,0.25245
18.8400,STATIC_col1_p3,0.0000,3.0000,0.0000,0.0000,-0.00000,0.02086,0.25159,0.25245
18.8500,STATIC_col1_p3,0.0000,3.0000,0.0000,0.0000,-0.00000,0.02089,0.25159,0.25246
18.8600,STATIC_col1_p3,0.0000,3.0000,0.0000,0.0000,-0.00000,0.02091,0.25160,0.25246
18.8700,STATIC_col1_p3,0.0000,3.0000,0.0000,0.0000,-0.00000,0.02094,0.25160,0.25247
18.8800,STATIC_col1_p3,0.0000,3.0000,0.0000,0.0000,0.00000,0.02097,0.25160,0.25247
18.8900,STATIC_col1_p3,0.0000,3.0000,0.0000,0.0000,0.00000,0.02099,0.25160,0.25248
18.9000,STATIC_col1_p3,0.0000,3.0000,0.0000,0.0000,0.00000,0.02101,0.25161,0.25248
18.9100,STATIC_col1_p3,0.0000,3.0000,0.0000,0.0000,0.00000,0.02104,0.25161,0.25249
18.9200,STATIC_col1_p3,0.0000,3.0000,0.0000,0.0000,0.00000,0.02106,0.25161,0.25249
18.9300,STATIC_col1_p3,0.0000,3.0000,0.0000,0.0000,0.00000,0.02108,0.25161,0.25249
18.9400,STATIC_col1_p3,0.0000,3.0000,0.0000,0.0000,0.00000,0.02109,0.25162,0.25250
18.9500,STATIC_col1_p3,0.0000,3.0000,0.0000,0.0000,0.00000,0.02111,0.25162,0.25250
18.9600,STATIC_col1_p3,0.0000,3.0000,0.0000,0.0000,0.00000,0.02112,0.25162,0.25250
18.9700,STATIC_col1_p3,0.0000,3.0000,0.0000,0.0000,0.00000,0.02114,0.25162,0.25251
18.9800,STATIC_col1_p3,0.0000,3.0000,0.0000,0.0000,0.00000,0.02115,0.25162,0.25251
18.9900,STATIC_col1_p3,0.0000,3.0000,0.0000,0.0000,0.00000,0.02116,0.25162,0.25251
19.0000,STATIC_col1_p3,0.0000,3.0000,0.0000,0.0000,0.00000,0.02116,0.25162,0.25251
19.0100,STATIC_col1_p3,0.0000,3.0000,0.0000,0.0000,0.00000,0.02117,0.25162,0.25251
19.0200,STATIC_col1_p3,0.0000,3.0000,0.0000,0.0000,0.00000,0.02117,0.25162,0.25251
19.0300,STATIC_col1_p3,0.0000,3.0000,0.0000,0.0000,0.00000,0.02117,0.25162,0.25251
19.0400,STATIC_col1_p3,0.0000,3.0000,0.0000,0.0000,0.00000,0.02117,0.25162,0.25251
19.0500,STATIC_col1_p3,0.0000,3.0000,0.0000,0.0000,0.00000,0.02117,0.25162,0.25251
19.0600,STATIC_col1_p3,0.0000,3.0000,0.0000,0.0000,0.00000,0.02117,0.25162,0.25251
19.0700,STATIC_col1_p3,0.0000,3.0000,0.0000,0.0000,0.00000,0.02117,0.25162,0.25251
19.0800,STATIC_col1_p3,0.0000,3.0000,0.0000,0.0000,0.00000,0.02116,0.25162,0.25251
19.0900,STATIC_col1_p3,0.0000,3.0000,0.0000,0.0000,0.00000,0.02116,0.25162,0.25251
19.1000,STATIC_col1_p3,0.0000,3.0000,0.0000,0.0000,0.00000,0.02115,0.25162,0.25251
19.1100,STATIC_col1_p3,0.0000,3.0000,0.0000,0.0000,0.00000,0.02114,0.25162,0.25251
19.1200,STATIC_col1_p3,0.0000,3.0000,0.0000,0.0000,0.00000,0.02113,0.25162,0.25250
19.1300,STATIC_col1_p3,0.0000,3.0000,0.0000,0.0000,0.00000,0.02112,0.25162,0.25250
19.1400,STATIC_col1_p3,0.0000,3.0000,0.0000,0.0000,0.00000,0.02111,0.25162,0.25250
19.1500,STATIC_col1_p3,0.0000,3.0000,0.0000,0.0000,0.00000,0.02110,0.25162,0.25250
19.1600,STATIC_col1_p3,0.0000,3.0000,0.0000,0.0000,0.00000,0.02108,0.25161,0.25250
19.1700,STATIC_col1_p3,0.0000,3.0000,0.0000,0.0000,0.00000,0.02107,0.25161,0.25249
19.1800,STATIC_col1_p3,0.0000,3.0000,0.0000,0.0000,0.00000,0.02106,0.25161,0.25249
19.1900,STATIC_col1_p3,0.0000,3.0000,0.0000,0.0000,0.00000,0.02104,0.25161,0.25249
19.2000,STATIC_col1_p3,0.0000,3.0000,0.0000,0.0000,0.00000,0.02103,0.25161,0.25249
19.2100,STATIC_col1_p3,0.0000,3.0000,0.0000,0.0000,0.00000,0.02102,0.25161,0.25248
19.2200,STATIC_col1_p3,0.0000,3.0000,0.0000,0.0000,0.00000,0.02100,0.25161,0.25248
19.2300,STATIC_col1_p3,0.0000,3.0000,0.0000,0.0000,0.00000,0.02099,0.25160,0.25248
19.2400,STATIC_col1_p3,0.0000,3.0000,0.0000,0.0000,0.00000,0.02098,0.25160,0.25248
19.2500,STATIC_col1_p3,0.0000,3.0000,0.0000,0.0000,0.00000,0.02097,0.25160,0.25247
19.2600,STATIC_col1_p3,0.0000,3.0000,0.0000,0.0000,-0.00000,0.02095,0.25160,0.25247
19.2700,STATIC_col1_p3,0.0000,3.0000,0.0000,0.0000,-0.00000,0.02094,0.25160,0.25247
19.2800,STATIC_col1_p3,0.0000,3.0000,0.0000,0.0000,-0.00000,0.02093,0.25160,0.25247
19.2900,STATIC_col1_p3,0.0000,3.0000,0.0000,0.0000,-0.00000,0.02092,0.25160,0.25246
19.3000,STATIC_col1_p3,0.0000,3.0000,0.0000,0.0000,-0.00000,0.02091,0.25160,0.25246
19.3100,STATIC_col1_p3,0.0000,3.0000,0.0000,0.0000,-0.00000,0.02090,0.25159,0.25246
19.3200,STATIC_col1_p3,0.0000,3.0000,0.0000,0.0000,-0.00000,0.02089,0.25159,0.25246
19.3300,STATIC_col1_p3,0.0000,3.0000,0.0000,0.0000,-0.00000,0.02089,0.25159,0.25246
19.3400,STATIC_col1_p3,0.0000,3.0000,0.0000,0.0000,-0.00000,0.02088,0.25159,0.25246
19.3500,STATIC_col1_p3,0.0000,3.0000,0.0000,0.0000,-0.00000,0.02087,0.25159,0.25246
19.3600,STATIC_col1_p3,0.0000,3.0000,0.0000,0.0000,-0.00000,0.02087,0.25159,0.25245
19.3700,STATIC_col1_p3,0.0000,3.0000,0.0000,0.0000,-0.00000,0.02086,0.25159,0.25245
19.3800,STATIC_col1_p3,0.0000,3.0000,0.0000,0.0000,-0.00000,0.02086,0.25159,0.25245
19.3900,STATIC_col1_p3,0.0000,3.0000,0.0000,0.0000,-0.00000,0.02086,0.25159,0.25245
19.4000,STATIC_col1_p3,0.0000,3.0000,0.0000,0.0000,-0.00000,0.02086,0.25159,0.25245
19.4100,STATIC_col1_p3,0.0000,3.0000,0.0000,0.0000,-0.00000,0.02086,0.25159,0.25245
19.4200,STATIC_col1_p3,0.0000,3.0000,0.0000,0.0000,-0.00000,0.02085,0.25159,0.25245
19.4300,STATIC_col1_p3,0.0000,3.0000,0.0000,0.0000,-0.00000,0.02085,0.25159,0.25245
19.4400,STATIC_col1_p3,0.0000,3.0000,0.0000,0.0000,-0.00000,0.02086,0.25159,0.25245
19.4500,STATIC_col1_p3,0.0000,3.0000,0.0000,0.0000,-0.00000,0.02086,0.25159,0.25245
19.4600,STATIC_col1_p3,0.0000,3.0000,0.0000,0.0000,-0.00000,0.02086,0.25159,0.25245
19.4700,STATIC_col1_p3,0.0000,3.0000,0.0000,0.0000,-0.00000,0.02086,0.25159,0.25245
19.4800,STATIC_col1_p3,0.0000,3.0000,0.0000,0.0000,-0.00000,0.02087,0.25159,0.25245
19.4900,STATIC_col1_p3,0.0000,3.0000,0.0000,0.0000,-0.00000,0.02087,0.25159,0.25245
19.5000,STATIC_col1_p3,0.0000,3.0000,0.0000,0.0000,-0.00000,0.02087,0.25159,0.25246
19.5100,STATIC_col1_p3,0.0000,3.0000,0.0000,0.0000,-0.00000,0.02088,0.25159,0.25246
19.5200,STATIC_col1_p3,0.0000,3.0000,0.0000,0.0000,-0.00000,0.02088,0.25159,0.25246
19.5300,STATIC_col1_p3,0.0000,3.0000,0.0000,0.0000,-0.00000,0.02089,0.25159,0.25246
19.5400,STATIC_col1_p3,0.0000,3.0000,0.0000,0.0000,-0.00000,0.02089,0.25159,0.25246
19.5500,STATIC_col1_p3,0.0000,3.0000,0.0000,0.0000,-0.00000,0.02090,0.25159,0.25246
19.5600,STATIC_col1_p3,0.0000,3.0000,0.0000,0.0000,-0.00000,0.02090,0.25159,0.25246
19.5700,STATIC_col1_p3,0.0000,3.0000,0.0000,0.0000,-0.00000,0.02091,0.25160,0.25246
19.5800,STATIC_col1_p3,0.0000,3.0000,0.0000,0.0000,-0.00000,0.02092,0.25160,0.25246
19.5900,STATIC_col1_p3,0.0000,3.0000,0.0000,0.0000,-0.00000,0.02092,0.25160,0.25246
19.6000,STATIC_col1_p3,0.0000,3.0000,0.0000,0.0000,-0.00000,0.02093,0.25160,0.25247
19.6100,STATIC_col1_p3,0.0000,3.0000,0.0000,0.0000,-0.00000,0.02093,0.25160,0.25247
19.6200,STATIC_col1_p3,0.0000,3.0000,0.0000,0.0000,-0.00000,0.02094,0.25160,0.25247
19.6300,STATIC_col1_p3,0.0000,3.0000,0.0000,0.0000,-0.00000,0.02095,0.25160,0.25247
19.6400,STATIC_col1_p3,0.0000,3.0000,0.0000,0.0000,-0.00000,0.02095,0.25160,0.25247
19.6500,STATIC_col1_p3,0.0000,3.0000,0.0000,0.0000,0.00000,0.02096,0.25160,0.25247
19.6600,STATIC_col1_p3,0.0000,3.0000,0.0000,0.0000,0.00000,0.02096,0.25160,0.25247
19.6700,STATIC_col1_p3,0.0000,3.0000,0.0000,0.0000,0.00000,0.02097,0.25160,0.25247
19.6800,STATIC_col1_p3,0.0000,3.0000,0.0000,0.0000,0.00000,0.02097,0.25160,0.25247
19.6900,STATIC_col1_p3,0.0000,3.0000,0.0000,0.0000,0.00000,0.02097,0.25160,0.25247
19.7000,STATIC_col1_p3,0.0000,3.0000,0.0000,0.0000,0.00000,0.02098,0.25160,0.25248
19.7100,STATIC_col1_p3,0.0000,3.0000,0.0000,0.0000,0.00000,0.02098,0.25160,0.25248
19.7200,STATIC_col1_p3,0.0000,3.0000,0.0000,0.0000,0.00000,0.02099,0.25160,0.25248
19.7300,STATIC_col1_p3,0.0000,3.0000,0.0000,0.0000,0.00000,0.02099,0.25160,0.25248
19.7400,STATIC_col1_p3,0.0000,3.0000,0.0000,0.0000,0.00000,0.02099,0.25160,0.25248
19.7500,STATIC_col1_p3,0.0000,3.0000,0.0000,0.0000,0.00000,0.02099,0.25160,0.25248
19.7600,STATIC_col1_p3,0.0000,3.0000,0.0000,0.0000,0.00000,0.02099,0.25160,0.25248
19.7700,STATIC_col1_p3,0.0000,3.0000,0.0000,0.0000,0.00000,0.02100,0.25160,0.25248
19.7800,STATIC_col1_p3,0.0000,3.0000,0.0000,0.0000,0.00000,0.02100,0.25160,0.25248
19.7900,STATIC_col1_p3,0.0000,3.0000,0.0000,0.0000,0.00000,0.02100,0.25160,0.25248
19.8000,STATIC_col1_p3,0.0000,3.0000,0.0000,0.0000,0.00000,0.02100,0.25160,0.25248
19.8100,STATIC_col1_p3,0.0000,3.0000,0.0000,0.0000,0.00000,0.02100,0.25160,0.25248
19.8200,STATIC_col1_p3,0.0000,3.0000,0.0000,0.0000,0.00000,0.02100,0.25160,0.25248
19.8300,STATIC_col1_p3,0.0000,3.0000,0.0000,0.0000,0.00000,0.02100,0.25160,0.25248
19.8400,STATIC_col1_p3,0.0000,3.0000,0.0000,0.0000,0.00000,0.02100,0.25160,0.25248
19.8500,STATIC_col1_p3,0.0000,3.0000,0.0000,0.0000,0.00000,0.02100,0.25160,0.25248
19.8600,STATIC_col1_p3,0.0000,3.0000,0.0000,0.0000,0.00000,0.02099,0.25160,0.25248
19.8700,STATIC_col1_p3,0.0000,3.0000,0.0000,0.0000,0.00000,0.02099,0.25160,0.25248
19.8800,STATIC_col1_p3,0.0000,3.0000,0.0000,0.0000,0.00000,0.02099,0.25160,0.25248
19.8900,STATIC_col1_p3,0.0000,3.0000,0.0000,0.0000,0.00000,0.02099,0.25160,0.25248
19.9000,STATIC_col1_p3,0.0000,3.0000,0.0000,0.0000,0.00000,0.02099,0.25160,0.25248
19.9100,STATIC_col1_p3,0.0000,3.0000,0.0000,0.0000,0.00000,0.02099,0.25160,0.25248
19.9200,STATIC_col1_p3,0.0000,3.0000,0.0000,0.0000,0.00000,0.02098,0.25160,0.25248
19.9300,STATIC_col1_p3,0.0000,3.0000,0.0000,0.0000,0.00000,0.02098,0.25160,0.25248
19.9400,STATIC_col1_p3,0.0000,3.0000,0.0000,0.0000,0.00000,0.02098,0.25160,0.25248
19.9500,STATIC_col1_p3,0.0000,3.0000,0.0000,0.0000,0.00000,0.02098,0.25160,0.25247
19.9600,STATIC_col1_p3,0.0000,3.0000,0.0000,0.0000,0.00000,0.02097,0.25160,0.25247
19.9700,STATIC_col1_p3,0.0000,3.0000,0.0000,0.0000,0.00000,0.02097,0.25160,0.25247
19.9800,STATIC_col1_p3,0.0000,3.0000,0.0000,0.0000,0.00000,0.02097,0.25160,0.25247
19.9900,STATIC_col1_p3,0.0000,3.0000,0.0000,0.0000,0.00000,0.02096,0.25160,0.25247
20.0000,STATIC_col1_p3,0.0000,3.0000,0.0000,0.0000,0.00000,0.02096,0.25160,0.25247
20.0100,STATIC_col1_p6,0.0000,6.0000,0.0000,0.0000,0.00000,0.02096,0.25160,0.25247
20.0200,STATIC_col1_p6,0.0000,6.0000,0.0000,0.0000,0.00000,0.02098,0.25160,0.25247
20.0300,STATIC_col1_p6,0.0000,6.0000,0.0000,0.0000,-0.00000,0.02104,0.25160,0.25248
20.0400,STATIC_col1_p6,0.0000,6.0000,0.0000,0.0000,-0.00000,0.02112,0.25160,0.25249
20.0500,STATIC_col1_p6,0.0000,6.0000,0.0000,0.0000,-0.00000,0.02125,0.25161,0.25250
20.0600,STATIC_col1_p6,0.0000,6.0000,0.0000,0.0000,-0.00000,0.02143,0.25161,0.25252
20.0700,STATIC_col1_p6,0.0000,6.0000,0.0000,0.0000,-0.00000,0.02166,0.25162,0.25255
20.0800,STATIC_col1_p6,0.0000,6.0000,0.0000,0.0000,-0.00000,0.02193,0.25163,0.25259
20.0900,STATIC_col1_p6,0.0000,6.0000,0.0000,0.0000,-0.00000,0.02226,0.25165,0.25264
20.1000,STATIC_col1_p6,0.0000,6.0000,0.0000,0.0000,-0.00000,0.02265,0.25168,0.25270
20.1100,STATIC_col1_p6,0.0000,6.0000,0.0000,0.0000,-0.00000,0.02308,0.25171,0.25277
20.1200,STATIC_col1_p6,0.0000,6.0000,0.0000,0.0000,-0.00000,0.02357,0.25176,0.25286
20.1300,STATIC_col1_p6,0.0000,6.0000,0.0000,0.0000,-0.00000,0.02411,0.25181,0.25297
20.1400,STATIC_col1_p6,0.0000,6.0000,0.0000,0.0000,-0.00000,0.02470,0.25188,0.25309
20.1500,STATIC_col1_p6,0.0000,6.0000,0.0000,0.0000,-0.00000,0.02533,0.25196,0.25323
20.1600,STATIC_col1_p6,0.0000,6.0000,0.0000,0.0000,-0.00000,0.02601,0.25204,0.25338
20.1700,STATIC_col1_p6,0.0000,6.0000,0.0000,0.0000,-0.00000,0.02672,0.25214,0.25355
20.1800,STATIC_col1_p6,0.0000,6.0000,0.0000,0.0000,-0.00000,0.02747,0.25225,0.25374
20.1900,STATIC_col1_p6,0.0000,6.0000,0.0000,0.0000,-0.00000,0.02825,0.25236,0.25394
20.2000,STATIC_col1_p6,0.0000,6.0000,0.0000,0.0000,-0.00000,0.02906,0.25249,0.25416
20.2100,STATIC_col1_p6,0.0000,6.0000,0.0000,0.0000,-0.00000,0.02989,0.25263,0.25439
20.2200,STATIC_col1_p6,0.0000,6.0000,0.0000,0.0000,-0.00000,0.03074,0.25277,0.25463
20.2300,STATIC_col1_p6,0.0000,6.0000,0.0000,0.0000,-0.00000,0.03160,0.25292,0.25489
20.2400,STATIC_col1_p6,0.0000,6.0000,0.0000,0.0000,-0.00000,0.03247,0.25308,0.25515
20.2500,STATIC_col1_p6,0.0000,6.0000,0.0000,0.0000,-0.00000,0.03335,0.25324,0.25542
20.2600,STATIC_col1_p6,0.0000,6.0000,0.0000,0.0000,-0.00000,0.03422,0.25341,0.25571
20.2700,STATIC_col1_p6,0.0000,6.0000,0.0000,0.0000,-0.00000,0.03509,0.25358,0.25599
20.2800,STATIC_col1_p6,0.0000,6.0000,0.0000,0.0000,-0.00000,0.03595,0.25375,0.25628
20.2900,STATIC_col1_p6,0.0000,6.0000,0.0000,0.0000,-0.00000,0.03680,0.25392,0.25658
20.3000,STATIC_col1_p6,0.0000,6.0000,0.0000,0.0000,-0.00000,0.03763,0.25410,0.25687
20.3100,STATIC_col1_p6,0.0000,6.0000,0.0000,0.0000,-0.00000,0.03843,0.25427,0.25716
20.3200,STATIC_col1_p6,0.0000,6.0000,0.0000,0.0000,-0.00000,0.03921,0.25445,0.25745
20.3300,STATIC_col1_p6,0.0000,6.0000,0.0000,0.0000,-0.00000,0.03997,0.25462,0.25773
20.3400,STATIC_col1_p6,0.0000,6.0000,0.0000,0.0000,-0.00000,0.04069,0.25478,0.25801
20.3500,STATIC_col1_p6,0.0000,6.0000,0.0000,0.0000,-0.00000,0.04137,0.25495,0.25828
20.3600,STATIC_col1_p6,0.0000,6.0000,0.0000,0.0000,-0.00000,0.04202,0.25510,0.25854
20.3700,STATIC_col1_p6,0.0000,6.0000,0.0000,0.0000,-0.00000,0.04263,0.25525,0.25879
20.3800,STATIC_col1_p6,0.0000,6.0000,0.0000,0.0000,-0.00000,0.04320,0.25539,0.25902
20.3900,STATIC_col1_p6,0.0000,6.0000,0.0000,0.0000,-0.00000,0.04372,0.25553,0.25924
20.4000,STATIC_col1_p6,0.0000,6.0000,0.0000,0.0000,-0.00000,0.04421,0.25565,0.25945
20.4100,STATIC_col1_p6,0.0000,6.0000,0.0000,0.0000,0.00000,0.04464,0.25577,0.25964
20.4200,STATIC_col1_p6,0.0000,6.0000,0.0000,0.0000,0.00000,0.04504,0.25587,0.25981
20.4300,STATIC_col1_p6,0.0000,6.0000,0.0000,0.0000,0.00000,0.04538,0.25597,0.25996
20.4400,STATIC_col1_p6,0.0000,6.0000,0.0000,0.0000,0.00000,0.04568,0.25605,0.26010
20.4500,STATIC_col1_p6,0.0000,6.0000,0.0000,0.0000,0.00000,0.04594,0.25613,0.26021
20.4600,STATIC_col1_p6,0.0000,6.0000,0.0000,0.0000,0.00000,0.04615,0.25619,0.26031
20.4700,STATIC_col1_p6,0.0000,6.0000,0.0000,0.0000,0.00000,0.04632,0.25624,0.26039
20.4800,STATIC_col1_p6,0.0000,6.0000,0.0000,0.0000,0.00000,0.04644,0.25628,0.26045
20.4900,STATIC_col1_p6,0.0000,6.0000,0.0000,0.0000,0.00000,0.04652,0.25631,0.26050
20.5000,STATIC_col1_p6,0.0000,6.0000,0.0000,0.0000,0.00000,0.04657,0.25633,0.26052
20.5100,STATIC_col1_p6,0.0000,6.0000,0.0000,0.0000,0.00000,0.04657,0.25634,0.26053
20.5200,STATIC_col1_p6,0.0000,6.0000,0.0000,0.0000,0.00000,0.04654,0.25634,0.26053
20.5300,STATIC_col1_p6,0.0000,6.0000,0.0000,0.0000,0.00000,0.04647,0.25633,0.26050
20.5400,STATIC_col1_p6,0.0000,6.0000,0.0000,0.0000,0.00000,0.04636,0.25631,0.26047
20.5500,STATIC_col1_p6,0.0000,6.0000,0.0000,0.0000,0.00000,0.04623,0.25628,0.26042
20.5600,STATIC_col1_p6,0.0000,6.0000,0.0000,0.0000,0.00000,0.04607,0.25625,0.26036
20.5700,STATIC_col1_p6,0.0000,6.0000,0.0000,0.0000,0.00000,0.04589,0.25621,0.26028
20.5800,STATIC_col1_p6,0.0000,6.0000,0.0000,0.0000,0.00000,0.04568,0.25616,0.26020
20.5900,STATIC_col1_p6,0.0000,6.0000,0.0000,0.0000,0.00000,0.04545,0.25611,0.26011
20.6000,STATIC_col1_p6,0.0000,6.0000,0.0000,0.0000,0.00000,0.04520,0.25605,0.26001
20.6100,STATIC_col1_p6,0.0000,6.0000,0.0000,0.0000,0.00000,0.04493,0.25599,0.25991
20.6200,STATIC_col1_p6,0.0000,6.0000,0.0000,0.0000,0.00000,0.04466,0.25593,0.25980
20.6300,STATIC_col1_p6,0.0000,6.0000,0.0000,0.0000,0.00000,0.04437,0.25587,0.25968
20.6400,STATIC_col1_p6,0.0000,6.0000,0.0000,0.0000,0.00000,0.04407,0.25580,0.25957
20.6500,STATIC_col1_p6,0.0000,6.0000,0.0000,0.0000,0.00000,0.04377,0.25573,0.25945
20.6600,STATIC_col1_p6,0.0000,6.0000,0.0000,0.0000,0.00000,0.04347,0.25566,0.25933
20.6700,STATIC_col1_p6,0.0000,6.0000,0.0000,0.0000,0.00000,0.04316,0.25560,0.25922
20.6800,STATIC_col1_p6,0.0000,6.0000,0.0000,0.0000,0.00000,0.04286,0.25553,0.25910
20.6900,STATIC_col1_p6,0.0000,6.0000,0.0000,0.0000,0.00000,0.04255,0.25546,0.25898
20.7000,STATIC_col1_p6,0.0000,6.0000,0.0000,0.0000,0.00000,0.04226,0.25540,0.25887
20.7100,STATIC_col1_p6,0.0000,6.0000,0.0000,0.0000,0.00000,0.04197,0.25534,0.25876
20.7200,STATIC_col1_p6,0.0000,6.0000,0.0000,0.0000,0.00000,0.04169,0.25528,0.25866
20.7300,STATIC_col1_p6,0.0000,6.0000,0.0000,0.0000,0.00000,0.04142,0.25522,0.25856
20.7400,STATIC_col1_p6,0.0000,6.0000,0.0000,0.0000,0.00000,0.04117,0.25517,0.25847
20.7500,STATIC_col1_p6,0.0000,6.0000,0.0000,0.0000,0.00000,0.04092,0.25512,0.25838
20.7600,STATIC_col1_p6,0.0000,6.0000,0.0000,0.0000,0.00000,0.04069,0.25507,0.25830
20.7700,STATIC_col1_p6,0.0000,6.0000,0.0000,0.0000,0.00000,0.04048,0.25503,0.25822
20.7800,STATIC_col1_p6,0.0000,6.0000,0.0000,0.0000,0.00000,0.04029,0.25499,0.25815
20.7900,STATIC_col1_p6,0.0000,6.0000,0.0000,0.0000,0.00000,0.04011,0.25495,0.25809
20.8000,STATIC_col1_p6,0.0000,6.0000,0.0000,0.0000,-0.00000,0.03995,0.25492,0.25803
20.8100,STATIC_col1_p6,0.0000,6.0000,0.0000,0.0000,-0.00000,0.03980,0.25489,0.25798
20.8200,STATIC_col1_p6,0.0000,6.0000,0.0000,0.0000,-0.00000,0.03968,0.25487,0.25794
20.8300,STATIC_col1_p6,0.0000,6.0000,0.0000,0.0000,-0.00000,0.03957,0.25485,0.25790
20.8400,STATIC_col1_p6,0.0000,6.0000,0.0000,0.0000,-0.00000,0.03949,0.25483,0.25787
20.8500,STATIC_col1_p6,0.0000,6.0000,0.0000,0.0000,-0.00000,0.03942,0.25482,0.25785
20.8600,STATIC_col1_p6,0.0000,6.0000,0.0000,0.0000,-0.00000,0.03937,0.25481,0.25783
20.8700,STATIC_col1_p6,0.0000,6.0000,0.0000,0.0000,-0.00000,0.03934,0.25480,0.25782
20.8800,STATIC_col1_p6,0.0000,6.0000,0.0000,0.0000,-0.00000,0.03932,0.25480,0.25782
20.8900,STATIC_col1_p6,0.0000,6.0000,0.0000,0.0000,-0.00000,0.03932,0.25480,0.25782
20.9000,STATIC_col1_p6,0.0000,6.0000,0.0000,0.0000,-0.00000,0.03934,0.25481,0.25783
20.9100,STATIC_col1_p6,0.0000,6.0000,0.0000,0.0000,-0.00000,0.03938,0.25482,0.25784
20.9200,STATIC_col1_p6,0.0000,6.0000,0.0000,0.0000,-0.00000,0.03943,0.25483,0.25786
20.9300,STATIC_col1_p6,0.0000,6.0000,0.0000,0.0000,-0.00000,0.03949,0.25484,0.25788
20.9400,STATIC_col1_p6,0.0000,6.0000,0.0000,0.0000,-0.00000,0.03956,0.25486,0.25791
20.9500,STATIC_col1_p6,0.0000,6.0000,0.0000,0.0000,-0.00000,0.03965,0.25488,0.25794
20.9600,STATIC_col1_p6,0.0000,6.0000,0.0000,0.0000,-0.00000,0.03975,0.25490,0.25798
20.9700,STATIC_col1_p6,0.0000,6.0000,0.0000,0.0000,-0.00000,0.03985,0.25492,0.25802
20.9800,STATIC_col1_p6,0.0000,6.0000,0.0000,0.0000,-0.00000,0.03997,0.25495,0.25806
20.9900,STATIC_col1_p6,0.0000,6.0000,0.0000,0.0000,-0.00000,0.04009,0.25497,0.25811
21.0000,STATIC_col1_p6,0.0000,6.0000,0.0000,0.0000,-0.00000,0.04022,0.25500,0.25815
21.0100,STATIC_col1_p6,0.0000,6.0000,0.0000,0.0000,-0.00000,0.04035,0.25503,0.25820
21.0200,STATIC_col1_p6,0.0000,6.0000,0.0000,0.0000,-0.00000,0.04049,0.25506,0.25826
21.0300,STATIC_col1_p6,0.0000,6.0000,0.0000,0.0000,-0.00000,0.04063,0.25509,0.25831
21.0400,STATIC_col1_p6,0.0000,6.0000,0.0000,0.0000,-0.00000,0.04077,0.25512,0.25836
21.0500,STATIC_col1_p6,0.0000,6.0000,0.0000,0.0000,-0.00000,0.04092,0.25515,0.25841
21.0600,STATIC_col1_p6,0.0000,6.0000,0.0000,0.0000,-0.00000,0.04106,0.25519,0.25847
21.0700,STATIC_col1_p6,0.0000,6.0000,0.0000,0.0000,-0.00000,0.04120,0.25522,0.25852
21.0800,STATIC_col1_p6,0.0000,6.0000,0.0000,0.0000,-0.00000,0.04134,0.25525,0.25857
21.0900,STATIC_col1_p6,0.0000,6.0000,0.0000,0.0000,-0.00000,0.04147,0.25528,0.25862
21.1000,STATIC_col1_p6,0.0000,6.0000,0.0000,0.0000,-0.00000,0.04160,0.25531,0.25867
21.1100,STATIC_col1_p6,0.0000,6.0000,0.0000,0.0000,-0.00000,0.04173,0.25533,0.25872
21.1200,STATIC_col1_p6,0.0000,6.0000,0.0000,0.0000,-0.00000,0.04185,0.25536,0.25877
21.1300,STATIC_col1_p6,0.0000,6.0000,0.0000,0.0000,-0.00000,0.04197,0.25539,0.25881
21.1400,STATIC_col1_p6,0.0000,6.0000,0.0000,0.0000,-0.00000,0.04208,0.25541,0.25886
21.1500,STATIC_col1_p6,0.0000,6.0000,0.0000,0.0000,-0.00000,0.04218,0.25544,0.25890
21.1600,STATIC_col1_p6,0.0000,6.0000,0.0000,0.0000,-0.00000,0.04228,0.25546,0.25893
21.1700,STATIC_col1_p6,0.0000,6.0000,0.0000,0.0000,-0.00000,0.04237,0.25548,0.25897
21.1800,STATIC_col1_p6,0.0000,6.0000,0.0000,0.0000,0.00000,0.04244,0.25550,0.25900
21.1900,STATIC_col1_p6,0.0000,6.0000,0.0000,0.0000,0.00000,0.04252,0.25551,0.25902
21.2000,STATIC_col1_p6,0.0000,6.0000,0.0000,0.0000,0.00000,0.04258,0.25553,0.25905
21.2100,STATIC_col1_p6,0.0000,6.0000,0.0000,0.0000,0.00000,0.04263,0.25554,0.25907
21.2200,STATIC_col1_p6,0.0000,6.0000,0.0000,0.0000,0.00000,0.04268,0.25555,0.25909
21.2300,STATIC_col1_p6,0.0000,6.0000,0.0000,0.0000,0.00000,0.04272,0.25556,0.25910
21.2400,STATIC_col1_p6,0.0000,6.0000,0.0000,0.0000,0.00000,0.04275,0.25556,0.25912
21.2500,STATIC_col1_p6,0.0000,6.0000,0.0000,0.0000,0.00000,0.04277,0.25557,0.25912
21.2600,STATIC_col1_p6,0.0000,6.0000,0.0000,0.0000,0.00000,0.04278,0.25557,0.25913
21.2700,STATIC_col1_p6,0.0000,6.0000,0.0000,0.0000,0.00000,0.04279,0.25557,0.25913
21.2800,STATIC_col1_p6,0.0000,6.0000,0.0000,0.0000,0.00000,0.04279,0.25557,0.25913
21.2900,STATIC_col1_p6,0.0000,6.0000,0.0000,0.0000,0.00000,0.04278,0.25557,0.25913
21.3000,STATIC_col1_p6,0.0000,6.0000,0.0000,0.0000,0.00000,0.04276,0.25557,0.25912
21.3100,STATIC_col1_p6,0.0000,6.0000,0.0000,0.0000,0.00000,0.04274,0.25556,0.25911
21.3200,STATIC_col1_p6,0.0000,6.0000,0.0000,0.0000,0.00000,0.04271,0.25556,0.25910
21.3300,STATIC_col1_p6,0.0000,6.0000,0.0000,0.0000,0.00000,0.04267,0.25555,0.25909
21.3400,STATIC_col1_p6,0.0000,6.0000,0.0000,0.0000,0.00000,0.04264,0.25554,0.25907
21.3500,STATIC_col1_p6,0.0000,6.0000,0.0000,0.0000,0.00000,0.04259,0.25553,0.25905
21.3600,STATIC_col1_p6,0.0000,6.0000,0.0000,0.0000,0.00000,0.04254,0.25552,0.25904
21.3700,STATIC_col1_p6,0.0000,6.0000,0.0000,0.0000,0.00000,0.04249,0.25551,0.25902
21.3800,STATIC_col1_p6,0.0000,6.0000,0.0000,0.0000,0.00000,0.04244,0.25549,0.25900
21.3900,STATIC_col1_p6,0.0000,6.0000,0.0000,0.0000,0.00000,0.04238,0.25548,0.25897
21.4000,STATIC_col1_p6,0.0000,6.0000,0.0000,0.0000,0.00000,0.04232,0.25547,0.25895
21.4100,STATIC_col1_p6,0.0000,6.0000,0.0000,0.0000,0.00000,0.04226,0.25545,0.25893
21.4200,STATIC_col1_p6,0.0000,6.0000,0.0000,0.0000,0.00000,0.04220,0.25544,0.25890
21.4300,STATIC_col1_p6,0.0000,6.0000,0.0000,0.0000,0.00000,0.04214,0.25543,0.25888
21.4400,STATIC_col1_p6,0.0000,6.0000,0.0000,0.0000,0.00000,0.04207,0.25541,0.25885
21.4500,STATIC_col1_p6,0.0000,6.0000,0.0000,0.0000,0.00000,0.04201,0.25540,0.25883
21.4600,STATIC_col1_p6,0.0000,6.0000,0.0000,0.0000,0.00000,0.04195,0.25538,0.25881
21.4700,STATIC_col1_p6,0.0000,6.0000,0.0000,0.0000,0.00000,0.04189,0.25537,0.25878
21.4800,STATIC_col1_p6,0.0000,6.0000,0.0000,0.0000,0.00000,0.04183,0.25536,0.25876
21.4900,STATIC_col1_p6,0.0000,6.0000,0.0000,0.0000,0.00000,0.04177,0.25534,0.25874
21.5000,STATIC_col1_p6,0.0000,6.0000,0.0000,0.0000,0.00000,0.04171,0.25533,0.25872
21.5100,STATIC_col1_p6,0.0000,6.0000,0.0000,0.0000,0.00000,0.04166,0.25532,0.25870
21.5200,STATIC_col1_p6,0.0000,6.0000,0.0000,0.0000,0.00000,0.04161,0.25531,0.25868
21.5300,STATIC_col1_p6,0.0000,6.0000,0.0000,0.0000,0.00000,0.04156,0.25530,0.25866
21.5400,STATIC_col1_p6,0.0000,6.0000,0.0000,0.0000,0.00000,0.04152,0.25529,0.25864
21.5500,STATIC_col1_p6,0.0000,6.0000,0.0000,0.0000,0.00000,0.04147,0.25528,0.25863
21.5600,STATIC_col1_p6,0.0000,6.0000,0.0000,0.0000,-0.00000,0.04144,0.25527,0.25861
21.5700,STATIC_col1_p6,0.0000,6.0000,0.0000,0.0000,-0.00000,0.04140,0.25526,0.25860
21.5800,STATIC_col1_p6,0.0000,6.0000,0.0000,0.0000,-0.00000,0.04137,0.25526,0.25859
21.5900,STATIC_col1_p6,0.0000,6.0000,0.0000,0.0000,-0.00000,0.04134,0.25525,0.25858
21.6000,STATIC_col1_p6,0.0000,6.0000,0.0000,0.0000,-0.00000,0.04132,0.25525,0.25857
21.6100,STATIC_col1_p6,0.0000,6.0000,0.0000,0.0000,-0.00000,0.04130,0.25524,0.25856
21.6200,STATIC_col1_p6,0.0000,6.0000,0.0000,0.0000,-0.00000,0.04129,0.25524,0.25856
21.6300,STATIC_col1_p6,0.0000,6.0000,0.0000,0.0000,-0.00000,0.04127,0.25524,0.25855
21.6400,STATIC_col1_p6,0.0000,6.0000,0.0000,0.0000,-0.00000,0.04127,0.25524,0.25855
21.6500,STATIC_col1_p6,0.0000,6.0000,0.0000,0.0000,-0.00000,0.04126,0.25523,0.25855
21.6600,STATIC_col1_p6,0.0000,6.0000,0.0000,0.0000,-0.00000,0.04126,0.25523,0.25855
21.6700,STATIC_col1_p6,0.0000,6.0000,0.0000,0.0000,-0.00000,0.04126,0.25523,0.25855
21.6800,STATIC_col1_p6,0.0000,6.0000,0.0000,0.0000,-0.00000,0.04127,0.25524,0.25855
21.6900,STATIC_col1_p6,0.0000,6.0000,0.0000,0.0000,-0.00000,0.04128,0.25524,0.25855
21.7000,STATIC_col1_p6,0.0000,6.0000,0.0000,0.0000,-0.00000,0.04129,0.25524,0.25856
21.7100,STATIC_col1_p6,0.0000,6.0000,0.0000,0.0000,-0.00000,0.04130,0.25524,0.25856
21.7200,STATIC_col1_p6,0.0000,6.0000,0.0000,0.0000,-0.00000,0.04132,0.25525,0.25857
21.7300,STATIC_col1_p6,0.0000,6.0000,0.0000,0.0000,-0.00000,0.04133,0.25525,0.25858
21.7400,STATIC_col1_p6,0.0000,6.0000,0.0000,0.0000,-0.00000,0.04135,0.25525,0.25858
21.7500,STATIC_col1_p6,0.0000,6.0000,0.0000,0.0000,-0.00000,0.04138,0.25526,0.25859
21.7600,STATIC_col1_p6,0.0000,6.0000,0.0000,0.0000,-0.00000,0.04140,0.25527,0.25860
21.7700,STATIC_col1_p6,0.0000,6.0000,0.0000,0.0000,-0.00000,0.04142,0.25527,0.25861
21.7800,STATIC_col1_p6,0.0000,6.0000,0.0000,0.0000,-0.00000,0.04145,0.25528,0.25862
21.7900,STATIC_col1_p6,0.0000,6.0000,0.0000,0.0000,-0.00000,0.04148,0.25528,0.25863
21.8000,STATIC_col1_p6,0.0000,6.0000,0.0000,0.0000,-0.00000,0.04151,0.25529,0.25864
21.8100,STATIC_col1_p6,0.0000,6.0000,0.0000,0.0000,-0.00000,0.04153,0.25529,0.25865
21.8200,STATIC_col1_p6,0.0000,6.0000,0.0000,0.0000,-0.00000,0.04156,0.25530,0.25866
21.8300,STATIC_col1_p6,0.0000,6.0000,0.0000,0.0000,-0.00000,0.04159,0.25531,0.25867
21.8400,STATIC_col1_p6,0.0000,6.0000,0.0000,0.0000,-0.00000,0.04162,0.25531,0.25868
21.8500,STATIC_col1_p6,0.0000,6.0000,0.0000,0.0000,-0.00000,0.04165,0.25532,0.25869
21.8600,STATIC_col1_p6,0.0000,6.0000,0.0000,0.0000,-0.00000,0.04167,0.25533,0.25870
21.8700,STATIC_col1_p6,0.0000,6.0000,0.0000,0.0000,-0.00000,0.04170,0.25533,0.25871
21.8800,STATIC_col1_p6,0.0000,6.0000,0.0000,0.0000,-0.00000,0.04172,0.25534,0.25872
21.8900,STATIC_col1_p6,0.0000,6.0000,0.0000,0.0000,-0.00000,0.04175,0.25534,0.25873
21.9000,STATIC_col1_p6,0.0000,6.0000,0.0000,0.0000,-0.00000,0.04177,0.25535,0.25874
21.9100,STATIC_col1_p6,0.0000,6.0000,0.0000,0.0000,-0.00000,0.04180,0.25535,0.25875
21.9200,STATIC_col1_p6,0.0000,6.0000,0.0000,0.0000,-0.00000,0.04182,0.25536,0.25876
21.9300,STATIC_col1_p6,0.0000,6.0000,0.0000,0.0000,-0.00000,0.04184,0.25536,0.25877
21.9400,STATIC_col1_p6,0.0000,6.0000,0.0000,0.0000,-0.00000,0.04185,0.25537,0.25877
21.9500,STATIC_col1_p6,0.0000,6.0000,0.0000,0.0000,0.00000,0.04187,0.25537,0.25878
21.9600,STATIC_col1_p6,0.0000,6.0000,0.0000,0.0000,0.00000,0.04188,0.25537,0.25878
21.9700,STATIC_col1_p6,0.0000,6.0000,0.0000,0.0000,0.00000,0.04190,0.25538,0.25879
21.9800,STATIC_col1_p6,0.0000,6.0000,0.0000,0.0000,0.00000,0.04191,0.25538,0.25879
21.9900,STATIC_col1_p6,0.0000,6.0000,0.0000,0.0000,0.00000,0.04192,0.25538,0.25880
22.0000,STATIC_col1_p6,0.0000,6.0000,0.0000,0.0000,0.00000,0.04193,0.25538,0.25880
22.0100,STATIC_col1_p6,0.0000,6.0000,0.0000,0.0000,0.00000,0.04193,0.25538,0.25880
22.0200,STATIC_col1_p6,0.0000,6.0000,0.0000,0.0000,0.00000,0.04194,0.25538,0.25881
22.0300,STATIC_col1_p6,0.0000,6.0000,0.0000,0.0000,0.00000,0.04194,0.25539,0.25881
22.0400,STATIC_col1_p6,0.0000,6.0000,0.0000,0.0000,0.00000,0.04194,0.25539,0.25881
22.0500,STATIC_col1_p6,0.0000,6.0000,0.0000,0.0000,0.00000,0.04194,0.25539,0.25881
22.0600,STATIC_col1_p6,0.0000,6.0000,0.0000,0.0000,0.00000,0.04194,0.25539,0.25881
22.0700,STATIC_col1_p6,0.0000,6.0000,0.0000,0.0000,0.00000,0.04194,0.25538,0.25881
22.0800,STATIC_col1_p6,0.0000,6.0000,0.0000,0.0000,0.00000,0.04194,0.25538,0.25880
22.0900,STATIC_col1_p6,0.0000,6.0000,0.0000,0.0000,0.00000,0.04193,0.25538,0.25880
22.1000,STATIC_col1_p6,0.0000,6.0000,0.0000,0.0000,0.00000,0.04192,0.25538,0.25880
22.1100,STATIC_col1_p6,0.0000,6.0000,0.0000,0.0000,0.00000,0.04192,0.25538,0.25880
22.1200,STATIC_col1_p6,0.0000,6.0000,0.0000,0.0000,0.00000,0.04191,0.25538,0.25879
22.1300,STATIC_col1_p6,0.0000,6.0000,0.0000,0.0000,0.00000,0.04190,0.25538,0.25879
22.1400,STATIC_col1_p6,0.0000,6.0000,0.0000,0.0000,0.00000,0.04189,0.25537,0.25879
22.1500,STATIC_col1_p6,0.0000,6.0000,0.0000,0.0000,0.00000,0.04188,0.25537,0.25878
22.1600,STATIC_col1_p6,0.0000,6.0000,0.0000,0.0000,0.00000,0.04187,0.25537,0.25878
22.1700,STATIC_col1_p6,0.0000,6.0000,0.0000,0.0000,0.00000,0.04186,0.25537,0.25877
22.1800,STATIC_col1_p6,0.0000,6.0000,0.0000,0.0000,0.00000,0.04184,0.25536,0.25877
22.1900,STATIC_col1_p6,0.0000,6.0000,0.0000,0.0000,0.00000,0.04183,0.25536,0.25876
22.2000,STATIC_col1_p6,0.0000,6.0000,0.0000,0.0000,0.00000,0.04182,0.25536,0.25876
22.2100,STATIC_col1_p6,0.0000,6.0000,0.0000,0.0000,0.00000,0.04181,0.25535,0.25875
22.2200,STATIC_col1_p6,0.0000,6.0000,0.0000,0.0000,0.00000,0.04179,0.25535,0.25875
22.2300,STATIC_col1_p6,0.0000,6.0000,0.0000,0.0000,0.00000,0.04178,0.25535,0.25874
22.2400,STATIC_col1_p6,0.0000,6.0000,0.0000,0.0000,0.00000,0.04177,0.25535,0.25874
22.2500,STATIC_col1_p6,0.0000,6.0000,0.0000,0.0000,0.00000,0.04176,0.25534,0.25874
22.2600,STATIC_col1_p6,0.0000,6.0000,0.0000,0.0000,0.00000,0.04174,0.25534,0.25873
22.2700,STATIC_col1_p6,0.0000,6.0000,0.0000,0.0000,0.00000,0.04173,0.25534,0.25873
22.2800,STATIC_col1_p6,0.0000,6.0000,0.0000,0.0000,0.00000,0.04172,0.25534,0.25872
22.2900,STATIC_col1_p6,0.0000,6.0000,0.0000,0.0000,0.00000,0.04171,0.25533,0.25872
22.3000,STATIC_col1_p6,0.0000,6.0000,0.0000,0.0000,0.00000,0.04170,0.25533,0.25871
22.3100,STATIC_col1_p6,0.0000,6.0000,0.0000,0.0000,0.00000,0.04169,0.25533,0.25871
22.3200,STATIC_col1_p6,0.0000,6.0000,0.0000,0.0000,0.00000,0.04168,0.25533,0.25871
22.3300,STATIC_col1_p6,0.0000,6.0000,0.0000,0.0000,-0.00000,0.04168,0.25533,0.25871
22.3400,STATIC_col1_p6,0.0000,6.0000,0.0000,0.0000,-0.00000,0.04167,0.25532,0.25870
22.3500,STATIC_col1_p6,0.0000,6.0000,0.0000,0.0000,-0.00000,0.04166,0.25532,0.25870
22.3600,STATIC_col1_p6,0.0000,6.0000,0.0000,0.0000,-0.00000,0.04166,0.25532,0.25870
22.3700,STATIC_col1_p6,0.0000,6.0000,0.0000,0.0000,-0.00000,0.04165,0.25532,0.25870
22.3800,STATIC_col1_p6,0.0000,6.0000,0.0000,0.0000,-0.00000,0.04165,0.25532,0.25869
22.3900,STATIC_col1_p6,0.0000,6.0000,0.0000,0.0000,-0.00000,0.04165,0.25532,0.25869
22.4000,STATIC_col1_p6,0.0000,6.0000,0.0000,0.0000,-0.00000,0.04164,0.25532,0.25869
22.4100,STATIC_col1_p6,0.0000,6.0000,0.0000,0.0000,-0.00000,0.04164,0.25532,0.25869
22.4200,STATIC_col1_p6,0.0000,6.0000,0.0000,0.0000,-0.00000,0.04164,0.25532,0.25869
22.4300,STATIC_col1_p6,0.0000,6.0000,0.0000,0.0000,-0.00000,0.04164,0.25532,0.25869
22.4400,STATIC_col1_p6,0.0000,6.0000,0.0000,0.0000,-0.00000,0.04164,0.25532,0.25869
22.4500,STATIC_col1_p6,0.0000,6.0000,0.0000,0.0000,-0.00000,0.04164,0.25532,0.25869
22.4600,STATIC_col1_p6,0.0000,6.0000,0.0000,0.0000,-0.00000,0.04164,0.25532,0.25869
22.4700,STATIC_col1_p6,0.0000,6.0000,0.0000,0.0000,-0.00000,0.04164,0.25532,0.25869
22.4800,STATIC_col1_p6,0.0000,6.0000,0.0000,0.0000,-0.00000,0.04165,0.25532,0.25869
22.4900,STATIC_col1_p6,0.0000,6.0000,0.0000,0.0000,-0.00000,0.04165,0.25532,0.25869
22.5000,STATIC_col1_p6,0.0000,6.0000,0.0000,0.0000,-0.00000,0.04165,0.25532,0.25870
22.5100,STATIC_col1_p6,0.0000,6.0000,0.0000,0.0000,-0.00000,0.04166,0.25532,0.25870
22.5200,STATIC_col1_p6,0.0000,6.0000,0.0000,0.0000,-0.00000,0.04166,0.25532,0.25870
22.5300,STATIC_col1_p6,0.0000,6.0000,0.0000,0.0000,-0.00000,0.04166,0.25532,0.25870
22.5400,STATIC_col1_p6,0.0000,6.0000,0.0000,0.0000,-0.00000,0.04167,0.25532,0.25870
22.5500,STATIC_col1_p6,0.0000,6.0000,0.0000,0.0000,-0.00000,0.04167,0.25533,0.25870
22.5600,STATIC_col1_p6,0.0000,6.0000,0.0000,0.0000,-0.00000,0.04168,0.25533,0.25871
22.5700,STATIC_col1_p6,0.0000,6.0000,0.0000,0.0000,-0.00000,0.04169,0.25533,0.25871
22.5800,STATIC_col1_p6,0.0000,6.0000,0.0000,0.0000,-0.00000,0.04169,0.25533,0.25871
22.5900,STATIC_col1_p6,0.0000,6.0000,0.0000,0.0000,-0.00000,0.04170,0.25533,0.25871
22.6000,STATIC_col1_p6,0.0000,6.0000,0.0000,0.0000,-0.00000,0.04170,0.25533,0.25871
22.6100,STATIC_col1_p6,0.0000,6.0000,0.0000,0.0000,-0.00000,0.04171,0.25533,0.25872
22.6200,STATIC_col1_p6,0.0000,6.0000,0.0000,0.0000,-0.00000,0.04171,0.25533,0.25872
22.6300,STATIC_col1_p6,0.0000,6.0000,0.0000,0.0000,-0.00000,0.04172,0.25534,0.25872
22.6400,STATIC_col1_p6,0.0000,6.0000,0.0000,0.0000,-0.00000,0.04172,0.25534,0.25872
22.6500,STATIC_col1_p6,0.0000,6.0000,0.0000,0.0000,-0.00000,0.04173,0.25534,0.25873
22.6600,STATIC_col1_p6,0.0000,6.0000,0.0000,0.0000,-0.00000,0.04173,0.25534,0.25873
22.6700,STATIC_col1_p6,0.0000,6.0000,0.0000,0.0000,-0.00000,0.04174,0.25534,0.25873
22.6800,STATIC_col1_p6,0.0000,6.0000,0.0000,0.0000,-0.00000,0.04174,0.25534,0.25873
22.6900,STATIC_col1_p6,0.0000,6.0000,0.0000,0.0000,-0.00000,0.04175,0.25534,0.25873
22.7000,STATIC_col1_p6,0.0000,6.0000,0.0000,0.0000,-0.00000,0.04175,0.25534,0.25873
22.7100,STATIC_col1_p6,0.0000,6.0000,0.0000,0.0000,0.00000,0.04176,0.25534,0.25874
22.7200,STATIC_col1_p6,0.0000,6.0000,0.0000,0.0000,0.00000,0.04176,0.25534,0.25874
22.7300,STATIC_col1_p6,0.0000,6.0000,0.0000,0.0000,0.00000,0.04176,0.25535,0.25874
22.7400,STATIC_col1_p6,0.0000,6.0000,0.0000,0.0000,0.00000,0.04177,0.25535,0.25874
22.7500,STATIC_col1_p6,0.0000,6.0000,0.0000,0.0000,0.00000,0.04177,0.25535,0.25874
22.7600,STATIC_col1_p6,0.0000,6.0000,0.0000,0.0000,0.00000,0.04177,0.25535,0.25874
22.7700,STATIC_col1_p6,0.0000,6.0000,0.0000,0.0000,0.00000,0.04177,0.25535,0.25874
22.7800,STATIC_col1_p6,0.0000,6.0000,0.0000,0.0000,0.00000,0.04177,0.25535,0.25874
22.7900,STATIC_col1_p6,0.0000,6.0000,0.0000,0.0000,0.00000,0.04177,0.25535,0.25874
22.8000,STATIC_col1_p6,0.0000,6.0000,0.0000,0.0000,0.00000,0.04177,0.25535,0.25874
22.8100,STATIC_col1_p6,0.0000,6.0000,0.0000,0.0000,0.00000,0.04178,0.25535,0.25874
22.8200,STATIC_col1_p6,0.0000,6.0000,0.0000,0.0000,0.00000,0.04178,0.25535,0.25874
22.8300,STATIC_col1_p6,0.0000,6.0000,0.0000,0.0000,0.00000,0.04178,0.25535,0.25874
22.8400,STATIC_col1_p6,0.0000,6.0000,0.0000,0.0000,0.00000,0.04177,0.25535,0.25874
22.8500,STATIC_col1_p6,0.0000,6.0000,0.0000,0.0000,0.00000,0.04177,0.25535,0.25874
22.8600,STATIC_col1_p6,0.0000,6.0000,0.0000,0.0000,0.00000,0.04177,0.25535,0.25874
22.8700,STATIC_col1_p6,0.0000,6.0000,0.0000,0.0000,0.00000,0.04177,0.25535,0.25874
22.8800,STATIC_col1_p6,0.0000,6.0000,0.0000,0.0000,0.00000,0.04177,0.25535,0.25874
22.8900,STATIC_col1_p6,0.0000,6.0000,0.0000,0.0000,0.00000,0.04177,0.25535,0.25874
22.9000,STATIC_col1_p6,0.0000,6.0000,0.0000,0.0000,0.00000,0.04177,0.25535,0.25874
22.9100,STATIC_col1_p6,0.0000,6.0000,0.0000,0.0000,0.00000,0.04177,0.25535,0.25874
22.9200,STATIC_col1_p6,0.0000,6.0000,0.0000,0.0000,0.00000,0.04176,0.25535,0.25874
22.9300,STATIC_col1_p6,0.0000,6.0000,0.0000,0.0000,0.00000,0.04176,0.25534,0.25874
22.9400,STATIC_col1_p6,0.0000,6.0000,0.0000,0.0000,0.00000,0.04176,0.25534,0.25874
22.9500,STATIC_col1_p6,0.0000,6.0000,0.0000,0.0000,0.00000,0.04176,0.25534,0.25874
22.9600,STATIC_col1_p6,0.0000,6.0000,0.0000,0.0000,0.00000,0.04175,0.25534,0.25873
22.9700,STATIC_col1_p6,0.0000,6.0000,0.0000,0.0000,0.00000,0.04175,0.25534,0.25873
22.9800,STATIC_col1_p6,0.0000,6.0000,0.0000,0.0000,0.00000,0.04175,0.25534,0.25873
22.9900,STATIC_col1_p6,0.0000,6.0000,0.0000,0.0000,0.00000,0.04175,0.25534,0.25873
23.0000,STATIC_col1_p6,0.0000,6.0000,0.0000,0.0000,0.00000,0.04174,0.25534,0.25873
23.0100,STATIC_col1_p9,0.0000,9.0000,0.0000,0.0000,0.00000,0.04174,0.25534,0.25873
23.0200,STATIC_col1_p9,0.0000,9.0000,0.0000,0.0000,0.00000,0.04176,0.25534,0.25874
23.0300,STATIC_col1_p9,0.0000,9.0000,0.0000,0.0000,0.00000,0.04180,0.25535,0.25875
23.0400,STATIC_col1_p9,0.0000,9.0000,0.0000,0.0000,0.00000,0.04187,0.25536,0.25877
23.0500,STATIC_col1_p9,0.0000,9.0000,0.0000,0.0000,0.00000,0.04198,0.25538,0.25881
23.0600,STATIC_col1_p9,0.0000,9.0000,0.0000,0.0000,0.00000,0.04213,0.25541,0.25886
23.0700,STATIC_col1_p9,0.0000,9.0000,0.0000,0.0000,0.00000,0.04231,0.25544,0.25892
23.0800,STATIC_col1_p9,0.0000,9.0000,0.0000,0.0000,0.00000,0.04254,0.25549,0.25900
23.0900,STATIC_col1_p9,0.0000,9.0000,0.0000,0.0000,0.00000,0.04280,0.25554,0.25910
23.1000,STATIC_col1_p9,0.0000,9.0000,0.0000,0.0000,-0.00000,0.04312,0.25561,0.25922
23.1100,STATIC_col1_p9,0.0000,9.0000,0.0000,0.0000,-0.00000,0.04347,0.25569,0.25936
23.1200,STATIC_col1_p9,0.0000,9.0000,0.0000,0.0000,-0.00000,0.04387,0.25578,0.25951
23.1300,STATIC_col1_p9,0.0000,9.0000,0.0000,0.0000,-0.00000,0.04431,0.25588,0.25969
23.1400,STATIC_col1_p9,0.0000,9.0000,0.0000,0.0000,-0.00000,0.04478,0.25600,0.25989
23.1500,STATIC_col1_p9,0.0000,9.0000,0.0000,0.0000,-0.00000,0.04530,0.25613,0.26011
23.1600,STATIC_col1_p9,0.0000,9.0000,0.0000,0.0000,-0.00000,0.04584,0.25628,0.26035
23.1700,STATIC_col1_p9,0.0000,9.0000,0.0000,0.0000,-0.00000,0.04643,0.25643,0.26060
23.1800,STATIC_col1_p9,0.0000,9.0000,0.0000,0.0000,-0.00000,0.04703,0.25660,0.26088
23.1900,STATIC_col1_p9,0.0000,9.0000,0.0000,0.0000,-0.00000,0.04767,0.25678,0.26117
23.2000,STATIC_col1_p9,0.0000,9.0000,0.0000,0.0000,-0.00000,0.04833,0.25697,0.26147
23.2100,STATIC_col1_p9,0.0000,9.0000,0.0000,0.0000,-0.00000,0.04900,0.25716,0.26179
23.2200,STATIC_col1_p9,0.0000,9.0000,0.0000,0.0000,-0.00000,0.04969,0.25737,0.26212
23.2300,STATIC_col1_p9,0.0000,9.0000,0.0000,0.0000,-0.00000,0.05039,0.25757,0.26246
23.2400,STATIC_col1_p9,0.0000,9.0000,0.0000,0.0000,-0.00000,0.05110,0.25779,0.26281
23.2500,STATIC_col1_p9,0.0000,9.0000,0.0000,0.0000,-0.00000,0.05181,0.25801,0.26316
23.2600,STATIC_col1_p9,0.0000,9.0000,0.0000,0.0000,-0.00000,0.05253,0.25823,0.26352
23.2700,STATIC_col1_p9,0.0000,9.0000,0.0000,0.0000,-0.00000,0.05323,0.25845,0.26388
23.2800,STATIC_col1_p9,0.0000,9.0000,0.0000,0.0000,-0.00000,0.05394,0.25868,0.26424
23.2900,STATIC_col1_p9,0.0000,9.0000,0.0000,0.0000,-0.00000,0.05463,0.25890,0.26460
23.3000,STATIC_col1_p9,0.0000,9.0000,0.0000,0.0000,-0.00000,0.05530,0.25912,0.26496
23.3100,STATIC_col1_p9,0.0000,9.0000,0.0000,0.0000,-0.00000,0.05596,0.25934,0.26531
23.3200,STATIC_col1_p9,0.0000,9.0000,0.0000,0.0000,-0.00000,0.05660,0.25955,0.26565
23.3300,STATIC_col1_p9,0.0000,9.0000,0.0000,0.0000,-0.00000,0.05721,0.25976,0.26599
23.3400,STATIC_col1_p9,0.0000,9.0000,0.0000,0.0000,-0.00000,0.05780,0.25997,0.26631
23.3500,STATIC_col1_p9,0.0000,9.0000,0.0000,0.0000,-0.00000,0.05836,0.26016,0.26663
23.3600,STATIC_col1_p9,0.0000,9.0000,0.0000,0.0000,-0.00000,0.05890,0.26035,0.26693
23.3700,STATIC_col1_p9,0.0000,9.0000,0.0000,0.0000,-0.00000,0.05940,0.26053,0.26721
23.3800,STATIC_col1_p9,0.0000,9.0000,0.0000,0.0000,-0.00000,0.05986,0.26070,0.26748
23.3900,STATIC_col1_p9,0.0000,9.0000,0.0000,0.0000,-0.00000,0.06030,0.26086,0.26774
23.4000,STATIC_col1_p9,0.0000,9.0000,0.0000,0.0000,-0.00000,0.06070,0.26101,0.26797
23.4100,STATIC_col1_p9,0.0000,9.0000,0.0000,0.0000,-0.00000,0.06106,0.26114,0.26819
23.4200,STATIC_col1_p9,0.0000,9.0000,0.0000,0.0000,-0.00000,0.06139,0.26127,0.26838
23.4300,STATIC_col1_p9,0.0000,9.0000,0.0000,0.0000,-0.00000,0.06167,0.26138,0.26856
23.4400,STATIC_col1_p9,0.0000,9.0000,0.0000,0.0000,-0.00000,0.06193,0.26148,0.26871
23.4500,STATIC_col1_p9,0.0000,9.0000,0.0000,0.0000,-0.00000,0.06214,0.26157,0.26885
23.4600,STATIC_col1_p9,0.0000,9.0000,0.0000,0.0000,-0.00000,0.06232,0.26164,0.26896
23.4700,STATIC_col1_p9,0.0000,9.0000,0.0000,0.0000,-0.00000,0.06247,0.26170,0.26906
23.4800,STATIC_col1_p9,0.0000,9.0000,0.0000,0.0000,0.00000,0.06258,0.26175,0.26913
23.4900,STATIC_col1_p9,0.0000,9.0000,0.0000,0.0000,0.00000,0.06265,0.26179,0.26918
23.5000,STATIC_col1_p9,0.0000,9.0000,0.0000,0.0000,0.00000,0.06269,0.26182,0.26922
23.5100,STATIC_col1_p9,0.0000,9.0000,0.0000,0.0000,0.00000,0.06271,0.26183,0.26923
23.5200,STATIC_col1_p9,0.0000,9.0000,0.0000,0.0000,0.00000,0.06269,0.26183,0.26923
23.5300,STATIC_col1_p9,0.0000,9.0000,0.0000,0.0000,0.00000,0.06264,0.26183,0.26921
23.5400,STATIC_col1_p9,0.0000,9.0000,0.0000,0.0000,0.00000,0.06256,0.26181,0.26918
23.5500,STATIC_col1_p9,0.0000,9.0000,0.0000,0.0000,0.00000,0.06247,0.26178,0.26913
23.5600,STATIC_col1_p9,0.0000,9.0000,0.0000,0.0000,0.00000,0.06234,0.26175,0.26907
23.5700,STATIC_col1_p9,0.0000,9.0000,0.0000,0.0000,0.00000,0.06220,0.26171,0.26900
23.5800,STATIC_col1_p9,0.0000,9.0000,0.0000,0.0000,0.00000,0.06204,0.26166,0.26891
23.5900,STATIC_col1_p9,0.0000,9.0000,0.0000,0.0000,0.00000,0.06186,0.26160,0.26881
23.6000,STATIC_col1_p9,0.0000,9.0000,0.0000,0.0000,0.00000,0.06166,0.26154,0.26871
23.6100,STATIC_col1_p9,0.0000,9.0000,0.0000,0.0000,0.00000,0.06145,0.26148,0.26860
23.6200,STATIC_col1_p9,0.0000,9.0000,0.0000,0.0000,0.00000,0.06123,0.26141,0.26848
23.6300,STATIC_col1_p9,0.0000,9.0000,0.0000,0.0000,0.00000,0.06100,0.26133,0.26836
23.6400,STATIC_col1_p9,0.0000,9.0000,0.0000,0.0000,0.00000,0.06077,0.26126,0.26823
23.6500,STATIC_col1_p9,0.0000,9.0000,0.0000,0.0000,0.00000,0.06052,0.26118,0.26810
23.6600,STATIC_col1_p9,0.0000,9.0000,0.0000,0.0000,0.00000,0.06028,0.26111,0.26797
23.6700,STATIC_col1_p9,0.0000,9.0000,0.0000,0.0000,0.00000,0.06003,0.26103,0.26784
23.6800,STATIC_col1_p9,0.0000,9.0000,0.0000,0.0000,0.00000,0.05979,0.26095,0.26771
23.6900,STATIC_col1_p9,0.0000,9.0000,0.0000,0.0000,0.00000,0.05954,0.26088,0.26758
23.7000,STATIC_col1_p9,0.0000,9.0000,0.0000,0.0000,0.00000,0.05930,0.26080,0.26746
23.7100,STATIC_col1_p9,0.0000,9.0000,0.0000,0.0000,0.00000,0.05907,0.26073,0.26734
23.7200,STATIC_col1_p9,0.0000,9.0000,0.0000,0.0000,0.00000,0.05884,0.26066,0.26722
23.7300,STATIC_col1_p9,0.0000,9.0000,0.0000,0.0000,0.00000,0.05862,0.26059,0.26710
23.7400,STATIC_col1_p9,0.0000,9.0000,0.0000,0.0000,0.00000,0.05841,0.26053,0.26699
23.7500,STATIC_col1_p9,0.0000,9.0000,0.0000,0.0000,0.00000,0.05821,0.26046,0.26689
23.7600,STATIC_col1_p9,0.0000,9.0000,0.0000,0.0000,0.00000,0.05802,0.26041,0.26679
23.7700,STATIC_col1_p9,0.0000,9.0000,0.0000,0.0000,0.00000,0.05785,0.26035,0.26670
23.7800,STATIC_col1_p9,0.0000,9.0000,0.0000,0.0000,0.00000,0.05768,0.26030,0.26662
23.7900,STATIC_col1_p9,0.0000,9.0000,0.0000,0.0000,0.00000,0.05753,0.26026,0.26654
23.8000,STATIC_col1_p9,0.0000,9.0000,0.0000,0.0000,0.00000,0.05740,0.26022,0.26647
23.8100,STATIC_col1_p9,0.0000,9.0000,0.0000,0.0000,0.00000,0.05727,0.26018,0.26641
23.8200,STATIC_col1_p9,0.0000,9.0000,0.0000,0.0000,0.00000,0.05717,0.26015,0.26636
23.8300,STATIC_col1_p9,0.0000,9.0000,0.0000,0.0000,0.00000,0.05708,0.26013,0.26631
23.8400,STATIC_col1_p9,0.0000,9.0000,0.0000,0.0000,0.00000,0.05700,0.26010,0.26628
23.8500,STATIC_col1_p9,0.0000,9.0000,0.0000,0.0000,0.00000,0.05694,0.26009,0.26625
23.8600,STATIC_col1_p9,0.0000,9.0000,0.0000,0.0000,-0.00000,0.05689,0.26007,0.26622
23.8700,STATIC_col1_p9,0.0000,9.0000,0.0000,0.0000,-0.00000,0.05686,0.26007,0.26621
23.8800,STATIC_col1_p9,0.0000,9.0000,0.0000,0.0000,-0.00000,0.05684,0.26006,0.26620
23.8900,STATIC_col1_p9,0.0000,9.0000,0.0000,0.0000,-0.00000,0.05683,0.26006,0.26620
23.9000,STATIC_col1_p9,0.0000,9.0000,0.0000,0.0000,-0.00000,0.05684,0.26007,0.26620
23.9100,STATIC_col1_p9,0.0000,9.0000,0.0000,0.0000,-0.00000,0.05686,0.26007,0.26622
23.9200,STATIC_col1_p9,0.0000,9.0000,0.0000,0.0000,-0.00000,0.05690,0.26008,0.26624
23.9300,STATIC_col1_p9,0.0000,9.0000,0.0000,0.0000,-0.00000,0.05694,0.26010,0.26626
23.9400,STATIC_col1_p9,0.0000,9.0000,0.0000,0.0000,-0.00000,0.05700,0.26012,0.26629
23.9500,STATIC_col1_p9,0.0000,9.0000,0.0000,0.0000,-0.00000,0.05706,0.26014,0.26632
23.9600,STATIC_col1_p9,0.0000,9.0000,0.0000,0.0000,-0.00000,0.05713,0.26016,0.26636
23.9700,STATIC_col1_p9,0.0000,9.0000,0.0000,0.0000,-0.00000,0.05721,0.26019,0.26640
23.9800,STATIC_col1_p9,0.0000,9.0000,0.0000,0.0000,-0.00000,0.05730,0.26022,0.26645
23.9900,STATIC_col1_p9,0.0000,9.0000,0.0000,0.0000,-0.00000,0.05740,0.26025,0.26650
24.0000,STATIC_col1_p9,0.0000,9.0000,0.0000,0.0000,-0.00000,0.05750,0.26028,0.26655
24.0100,STATIC_col1_p9,0.0000,9.0000,0.0000,0.0000,-0.00000,0.05760,0.26031,0.26661
24.0200,STATIC_col1_p9,0.0000,9.0000,0.0000,0.0000,-0.00000,0.05771,0.26035,0.26667
24.0300,STATIC_col1_p9,0.0000,9.0000,0.0000,0.0000,-0.00000,0.05782,0.26038,0.26672
24.0400,STATIC_col1_p9,0.0000,9.0000,0.0000,0.0000,-0.00000,0.05793,0.26042,0.26678
24.0500,STATIC_col1_p9,0.0000,9.0000,0.0000,0.0000,-0.00000,0.05804,0.26045,0.26684
24.0600,STATIC_col1_p9,0.0000,9.0000,0.0000,0.0000,-0.00000,0.05816,0.26049,0.26690
24.0700,STATIC_col1_p9,0.0000,9.0000,0.0000,0.0000,-0.00000,0.05827,0.26053,0.26696
24.0800,STATIC_col1_p9,0.0000,9.0000,0.0000,0.0000,-0.00000,0.05838,0.26056,0.26702
24.0900,STATIC_col1_p9,0.0000,9.0000,0.0000,0.0000,-0.00000,0.05849,0.26060,0.26708
24.1000,STATIC_col1_p9,0.0000,9.0000,0.0000,0.0000,-0.00000,0.05860,0.26063,0.26714
24.1100,STATIC_col1_p9,0.0000,9.0000,0.0000,0.0000,-0.00000,0.05870,0.26067,0.26720
24.1200,STATIC_col1_p9,0.0000,9.0000,0.0000,0.0000,-0.00000,0.05880,0.26070,0.26725
24.1300,STATIC_col1_p9,0.0000,9.0000,0.0000,0.0000,-0.00000,0.05890,0.26073,0.26730
24.1400,STATIC_col1_p9,0.0000,9.0000,0.0000,0.0000,-0.00000,0.05899,0.26076,0.26735
24.1500,STATIC_col1_p9,0.0000,9.0000,0.0000,0.0000,-0.00000,0.05907,0.26079,0.26739
24.1600,STATIC_col1_p9,0.0000,9.0000,0.0000,0.0000,-0.00000,0.05915,0.26081,0.26744
24.1700,STATIC_col1_p9,0.0000,9.0000,0.0000,0.0000,-0.00000,0.05923,0.26084,0.26748
24.1800,STATIC_col1_p9,0.0000,9.0000,0.0000,0.0000,-0.00000,0.05929,0.26086,0.26751
24.1900,STATIC_col1_p9,0.0000,9.0000,0.0000,0.0000,-0.00000,0.05935,0.26088,0.26755
24.2000,STATIC_col1_p9,0.0000,9.0000,0.0000,0.0000,-0.00000,0.05941,0.26090,0.26758
24.2100,STATIC_col1_p9,0.0000,9.0000,0.0000,0.0000,-0.00000,0.05946,0.26091,0.26760
24.2200,STATIC_col1_p9,0.0000,9.0000,0.0000,0.0000,-0.00000,0.05950,0.26093,0.26762
24.2300,STATIC_col1_p9,0.0000,9.0000,0.0000,0.0000,-0.00000,0.05953,0.26094,0.26764
24.2400,STATIC_col1_p9,0.0000,9.0000,0.0000,0.0000,0.00000,0.05956,0.26095,0.26766
24.2500,STATIC_col1_p9,0.0000,9.0000,0.0000,0.0000,0.00000,0.05958,0.26095,0.26767
24.2600,STATIC_col1_p9,0.0000,9.0000,0.0000,0.0000,0.00000,0.05960,0.26096,0.26768
24.2700,STATIC_col1_p9,0.0000,9.0000,0.0000,0.0000,0.00000,0.05960,0.26096,0.26768
24.2800,STATIC_col1_p9,0.0000,9.0000,0.0000,0.0000,0.00000,0.05961,0.26096,0.26768
24.2900,STATIC_col1_p9,0.0000,9.0000,0.0000,0.0000,0.00000,0.05960,0.26096,0.26768
24.3000,STATIC_col1_p9,0.0000,9.0000,0.0000,0.0000,0.00000,0.05959,0.26096,0.26768
24.3100,STATIC_col1_p9,0.0000,9.0000,0.0000,0.0000,0.00000,0.05958,0.26095,0.26767
24.3200,STATIC_col1_p9,0.0000,9.0000,0.0000,0.0000,0.00000,0.05956,0.26095,0.26766
24.3300,STATIC_col1_p9,0.0000,9.0000,0.0000,0.0000,0.00000,0.05954,0.26094,0.26765
24.3400,STATIC_col1_p9,0.0000,9.0000,0.0000,0.0000,0.00000,0.05951,0.26093,0.26763
24.3500,STATIC_col1_p9,0.0000,9.0000,0.0000,0.0000,0.00000,0.05948,0.26092,0.26761
24.3600,STATIC_col1_p9,0.0000,9.0000,0.0000,0.0000,0.00000,0.05944,0.26091,0.26760
24.3700,STATIC_col1_p9,0.0000,9.0000,0.0000,0.0000,0.00000,0.05940,0.26090,0.26757
24.3800,STATIC_col1_p9,0.0000,9.0000,0.0000,0.0000,0.00000,0.05936,0.26088,0.26755
24.3900,STATIC_col1_p9,0.0000,9.0000,0.0000,0.0000,0.00000,0.05932,0.26087,0.26753
24.4000,STATIC_col1_p9,0.0000,9.0000,0.0000,0.0000,0.00000,0.05927,0.26085,0.26750
24.4100,STATIC_col1_p9,0.0000,9.0000,0.0000,0.0000,0.00000,0.05923,0.26084,0.26748
24.4200,STATIC_col1_p9,0.0000,9.0000,0.0000,0.0000,0.00000,0.05918,0.26082,0.26745
24.4300,STATIC_col1_p9,0.0000,9.0000,0.0000,0.0000,0.00000,0.05913,0.26081,0.26743
24.4400,STATIC_col1_p9,0.0000,9.0000,0.0000,0.0000,0.00000,0.05908,0.26079,0.26740
24.4500,STATIC_col1_p9,0.0000,9.0000,0.0000,0.0000,0.00000,0.05903,0.26078,0.26737
24.4600,STATIC_col1_p9,0.0000,9.0000,0.0000,0.0000,0.00000,0.05898,0.26076,0.26735
24.4700,STATIC_col1_p9,0.0000,9.0000,0.0000,0.0000,0.00000,0.05893,0.26074,0.26732
24.4800,STATIC_col1_p9,0.0000,9.0000,0.0000,0.0000,0.00000,0.05888,0.26073,0.26729
24.4900,STATIC_col1_p9,0.0000,9.0000,0.0000,0.0000,0.00000,0.05884,0.26071,0.26727
24.5000,STATIC_col1_p9,0.0000,9.0000,0.0000,0.0000,0.00000,0.05879,0.26070,0.26725
24.5100,STATIC_col1_p9,0.0000,9.0000,0.0000,0.0000,0.00000,0.05875,0.26069,0.26722
24.5200,STATIC_col1_p9,0.0000,9.0000,0.0000,0.0000,0.00000,0.05871,0.26067,0.26720
24.5300,STATIC_col1_p9,0.0000,9.0000,0.0000,0.0000,0.00000,0.05867,0.26066,0.26718
24.5400,STATIC_col1_p9,0.0000,9.0000,0.0000,0.0000,0.00000,0.05863,0.26065,0.26716
24.5500,STATIC_col1_p9,0.0000,9.0000,0.0000,0.0000,0.00000,0.05859,0.26064,0.26714
24.5600,STATIC_col1_p9,0.0000,9.0000,0.0000,0.0000,0.00000,0.05856,0.26063,0.26712
24.5700,STATIC_col1_p9,0.0000,9.0000,0.0000,0.0000,0.00000,0.05853,0.26062,0.26711
24.5800,STATIC_col1_p9,0.0000,9.0000,0.0000,0.0000,0.00000,0.05851,0.26061,0.26709
24.5900,STATIC_col1_p9,0.0000,9.0000,0.0000,0.0000,0.00000,0.05848,0.26060,0.26708
24.6000,STATIC_col1_p9,0.0000,9.0000,0.0000,0.0000,0.00000,0.05846,0.26059,0.26707
24.6100,STATIC_col1_p9,0.0000,9.0000,0.0000,0.0000,0.00000,0.05844,0.26059,0.26706
24.6200,STATIC_col1_p9,0.0000,9.0000,0.0000,0.0000,-0.00000,0.05843,0.26058,0.26705
24.6300,STATIC_col1_p9,0.0000,9.0000,0.0000,0.0000,-0.00000,0.05842,0.26058,0.26705
24.6400,STATIC_col1_p9,0.0000,9.0000,0.0000,0.0000,-0.00000,0.05841,0.26058,0.26704
24.6500,STATIC_col1_p9,0.0000,9.0000,0.0000,0.0000,-0.00000,0.05840,0.26058,0.26704
24.6600,STATIC_col1_p9,0.0000,9.0000,0.0000,0.0000,-0.00000,0.05840,0.26057,0.26704
24.6700,STATIC_col1_p9,0.0000,9.0000,0.0000,0.0000,-0.00000,0.05840,0.26057,0.26704
24.6800,STATIC_col1_p9,0.0000,9.0000,0.0000,0.0000,-0.00000,0.05840,0.26057,0.26704
24.6900,STATIC_col1_p9,0.0000,9.0000,0.0000,0.0000,-0.00000,0.05840,0.26058,0.26704
24.7000,STATIC_col1_p9,0.0000,9.0000,0.0000,0.0000,-0.00000,0.05841,0.26058,0.26704
24.7100,STATIC_col1_p9,0.0000,9.0000,0.0000,0.0000,-0.00000,0.05842,0.26058,0.26705
24.7200,STATIC_col1_p9,0.0000,9.0000,0.0000,0.0000,-0.00000,0.05843,0.26058,0.26705
24.7300,STATIC_col1_p9,0.0000,9.0000,0.0000,0.0000,-0.00000,0.05844,0.26059,0.26706
24.7400,STATIC_col1_p9,0.0000,9.0000,0.0000,0.0000,-0.00000,0.05846,0.26059,0.26707
24.7500,STATIC_col1_p9,0.0000,9.0000,0.0000,0.0000,-0.00000,0.05847,0.26060,0.26708
24.7600,STATIC_col1_p9,0.0000,9.0000,0.0000,0.0000,-0.00000,0.05849,0.26060,0.26709
24.7700,STATIC_col1_p9,0.0000,9.0000,0.0000,0.0000,-0.00000,0.05851,0.26061,0.26710
24.7800,STATIC_col1_p9,0.0000,9.0000,0.0000,0.0000,-0.00000,0.05853,0.26062,0.26711
24.7900,STATIC_col1_p9,0.0000,9.0000,0.0000,0.0000,-0.00000,0.05855,0.26062,0.26712
24.8000,STATIC_col1_p9,0.0000,9.0000,0.0000,0.0000,-0.00000,0.05857,0.26063,0.26713
24.8100,STATIC_col1_p9,0.0000,9.0000,0.0000,0.0000,-0.00000,0.05859,0.26064,0.26714
24.8200,STATIC_col1_p9,0.0000,9.0000,0.0000,0.0000,-0.00000,0.05861,0.26064,0.26715
24.8300,STATIC_col1_p9,0.0000,9.0000,0.0000,0.0000,-0.00000,0.05863,0.26065,0.26716
24.8400,STATIC_col1_p9,0.0000,9.0000,0.0000,0.0000,-0.00000,0.05866,0.26066,0.26718
24.8500,STATIC_col1_p9,0.0000,9.0000,0.0000,0.0000,-0.00000,0.05868,0.26066,0.26719
24.8600,STATIC_col1_p9,0.0000,9.0000,0.0000,0.0000,-0.00000,0.05870,0.26067,0.26720
24.8700,STATIC_col1_p9,0.0000,9.0000,0.0000,0.0000,-0.00000,0.05872,0.26068,0.26721
24.8800,STATIC_col1_p9,0.0000,9.0000,0.0000,0.0000,-0.00000,0.05874,0.26068,0.26722
24.8900,STATIC_col1_p9,0.0000,9.0000,0.0000,0.0000,-0.00000,0.05876,0.26069,0.26723
24.9000,STATIC_col1_p9,0.0000,9.0000,0.0000,0.0000,-0.00000,0.05878,0.26070,0.26724
24.9100,STATIC_col1_p9,0.0000,9.0000,0.0000,0.0000,-0.00000,0.05880,0.26070,0.26725
24.9200,STATIC_col1_p9,0.0000,9.0000,0.0000,0.0000,-0.00000,0.05882,0.26071,0.26726
24.9300,STATIC_col1_p9,0.0000,9.0000,0.0000,0.0000,-0.00000,0.05883,0.26071,0.26727
24.9400,STATIC_col1_p9,0.0000,9.0000,0.0000,0.0000,-0.00000,0.05885,0.26072,0.26728
24.9500,STATIC_col1_p9,0.0000,9.0000,0.0000,0.0000,-0.00000,0.05886,0.26072,0.26729
24.9600,STATIC_col1_p9,0.0000,9.0000,0.0000,0.0000,-0.00000,0.05888,0.26073,0.26729
24.9700,STATIC_col1_p9,0.0000,9.0000,0.0000,0.0000,-0.00000,0.05889,0.26073,0.26730
24.9800,STATIC_col1_p9,0.0000,9.0000,0.0000,0.0000,-0.00000,0.05890,0.26073,0.26730
24.9900,STATIC_col1_p9,0.0000,9.0000,0.0000,0.0000,-0.00000,0.05891,0.26074,0.26731
25.0000,STATIC_col1_p9,0.0000,9.0000,0.0000,0.0000,0.00000,0.05891,0.26074,0.26731
25.0100,STATIC_col1_p9,0.0000,9.0000,0.0000,0.0000,0.00000,0.05892,0.26074,0.26732
25.0200,STATIC_col1_p9,0.0000,9.0000,0.0000,0.0000,0.00000,0.05893,0.26074,0.26732
25.0300,STATIC_col1_p9,0.0000,9.0000,0.0000,0.0000,0.00000,0.05893,0.26075,0.26732
25.0400,STATIC_col1_p9,0.0000,9.0000,0.0000,0.0000,0.00000,0.05893,0.26075,0.26732
25.0500,STATIC_col1_p9,0.0000,9.0000,0.0000,0.0000,0.00000,0.05893,0.26075,0.26732
25.0600,STATIC_col1_p9,0.0000,9.0000,0.0000,0.0000,0.00000,0.05893,0.26075,0.26732
25.0700,STATIC_col1_p9,0.0000,9.0000,0.0000,0.0000,0.00000,0.05893,0.26075,0.26732
25.0800,STATIC_col1_p9,0.0000,9.0000,0.0000,0.0000,0.00000,0.05893,0.26075,0.26732
25.0900,STATIC_col1_p9,0.0000,9.0000,0.0000,0.0000,0.00000,0.05893,0.26074,0.26732
25.1000,STATIC_col1_p9,0.0000,9.0000,0.0000,0.0000,0.00000,0.05892,0.26074,0.26732
25.1100,STATIC_col1_p9,0.0000,9.0000,0.0000,0.0000,0.00000,0.05892,0.26074,0.26732
25.1200,STATIC_col1_p9,0.0000,9.0000,0.0000,0.0000,0.00000,0.05891,0.26074,0.26731
25.1300,STATIC_col1_p9,0.0000,9.0000,0.0000,0.0000,0.00000,0.05891,0.26074,0.26731
25.1400,STATIC_col1_p9,0.0000,9.0000,0.0000,0.0000,0.00000,0.05890,0.26074,0.26731
25.1500,STATIC_col1_p9,0.0000,9.0000,0.0000,0.0000,0.00000,0.05889,0.26073,0.26730
25.1600,STATIC_col1_p9,0.0000,9.0000,0.0000,0.0000,0.00000,0.05888,0.26073,0.26730
25.1700,STATIC_col1_p9,0.0000,9.0000,0.0000,0.0000,0.00000,0.05888,0.26073,0.26729
25.1800,STATIC_col1_p9,0.0000,9.0000,0.0000,0.0000,0.00000,0.05887,0.26072,0.26729
25.1900,STATIC_col1_p9,0.0000,9.0000,0.0000,0.0000,0.00000,0.05886,0.26072,0.26728
25.2000,STATIC_col1_p9,0.0000,9.0000,0.0000,0.0000,0.00000,0.05885,0.26072,0.26728
25.2100,STATIC_col1_p9,0.0000,9.0000,0.0000,0.0000,0.00000,0.05884,0.26072,0.26727
25.2200,STATIC_col1_p9,0.0000,9.0000,0.0000,0.0000,0.00000,0.05883,0.26071,0.26727
25.2300,STATIC_col1_p9,0.0000,9.0000,0.0000,0.0000,0.00000,0.05882,0.26071,0.26726
25.2400,STATIC_col1_p9,0.0000,9.0000,0.0000,0.0000,0.00000,0.05881,0.26071,0.26726
25.2500,STATIC_col1_p9,0.0000,9.0000,0.0000,0.0000,0.00000,0.05880,0.26070,0.26725
25.2600,STATIC_col1_p9,0.0000,9.0000,0.0000,0.0000,0.00000,0.05879,0.26070,0.26725
25.2700,STATIC_col1_p9,0.0000,9.0000,0.0000,0.0000,0.00000,0.05878,0.26070,0.26724
25.2800,STATIC_col1_p9,0.0000,9.0000,0.0000,0.0000,0.00000,0.05877,0.26069,0.26724
25.2900,STATIC_col1_p9,0.0000,9.0000,0.0000,0.0000,0.00000,0.05876,0.26069,0.26723
25.3000,STATIC_col1_p9,0.0000,9.0000,0.0000,0.0000,0.00000,0.05876,0.26069,0.26723
25.3100,STATIC_col1_p9,0.0000,9.0000,0.0000,0.0000,0.00000,0.05875,0.26069,0.26722
25.3200,STATIC_col1_p9,0.0000,9.0000,0.0000,0.0000,0.00000,0.05874,0.26068,0.26722
25.3300,STATIC_col1_p9,0.0000,9.0000,0.0000,0.0000,0.00000,0.05873,0.26068,0.26722
25.3400,STATIC_col1_p9,0.0000,9.0000,0.0000,0.0000,0.00000,0.05873,0.26068,0.26721
25.3500,STATIC_col1_p9,0.0000,9.0000,0.0000,0.0000,0.00000,0.05872,0.26068,0.26721
25.3600,STATIC_col1_p9,0.0000,9.0000,0.0000,0.0000,0.00000,0.05872,0.26068,0.26721
25.3700,STATIC_col1_p9,0.0000,9.0000,0.0000,0.0000,0.00000,0.05871,0.26068,0.26721
25.3800,STATIC_col1_p9,0.0000,9.0000,0.0000,0.0000,-0.00000,0.05871,0.26067,0.26720
25.3900,STATIC_col1_p9,0.0000,9.0000,0.0000,0.0000,-0.00000,0.05871,0.26067,0.26720
25.4000,STATIC_col1_p9,0.0000,9.0000,0.0000,0.0000,-0.00000,0.05870,0.26067,0.26720
25.4100,STATIC_col1_p9,0.0000,9.0000,0.0000,0.0000,-0.00000,0.05870,0.26067,0.26720
25.4200,STATIC_col1_p9,0.0000,9.0000,0.0000,0.0000,-0.00000,0.05870,0.26067,0.26720
25.4300,STATIC_col1_p9,0.0000,9.0000,0.0000,0.0000,-0.00000,0.05870,0.26067,0.26720
25.4400,STATIC_col1_p9,0.0000,9.0000,0.0000,0.0000,-0.00000,0.05870,0.26067,0.26720
25.4500,STATIC_col1_p9,0.0000,9.0000,0.0000,0.0000,-0.00000,0.05870,0.26067,0.26720
25.4600,STATIC_col1_p9,0.0000,9.0000,0.0000,0.0000,-0.00000,0.05870,0.26067,0.26720
25.4700,STATIC_col1_p9,0.0000,9.0000,0.0000,0.0000,-0.00000,0.05870,0.26067,0.26720
25.4800,STATIC_col1_p9,0.0000,9.0000,0.0000,0.0000,-0.00000,0.05870,0.26067,0.26720
25.4900,STATIC_col1_p9,0.0000,9.0000,0.0000,0.0000,-0.00000,0.05870,0.26067,0.26720
25.5000,STATIC_col1_p9,0.0000,9.0000,0.0000,0.0000,-0.00000,0.05870,0.26067,0.26720
25.5100,STATIC_col1_p9,0.0000,9.0000,0.0000,0.0000,-0.00000,0.05871,0.26067,0.26720
25.5200,STATIC_col1_p9,0.0000,9.0000,0.0000,0.0000,-0.00000,0.05871,0.26067,0.26720
25.5300,STATIC_col1_p9,0.0000,9.0000,0.0000,0.0000,-0.00000,0.05871,0.26068,0.26721
25.5400,STATIC_col1_p9,0.0000,9.0000,0.0000,0.0000,-0.00000,0.05872,0.26068,0.26721
25.5500,STATIC_col1_p9,0.0000,9.0000,0.0000,0.0000,-0.00000,0.05872,0.26068,0.26721
25.5600,STATIC_col1_p9,0.0000,9.0000,0.0000,0.0000,-0.00000,0.05872,0.26068,0.26721
25.5700,STATIC_col1_p9,0.0000,9.0000,0.0000,0.0000,-0.00000,0.05873,0.26068,0.26721
25.5800,STATIC_col1_p9,0.0000,9.0000,0.0000,0.0000,-0.00000,0.05873,0.26068,0.26722
25.5900,STATIC_col1_p9,0.0000,9.0000,0.0000,0.0000,-0.00000,0.05874,0.26068,0.26722
25.6000,STATIC_col1_p9,0.0000,9.0000,0.0000,0.0000,-0.00000,0.05874,0.26068,0.26722
25.6100,STATIC_col1_p9,0.0000,9.0000,0.0000,0.0000,-0.00000,0.05874,0.26069,0.26722
25.6200,STATIC_col1_p9,0.0000,9.0000,0.0000,0.0000,-0.00000,0.05875,0.26069,0.26722
25.6300,STATIC_col1_p9,0.0000,9.0000,0.0000,0.0000,-0.00000,0.05875,0.26069,0.26723
25.6400,STATIC_col1_p9,0.0000,9.0000,0.0000,0.0000,-0.00000,0.05876,0.26069,0.26723
25.6500,STATIC_col1_p9,0.0000,9.0000,0.0000,0.0000,-0.00000,0.05876,0.26069,0.26723
25.6600,STATIC_col1_p9,0.0000,9.0000,0.0000,0.0000,-0.00000,0.05876,0.26069,0.26723
25.6700,STATIC_col1_p9,0.0000,9.0000,0.0000,0.0000,-0.00000,0.05877,0.26069,0.26724
25.6800,STATIC_col1_p9,0.0000,9.0000,0.0000,0.0000,-0.00000,0.05877,0.26069,0.26724
25.6900,STATIC_col1_p9,0.0000,9.0000,0.0000,0.0000,-0.00000,0.05878,0.26070,0.26724
25.7000,STATIC_col1_p9,0.0000,9.0000,0.0000,0.0000,-0.00000,0.05878,0.26070,0.26724
25.7100,STATIC_col1_p9,0.0000,9.0000,0.0000,0.0000,-0.00000,0.05878,0.26070,0.26724
25.7200,STATIC_col1_p9,0.0000,9.0000,0.0000,0.0000,-0.00000,0.05879,0.26070,0.26724
25.7300,STATIC_col1_p9,0.0000,9.0000,0.0000,0.0000,-0.00000,0.05879,0.26070,0.26725
25.7400,STATIC_col1_p9,0.0000,9.0000,0.0000,0.0000,-0.00000,0.05879,0.26070,0.26725
25.7500,STATIC_col1_p9,0.0000,9.0000,0.0000,0.0000,-0.00000,0.05879,0.26070,0.26725
25.7600,STATIC_col1_p9,0.0000,9.0000,0.0000,0.0000,0.00000,0.05879,0.26070,0.26725
25.7700,STATIC_col1_p9,0.0000,9.0000,0.0000,0.0000,0.00000,0.05880,0.26070,0.26725
25.7800,STATIC_col1_p9,0.0000,9.0000,0.0000,0.0000,0.00000,0.05880,0.26070,0.26725
25.7900,STATIC_col1_p9,0.0000,9.0000,0.0000,0.0000,0.00000,0.05880,0.26070,0.26725
25.8000,STATIC_col1_p9,0.0000,9.0000,0.0000,0.0000,0.00000,0.05880,0.26070,0.26725
25.8100,STATIC_col1_p9,0.0000,9.0000,0.0000,0.0000,0.00000,0.05880,0.26070,0.26725
25.8200,STATIC_col1_p9,0.0000,9.0000,0.0000,0.0000,0.00000,0.05880,0.26070,0.26725
25.8300,STATIC_col1_p9,0.0000,9.0000,0.0000,0.0000,0.00000,0.05880,0.26070,0.26725
25.8400,STATIC_col1_p9,0.0000,9.0000,0.0000,0.0000,0.00000,0.05880,0.26070,0.26725
25.8500,STATIC_col1_p9,0.0000,9.0000,0.0000,0.0000,0.00000,0.05880,0.26070,0.26725
25.8600,STATIC_col1_p9,0.0000,9.0000,0.0000,0.0000,0.00000,0.05880,0.26070,0.26725
25.8700,STATIC_col1_p9,0.0000,9.0000,0.0000,0.0000,0.00000,0.05880,0.26070,0.26725
25.8800,STATIC_col1_p9,0.0000,9.0000,0.0000,0.0000,0.00000,0.05880,0.26070,0.26725
25.8900,STATIC_col1_p9,0.0000,9.0000,0.0000,0.0000,0.00000,0.05880,0.26070,0.26725
25.9000,STATIC_col1_p9,0.0000,9.0000,0.0000,0.0000,0.00000,0.05880,0.26070,0.26725
25.9100,STATIC_col1_p9,0.0000,9.0000,0.0000,0.0000,0.00000,0.05880,0.26070,0.26725
25.9200,STATIC_col1_p9,0.0000,9.0000,0.0000,0.0000,0.00000,0.05879,0.26070,0.26725
25.9300,STATIC_col1_p9,0.0000,9.0000,0.0000,0.0000,0.00000,0.05879,0.26070,0.26725
25.9400,STATIC_col1_p9,0.0000,9.0000,0.0000,0.0000,0.00000,0.05879,0.26070,0.26725
25.9500,STATIC_col1_p9,0.0000,9.0000,0.0000,0.0000,0.00000,0.05879,0.26070,0.26725
25.9600,STATIC_col1_p9,0.0000,9.0000,0.0000,0.0000,0.00000,0.05879,0.26070,0.26725
25.9700,STATIC_col1_p9,0.0000,9.0000,0.0000,0.0000,0.00000,0.05879,0.26070,0.26724
25.9800,STATIC_col1_p9,0.0000,9.0000,0.0000,0.0000,0.00000,0.05878,0.26070,0.26724
25.9900,STATIC_col1_p9,0.0000,9.0000,0.0000,0.0000,0.00000,0.05878,0.26070,0.26724
26.0000,STATIC_col1_p9,0.0000,9.0000,0.0000,0.0000,0.00000,0.05878,0.26070,0.26724
26.0100,RELEASE_col1,0.0000,0.0000,0.0000,0.0000,0.00000,0.05877,0.26069,0.26723
26.0200,RELEASE_col1,0.0000,0.0000,0.0000,0.0000,0.00000,0.05870,0.26067,0.26720
26.0300,RELEASE_col1,0.0000,0.0000,0.0000,0.0000,0.00000,0.05856,0.26062,0.26712
26.0400,RELEASE_col1,0.0000,0.0000,0.0000,0.0000,0.00000,0.05831,0.26055,0.26699
26.0500,RELEASE_col1,0.0000,0.0000,0.0000,0.0000,0.00000,0.05795,0.26044,0.26681
26.0600,RELEASE_col1,0.0000,0.0000,0.0000,0.0000,0.00000,0.05747,0.26029,0.26656
26.0700,RELEASE_col1,0.0000,0.0000,0.0000,0.0000,0.00000,0.05685,0.26011,0.26625
26.0800,RELEASE_col1,0.0000,0.0000,0.0000,0.0000,0.00000,0.05609,0.25988,0.26586
26.0900,RELEASE_col1,0.0000,0.0000,0.0000,0.0000,0.00000,0.05519,0.25961,0.26541
26.1000,RELEASE_col1,0.0000,0.0000,0.0000,0.0000,0.00000,0.05414,0.25929,0.26489
26.1100,RELEASE_col1,0.0000,0.0000,0.0000,0.0000,0.00000,0.05295,0.25893,0.26429
26.1200,RELEASE_col1,0.0000,0.0000,0.0000,0.0000,0.00000,0.05161,0.25854,0.26364
26.1300,RELEASE_col1,0.0000,0.0000,0.0000,0.0000,0.00000,0.05013,0.25810,0.26293
26.1400,RELEASE_col1,0.0000,0.0000,0.0000,0.0000,0.00000,0.04851,0.25764,0.26216
26.1500,RELEASE_col1,0.0000,0.0000,0.0000,0.0000,-0.00000,0.04677,0.25714,0.26136
26.1600,RELEASE_col1,0.0000,0.0000,0.0000,0.0000,-0.00000,0.04489,0.25663,0.26053
26.1700,RELEASE_col1,0.0000,0.0000,0.0000,0.0000,-0.00000,0.04291,0.25611,0.25968
26.1800,RELEASE_col1,0.0000,0.0000,0.0000,0.0000,-0.00000,0.04081,0.25558,0.25882
26.1900,RELEASE_col1,0.0000,0.0000,0.0000,0.0000,-0.00000,0.03862,0.25505,0.25796
26.2000,RELEASE_col1,0.0000,0.0000,0.0000,0.0000,-0.00000,0.03635,0.25453,0.25711
26.2100,RELEASE_col1,0.0000,0.0000,0.0000,0.0000,-0.00000,0.03400,0.25403,0.25629
26.2200,RELEASE_col1,0.0000,0.0000,0.0000,0.0000,-0.00000,0.03160,0.25354,0.25550
26.2300,RELEASE_col1,0.0000,0.0000,0.0000,0.0000,-0.00000,0.02914,0.25308,0.25476
26.2400,RELEASE_col1,0.0000,0.0000,0.0000,0.0000,-0.00000,0.02666,0.25266,0.25406
26.2500,RELEASE_col1,0.0000,0.0000,0.0000,0.0000,-0.00000,0.02415,0.25226,0.25342
26.2600,RELEASE_col1,0.0000,0.0000,0.0000,0.0000,-0.00000,0.02164,0.25191,0.25284
26.2700,RELEASE_col1,0.0000,0.0000,0.0000,0.0000,-0.00000,0.01914,0.25159,0.25232
26.2800,RELEASE_col1,0.0000,0.0000,0.0000,0.0000,-0.00000,0.01666,0.25132,0.25187
26.2900,RELEASE_col1,0.0000,0.0000,0.0000,0.0000,-0.00000,0.01422,0.25108,0.25148
26.3000,RELEASE_col1,0.0000,0.0000,0.0000,0.0000,-0.00000,0.01182,0.25089,0.25117
26.3100,RELEASE_col1,0.0000,0.0000,0.0000,0.0000,-0.00000,0.00948,0.25073,0.25091
26.3200,RELEASE_col1,0.0000,0.0000,0.0000,0.0000,-0.00000,0.00721,0.25061,0.25072
26.3300,RELEASE_col1,0.0000,0.0000,0.0000,0.0000,-0.00000,0.00502,0.25053,0.25058
26.3400,RELEASE_col1,0.0000,0.0000,0.0000,0.0000,-0.00000,0.00292,0.25048,0.25049
26.3500,RELEASE_col1,0.0000,0.0000,0.0000,0.0000,-0.00000,0.00092,0.25045,0.25045
26.3600,RELEASE_col1,0.0000,0.0000,0.0000,0.0000,-0.00000,-0.00097,0.25045,0.25045
26.3700,RELEASE_col1,0.0000,0.0000,0.0000,0.0000,-0.00000,-0.00275,0.25047,0.25049
26.3800,RELEASE_col1,0.0000,0.0000,0.0000,0.0000,-0.00000,-0.00440,0.25051,0.25055
26.3900,RELEASE_col1,0.0000,0.0000,0.0000,0.0000,-0.00000,-0.00594,0.25056,0.25063
26.4000,RELEASE_col1,0.0000,0.0000,0.0000,0.0000,-0.00000,-0.00734,0.25062,0.25073
26.4100,RELEASE_col1,0.0000,0.0000,0.0000,0.0000,-0.00000,-0.00862,0.25069,0.25084
26.4200,RELEASE_col1,0.0000,0.0000,0.0000,0.0000,-0.00000,-0.00976,0.25076,0.25095
26.4300,RELEASE_col1,0.0000,0.0000,0.0000,0.0000,-0.00000,-0.01076,0.25083,0.25106
26.4400,RELEASE_col1,0.0000,0.0000,0.0000,0.0000,-0.00000,-0.01163,0.25090,0.25117
26.4500,RELEASE_col1,0.0000,0.0000,0.0000,0.0000,-0.00000,-0.01237,0.25096,0.25126
26.4600,RELEASE_col1,0.0000,0.0000,0.0000,0.0000,-0.00000,-0.01298,0.25102,0.25135
26.4700,RELEASE_col1,0.0000,0.0000,0.0000,0.0000,-0.00000,-0.01345,0.25106,0.25142
26.4800,RELEASE_col1,0.0000,0.0000,0.0000,0.0000,-0.00000,-0.01380,0.25110,0.25148
26.4900,RELEASE_col1,0.0000,0.0000,0.0000,0.0000,-0.00000,-0.01403,0.25113,0.25153
26.5000,RELEASE_col1,0.0000,0.0000,0.0000,0.0000,-0.00000,-0.01413,0.25115,0.25155
26.5100,RELEASE_col1,0.0000,0.0000,0.0000,0.0000,-0.00000,-0.01412,0.25116,0.25156
26.5200,RELEASE_col1,0.0000,0.0000,0.0000,0.0000,0.00000,-0.01401,0.25117,0.25156
26.5300,RELEASE_col1,0.0000,0.0000,0.0000,0.0000,0.00000,-0.01379,0.25116,0.25154
26.5400,RELEASE_col1,0.0000,0.0000,0.0000,0.0000,0.00000,-0.01347,0.25114,0.25150
26.5500,RELEASE_col1,0.0000,0.0000,0.0000,0.0000,0.00000,-0.01307,0.25112,0.25146
26.5600,RELEASE_col1,0.0000,0.0000,0.0000,0.0000,0.00000,-0.01258,0.25109,0.25140
26.5700,RELEASE_col1,0.0000,0.0000,0.0000,0.0000,0.00000,-0.01202,0.25106,0.25134
26.5800,RELEASE_col1,0.0000,0.0000,0.0000,0.0000,0.00000,-0.01139,0.25102,0.25128
26.5900,RELEASE_col1,0.0000,0.0000,0.0000,0.0000,0.00000,-0.01070,0.25098,0.25121
26.6000,RELEASE_col1,0.0000,0.0000,0.0000,0.0000,0.00000,-0.00995,0.25094,0.25114
26.6100,RELEASE_col1,0.0000,0.0000,0.0000,0.0000,0.00000,-0.00916,0.25090,0.25107
26.6200,RELEASE_col1,0.0000,0.0000,0.0000,0.0000,0.00000,-0.00834,0.25086,0.25100
26.6300,RELEASE_col1,0.0000,0.0000,0.0000,0.0000,0.00000,-0.00748,0.25082,0.25093
26.6400,RELEASE_col1,0.0000,0.0000,0.0000,0.0000,0.00000,-0.00660,0.25079,0.25088
26.6500,RELEASE_col1,0.0000,0.0000,0.0000,0.0000,0.00000,-0.00571,0.25076,0.25082
26.6600,RELEASE_col1,0.0000,0.0000,0.0000,0.0000,0.00000,-0.00481,0.25073,0.25078
26.6700,RELEASE_col1,0.0000,0.0000,0.0000,0.0000,0.00000,-0.00391,0.25071,0.25074
26.6800,RELEASE_col1,0.0000,0.0000,0.0000,0.0000,0.00000,-0.00301,0.25069,0.25071
26.6900,RELEASE_col1,0.0000,0.0000,0.0000,0.0000,0.00000,-0.00213,0.25068,0.25069
26.7000,RELEASE_col1,0.0000,0.0000,0.0000,0.0000,0.00000,-0.00126,0.25067,0.25067
26.7100,RELEASE_col1,0.0000,0.0000,0.0000,0.0000,0.00000,-0.00042,0.25067,0.25067
26.7200,RELEASE_col1,0.0000,0.0000,0.0000,0.0000,0.00000,0.00040,0.25067,0.25067
26.7300,RELEASE_col1,0.0000,0.0000,0.0000,0.0000,0.00000,0.00118,0.25067,0.25067
26.7400,RELEASE_col1,0.0000,0.0000,0.0000,0.0000,0.00000,0.00192,0.25068,0.25069
26.7500,RELEASE_col1,0.0000,0.0000,0.0000,0.0000,0.00000,0.00263,0.25069,0.25070
26.7600,RELEASE_col1,0.0000,0.0000,0.0000,0.0000,0.00000,0.00329,0.25070,0.25072
26.7700,RELEASE_col1,0.0000,0.0000,0.0000,0.0000,0.00000,0.00390,0.25071,0.25074
26.7800,RELEASE_col1,0.0000,0.0000,0.0000,0.0000,0.00000,0.00446,0.25073,0.25077
26.7900,RELEASE_col1,0.0000,0.0000,0.0000,0.0000,0.00000,0.00497,0.25074,0.25079
26.8000,RELEASE_col1,0.0000,0.0000,0.0000,0.0000,0.00000,0.00542,0.25076,0.25082
26.8100,RELEASE_col1,0.0000,0.0000,0.0000,0.0000,0.00000,0.00582,0.25077,0.25084
26.8200,RELEASE_col1,0.0000,0.0000,0.0000,0.0000,0.00000,0.00617,0.25079,0.25086
26.8300,RELEASE_col1,0.0000,0.0000,0.0000,0.0000,0.00000,0.00646,0.25080,0.25088
26.8400,RELEASE_col1,0.0000,0.0000,0.0000,0.0000,0.00000,0.00669,0.25081,0.25090
26.8500,RELEASE_col1,0.0000,0.0000,0.0000,0.0000,0.00000,0.00687,0.25082,0.25091
26.8600,RELEASE_col1,0.0000,0.0000,0.0000,0.0000,0.00000,0.00700,0.25083,0.25092
26.8700,RELEASE_col1,0.0000,0.0000,0.0000,0.0000,0.00000,0.00707,0.25083,0.25093
26.8800,RELEASE_col1,0.0000,0.0000,0.0000,0.0000,0.00000,0.00710,0.25083,0.25094
26.8900,RELEASE_col1,0.0000,0.0000,0.0000,0.0000,0.00000,0.00707,0.25084,0.25093
26.9000,RELEASE_col1,0.0000,0.0000,0.0000,0.0000,0.00000,0.00700,0.25083,0.25093
26.9100,RELEASE_col1,0.0000,0.0000,0.0000,0.0000,0.00000,0.00688,0.25083,0.25093
26.9200,RELEASE_col1,0.0000,0.0000,0.0000,0.0000,0.00000,0.00672,0.25083,0.25092
26.9300,RELEASE_col1,0.0000,0.0000,0.0000,0.0000,-0.00000,0.00652,0.25082,0.25090
26.9400,RELEASE_col1,0.0000,0.0000,0.0000,0.0000,-0.00000,0.00628,0.25081,0.25089
26.9500,RELEASE_col1,0.0000,0.0000,0.0000,0.0000,-0.00000,0.00601,0.25080,0.25088
26.9600,RELEASE_col1,0.0000,0.0000,0.0000,0.0000,-0.00000,0.00571,0.25079,0.25086
26.9700,RELEASE_col1,0.0000,0.0000,0.0000,0.0000,-0.00000,0.00538,0.25078,0.25084
26.9800,RELEASE_col1,0.0000,0.0000,0.0000,0.0000,-0.00000,0.00503,0.25077,0.25083
26.9900,RELEASE_col1,0.0000,0.0000,0.0000,0.0000,-0.00000,0.00466,0.25076,0.25081
27.0000,RELEASE_col1,0.0000,0.0000,0.0000,0.0000,-0.00000,0.00427,0.25076,0.25079
27.0100,RELEASE_col1,0.0000,0.0000,0.0000,0.0000,-0.00000,0.00387,0.25075,0.25078
27.0200,RELEASE_col1,0.0000,0.0000,0.0000,0.0000,-0.00000,0.00346,0.25074,0.25076
27.0300,RELEASE_col1,0.0000,0.0000,0.0000,0.0000,-0.00000,0.00304,0.25073,0.25075
27.0400,RELEASE_col1,0.0000,0.0000,0.0000,0.0000,-0.00000,0.00262,0.25072,0.25074
27.0500,RELEASE_col1,0.0000,0.0000,0.0000,0.0000,-0.00000,0.00220,0.25072,0.25073
27.0600,RELEASE_col1,0.0000,0.0000,0.0000,0.0000,-0.00000,0.00178,0.25071,0.25072
27.0700,RELEASE_col1,0.0000,0.0000,0.0000,0.0000,-0.00000,0.00136,0.25071,0.25071
27.0800,RELEASE_col1,0.0000,0.0000,0.0000,0.0000,-0.00000,0.00096,0.25071,0.25071
27.0900,RELEASE_col1,0.0000,0.0000,0.0000,0.0000,-0.00000,0.00056,0.25070,0.25070
27.1000,RELEASE_col1,0.0000,0.0000,0.0000,0.0000,-0.00000,0.00017,0.25070,0.25070
27.1100,RELEASE_col1,0.0000,0.0000,0.0000,0.0000,-0.00000,-0.00020,0.25070,0.25070
27.1200,RELEASE_col1,0.0000,0.0000,0.0000,0.0000,-0.00000,-0.00055,0.25070,0.25070
27.1300,RELEASE_col1,0.0000,0.0000,0.0000,0.0000,-0.00000,-0.00089,0.25071,0.25071
27.1400,RELEASE_col1,0.0000,0.0000,0.0000,0.0000,-0.00000,-0.00120,0.25071,0.25071
27.1500,RELEASE_col1,0.0000,0.0000,0.0000,0.0000,-0.00000,-0.00149,0.25071,0.25071
27.1600,RELEASE_col1,0.0000,0.0000,0.0000,0.0000,-0.00000,-0.00177,0.25071,0.25072
27.1700,RELEASE_col1,0.0000,0.0000,0.0000,0.0000,-0.00000,-0.00201,0.25072,0.25072
27.1800,RELEASE_col1,0.0000,0.0000,0.0000,0.0000,-0.00000,-0.00224,0.25072,0.25073
27.1900,RELEASE_col1,0.0000,0.0000,0.0000,0.0000,-0.00000,-0.00244,0.25072,0.25073
27.2000,RELEASE_col1,0.0000,0.0000,0.0000,0.0000,-0.00000,-0.00261,0.25072,0.25074
27.2100,RELEASE_col1,0.0000,0.0000,0.0000,0.0000,-0.00000,-0.00276,0.25073,0.25074
27.2200,RELEASE_col1,0.0000,0.0000,0.0000,0.0000,-0.00000,-0.00288,0.25073,0.25075
27.2300,RELEASE_col1,0.0000,0.0000,0.0000,0.0000,-0.00000,-0.00298,0.25073,0.25075
27.2400,RELEASE_col1,0.0000,0.0000,0.0000,0.0000,-0.00000,-0.00305,0.25073,0.25075
27.2500,RELEASE_col1,0.0000,0.0000,0.0000,0.0000,0.00000,-0.00310,0.25073,0.25075
27.2600,RELEASE_col1,0.0000,0.0000,0.0000,0.0000,0.00000,-0.00313,0.25074,0.25075
27.2700,RELEASE_col1,0.0000,0.0000,0.0000,0.0000,0.00000,-0.00313,0.25074,0.25076
27.2800,RELEASE_col1,0.0000,0.0000,0.0000,0.0000,0.00000,-0.00311,0.25074,0.25076
27.2900,RELEASE_col1,0.0000,0.0000,0.0000,0.0000,0.00000,-0.00307,0.25074,0.25075
27.3000,RELEASE_col1,0.0000,0.0000,0.0000,0.0000,0.00000,-0.00301,0.25073,0.25075
27.3100,RELEASE_col1,0.0000,0.0000,0.0000,0.0000,0.00000,-0.00293,0.25073,0.25075
27.3200,RELEASE_col1,0.0000,0.0000,0.0000,0.0000,0.00000,-0.00283,0.25073,0.25075
27.3300,RELEASE_col1,0.0000,0.0000,0.0000,0.0000,0.00000,-0.00272,0.25073,0.25075
27.3400,RELEASE_col1,0.0000,0.0000,0.0000,0.0000,0.00000,-0.00259,0.25073,0.25074
27.3500,RELEASE_col1,0.0000,0.0000,0.0000,0.0000,0.00000,-0.00246,0.25073,0.25074
27.3600,RELEASE_col1,0.0000,0.0000,0.0000,0.0000,0.00000,-0.00230,0.25073,0.25074
27.3700,RELEASE_col1,0.0000,0.0000,0.0000,0.0000,0.00000,-0.00214,0.25072,0.25073
27.3800,RELEASE_col1,0.0000,0.0000,0.0000,0.0000,0.00000,-0.00197,0.25072,0.25073
27.3900,RELEASE_col1,0.0000,0.0000,0.0000,0.0000,0.00000,-0.00180,0.25072,0.25073
27.4000,RELEASE_col1,0.0000,0.0000,0.0000,0.0000,0.00000,-0.00162,0.25072,0.25072
27.4100,RELEASE_col1,0.0000,0.0000,0.0000,0.0000,0.00000,-0.00143,0.25072,0.25072
27.4200,RELEASE_col1,0.0000,0.0000,0.0000,0.0000,0.00000,-0.00124,0.25071,0.25072
27.4300,RELEASE_col1,0.0000,0.0000,0.0000,0.0000,0.00000,-0.00106,0.25071,0.25072
27.4400,RELEASE_col1,0.0000,0.0000,0.0000,0.0000,0.00000,-0.00087,0.25071,0.25071
27.4500,RELEASE_col1,0.0000,0.0000,0.0000,0.0000,0.00000,-0.00068,0.25071,0.25071
27.4600,RELEASE_col1,0.0000,0.0000,0.0000,0.0000,0.00000,-0.00050,0.25071,0.25071
27.4700,RELEASE_col1,0.0000,0.0000,0.0000,0.0000,0.00000,-0.00032,0.25071,0.25071
27.4800,RELEASE_col1,0.0000,0.0000,0.0000,0.0000,0.00000,-0.00014,0.25071,0.25071
27.4900,RELEASE_col1,0.0000,0.0000,0.0000,0.0000,0.00000,0.00003,0.25071,0.25071
27.5000,RELEASE_col1,0.0000,0.0000,0.0000,0.0000,0.00000,0.00019,0.25071,0.25071
27.5100,RELEASE_col1,0.0000,0.0000,0.0000,0.0000,0.00000,0.00034,0.25071,0.25071
27.5200,RELEASE_col1,0.0000,0.0000,0.0000,0.0000,0.00000,0.00049,0.25071,0.25071
27.5300,RELEASE_col1,0.0000,0.0000,0.0000,0.0000,0.00000,0.00062,0.25071,0.25071
27.5400,RELEASE_col1,0.0000,0.0000,0.0000,0.0000,0.00000,0.00075,0.25071,0.25071
27.5500,RELEASE_col1,0.0000,0.0000,0.0000,0.0000,0.00000,0.00087,0.25071,0.25071
27.5600,RELEASE_col1,0.0000,0.0000,0.0000,0.0000,0.00000,0.00097,0.25071,0.25072
27.5700,RELEASE_col1,0.0000,0.0000,0.0000,0.0000,0.00000,0.00107,0.25071,0.25072
27.5800,RELEASE_col1,0.0000,0.0000,0.0000,0.0000,0.00000,0.00115,0.25071,0.25072
27.5900,RELEASE_col1,0.0000,0.0000,0.0000,0.0000,0.00000,0.00122,0.25072,0.25072
27.6000,RELEASE_col1,0.0000,0.0000,0.0000,0.0000,0.00000,0.00128,0.25072,0.25072
27.6100,RELEASE_col1,0.0000,0.0000,0.0000,0.0000,0.00000,0.00133,0.25072,0.25072
27.6200,RELEASE_col1,0.0000,0.0000,0.0000,0.0000,0.00000,0.00137,0.25072,0.25072
27.6300,RELEASE_col1,0.0000,0.0000,0.0000,0.0000,0.00000,0.00139,0.25072,0.25072
27.6400,RELEASE_col1,0.0000,0.0000,0.0000,0.0000,0.00000,0.00141,0.25072,0.25072
27.6500,RELEASE_col1,0.0000,0.0000,0.0000,0.0000,0.00000,0.00141,0.25072,0.25072
27.6600,RELEASE_col1,0.0000,0.0000,0.0000,0.0000,0.00000,0.00141,0.25072,0.25072
27.6700,RELEASE_col1,0.0000,0.0000,0.0000,0.0000,0.00000,0.00140,0.25072,0.25072
27.6800,RELEASE_col1,0.0000,0.0000,0.0000,0.0000,0.00000,0.00137,0.25072,0.25072
27.6900,RELEASE_col1,0.0000,0.0000,0.0000,0.0000,0.00000,0.00134,0.25072,0.25072
27.7000,RELEASE_col1,0.0000,0.0000,0.0000,0.0000,0.00000,0.00130,0.25072,0.25072
27.7100,RELEASE_col1,0.0000,0.0000,0.0000,0.0000,0.00000,0.00125,0.25072,0.25072
27.7200,RELEASE_col1,0.0000,0.0000,0.0000,0.0000,0.00000,0.00120,0.25072,0.25072
27.7300,RELEASE_col1,0.0000,0.0000,0.0000,0.0000,0.00000,0.00114,0.25072,0.25072
27.7400,RELEASE_col1,0.0000,0.0000,0.0000,0.0000,0.00000,0.00107,0.25072,0.25072
27.7500,RELEASE_col1,0.0000,0.0000,0.0000,0.0000,0.00000,0.00100,0.25071,0.25072
27.7600,RELEASE_col1,0.0000,0.0000,0.0000,0.0000,0.00000,0.00093,0.25071,0.25072
27.7700,RELEASE_col1,0.0000,0.0000,0.0000,0.0000,0.00000,0.00085,0.25071,0.25072
27.7800,RELEASE_col1,0.0000,0.0000,0.0000,0.0000,0.00000,0.00077,0.25071,0.25071
27.7900,RELEASE_col1,0.0000,0.0000,0.0000,0.0000,0.00000,0.00069,0.25071,0.25071
27.8000,RELEASE_col1,0.0000,0.0000,0.0000,0.0000,0.00000,0.00060,0.25071,0.25071
27.8100,RELEASE_col1,0.0000,0.0000,0.0000,0.0000,0.00000,0.00052,0.25071,0.25071
27.8200,RELEASE_col1,0.0000,0.0000,0.0000,0.0000,0.00000,0.00043,0.25071,0.25071
27.8300,RELEASE_col1,0.0000,0.0000,0.0000,0.0000,0.00000,0.00035,0.25071,0.25071
27.8400,RELEASE_col1,0.0000,0.0000,0.0000,0.0000,0.00000,0.00026,0.25071,0.25071
27.8500,RELEASE_col1,0.0000,0.0000,0.0000,0.0000,0.00000,0.00018,0.25071,0.25071
27.8600,RELEASE_col1,0.0000,0.0000,0.0000,0.0000,0.00000,0.00010,0.25071,0.25071
27.8700,RELEASE_col1,0.0000,0.0000,0.0000,0.0000,0.00000,0.00002,0.25071,0.25071
27.8800,RELEASE_col1,0.0000,0.0000,0.0000,0.0000,0.00000,-0.00005,0.25071,0.25071
27.8900,RELEASE_col1,0.0000,0.0000,0.0000,0.0000,0.00000,-0.00012,0.25071,0.25071
27.9000,RELEASE_col1,0.0000,0.0000,0.0000,0.0000,0.00000,-0.00019,0.25071,0.25071
27.9100,RELEASE_col1,0.0000,0.0000,0.0000,0.0000,0.00000,-0.00025,0.25071,0.25071
27.9200,RELEASE_col1,0.0000,0.0000,0.0000,0.0000,0.00000,-0.00031,0.25071,0.25071
27.9300,RELEASE_col1,0.0000,0.0000,0.0000,0.0000,0.00000,-0.00037,0.25071,0.25071
27.9400,RELEASE_col1,0.0000,0.0000,0.0000,0.0000,0.00000,-0.00041,0.25071,0.25071
27.9500,RELEASE_col1,0.0000,0.0000,0.0000,0.0000,0.00000,-0.00046,0.25071,0.25071
27.9600,RELEASE_col1,0.0000,0.0000,0.0000,0.0000,0.00000,-0.00050,0.25071,0.25071
27.9700,RELEASE_col1,0.0000,0.0000,0.0000,0.0000,0.00000,-0.00053,0.25071,0.25071
27.9800,RELEASE_col1,0.0000,0.0000,0.0000,0.0000,0.00000,-0.00056,0.25071,0.25071
27.9900,RELEASE_col1,0.0000,0.0000,0.0000,0.0000,0.00000,-0.00059,0.25071,0.25071
28.0000,RELEASE_col1,0.0000,0.0000,0.0000,0.0000,0.00000,-0.00061,0.25071,0.25071
28.0100,STATIC_col2_p0,0.0000,0.0000,0.0000,0.0000,0.00000,-0.00062,0.25071,0.25071
28.0200,STATIC_col2_p0,0.0000,0.0000,0.0000,0.0000,0.00000,-0.00063,0.25071,0.25071
28.0300,STATIC_col2_p0,0.0000,0.0000,0.0000,0.0000,0.00000,-0.00064,0.25071,0.25071
28.0400,STATIC_col2_p0,0.0000,0.0000,0.0000,0.0000,0.00000,-0.00064,0.25071,0.25071
28.0500,STATIC_col2_p0,0.0000,0.0000,0.0000,0.0000,0.00000,-0.00063,0.25071,0.25071
28.0600,STATIC_col2_p0,0.0000,0.0000,0.0000,0.0000,0.00000,-0.00062,0.25071,0.25071
28.0700,STATIC_col2_p0,0.0000,0.0000,0.0000,0.0000,0.00000,-0.00061,0.25071,0.25071
28.0800,STATIC_col2_p0,0.0000,0.0000,0.0000,0.0000,0.00000,-0.00059,0.25071,0.25071
28.0900,STATIC_col2_p0,0.0000,0.0000,0.0000,0.0000,0.00000,-0.00057,0.25071,0.25071
28.1000,STATIC_col2_p0,0.0000,0.0000,0.0000,0.0000,0.00000,-0.00055,0.25071,0.25071
28.1100,STATIC_col2_p0,0.0000,0.0000,0.0000,0.0000,0.00000,-0.00052,0.25071,0.25071
28.1200,STATIC_col2_p0,0.0000,0.0000,0.0000,0.0000,0.00000,-0.00050,0.25071,0.25071
28.1300,STATIC_col2_p0,0.0000,0.0000,0.0000,0.0000,0.00000,-0.00047,0.25071,0.25071
28.1400,STATIC_col2_p0,0.0000,0.0000,0.0000,0.0000,0.00000,-0.00043,0.25071,0.25071
28.1500,STATIC_col2_p0,0.0000,0.0000,0.0000,0.0000,0.00000,-0.00040,0.25071,0.25071
28.1600,STATIC_col2_p0,0.0000,0.0000,0.0000,0.0000,0.00000,-0.00036,0.25071,0.25071
28.1700,STATIC_col2_p0,0.0000,0.0000,0.0000,0.0000,0.00000,-0.00033,0.25071,0.25071
28.1800,STATIC_col2_p0,0.0000,0.0000,0.0000,0.0000,0.00000,-0.00029,0.25071,0.25071
28.1900,STATIC_col2_p0,0.0000,0.0000,0.0000,0.0000,0.00000,-0.00025,0.25071,0.25071
28.2000,STATIC_col2_p0,0.0000,0.0000,0.0000,0.0000,0.00000,-0.00021,0.25071,0.25071
28.2100,STATIC_col2_p0,0.0000,0.0000,0.0000,0.0000,0.00000,-0.00017,0.25071,0.25071
28.2200,STATIC_col2_p0,0.0000,0.0000,0.0000,0.0000,0.00000,-0.00014,0.25071,0.25071
28.2300,STATIC_col2_p0,0.0000,0.0000,0.0000,0.0000,0.00000,-0.00010,0.25071,0.25071
28.2400,STATIC_col2_p0,0.0000,0.0000,0.0000,0.0000,0.00000,-0.00006,0.25071,0.25071
28.2500,STATIC_col2_p0,0.0000,0.0000,0.0000,0.0000,0.00000,-0.00003,0.25071,0.25071
28.2600,STATIC_col2_p0,0.0000,0.0000,0.0000,0.0000,0.00000,0.00001,0.25071,0.25071
28.2700,STATIC_col2_p0,0.0000,0.0000,0.0000,0.0000,0.00000,0.00004,0.25071,0.25071
28.2800,STATIC_col2_p0,0.0000,0.0000,0.0000,0.0000,0.00000,0.00007,0.25071,0.25071
28.2900,STATIC_col2_p0,0.0000,0.0000,0.0000,0.0000,0.00000,0.00010,0.25071,0.25071
28.3000,STATIC_col2_p0,0.0000,0.0000,0.0000,0.0000,0.00000,0.00013,0.25071,0.25071
28.3100,STATIC_col2_p0,0.0000,0.0000,0.0000,0.0000,0.00000,0.00015,0.25071,0.25071
28.3200,STATIC_col2_p0,0.0000,0.0000,0.0000,0.0000,0.00000,0.00018,0.25071,0.25071
28.3300,STATIC_col2_p0,0.0000,0.0000,0.0000,0.0000,0.00000,0.00020,0.25071,0.25071
28.3400,STATIC_col2_p0,0.0000,0.0000,0.0000,0.0000,0.00000,0.00022,0.25071,0.25071
28.3500,STATIC_col2_p0,0.0000,0.0000,0.0000,0.0000,0.00000,0.00023,0.25071,0.25071
28.3600,STATIC_col2_p0,0.0000,0.0000,0.0000,0.0000,0.00000,0.00025,0.25071,0.25071
28.3700,STATIC_col2_p0,0.0000,0.0000,0.0000,0.0000,0.00000,0.00026,0.25071,0.25071
28.3800,STATIC_col2_p0,0.0000,0.0000,0.0000,0.0000,0.00000,0.00027,0.25071,0.25071
28.3900,STATIC_col2_p0,0.0000,0.0000,0.0000,0.0000,0.00000,0.00028,0.25071,0.25071
28.4000,STATIC_col2_p0,0.0000,0.0000,0.0000,0.0000,0.00000,0.00028,0.25071,0.25071
28.4100,STATIC_col2_p0,0.0000,0.0000,0.0000,0.0000,0.00000,0.00029,0.25071,0.25071
28.4200,STATIC_col2_p0,0.0000,0.0000,0.0000,0.0000,0.00000,0.00029,0.25071,0.25071
28.4300,STATIC_col2_p0,0.0000,0.0000,0.0000,0.0000,0.00000,0.00029,0.25071,0.25071
28.4400,STATIC_col2_p0,0.0000,0.0000,0.0000,0.0000,0.00000,0.00028,0.25071,0.25071
28.4500,STATIC_col2_p0,0.0000,0.0000,0.0000,0.0000,0.00000,0.00028,0.25071,0.25071
28.4600,STATIC_col2_p0,0.0000,0.0000,0.0000,0.0000,0.00000,0.00027,0.25071,0.25071
28.4700,STATIC_col2_p0,0.0000,0.0000,0.0000,0.0000,0.00000,0.00026,0.25071,0.25071
28.4800,STATIC_col2_p0,0.0000,0.0000,0.0000,0.0000,0.00000,0.00025,0.25071,0.25071
28.4900,STATIC_col2_p0,0.0000,0.0000,0.0000,0.0000,0.00000,0.00024,0.25071,0.25071
28.5000,STATIC_col2_p0,0.0000,0.0000,0.0000,0.0000,0.00000,0.00023,0.25071,0.25071
28.5100,STATIC_col2_p0,0.0000,0.0000,0.0000,0.0000,0.00000,0.00022,0.25071,0.25071
28.5200,STATIC_col2_p0,0.0000,0.0000,0.0000,0.0000,0.00000,0.00020,0.25071,0.25071
28.5300,STATIC_col2_p0,0.0000,0.0000,0.0000,0.0000,0.00000,0.00019,0.25071,0.25071
28.5400,STATIC_col2_p0,0.0000,0.0000,0.0000,0.0000,0.00000,0.00017,0.25071,0.25071
28.5500,STATIC_col2_p0,0.0000,0.0000,0.0000,0.0000,0.00000,0.00015,0.25071,0.25071
28.5600,STATIC_col2_p0,0.0000,0.0000,0.0000,0.0000,0.00000,0.00014,0.25071,0.25071
28.5700,STATIC_col2_p0,0.0000,0.0000,0.0000,0.0000,0.00000,0.00012,0.25071,0.25071
28.5800,STATIC_col2_p0,0.0000,0.0000,0.0000,0.0000,0.00000,0.00010,0.25071,0.25071
28.5900,STATIC_col2_p0,0.0000,0.0000,0.0000,0.0000,0.00000,0.00009,0.25071,0.25071
28.6000,STATIC_col2_p0,0.0000,0.0000,0.0000,0.0000,0.00000,0.00007,0.25071,0.25071
28.6100,STATIC_col2_p0,0.0000,0.0000,0.0000,0.0000,0.00000,0.00005,0.25071,0.25071
28.6200,STATIC_col2_p0,0.0000,0.0000,0.0000,0.0000,0.00000,0.00004,0.25071,0.25071
28.6300,STATIC_col2_p0,0.0000,0.0000,0.0000,0.0000,0.00000,0.00002,0.25071,0.25071
28.6400,STATIC_col2_p0,0.0000,0.0000,0.0000,0.0000,0.00000,0.00000,0.25071,0.25071
28.6500,STATIC_col2_p0,0.0000,0.0000,0.0000,0.0000,0.00000,-0.00001,0.25071,0.25071
28.6600,STATIC_col2_p0,0.0000,0.0000,0.0000,0.0000,0.00000,-0.00003,0.25071,0.25071
28.6700,STATIC_col2_p0,0.0000,0.0000,0.0000,0.0000,0.00000,-0.00004,0.25071,0.25071
28.6800,STATIC_col2_p0,0.0000,0.0000,0.0000,0.0000,0.00000,-0.00005,0.25071,0.25071
28.6900,STATIC_col2_p0,0.0000,0.0000,0.0000,0.0000,0.00000,-0.00006,0.25071,0.25071
28.7000,STATIC_col2_p0,0.0000,0.0000,0.0000,0.0000,0.00000,-0.00007,0.25071,0.25071
28.7100,STATIC_col2_p0,0.0000,0.0000,0.0000,0.0000,0.00000,-0.00008,0.25071,0.25071
28.7200,STATIC_col2_p0,0.0000,0.0000,0.0000,0.0000,0.00000,-0.00009,0.25071,0.25071
28.7300,STATIC_col2_p0,0.0000,0.0000,0.0000,0.0000,0.00000,-0.00010,0.25071,0.25071
28.7400,STATIC_col2_p0,0.0000,0.0000,0.0000,0.0000,0.00000,-0.00011,0.25071,0.25071
28.7500,STATIC_col2_p0,0.0000,0.0000,0.0000,0.0000,0.00000,-0.00011,0.25071,0.25071
28.7600,STATIC_col2_p0,0.0000,0.0000,0.0000,0.0000,0.00000,-0.00012,0.25071,0.25071
28.7700,STATIC_col2_p0,0.0000,0.0000,0.0000,0.0000,0.00000,-0.00012,0.25071,0.25071
28.7800,STATIC_col2_p0,0.0000,0.0000,0.0000,0.0000,0.00000,-0.00013,0.25071,0.25071
28.7900,STATIC_col2_p0,0.0000,0.0000,0.0000,0.0000,0.00000,-0.00013,0.25071,0.25071
28.8000,STATIC_col2_p0,0.0000,0.0000,0.0000,0.0000,0.00000,-0.00013,0.25071,0.25071
28.8100,STATIC_col2_p0,0.0000,0.0000,0.0000,0.0000,0.00000,-0.00013,0.25071,0.25071
28.8200,STATIC_col2_p0,0.0000,0.0000,0.0000,0.0000,0.00000,-0.00013,0.25071,0.25071
28.8300,STATIC_col2_p0,0.0000,0.0000,0.0000,0.0000,0.00000,-0.00013,0.25071,0.25071
28.8400,STATIC_col2_p0,0.0000,0.0000,0.0000,0.0000,0.00000,-0.00012,0.25071,0.25071
28.8500,STATIC_col2_p0,0.0000,0.0000,0.0000,0.0000,0.00000,-0.00012,0.25071,0.25071
28.8600,STATIC_col2_p0,0.0000,0.0000,0.0000,0.0000,0.00000,-0.00012,0.25071,0.25071
28.8700,STATIC_col2_p0,0.0000,0.0000,0.0000,0.0000,0.00000,-0.00011,0.25071,0.25071
28.8800,STATIC_col2_p0,0.0000,0.0000,0.0000,0.0000,0.00000,-0.00011,0.25071,0.25071
28.8900,STATIC_col2_p0,0.0000,0.0000,0.0000,0.0000,0.00000,-0.00010,0.25071,0.25071
28.9000,STATIC_col2_p0,0.0000,0.0000,0.0000,0.0000,0.00000,-0.00009,0.25071,0.25071
28.9100,STATIC_col2_p0,0.0000,0.0000,0.0000,0.0000,0.00000,-0.00009,0.25071,0.25071
28.9200,STATIC_col2_p0,0.0000,0.0000,0.0000,0.0000,0.00000,-0.00008,0.25071,0.25071
28.9300,STATIC_col2_p0,0.0000,0.0000,0.0000,0.0000,0.00000,-0.00007,0.25071,0.25071
28.9400,STATIC_col2_p0,0.0000,0.0000,0.0000,0.0000,0.00000,-0.00007,0.25071,0.25071
28.9500,STATIC_col2_p0,0.0000,0.0000,0.0000,0.0000,0.00000,-0.00006,0.25071,0.25071
28.9600,STATIC_col2_p0,0.0000,0.0000,0.0000,0.0000,0.00000,-0.00005,0.25071,0.25071
28.9700,STATIC_col2_p0,0.0000,0.0000,0.0000,0.0000,0.00000,-0.00004,0.25071,0.25071
28.9800,STATIC_col2_p0,0.0000,0.0000,0.0000,0.0000,0.00000,-0.00003,0.25071,0.25071
28.9900,STATIC_col2_p0,0.0000,0.0000,0.0000,0.0000,0.00000,-0.00003,0.25071,0.25071
29.0000,STATIC_col2_p0,0.0000,0.0000,0.0000,0.0000,0.00000,-0.00002,0.25071,0.25071
29.0100,STATIC_col2_p0,0.0000,0.0000,0.0000,0.0000,0.00000,-0.00001,0.25071,0.25071
29.0200,STATIC_col2_p0,0.0000,0.0000,0.0000,0.0000,0.00000,-0.00000,0.25071,0.25071
29.0300,STATIC_col2_p0,0.0000,0.0000,0.0000,0.0000,0.00000,0.00000,0.25071,0.25071
29.0400,STATIC_col2_p0,0.0000,0.0000,0.0000,0.0000,0.00000,0.00001,0.25071,0.25071
29.0500,STATIC_col2_p0,0.0000,0.0000,0.0000,0.0000,0.00000,0.00001,0.25071,0.25071
29.0600,STATIC_col2_p0,0.0000,0.0000,0.0000,0.0000,0.00000,0.00002,0.25071,0.25071
29.0700,STATIC_col2_p0,0.0000,0.0000,0.0000,0.0000,0.00000,0.00003,0.25071,0.25071
29.0800,STATIC_col2_p0,0.0000,0.0000,0.0000,0.0000,0.00000,0.00003,0.25071,0.25071
29.0900,STATIC_col2_p0,0.0000,0.0000,0.0000,0.0000,0.00000,0.00004,0.25071,0.25071
29.1000,STATIC_col2_p0,0.0000,0.0000,0.0000,0.0000,0.00000,0.00004,0.25071,0.25071
29.1100,STATIC_col2_p0,0.0000,0.0000,0.0000,0.0000,0.00000,0.00004,0.25071,0.25071
29.1200,STATIC_col2_p0,0.0000,0.0000,0.0000,0.0000,0.00000,0.00005,0.25071,0.25071
29.1300,STATIC_col2_p0,0.0000,0.0000,0.0000,0.0000,0.00000,0.00005,0.25071,0.25071
29.1400,STATIC_col2_p0,0.0000,0.0000,0.0000,0.0000,0.00000,0.00005,0.25071,0.25071
29.1500,STATIC_col2_p0,0.0000,0.0000,0.0000,0.0000,0.00000,0.00005,0.25071,0.25071
29.1600,STATIC_col2_p0,0.0000,0.0000,0.0000,0.0000,0.00000,0.00006,0.25071,0.25071
29.1700,STATIC_col2_p0,0.0000,0.0000,0.0000,0.0000,0.00000,0.00006,0.25071,0.25071
29.1800,STATIC_col2_p0,0.0000,0.0000,0.0000,0.0000,0.00000,0.00006,0.25071,0.25071
29.1900,STATIC_col2_p0,0.0000,0.0000,0.0000,0.0000,0.00000,0.00006,0.25071,0.25071
29.2000,STATIC_col2_p0,0.0000,0.0000,0.0000,0.0000,0.00000,0.00006,0.25071,0.25071
29.2100,STATIC_col2_p0,0.0000,0.0000,0.0000,0.0000,0.00000,0.00006,0.25071,0.25071
29.2200,STATIC_col2_p0,0.0000,0.0000,0.0000,0.0000,0.00000,0.00006,0.25071,0.25071
29.2300,STATIC_col2_p0,0.0000,0.0000,0.0000,0.0000,0.00000,0.00005,0.25071,0.25071
29.2400,STATIC_col2_p0,0.0000,0.0000,0.0000,0.0000,0.00000,0.00005,0.25071,0.25071
29.2500,STATIC_col2_p0,0.0000,0.0000,0.0000,0.0000,0.00000,0.00005,0.25071,0.25071
29.2600,STATIC_col2_p0,0.0000,0.0000,0.0000,0.0000,0.00000,0.00005,0.25071,0.25071
29.2700,STATIC_col2_p0,0.0000,0.0000,0.0000,0.0000,0.00000,0.00005,0.25071,0.25071
29.2800,STATIC_col2_p0,0.0000,0.0000,0.0000,0.0000,0.00000,0.00004,0.25071,0.25071
29.2900,STATIC_col2_p0,0.0000,0.0000,0.0000,0.0000,0.00000,0.00004,0.25071,0.25071
29.3000,STATIC_col2_p0,0.0000,0.0000,0.0000,0.0000,0.00000,0.00004,0.25071,0.25071
29.3100,STATIC_col2_p0,0.0000,0.0000,0.0000,0.0000,0.00000,0.00003,0.25071,0.25071
29.3200,STATIC_col2_p0,0.0000,0.0000,0.0000,0.0000,0.00000,0.00003,0.25071,0.25071
29.3300,STATIC_col2_p0,0.0000,0.0000,0.0000,0.0000,0.00000,0.00003,0.25071,0.25071
29.3400,STATIC_col2_p0,0.0000,0.0000,0.0000,0.0000,0.00000,0.00002,0.25071,0.25071
29.3500,STATIC_col2_p0,0.0000,0.0000,0.0000,0.0000,0.00000,0.00002,0.25071,0.25071
29.3600,STATIC_col2_p0,0.0000,0.0000,0.0000,0.0000,0.00000,0.00002,0.25071,0.25071
29.3700,STATIC_col2_p0,0.0000,0.0000,0.0000,0.0000,0.00000,0.00001,0.25071,0.25071
29.3800,STATIC_col2_p0,0.0000,0.0000,0.0000,0.0000,0.00000,0.00001,0.25071,0.25071
29.3900,STATIC_col2_p0,0.0000,0.0000,0.0000,0.0000,0.00000,0.00001,0.25071,0.25071
29.4000,STATIC_col2_p0,0.0000,0.0000,0.0000,0.0000,0.00000,0.00000,0.25071,0.25071
29.4100,STATIC_col2_p0,0.0000,0.0000,0.0000,0.0000,0.00000,0.00000,0.25071,0.25071
29.4200,STATIC_col2_p0,0.0000,0.0000,0.0000,0.0000,0.00000,-0.00000,0.25071,0.25071
29.4300,STATIC_col2_p0,0.0000,0.0000,0.0000,0.0000,0.00000,-0.00001,0.25071,0.25071
29.4400,STATIC_col2_p0,0.0000,0.0000,0.0000,0.0000,0.00000,-0.00001,0.25071,0.25071
29.4500,STATIC_col2_p0,0.0000,0.0000,0.0000,0.0000,0.00000,-0.00001,0.25071,0.25071
29.4600,STATIC_col2_p0,0.0000,0.0000,0.0000,0.0000,0.00000,-0.00001,0.25071,0.25071
29.4700,STATIC_col2_p0,0.0000,0.0000,0.0000,0.0000,0.00000,-0.00002,0.25071,0.25071
29.4800,STATIC_col2_p0,0.0000,0.0000,0.0000,0.0000,0.00000,-0.00002,0.25071,0.25071
29.4900,STATIC_col2_p0,0.0000,0.0000,0.0000,0.0000,0.00000,-0.00002,0.25071,0.25071
29.5000,STATIC_col2_p0,0.0000,0.0000,0.0000,0.0000,0.00000,-0.00002,0.25071,0.25071
29.5100,STATIC_col2_p0,0.0000,0.0000,0.0000,0.0000,0.00000,-0.00002,0.25071,0.25071
29.5200,STATIC_col2_p0,0.0000,0.0000,0.0000,0.0000,0.00000,-0.00002,0.25071,0.25071
29.5300,STATIC_col2_p0,0.0000,0.0000,0.0000,0.0000,0.00000,-0.00002,0.25071,0.25071
29.5400,STATIC_col2_p0,0.0000,0.0000,0.0000,0.0000,0.00000,-0.00002,0.25071,0.25071
29.5500,STATIC_col2_p0,0.0000,0.0000,0.0000,0.0000,0.00000,-0.00003,0.25071,0.25071
29.5600,STATIC_col2_p0,0.0000,0.0000,0.0000,0.0000,0.00000,-0.00003,0.25071,0.25071
29.5700,STATIC_col2_p0,0.0000,0.0000,0.0000,0.0000,0.00000,-0.00003,0.25071,0.25071
29.5800,STATIC_col2_p0,0.0000,0.0000,0.0000,0.0000,0.00000,-0.00003,0.25071,0.25071
29.5900,STATIC_col2_p0,0.0000,0.0000,0.0000,0.0000,0.00000,-0.00003,0.25071,0.25071
29.6000,STATIC_col2_p0,0.0000,0.0000,0.0000,0.0000,0.00000,-0.00003,0.25071,0.25071
29.6100,STATIC_col2_p0,0.0000,0.0000,0.0000,0.0000,0.00000,-0.00002,0.25071,0.25071
29.6200,STATIC_col2_p0,0.0000,0.0000,0.0000,0.0000,0.00000,-0.00002,0.25071,0.25071
29.6300,STATIC_col2_p0,0.0000,0.0000,0.0000,0.0000,0.00000,-0.00002,0.25071,0.25071
29.6400,STATIC_col2_p0,0.0000,0.0000,0.0000,0.0000,0.00000,-0.00002,0.25071,0.25071
29.6500,STATIC_col2_p0,0.0000,0.0000,0.0000,0.0000,0.00000,-0.00002,0.25071,0.25071
29.6600,STATIC_col2_p0,0.0000,0.0000,0.0000,0.0000,0.00000,-0.00002,0.25071,0.25071
29.6700,STATIC_col2_p0,0.0000,0.0000,0.0000,0.0000,0.00000,-0.00002,0.25071,0.25071
29.6800,STATIC_col2_p0,0.0000,0.0000,0.0000,0.0000,0.00000,-0.00002,0.25071,0.25071
29.6900,STATIC_col2_p0,0.0000,0.0000,0.0000,0.0000,0.00000,-0.00002,0.25071,0.25071
29.7000,STATIC_col2_p0,0.0000,0.0000,0.0000,0.0000,0.00000,-0.00001,0.25071,0.25071
29.7100,STATIC_col2_p0,0.0000,0.0000,0.0000,0.0000,0.00000,-0.00001,0.25071,0.25071
29.7200,STATIC_col2_p0,0.0000,0.0000,0.0000,0.0000,0.00000,-0.00001,0.25071,0.25071
29.7300,STATIC_col2_p0,0.0000,0.0000,0.0000,0.0000,0.00000,-0.00001,0.25071,0.25071
29.7400,STATIC_col2_p0,0.0000,0.0000,0.0000,0.0000,0.00000,-0.00001,0.25071,0.25071
29.7500,STATIC_col2_p0,0.0000,0.0000,0.0000,0.0000,0.00000,-0.00001,0.25071,0.25071
29.7600,STATIC_col2_p0,0.0000,0.0000,0.0000,0.0000,0.00000,-0.00001,0.25071,0.25071
29.7700,STATIC_col2_p0,0.0000,0.0000,0.0000,0.0000,0.00000,-0.00000,0.25071,0.25071
29.7800,STATIC_col2_p0,0.0000,0.0000,0.0000,0.0000,0.00000,-0.00000,0.25071,0.25071
29.7900,STATIC_col2_p0,0.0000,0.0000,0.0000,0.0000,0.00000,-0.00000,0.25071,0.25071
29.8000,STATIC_col2_p0,0.0000,0.0000,0.0000,0.0000,0.00000,0.00000,0.25071,0.25071
29.8100,STATIC_col2_p0,0.0000,0.0000,0.0000,0.0000,0.00000,0.00000,0.25071,0.25071
29.8200,STATIC_col2_p0,0.0000,0.0000,0.0000,0.0000,0.00000,0.00000,0.25071,0.25071
29.8300,STATIC_col2_p0,0.0000,0.0000,0.0000,0.0000,0.00000,0.00000,0.25071,0.25071
29.8400,STATIC_col2_p0,0.0000,0.0000,0.0000,0.0000,0.00000,0.00001,0.25071,0.25071
29.8500,STATIC_col2_p0,0.0000,0.0000,0.0000,0.0000,0.00000,0.00001,0.25071,0.25071
29.8600,STATIC_col2_p0,0.0000,0.0000,0.0000,0.0000,0.00000,0.00001,0.25071,0.25071
29.8700,STATIC_col2_p0,0.0000,0.0000,0.0000,0.0000,0.00000,0.00001,0.25071,0.25071
29.8800,STATIC_col2_p0,0.0000,0.0000,0.0000,0.0000,0.00000,0.00001,0.25071,0.25071
29.8900,STATIC_col2_p0,0.0000,0.0000,0.0000,0.0000,0.00000,0.00001,0.25071,0.25071
29.9000,STATIC_col2_p0,0.0000,0.0000,0.0000,0.0000,0.00000,0.00001,0.25071,0.25071
29.9100,STATIC_col2_p0,0.0000,0.0000,0.0000,0.0000,0.00000,0.00001,0.25071,0.25071
29.9200,STATIC_col2_p0,0.0000,0.0000,0.0000,0.0000,0.00000,0.00001,0.25071,0.25071
29.9300,STATIC_col2_p0,0.0000,0.0000,0.0000,0.0000,0.00000,0.00001,0.25071,0.25071
29.9400,STATIC_col2_p0,0.0000,0.0000,0.0000,0.0000,0.00000,0.00001,0.25071,0.25071
29.9500,STATIC_col2_p0,0.0000,0.0000,0.0000,0.0000,0.00000,0.00001,0.25071,0.25071
29.9600,STATIC_col2_p0,0.0000,0.0000,0.0000,0.0000,0.00000,0.00001,0.25071,0.25071
29.9700,STATIC_col2_p0,0.0000,0.0000,0.0000,0.0000,0.00000,0.00001,0.25071,0.25071
29.9800,STATIC_col2_p0,0.0000,0.0000,0.0000,0.0000,0.00000,0.00001,0.25071,0.25071
29.9900,STATIC_col2_p0,0.0000,0.0000,0.0000,0.0000,0.00000,0.00001,0.25071,0.25071
30.0000,STATIC_col2_p0,0.0000,0.0000,0.0000,0.0000,0.00000,0.00001,0.25071,0.25071
30.0100,STATIC_col2_p0,0.0000,0.0000,0.0000,0.0000,0.00000,0.00001,0.25071,0.25071
30.0200,STATIC_col2_p0,0.0000,0.0000,0.0000,0.0000,0.00000,0.00001,0.25071,0.25071
30.0300,STATIC_col2_p0,0.0000,0.0000,0.0000,0.0000,0.00000,0.00001,0.25071,0.25071
30.0400,STATIC_col2_p0,0.0000,0.0000,0.0000,0.0000,0.00000,0.00001,0.25071,0.25071
30.0500,STATIC_col2_p0,0.0000,0.0000,0.0000,0.0000,0.00000,0.00001,0.25071,0.25071
30.0600,STATIC_col2_p0,0.0000,0.0000,0.0000,0.0000,0.00000,0.00001,0.25071,0.25071
30.0700,STATIC_col2_p0,0.0000,0.0000,0.0000,0.0000,0.00000,0.00001,0.25071,0.25071
30.0800,STATIC_col2_p0,0.0000,0.0000,0.0000,0.0000,0.00000,0.00001,0.25071,0.25071
30.0900,STATIC_col2_p0,0.0000,0.0000,0.0000,0.0000,0.00000,0.00001,0.25071,0.25071
30.1000,STATIC_col2_p0,0.0000,0.0000,0.0000,0.0000,0.00000,0.00001,0.25071,0.25071
30.1100,STATIC_col2_p0,0.0000,0.0000,0.0000,0.0000,0.00000,0.00000,0.25071,0.25071
30.1200,STATIC_col2_p0,0.0000,0.0000,0.0000,0.0000,0.00000,0.00000,0.25071,0.25071
30.1300,STATIC_col2_p0,0.0000,0.0000,0.0000,0.0000,0.00000,0.00000,0.25071,0.25071
30.1400,STATIC_col2_p0,0.0000,0.0000,0.0000,0.0000,0.00000,0.00000,0.25071,0.25071
30.1500,STATIC_col2_p0,0.0000,0.0000,0.0000,0.0000,0.00000,0.00000,0.25071,0.25071
30.1600,STATIC_col2_p0,0.0000,0.0000,0.0000,0.0000,0.00000,0.00000,0.25071,0.25071
30.1700,STATIC_col2_p0,0.0000,0.0000,0.0000,0.0000,0.00000,0.00000,0.25071,0.25071
30.1800,STATIC_col2_p0,0.0000,0.0000,0.0000,0.0000,0.00000,0.00000,0.25071,0.25071
30.1900,STATIC_col2_p0,0.0000,0.0000,0.0000,0.0000,0.00000,-0.00000,0.25071,0.25071
30.2000,STATIC_col2_p0,0.0000,0.0000,0.0000,0.0000,0.00000,-0.00000,0.25071,0.25071
30.2100,STATIC_col2_p0,0.0000,0.0000,0.0000,0.0000,0.00000,-0.00000,0.25071,0.25071
30.2200,STATIC_col2_p0,0.0000,0.0000,0.0000,0.0000,0.00000,-0.00000,0.25071,0.25071
30.2300,STATIC_col2_p0,0.0000,0.0000,0.0000,0.0000,0.00000,-0.00000,0.25071,0.25071
30.2400,STATIC_col2_p0,0.0000,0.0000,0.0000,0.0000,0.00000,-0.00000,0.25071,0.25071
30.2500,STATIC_col2_p0,0.0000,0.0000,0.0000,0.0000,0.00000,-0.00000,0.25071,0.25071
30.2600,STATIC_col2_p0,0.0000,0.0000,0.0000,0.0000,0.00000,-0.00000,0.25071,0.25071
30.2700,STATIC_col2_p0,0.0000,0.0000,0.0000,0.0000,0.00000,-0.00000,0.25071,0.25071
30.2800,STATIC_col2_p0,0.0000,0.0000,0.0000,0.0000,0.00000,-0.00000,0.25071,0.25071
30.2900,STATIC_col2_p0,0.0000,0.0000,0.0000,0.0000,0.00000,-0.00000,0.25071,0.25071
30.3000,STATIC_col2_p0,0.0000,0.0000,0.0000,0.0000,0.00000,-0.00000,0.25071,0.25071
30.3100,STATIC_col2_p0,0.0000,0.0000,0.0000,0.0000,0.00000,-0.00001,0.25071,0.25071
30.3200,STATIC_col2_p0,0.0000,0.0000,0.0000,0.0000,0.00000,-0.00001,0.25071,0.25071
30.3300,STATIC_col2_p0,0.0000,0.0000,0.0000,0.0000,0.00000,-0.00001,0.25071,0.25071
30.3400,STATIC_col2_p0,0.0000,0.0000,0.0000,0.0000,0.00000,-0.00001,0.25071,0.25071
30.3500,STATIC_col2_p0,0.0000,0.0000,0.0000,0.0000,0.00000,-0.00001,0.25071,0.25071
30.3600,STATIC_col2_p0,0.0000,0.0000,0.0000,0.0000,0.00000,-0.00001,0.25071,0.25071
30.3700,STATIC_col2_p0,0.0000,0.0000,0.0000,0.0000,0.00000,-0.00001,0.25071,0.25071
30.3800,STATIC_col2_p0,0.0000,0.0000,0.0000,0.0000,0.00000,-0.00001,0.25071,0.25071
30.3900,STATIC_col2_p0,0.0000,0.0000,0.0000,0.0000,0.00000,-0.00000,0.25071,0.25071
30.4000,STATIC_col2_p0,0.0000,0.0000,0.0000,0.0000,0.00000,-0.00000,0.25071,0.25071
30.4100,STATIC_col2_p0,0.0000,0.0000,0.0000,0.0000,0.00000,-0.00000,0.25071,0.25071
30.4200,STATIC_col2_p0,0.0000,0.0000,0.0000,0.0000,0.00000,-0.00000,0.25071,0.25071
30.4300,STATIC_col2_p0,0.0000,0.0000,0.0000,0.0000,0.00000,-0.00000,0.25071,0.25071
30.4400,STATIC_col2_p0,0.0000,0.0000,0.0000,0.0000,0.00000,-0.00000,0.25071,0.25071
30.4500,STATIC_col2_p0,0.0000,0.0000,0.0000,0.0000,0.00000,-0.00000,0.25071,0.25071
30.4600,STATIC_col2_p0,0.0000,0.0000,0.0000,0.0000,0.00000,-0.00000,0.25071,0.25071
30.4700,STATIC_col2_p0,0.0000,0.0000,0.0000,0.0000,0.00000,-0.00000,0.25071,0.25071
30.4800,STATIC_col2_p0,0.0000,0.0000,0.0000,0.0000,0.00000,-0.00000,0.25071,0.25071
30.4900,STATIC_col2_p0,0.0000,0.0000,0.0000,0.0000,0.00000,-0.00000,0.25071,0.25071
30.5000,STATIC_col2_p0,0.0000,0.0000,0.0000,0.0000,0.00000,-0.00000,0.25071,0.25071
30.5100,STATIC_col2_p0,0.0000,0.0000,0.0000,0.0000,0.00000,-0.00000,0.25071,0.25071
30.5200,STATIC_col2_p0,0.0000,0.0000,0.0000,0.0000,0.00000,-0.00000,0.25071,0.25071
30.5300,STATIC_col2_p0,0.0000,0.0000,0.0000,0.0000,0.00000,-0.00000,0.25071,0.25071
30.5400,STATIC_col2_p0,0.0000,0.0000,0.0000,0.0000,0.00000,-0.00000,0.25071,0.25071
30.5500,STATIC_col2_p0,0.0000,0.0000,0.0000,0.0000,0.00000,-0.00000,0.25071,0.25071
30.5600,STATIC_col2_p0,0.0000,0.0000,0.0000,0.0000,0.00000,-0.00000,0.25071,0.25071
30.5700,STATIC_col2_p0,0.0000,0.0000,0.0000,0.0000,0.00000,0.00000,0.25071,0.25071
30.5800,STATIC_col2_p0,0.0000,0.0000,0.0000,0.0000,0.00000,0.00000,0.25071,0.25071
30.5900,STATIC_col2_p0,0.0000,0.0000,0.0000,0.0000,0.00000,0.00000,0.25071,0.25071
30.6000,STATIC_col2_p0,0.0000,0.0000,0.0000,0.0000,0.00000,0.00000,0.25071,0.25071
30.6100,STATIC_col2_p0,0.0000,0.0000,0.0000,0.0000,0.00000,0.00000,0.25071,0.25071
30.6200,STATIC_col2_p0,0.0000,0.0000,0.0000,0.0000,0.00000,0.00000,0.25071,0.25071
30.6300,STATIC_col2_p0,0.0000,0.0000,0.0000,0.0000,0.00000,0.00000,0.25071,0.25071
30.6400,STATIC_col2_p0,0.0000,0.0000,0.0000,0.0000,0.00000,0.00000,0.25071,0.25071
30.6500,STATIC_col2_p0,0.0000,0.0000,0.0000,0.0000,0.00000,0.00000,0.25071,0.25071
30.6600,STATIC_col2_p0,0.0000,0.0000,0.0000,0.0000,0.00000,0.00000,0.25071,0.25071
30.6700,STATIC_col2_p0,0.0000,0.0000,0.0000,0.0000,0.00000,0.00000,0.25071,0.25071
30.6800,STATIC_col2_p0,0.0000,0.0000,0.0000,0.0000,0.00000,0.00000,0.25071,0.25071
30.6900,STATIC_col2_p0,0.0000,0.0000,0.0000,0.0000,0.00000,0.00000,0.25071,0.25071
30.7000,STATIC_col2_p0,0.0000,0.0000,0.0000,0.0000,0.00000,0.00000,0.25071,0.25071
30.7100,STATIC_col2_p0,0.0000,0.0000,0.0000,0.0000,0.00000,0.00000,0.25071,0.25071
30.7200,STATIC_col2_p0,0.0000,0.0000,0.0000,0.0000,0.00000,0.00000,0.25071,0.25071
30.7300,STATIC_col2_p0,0.0000,0.0000,0.0000,0.0000,0.00000,0.00000,0.25071,0.25071
30.7400,STATIC_col2_p0,0.0000,0.0000,0.0000,0.0000,0.00000,0.00000,0.25071,0.25071
30.7500,STATIC_col2_p0,0.0000,0.0000,0.0000,0.0000,0.00000,0.00000,0.25071,0.25071
30.7600,STATIC_col2_p0,0.0000,0.0000,0.0000,0.0000,0.00000,0.00000,0.25071,0.25071
30.7700,STATIC_col2_p0,0.0000,0.0000,0.0000,0.0000,0.00000,0.00000,0.25071,0.25071
30.7800,STATIC_col2_p0,0.0000,0.0000,0.0000,0.0000,0.00000,0.00000,0.25071,0.25071
30.7900,STATIC_col2_p0,0.0000,0.0000,0.0000,0.0000,0.00000,0.00000,0.25071,0.25071
30.8000,STATIC_col2_p0,0.0000,0.0000,0.0000,0.0000,0.00000,0.00000,0.25071,0.25071
30.8100,STATIC_col2_p0,0.0000,0.0000,0.0000,0.0000,0.00000,0.00000,0.25071,0.25071
30.8200,STATIC_col2_p0,0.0000,0.0000,0.0000,0.0000,0.00000,0.00000,0.25071,0.25071
30.8300,STATIC_col2_p0,0.0000,0.0000,0.0000,0.0000,0.00000,0.00000,0.25071,0.25071
30.8400,STATIC_col2_p0,0.0000,0.0000,0.0000,0.0000,0.00000,0.00000,0.25071,0.25071
30.8500,STATIC_col2_p0,0.0000,0.0000,0.0000,0.0000,0.00000,0.00000,0.25071,0.25071
30.8600,STATIC_col2_p0,0.0000,0.0000,0.0000,0.0000,0.00000,0.00000,0.25071,0.25071
30.8700,STATIC_col2_p0,0.0000,0.0000,0.0000,0.0000,0.00000,0.00000,0.25071,0.25071
30.8800,STATIC_col2_p0,0.0000,0.0000,0.0000,0.0000,0.00000,0.00000,0.25071,0.25071
30.8900,STATIC_col2_p0,0.0000,0.0000,0.0000,0.0000,0.00000,0.00000,0.25071,0.25071
30.9000,STATIC_col2_p0,0.0000,0.0000,0.0000,0.0000,0.00000,0.00000,0.25071,0.25071
30.9100,STATIC_col2_p0,0.0000,0.0000,0.0000,0.0000,0.00000,0.00000,0.25071,0.25071
30.9200,STATIC_col2_p0,0.0000,0.0000,0.0000,0.0000,0.00000,0.00000,0.25071,0.25071
30.9300,STATIC_col2_p0,0.0000,0.0000,0.0000,0.0000,0.00000,0.00000,0.25071,0.25071
30.9400,STATIC_col2_p0,0.0000,0.0000,0.0000,0.0000,0.00000,0.00000,0.25071,0.25071
30.9500,STATIC_col2_p0,0.0000,0.0000,0.0000,0.0000,0.00000,0.00000,0.25071,0.25071
30.9600,STATIC_col2_p0,0.0000,0.0000,0.0000,0.0000,0.00000,-0.00000,0.25071,0.25071
30.9700,STATIC_col2_p0,0.0000,0.0000,0.0000,0.0000,0.00000,-0.00000,0.25071,0.25071
30.9800,STATIC_col2_p0,0.0000,0.0000,0.0000,0.0000,0.00000,-0.00000,0.25071,0.25071
30.9900,STATIC_col2_p0,0.0000,0.0000,0.0000,0.0000,0.00000,-0.00000,0.25071,0.25071
31.0000,STATIC_col2_p0,0.0000,0.0000,0.0000,0.0000,0.00000,-0.00000,0.25071,0.25071
31.0100,STATIC_col2_p3,0.0000,0.0000,3.0000,0.0000,-0.00000,-0.00000,0.25071,0.25071
31.0200,STATIC_col2_p3,0.0000,0.0000,3.0000,0.0000,-0.00003,-0.00000,0.25071,0.25071
31.0300,STATIC_col2_p3,0.0000,0.0000,3.0000,0.0000,-0.00008,-0.00000,0.25070,0.25070
31.0400,STATIC_col2_p3,0.0000,0.0000,3.0000,0.0000,-0.00017,-0.00000,0.25069,0.25069
31.0500,STATIC_col2_p3,0.0000,0.0000,3.0000,0.0000,-0.00030,-0.00000,0.25067,0.25067
31.0600,STATIC_col2_p3,0.0000,0.0000,3.0000,0.0000,-0.00048,-0.00000,0.25065,0.25065
31.0700,STATIC_col2_p3,0.0000,0.0000,3.0000,0.0000,-0.00071,-0.00000,0.25063,0.25063
31.0800,STATIC_col2_p3,0.0000,0.0000,3.0000,0.0000,-0.00099,-0.00000,0.25060,0.25060
31.0900,STATIC_col2_p3,0.0000,0.0000,3.0000,0.0000,-0.00132,-0.00000,0.25057,0.25058
31.1000,STATIC_col2_p3,0.0000,0.0000,3.0000,0.0000,-0.00171,-0.00000,0.25055,0.25055
31.1100,STATIC_col2_p3,0.0000,0.0000,3.0000,0.0000,-0.00215,-0.00000,0.25052,0.25053
31.1200,STATIC_col2_p3,0.0000,0.0000,3.0000,0.0000,-0.00264,-0.00000,0.25050,0.25051
31.1300,STATIC_col2_p3,0.0000,0.0000,3.0000,0.0000,-0.00319,-0.00000,0.25048,0.25050
31.1400,STATIC_col2_p3,0.0000,0.0000,3.0000,0.0000,-0.00378,-0.00000,0.25047,0.25050
31.1500,STATIC_col2_p3,0.0000,0.0000,3.0000,0.0000,-0.00442,-0.00000,0.25046,0.25050
31.1600,STATIC_col2_p3,0.0000,0.0000,3.0000,0.0000,-0.00510,-0.00000,0.25045,0.25051
31.1700,STATIC_col2_p3,0.0000,0.0000,3.0000,0.0000,-0.00583,-0.00000,0.25046,0.25053
31.1800,STATIC_col2_p3,0.0000,0.0000,3.0000,0.0000,-0.00659,-0.00000,0.25047,0.25055
31.1900,STATIC_col2_p3,0.0000,0.0000,3.0000,0.0000,-0.00738,-0.00000,0.25048,0.25059
31.2000,STATIC_col2_p3,0.0000,0.0000,3.0000,0.0000,-0.00820,-0.00000,0.25051,0.25064
31.2100,STATIC_col2_p3,0.0000,0.0000,3.0000,0.0000,-0.00904,-0.00000,0.25054,0.25070
31.2200,STATIC_col2_p3,0.0000,0.0000,3.0000,0.0000,-0.00990,-0.00000,0.25057,0.25077
31.2300,STATIC_col2_p3,0.0000,0.0000,3.0000,0.0000,-0.01077,-0.00000,0.25061,0.25084
31.2400,STATIC_col2_p3,0.0000,0.0000,3.0000,0.0000,-0.01166,-0.00000,0.25066,0.25093
31.2500,STATIC_col2_p3,0.0000,0.0000,3.0000,0.0000,-0.01254,-0.00000,0.25071,0.25103
31.2600,STATIC_col2_p3,0.0000,0.0000,3.0000,0.0000,-0.01343,-0.00000,0.25077,0.25113
31.2700,STATIC_col2_p3,0.0000,0.0000,3.0000,0.0000,-0.01431,-0.00000,0.25083,0.25124
31.2800,STATIC_col2_p3,0.0000,0.0000,3.0000,0.0000,-0.01518,-0.00000,0.25090,0.25136
31.2900,STATIC_col2_p3,0.0000,0.0000,3.0000,0.0000,-0.01604,-0.00000,0.25097,0.25148
31.3000,STATIC_col2_p3,0.0000,0.0000,3.0000,0.0000,-0.01688,-0.00000,0.25105,0.25161
31.3100,STATIC_col2_p3,0.0000,0.0000,3.0000,0.0000,-0.01770,-0.00000,0.25112,0.25174
31.3200,STATIC_col2_p3,0.0000,0.0000,3.0000,0.0000,-0.01849,-0.00000,0.25120,0.25188
31.3300,STATIC_col2_p3,0.0000,0.0000,3.0000,0.0000,-0.01925,-0.00000,0.25128,0.25201
31.3400,STATIC_col2_p3,0.0000,0.0000,3.0000,0.0000,-0.01998,0.00000,0.25135,0.25215
31.3500,STATIC_col2_p3,0.0000,0.0000,3.0000,0.0000,-0.02068,0.00000,0.25143,0.25228
31.3600,STATIC_col2_p3,0.0000,0.0000,3.0000,0.0000,-0.02133,0.00000,0.25151,0.25241
31.3700,STATIC_col2_p3,0.0000,0.0000,3.0000,0.0000,-0.02195,0.00000,0.25158,0.25254
31.3800,STATIC_col2_p3,0.0000,0.0000,3.0000,0.0000,-0.02253,0.00000,0.25165,0.25266
31.3900,STATIC_col2_p3,0.0000,0.0000,3.0000,0.0000,-0.02306,0.00000,0.25172,0.25277
31.4000,STATIC_col2_p3,0.0000,0.0000,3.0000,0.0000,-0.02354,0.00000,0.25178,0.25288
31.4100,STATIC_col2_p3,0.0000,0.0000,3.0000,0.0000,-0.02398,0.00000,0.25184,0.25298
31.4200,STATIC_col2_p3,0.0000,0.0000,3.0000,0.0000,-0.02438,0.00000,0.25190,0.25307
31.4300,STATIC_col2_p3,0.0000,0.0000,3.0000,0.0000,-0.02472,0.00000,0.25195,0.25316
31.4400,STATIC_col2_p3,0.0000,0.0000,3.0000,0.0000,-0.02502,0.00000,0.25199,0.25323
31.4500,STATIC_col2_p3,0.0000,0.0000,3.0000,0.0000,-0.02528,0.00000,0.25203,0.25329
31.4600,STATIC_col2_p3,0.0000,0.0000,3.0000,0.0000,-0.02549,0.00000,0.25206,0.25335
31.4700,STATIC_col2_p3,0.0000,0.0000,3.0000,0.0000,-0.02565,0.00000,0.25209,0.25339
31.4800,STATIC_col2_p3,0.0000,0.0000,3.0000,0.0000,-0.02577,0.00000,0.25211,0.25342
31.4900,STATIC_col2_p3,0.0000,0.0000,3.0000,0.0000,-0.02584,0.00000,0.25212,0.25345
31.5000,STATIC_col2_p3,0.0000,0.0000,3.0000,0.0000,-0.02588,0.00000,0.25213,0.25346
31.5100,STATIC_col2_p3,0.0000,0.0000,3.0000,0.0000,-0.02587,0.00000,0.25214,0.25346
31.5200,STATIC_col2_p3,0.0000,0.0000,3.0000,0.0000,-0.02583,0.00000,0.25213,0.25345
31.5300,STATIC_col2_p3,0.0000,0.0000,3.0000,0.0000,-0.02575,0.00000,0.25213,0.25344
31.5400,STATIC_col2_p3,0.0000,0.0000,3.0000,0.0000,-0.02564,0.00000,0.25212,0.25342
31.5500,STATIC_col2_p3,0.0000,0.0000,3.0000,0.0000,-0.02550,0.00000,0.25210,0.25339
31.5600,STATIC_col2_p3,0.0000,0.0000,3.0000,0.0000,-0.02533,0.00000,0.25208,0.25335
31.5700,STATIC_col2_p3,0.0000,0.0000,3.0000,0.0000,-0.02513,0.00000,0.25206,0.25330
31.5800,STATIC_col2_p3,0.0000,0.0000,3.0000,0.0000,-0.02491,0.00000,0.25203,0.25326
31.5900,STATIC_col2_p3,0.0000,0.0000,3.0000,0.0000,-0.02467,0.00000,0.25200,0.25320
31.6000,STATIC_col2_p3,0.0000,0.0000,3.0000,0.0000,-0.02441,0.00000,0.25197,0.25315
31.6100,STATIC_col2_p3,0.0000,0.0000,3.0000,0.0000,-0.02414,0.00000,0.25193,0.25309
31.6200,STATIC_col2_p3,0.0000,0.0000,3.0000,0.0000,-0.02385,0.00000,0.25190,0.25303
31.6300,STATIC_col2_p3,0.0000,0.0000,3.0000,0.0000,-0.02355,0.00000,0.25186,0.25296
31.6400,STATIC_col2_p3,0.0000,0.0000,3.0000,0.0000,-0.02325,0.00000,0.25183,0.25290
31.6500,STATIC_col2_p3,0.0000,0.0000,3.0000,0.0000,-0.02293,0.00000,0.25179,0.25283
31.6600,STATIC_col2_p3,0.0000,0.0000,3.0000,0.0000,-0.02262,0.00000,0.25176,0.25277
31.6700,STATIC_col2_p3,0.0000,0.0000,3.0000,0.0000,-0.02231,0.00000,0.25172,0.25271
31.6800,STATIC_col2_p3,0.0000,0.0000,3.0000,0.0000,-0.02200,0.00000,0.25169,0.25264
31.6900,STATIC_col2_p3,0.0000,0.0000,3.0000,0.0000,-0.02169,0.00000,0.25165,0.25258
31.7000,STATIC_col2_p3,0.0000,0.0000,3.0000,0.0000,-0.02139,0.00000,0.25162,0.25253
31.7100,STATIC_col2_p3,0.0000,0.0000,3.0000,0.0000,-0.02109,0.00000,0.25159,0.25247
31.7200,STATIC_col2_p3,0.0000,0.0000,3.0000,0.0000,-0.02081,-0.00000,0.25156,0.25242
31.7300,STATIC_col2_p3,0.0000,0.0000,3.0000,0.0000,-0.02054,-0.00000,0.25153,0.25237
31.7400,STATIC_col2_p3,0.0000,0.0000,3.0000,0.0000,-0.02028,-0.00000,0.25150,0.25232
31.7500,STATIC_col2_p3,0.0000,0.0000,3.0000,0.0000,-0.02004,-0.00000,0.25148,0.25228
31.7600,STATIC_col2_p3,0.0000,0.0000,3.0000,0.0000,-0.01981,-0.00000,0.25146,0.25224
31.7700,STATIC_col2_p3,0.0000,0.0000,3.0000,0.0000,-0.01959,-0.00000,0.25144,0.25220
31.7800,STATIC_col2_p3,0.0000,0.0000,3.0000,0.0000,-0.01940,-0.00000,0.25142,0.25216
31.7900,STATIC_col2_p3,0.0000,0.0000,3.0000,0.0000,-0.01922,-0.00000,0.25140,0.25213
31.8000,STATIC_col2_p3,0.0000,0.0000,3.0000,0.0000,-0.01906,-0.00000,0.25139,0.25211
31.8100,STATIC_col2_p3,0.0000,0.0000,3.0000,0.0000,-0.01892,-0.00000,0.25137,0.25208
31.8200,STATIC_col2_p3,0.0000,0.0000,3.0000,0.0000,-0.01880,-0.00000,0.25136,0.25207
31.8300,STATIC_col2_p3,0.0000,0.0000,3.0000,0.0000,-0.01870,-0.00000,0.25135,0.25205
31.8400,STATIC_col2_p3,0.0000,0.0000,3.0000,0.0000,-0.01862,-0.00000,0.25135,0.25204
31.8500,STATIC_col2_p3,0.0000,0.0000,3.0000,0.0000,-0.01856,-0.00000,0.25134,0.25203
31.8600,STATIC_col2_p3,0.0000,0.0000,3.0000,0.0000,-0.01851,-0.00000,0.25134,0.25202
31.8700,STATIC_col2_p3,0.0000,0.0000,3.0000,0.0000,-0.01849,-0.00000,0.25134,0.25202
31.8800,STATIC_col2_p3,0.0000,0.0000,3.0000,0.0000,-0.01848,-0.00000,0.25134,0.25202
31.8900,STATIC_col2_p3,0.0000,0.0000,3.0000,0.0000,-0.01849,-0.00000,0.25134,0.25202
31.9000,STATIC_col2_p3,0.0000,0.0000,3.0000,0.0000,-0.01851,-0.00000,0.25134,0.25202
31.9100,STATIC_col2_p3,0.0000,0.0000,3.0000,0.0000,-0.01856,-0.00000,0.25135,0.25203
31.9200,STATIC_col2_p3,0.0000,0.0000,3.0000,0.0000,-0.01861,-0.00000,0.25135,0.25204
31.9300,STATIC_col2_p3,0.0000,0.0000,3.0000,0.0000,-0.01868,-0.00000,0.25136,0.25205
31.9400,STATIC_col2_p3,0.0000,0.0000,3.0000,0.0000,-0.01876,-0.00000,0.25137,0.25207
31.9500,STATIC_col2_p3,0.0000,0.0000,3.0000,0.0000,-0.01886,-0.00000,0.25138,0.25208
31.9600,STATIC_col2_p3,0.0000,0.0000,3.0000,0.0000,-0.01896,-0.00000,0.25139,0.25210
31.9700,STATIC_col2_p3,0.0000,0.0000,3.0000,0.0000,-0.01907,-0.00000,0.25140,0.25212
31.9800,STATIC_col2_p3,0.0000,0.0000,3.0000,0.0000,-0.01920,-0.00000,0.25141,0.25214
31.9900,STATIC_col2_p3,0.0000,0.0000,3.0000,0.0000,-0.01933,-0.00000,0.25143,0.25217
32.0000,STATIC_col2_p3,0.0000,0.0000,3.0000,0.0000,-0.01946,-0.00000,0.25144,0.25219
32.0100,STATIC_col2_p3,0.0000,0.0000,3.0000,0.0000,-0.01960,-0.00000,0.25145,0.25222
32.0200,STATIC_col2_p3,0.0000,0.0000,3.0000,0.0000,-0.01974,-0.00000,0.25147,0.25224
32.0300,STATIC_col2_p3,0.0000,0.0000,3.0000,0.0000,-0.01989,-0.00000,0.25148,0.25227
32.0400,STATIC_col2_p3,0.0000,0.0000,3.0000,0.0000,-0.02003,-0.00000,0.25150,0.25230
32.0500,STATIC_col2_p3,0.0000,0.0000,3.0000,0.0000,-0.02018,-0.00000,0.25151,0.25232
32.0600,STATIC_col2_p3,0.0000,0.0000,3.0000,0.0000,-0.02033,-0.00000,0.25153,0.25235
32.0700,STATIC_col2_p3,0.0000,0.0000,3.0000,0.0000,-0.02047,-0.00000,0.25155,0.25238
32.0800,STATIC_col2_p3,0.0000,0.0000,3.0000,0.0000,-0.02061,-0.00000,0.25156,0.25240
32.0900,STATIC_col2_p3,0.0000,0.0000,3.0000,0.0000,-0.02075,-0.00000,0.25158,0.25243
32.1000,STATIC_col2_p3,0.0000,0.0000,3.0000,0.0000,-0.02089,-0.00000,0.25159,0.25246
32.1100,STATIC_col2_p3,0.0000,0.0000,3.0000,0.0000,-0.02102,0.00000,0.25160,0.25248
32.1200,STATIC_col2_p3,0.0000,0.0000,3.0000,0.0000,-0.02114,0.00000,0.25162,0.25250
32.1300,STATIC_col2_p3,0.0000,0.0000,3.0000,0.0000,-0.02126,0.00000,0.25163,0.25253
32.1400,STATIC_col2_p3,0.0000,0.0000,3.0000,0.0000,-0.02137,0.00000,0.25164,0.25255
32.1500,STATIC_col2_p3,0.0000,0.0000,3.0000,0.0000,-0.02147,0.00000,0.25166,0.25257
32.1600,STATIC_col2_p3,0.0000,0.0000,3.0000,0.0000,-0.02156,0.00000,0.25167,0.25259
32.1700,STATIC_col2_p3,0.0000,0.0000,3.0000,0.0000,-0.02165,0.00000,0.25168,0.25261
32.1800,STATIC_col2_p3,0.0000,0.0000,3.0000,0.0000,-0.02173,0.00000,0.25168,0.25262
32.1900,STATIC_col2_p3,0.0000,0.0000,3.0000,0.0000,-0.02180,0.00000,0.25169,0.25263
32.2000,STATIC_col2_p3,0.0000,0.0000,3.0000,0.0000,-0.02186,0.00000,0.25170,0.25265
32.2100,STATIC_col2_p3,0.0000,0.0000,3.0000,0.0000,-0.02191,0.00000,0.25171,0.25266
32.2200,STATIC_col2_p3,0.0000,0.0000,3.0000,0.0000,-0.02195,0.00000,0.25171,0.25267
32.2300,STATIC_col2_p3,0.0000,0.0000,3.0000,0.0000,-0.02199,0.00000,0.25171,0.25267
32.2400,STATIC_col2_p3,0.0000,0.0000,3.0000,0.0000,-0.02201,0.00000,0.25172,0.25268
32.2500,STATIC_col2_p3,0.0000,0.0000,3.0000,0.0000,-0.02203,0.00000,0.25172,0.25268
32.2600,STATIC_col2_p3,0.0000,0.0000,3.0000,0.0000,-0.02204,0.00000,0.25172,0.25268
32.2700,STATIC_col2_p3,0.0000,0.0000,3.0000,0.0000,-0.02204,0.00000,0.25172,0.25268
32.2800,STATIC_col2_p3,0.0000,0.0000,3.0000,0.0000,-0.02204,0.00000,0.25172,0.25268
32.2900,STATIC_col2_p3,0.0000,0.0000,3.0000,0.0000,-0.02202,0.00000,0.25172,0.25268
32.3000,STATIC_col2_p3,0.0000,0.0000,3.0000,0.0000,-0.02200,0.00000,0.25172,0.25268
32.3100,STATIC_col2_p3,0.0000,0.0000,3.0000,0.0000,-0.02198,0.00000,0.25171,0.25267
32.3200,STATIC_col2_p3,0.0000,0.0000,3.0000,0.0000,-0.02194,0.00000,0.25171,0.25266
32.3300,STATIC_col2_p3,0.0000,0.0000,3.0000,0.0000,-0.02190,0.00000,0.25171,0.25266
32.3400,STATIC_col2_p3,0.0000,0.0000,3.0000,0.0000,-0.02186,0.00000,0.25170,0.25265
32.3500,STATIC_col2_p3,0.0000,0.0000,3.0000,0.0000,-0.02181,0.00000,0.25169,0.25264
32.3600,STATIC_col2_p3,0.0000,0.0000,3.0000,0.0000,-0.02176,0.00000,0.25169,0.25263
32.3700,STATIC_col2_p3,0.0000,0.0000,3.0000,0.0000,-0.02171,0.00000,0.25168,0.25262
32.3800,STATIC_col2_p3,0.0000,0.0000,3.0000,0.0000,-0.02165,0.00000,0.25168,0.25261
32.3900,STATIC_col2_p3,0.0000,0.0000,3.0000,0.0000,-0.02159,0.00000,0.25167,0.25259
32.4000,STATIC_col2_p3,0.0000,0.0000,3.0000,0.0000,-0.02152,0.00000,0.25166,0.25258
32.4100,STATIC_col2_p3,0.0000,0.0000,3.0000,0.0000,-0.02146,0.00000,0.25165,0.25257
32.4200,STATIC_col2_p3,0.0000,0.0000,3.0000,0.0000,-0.02139,0.00000,0.25165,0.25256
32.4300,STATIC_col2_p3,0.0000,0.0000,3.0000,0.0000,-0.02133,0.00000,0.25164,0.25254
32.4400,STATIC_col2_p3,0.0000,0.0000,3.0000,0.0000,-0.02126,0.00000,0.25163,0.25253
32.4500,STATIC_col2_p3,0.0000,0.0000,3.0000,0.0000,-0.02120,0.00000,0.25163,0.25252
32.4600,STATIC_col2_p3,0.0000,0.0000,3.0000,0.0000,-0.02113,0.00000,0.25162,0.25250
32.4700,STATIC_col2_p3,0.0000,0.0000,3.0000,0.0000,-0.02107,0.00000,0.25161,0.25249
32.4800,STATIC_col2_p3,0.0000,0.0000,3.0000,0.0000,-0.02101,0.00000,0.25161,0.25248
32.4900,STATIC_col2_p3,0.0000,0.0000,3.0000,0.0000,-0.02095,-0.00000,0.25160,0.25247
32.5000,STATIC_col2_p3,0.0000,0.0000,3.0000,0.0000,-0.02090,-0.00000,0.25159,0.25246
32.5100,STATIC_col2_p3,0.0000,0.0000,3.0000,0.0000,-0.02084,-0.00000,0.25159,0.25245
32.5200,STATIC_col2_p3,0.0000,0.0000,3.0000,0.0000,-0.02079,-0.00000,0.25158,0.25244
32.5300,STATIC_col2_p3,0.0000,0.0000,3.0000,0.0000,-0.02074,-0.00000,0.25158,0.25243
32.5400,STATIC_col2_p3,0.0000,0.0000,3.0000,0.0000,-0.02070,-0.00000,0.25157,0.25242
32.5500,STATIC_col2_p3,0.0000,0.0000,3.0000,0.0000,-0.02066,-0.00000,0.25157,0.25241
32.5600,STATIC_col2_p3,0.0000,0.0000,3.0000,0.0000,-0.02062,-0.00000,0.25156,0.25241
32.5700,STATIC_col2_p3,0.0000,0.0000,3.0000,0.0000,-0.02059,-0.00000,0.25156,0.25240
32.5800,STATIC_col2_p3,0.0000,0.0000,3.0000,0.0000,-0.02056,-0.00000,0.25156,0.25240
32.5900,STATIC_col2_p3,0.0000,0.0000,3.0000,0.0000,-0.02053,-0.00000,0.25155,0.25239
32.6000,STATIC_col2_p3,0.0000,0.0000,3.0000,0.0000,-0.02051,-0.00000,0.25155,0.25239
32.6100,STATIC_col2_p3,0.0000,0.0000,3.0000,0.0000,-0.02049,-0.00000,0.25155,0.25238
32.6200,STATIC_col2_p3,0.0000,0.0000,3.0000,0.0000,-0.02048,-0.00000,0.25155,0.25238
32.6300,STATIC_col2_p3,0.0000,0.0000,3.0000,0.0000,-0.02047,-0.00000,0.25155,0.25238
32.6400,STATIC_col2_p3,0.0000,0.0000,3.0000,0.0000,-0.02046,-0.00000,0.25155,0.25238
32.6500,STATIC_col2_p3,0.0000,0.0000,3.0000,0.0000,-0.02046,-0.00000,0.25155,0.25238
32.6600,STATIC_col2_p3,0.0000,0.0000,3.0000,0.0000,-0.02046,-0.00000,0.25155,0.25238
32.6700,STATIC_col2_p3,0.0000,0.0000,3.0000,0.0000,-0.02047,-0.00000,0.25155,0.25238
32.6800,STATIC_col2_p3,0.0000,0.0000,3.0000,0.0000,-0.02048,-0.00000,0.25155,0.25238
32.6900,STATIC_col2_p3,0.0000,0.0000,3.0000,0.0000,-0.02049,-0.00000,0.25155,0.25238
32.7000,STATIC_col2_p3,0.0000,0.0000,3.0000,0.0000,-0.02050,-0.00000,0.25155,0.25238
32.7100,STATIC_col2_p3,0.0000,0.0000,3.0000,0.0000,-0.02052,-0.00000,0.25155,0.25239
32.7200,STATIC_col2_p3,0.0000,0.0000,3.0000,0.0000,-0.02053,-0.00000,0.25155,0.25239
32.7300,STATIC_col2_p3,0.0000,0.0000,3.0000,0.0000,-0.02055,-0.00000,0.25156,0.25240
32.7400,STATIC_col2_p3,0.0000,0.0000,3.0000,0.0000,-0.02058,-0.00000,0.25156,0.25240
32.7500,STATIC_col2_p3,0.0000,0.0000,3.0000,0.0000,-0.02060,-0.00000,0.25156,0.25240
32.7600,STATIC_col2_p3,0.0000,0.0000,3.0000,0.0000,-0.02063,-0.00000,0.25156,0.25241
32.7700,STATIC_col2_p3,0.0000,0.0000,3.0000,0.0000,-0.02065,-0.00000,0.25157,0.25241
32.7800,STATIC_col2_p3,0.0000,0.0000,3.0000,0.0000,-0.02068,-0.00000,0.25157,0.25242
32.7900,STATIC_col2_p3,0.0000,0.0000,3.0000,0.0000,-0.02071,-0.00000,0.25157,0.25242
32.8000,STATIC_col2_p3,0.0000,0.0000,3.0000,0.0000,-0.02074,-0.00000,0.25158,0.25243
32.8100,STATIC_col2_p3,0.0000,0.0000,3.0000,0.0000,-0.02077,-0.00000,0.25158,0.25244
32.8200,STATIC_col2_p3,0.0000,0.0000,3.0000,0.0000,-0.02080,-0.00000,0.25158,0.25244
32.8300,STATIC_col2_p3,0.0000,0.0000,3.0000,0.0000,-0.02083,-0.00000,0.25159,0.25245
32.8400,STATIC_col2_p3,0.0000,0.0000,3.0000,0.0000,-0.02086,-0.00000,0.25159,0.25245
32.8500,STATIC_col2_p3,0.0000,0.0000,3.0000,0.0000,-0.02089,-0.00000,0.25159,0.25246
32.8600,STATIC_col2_p3,0.0000,0.0000,3.0000,0.0000,-0.02091,-0.00000,0.25160,0.25246
32.8700,STATIC_col2_p3,0.0000,0.0000,3.0000,0.0000,-0.02094,-0.00000,0.25160,0.25247
32.8800,STATIC_col2_p3,0.0000,0.0000,3.0000,0.0000,-0.02097,0.00000,0.25160,0.25247
32.8900,STATIC_col2_p3,0.0000,0.0000,3.0000,0.0000,-0.02099,0.00000,0.25160,0.25248
32.9000,STATIC_col2_p3,0.0000,0.0000,3.0000,0.0000,-0.02101,0.00000,0.25161,0.25248
32.9100,STATIC_col2_p3,0.0000,0.0000,3.0000,0.0000,-0.02104,0.00000,0.25161,0.25249
32.9200,STATIC_col2_p3,0.0000,0.0000,3.0000,0.0000,-0.02106,0.00000,0.25161,0.25249
32.9300,STATIC_col2_p3,0.0000,0.0000,3.0000,0.0000,-0.02108,0.00000,0.25161,0.25249
32.9400,STATIC_col2_p3,0.0000,0.0000,3.0000,0.0000,-0.02109,0.00000,0.25162,0.25250
32.9500,STATIC_col2_p3,0.0000,0.0000,3.0000,0.0000,-0.02111,0.00000,0.25162,0.25250
32.9600,STATIC_col2_p3,0.0000,0.0000,3.0000,0.0000,-0.02112,0.00000,0.25162,0.25250
32.9700,STATIC_col2_p3,0.0000,0.0000,3.0000,0.0000,-0.02114,0.00000,0.25162,0.25251
32.9800,STATIC_col2_p3,0.0000,0.0000,3.0000,0.0000,-0.02115,0.00000,0.25162,0.25251
32.9900,STATIC_col2_p3,0.0000,0.0000,3.0000,0.0000,-0.02116,0.00000,0.25162,0.25251
33.0000,STATIC_col2_p3,0.0000,0.0000,3.0000,0.0000,-0.02116,0.00000,0.25162,0.25251
33.0100,STATIC_col2_p3,0.0000,0.0000,3.0000,0.0000,-0.02117,0.00000,0.25162,0.25251
33.0200,STATIC_col2_p3,0.0000,0.0000,3.0000,0.0000,-0.02117,0.00000,0.25162,0.25251
33.0300,STATIC_col2_p3,0.0000,0.0000,3.0000,0.0000,-0.02117,0.00000,0.25162,0.25251
33.0400,STATIC_col2_p3,0.0000,0.0000,3.0000,0.0000,-0.02117,0.00000,0.25162,0.25251
33.0500,STATIC_col2_p3,0.0000,0.0000,3.0000,0.0000,-0.02117,0.00000,0.25162,0.25251
33.0600,STATIC_col2_p3,0.0000,0.0000,3.0000,0.0000,-0.02117,0.00000,0.25162,0.25251
33.0700,STATIC_col2_p3,0.0000,0.0000,3.0000,0.0000,-0.02117,0.00000,0.25162,0.25251
33.0800,STATIC_col2_p3,0.0000,0.0000,3.0000,0.0000,-0.02116,0.00000,0.25162,0.25251
33.0900,STATIC_col2_p3,0.0000,0.0000,3.0000,0.0000,-0.02116,0.00000,0.25162,0.25251
33.1000,STATIC_col2_p3,0.0000,0.0000,3.0000,0.0000,-0.02115,0.00000,0.25162,0.25251
33.1100,STATIC_col2_p3,0.0000,0.0000,3.0000,0.0000,-0.02114,0.00000,0.25162,0.25251
33.1200,STATIC_col2_p3,0.0000,0.0000,3.0000,0.0000,-0.02113,0.00000,0.25162,0.25250
33.1300,STATIC_col2_p3,0.0000,0.0000,3.0000,0.0000,-0.02112,0.00000,0.25162,0.25250
33.1400,STATIC_col2_p3,0.0000,0.0000,3.0000,0.0000,-0.02111,0.00000,0.25162,0.25250
33.1500,STATIC_col2_p3,0.0000,0.0000,3.0000,0.0000,-0.02110,0.00000,0.25162,0.25250
33.1600,STATIC_col2_p3,0.0000,0.0000,3.0000,0.0000,-0.02108,0.00000,0.25161,0.25250
33.1700,STATIC_col2_p3,0.0000,0.0000,3.0000,0.0000,-0.02107,0.00000,0.25161,0.25249
33.1800,STATIC_col2_p3,0.0000,0.0000,3.0000,0.0000,-0.02106,0.00000,0.25161,0.25249
33.1900,STATIC_col2_p3,0.0000,0.0000,3.0000,0.0000,-0.02104,0.00000,0.25161,0.25249
33.2000,STATIC_col2_p3,0.0000,0.0000,3.0000,0.0000,-0.02103,0.00000,0.25161,0.25249
33.2100,STATIC_col2_p3,0.0000,0.0000,3.0000,0.0000,-0.02102,0.00000,0.25161,0.25248
33.2200,STATIC_col2_p3,0.0000,0.0000,3.0000,0.0000,-0.02100,0.00000,0.25161,0.25248
33.2300,STATIC_col2_p3,0.0000,0.0000,3.0000,0.0000,-0.02099,0.00000,0.25160,0.25248
33.2400,STATIC_col2_p3,0.0000,0.0000,3.0000,0.0000,-0.02098,0.00000,0.25160,0.25248
33.2500,STATIC_col2_p3,0.0000,0.0000,3.0000,0.0000,-0.02097,0.00000,0.25160,0.25247
33.2600,STATIC_col2_p3,0.0000,0.0000,3.0000,0.0000,-0.02095,-0.00000,0.25160,0.25247
33.2700,STATIC_col2_p3,0.0000,0.0000,3.0000,0.0000,-0.02094,-0.00000,0.25160,0.25247
33.2800,STATIC_col2_p3,0.0000,0.0000,3.0000,0.0000,-0.02093,-0.00000,0.25160,0.25247
33.2900,STATIC_col2_p3,0.0000,0.0000,3.0000,0.0000,-0.02092,-0.00000,0.25160,0.25246
33.3000,STATIC_col2_p3,0.0000,0.0000,3.0000,0.0000,-0.02091,-0.00000,0.25160,0.25246
33.3100,STATIC_col2_p3,0.0000,0.0000,3.0000,0.0000,-0.02090,-0.00000,0.25159,0.25246
33.3200,STATIC_col2_p3,0.0000,0.0000,3.0000,0.0000,-0.02089,-0.00000,0.25159,0.25246
33.3300,STATIC_col2_p3,0.0000,0.0000,3.0000,0.0000,-0.02089,-0.00000,0.25159,0.25246
33.3400,STATIC_col2_p3,0.0000,0.0000,3.0000,0.0000,-0.02088,-0.00000,0.25159,0.25246
33.3500,STATIC_col2_p3,0.0000,0.0000,3.0000,0.0000,-0.02087,-0.00000,0.25159,0.25246
33.3600,STATIC_col2_p3,0.0000,0.0000,3.0000,0.0000,-0.02087,-0.00000,0.25159,0.25245
33.3700,STATIC_col2_p3,0.0000,0.0000,3.0000,0.0000,-0.02086,-0.00000,0.25159,0.25245
33.3800,STATIC_col2_p3,0.0000,0.0000,3.0000,0.0000,-0.02086,-0.00000,0.25159,0.25245
33.3900,STATIC_col2_p3,0.0000,0.0000,3.0000,0.0000,-0.02086,-0.00000,0.25159,0.25245
33.4000,STATIC_col2_p3,0.0000,0.0000,3.0000,0.0000,-0.02086,-0.00000,0.25159,0.25245
33.4100,STATIC_col2_p3,0.0000,0.0000,3.0000,0.0000,-0.02086,-0.00000,0.25159,0.25245
33.4200,STATIC_col2_p3,0.0000,0.0000,3.0000,0.0000,-0.02085,-0.00000,0.25159,0.25245
33.4300,STATIC_col2_p3,0.0000,0.0000,3.0000,0.0000,-0.02085,-0.00000,0.25159,0.25245
33.4400,STATIC_col2_p3,0.0000,0.0000,3.0000,0.0000,-0.02086,-0.00000,0.25159,0.25245
33.4500,STATIC_col2_p3,0.0000,0.0000,3.0000,0.0000,-0.02086,-0.00000,0.25159,0.25245
33.4600,STATIC_col2_p3,0.0000,0.0000,3.0000,0.0000,-0.02086,-0.00000,0.25159,0.25245
33.4700,STATIC_col2_p3,0.0000,0.0000,3.0000,0.0000,-0.02086,-0.00000,0.25159,0.25245
33.4800,STATIC_col2_p3,0.0000,0.0000,3.0000,0.0000,-0.02087,-0.00000,0.25159,0.25245
33.4900,STATIC_col2_p3,0.0000,0.0000,3.0000,0.0000,-0.02087,-0.00000,0.25159,0.25245
33.5000,STATIC_col2_p3,0.0000,0.0000,3.0000,0.0000,-0.02087,-0.00000,0.25159,0.25246
33.5100,STATIC_col2_p3,0.0000,0.0000,3.0000,0.0000,-0.02088,-0.00000,0.25159,0.25246
33.5200,STATIC_col2_p3,0.0000,0.0000,3.0000,0.0000,-0.02088,-0.00000,0.25159,0.25246
33.5300,STATIC_col2_p3,0.0000,0.0000,3.0000,0.0000,-0.02089,-0.00000,0.25159,0.25246
33.5400,STATIC_col2_p3,0.0000,0.0000,3.0000,0.0000,-0.02089,-0.00000,0.25159,0.25246
33.5500,STATIC_col2_p3,0.0000,0.0000,3.0000,0.0000,-0.02090,-0.00000,0.25159,0.25246
33.5600,STATIC_col2_p3,0.0000,0.0000,3.0000,0.0000,-0.02090,-0.00000,0.25159,0.25246
33.5700,STATIC_col2_p3,0.0000,0.0000,3.0000,0.0000,-0.02091,-0.00000,0.25160,0.25246
33.5800,STATIC_col2_p3,0.0000,0.0000,3.0000,0.0000,-0.02092,-0.00000,0.25160,0.25246
33.5900,STATIC_col2_p3,0.0000,0.0000,3.0000,0.0000,-0.02092,-0.00000,0.25160,0.25246
33.6000,STATIC_col2_p3,0.0000,0.0000,3.0000,0.0000,-0.02093,-0.00000,0.25160,0.25247
33.6100,STATIC_col2_p3,0.0000,0.0000,3.0000,0.0000,-0.02093,-0.00000,0.25160,0.25247
33.6200,STATIC_col2_p3,0.0000,0.0000,3.0000,0.0000,-0.02094,-0.00000,0.25160,0.25247
33.6300,STATIC_col2_p3,0.0000,0.0000,3.0000,0.0000,-0.02095,-0.00000,0.25160,0.25247
33.6400,STATIC_col2_p3,0.0000,0.0000,3.0000,0.0000,-0.02095,0.00000,0.25160,0.25247
33.6500,STATIC_col2_p3,0.0000,0.0000,3.0000,0.0000,-0.02096,0.00000,0.25160,0.25247
33.6600,STATIC_col2_p3,0.0000,0.0000,3.0000,0.0000,-0.02096,0.00000,0.25160,0.25247
33.6700,STATIC_col2_p3,0.0000,0.0000,3.0000,0.0000,-0.02097,0.00000,0.25160,0.25247
33.6800,STATIC_col2_p3,0.0000,0.0000,3.0000,0.0000,-0.02097,0.00000,0.25160,0.25247
33.6900,STATIC_col2_p3,0.0000,0.0000,3.0000,0.0000,-0.02097,0.00000,0.25160,0.25247
33.7000,STATIC_col2_p3,0.0000,0.0000,3.0000,0.0000,-0.02098,0.00000,0.25160,0.25248
33.7100,STATIC_col2_p3,0.0000,0.0000,3.0000,0.0000,-0.02098,0.00000,0.25160,0.25248
33.7200,STATIC_col2_p3,0.0000,0.0000,3.0000,0.0000,-0.02099,0.00000,0.25160,0.25248
33.7300,STATIC_col2_p3,0.0000,0.0000,3.0000,0.0000,-0.02099,0.00000,0.25160,0.25248
33.7400,STATIC_col2_p3,0.0000,0.0000,3.0000,0.0000,-0.02099,0.00000,0.25160,0.25248
33.7500,STATIC_col2_p3,0.0000,0.0000,3.0000,0.0000,-0.02099,0.00000,0.25160,0.25248
33.7600,STATIC_col2_p3,0.0000,0.0000,3.0000,0.0000,-0.02099,0.00000,0.25160,0.25248
33.7700,STATIC_col2_p3,0.0000,0.0000,3.0000,0.0000,-0.02100,0.00000,0.25160,0.25248
33.7800,STATIC_col2_p3,0.0000,0.0000,3.0000,0.0000,-0.02100,0.00000,0.25160,0.25248
33.7900,STATIC_col2_p3,0.0000,0.0000,3.0000,0.0000,-0.02100,0.00000,0.25160,0.25248
33.8000,STATIC_col2_p3,0.0000,0.0000,3.0000,0.0000,-0.02100,0.00000,0.25160,0.25248
33.8100,STATIC_col2_p3,0.0000,0.0000,3.0000,0.0000,-0.02100,0.00000,0.25160,0.25248
33.8200,STATIC_col2_p3,0.0000,0.0000,3.0000,0.0000,-0.02100,0.00000,0.25160,0.25248
33.8300,STATIC_col2_p3,0.0000,0.0000,3.0000,0.0000,-0.02100,0.00000,0.25160,0.25248
33.8400,STATIC_col2_p3,0.0000,0.0000,3.0000,0.0000,-0.02100,0.00000,0.25160,0.25248
33.8500,STATIC_col2_p3,0.0000,0.0000,3.0000,0.0000,-0.02100,0.00000,0.25160,0.25248
33.8600,STATIC_col2_p3,0.0000,0.0000,3.0000,0.0000,-0.02099,0.00000,0.25160,0.25248
33.8700,STATIC_col2_p3,0.0000,0.0000,3.0000,0.0000,-0.02099,0.00000,0.25160,0.25248
33.8800,STATIC_col2_p3,0.0000,0.0000,3.0000,0.0000,-0.02099,0.00000,0.25160,0.25248
33.8900,STATIC_col2_p3,0.0000,0.0000,3.0000,0.0000,-0.02099,0.00000,0.25160,0.25248
33.9000,STATIC_col2_p3,0.0000,0.0000,3.0000,0.0000,-0.02099,0.00000,0.25160,0.25248
33.9100,STATIC_col2_p3,0.0000,0.0000,3.0000,0.0000,-0.02099,0.00000,0.25160,0.25248
33.9200,STATIC_col2_p3,0.0000,0.0000,3.0000,0.0000,-0.02098,0.00000,0.25160,0.25248
33.9300,STATIC_col2_p3,0.0000,0.0000,3.0000,0.0000,-0.02098,0.00000,0.25160,0.25248
33.9400,STATIC_col2_p3,0.0000,0.0000,3.0000,0.0000,-0.02098,0.00000,0.25160,0.25248
33.9500,STATIC_col2_p3,0.0000,0.0000,3.0000,0.0000,-0.02098,0.00000,0.25160,0.25247
33.9600,STATIC_col2_p3,0.0000,0.0000,3.0000,0.0000,-0.02097,0.00000,0.25160,0.25247
33.9700,STATIC_col2_p3,0.0000,0.0000,3.0000,0.0000,-0.02097,0.00000,0.25160,0.25247
33.9800,STATIC_col2_p3,0.0000,0.0000,3.0000,0.0000,-0.02097,0.00000,0.25160,0.25247
33.9900,STATIC_col2_p3,0.0000,0.0000,3.0000,0.0000,-0.02096,0.00000,0.25160,0.25247
34.0000,STATIC_col2_p3,0.0000,0.0000,3.0000,0.0000,-0.02096,0.00000,0.25160,0.25247
34.0100,STATIC_col2_p6,0.0000,0.0000,6.0000,0.0000,-0.02096,0.00000,0.25160,0.25247
34.0200,STATIC_col2_p6,0.0000,0.0000,6.0000,0.0000,-0.02098,0.00000,0.25160,0.25247
34.0300,STATIC_col2_p6,0.0000,0.0000,6.0000,0.0000,-0.02104,-0.00000,0.25160,0.25248
34.0400,STATIC_col2_p6,0.0000,0.0000,6.0000,0.0000,-0.02112,-0.00000,0.25160,0.25249
34.0500,STATIC_col2_p6,0.0000,0.0000,6.0000,0.0000,-0.02125,-0.00000,0.25161,0.25250
34.0600,STATIC_col2_p6,0.0000,0.0000,6.0000,0.0000,-0.02143,-0.00000,0.25161,0.25252
34.0700,STATIC_col2_p6,0.0000,0.0000,6.0000,0.0000,-0.02166,-0.00000,0.25162,0.25255
34.0800,STATIC_col2_p6,0.0000,0.0000,6.0000,0.0000,-0.02193,-0.00000,0.25163,0.25259
34.0900,STATIC_col2_p6,0.0000,0.0000,6.0000,0.0000,-0.02226,-0.00000,0.25165,0.25264
34.1000,STATIC_col2_p6,0.0000,0.0000,6.0000,0.0000,-0.02265,-0.00000,0.25168,0.25270
34.1100,STATIC_col2_p6,0.0000,0.0000,6.0000,0.0000,-0.02308,-0.00000,0.25171,0.25277
34.1200,STATIC_col2_p6,0.0000,0.0000,6.0000,0.0000,-0.02357,-0.00000,0.25176,0.25286
34.1300,STATIC_col2_p6,0.0000,0.0000,6.0000,0.0000,-0.02411,-0.00000,0.25181,0.25297
34.1400,STATIC_col2_p6,0.0000,0.0000,6.0000,0.0000,-0.02470,-0.00000,0.25188,0.25309
34.1500,STATIC_col2_p6,0.0000,0.0000,6.0000,0.0000,-0.02533,-0.00000,0.25196,0.25323
34.1600,STATIC_col2_p6,0.0000,0.0000,6.0000,0.0000,-0.02601,-0.00000,0.25204,0.25338
34.1700,STATIC_col2_p6,0.0000,0.0000,6.0000,0.0000,-0.02672,-0.00000,0.25214,0.25355
34.1800,STATIC_col2_p6,0.0000,0.0000,6.0000,0.0000,-0.02747,-0.00000,0.25225,0.25374
34.1900,STATIC_col2_p6,0.0000,0.0000,6.0000,0.0000,-0.02825,-0.00000,0.25236,0.25394
34.2000,STATIC_col2_p6,0.0000,0.0000,6.0000,0.0000,-0.02906,-0.00000,0.25249,0.25416
34.2100,STATIC_col2_p6,0.0000,0.0000,6.0000,0.0000,-0.02989,-0.00000,0.25263,0.25439
34.2200,STATIC_col2_p6,0.0000,0.0000,6.0000,0.0000,-0.03074,-0.00000,0.25277,0.25463
34.2300,STATIC_col2_p6,0.0000,0.0000,6.0000,0.0000,-0.03160,-0.00000,0.25292,0.25489
34.2400,STATIC_col2_p6,0.0000,0.0000,6.0000,0.0000,-0.03247,-0.00000,0.25308,0.25515
34.2500,STATIC_col2_p6,0.0000,0.0000,6.0000,0.0000,-0.03335,-0.00000,0.25324,0.25542
34.2600,STATIC_col2_p6,0.0000,0.0000,6.0000,0.0000,-0.03422,-0.00000,0.25341,0.25571
34.2700,STATIC_col2_p6,0.0000,0.0000,6.0000,0.0000,-0.03509,-0.00000,0.25358,0.25599
34.2800,STATIC_col2_p6,0.0000,0.0000,6.0000,0.0000,-0.03595,-0.00000,0.25375,0.25628
34.2900,STATIC_col2_p6,0.0000,0.0000,6.0000,0.0000,-0.03680,-0.00000,0.25392,0.25658
34.3000,STATIC_col2_p6,0.0000,0.0000,6.0000,0.0000,-0.03763,-0.00000,0.25410,0.25687
34.3100,STATIC_col2_p6,0.0000,0.0000,6.0000,0.0000,-0.03843,-0.00000,0.25427,0.25716
34.3200,STATIC_col2_p6,0.0000,0.0000,6.0000,0.0000,-0.03921,-0.00000,0.25445,0.25745
34.3300,STATIC_col2_p6,0.0000,0.0000,6.0000,0.0000,-0.03997,-0.00000,0.25462,0.25773
34.3400,STATIC_col2_p6,0.0000,0.0000,6.0000,0.0000,-0.04069,-0.00000,0.25478,0.25801
34.3500,STATIC_col2_p6,0.0000,0.0000,6.0000,0.0000,-0.04137,-0.00000,0.25495,0.25828
34.3600,STATIC_col2_p6,0.0000,0.0000,6.0000,0.0000,-0.04202,-0.00000,0.25510,0.25854
34.3700,STATIC_col2_p6,0.0000,0.0000,6.0000,0.0000,-0.04263,-0.00000,0.25525,0.25879
34.3800,STATIC_col2_p6,0.0000,0.0000,6.0000,0.0000,-0.04320,-0.00000,0.25539,0.25902
34.3900,STATIC_col2_p6,0.0000,0.0000,6.0000,0.0000,-0.04372,-0.00000,0.25553,0.25924
34.4000,STATIC_col2_p6,0.0000,0.0000,6.0000,0.0000,-0.04421,-0.00000,0.25565,0.25945
34.4100,STATIC_col2_p6,0.0000,0.0000,6.0000,0.0000,-0.04464,0.00000,0.25577,0.25964
34.4200,STATIC_col2_p6,0.0000,0.0000,6.0000,0.0000,-0.04504,0.00000,0.25587,0.25981
34.4300,STATIC_col2_p6,0.0000,0.0000,6.0000,0.0000,-0.04538,0.00000,0.25597,0.25996
34.4400,STATIC_col2_p6,0.0000,0.0000,6.0000,0.0000,-0.04568,0.00000,0.25605,0.26010
34.4500,STATIC_col2_p6,0.0000,0.0000,6.0000,0.0000,-0.04594,0.00000,0.25613,0.26021
34.4600,STATIC_col2_p6,0.0000,0.0000,6.0000,0.0000,-0.04615,0.00000,0.25619,0.26031
34.4700,STATIC_col2_p6,0.0000,0.0000,6.0000,0.0000,-0.04632,0.00000,0.25624,0.26039
34.4800,STATIC_col2_p6,0.0000,0.0000,6.0000,0.0000,-0.04644,0.00000,0.25628,0.26045
34.4900,STATIC_col2_p6,0.0000,0.0000,6.0000,0.0000,-0.04652,0.00000,0.25631,0.26050
34.5000,STATIC_col2_p6,0.0000,0.0000,6.0000,0.0000,-0.04657,0.00000,0.25633,0.26052
34.5100,STATIC_col2_p6,0.0000,0.0000,6.0000,0.0000,-0.04657,0.00000,0.25634,0.26053
34.5200,STATIC_col2_p6,0.0000,0.0000,6.0000,0.0000,-0.04654,0.00000,0.25634,0.26053
34.5300,STATIC_col2_p6,0.0000,0.0000,6.0000,0.0000,-0.04647,0.00000,0.25633,0.26050
34.5400,STATIC_col2_p6,0.0000,0.0000,6.0000,0.0000,-0.04636,0.00000,0.25631,0.26047
34.5500,STATIC_col2_p6,0.0000,0.0000,6.0000,0.0000,-0.04623,0.00000,0.25628,0.26042
34.5600,STATIC_col2_p6,0.0000,0.0000,6.0000,0.0000,-0.04607,0.00000,0.25625,0.26036
34.5700,STATIC_col2_p6,0.0000,0.0000,6.0000,0.0000,-0.04589,0.00000,0.25621,0.26028
34.5800,STATIC_col2_p6,0.0000,0.0000,6.0000,0.0000,-0.04568,0.00000,0.25616,0.26020
34.5900,STATIC_col2_p6,0.0000,0.0000,6.0000,0.0000,-0.04545,0.00000,0.25611,0.26011
34.6000,STATIC_col2_p6,0.0000,0.0000,6.0000,0.0000,-0.04520,0.00000,0.25605,0.26001
34.6100,STATIC_col2_p6,0.0000,0.0000,6.0000,0.0000,-0.04493,0.00000,0.25599,0.25991
34.6200,STATIC_col2_p6,0.0000,0.0000,6.0000,0.0000,-0.04466,0.00000,0.25593,0.25980
34.6300,STATIC_col2_p6,0.0000,0.0000,6.0000,0.0000,-0.04437,0.00000,0.25587,0.25968
34.6400,STATIC_col2_p6,0.0000,0.0000,6.0000,0.0000,-0.04407,0.00000,0.25580,0.25957
34.6500,STATIC_col2_p6,0.0000,0.0000,6.0000,0.0000,-0.04377,0.00000,0.25573,0.25945
34.6600,STATIC_col2_p6,0.0000,0.0000,6.0000,0.0000,-0.04347,0.00000,0.25566,0.25933
34.6700,STATIC_col2_p6,0.0000,0.0000,6.0000,0.0000,-0.04316,0.00000,0.25560,0.25922
34.6800,STATIC_col2_p6,0.0000,0.0000,6.0000,0.0000,-0.04286,0.00000,0.25553,0.25910
34.6900,STATIC_col2_p6,0.0000,0.0000,6.0000,0.0000,-0.04255,0.00000,0.25546,0.25898
34.7000,STATIC_col2_p6,0.0000,0.0000,6.0000,0.0000,-0.04226,0.00000,0.25540,0.25887
34.7100,STATIC_col2_p6,0.0000,0.0000,6.0000,0.0000,-0.04197,0.00000,0.25534,0.25876
34.7200,STATIC_col2_p6,0.0000,0.0000,6.0000,0.0000,-0.04169,0.00000,0.25528,0.25866
34.7300,STATIC_col2_p6,0.0000,0.0000,6.0000,0.0000,-0.04142,0.00000,0.25522,0.25856
34.7400,STATIC_col2_p6,0.0000,0.0000,6.0000,0.0000,-0.04117,0.00000,0.25517,0.25847
34.7500,STATIC_col2_p6,0.0000,0.0000,6.0000,0.0000,-0.04092,0.00000,0.25512,0.25838
34.7600,STATIC_col2_p6,0.0000,0.0000,6.0000,0.0000,-0.04069,0.00000,0.25507,0.25830
34.7700,STATIC_col2_p6,0.0000,0.0000,6.0000,0.0000,-0.04048,0.00000,0.25503,0.25822
34.7800,STATIC_col2_p6,0.0000,0.0000,6.0000,0.0000,-0.04029,0.00000,0.25499,0.25815
34.7900,STATIC_col2_p6,0.0000,0.0000,6.0000,0.0000,-0.04011,-0.00000,0.25495,0.25809
34.8000,STATIC_col2_p6,0.0000,0.0000,6.0000,0.0000,-0.03995,-0.00000,0.25492,0.25803
34.8100,STATIC_col2_p6,0.0000,0.0000,6.0000,0.0000,-0.03980,-0.00000,0.25489,0.25798
34.8200,STATIC_col2_p6,0.0000,0.0000,6.0000,0.0000,-0.03968,-0.00000,0.25487,0.25794
34.8300,STATIC_col2_p6,0.0000,0.0000,6.0000,0.0000,-0.03957,-0.00000,0.25485,0.25790
34.8400,STATIC_col2_p6,0.0000,0.0000,6.0000,0.0000,-0.03949,-0.00000,0.25483,0.25787
34.8500,STATIC_col2_p6,0.0000,0.0000,6.0000,0.0000,-0.03942,-0.00000,0.25482,0.25785
34.8600,STATIC_col2_p6,0.0000,0.0000,6.0000,0.0000,-0.03937,-0.00000,0.25481,0.25783
34.8700,STATIC_col2_p6,0.0000,0.0000,6.0000,0.0000,-0.03934,-0.00000,0.25480,0.25782
34.8800,STATIC_col2_p6,0.0000,0.0000,6.0000,0.0000,-0.03932,-0.00000,0.25480,0.25782
34.8900,STATIC_col2_p6,0.0000,0.0000,6.0000,0.0000,-0.03932,-0.00000,0.25480,0.25782
34.9000,STATIC_col2_p6,0.0000,0.0000,6.0000,0.0000,-0.03934,-0.00000,0.25481,0.25783
34.9100,STATIC_col2_p6,0.0000,0.0000,6.0000,0.0000,-0.03938,-0.00000,0.25482,0.25784
34.9200,STATIC_col2_p6,0.0000,0.0000,6.0000,0.0000,-0.03943,-0.00000,0.25483,0.25786
34.9300,STATIC_col2_p6,0.0000,0.0000,6.0000,0.0000,-0.03949,-0.00000,0.25484,0.25788
34.9400,STATIC_col2_p6,0.0000,0.0000,6.0000,0.0000,-0.03956,-0.00000,0.25486,0.25791
34.9500,STATIC_col2_p6,0.0000,0.0000,6.0000,0.0000,-0.03965,-0.00000,0.25488,0.25794
34.9600,STATIC_col2_p6,0.0000,0.0000,6.0000,0.0000,-0.03975,-0.00000,0.25490,0.25798
34.9700,STATIC_col2_p6,0.0000,0.0000,6.0000,0.0000,-0.03985,-0.00000,0.25492,0.25802
34.9800,STATIC_col2_p6,0.0000,0.0000,6.0000,0.0000,-0.03997,-0.00000,0.25495,0.25806
34.9900,STATIC_col2_p6,0.0000,0.0000,6.0000,0.0000,-0.04009,-0.00000,0.25497,0.25811
35.0000,STATIC_col2_p6,0.0000,0.0000,6.0000,0.0000,-0.04022,-0.00000,0.25500,0.25815
35.0100,STATIC_col2_p6,0.0000,0.0000,6.0000,0.0000,-0.04035,-0.00000,0.25503,0.25820
35.0200,STATIC_col2_p6,0.0000,0.0000,6.0000,0.0000,-0.04049,-0.00000,0.25506,0.25826
35.0300,STATIC_col2_p6,0.0000,0.0000,6.0000,0.0000,-0.04063,-0.00000,0.25509,0.25831
35.0400,STATIC_col2_p6,0.0000,0.0000,6.0000,0.0000,-0.04077,-0.00000,0.25512,0.25836
35.0500,STATIC_col2_p6,0.0000,0.0000,6.0000,0.0000,-0.04092,-0.00000,0.25515,0.25841
35.0600,STATIC_col2_p6,0.0000,0.0000,6.0000,0.0000,-0.04106,-0.00000,0.25519,0.25847
35.0700,STATIC_col2_p6,0.0000,0.0000,6.0000,0.0000,-0.04120,-0.00000,0.25522,0.25852
35.0800,STATIC_col2_p6,0.0000,0.0000,6.0000,0.0000,-0.04134,-0.00000,0.25525,0.25857
35.0900,STATIC_col2_p6,0.0000,0.0000,6.0000,0.0000,-0.04147,-0.00000,0.25528,0.25862
35.1000,STATIC_col2_p6,0.0000,0.0000,6.0000,0.0000,-0.04160,-0.00000,0.25531,0.25867
35.1100,STATIC_col2_p6,0.0000,0.0000,6.0000,0.0000,-0.04173,-0.00000,0.25533,0.25872
35.1200,STATIC_col2_p6,0.0000,0.0000,6.0000,0.0000,-0.04185,-0.00000,0.25536,0.25877
35.1300,STATIC_col2_p6,0.0000,0.0000,6.0000,0.0000,-0.04197,-0.00000,0.25539,0.25881
35.1400,STATIC_col2_p6,0.0000,0.0000,6.0000,0.0000,-0.04208,-0.00000,0.25541,0.25886
35.1500,STATIC_col2_p6,0.0000,0.0000,6.0000,0.0000,-0.04218,-0.00000,0.25544,0.25890
35.1600,STATIC_col2_p6,0.0000,0.0000,6.0000,0.0000,-0.04228,-0.00000,0.25546,0.25893
35.1700,STATIC_col2_p6,0.0000,0.0000,6.0000,0.0000,-0.04237,-0.00000,0.25548,0.25897
35.1800,STATIC_col2_p6,0.0000,0.0000,6.0000,0.0000,-0.04244,0.00000,0.25550,0.25900
35.1900,STATIC_col2_p6,0.0000,0.0000,6.0000,0.0000,-0.04252,0.00000,0.25551,0.25902
35.2000,STATIC_col2_p6,0.0000,0.0000,6.0000,0.0000,-0.04258,0.00000,0.25553,0.25905
35.2100,STATIC_col2_p6,0.0000,0.0000,6.0000,0.0000,-0.04263,0.00000,0.25554,0.25907
35.2200,STATIC_col2_p6,0.0000,0.0000,6.0000,0.0000,-0.04268,0.00000,0.25555,0.25909
35.2300,STATIC_col2_p6,0.0000,0.0000,6.0000,0.0000,-0.04272,0.00000,0.25556,0.25910
35.2400,STATIC_col2_p6,0.0000,0.0000,6.0000,0.0000,-0.04275,0.00000,0.25556,0.25912
35.2500,STATIC_col2_p6,0.0000,0.0000,6.0000,0.0000,-0.04277,0.00000,0.25557,0.25912
35.2600,STATIC_col2_p6,0.0000,0.0000,6.0000,0.0000,-0.04278,0.00000,0.25557,0.25913
35.2700,STATIC_col2_p6,0.0000,0.0000,6.0000,0.0000,-0.04279,0.00000,0.25557,0.25913
35.2800,STATIC_col2_p6,0.0000,0.0000,6.0000,0.0000,-0.04279,0.00000,0.25557,0.25913
35.2900,STATIC_col2_p6,0.0000,0.0000,6.0000,0.0000,-0.04278,0.00000,0.25557,0.25913
35.3000,STATIC_col2_p6,0.0000,0.0000,6.0000,0.0000,-0.04276,0.00000,0.25557,0.25912
35.3100,STATIC_col2_p6,0.0000,0.0000,6.0000,0.0000,-0.04274,0.00000,0.25556,0.25911
35.3200,STATIC_col2_p6,0.0000,0.0000,6.0000,0.0000,-0.04271,0.00000,0.25556,0.25910
35.3300,STATIC_col2_p6,0.0000,0.0000,6.0000,0.0000,-0.04267,0.00000,0.25555,0.25909
35.3400,STATIC_col2_p6,0.0000,0.0000,6.0000,0.0000,-0.04264,0.00000,0.25554,0.25907
35.3500,STATIC_col2_p6,0.0000,0.0000,6.0000,0.0000,-0.04259,0.00000,0.25553,0.25905
35.3600,STATIC_col2_p6,0.0000,0.0000,6.0000,0.0000,-0.04254,0.00000,0.25552,0.25904
35.3700,STATIC_col2_p6,0.0000,0.0000,6.0000,0.0000,-0.04249,0.00000,0.25551,0.25902
35.3800,STATIC_col2_p6,0.0000,0.0000,6.0000,0.0000,-0.04244,0.00000,0.25549,0.25900
35.3900,STATIC_col2_p6,0.0000,0.0000,6.0000,0.0000,-0.04238,0.00000,0.25548,0.25897
35.4000,STATIC_col2_p6,0.0000,0.0000,6.0000,0.0000,-0.04232,0.00000,0.25547,0.25895
35.4100,STATIC_col2_p6,0.0000,0.0000,6.0000,0.0000,-0.04226,0.00000,0.25545,0.25893
35.4200,STATIC_col2_p6,0.0000,0.0000,6.0000,0.0000,-0.04220,0.00000,0.25544,0.25890
35.4300,STATIC_col2_p6,0.0000,0.0000,6.0000,0.0000,-0.04214,0.00000,0.25543,0.25888
35.4400,STATIC_col2_p6,0.0000,0.0000,6.0000,0.0000,-0.04207,0.00000,0.25541,0.25885
35.4500,STATIC_col2_p6,0.0000,0.0000,6.0000,0.0000,-0.04201,0.00000,0.25540,0.25883
35.4600,STATIC_col2_p6,0.0000,0.0000,6.0000,0.0000,-0.04195,0.00000,0.25538,0.25881
35.4700,STATIC_col2_p6,0.0000,0.0000,6.0000,0.0000,-0.04189,0.00000,0.25537,0.25878
35.4800,STATIC_col2_p6,0.0000,0.0000,6.0000,0.0000,-0.04183,0.00000,0.25536,0.25876
35.4900,STATIC_col2_p6,0.0000,0.0000,6.0000,0.0000,-0.04177,0.00000,0.25534,0.25874
35.5000,STATIC_col2_p6,0.0000,0.0000,6.0000,0.0000,-0.04171,0.00000,0.25533,0.25872
35.5100,STATIC_col2_p6,0.0000,0.0000,6.0000,0.0000,-0.04166,0.00000,0.25532,0.25870
35.5200,STATIC_col2_p6,0.0000,0.0000,6.0000,0.0000,-0.04161,0.00000,0.25531,0.25868
35.5300,STATIC_col2_p6,0.0000,0.0000,6.0000,0.0000,-0.04156,0.00000,0.25530,0.25866
35.5400,STATIC_col2_p6,0.0000,0.0000,6.0000,0.0000,-0.04152,0.00000,0.25529,0.25864
35.5500,STATIC_col2_p6,0.0000,0.0000,6.0000,0.0000,-0.04147,0.00000,0.25528,0.25863
35.5600,STATIC_col2_p6,0.0000,0.0000,6.0000,0.0000,-0.04144,-0.00000,0.25527,0.25861
35.5700,STATIC_col2_p6,0.0000,0.0000,6.0000,0.0000,-0.04140,-0.00000,0.25526,0.25860
35.5800,STATIC_col2_p6,0.0000,0.0000,6.0000,0.0000,-0.04137,-0.00000,0.25526,0.25859
35.5900,STATIC_col2_p6,0.0000,0.0000,6.0000,0.0000,-0.04134,-0.00000,0.25525,0.25858
35.6000,STATIC_col2_p6,0.0000,0.0000,6.0000,0.0000,-0.04132,-0.00000,0.25525,0.25857
35.6100,STATIC_col2_p6,0.0000,0.0000,6.0000,0.0000,-0.04130,-0.00000,0.25524,0.25856
35.6200,STATIC_col2_p6,0.0000,0.0000,6.0000,0.0000,-0.04129,-0.00000,0.25524,0.25856
35.6300,STATIC_col2_p6,0.0000,0.0000,6.0000,0.0000,-0.04127,-0.00000,0.25524,0.25855
35.6400,STATIC_col2_p6,0.0000,0.0000,6.0000,0.0000,-0.04127,-0.00000,0.25524,0.25855
35.6500,STATIC_col2_p6,0.0000,0.0000,6.0000,0.0000,-0.04126,-0.00000,0.25523,0.25855
35.6600,STATIC_col2_p6,0.0000,0.0000,6.0000,0.0000,-0.04126,-0.00000,0.25523,0.25855
35.6700,STATIC_col2_p6,0.0000,0.0000,6.0000,0.0000,-0.04126,-0.00000,0.25523,0.25855
35.6800,STATIC_col2_p6,0.0000,0.0000,6.0000,0.0000,-0.04127,-0.00000,0.25524,0.25855
35.6900,STATIC_col2_p6,0.0000,0.0000,6.0000,0.0000,-0.04128,-0.00000,0.25524,0.25855
35.7000,STATIC_col2_p6,0.0000,0.0000,6.0000,0.0000,-0.04129,-0.00000,0.25524,0.25856
35.7100,STATIC_col2_p6,0.0000,0.0000,6.0000,0.0000,-0.04130,-0.00000,0.25524,0.25856
35.7200,STATIC_col2_p6,0.0000,0.0000,6.0000,0.0000,-0.04132,-0.00000,0.25525,0.25857
35.7300,STATIC_col2_p6,0.0000,0.0000,6.0000,0.0000,-0.04133,-0.00000,0.25525,0.25858
35.7400,STATIC_col2_p6,0.0000,0.0000,6.0000,0.0000,-0.04135,-0.00000,0.25525,0.25858
35.7500,STATIC_col2_p6,0.0000,0.0000,6.0000,0.0000,-0.04138,-0.00000,0.25526,0.25859
35.7600,STATIC_col2_p6,0.0000,0.0000,6.0000,0.0000,-0.04140,-0.00000,0.25527,0.25860
35.7700,STATIC_col2_p6,0.0000,0.0000,6.0000,0.0000,-0.04142,-0.00000,0.25527,0.25861
35.7800,STATIC_col2_p6,0.0000,0.0000,6.0000,0.0000,-0.04145,-0.00000,0.25528,0.25862
35.7900,STATIC_col2_p6,0.0000,0.0000,6.0000,0.0000,-0.04148,-0.00000,0.25528,0.25863
35.8000,STATIC_col2_p6,0.0000,0.0000,6.0000,0.0000,-0.04151,-0.00000,0.25529,0.25864
35.8100,STATIC_col2_p6,0.0000,0.0000,6.0000,0.0000,-0.04153,-0.00000,0.25529,0.25865
35.8200,STATIC_col2_p6,0.0000,0.0000,6.0000,0.0000,-0.04156,-0.00000,0.25530,0.25866
35.8300,STATIC_col2_p6,0.0000,0.0000,6.0000,0.0000,-0.04159,-0.00000,0.25531,0.25867
35.8400,STATIC_col2_p6,0.0000,0.0000,6.0000,0.0000,-0.04162,-0.00000,0.25531,0.25868
35.8500,STATIC_col2_p6,0.0000,0.0000,6.0000,0.0000,-0.04165,-0.00000,0.25532,0.25869
35.8600,STATIC_col2_p6,0.0000,0.0000,6.0000,0.0000,-0.04167,-0.00000,0.25533,0.25870
35.8700,STATIC_col2_p6,0.0000,0.0000,6.0000,0.0000,-0.04170,-0.00000,0.25533,0.25871
35.8800,STATIC_col2_p6,0.0000,0.0000,6.0000,0.0000,-0.04172,-0.00000,0.25534,0.25872
35.8900,STATIC_col2_p6,0.0000,0.0000,6.0000,0.0000,-0.04175,-0.00000,0.25534,0.25873
35.9000,STATIC_col2_p6,0.0000,0.0000,6.0000,0.0000,-0.04177,-0.00000,0.25535,0.25874
35.9100,STATIC_col2_p6,0.0000,0.0000,6.0000,0.0000,-0.04180,-0.00000,0.25535,0.25875
35.9200,STATIC_col2_p6,0.0000,0.0000,6.0000,0.0000,-0.04182,-0.00000,0.25536,0.25876
35.9300,STATIC_col2_p6,0.0000,0.0000,6.0000,0.0000,-0.04184,-0.00000,0.25536,0.25877
35.9400,STATIC_col2_p6,0.0000,0.0000,6.0000,0.0000,-0.04185,0.00000,0.25537,0.25877
35.9500,STATIC_col2_p6,0.0000,0.0000,6.0000,0.0000,-0.04187,0.00000,0.25537,0.25878
35.9600,STATIC_col2_p6,0.0000,0.0000,6.0000,0.0000,-0.04188,0.00000,0.25537,0.25878
35.9700,STATIC_col2_p6,0.0000,0.0000,6.0000,0.0000,-0.04190,0.00000,0.25538,0.25879
35.9800,STATIC_col2_p6,0.0000,0.0000,6.0000,0.0000,-0.04191,0.00000,0.25538,0.25879
35.9900,STATIC_col2_p6,0.0000,0.0000,6.0000,0.0000,-0.04192,0.00000,0.25538,0.25880
36.0000,STATIC_col2_p6,0.0000,0.0000,6.0000,0.0000,-0.04193,0.00000,0.25538,0.25880
36.0100,STATIC_col2_p6,0.0000,0.0000,6.0000,0.0000,-0.04193,0.00000,0.25538,0.25880
36.0200,STATIC_col2_p6,0.0000,0.0000,6.0000,0.0000,-0.04194,0.00000,0.25538,0.25881
36.0300,STATIC_col2_p6,0.0000,0.0000,6.0000,0.0000,-0.04194,0.00000,0.25539,0.25881
36.0400,STATIC_col2_p6,0.0000,0.0000,6.0000,0.0000,-0.04194,0.00000,0.25539,0.25881
36.0500,STATIC_col2_p6,0.0000,0.0000,6.0000,0.0000,-0.04194,0.00000,0.25539,0.25881
36.0600,STATIC_col2_p6,0.0000,0.0000,6.0000,0.0000,-0.04194,0.00000,0.25539,0.25881
36.0700,STATIC_col2_p6,0.0000,0.0000,6.0000,0.0000,-0.04194,0.00000,0.25538,0.25881
36.0800,STATIC_col2_p6,0.0000,0.0000,6.0000,0.0000,-0.04194,0.00000,0.25538,0.25880
36.0900,STATIC_col2_p6,0.0000,0.0000,6.0000,0.0000,-0.04193,0.00000,0.25538,0.25880
36.1000,STATIC_col2_p6,0.0000,0.0000,6.0000,0.0000,-0.04192,0.00000,0.25538,0.25880
36.1100,STATIC_col2_p6,0.0000,0.0000,6.0000,0.0000,-0.04192,0.00000,0.25538,0.25880
36.1200,STATIC_col2_p6,0.0000,0.0000,6.0000,0.0000,-0.04191,0.00000,0.25538,0.25879
36.1300,STATIC_col2_p6,0.0000,0.0000,6.0000,0.0000,-0.04190,0.00000,0.25538,0.25879
36.1400,STATIC_col2_p6,0.0000,0.0000,6.0000,0.0000,-0.04189,0.00000,0.25537,0.25879
36.1500,STATIC_col2_p6,0.0000,0.0000,6.0000,0.0000,-0.04188,0.00000,0.25537,0.25878
36.1600,STATIC_col2_p6,0.0000,0.0000,6.0000,0.0000,-0.04187,0.00000,0.25537,0.25878
36.1700,STATIC_col2_p6,0.0000,0.0000,6.0000,0.0000,-0.04186,0.00000,0.25537,0.25877
36.1800,STATIC_col2_p6,0.0000,0.0000,6.0000,0.0000,-0.04184,0.00000,0.25536,0.25877
36.1900,STATIC_col2_p6,0.0000,0.0000,6.0000,0.0000,-0.04183,0.00000,0.25536,0.25876
36.2000,STATIC_col2_p6,0.0000,0.0000,6.0000,0.0000,-0.04182,0.00000,0.25536,0.25876
36.2100,STATIC_col2_p6,0.0000,0.0000,6.0000,0.0000,-0.04181,0.00000,0.25535,0.25875
36.2200,STATIC_col2_p6,0.0000,0.0000,6.0000,0.0000,-0.04179,0.00000,0.25535,0.25875
36.2300,STATIC_col2_p6,0.0000,0.0000,6.0000,0.0000,-0.04178,0.00000,0.25535,0.25874
36.2400,STATIC_col2_p6,0.0000,0.0000,6.0000,0.0000,-0.04177,0.00000,0.25535,0.25874
36.2500,STATIC_col2_p6,0.0000,0.0000,6.0000,0.0000,-0.04176,0.00000,0.25534,0.25874
36.2600,STATIC_col2_p6,0.0000,0.0000,6.0000,0.0000,-0.04174,0.00000,0.25534,0.25873
36.2700,STATIC_col2_p6,0.0000,0.0000,6.0000,0.0000,-0.04173,0.00000,0.25534,0.25873
36.2800,STATIC_col2_p6,0.0000,0.0000,6.0000,0.0000,-0.04172,0.00000,0.25534,0.25872
36.2900,STATIC_col2_p6,0.0000,0.0000,6.0000,0.0000,-0.04171,0.00000,0.25533,0.25872
36.3000,STATIC_col2_p6,0.0000,0.0000,6.0000,0.0000,-0.04170,0.00000,0.25533,0.25871
36.3100,STATIC_col2_p6,0.0000,0.0000,6.0000,0.0000,-0.04169,0.00000,0.25533,0.25871
36.3200,STATIC_col2_p6,0.0000,0.0000,6.0000,0.0000,-0.04168,-0.00000,0.25533,0.25871
36.3300,STATIC_col2_p6,0.0000,0.0000,6.0000,0.0000,-0.04168,-0.00000,0.25533,0.25871
36.3400,STATIC_col2_p6,0.0000,0.0000,6.0000,0.0000,-0.04167,-0.00000,0.25532,0.25870
36.3500,STATIC_col2_p6,0.0000,0.0000,6.0000,0.0000,-0.04166,-0.00000,0.25532,0.25870
36.3600,STATIC_col2_p6,0.0000,0.0000,6.0000,0.0000,-0.04166,-0.00000,0.25532,0.25870
36.3700,STATIC_col2_p6,0.0000,0.0000,6.0000,0.0000,-0.04165,-0.00000,0.25532,0.25870
36.3800,STATIC_col2_p6,0.0000,0.0000,6.0000,0.0000,-0.04165,-0.00000,0.25532,0.25869
36.3900,STATIC_col2_p6,0.0000,0.0000,6.0000,0.0000,-0.04165,-0.00000,0.25532,0.25869
36.4000,STATIC_col2_p6,0.0000,0.0000,6.0000,0.0000,-0.04164,-0.00000,0.25532,0.25869
36.4100,STATIC_col2_p6,0.0000,0.0000,6.0000,0.0000,-0.04164,-0.00000,0.25532,0.25869
36.4200,STATIC_col2_p6,0.0000,0.0000,6.0000,0.0000,-0.04164,-0.00000,0.25532,0.25869
36.4300,STATIC_col2_p6,0.0000,0.0000,6.0000,0.0000,-0.04164,-0.00000,0.25532,0.25869
36.4400,STATIC_col2_p6,0.0000,0.0000,6.0000,0.0000,-0.04164,-0.00000,0.25532,0.25869
36.4500,STATIC_col2_p6,0.0000,0.0000,6.0000,0.0000,-0.04164,-0.00000,0.25532,0.25869
36.4600,STATIC_col2_p6,0.0000,0.0000,6.0000,0.0000,-0.04164,-0.00000,0.25532,0.25869
36.4700,STATIC_col2_p6,0.0000,0.0000,6.0000,0.0000,-0.04164,-0.00000,0.25532,0.25869
36.4800,STATIC_col2_p6,0.0000,0.0000,6.0000,0.0000,-0.04165,-0.00000,0.25532,0.25869
36.4900,STATIC_col2_p6,0.0000,0.0000,6.0000,0.0000,-0.04165,-0.00000,0.25532,0.25869
36.5000,STATIC_col2_p6,0.0000,0.0000,6.0000,0.0000,-0.04165,-0.00000,0.25532,0.25870
36.5100,STATIC_col2_p6,0.0000,0.0000,6.0000,0.0000,-0.04166,-0.00000,0.25532,0.25870
36.5200,STATIC_col2_p6,0.0000,0.0000,6.0000,0.0000,-0.04166,-0.00000,0.25532,0.25870
36.5300,STATIC_col2_p6,0.0000,0.0000,6.0000,0.0000,-0.04166,-0.00000,0.25532,0.25870
36.5400,STATIC_col2_p6,0.0000,0.0000,6.0000,0.0000,-0.04167,-0.00000,0.25532,0.25870
36.5500,STATIC_col2_p6,0.0000,0.0000,6.0000,0.0000,-0.04167,-0.00000,0.25533,0.25870
36.5600,STATIC_col2_p6,0.0000,0.0000,6.0000,0.0000,-0.04168,-0.00000,0.25533,0.25871
36.5700,STATIC_col2_p6,0.0000,0.0000,6.0000,0.0000,-0.04169,-0.00000,0.25533,0.25871
36.5800,STATIC_col2_p6,0.0000,0.0000,6.0000,0.0000,-0.04169,-0.00000,0.25533,0.25871
36.5900,STATIC_col2_p6,0.0000,0.0000,6.0000,0.0000,-0.04170,-0.00000,0.25533,0.25871
36.6000,STATIC_col2_p6,0.0000,0.0000,6.0000,0.0000,-0.04170,-0.00000,0.25533,0.25871
36.6100,STATIC_col2_p6,0.0000,0.0000,6.0000,0.0000,-0.04171,-0.00000,0.25533,0.25872
36.6200,STATIC_col2_p6,0.0000,0.0000,6.0000,0.0000,-0.04171,-0.00000,0.25533,0.25872
36.6300,STATIC_col2_p6,0.0000,0.0000,6.0000,0.0000,-0.04172,-0.00000,0.25534,0.25872
36.6400,STATIC_col2_p6,0.0000,0.0000,6.0000,0.0000,-0.04172,-0.00000,0.25534,0.25872
36.6500,STATIC_col2_p6,0.0000,0.0000,6.0000,0.0000,-0.04173,-0.00000,0.25534,0.25873
36.6600,STATIC_col2_p6,0.0000,0.0000,6.0000,0.0000,-0.04173,-0.00000,0.25534,0.25873
36.6700,STATIC_col2_p6,0.0000,0.0000,6.0000,0.0000,-0.04174,-0.00000,0.25534,0.25873
36.6800,STATIC_col2_p6,0.0000,0.0000,6.0000,0.0000,-0.04174,-0.00000,0.25534,0.25873
36.6900,STATIC_col2_p6,0.0000,0.0000,6.0000,0.0000,-0.04175,-0.00000,0.25534,0.25873
36.7000,STATIC_col2_p6,0.0000,0.0000,6.0000,0.0000,-0.04175,0.00000,0.25534,0.25873
36.7100,STATIC_col2_p6,0.0000,0.0000,6.0000,0.0000,-0.04176,0.00000,0.25534,0.25874
36.7200,STATIC_col2_p6,0.0000,0.0000,6.0000,0.0000,-0.04176,0.00000,0.25534,0.25874
36.7300,STATIC_col2_p6,0.0000,0.0000,6.0000,0.0000,-0.04176,0.00000,0.25535,0.25874
36.7400,STATIC_col2_p6,0.0000,0.0000,6.0000,0.0000,-0.04177,0.00000,0.25535,0.25874
36.7500,STATIC_col2_p6,0.0000,0.0000,6.0000,0.0000,-0.04177,0.00000,0.25535,0.25874
36.7600,STATIC_col2_p6,0.0000,0.0000,6.0000,0.0000,-0.04177,0.00000,0.25535,0.25874
36.7700,STATIC_col2_p6,0.0000,0.0000,6.0000,0.0000,-0.04177,0.00000,0.25535,0.25874
36.7800,STATIC_col2_p6,0.0000,0.0000,6.0000,0.0000,-0.04177,0.00000,0.25535,0.25874
36.7900,STATIC_col2_p6,0.0000,0.0000,6.0000,0.0000,-0.04177,0.00000,0.25535,0.25874
36.8000,STATIC_col2_p6,0.0000,0.0000,6.0000,0.0000,-0.04177,0.00000,0.25535,0.25874
36.8100,STATIC_col2_p6,0.0000,0.0000,6.0000,0.0000,-0.04178,0.00000,0.25535,0.25874
36.8200,STATIC_col2_p6,0.0000,0.0000,6.0000,0.0000,-0.04178,0.00000,0.25535,0.25874
36.8300,STATIC_col2_p6,0.0000,0.0000,6.0000,0.0000,-0.04178,0.00000,0.25535,0.25874
36.8400,STATIC_col2_p6,0.0000,0.0000,6.0000,0.0000,-0.04177,0.00000,0.25535,0.25874
36.8500,STATIC_col2_p6,0.0000,0.0000,6.0000,0.0000,-0.04177,0.00000,0.25535,0.25874
36.8600,STATIC_col2_p6,0.0000,0.0000,6.0000,0.0000,-0.04177,0.00000,0.25535,0.25874
36.8700,STATIC_col2_p6,0.0000,0.0000,6.0000,0.0000,-0.04177,0.00000,0.25535,0.25874
36.8800,STATIC_col2_p6,0.0000,0.0000,6.0000,0.0000,-0.04177,0.00000,0.25535,0.25874
36.8900,STATIC_col2_p6,0.0000,0.0000,6.0000,0.0000,-0.04177,0.00000,0.25535,0.25874
36.9000,STATIC_col2_p6,0.0000,0.0000,6.0000,0.0000,-0.04177,0.00000,0.25535,0.25874
36.9100,STATIC_col2_p6,0.0000,0.0000,6.0000,0.0000,-0.04177,0.00000,0.25535,0.25874
36.9200,STATIC_col2_p6,0.0000,0.0000,6.0000,0.0000,-0.04176,0.00000,0.25535,0.25874
36.9300,STATIC_col2_p6,0.0000,0.0000,6.0000,0.0000,-0.04176,0.00000,0.25534,0.25874
36.9400,STATIC_col2_p6,0.0000,0.0000,6.0000,0.0000,-0.04176,0.00000,0.25534,0.25874
36.9500,STATIC_col2_p6,0.0000,0.0000,6.0000,0.0000,-0.04176,0.00000,0.25534,0.25874
36.9600,STATIC_col2_p6,0.0000,0.0000,6.0000,0.0000,-0.04175,0.00000,0.25534,0.25873
36.9700,STATIC_col2_p6,0.0000,0.0000,6.0000,0.0000,-0.04175,0.00000,0.25534,0.25873
36.9800,STATIC_col2_p6,0.0000,0.0000,6.0000,0.0000,-0.04175,0.00000,0.25534,0.25873
36.9900,STATIC_col2_p6,0.0000,0.0000,6.0000,0.0000,-0.04175,0.00000,0.25534,0.25873
37.0000,STATIC_col2_p6,0.0000,0.0000,6.0000,0.0000,-0.04174,0.00000,0.25534,0.25873
37.0100,STATIC_col2_p9,0.0000,0.0000,9.0000,0.0000,-0.04174,0.00000,0.25534,0.25873
37.0200,STATIC_col2_p9,0.0000,0.0000,9.0000,0.0000,-0.04176,0.00000,0.25534,0.25874
37.0300,STATIC_col2_p9,0.0000,0.0000,9.0000,0.0000,-0.04180,0.00000,0.25535,0.25875
37.0400,STATIC_col2_p9,0.0000,0.0000,9.0000,0.0000,-0.04187,0.00000,0.25536,0.25877
37.0500,STATIC_col2_p9,0.0000,0.0000,9.0000,0.0000,-0.04198,0.00000,0.25538,0.25881
37.0600,STATIC_col2_p9,0.0000,0.0000,9.0000,0.0000,-0.04213,0.00000,0.25541,0.25886
37.0700,STATIC_col2_p9,0.0000,0.0000,9.0000,0.0000,-0.04231,0.00000,0.25544,0.25892
37.0800,STATIC_col2_p9,0.0000,0.0000,9.0000,0.0000,-0.04254,0.00000,0.25549,0.25900
37.0900,STATIC_col2_p9,0.0000,0.0000,9.0000,0.0000,-0.04280,-0.00000,0.25554,0.25910
37.1000,STATIC_col2_p9,0.0000,0.0000,9.0000,0.0000,-0.04312,-0.00000,0.25561,0.25922
37.1100,STATIC_col2_p9,0.0000,0.0000,9.0000,0.0000,-0.04347,-0.00000,0.25569,0.25936
37.1200,STATIC_col2_p9,0.0000,0.0000,9.0000,0.0000,-0.04387,-0.00000,0.25578,0.25951
37.1300,STATIC_col2_p9,0.0000,0.0000,9.0000,0.0000,-0.04431,-0.00000,0.25588,0.25969
37.1400,STATIC_col2_p9,0.0000,0.0000,9.0000,0.0000,-0.04478,-0.00000,0.25600,0.25989
37.1500,STATIC_col2_p9,0.0000,0.0000,9.0000,0.0000,-0.04530,-0.00000,0.25613,0.26011
37.1600,STATIC_col2_p9,0.0000,0.0000,9.0000,0.0000,-0.04584,-0.00000,0.25628,0.26035
37.1700,STATIC_col2_p9,0.0000,0.0000,9.0000,0.0000,-0.04643,-0.00000,0.25643,0.26060
37.1800,STATIC_col2_p9,0.0000,0.0000,9.0000,0.0000,-0.04703,-0.00000,0.25660,0.26088
37.1900,STATIC_col2_p9,0.0000,0.0000,9.0000,0.0000,-0.04767,-0.00000,0.25678,0.26117
37.2000,STATIC_col2_p9,0.0000,0.0000,9.0000,0.0000,-0.04833,-0.00000,0.25697,0.26147
37.2100,STATIC_col2_p9,0.0000,0.0000,9.0000,0.0000,-0.04900,-0.00000,0.25716,0.26179
37.2200,STATIC_col2_p9,0.0000,0.0000,9.0000,0.0000,-0.04969,-0.00000,0.25737,0.26212
37.2300,STATIC_col2_p9,0.0000,0.0000,9.0000,0.0000,-0.05039,-0.00000,0.25757,0.26246
37.2400,STATIC_col2_p9,0.0000,0.0000,9.0000,0.0000,-0.05110,-0.00000,0.25779,0.26281
37.2500,STATIC_col2_p9,0.0000,0.0000,9.0000,0.0000,-0.05181,-0.00000,0.25801,0.26316
37.2600,STATIC_col2_p9,0.0000,0.0000,9.0000,0.0000,-0.05253,-0.00000,0.25823,0.26352
37.2700,STATIC_col2_p9,0.0000,0.0000,9.0000,0.0000,-0.05323,-0.00000,0.25845,0.26388
37.2800,STATIC_col2_p9,0.0000,0.0000,9.0000,0.0000,-0.05394,-0.00000,0.25868,0.26424
37.2900,STATIC_col2_p9,0.0000,0.0000,9.0000,0.0000,-0.05463,-0.00000,0.25890,0.26460
37.3000,STATIC_col2_p9,0.0000,0.0000,9.0000,0.0000,-0.05530,-0.00000,0.25912,0.26496
37.3100,STATIC_col2_p9,0.0000,0.0000,9.0000,0.0000,-0.05596,-0.00000,0.25934,0.26531
37.3200,STATIC_col2_p9,0.0000,0.0000,9.0000,0.0000,-0.05660,-0.00000,0.25955,0.26565
37.3300,STATIC_col2_p9,0.0000,0.0000,9.0000,0.0000,-0.05721,-0.00000,0.25976,0.26599
37.3400,STATIC_col2_p9,0.0000,0.0000,9.0000,0.0000,-0.05780,-0.00000,0.25997,0.26631
37.3500,STATIC_col2_p9,0.0000,0.0000,9.0000,0.0000,-0.05836,-0.00000,0.26016,0.26663
37.3600,STATIC_col2_p9,0.0000,0.0000,9.0000,0.0000,-0.05890,-0.00000,0.26035,0.26693
37.3700,STATIC_col2_p9,0.0000,0.0000,9.0000,0.0000,-0.05940,-0.00000,0.26053,0.26721
37.3800,STATIC_col2_p9,0.0000,0.0000,9.0000,0.0000,-0.05986,-0.00000,0.26070,0.26748
37.3900,STATIC_col2_p9,0.0000,0.0000,9.0000,0.0000,-0.06030,-0.00000,0.26086,0.26774
37.4000,STATIC_col2_p9,0.0000,0.0000,9.0000,0.0000,-0.06070,-0.00000,0.26101,0.26797
37.4100,STATIC_col2_p9,0.0000,0.0000,9.0000,0.0000,-0.06106,-0.00000,0.26114,0.26819
37.4200,STATIC_col2_p9,0.0000,0.0000,9.0000,0.0000,-0.06139,-0.00000,0.26127,0.26838
37.4300,STATIC_col2_p9,0.0000,0.0000,9.0000,0.0000,-0.06167,-0.00000,0.26138,0.26856
37.4400,STATIC_col2_p9,0.0000,0.0000,9.0000,0.0000,-0.06193,-0.00000,0.26148,0.26871
37.4500,STATIC_col2_p9,0.0000,0.0000,9.0000,0.0000,-0.06214,-0.00000,0.26157,0.26885
37.4600,STATIC_col2_p9,0.0000,0.0000,9.0000,0.0000,-0.06232,-0.00000,0.26164,0.26896
37.4700,STATIC_col2_p9,0.0000,0.0000,9.0000,0.0000,-0.06247,0.00000,0.26170,0.26906
37.4800,STATIC_col2_p9,0.0000,0.0000,9.0000,0.0000,-0.06258,0.00000,0.26175,0.26913
37.4900,STATIC_col2_p9,0.0000,0.0000,9.0000,0.0000,-0.06265,0.00000,0.26179,0.26918
37.5000,STATIC_col2_p9,0.0000,0.0000,9.0000,0.0000,-0.06269,0.00000,0.26182,0.26922
37.5100,STATIC_col2_p9,0.0000,0.0000,9.0000,0.0000,-0.06271,0.00000,0.26183,0.26923
37.5200,STATIC_col2_p9,0.0000,0.0000,9.0000,0.0000,-0.06269,0.00000,0.26183,0.26923
37.5300,STATIC_col2_p9,0.0000,0.0000,9.0000,0.0000,-0.06264,0.00000,0.26183,0.26921
37.5400,STATIC_col2_p9,0.0000,0.0000,9.0000,0.0000,-0.06256,0.00000,0.26181,0.26918
37.5500,STATIC_col2_p9,0.0000,0.0000,9.0000,0.0000,-0.06247,0.00000,0.26178,0.26913
37.5600,STATIC_col2_p9,0.0000,0.0000,9.0000,0.0000,-0.06234,0.00000,0.26175,0.26907
37.5700,STATIC_col2_p9,0.0000,0.0000,9.0000,0.0000,-0.06220,0.00000,0.26171,0.26900
37.5800,STATIC_col2_p9,0.0000,0.0000,9.0000,0.0000,-0.06204,0.00000,0.26166,0.26891
37.5900,STATIC_col2_p9,0.0000,0.0000,9.0000,0.0000,-0.06186,0.00000,0.26160,0.26881
37.6000,STATIC_col2_p9,0.0000,0.0000,9.0000,0.0000,-0.06166,0.00000,0.26154,0.26871
37.6100,STATIC_col2_p9,0.0000,0.0000,9.0000,0.0000,-0.06145,0.00000,0.26148,0.26860
37.6200,STATIC_col2_p9,0.0000,0.0000,9.0000,0.0000,-0.06123,0.00000,0.26141,0.26848
37.6300,STATIC_col2_p9,0.0000,0.0000,9.0000,0.0000,-0.06100,0.00000,0.26133,0.26836
37.6400,STATIC_col2_p9,0.0000,0.0000,9.0000,0.0000,-0.06077,0.00000,0.26126,0.26823
37.6500,STATIC_col2_p9,0.0000,0.0000,9.0000,0.0000,-0.06052,0.00000,0.26118,0.26810
37.6600,STATIC_col2_p9,0.0000,0.0000,9.0000,0.0000,-0.06028,0.00000,0.26111,0.26797
37.6700,STATIC_col2_p9,0.0000,0.0000,9.0000,0.0000,-0.06003,0.00000,0.26103,0.26784
37.6800,STATIC_col2_p9,0.0000,0.0000,9.0000,0.0000,-0.05979,0.00000,0.26095,0.26771
37.6900,STATIC_col2_p9,0.0000,0.0000,9.0000,0.0000,-0.05954,0.00000,0.26088,0.26758
37.7000,STATIC_col2_p9,0.0000,0.0000,9.0000,0.0000,-0.05930,0.00000,0.26080,0.26746
37.7100,STATIC_col2_p9,0.0000,0.0000,9.0000,0.0000,-0.05907,0.00000,0.26073,0.26734
37.7200,STATIC_col2_p9,0.0000,0.0000,9.0000,0.0000,-0.05884,0.00000,0.26066,0.26722
37.7300,STATIC_col2_p9,0.0000,0.0000,9.0000,0.0000,-0.05862,0.00000,0.26059,0.26710
37.7400,STATIC_col2_p9,0.0000,0.0000,9.0000,0.0000,-0.05841,0.00000,0.26053,0.26699
37.7500,STATIC_col2_p9,0.0000,0.0000,9.0000,0.0000,-0.05821,0.00000,0.26046,0.26689
37.7600,STATIC_col2_p9,0.0000,0.0000,9.0000,0.0000,-0.05802,0.00000,0.26041,0.26679
37.7700,STATIC_col2_p9,0.0000,0.0000,9.0000,0.0000,-0.05785,0.00000,0.26035,0.26670
37.7800,STATIC_col2_p9,0.0000,0.0000,9.0000,0.0000,-0.05768,0.00000,0.26030,0.26662
37.7900,STATIC_col2_p9,0.0000,0.0000,9.0000,0.0000,-0.05753,0.00000,0.26026,0.26654
37.8000,STATIC_col2_p9,0.0000,0.0000,9.0000,0.0000,-0.05740,0.00000,0.26022,0.26647
37.8100,STATIC_col2_p9,0.0000,0.0000,9.0000,0.0000,-0.05727,0.00000,0.26018,0.26641
37.8200,STATIC_col2_p9,0.0000,0.0000,9.0000,0.0000,-0.05717,0.00000,0.26015,0.26636
37.8300,STATIC_col2_p9,0.0000,0.0000,9.0000,0.0000,-0.05708,0.00000,0.26013,0.26631
37.8400,STATIC_col2_p9,0.0000,0.0000,9.0000,0.0000,-0.05700,-0.00000,0.26010,0.26628
37.8500,STATIC_col2_p9,0.0000,0.0000,9.0000,0.0000,-0.05694,-0.00000,0.26009,0.26625
37.8600,STATIC_col2_p9,0.0000,0.0000,9.0000,0.0000,-0.05689,-0.00000,0.26007,0.26622
37.8700,STATIC_col2_p9,0.0000,0.0000,9.0000,0.0000,-0.05686,-0.00000,0.26007,0.26621
37.8800,STATIC_col2_p9,0.0000,0.0000,9.0000,0.0000,-0.05684,-0.00000,0.26006,0.26620
37.8900,STATIC_col2_p9,0.0000,0.0000,9.0000,0.0000,-0.05683,-0.00000,0.26006,0.26620
37.9000,STATIC_col2_p9,0.0000,0.0000,9.0000,0.0000,-0.05684,-0.00000,0.26007,0.26620
37.9100,STATIC_col2_p9,0.0000,0.0000,9.0000,0.0000,-0.05686,-0.00000,0.26007,0.26622
37.9200,STATIC_col2_p9,0.0000,0.0000,9.0000,0.0000,-0.05690,-0.00000,0.26008,0.26624
37.9300,STATIC_col2_p9,0.0000,0.0000,9.0000,0.0000,-0.05694,-0.00000,0.26010,0.26626
37.9400,STATIC_col2_p9,0.0000,0.0000,9.0000,0.0000,-0.05700,-0.00000,0.26012,0.26629
37.9500,STATIC_col2_p9,0.0000,0.0000,9.0000,0.0000,-0.05706,-0.00000,0.26014,0.26632
37.9600,STATIC_col2_p9,0.0000,0.0000,9.0000,0.0000,-0.05713,-0.00000,0.26016,0.26636
37.9700,STATIC_col2_p9,0.0000,0.0000,9.0000,0.0000,-0.05721,-0.00000,0.26019,0.26640
37.9800,STATIC_col2_p9,0.0000,0.0000,9.0000,0.0000,-0.05730,-0.00000,0.26022,0.26645
37.9900,STATIC_col2_p9,0.0000,0.0000,9.0000,0.0000,-0.05740,-0.00000,0.26025,0.26650
38.0000,STATIC_col2_p9,0.0000,0.0000,9.0000,0.0000,-0.05750,-0.00000,0.26028,0.26655
38.0100,STATIC_col2_p9,0.0000,0.0000,9.0000,0.0000,-0.05760,-0.00000,0.26031,0.26661
38.0200,STATIC_col2_p9,0.0000,0.0000,9.0000,0.0000,-0.05771,-0.00000,0.26035,0.26667
38.0300,STATIC_col2_p9,0.0000,0.0000,9.0000,0.0000,-0.05782,-0.00000,0.26038,0.26672
38.0400,STATIC_col2_p9,0.0000,0.0000,9.0000,0.0000,-0.05793,-0.00000,0.26042,0.26678
38.0500,STATIC_col2_p9,0.0000,0.0000,9.0000,0.0000,-0.05804,-0.00000,0.26045,0.26684
38.0600,STATIC_col2_p9,0.0000,0.0000,9.0000,0.0000,-0.05816,-0.00000,0.26049,0.26690
38.0700,STATIC_col2_p9,0.0000,0.0000,9.0000,0.0000,-0.05827,-0.00000,0.26053,0.26696
38.0800,STATIC_col2_p9,0.0000,0.0000,9.0000,0.0000,-0.05838,-0.00000,0.26056,0.26702
38.0900,STATIC_col2_p9,0.0000,0.0000,9.0000,0.0000,-0.05849,-0.00000,0.26060,0.26708
38.1000,STATIC_col2_p9,0.0000,0.0000,9.0000,0.0000,-0.05860,-0.00000,0.26063,0.26714
38.1100,STATIC_col2_p9,0.0000,0.0000,9.0000,0.0000,-0.05870,-0.00000,0.26067,0.26720
38.1200,STATIC_col2_p9,0.0000,0.0000,9.0000,0.0000,-0.05880,-0.00000,0.26070,0.26725
38.1300,STATIC_col2_p9,0.0000,0.0000,9.0000,0.0000,-0.05890,-0.00000,0.26073,0.26730
38.1400,STATIC_col2_p9,0.0000,0.0000,9.0000,0.0000,-0.05899,-0.00000,0.26076,0.26735
38.1500,STATIC_col2_p9,0.0000,0.0000,9.0000,0.0000,-0.05907,-0.00000,0.26079,0.26739
38.1600,STATIC_col2_p9,0.0000,0.0000,9.0000,0.0000,-0.05915,-0.00000,0.26081,0.26744
38.1700,STATIC_col2_p9,0.0000,0.0000,9.0000,0.0000,-0.05923,-0.00000,0.26084,0.26748
38.1800,STATIC_col2_p9,0.0000,0.0000,9.0000,0.0000,-0.05929,-0.00000,0.26086,0.26751
38.1900,STATIC_col2_p9,0.0000,0.0000,9.0000,0.0000,-0.05935,-0.00000,0.26088,0.26755
38.2000,STATIC_col2_p9,0.0000,0.0000,9.0000,0.0000,-0.05941,-0.00000,0.26090,0.26758
38.2100,STATIC_col2_p9,0.0000,0.0000,9.0000,0.0000,-0.05946,-0.00000,0.26091,0.26760
38.2200,STATIC_col2_p9,0.0000,0.0000,9.0000,0.0000,-0.05950,0.00000,0.26093,0.26762
38.2300,STATIC_col2_p9,0.0000,0.0000,9.0000,0.0000,-0.05953,0.00000,0.26094,0.26764
38.2400,STATIC_col2_p9,0.0000,0.0000,9.0000,0.0000,-0.05956,0.00000,0.26095,0.26766
38.2500,STATIC_col2_p9,0.0000,0.0000,9.0000,0.0000,-0.05958,0.00000,0.26095,0.26767
38.2600,STATIC_col2_p9,0.0000,0.0000,9.0000,0.0000,-0.05960,0.00000,0.26096,0.26768
38.2700,STATIC_col2_p9,0.0000,0.0000,9.0000,0.0000,-0.05960,0.00000,0.26096,0.26768
38.2800,STATIC_col2_p9,0.0000,0.0000,9.0000,0.0000,-0.05961,0.00000,0.26096,0.26768
38.2900,STATIC_col2_p9,0.0000,0.0000,9.0000,0.0000,-0.05960,0.00000,0.26096,0.26768
38.3000,STATIC_col2_p9,0.0000,0.0000,9.0000,0.0000,-0.05959,0.00000,0.26096,0.26768
38.3100,STATIC_col2_p9,0.0000,0.0000,9.0000,0.0000,-0.05958,0.00000,0.26095,0.26767
38.3200,STATIC_col2_p9,0.0000,0.0000,9.0000,0.0000,-0.05956,0.00000,0.26095,0.26766
38.3300,STATIC_col2_p9,0.0000,0.0000,9.0000,0.0000,-0.05954,0.00000,0.26094,0.26765
38.3400,STATIC_col2_p9,0.0000,0.0000,9.0000,0.0000,-0.05951,0.00000,0.26093,0.26763
38.3500,STATIC_col2_p9,0.0000,0.0000,9.0000,0.0000,-0.05948,0.00000,0.26092,0.26761
38.3600,STATIC_col2_p9,0.0000,0.0000,9.0000,0.0000,-0.05944,0.00000,0.26091,0.26760
38.3700,STATIC_col2_p9,0.0000,0.0000,9.0000,0.0000,-0.05940,0.00000,0.26090,0.26757
38.3800,STATIC_col2_p9,0.0000,0.0000,9.0000,0.0000,-0.05936,0.00000,0.26088,0.26755
38.3900,STATIC_col2_p9,0.0000,0.0000,9.0000,0.0000,-0.05932,0.00000,0.26087,0.26753
38.4000,STATIC_col2_p9,0.0000,0.0000,9.0000,0.0000,-0.05927,0.00000,0.26085,0.26750
38.4100,STATIC_col2_p9,0.0000,0.0000,9.0000,0.0000,-0.05923,0.00000,0.26084,0.26748
38.4200,STATIC_col2_p9,0.0000,0.0000,9.0000,0.0000,-0.05918,0.00000,0.26082,0.26745
38.4300,STATIC_col2_p9,0.0000,0.0000,9.0000,0.0000,-0.05913,0.00000,0.26081,0.26743
38.4400,STATIC_col2_p9,0.0000,0.0000,9.0000,0.0000,-0.05908,0.00000,0.26079,0.26740
38.4500,STATIC_col2_p9,0.0000,0.0000,9.0000,0.0000,-0.05903,0.00000,0.26078,0.26737
38.4600,STATIC_col2_p9,0.0000,0.0000,9.0000,0.0000,-0.05898,0.00000,0.26076,0.26735
38.4700,STATIC_col2_p9,0.0000,0.0000,9.0000,0.0000,-0.05893,0.00000,0.26074,0.26732
38.4800,STATIC_col2_p9,0.0000,0.0000,9.0000,0.0000,-0.05888,0.00000,0.26073,0.26729
38.4900,STATIC_col2_p9,0.0000,0.0000,9.0000,0.0000,-0.05884,0.00000,0.26071,0.26727
38.5000,STATIC_col2_p9,0.0000,0.0000,9.0000,0.0000,-0.05879,0.00000,0.26070,0.26725
38.5100,STATIC_col2_p9,0.0000,0.0000,9.0000,0.0000,-0.05875,0.00000,0.26069,0.26722
38.5200,STATIC_col2_p9,0.0000,0.0000,9.0000,0.0000,-0.05871,0.00000,0.26067,0.26720
38.5300,STATIC_col2_p9,0.0000,0.0000,9.0000,0.0000,-0.05867,0.00000,0.26066,0.26718
38.5400,STATIC_col2_p9,0.0000,0.0000,9.0000,0.0000,-0.05863,0.00000,0.26065,0.26716
38.5500,STATIC_col2_p9,0.0000,0.0000,9.0000,0.0000,-0.05859,0.00000,0.26064,0.26714
38.5600,STATIC_col2_p9,0.0000,0.0000,9.0000,0.0000,-0.05856,0.00000,0.26063,0.26712
38.5700,STATIC_col2_p9,0.0000,0.0000,9.0000,0.0000,-0.05853,0.00000,0.26062,0.26711
38.5800,STATIC_col2_p9,0.0000,0.0000,9.0000,0.0000,-0.05851,0.00000,0.26061,0.26709
38.5900,STATIC_col2_p9,0.0000,0.0000,9.0000,0.0000,-0.05848,0.00000,0.26060,0.26708
38.6000,STATIC_col2_p9,0.0000,0.0000,9.0000,0.0000,-0.05846,-0.00000,0.26059,0.26707
38.6100,STATIC_col2_p9,0.0000,0.0000,9.0000,0.0000,-0.05844,-0.00000,0.26059,0.26706
38.6200,STATIC_col2_p9,0.0000,0.0000,9.0000,0.0000,-0.05843,-0.00000,0.26058,0.26705
38.6300,STATIC_col2_p9,0.0000,0.0000,9.0000,0.0000,-0.05842,-0.00000,0.26058,0.26705
38.6400,STATIC_col2_p9,0.0000,0.0000,9.0000,0.0000,-0.05841,-0.00000,0.26058,0.26704
38.6500,STATIC_col2_p9,0.0000,0.0000,9.0000,0.0000,-0.05840,-0.00000,0.26058,0.26704
38.6600,STATIC_col2_p9,0.0000,0.0000,9.0000,0.0000,-0.05840,-0.00000,0.26057,0.26704
38.6700,STATIC_col2_p9,0.0000,0.0000,9.0000,0.0000,-0.05840,-0.00000,0.26057,0.26704
38.6800,STATIC_col2_p9,0.0000,0.0000,9.0000,0.0000,-0.05840,-0.00000,0.26057,0.26704
38.6900,STATIC_col2_p9,0.0000,0.0000,9.0000,0.0000,-0.05840,-0.00000,0.26058,0.26704
38.7000,STATIC_col2_p9,0.0000,0.0000,9.0000,0.0000,-0.05841,-0.00000,0.26058,0.26704
38.7100,STATIC_col2_p9,0.0000,0.0000,9.0000,0.0000,-0.05842,-0.00000,0.26058,0.26705
38.7200,STATIC_col2_p9,0.0000,0.0000,9.0000,0.0000,-0.05843,-0.00000,0.26058,0.26705
38.7300,STATIC_col2_p9,0.0000,0.0000,9.0000,0.0000,-0.05844,-0.00000,0.26059,0.26706
38.7400,STATIC_col2_p9,0.0000,0.0000,9.0000,0.0000,-0.05846,-0.00000,0.26059,0.26707
38.7500,STATIC_col2_p9,0.0000,0.0000,9.0000,0.0000,-0.05847,-0.00000,0.26060,0.26708
38.7600,STATIC_col2_p9,0.0000,0.0000,9.0000,0.0000,-0.05849,-0.00000,0.26060,0.26709
38.7700,STATIC_col2_p9,0.0000,0.0000,9.0000,0.0000,-0.05851,-0.00000,0.26061,0.26710
38.7800,STATIC_col2_p9,0.0000,0.0000,9.0000,0.0000,-0.05853,-0.00000,0.26062,0.26711
38.7900,STATIC_col2_p9,0.0000,0.0000,9.0000,0.0000,-0.05855,-0.00000,0.26062,0.26712
38.8000,STATIC_col2_p9,0.0000,0.0000,9.0000,0.0000,-0.05857,-0.00000,0.26063,0.26713
38.8100,STATIC_col2_p9,0.0000,0.0000,9.0000,0.0000,-0.05859,-0.00000,0.26064,0.26714
38.8200,STATIC_col2_p9,0.0000,0.0000,9.0000,0.0000,-0.05861,-0.00000,0.26064,0.26715
38.8300,STATIC_col2_p9,0.0000,0.0000,9.0000,0.0000,-0.05863,-0.00000,0.26065,0.26716
38.8400,STATIC_col2_p9,0.0000,0.0000,9.0000,0.0000,-0.05866,-0.00000,0.26066,0.26718
38.8500,STATIC_col2_p9,0.0000,0.0000,9.0000,0.0000,-0.05868,-0.00000,0.26066,0.26719
38.8600,STATIC_col2_p9,0.0000,0.0000,9.0000,0.0000,-0.05870,-0.00000,0.26067,0.26720
38.8700,STATIC_col2_p9,0.0000,0.0000,9.0000,0.0000,-0.05872,-0.00000,0.26068,0.26721
38.8800,STATIC_col2_p9,0.0000,0.0000,9.0000,0.0000,-0.05874,-0.00000,0.26068,0.26722
38.8900,STATIC_col2_p9,0.0000,0.0000,9.0000,0.0000,-0.05876,-0.00000,0.26069,0.26723
38.9000,STATIC_col2_p9,0.0000,0.0000,9.0000,0.0000,-0.05878,-0.00000,0.26070,0.26724
38.9100,STATIC_col2_p9,0.0000,0.0000,9.0000,0.0000,-0.05880,-0.00000,0.26070,0.26725
38.9200,STATIC_col2_p9,0.0000,0.0000,9.0000,0.0000,-0.05882,-0.00000,0.26071,0.26726
38.9300,STATIC_col2_p9,0.0000,0.0000,9.0000,0.0000,-0.05883,-0.00000,0.26071,0.26727
38.9400,STATIC_col2_p9,0.0000,0.0000,9.0000,0.0000,-0.05885,-0.00000,0.26072,0.26728
38.9500,STATIC_col2_p9,0.0000,0.0000,9.0000,0.0000,-0.05886,-0.00000,0.26072,0.26729
38.9600,STATIC_col2_p9,0.0000,0.0000,9.0000,0.0000,-0.05888,-0.00000,0.26073,0.26729
38.9700,STATIC_col2_p9,0.0000,0.0000,9.0000,0.0000,-0.05889,-0.00000,0.26073,0.26730
38.9800,STATIC_col2_p9,0.0000,0.0000,9.0000,0.0000,-0.05890,0.00000,0.26073,0.26730
38.9900,STATIC_col2_p9,0.0000,0.0000,9.0000,0.0000,-0.05891,0.00000,0.26074,0.26731
39.0000,STATIC_col2_p9,0.0000,0.0000,9.0000,0.0000,-0.05891,0.00000,0.26074,0.26731
39.0100,STATIC_col2_p9,0.0000,0.0000,9.0000,0.0000,-0.05892,0.00000,0.26074,0.26732
39.0200,STATIC_col2_p9,0.0000,0.0000,9.0000,0.0000,-0.05893,0.00000,0.26074,0.26732
39.0300,STATIC_col2_p9,0.0000,0.0000,9.0000,0.0000,-0.05893,0.00000,0.26075,0.26732
39.0400,STATIC_col2_p9,0.0000,0.0000,9.0000,0.0000,-0.05893,0.00000,0.26075,0.26732
39.0500,STATIC_col2_p9,0.0000,0.0000,9.0000,0.0000,-0.05893,0.00000,0.26075,0.26732
39.0600,STATIC_col2_p9,0.0000,0.0000,9.0000,0.0000,-0.05893,0.00000,0.26075,0.26732
39.0700,STATIC_col2_p9,0.0000,0.0000,9.0000,0.0000,-0.05893,0.00000,0.26075,0.26732
39.0800,STATIC_col2_p9,0.0000,0.0000,9.0000,0.0000,-0.05893,0.00000,0.26075,0.26732
39.0900,STATIC_col2_p9,0.0000,0.0000,9.0000,0.0000,-0.05893,0.00000,0.26074,0.26732
39.1000,STATIC_col2_p9,0.0000,0.0000,9.0000,0.0000,-0.05892,0.00000,0.26074,0.26732
39.1100,STATIC_col2_p9,0.0000,0.0000,9.0000,0.0000,-0.05892,0.00000,0.26074,0.26732
39.1200,STATIC_col2_p9,0.0000,0.0000,9.0000,0.0000,-0.05891,0.00000,0.26074,0.26731
39.1300,STATIC_col2_p9,0.0000,0.0000,9.0000,0.0000,-0.05891,0.00000,0.26074,0.26731
39.1400,STATIC_col2_p9,0.0000,0.0000,9.0000,0.0000,-0.05890,0.00000,0.26074,0.26731
39.1500,STATIC_col2_p9,0.0000,0.0000,9.0000,0.0000,-0.05889,0.00000,0.26073,0.26730
39.1600,STATIC_col2_p9,0.0000,0.0000,9.0000,0.0000,-0.05888,0.00000,0.26073,0.26730
39.1700,STATIC_col2_p9,0.0000,0.0000,9.0000,0.0000,-0.05888,0.00000,0.26073,0.26729
39.1800,STATIC_col2_p9,0.0000,0.0000,9.0000,0.0000,-0.05887,0.00000,0.26072,0.26729
39.1900,STATIC_col2_p9,0.0000,0.0000,9.0000,0.0000,-0.05886,0.00000,0.26072,0.26728
39.2000,STATIC_col2_p9,0.0000,0.0000,9.0000,0.0000,-0.05885,0.00000,0.26072,0.26728
39.2100,STATIC_col2_p9,0.0000,0.0000,9.0000,0.0000,-0.05884,0.00000,0.26072,0.26727
39.2200,STATIC_col2_p9,0.0000,0.0000,9.0000,0.0000,-0.05883,0.00000,0.26071,0.26727
39.2300,STATIC_col2_p9,0.0000,0.0000,9.0000,0.0000,-0.05882,0.00000,0.26071,0.26726
39.2400,STATIC_col2_p9,0.0000,0.0000,9.0000,0.0000,-0.05881,0.00000,0.26071,0.26726
39.2500,STATIC_col2_p9,0.0000,0.0000,9.0000,0.0000,-0.05880,0.00000,0.26070,0.26725
39.2600,STATIC_col2_p9,0.0000,0.0000,9.0000,0.0000,-0.05879,0.00000,0.26070,0.26725
39.2700,STATIC_col2_p9,0.0000,0.0000,9.0000,0.0000,-0.05878,0.00000,0.26070,0.26724
39.2800,STATIC_col2_p9,0.0000,0.0000,9.0000,0.0000,-0.05877,0.00000,0.26069,0.26724
39.2900,STATIC_col2_p9,0.0000,0.0000,9.0000,0.0000,-0.05876,0.00000,0.26069,0.26723
39.3000,STATIC_col2_p9,0.0000,0.0000,9.0000,0.0000,-0.05876,0.00000,0.26069,0.26723
39.3100,STATIC_col2_p9,0.0000,0.0000,9.0000,0.0000,-0.05875,0.00000,0.26069,0.26722
39.3200,STATIC_col2_p9,0.0000,0.0000,9.0000,0.0000,-0.05874,0.00000,0.26068,0.26722
39.3300,STATIC_col2_p9,0.0000,0.0000,9.0000,0.0000,-0.05873,0.00000,0.26068,0.26722
39.3400,STATIC_col2_p9,0.0000,0.0000,9.0000,0.0000,-0.05873,0.00000,0.26068,0.26721
39.3500,STATIC_col2_p9,0.0000,0.0000,9.0000,0.0000,-0.05872,0.00000,0.26068,0.26721
39.3600,STATIC_col2_p9,0.0000,0.0000,9.0000,0.0000,-0.05872,-0.00000,0.26068,0.26721
39.3700,STATIC_col2_p9,0.0000,0.0000,9.0000,0.0000,-0.05871,-0.00000,0.26068,0.26721
39.3800,STATIC_col2_p9,0.0000,0.0000,9.0000,0.0000,-0.05871,-0.00000,0.26067,0.26720
39.3900,STATIC_col2_p9,0.0000,0.0000,9.0000,0.0000,-0.05871,-0.00000,0.26067,0.26720
39.4000,STATIC_col2_p9,0.0000,0.0000,9.0000,0.0000,-0.05870,-0.00000,0.26067,0.26720
39.4100,STATIC_col2_p9,0.0000,0.0000,9.0000,0.0000,-0.05870,-0.00000,0.26067,0.26720
39.4200,STATIC_col2_p9,0.0000,0.0000,9.0000,0.0000,-0.05870,-0.00000,0.26067,0.26720
39.4300,STATIC_col2_p9,0.0000,0.0000,9.0000,0.0000,-0.05870,-0.00000,0.26067,0.26720
39.4400,STATIC_col2_p9,0.0000,0.0000,9.0000,0.0000,-0.05870,-0.00000,0.26067,0.26720
39.4500,STATIC_col2_p9,0.0000,0.0000,9.0000,0.0000,-0.05870,-0.00000,0.26067,0.26720
39.4600,STATIC_col2_p9,0.0000,0.0000,9.0000,0.0000,-0.05870,-0.00000,0.26067,0.26720
39.4700,STATIC_col2_p9,0.0000,0.0000,9.0000,0.0000,-0.05870,-0.00000,0.26067,0.26720
39.4800,STATIC_col2_p9,0.0000,0.0000,9.0000,0.0000,-0.05870,-0.00000,0.26067,0.26720
39.4900,STATIC_col2_p9,0.0000,0.0000,9.0000,0.0000,-0.05870,-0.00000,0.26067,0.26720
39.5000,STATIC_col2_p9,0.0000,0.0000,9.0000,0.0000,-0.05870,-0.00000,0.26067,0.26720
39.5100,STATIC_col2_p9,0.0000,0.0000,9.0000,0.0000,-0.05871,-0.00000,0.26067,0.26720
39.5200,STATIC_col2_p9,0.0000,0.0000,9.0000,0.0000,-0.05871,-0.00000,0.26067,0.26720
39.5300,STATIC_col2_p9,0.0000,0.0000,9.0000,0.0000,-0.05871,-0.00000,0.26068,0.26721
39.5400,STATIC_col2_p9,0.0000,0.0000,9.0000,0.0000,-0.05872,-0.00000,0.26068,0.26721
39.5500,STATIC_col2_p9,0.0000,0.0000,9.0000,0.0000,-0.05872,-0.00000,0.26068,0.26721
39.5600,STATIC_col2_p9,0.0000,0.0000,9.0000,0.0000,-0.05872,-0.00000,0.26068,0.26721
39.5700,STATIC_col2_p9,0.0000,0.0000,9.0000,0.0000,-0.05873,-0.00000,0.26068,0.26721
39.5800,STATIC_col2_p9,0.0000,0.0000,9.0000,0.0000,-0.05873,-0.00000,0.26068,0.26722
39.5900,STATIC_col2_p9,0.0000,0.0000,9.0000,0.0000,-0.05874,-0.00000,0.26068,0.26722
39.6000,STATIC_col2_p9,0.0000,0.0000,9.0000,0.0000,-0.05874,-0.00000,0.26068,0.26722
39.6100,STATIC_col2_p9,0.0000,0.0000,9.0000,0.0000,-0.05874,-0.00000,0.26069,0.26722
39.6200,STATIC_col2_p9,0.0000,0.0000,9.0000,0.0000,-0.05875,-0.00000,0.26069,0.26722
39.6300,STATIC_col2_p9,0.0000,0.0000,9.0000,0.0000,-0.05875,-0.00000,0.26069,0.26723
39.6400,STATIC_col2_p9,0.0000,0.0000,9.0000,0.0000,-0.05876,-0.00000,0.26069,0.26723
39.6500,STATIC_col2_p9,0.0000,0.0000,9.0000,0.0000,-0.05876,-0.00000,0.26069,0.26723
39.6600,STATIC_col2_p9,0.0000,0.0000,9.0000,0.0000,-0.05876,-0.00000,0.26069,0.26723
39.6700,STATIC_col2_p9,0.0000,0.0000,9.0000,0.0000,-0.05877,-0.00000,0.26069,0.26724
39.6800,STATIC_col2_p9,0.0000,0.0000,9.0000,0.0000,-0.05877,-0.00000,0.26069,0.26724
39.6900,STATIC_col2_p9,0.0000,0.0000,9.0000,0.0000,-0.05878,-0.00000,0.26070,0.26724
39.7000,STATIC_col2_p9,0.0000,0.0000,9.0000,0.0000,-0.05878,-0.00000,0.26070,0.26724
39.7100,STATIC_col2_p9,0.0000,0.0000,9.0000,0.0000,-0.05878,-0.00000,0.26070,0.26724
39.7200,STATIC_col2_p9,0.0000,0.0000,9.0000,0.0000,-0.05879,-0.00000,0.26070,0.26724
39.7300,STATIC_col2_p9,0.0000,0.0000,9.0000,0.0000,-0.05879,0.00000,0.26070,0.26725
39.7400,STATIC_col2_p9,0.0000,0.0000,9.0000,0.0000,-0.05879,0.00000,0.26070,0.26725
39.7500,STATIC_col2_p9,0.0000,0.0000,9.0000,0.0000,-0.05879,0.00000,0.26070,0.26725
39.7600,STATIC_col2_p9,0.0000,0.0000,9.0000,0.0000,-0.05879,0.00000,0.26070,0.26725
39.7700,STATIC_col2_p9,0.0000,0.0000,9.0000,0.0000,-0.05880,0.00000,0.26070,0.26725
39.7800,STATIC_col2_p9,0.0000,0.0000,9.0000,0.0000,-0.05880,0.00000,0.26070,0.26725
39.7900,STATIC_col2_p9,0.0000,0.0000,9.0000,0.0000,-0.05880,0.00000,0.26070,0.26725
39.8000,STATIC_col2_p9,0.0000,0.0000,9.0000,0.0000,-0.05880,0.00000,0.26070,0.26725
39.8100,STATIC_col2_p9,0.0000,0.0000,9.0000,0.0000,-0.05880,0.00000,0.26070,0.26725
39.8200,STATIC_col2_p9,0.0000,0.0000,9.0000,0.0000,-0.05880,0.00000,0.26070,0.26725
39.8300,STATIC_col2_p9,0.0000,0.0000,9.0000,0.0000,-0.05880,0.00000,0.26070,0.26725
39.8400,STATIC_col2_p9,0.0000,0.0000,9.0000,0.0000,-0.05880,0.00000,0.26070,0.26725
39.8500,STATIC_col2_p9,0.0000,0.0000,9.0000,0.0000,-0.05880,0.00000,0.26070,0.26725
39.8600,STATIC_col2_p9,0.0000,0.0000,9.0000,0.0000,-0.05880,0.00000,0.26070,0.26725
39.8700,STATIC_col2_p9,0.0000,0.0000,9.0000,0.0000,-0.05880,0.00000,0.26070,0.26725
39.8800,STATIC_col2_p9,0.0000,0.0000,9.0000,0.0000,-0.05880,0.00000,0.26070,0.26725
39.8900,STATIC_col2_p9,0.0000,0.0000,9.0000,0.0000,-0.05880,0.00000,0.26070,0.26725
39.9000,STATIC_col2_p9,0.0000,0.0000,9.0000,0.0000,-0.05880,0.00000,0.26070,0.26725
39.9100,STATIC_col2_p9,0.0000,0.0000,9.0000,0.0000,-0.05880,0.00000,0.26070,0.26725
39.9200,STATIC_col2_p9,0.0000,0.0000,9.0000,0.0000,-0.05879,0.00000,0.26070,0.26725
39.9300,STATIC_col2_p9,0.0000,0.0000,9.0000,0.0000,-0.05879,0.00000,0.26070,0.26725
39.9400,STATIC_col2_p9,0.0000,0.0000,9.0000,0.0000,-0.05879,0.00000,0.26070,0.26725
39.9500,STATIC_col2_p9,0.0000,0.0000,9.0000,0.0000,-0.05879,0.00000,0.26070,0.26725
39.9600,STATIC_col2_p9,0.0000,0.0000,9.0000,0.0000,-0.05879,0.00000,0.26070,0.26725
39.9700,STATIC_col2_p9,0.0000,0.0000,9.0000,0.0000,-0.05879,0.00000,0.26070,0.26724
39.9800,STATIC_col2_p9,0.0000,0.0000,9.0000,0.0000,-0.05878,0.00000,0.26070,0.26724
39.9900,STATIC_col2_p9,0.0000,0.0000,9.0000,0.0000,-0.05878,0.00000,0.26070,0.26724
40.0000,STATIC_col2_p9,0.0000,0.0000,9.0000,0.0000,-0.05878,0.00000,0.26070,0.26724
40.0100,RELEASE_col2,0.0000,0.0000,0.0000,0.0000,-0.05877,0.00000,0.26069,0.26723
40.0200,RELEASE_col2,0.0000,0.0000,0.0000,0.0000,-0.05870,0.00000,0.26067,0.26720
40.0300,RELEASE_col2,0.0000,0.0000,0.0000,0.0000,-0.05856,0.00000,0.26062,0.26712
40.0400,RELEASE_col2,0.0000,0.0000,0.0000,0.0000,-0.05831,0.00000,0.26055,0.26699
40.0500,RELEASE_col2,0.0000,0.0000,0.0000,0.0000,-0.05795,0.00000,0.26044,0.26681
40.0600,RELEASE_col2,0.0000,0.0000,0.0000,0.0000,-0.05747,0.00000,0.26029,0.26656
40.0700,RELEASE_col2,0.0000,0.0000,0.0000,0.0000,-0.05685,0.00000,0.26011,0.26625
40.0800,RELEASE_col2,0.0000,0.0000,0.0000,0.0000,-0.05609,0.00000,0.25988,0.26586
40.0900,RELEASE_col2,0.0000,0.0000,0.0000,0.0000,-0.05519,0.00000,0.25961,0.26541
40.1000,RELEASE_col2,0.0000,0.0000,0.0000,0.0000,-0.05414,0.00000,0.25929,0.26489
40.1100,RELEASE_col2,0.0000,0.0000,0.0000,0.0000,-0.05295,0.00000,0.25893,0.26429
40.1200,RELEASE_col2,0.0000,0.0000,0.0000,0.0000,-0.05161,-0.00000,0.25854,0.26364
40.1300,RELEASE_col2,0.0000,0.0000,0.0000,0.0000,-0.05013,-0.00000,0.25810,0.26293
40.1400,RELEASE_col2,0.0000,0.0000,0.0000,0.0000,-0.04851,-0.00000,0.25764,0.26216
40.1500,RELEASE_col2,0.0000,0.0000,0.0000,0.0000,-0.04677,-0.00000,0.25714,0.26136
40.1600,RELEASE_col2,0.0000,0.0000,0.0000,0.0000,-0.04489,-0.00000,0.25663,0.26053
40.1700,RELEASE_col2,0.0000,0.0000,0.0000,0.0000,-0.04291,-0.00000,0.25611,0.25968
40.1800,RELEASE_col2,0.0000,0.0000,0.0000,0.0000,-0.04081,-0.00000,0.25558,0.25882
40.1900,RELEASE_col2,0.0000,0.0000,0.0000,0.0000,-0.03862,-0.00000,0.25505,0.25796
40.2000,RELEASE_col2,0.0000,0.0000,0.0000,0.0000,-0.03635,-0.00000,0.25453,0.25711
40.2100,RELEASE_col2,0.0000,0.0000,0.0000,0.0000,-0.03400,-0.00000,0.25403,0.25629
40.2200,RELEASE_col2,0.0000,0.0000,0.0000,0.0000,-0.03160,-0.00000,0.25354,0.25550
40.2300,RELEASE_col2,0.0000,0.0000,0.0000,0.0000,-0.02914,-0.00000,0.25308,0.25476
40.2400,RELEASE_col2,0.0000,0.0000,0.0000,0.0000,-0.02666,-0.00000,0.25266,0.25406
40.2500,RELEASE_col2,0.0000,0.0000,0.0000,0.0000,-0.02415,-0.00000,0.25226,0.25342
40.2600,RELEASE_col2,0.0000,0.0000,0.0000,0.0000,-0.02164,-0.00000,0.25191,0.25284
40.2700,RELEASE_col2,0.0000,0.0000,0.0000,0.0000,-0.01914,-0.00000,0.25159,0.25232
40.2800,RELEASE_col2,0.0000,0.0000,0.0000,0.0000,-0.01666,-0.00000,0.25132,0.25187
40.2900,RELEASE_col2,0.0000,0.0000,0.0000,0.0000,-0.01422,-0.00000,0.25108,0.25148
40.3000,RELEASE_col2,0.0000,0.0000,0.0000,0.0000,-0.01182,-0.00000,0.25089,0.25117
40.3100,RELEASE_col2,0.0000,0.0000,0.0000,0.0000,-0.00948,-0.00000,0.25073,0.25091
40.3200,RELEASE_col2,0.0000,0.0000,0.0000,0.0000,-0.00721,-0.00000,0.25061,0.25072
40.3300,RELEASE_col2,0.0000,0.0000,0.0000,0.0000,-0.00502,-0.00000,0.25053,0.25058
40.3400,RELEASE_col2,0.0000,0.0000,0.0000,0.0000,-0.00292,-0.00000,0.25048,0.25049
40.3500,RELEASE_col2,0.0000,0.0000,0.0000,0.0000,-0.00092,-0.00000,0.25045,0.25045
40.3600,RELEASE_col2,0.0000,0.0000,0.0000,0.0000,0.00097,-0.00000,0.25045,0.25045
40.3700,RELEASE_col2,0.0000,0.0000,0.0000,0.0000,0.00275,-0.00000,0.25047,0.25049
40.3800,RELEASE_col2,0.0000,0.0000,0.0000,0.0000,0.00440,-0.00000,0.25051,0.25055
40.3900,RELEASE_col2,0.0000,0.0000,0.0000,0.0000,0.00594,-0.00000,0.25056,0.25063
40.4000,RELEASE_col2,0.0000,0.0000,0.0000,0.0000,0.00734,-0.00000,0.25062,0.25073
40.4100,RELEASE_col2,0.0000,0.0000,0.0000,0.0000,0.00862,-0.00000,0.25069,0.25084
40.4200,RELEASE_col2,0.0000,0.0000,0.0000,0.0000,0.00976,-0.00000,0.25076,0.25095
40.4300,RELEASE_col2,0.0000,0.0000,0.0000,0.0000,0.01076,-0.00000,0.25083,0.25106
40.4400,RELEASE_col2,0.0000,0.0000,0.0000,0.0000,0.01163,-0.00000,0.25090,0.25117
40.4500,RELEASE_col2,0.0000,0.0000,0.0000,0.0000,0.01237,-0.00000,0.25096,0.25126
40.4600,RELEASE_col2,0.0000,0.0000,0.0000,0.0000,0.01298,-0.00000,0.25102,0.25135
40.4700,RELEASE_col2,0.0000,0.0000,0.0000,0.0000,0.01345,-0.00000,0.25106,0.25142
40.4800,RELEASE_col2,0.0000,0.0000,0.0000,0.0000,0.01380,-0.00000,0.25110,0.25148
40.4900,RELEASE_col2,0.0000,0.0000,0.0000,0.0000,0.01403,0.00000,0.25113,0.25153
40.5000,RELEASE_col2,0.0000,0.0000,0.0000,0.0000,0.01413,0.00000,0.25115,0.25155
40.5100,RELEASE_col2,0.0000,0.0000,0.0000,0.0000,0.01412,0.00000,0.25116,0.25156
40.5200,RELEASE_col2,0.0000,0.0000,0.0000,0.0000,0.01401,0.00000,0.25117,0.25156
40.5300,RELEASE_col2,0.0000,0.0000,0.0000,0.0000,0.01379,0.00000,0.25116,0.25154
40.5400,RELEASE_col2,0.0000,0.0000,0.0000,0.0000,0.01347,0.00000,0.25114,0.25150
40.5500,RELEASE_col2,0.0000,0.0000,0.0000,0.0000,0.01307,0.00000,0.25112,0.25146
40.5600,RELEASE_col2,0.0000,0.0000,0.0000,0.0000,0.01258,0.00000,0.25109,0.25140
40.5700,RELEASE_col2,0.0000,0.0000,0.0000,0.0000,0.01202,0.00000,0.25106,0.25134
40.5800,RELEASE_col2,0.0000,0.0000,0.0000,0.0000,0.01139,0.00000,0.25102,0.25128
40.5900,RELEASE_col2,0.0000,0.0000,0.0000,0.0000,0.01070,0.00000,0.25098,0.25121
40.6000,RELEASE_col2,0.0000,0.0000,0.0000,0.0000,0.00995,0.00000,0.25094,0.25114
40.6100,RELEASE_col2,0.0000,0.0000,0.0000,0.0000,0.00916,0.00000,0.25090,0.25107
40.6200,RELEASE_col2,0.0000,0.0000,0.0000,0.0000,0.00834,0.00000,0.25086,0.25100
40.6300,RELEASE_col2,0.0000,0.0000,0.0000,0.0000,0.00748,0.00000,0.25082,0.25093
40.6400,RELEASE_col2,0.0000,0.0000,0.0000,0.0000,0.00660,0.00000,0.25079,0.25088
40.6500,RELEASE_col2,0.0000,0.0000,0.0000,0.0000,0.00571,0.00000,0.25076,0.25082
40.6600,RELEASE_col2,0.0000,0.0000,0.0000,0.0000,0.00481,0.00000,0.25073,0.25078
40.6700,RELEASE_col2,0.0000,0.0000,0.0000,0.0000,0.00391,0.00000,0.25071,0.25074
40.6800,RELEASE_col2,0.0000,0.0000,0.0000,0.0000,0.00301,0.00000,0.25069,0.25071
40.6900,RELEASE_col2,0.0000,0.0000,0.0000,0.0000,0.00213,0.00000,0.25068,0.25069
40.7000,RELEASE_col2,0.0000,0.0000,0.0000,0.0000,0.00126,0.00000,0.25067,0.25067
40.7100,RELEASE_col2,0.0000,0.0000,0.0000,0.0000,0.00042,0.00000,0.25067,0.25067
40.7200,RELEASE_col2,0.0000,0.0000,0.0000,0.0000,-0.00040,0.00000,0.25067,0.25067
40.7300,RELEASE_col2,0.0000,0.0000,0.0000,0.0000,-0.00118,0.00000,0.25067,0.25067
40.7400,RELEASE_col2,0.0000,0.0000,0.0000,0.0000,-0.00192,0.00000,0.25068,0.25069
40.7500,RELEASE_col2,0.0000,0.0000,0.0000,0.0000,-0.00263,0.00000,0.25069,0.25070
40.7600,RELEASE_col2,0.0000,0.0000,0.0000,0.0000,-0.00329,0.00000,0.25070,0.25072
40.7700,RELEASE_col2,0.0000,0.0000,0.0000,0.0000,-0.00390,0.00000,0.25071,0.25074
40.7800,RELEASE_col2,0.0000,0.0000,0.0000,0.0000,-0.00446,0.00000,0.25073,0.25077
40.7900,RELEASE_col2,0.0000,0.0000,0.0000,0.0000,-0.00497,0.00000,0.25074,0.25079
40.8000,RELEASE_col2,0.0000,0.0000,0.0000,0.0000,-0.00542,0.00000,0.25076,0.25082
40.8100,RELEASE_col2,0.0000,0.0000,0.0000,0.0000,-0.00582,0.00000,0.25077,0.25084
40.8200,RELEASE_col2,0.0000,0.0000,0.0000,0.0000,-0.00617,0.00000,0.25079,0.25086
40.8300,RELEASE_col2,0.0000,0.0000,0.0000,0.0000,-0.00646,0.00000,0.25080,0.25088
40.8400,RELEASE_col2,0.0000,0.0000,0.0000,0.0000,-0.00669,0.00000,0.25081,0.25090
40.8500,RELEASE_col2,0.0000,0.0000,0.0000,0.0000,-0.00687,0.00000,0.25082,0.25091
40.8600,RELEASE_col2,0.0000,0.0000,0.0000,0.0000,-0.00700,0.00000,0.25083,0.25092
40.8700,RELEASE_col2,0.0000,0.0000,0.0000,0.0000,-0.00707,0.00000,0.25083,0.25093
40.8800,RELEASE_col2,0.0000,0.0000,0.0000,0.0000,-0.00710,0.00000,0.25083,0.25094
40.8900,RELEASE_col2,0.0000,0.0000,0.0000,0.0000,-0.00707,0.00000,0.25084,0.25093
40.9000,RELEASE_col2,0.0000,0.0000,0.0000,0.0000,-0.00700,0.00000,0.25083,0.25093
40.9100,RELEASE_col2,0.0000,0.0000,0.0000,0.0000,-0.00688,-0.00000,0.25083,0.25093
40.9200,RELEASE_col2,0.0000,0.0000,0.0000,0.0000,-0.00672,-0.00000,0.25083,0.25092
40.9300,RELEASE_col2,0.0000,0.0000,0.0000,0.0000,-0.00652,-0.00000,0.25082,0.25090
40.9400,RELEASE_col2,0.0000,0.0000,0.0000,0.0000,-0.00628,-0.00000,0.25081,0.25089
40.9500,RELEASE_col2,0.0000,0.0000,0.0000,0.0000,-0.00601,-0.00000,0.25080,0.25088
40.9600,RELEASE_col2,0.0000,0.0000,0.0000,0.0000,-0.00571,-0.00000,0.25079,0.25086
40.9700,RELEASE_col2,0.0000,0.0000,0.0000,0.0000,-0.00538,-0.00000,0.25078,0.25084
40.9800,RELEASE_col2,0.0000,0.0000,0.0000,0.0000,-0.00503,-0.00000,0.25077,0.25083
40.9900,RELEASE_col2,0.0000,0.0000,0.0000,0.0000,-0.00466,-0.00000,0.25076,0.25081
41.0000,RELEASE_col2,0.0000,0.0000,0.0000,0.0000,-0.00427,-0.00000,0.25076,0.25079
41.0100,RELEASE_col2,0.0000,0.0000,0.0000,0.0000,-0.00387,-0.00000,0.25075,0.25078
41.0200,RELEASE_col2,0.0000,0.0000,0.0000,0.0000,-0.00346,-0.00000,0.25074,0.25076
41.0300,RELEASE_col2,0.0000,0.0000,0.0000,0.0000,-0.00304,-0.00000,0.25073,0.25075
41.0400,RELEASE_col2,0.0000,0.0000,0.0000,0.0000,-0.00262,-0.00000,0.25072,0.25074
41.0500,RELEASE_col2,0.0000,0.0000,0.0000,0.0000,-0.00220,-0.00000,0.25072,0.25073
41.0600,RELEASE_col2,0.0000,0.0000,0.0000,0.0000,-0.00178,-0.00000,0.25071,0.25072
41.0700,RELEASE_col2,0.0000,0.0000,0.0000,0.0000,-0.00136,-0.00000,0.25071,0.25071
41.0800,RELEASE_col2,0.0000,0.0000,0.0000,0.0000,-0.00096,-0.00000,0.25071,0.25071
41.0900,RELEASE_col2,0.0000,0.0000,0.0000,0.0000,-0.00056,-0.00000,0.25070,0.25070
41.1000,RELEASE_col2,0.0000,0.0000,0.0000,0.0000,-0.00017,-0.00000,0.25070,0.25070
41.1100,RELEASE_col2,0.0000,0.0000,0.0000,0.0000,0.00020,-0.00000,0.25070,0.25070
41.1200,RELEASE_col2,0.0000,0.0000,0.0000,0.0000,0.00055,-0.00000,0.25070,0.25070
41.1300,RELEASE_col2,0.0000,0.0000,0.0000,0.0000,0.00089,-0.00000,0.25071,0.25071
41.1400,RELEASE_col2,0.0000,0.0000,0.0000,0.0000,0.00120,-0.00000,0.25071,0.25071
41.1500,RELEASE_col2,0.0000,0.0000,0.0000,0.0000,0.00149,-0.00000,0.25071,0.25071
41.1600,RELEASE_col2,0.0000,0.0000,0.0000,0.0000,0.00177,-0.00000,0.25071,0.25072
41.1700,RELEASE_col2,0.0000,0.0000,0.0000,0.0000,0.00201,-0.00000,0.25072,0.25072
41.1800,RELEASE_col2,0.0000,0.0000,0.0000,0.0000,0.00224,-0.00000,0.25072,0.25073
41.1900,RELEASE_col2,0.0000,0.0000,0.0000,0.0000,0.00244,-0.00000,0.25072,0.25073
41.2000,RELEASE_col2,0.0000,0.0000,0.0000,0.0000,0.00261,-0.00000,0.25072,0.25074
41.2100,RELEASE_col2,0.0000,0.0000,0.0000,0.0000,0.00276,-0.00000,0.25073,0.25074
41.2200,RELEASE_col2,0.0000,0.0000,0.0000,0.0000,0.00288,0.00000,0.25073,0.25075
41.2300,RELEASE_col2,0.0000,0.0000,0.0000,0.0000,0.00298,0.00000,0.25073,0.25075
41.2400,RELEASE_col2,0.0000,0.0000,0.0000,0.0000,0.00305,0.00000,0.25073,0.25075
41.2500,RELEASE_col2,0.0000,0.0000,0.0000,0.0000,0.00310,0.00000,0.25073,0.25075
41.2600,RELEASE_col2,0.0000,0.0000,0.0000,0.0000,0.00313,0.00000,0.25074,0.25075
41.2700,RELEASE_col2,0.0000,0.0000,0.0000,0.0000,0.00313,0.00000,0.25074,0.25076
41.2800,RELEASE_col2,0.0000,0.0000,0.0000,0.0000,0.00311,0.00000,0.25074,0.25076
41.2900,RELEASE_col2,0.0000,0.0000,0.0000,0.0000,0.00307,0.00000,0.25074,0.25075
41.3000,RELEASE_col2,0.0000,0.0000,0.0000,0.0000,0.00301,0.00000,0.25073,0.25075
41.3100,RELEASE_col2,0.0000,0.0000,0.0000,0.0000,0.00293,0.00000,0.25073,0.25075
41.3200,RELEASE_col2,0.0000,0.0000,0.0000,0.0000,0.00283,0.00000,0.25073,0.25075
41.3300,RELEASE_col2,0.0000,0.0000,0.0000,0.0000,0.00272,0.00000,0.25073,0.25075
41.3400,RELEASE_col2,0.0000,0.0000,0.0000,0.0000,0.00259,0.00000,0.25073,0.25074
41.3500,RELEASE_col2,0.0000,0.0000,0.0000,0.0000,0.00246,0.00000,0.25073,0.25074
41.3600,RELEASE_col2,0.0000,0.0000,0.0000,0.0000,0.00230,0.00000,0.25073,0.25074
41.3700,RELEASE_col2,0.0000,0.0000,0.0000,0.0000,0.00214,0.00000,0.25072,0.25073
41.3800,RELEASE_col2,0.0000,0.0000,0.0000,0.0000,0.00197,0.00000,0.25072,0.25073
41.3900,RELEASE_col2,0.0000,0.0000,0.0000,0.0000,0.00180,0.00000,0.25072,0.25073
41.4000,RELEASE_col2,0.0000,0.0000,0.0000,0.0000,0.00162,0.00000,0.25072,0.25072
41.4100,RELEASE_col2,0.0000,0.0000,0.0000,0.0000,0.00143,0.00000,0.25072,0.25072
41.4200,RELEASE_col2,0.0000,0.0000,0.0000,0.0000,0.00124,0.00000,0.25071,0.25072
41.4300,RELEASE_col2,0.0000,0.0000,0.0000,0.0000,0.00106,0.00000,0.25071,0.25072
41.4400,RELEASE_col2,0.0000,0.0000,0.0000,0.0000,0.00087,0.00000,0.25071,0.25071
41.4500,RELEASE_col2,0.0000,0.0000,0.0000,0.0000,0.00068,0.00000,0.25071,0.25071
41.4600,RELEASE_col2,0.0000,0.0000,0.0000,0.0000,0.00050,0.00000,0.25071,0.25071
41.4700,RELEASE_col2,0.0000,0.0000,0.0000,0.0000,0.00032,0.00000,0.25071,0.25071
41.4800,RELEASE_col2,0.0000,0.0000,0.0000,0.0000,0.00014,0.00000,0.25071,0.25071
41.4900,RELEASE_col2,0.0000,0.0000,0.0000,0.0000,-0.00003,0.00000,0.25071,0.25071
41.5000,RELEASE_col2,0.0000,0.0000,0.0000,0.0000,-0.00019,0.00000,0.25071,0.25071
41.5100,RELEASE_col2,0.0000,0.0000,0.0000,0.0000,-0.00034,0.00000,0.25071,0.25071
41.5200,RELEASE_col2,0.0000,0.0000,0.0000,0.0000,-0.00049,0.00000,0.25071,0.25071
41.5300,RELEASE_col2,0.0000,0.0000,0.0000,0.0000,-0.00062,0.00000,0.25071,0.25071
41.5400,RELEASE_col2,0.0000,0.0000,0.0000,0.0000,-0.00075,0.00000,0.25071,0.25071
41.5500,RELEASE_col2,0.0000,0.0000,0.0000,0.0000,-0.00087,0.00000,0.25071,0.25071
41.5600,RELEASE_col2,0.0000,0.0000,0.0000,0.0000,-0.00097,0.00000,0.25071,0.25072
41.5700,RELEASE_col2,0.0000,0.0000,0.0000,0.0000,-0.00107,0.00000,0.25071,0.25072
41.5800,RELEASE_col2,0.0000,0.0000,0.0000,0.0000,-0.00115,0.00000,0.25071,0.25072
41.5900,RELEASE_col2,0.0000,0.0000,0.0000,0.0000,-0.00122,0.00000,0.25072,0.25072
41.6000,RELEASE_col2,0.0000,0.0000,0.0000,0.0000,-0.00128,0.00000,0.25072,0.25072
41.6100,RELEASE_col2,0.0000,0.0000,0.0000,0.0000,-0.00133,0.00000,0.25072,0.25072
41.6200,RELEASE_col2,0.0000,0.0000,0.0000,0.0000,-0.00137,0.00000,0.25072,0.25072
41.6300,RELEASE_col2,0.0000,0.0000,0.0000,0.0000,-0.00139,0.00000,0.25072,0.25072
41.6400,RELEASE_col2,0.0000,0.0000,0.0000,0.0000,-0.00141,0.00000,0.25072,0.25072
41.6500,RELEASE_col2,0.0000,0.0000,0.0000,0.0000,-0.00141,0.00000,0.25072,0.25072
41.6600,RELEASE_col2,0.0000,0.0000,0.0000,0.0000,-0.00141,0.00000,0.25072,0.25072
41.6700,RELEASE_col2,0.0000,0.0000,0.0000,0.0000,-0.00140,0.00000,0.25072,0.25072
41.6800,RELEASE_col2,0.0000,0.0000,0.0000,0.0000,-0.00137,0.00000,0.25072,0.25072
41.6900,RELEASE_col2,0.0000,0.0000,0.0000,0.0000,-0.00134,0.00000,0.25072,0.25072
41.7000,RELEASE_col2,0.0000,0.0000,0.0000,0.0000,-0.00130,0.00000,0.25072,0.25072
41.7100,RELEASE_col2,0.0000,0.0000,0.0000,0.0000,-0.00125,0.00000,0.25072,0.25072
41.7200,RELEASE_col2,0.0000,0.0000,0.0000,0.0000,-0.00120,0.00000,0.25072,0.25072
41.7300,RELEASE_col2,0.0000,0.0000,0.0000,0.0000,-0.00114,0.00000,0.25072,0.25072
41.7400,RELEASE_col2,0.0000,0.0000,0.0000,0.0000,-0.00107,0.00000,0.25072,0.25072
41.7500,RELEASE_col2,0.0000,0.0000,0.0000,0.0000,-0.00100,0.00000,0.25071,0.25072
41.7600,RELEASE_col2,0.0000,0.0000,0.0000,0.0000,-0.00093,0.00000,0.25071,0.25072
41.7700,RELEASE_col2,0.0000,0.0000,0.0000,0.0000,-0.00085,0.00000,0.25071,0.25072
41.7800,RELEASE_col2,0.0000,0.0000,0.0000,0.0000,-0.00077,0.00000,0.25071,0.25071
41.7900,RELEASE_col2,0.0000,0.0000,0.0000,0.0000,-0.00069,0.00000,0.25071,0.25071
41.8000,RELEASE_col2,0.0000,0.0000,0.0000,0.0000,-0.00060,0.00000,0.25071,0.25071
41.8100,RELEASE_col2,0.0000,0.0000,0.0000,0.0000,-0.00052,0.00000,0.25071,0.25071
41.8200,RELEASE_col2,0.0000,0.0000,0.0000,0.0000,-0.00043,0.00000,0.25071,0.25071
41.8300,RELEASE_col2,0.0000,0.0000,0.0000,0.0000,-0.00035,0.00000,0.25071,0.25071
41.8400,RELEASE_col2,0.0000,0.0000,0.0000,0.0000,-0.00026,0.00000,0.25071,0.25071
41.8500,RELEASE_col2,0.0000,0.0000,0.0000,0.0000,-0.00018,0.00000,0.25071,0.25071
41.8600,RELEASE_col2,0.0000,0.0000,0.0000,0.0000,-0.00010,0.00000,0.25071,0.25071
41.8700,RELEASE_col2,0.0000,0.0000,0.0000,0.0000,-0.00002,0.00000,0.25071,0.25071
41.8800,RELEASE_col2,0.0000,0.0000,0.0000,0.0000,0.00005,0.00000,0.25071,0.25071
41.8900,RELEASE_col2,0.0000,0.0000,0.0000,0.0000,0.00012,0.00000,0.25071,0.25071
41.9000,RELEASE_col2,0.0000,0.0000,0.0000,0.0000,0.00019,0.00000,0.25071,0.25071
41.9100,RELEASE_col2,0.0000,0.0000,0.0000,0.0000,0.00025,0.00000,0.25071,0.25071
41.9200,RELEASE_col2,0.0000,0.0000,0.0000,0.0000,0.00031,0.00000,0.25071,0.25071
41.9300,RELEASE_col2,0.0000,0.0000,0.0000,0.0000,0.00037,0.00000,0.25071,0.25071
41.9400,RELEASE_col2,0.0000,0.0000,0.0000,0.0000,0.00041,0.00000,0.25071,0.25071
41.9500,RELEASE_col2,0.0000,0.0000,0.0000,0.0000,0.00046,0.00000,0.25071,0.25071
41.9600,RELEASE_col2,0.0000,0.0000,0.0000,0.0000,0.00050,0.00000,0.25071,0.25071
41.9700,RELEASE_col2,0.0000,0.0000,0.0000,0.0000,0.00053,0.00000,0.25071,0.25071
41.9800,RELEASE_col2,0.0000,0.0000,0.0000,0.0000,0.00056,0.00000,0.25071,0.25071
41.9900,RELEASE_col2,0.0000,0.0000,0.0000,0.0000,0.00059,0.00000,0.25071,0.25071
42.0000,RELEASE_col2,0.0000,0.0000,0.0000,0.0000,0.00061,0.00000,0.25071,0.25071
42.0100,STATIC_col3_p0,0.0000,0.0000,0.0000,0.0000,0.00062,0.00000,0.25071,0.25071
42.0200,STATIC_col3_p0,0.0000,0.0000,0.0000,0.0000,0.00063,0.00000,0.25071,0.25071
42.0300,STATIC_col3_p0,0.0000,0.0000,0.0000,0.0000,0.00064,0.00000,0.25071,0.25071
42.0400,STATIC_col3_p0,0.0000,0.0000,0.0000,0.0000,0.00064,0.00000,0.25071,0.25071
42.0500,STATIC_col3_p0,0.0000,0.0000,0.0000,0.0000,0.00063,0.00000,0.25071,0.25071
42.0600,STATIC_col3_p0,0.0000,0.0000,0.0000,0.0000,0.00062,0.00000,0.25071,0.25071
42.0700,STATIC_col3_p0,0.0000,0.0000,0.0000,0.0000,0.00061,0.00000,0.25071,0.25071
42.0800,STATIC_col3_p0,0.0000,0.0000,0.0000,0.0000,0.00059,0.00000,0.25071,0.25071
42.0900,STATIC_col3_p0,0.0000,0.0000,0.0000,0.0000,0.00057,0.00000,0.25071,0.25071
42.1000,STATIC_col3_p0,0.0000,0.0000,0.0000,0.0000,0.00055,0.00000,0.25071,0.25071
42.1100,STATIC_col3_p0,0.0000,0.0000,0.0000,0.0000,0.00052,0.00000,0.25071,0.25071
42.1200,STATIC_col3_p0,0.0000,0.0000,0.0000,0.0000,0.00050,0.00000,0.25071,0.25071
42.1300,STATIC_col3_p0,0.0000,0.0000,0.0000,0.0000,0.00047,0.00000,0.25071,0.25071
42.1400,STATIC_col3_p0,0.0000,0.0000,0.0000,0.0000,0.00043,0.00000,0.25071,0.25071
42.1500,STATIC_col3_p0,0.0000,0.0000,0.0000,0.0000,0.00040,0.00000,0.25071,0.25071
42.1600,STATIC_col3_p0,0.0000,0.0000,0.0000,0.0000,0.00036,0.00000,0.25071,0.25071
42.1700,STATIC_col3_p0,0.0000,0.0000,0.0000,0.0000,0.00033,0.00000,0.25071,0.25071
42.1800,STATIC_col3_p0,0.0000,0.0000,0.0000,0.0000,0.00029,0.00000,0.25071,0.25071
42.1900,STATIC_col3_p0,0.0000,0.0000,0.0000,0.0000,0.00025,0.00000,0.25071,0.25071
42.2000,STATIC_col3_p0,0.0000,0.0000,0.0000,0.0000,0.00021,0.00000,0.25071,0.25071
42.2100,STATIC_col3_p0,0.0000,0.0000,0.0000,0.0000,0.00017,0.00000,0.25071,0.25071
42.2200,STATIC_col3_p0,0.0000,0.0000,0.0000,0.0000,0.00014,0.00000,0.25071,0.25071
42.2300,STATIC_col3_p0,0.0000,0.0000,0.0000,0.0000,0.00010,0.00000,0.25071,0.25071
42.2400,STATIC_col3_p0,0.0000,0.0000,0.0000,0.0000,0.00006,0.00000,0.25071,0.25071
42.2500,STATIC_col3_p0,0.0000,0.0000,0.0000,0.0000,0.00003,0.00000,0.25071,0.25071
42.2600,STATIC_col3_p0,0.0000,0.0000,0.0000,0.0000,-0.00001,0.00000,0.25071,0.25071
42.2700,STATIC_col3_p0,0.0000,0.0000,0.0000,0.0000,-0.00004,0.00000,0.25071,0.25071
42.2800,STATIC_col3_p0,0.0000,0.0000,0.0000,0.0000,-0.00007,0.00000,0.25071,0.25071
42.2900,STATIC_col3_p0,0.0000,0.0000,0.0000,0.0000,-0.00010,0.00000,0.25071,0.25071
42.3000,STATIC_col3_p0,0.0000,0.0000,0.0000,0.0000,-0.00013,0.00000,0.25071,0.25071
42.3100,STATIC_col3_p0,0.0000,0.0000,0.0000,0.0000,-0.00015,0.00000,0.25071,0.25071
42.3200,STATIC_col3_p0,0.0000,0.0000,0.0000,0.0000,-0.00018,0.00000,0.25071,0.25071
42.3300,STATIC_col3_p0,0.0000,0.0000,0.0000,0.0000,-0.00020,0.00000,0.25071,0.25071
42.3400,STATIC_col3_p0,0.0000,0.0000,0.0000,0.0000,-0.00022,0.00000,0.25071,0.25071
42.3500,STATIC_col3_p0,0.0000,0.0000,0.0000,0.0000,-0.00023,0.00000,0.25071,0.25071
42.3600,STATIC_col3_p0,0.0000,0.0000,0.0000,0.0000,-0.00025,0.00000,0.25071,0.25071
42.3700,STATIC_col3_p0,0.0000,0.0000,0.0000,0.0000,-0.00026,0.00000,0.25071,0.25071
42.3800,STATIC_col3_p0,0.0000,0.0000,0.0000,0.0000,-0.00027,0.00000,0.25071,0.25071
42.3900,STATIC_col3_p0,0.0000,0.0000,0.0000,0.0000,-0.00028,0.00000,0.25071,0.25071
42.4000,STATIC_col3_p0,0.0000,0.0000,0.0000,0.0000,-0.00028,0.00000,0.25071,0.25071
42.4100,STATIC_col3_p0,0.0000,0.0000,0.0000,0.0000,-0.00029,0.00000,0.25071,0.25071
42.4200,STATIC_col3_p0,0.0000,0.0000,0.0000,0.0000,-0.00029,0.00000,0.25071,0.25071
42.4300,STATIC_col3_p0,0.0000,0.0000,0.0000,0.0000,-0.00029,0.00000,0.25071,0.25071
42.4400,STATIC_col3_p0,0.0000,0.0000,0.0000,0.0000,-0.00028,0.00000,0.25071,0.25071
42.4500,STATIC_col3_p0,0.0000,0.0000,0.0000,0.0000,-0.00028,0.00000,0.25071,0.25071
42.4600,STATIC_col3_p0,0.0000,0.0000,0.0000,0.0000,-0.00027,0.00000,0.25071,0.25071
42.4700,STATIC_col3_p0,0.0000,0.0000,0.0000,0.0000,-0.00026,0.00000,0.25071,0.25071
42.4800,STATIC_col3_p0,0.0000,0.0000,0.0000,0.0000,-0.00025,0.00000,0.25071,0.25071
42.4900,STATIC_col3_p0,0.0000,0.0000,0.0000,0.0000,-0.00024,0.00000,0.25071,0.25071
42.5000,STATIC_col3_p0,0.0000,0.0000,0.0000,0.0000,-0.00023,0.00000,0.25071,0.25071
42.5100,STATIC_col3_p0,0.0000,0.0000,0.0000,0.0000,-0.00022,0.00000,0.25071,0.25071
42.5200,STATIC_col3_p0,0.0000,0.0000,0.0000,0.0000,-0.00020,0.00000,0.25071,0.25071
42.5300,STATIC_col3_p0,0.0000,0.0000,0.0000,0.0000,-0.00019,0.00000,0.25071,0.25071
42.5400,STATIC_col3_p0,0.0000,0.0000,0.0000,0.0000,-0.00017,0.00000,0.25071,0.25071
42.5500,STATIC_col3_p0,0.0000,0.0000,0.0000,0.0000,-0.00015,0.00000,0.25071,0.25071
42.5600,STATIC_col3_p0,0.0000,0.0000,0.0000,0.0000,-0.00014,0.00000,0.25071,0.25071
42.5700,STATIC_col3_p0,0.0000,0.0000,0.0000,0.0000,-0.00012,0.00000,0.25071,0.25071
42.5800,STATIC_col3_p0,0.0000,0.0000,0.0000,0.0000,-0.00010,0.00000,0.25071,0.25071
42.5900,STATIC_col3_p0,0.0000,0.0000,0.0000,0.0000,-0.00009,0.00000,0.25071,0.25071
42.6000,STATIC_col3_p0,0.0000,0.0000,0.0000,0.0000,-0.00007,0.00000,0.25071,0.25071
42.6100,STATIC_col3_p0,0.0000,0.0000,0.0000,0.0000,-0.00005,0.00000,0.25071,0.25071
42.6200,STATIC_col3_p0,0.0000,0.0000,0.0000,0.0000,-0.00004,0.00000,0.25071,0.25071
42.6300,STATIC_col3_p0,0.0000,0.0000,0.0000,0.0000,-0.00002,0.00000,0.25071,0.25071
42.6400,STATIC_col3_p0,0.0000,0.0000,0.0000,0.0000,-0.00000,0.00000,0.25071,0.25071
42.6500,STATIC_col3_p0,0.0000,0.0000,0.0000,0.0000,0.00001,0.00000,0.25071,0.25071
42.6600,STATIC_col3_p0,0.0000,0.0000,0.0000,0.0000,0.00003,0.00000,0.25071,0.25071
42.6700,STATIC_col3_p0,0.0000,0.0000,0.0000,0.0000,0.00004,0.00000,0.25071,0.25071
42.6800,STATIC_col3_p0,0.0000,0.0000,0.0000,0.0000,0.00005,0.00000,0.25071,0.25071
42.6900,STATIC_col3_p0,0.0000,0.0000,0.0000,0.0000,0.00006,0.00000,0.25071,0.25071
42.7000,STATIC_col3_p0,0.0000,0.0000,0.0000,0.0000,0.00007,0.00000,0.25071,0.25071
42.7100,STATIC_col3_p0,0.0000,0.0000,0.0000,0.0000,0.00008,0.00000,0.25071,0.25071
42.7200,STATIC_col3_p0,0.0000,0.0000,0.0000,0.0000,0.00009,0.00000,0.25071,0.25071
42.7300,STATIC_col3_p0,0.0000,0.0000,0.0000,0.0000,0.00010,0.00000,0.25071,0.25071
42.7400,STATIC_col3_p0,0.0000,0.0000,0.0000,0.0000,0.00011,0.00000,0.25071,0.25071
42.7500,STATIC_col3_p0,0.0000,0.0000,0.0000,0.0000,0.00011,0.00000,0.25071,0.25071
42.7600,STATIC_col3_p0,0.0000,0.0000,0.0000,0.0000,0.00012,0.00000,0.25071,0.25071
42.7700,STATIC_col3_p0,0.0000,0.0000,0.0000,0.0000,0.00012,0.00000,0.25071,0.25071
42.7800,STATIC_col3_p0,0.0000,0.0000,0.0000,0.0000,0.00013,0.00000,0.25071,0.25071
42.7900,STATIC_col3_p0,0.0000,0.0000,0.0000,0.0000,0.00013,0.00000,0.25071,0.25071
42.8000,STATIC_col3_p0,0.0000,0.0000,0.0000,0.0000,0.00013,0.00000,0.25071,0.25071
42.8100,STATIC_col3_p0,0.0000,0.0000,0.0000,0.0000,0.00013,0.00000,0.25071,0.25071
42.8200,STATIC_col3_p0,0.0000,0.0000,0.0000,0.0000,0.00013,0.00000,0.25071,0.25071
42.8300,STATIC_col3_p0,0.0000,0.0000,0.0000,0.0000,0.00013,0.00000,0.25071,0.25071
42.8400,STATIC_col3_p0,0.0000,0.0000,0.0000,0.0000,0.00012,0.00000,0.25071,0.25071
42.8500,STATIC_col3_p0,0.0000,0.0000,0.0000,0.0000,0.00012,0.00000,0.25071,0.25071
42.8600,STATIC_col3_p0,0.0000,0.0000,0.0000,0.0000,0.00012,0.00000,0.25071,0.25071
42.8700,STATIC_col3_p0,0.0000,0.0000,0.0000,0.0000,0.00011,0.00000,0.25071,0.25071
42.8800,STATIC_col3_p0,0.0000,0.0000,0.0000,0.0000,0.00011,0.00000,0.25071,0.25071
42.8900,STATIC_col3_p0,0.0000,0.0000,0.0000,0.0000,0.00010,0.00000,0.25071,0.25071
42.9000,STATIC_col3_p0,0.0000,0.0000,0.0000,0.0000,0.00009,0.00000,0.25071,0.25071
42.9100,STATIC_col3_p0,0.0000,0.0000,0.0000,0.0000,0.00009,0.00000,0.25071,0.25071
42.9200,STATIC_col3_p0,0.0000,0.0000,0.0000,0.0000,0.00008,0.00000,0.25071,0.25071
42.9300,STATIC_col3_p0,0.0000,0.0000,0.0000,0.0000,0.00007,0.00000,0.25071,0.25071
42.9400,STATIC_col3_p0,0.0000,0.0000,0.0000,0.0000,0.00007,0.00000,0.25071,0.25071
42.9500,STATIC_col3_p0,0.0000,0.0000,0.0000,0.0000,0.00006,0.00000,0.25071,0.25071
42.9600,STATIC_col3_p0,0.0000,0.0000,0.0000,0.0000,0.00005,0.00000,0.25071,0.25071
42.9700,STATIC_col3_p0,0.0000,0.0000,0.0000,0.0000,0.00004,0.00000,0.25071,0.25071
42.9800,STATIC_col3_p0,0.0000,0.0000,0.0000,0.0000,0.00003,0.00000,0.25071,0.25071
42.9900,STATIC_col3_p0,0.0000,0.0000,0.0000,0.0000,0.00003,0.00000,0.25071,0.25071
43.0000,STATIC_col3_p0,0.0000,0.0000,0.0000,0.0000,0.00002,0.00000,0.25071,0.25071
43.0100,STATIC_col3_p0,0.0000,0.0000,0.0000,0.0000,0.00001,0.00000,0.25071,0.25071
43.0200,STATIC_col3_p0,0.0000,0.0000,0.0000,0.0000,0.00000,0.00000,0.25071,0.25071
43.0300,STATIC_col3_p0,0.0000,0.0000,0.0000,0.0000,-0.00000,0.00000,0.25071,0.25071
43.0400,STATIC_col3_p0,0.0000,0.0000,0.0000,0.0000,-0.00001,0.00000,0.25071,0.25071
43.0500,STATIC_col3_p0,0.0000,0.0000,0.0000,0.0000,-0.00001,0.00000,0.25071,0.25071
43.0600,STATIC_col3_p0,0.0000,0.0000,0.0000,0.0000,-0.00002,0.00000,0.25071,0.25071
43.0700,STATIC_col3_p0,0.0000,0.0000,0.0000,0.0000,-0.00003,0.00000,0.25071,0.25071
43.0800,STATIC_col3_p0,0.0000,0.0000,0.0000,0.0000,-0.00003,0.00000,0.25071,0.25071
43.0900,STATIC_col3_p0,0.0000,0.0000,0.0000,0.0000,-0.00004,0.00000,0.25071,0.25071
43.1000,STATIC_col3_p0,0.0000,0.0000,0.0000,0.0000,-0.00004,0.00000,0.25071,0.25071
43.1100,STATIC_col3_p0,0.0000,0.0000,0.0000,0.0000,-0.00004,0.00000,0.25071,0.25071
43.1200,STATIC_col3_p0,0.0000,0.0000,0.0000,0.0000,-0.00005,0.00000,0.25071,0.25071
43.1300,STATIC_col3_p0,0.0000,0.0000,0.0000,0.0000,-0.00005,0.00000,0.25071,0.25071
43.1400,STATIC_col3_p0,0.0000,0.0000,0.0000,0.0000,-0.00005,0.00000,0.25071,0.25071
43.1500,STATIC_col3_p0,0.0000,0.0000,0.0000,0.0000,-0.00005,0.00000,0.25071,0.25071
43.1600,STATIC_col3_p0,0.0000,0.0000,0.0000,0.0000,-0.00006,0.00000,0.25071,0.25071
43.1700,STATIC_col3_p0,0.0000,0.0000,0.0000,0.0000,-0.00006,0.00000,0.25071,0.25071
43.1800,STATIC_col3_p0,0.0000,0.0000,0.0000,0.0000,-0.00006,0.00000,0.25071,0.25071
43.1900,STATIC_col3_p0,0.0000,0.0000,0.0000,0.0000,-0.00006,0.00000,0.25071,0.25071
43.2000,STATIC_col3_p0,0.0000,0.0000,0.0000,0.0000,-0.00006,0.00000,0.25071,0.25071
43.2100,STATIC_col3_p0,0.0000,0.0000,0.0000,0.0000,-0.00006,0.00000,0.25071,0.25071
43.2200,STATIC_col3_p0,0.0000,0.0000,0.0000,0.0000,-0.00006,0.00000,0.25071,0.25071
43.2300,STATIC_col3_p0,0.0000,0.0000,0.0000,0.0000,-0.00005,0.00000,0.25071,0.25071
43.2400,STATIC_col3_p0,0.0000,0.0000,0.0000,0.0000,-0.00005,0.00000,0.25071,0.25071
43.2500,STATIC_col3_p0,0.0000,0.0000,0.0000,0.0000,-0.00005,0.00000,0.25071,0.25071
43.2600,STATIC_col3_p0,0.0000,0.0000,0.0000,0.0000,-0.00005,0.00000,0.25071,0.25071
43.2700,STATIC_col3_p0,0.0000,0.0000,0.0000,0.0000,-0.00005,0.00000,0.25071,0.25071
43.2800,STATIC_col3_p0,0.0000,0.0000,0.0000,0.0000,-0.00004,0.00000,0.25071,0.25071
43.2900,STATIC_col3_p0,0.0000,0.0000,0.0000,0.0000,-0.00004,0.00000,0.25071,0.25071
43.3000,STATIC_col3_p0,0.0000,0.0000,0.0000,0.0000,-0.00004,0.00000,0.25071,0.25071
43.3100,STATIC_col3_p0,0.0000,0.0000,0.0000,0.0000,-0.00003,0.00000,0.25071,0.25071
43.3200,STATIC_col3_p0,0.0000,0.0000,0.0000,0.0000,-0.00003,0.00000,0.25071,0.25071
43.3300,STATIC_col3_p0,0.0000,0.0000,0.0000,0.0000,-0.00003,0.00000,0.25071,0.25071
43.3400,STATIC_col3_p0,0.0000,0.0000,0.0000,0.0000,-0.00002,0.00000,0.25071,0.25071
43.3500,STATIC_col3_p0,0.0000,0.0000,0.0000,0.0000,-0.00002,0.00000,0.25071,0.25071
43.3600,STATIC_col3_p0,0.0000,0.0000,0.0000,0.0000,-0.00002,0.00000,0.25071,0.25071
43.3700,STATIC_col3_p0,0.0000,0.0000,0.0000,0.0000,-0.00001,0.00000,0.25071,0.25071
43.3800,STATIC_col3_p0,0.0000,0.0000,0.0000,0.0000,-0.00001,0.00000,0.25071,0.25071
43.3900,STATIC_col3_p0,0.0000,0.0000,0.0000,0.0000,-0.00001,0.00000,0.25071,0.25071
43.4000,STATIC_col3_p0,0.0000,0.0000,0.0000,0.0000,-0.00000,0.00000,0.25071,0.25071
43.4100,STATIC_col3_p0,0.0000,0.0000,0.0000,0.0000,-0.00000,0.00000,0.25071,0.25071
43.4200,STATIC_col3_p0,0.0000,0.0000,0.0000,0.0000,0.00000,0.00000,0.25071,0.25071
43.4300,STATIC_col3_p0,0.0000,0.0000,0.0000,0.0000,0.00001,0.00000,0.25071,0.25071
43.4400,STATIC_col3_p0,0.0000,0.0000,0.0000,0.0000,0.00001,0.00000,0.25071,0.25071
43.4500,STATIC_col3_p0,0.0000,0.0000,0.0000,0.0000,0.00001,0.00000,0.25071,0.25071
43.4600,STATIC_col3_p0,0.0000,0.0000,0.0000,0.0000,0.00001,0.00000,0.25071,0.25071
43.4700,STATIC_col3_p0,0.0000,0.0000,0.0000,0.0000,0.00002,0.00000,0.25071,0.25071
43.4800,STATIC_col3_p0,0.0000,0.0000,0.0000,0.0000,0.00002,0.00000,0.25071,0.25071
43.4900,STATIC_col3_p0,0.0000,0.0000,0.0000,0.0000,0.00002,0.00000,0.25071,0.25071
43.5000,STATIC_col3_p0,0.0000,0.0000,0.0000,0.0000,0.00002,0.00000,0.25071,0.25071
43.5100,STATIC_col3_p0,0.0000,0.0000,0.0000,0.0000,0.00002,0.00000,0.25071,0.25071
43.5200,STATIC_col3_p0,0.0000,0.0000,0.0000,0.0000,0.00002,0.00000,0.25071,0.25071
43.5300,STATIC_col3_p0,0.0000,0.0000,0.0000,0.0000,0.00002,0.00000,0.25071,0.25071
43.5400,STATIC_col3_p0,0.0000,0.0000,0.0000,0.0000,0.00002,0.00000,0.25071,0.25071
43.5500,STATIC_col3_p0,0.0000,0.0000,0.0000,0.0000,0.00003,0.00000,0.25071,0.25071
43.5600,STATIC_col3_p0,0.0000,0.0000,0.0000,0.0000,0.00003,0.00000,0.25071,0.25071
43.5700,STATIC_col3_p0,0.0000,0.0000,0.0000,0.0000,0.00003,0.00000,0.25071,0.25071
43.5800,STATIC_col3_p0,0.0000,0.0000,0.0000,0.0000,0.00003,0.00000,0.25071,0.25071
43.5900,STATIC_col3_p0,0.0000,0.0000,0.0000,0.0000,0.00003,0.00000,0.25071,0.25071
43.6000,STATIC_col3_p0,0.0000,0.0000,0.0000,0.0000,0.00003,0.00000,0.25071,0.25071
43.6100,STATIC_col3_p0,0.0000,0.0000,0.0000,0.0000,0.00002,0.00000,0.25071,0.25071
43.6200,STATIC_col3_p0,0.0000,0.0000,0.0000,0.0000,0.00002,0.00000,0.25071,0.25071
43.6300,STATIC_col3_p0,0.0000,0.0000,0.0000,0.0000,0.00002,0.00000,0.25071,0.25071
43.6400,STATIC_col3_p0,0.0000,0.0000,0.0000,0.0000,0.00002,0.00000,0.25071,0.25071
43.6500,STATIC_col3_p0,0.0000,0.0000,0.0000,0.0000,0.00002,0.00000,0.25071,0.25071
43.6600,STATIC_col3_p0,0.0000,0.0000,0.0000,0.0000,0.00002,0.00000,0.25071,0.25071
43.6700,STATIC_col3_p0,0.0000,0.0000,0.0000,0.0000,0.00002,0.00000,0.25071,0.25071
43.6800,STATIC_col3_p0,0.0000,0.0000,0.0000,0.0000,0.00002,0.00000,0.25071,0.25071
43.6900,STATIC_col3_p0,0.0000,0.0000,0.0000,0.0000,0.00002,0.00000,0.25071,0.25071
43.7000,STATIC_col3_p0,0.0000,0.0000,0.0000,0.0000,0.00001,0.00000,0.25071,0.25071
43.7100,STATIC_col3_p0,0.0000,0.0000,0.0000,0.0000,0.00001,0.00000,0.25071,0.25071
43.7200,STATIC_col3_p0,0.0000,0.0000,0.0000,0.0000,0.00001,0.00000,0.25071,0.25071
43.7300,STATIC_col3_p0,0.0000,0.0000,0.0000,0.0000,0.00001,0.00000,0.25071,0.25071
43.7400,STATIC_col3_p0,0.0000,0.0000,0.0000,0.0000,0.00001,0.00000,0.25071,0.25071
43.7500,STATIC_col3_p0,0.0000,0.0000,0.0000,0.0000,0.00001,0.00000,0.25071,0.25071
43.7600,STATIC_col3_p0,0.0000,0.0000,0.0000,0.0000,0.00001,0.00000,0.25071,0.25071
43.7700,STATIC_col3_p0,0.0000,0.0000,0.0000,0.0000,0.00000,0.00000,0.25071,0.25071
43.7800,STATIC_col3_p0,0.0000,0.0000,0.0000,0.0000,0.00000,0.00000,0.25071,0.25071
43.7900,STATIC_col3_p0,0.0000,0.0000,0.0000,0.0000,0.00000,0.00000,0.25071,0.25071
43.8000,STATIC_col3_p0,0.0000,0.0000,0.0000,0.0000,-0.00000,0.00000,0.25071,0.25071
43.8100,STATIC_col3_p0,0.0000,0.0000,0.0000,0.0000,-0.00000,0.00000,0.25071,0.25071
43.8200,STATIC_col3_p0,0.0000,0.0000,0.0000,0.0000,-0.00000,0.00000,0.25071,0.25071
43.8300,STATIC_col3_p0,0.0000,0.0000,0.0000,0.0000,-0.00000,0.00000,0.25071,0.25071
43.8400,STATIC_col3_p0,0.0000,0.0000,0.0000,0.0000,-0.00001,0.00000,0.25071,0.25071
43.8500,STATIC_col3_p0,0.0000,0.0000,0.0000,0.0000,-0.00001,0.00000,0.25071,0.25071
43.8600,STATIC_col3_p0,0.0000,0.0000,0.0000,0.0000,-0.00001,0.00000,0.25071,0.25071
43.8700,STATIC_col3_p0,0.0000,0.0000,0.0000,0.0000,-0.00001,0.00000,0.25071,0.25071
43.8800,STATIC_col3_p0,0.0000,0.0000,0.0000,0.0000,-0.00001,0.00000,0.25071,0.25071
43.8900,STATIC_col3_p0,0.0000,0.0000,0.0000,0.0000,-0.00001,0.00000,0.25071,0.25071
43.9000,STATIC_col3_p0,0.0000,0.0000,0.0000,0.0000,-0.00001,0.00000,0.25071,0.25071
43.9100,STATIC_col3_p0,0.0000,0.0000,0.0000,0.0000,-0.00001,0.00000,0.25071,0.25071
43.9200,STATIC_col3_p0,0.0000,0.0000,0.0000,0.0000,-0.00001,0.00000,0.25071,0.25071
43.9300,STATIC_col3_p0,0.0000,0.0000,0.0000,0.0000,-0.00001,0.00000,0.25071,0.25071
43.9400,STATIC_col3_p0,0.0000,0.0000,0.0000,0.0000,-0.00001,0.00000,0.25071,0.25071
43.9500,STATIC_col3_p0,0.0000,0.0000,0.0000,0.0000,-0.00001,0.00000,0.25071,0.25071
43.9600,STATIC_col3_p0,0.0000,0.0000,0.0000,0.0000,-0.00001,0.00000,0.25071,0.25071
43.9700,STATIC_col3_p0,0.0000,0.0000,0.0000,0.0000,-0.00001,0.00000,0.25071,0.25071
43.9800,STATIC_col3_p0,0.0000,0.0000,0.0000,0.0000,-0.00001,0.00000,0.25071,0.25071
43.9900,STATIC_col3_p0,0.0000,0.0000,0.0000,0.0000,-0.00001,0.00000,0.25071,0.25071
44.0000,STATIC_col3_p0,0.0000,0.0000,0.0000,0.0000,-0.00001,0.00000,0.25071,0.25071
44.0100,STATIC_col3_p0,0.0000,0.0000,0.0000,0.0000,-0.00001,0.00000,0.25071,0.25071
44.0200,STATIC_col3_p0,0.0000,0.0000,0.0000,0.0000,-0.00001,0.00000,0.25071,0.25071
44.0300,STATIC_col3_p0,0.0000,0.0000,0.0000,0.0000,-0.00001,0.00000,0.25071,0.25071
44.0400,STATIC_col3_p0,0.0000,0.0000,0.0000,0.0000,-0.00001,0.00000,0.25071,0.25071
44.0500,STATIC_col3_p0,0.0000,0.0000,0.0000,0.0000,-0.00001,0.00000,0.25071,0.25071
44.0600,STATIC_col3_p0,0.0000,0.0000,0.0000,0.0000,-0.00001,0.00000,0.25071,0.25071
44.0700,STATIC_col3_p0,0.0000,0.0000,0.0000,0.0000,-0.00001,0.00000,0.25071,0.25071
44.0800,STATIC_col3_p0,0.0000,0.0000,0.0000,0.0000,-0.00001,0.00000,0.25071,0.25071
44.0900,STATIC_col3_p0,0.0000,0.0000,0.0000,0.0000,-0.00001,0.00000,0.25071,0.25071
44.1000,STATIC_col3_p0,0.0000,0.0000,0.0000,0.0000,-0.00001,0.00000,0.25071,0.25071
44.1100,STATIC_col3_p0,0.0000,0.0000,0.0000,0.0000,-0.00000,0.00000,0.25071,0.25071
44.1200,STATIC_col3_p0,0.0000,0.0000,0.0000,0.0000,-0.00000,0.00000,0.25071,0.25071
44.1300,STATIC_col3_p0,0.0000,0.0000,0.0000,0.0000,-0.00000,0.00000,0.25071,0.25071
44.1400,STATIC_col3_p0,0.0000,0.0000,0.0000,0.0000,-0.00000,0.00000,0.25071,0.25071
44.1500,STATIC_col3_p0,0.0000,0.0000,0.0000,0.0000,-0.00000,0.00000,0.25071,0.25071
44.1600,STATIC_col3_p0,0.0000,0.0000,0.0000,0.0000,-0.00000,0.00000,0.25071,0.25071
44.1700,STATIC_col3_p0,0.0000,0.0000,0.0000,0.0000,-0.00000,0.00000,0.25071,0.25071
44.1800,STATIC_col3_p0,0.0000,0.0000,0.0000,0.0000,-0.00000,0.00000,0.25071,0.25071
44.1900,STATIC_col3_p0,0.0000,0.0000,0.0000,0.0000,0.00000,0.00000,0.25071,0.25071
44.2000,STATIC_col3_p0,0.0000,0.0000,0.0000,0.0000,0.00000,0.00000,0.25071,0.25071
44.2100,STATIC_col3_p0,0.0000,0.0000,0.0000,0.0000,0.00000,0.00000,0.25071,0.25071
44.2200,STATIC_col3_p0,0.0000,0.0000,0.0000,0.0000,0.00000,0.00000,0.25071,0.25071
44.2300,STATIC_col3_p0,0.0000,0.0000,0.0000,0.0000,0.00000,0.00000,0.25071,0.25071
44.2400,STATIC_col3_p0,0.0000,0.0000,0.0000,0.0000,0.00000,0.00000,0.25071,0.25071
44.2500,STATIC_col3_p0,0.0000,0.0000,0.0000,0.0000,0.00000,0.00000,0.25071,0.25071
44.2600,STATIC_col3_p0,0.0000,0.0000,0.0000,0.0000,0.00000,0.00000,0.25071,0.25071
44.2700,STATIC_col3_p0,0.0000,0.0000,0.0000,0.0000,0.00000,0.00000,0.25071,0.25071
44.2800,STATIC_col3_p0,0.0000,0.0000,0.0000,0.0000,0.00000,0.00000,0.25071,0.25071
44.2900,STATIC_col3_p0,0.0000,0.0000,0.0000,0.0000,0.00000,0.00000,0.25071,0.25071
44.3000,STATIC_col3_p0,0.0000,0.0000,0.0000,0.0000,0.00000,0.00000,0.25071,0.25071
44.3100,STATIC_col3_p0,0.0000,0.0000,0.0000,0.0000,0.00001,0.00000,0.25071,0.25071
44.3200,STATIC_col3_p0,0.0000,0.0000,0.0000,0.0000,0.00001,0.00000,0.25071,0.25071
44.3300,STATIC_col3_p0,0.0000,0.0000,0.0000,0.0000,0.00001,0.00000,0.25071,0.25071
44.3400,STATIC_col3_p0,0.0000,0.0000,0.0000,0.0000,0.00001,0.00000,0.25071,0.25071
44.3500,STATIC_col3_p0,0.0000,0.0000,0.0000,0.0000,0.00001,0.00000,0.25071,0.25071
44.3600,STATIC_col3_p0,0.0000,0.0000,0.0000,0.0000,0.00001,0.00000,0.25071,0.25071
44.3700,STATIC_col3_p0,0.0000,0.0000,0.0000,0.0000,0.00001,0.00000,0.25071,0.25071
44.3800,STATIC_col3_p0,0.0000,0.0000,0.0000,0.0000,0.00001,0.00000,0.25071,0.25071
44.3900,STATIC_col3_p0,0.0000,0.0000,0.0000,0.0000,0.00000,0.00000,0.25071,0.25071
44.4000,STATIC_col3_p0,0.0000,0.0000,0.0000,0.0000,0.00000,0.00000,0.25071,0.25071
44.4100,STATIC_col3_p0,0.0000,0.0000,0.0000,0.0000,0.00000,0.00000,0.25071,0.25071
44.4200,STATIC_col3_p0,0.0000,0.0000,0.0000,0.0000,0.00000,0.00000,0.25071,0.25071
44.4300,STATIC_col3_p0,0.0000,0.0000,0.0000,0.0000,0.00000,0.00000,0.25071,0.25071
44.4400,STATIC_col3_p0,0.0000,0.0000,0.0000,0.0000,0.00000,0.00000,0.25071,0.25071
44.4500,STATIC_col3_p0,0.0000,0.0000,0.0000,0.0000,0.00000,0.00000,0.25071,0.25071
44.4600,STATIC_col3_p0,0.0000,0.0000,0.0000,0.0000,0.00000,0.00000,0.25071,0.25071
44.4700,STATIC_col3_p0,0.0000,0.0000,0.0000,0.0000,0.00000,0.00000,0.25071,0.25071
44.4800,STATIC_col3_p0,0.0000,0.0000,0.0000,0.0000,0.00000,0.00000,0.25071,0.25071
44.4900,STATIC_col3_p0,0.0000,0.0000,0.0000,0.0000,0.00000,0.00000,0.25071,0.25071
44.5000,STATIC_col3_p0,0.0000,0.0000,0.0000,0.0000,0.00000,0.00000,0.25071,0.25071
44.5100,STATIC_col3_p0,0.0000,0.0000,0.0000,0.0000,0.00000,0.00000,0.25071,0.25071
44.5200,STATIC_col3_p0,0.0000,0.0000,0.0000,0.0000,0.00000,0.00000,0.25071,0.25071
44.5300,STATIC_col3_p0,0.0000,0.0000,0.0000,0.0000,0.00000,0.00000,0.25071,0.25071
44.5400,STATIC_col3_p0,0.0000,0.0000,0.0000,0.0000,0.00000,0.00000,0.25071,0.25071
44.5500,STATIC_col3_p0,0.0000,0.0000,0.0000,0.0000,0.00000,0.00000,0.25071,0.25071
44.5600,STATIC_col3_p0,0.0000,0.0000,0.0000,0.0000,0.00000,0.00000,0.25071,0.25071
44.5700,STATIC_col3_p0,0.0000,0.0000,0.0000,0.0000,-0.00000,0.00000,0.25071,0.25071
44.5800,STATIC_col3_p0,0.0000,0.0000,0.0000,0.0000,-0.00000,0.00000,0.25071,0.25071
44.5900,STATIC_col3_p0,0.0000,0.0000,0.0000,0.0000,-0.00000,0.00000,0.25071,0.25071
44.6000,STATIC_col3_p0,0.0000,0.0000,0.0000,0.0000,-0.00000,0.00000,0.25071,0.25071
44.6100,STATIC_col3_p0,0.0000,0.0000,0.0000,0.0000,-0.00000,0.00000,0.25071,0.25071
44.6200,STATIC_col3_p0,0.0000,0.0000,0.0000,0.0000,-0.00000,0.00000,0.25071,0.25071
44.6300,STATIC_col3_p0,0.0000,0.0000,0.0000,0.0000,-0.00000,0.00000,0.25071,0.25071
44.6400,STATIC_col3_p0,0.0000,0.0000,0.0000,0.0000,-0.00000,0.00000,0.25071,0.25071
44.6500,STATIC_col3_p0,0.0000,0.0000,0.0000,0.0000,-0.00000,0.00000,0.25071,0.25071
44.6600,STATIC_col3_p0,0.0000,0.0000,0.0000,0.0000,-0.00000,0.00000,0.25071,0.25071
44.6700,STATIC_col3_p0,0.0000,0.0000,0.0000,0.0000,-0.00000,0.00000,0.25071,0.25071
44.6800,STATIC_col3_p0,0.0000,0.0000,0.0000,0.0000,-0.00000,0.00000,0.25071,0.25071
44.6900,STATIC_col3_p0,0.0000,0.0000,0.0000,0.0000,-0.00000,0.00000,0.25071,0.25071
44.7000,STATIC_col3_p0,0.0000,0.0000,0.0000,0.0000,-0.00000,0.00000,0.25071,0.25071
44.7100,STATIC_col3_p0,0.0000,0.0000,0.0000,0.0000,-0.00000,0.00000,0.25071,0.25071
44.7200,STATIC_col3_p0,0.0000,0.0000,0.0000,0.0000,-0.00000,0.00000,0.25071,0.25071
44.7300,STATIC_col3_p0,0.0000,0.0000,0.0000,0.0000,-0.00000,0.00000,0.25071,0.25071
44.7400,STATIC_col3_p0,0.0000,0.0000,0.0000,0.0000,-0.00000,0.00000,0.25071,0.25071
44.7500,STATIC_col3_p0,0.0000,0.0000,0.0000,0.0000,-0.00000,0.00000,0.25071,0.25071
44.7600,STATIC_col3_p0,0.0000,0.0000,0.0000,0.0000,-0.00000,0.00000,0.25071,0.25071
44.7700,STATIC_col3_p0,0.0000,0.0000,0.0000,0.0000,-0.00000,0.00000,0.25071,0.25071
44.7800,STATIC_col3_p0,0.0000,0.0000,0.0000,0.0000,-0.00000,0.00000,0.25071,0.25071
44.7900,STATIC_col3_p0,0.0000,0.0000,0.0000,0.0000,-0.00000,0.00000,0.25071,0.25071
44.8000,STATIC_col3_p0,0.0000,0.0000,0.0000,0.0000,-0.00000,0.00000,0.25071,0.25071
44.8100,STATIC_col3_p0,0.0000,0.0000,0.0000,0.0000,-0.00000,0.00000,0.25071,0.25071
44.8200,STATIC_col3_p0,0.0000,0.0000,0.0000,0.0000,-0.00000,0.00000,0.25071,0.25071
44.8300,STATIC_col3_p0,0.0000,0.0000,0.0000,0.0000,-0.00000,0.00000,0.25071,0.25071
44.8400,STATIC_col3_p0,0.0000,0.0000,0.0000,0.0000,-0.00000,0.00000,0.25071,0.25071
44.8500,STATIC_col3_p0,0.0000,0.0000,0.0000,0.0000,-0.00000,0.00000,0.25071,0.25071
44.8600,STATIC_col3_p0,0.0000,0.0000,0.0000,0.0000,-0.00000,0.00000,0.25071,0.25071
44.8700,STATIC_col3_p0,0.0000,0.0000,0.0000,0.0000,-0.00000,0.00000,0.25071,0.25071
44.8800,STATIC_col3_p0,0.0000,0.0000,0.0000,0.0000,-0.00000,0.00000,0.25071,0.25071
44.8900,STATIC_col3_p0,0.0000,0.0000,0.0000,0.0000,-0.00000,0.00000,0.25071,0.25071
44.9000,STATIC_col3_p0,0.0000,0.0000,0.0000,0.0000,-0.00000,0.00000,0.25071,0.25071
44.9100,STATIC_col3_p0,0.0000,0.0000,0.0000,0.0000,-0.00000,0.00000,0.25071,0.25071
44.9200,STATIC_col3_p0,0.0000,0.0000,0.0000,0.0000,-0.00000,0.00000,0.25071,0.25071
44.9300,STATIC_col3_p0,0.0000,0.0000,0.0000,0.0000,-0.00000,0.00000,0.25071,0.25071
44.9400,STATIC_col3_p0,0.0000,0.0000,0.0000,0.0000,-0.00000,0.00000,0.25071,0.25071
44.9500,STATIC_col3_p0,0.0000,0.0000,0.0000,0.0000,-0.00000,0.00000,0.25071,0.25071
44.9600,STATIC_col3_p0,0.0000,0.0000,0.0000,0.0000,0.00000,0.00000,0.25071,0.25071
44.9700,STATIC_col3_p0,0.0000,0.0000,0.0000,0.0000,0.00000,0.00000,0.25071,0.25071
44.9800,STATIC_col3_p0,0.0000,0.0000,0.0000,0.0000,0.00000,0.00000,0.25071,0.25071
44.9900,STATIC_col3_p0,0.0000,0.0000,0.0000,0.0000,0.00000,0.00000,0.25071,0.25071
45.0000,STATIC_col3_p0,0.0000,0.0000,0.0000,0.0000,0.00000,0.00000,0.25071,0.25071
45.0100,STATIC_col3_p3,0.0000,0.0000,0.0000,3.0000,0.00000,-0.00000,0.25071,0.25071
45.0200,STATIC_col3_p3,0.0000,0.0000,0.0000,3.0000,0.00000,-0.00003,0.25071,0.25071
45.0300,STATIC_col3_p3,0.0000,0.0000,0.0000,3.0000,0.00000,-0.00008,0.25070,0.25070
45.0400,STATIC_col3_p3,0.0000,0.0000,0.0000,3.0000,0.00000,-0.00017,0.25069,0.25069
45.0500,STATIC_col3_p3,0.0000,0.0000,0.0000,3.0000,0.00000,-0.00030,0.25067,0.25067
45.0600,STATIC_col3_p3,0.0000,0.0000,0.0000,3.0000,0.00000,-0.00048,0.25065,0.25065
45.0700,STATIC_col3_p3,0.0000,0.0000,0.0000,3.0000,0.00000,-0.00071,0.25063,0.25063
45.0800,STATIC_col3_p3,0.0000,0.0000,0.0000,3.0000,0.00000,-0.00099,0.25060,0.25060
45.0900,STATIC_col3_p3,0.0000,0.0000,0.0000,3.0000,0.00000,-0.00132,0.25057,0.25058
45.1000,STATIC_col3_p3,0.0000,0.0000,0.0000,3.0000,0.00000,-0.00171,0.25055,0.25055
45.1100,STATIC_col3_p3,0.0000,0.0000,0.0000,3.0000,0.00000,-0.00215,0.25052,0.25053
45.1200,STATIC_col3_p3,0.0000,0.0000,0.0000,3.0000,0.00000,-0.00264,0.25050,0.25051
45.1300,STATIC_col3_p3,0.0000,0.0000,0.0000,3.0000,0.00000,-0.00319,0.25048,0.25050
45.1400,STATIC_col3_p3,0.0000,0.0000,0.0000,3.0000,0.00000,-0.00378,0.25047,0.25050
45.1500,STATIC_col3_p3,0.0000,0.0000,0.0000,3.0000,0.00000,-0.00442,0.25046,0.25050
45.1600,STATIC_col3_p3,0.0000,0.0000,0.0000,3.0000,0.00000,-0.00510,0.25045,0.25051
45.1700,STATIC_col3_p3,0.0000,0.0000,0.0000,3.0000,0.00000,-0.00583,0.25046,0.25053
45.1800,STATIC_col3_p3,0.0000,0.0000,0.0000,3.0000,0.00000,-0.00659,0.25047,0.25055
45.1900,STATIC_col3_p3,0.0000,0.0000,0.0000,3.0000,0.00000,-0.00738,0.25048,0.25059
45.2000,STATIC_col3_p3,0.0000,0.0000,0.0000,3.0000,0.00000,-0.00820,0.25051,0.25064
45.2100,STATIC_col3_p3,0.0000,0.0000,0.0000,3.0000,0.00000,-0.00904,0.25054,0.25070
45.2200,STATIC_col3_p3,0.0000,0.0000,0.0000,3.0000,0.00000,-0.00990,0.25057,0.25077
45.2300,STATIC_col3_p3,0.0000,0.0000,0.0000,3.0000,0.00000,-0.01077,0.25061,0.25084
45.2400,STATIC_col3_p3,0.0000,0.0000,0.0000,3.0000,0.00000,-0.01166,0.25066,0.25093
45.2500,STATIC_col3_p3,0.0000,0.0000,0.0000,3.0000,0.00000,-0.01254,0.25071,0.25103
45.2600,STATIC_col3_p3,0.0000,0.0000,0.0000,3.0000,0.00000,-0.01343,0.25077,0.25113
45.2700,STATIC_col3_p3,0.0000,0.0000,0.0000,3.0000,0.00000,-0.01431,0.25083,0.25124
45.2800,STATIC_col3_p3,0.0000,0.0000,0.0000,3.0000,0.00000,-0.01518,0.25090,0.25136
45.2900,STATIC_col3_p3,0.0000,0.0000,0.0000,3.0000,0.00000,-0.01604,0.25097,0.25148
45.3000,STATIC_col3_p3,0.0000,0.0000,0.0000,3.0000,0.00000,-0.01688,0.25105,0.25161
45.3100,STATIC_col3_p3,0.0000,0.0000,0.0000,3.0000,0.00000,-0.01770,0.25112,0.25174
45.3200,STATIC_col3_p3,0.0000,0.0000,0.0000,3.0000,0.00000,-0.01849,0.25120,0.25188
45.3300,STATIC_col3_p3,0.0000,0.0000,0.0000,3.0000,0.00000,-0.01925,0.25128,0.25201
45.3400,STATIC_col3_p3,0.0000,0.0000,0.0000,3.0000,-0.00000,-0.01998,0.25135,0.25215
45.3500,STATIC_col3_p3,0.0000,0.0000,0.0000,3.0000,-0.00000,-0.02068,0.25143,0.25228
45.3600,STATIC_col3_p3,0.0000,0.0000,0.0000,3.0000,-0.00000,-0.02133,0.25151,0.25241
45.3700,STATIC_col3_p3,0.0000,0.0000,0.0000,3.0000,-0.00000,-0.02195,0.25158,0.25254
45.3800,STATIC_col3_p3,0.0000,0.0000,0.0000,3.0000,-0.00000,-0.02253,0.25165,0.25266
45.3900,STATIC_col3_p3,0.0000,0.0000,0.0000,3.0000,-0.00000,-0.02306,0.25172,0.25277
45.4000,STATIC_col3_p3,0.0000,0.0000,0.0000,3.0000,-0.00000,-0.02354,0.25178,0.25288
45.4100,STATIC_col3_p3,0.0000,0.0000,0.0000,3.0000,-0.00000,-0.02398,0.25184,0.25298
45.4200,STATIC_col3_p3,0.0000,0.0000,0.0000,3.0000,-0.00000,-0.02438,0.25190,0.25307
45.4300,STATIC_col3_p3,0.0000,0.0000,0.0000,3.0000,-0.00000,-0.02472,0.25195,0.25316
45.4400,STATIC_col3_p3,0.0000,0.0000,0.0000,3.0000,-0.00000,-0.02502,0.25199,0.25323
45.4500,STATIC_col3_p3,0.0000,0.0000,0.0000,3.0000,-0.00000,-0.02528,0.25203,0.25329
45.4600,STATIC_col3_p3,0.0000,0.0000,0.0000,3.0000,-0.00000,-0.02549,0.25206,0.25335
45.4700,STATIC_col3_p3,0.0000,0.0000,0.0000,3.0000,-0.00000,-0.02565,0.25209,0.25339
45.4800,STATIC_col3_p3,0.0000,0.0000,0.0000,3.0000,-0.00000,-0.02577,0.25211,0.25342
45.4900,STATIC_col3_p3,0.0000,0.0000,0.0000,3.0000,-0.00000,-0.02584,0.25212,0.25345
45.5000,STATIC_col3_p3,0.0000,0.0000,0.0000,3.0000,-0.00000,-0.02588,0.25213,0.25346
45.5100,STATIC_col3_p3,0.0000,0.0000,0.0000,3.0000,-0.00000,-0.02587,0.25214,0.25346
45.5200,STATIC_col3_p3,0.0000,0.0000,0.0000,3.0000,-0.00000,-0.02583,0.25213,0.25345
45.5300,STATIC_col3_p3,0.0000,0.0000,0.0000,3.0000,-0.00000,-0.02575,0.25213,0.25344
45.5400,STATIC_col3_p3,0.0000,0.0000,0.0000,3.0000,-0.00000,-0.02564,0.25212,0.25342
45.5500,STATIC_col3_p3,0.0000,0.0000,0.0000,3.0000,-0.00000,-0.02550,0.25210,0.25339
45.5600,STATIC_col3_p3,0.0000,0.0000,0.0000,3.0000,-0.00000,-0.02533,0.25208,0.25335
45.5700,STATIC_col3_p3,0.0000,0.0000,0.0000,3.0000,-0.00000,-0.02513,0.25206,0.25330
45.5800,STATIC_col3_p3,0.0000,0.0000,0.0000,3.0000,-0.00000,-0.02491,0.25203,0.25326
45.5900,STATIC_col3_p3,0.0000,0.0000,0.0000,3.0000,-0.00000,-0.02467,0.25200,0.25320
45.6000,STATIC_col3_p3,0.0000,0.0000,0.0000,3.0000,-0.00000,-0.02441,0.25197,0.25315
45.6100,STATIC_col3_p3,0.0000,0.0000,0.0000,3.0000,-0.00000,-0.02414,0.25193,0.25309
45.6200,STATIC_col3_p3,0.0000,0.0000,0.0000,3.0000,-0.00000,-0.02385,0.25190,0.25303
45.6300,STATIC_col3_p3,0.0000,0.0000,0.0000,3.0000,-0.00000,-0.02355,0.25186,0.25296
45.6400,STATIC_col3_p3,0.0000,0.0000,0.0000,3.0000,-0.00000,-0.02325,0.25183,0.25290
45.6500,STATIC_col3_p3,0.0000,0.0000,0.0000,3.0000,-0.00000,-0.02293,0.25179,0.25283
45.6600,STATIC_col3_p3,0.0000,0.0000,0.0000,3.0000,-0.00000,-0.02262,0.25176,0.25277
45.6700,STATIC_col3_p3,0.0000,0.0000,0.0000,3.0000,-0.00000,-0.02231,0.25172,0.25271
45.6800,STATIC_col3_p3,0.0000,0.0000,0.0000,3.0000,-0.00000,-0.02200,0.25169,0.25264
45.6900,STATIC_col3_p3,0.0000,0.0000,0.0000,3.0000,-0.00000,-0.02169,0.25165,0.25258
45.7000,STATIC_col3_p3,0.0000,0.0000,0.0000,3.0000,-0.00000,-0.02139,0.25162,0.25253
45.7100,STATIC_col3_p3,0.0000,0.0000,0.0000,3.0000,-0.00000,-0.02109,0.25159,0.25247
45.7200,STATIC_col3_p3,0.0000,0.0000,0.0000,3.0000,0.00000,-0.02081,0.25156,0.25242
45.7300,STATIC_col3_p3,0.0000,0.0000,0.0000,3.0000,0.00000,-0.02054,0.25153,0.25237
45.7400,STATIC_col3_p3,0.0000,0.0000,0.0000,3.0000,0.00000,-0.02028,0.25150,0.25232
45.7500,STATIC_col3_p3,0.0000,0.0000,0.0000,3.0000,0.00000,-0.02004,0.25148,0.25228
45.7600,STATIC_col3_p3,0.0000,0.0000,0.0000,3.0000,0.00000,-0.01981,0.25146,0.25224
45.7700,STATIC_col3_p3,0.0000,0.0000,0.0000,3.0000,0.00000,-0.01959,0.25144,0.25220
45.7800,STATIC_col3_p3,0.0000,0.0000,0.0000,3.0000,0.00000,-0.01940,0.25142,0.25216
45.7900,STATIC_col3_p3,0.0000,0.0000,0.0000,3.0000,0.00000,-0.01922,0.25140,0.25213
45.8000,STATIC_col3_p3,0.0000,0.0000,0.0000,3.0000,0.00000,-0.01906,0.25139,0.25211
45.8100,STATIC_col3_p3,0.0000,0.0000,0.0000,3.0000,0.00000,-0.01892,0.25137,0.25208
45.8200,STATIC_col3_p3,0.0000,0.0000,0.0000,3.0000,0.00000,-0.01880,0.25136,0.25207
45.8300,STATIC_col3_p3,0.0000,0.0000,0.0000,3.0000,0.00000,-0.01870,0.25135,0.25205
45.8400,STATIC_col3_p3,0.0000,0.0000,0.0000,3.0000,0.00000,-0.01862,0.25135,0.25204
45.8500,STATIC_col3_p3,0.0000,0.0000,0.0000,3.0000,0.00000,-0.01856,0.25134,0.25203
45.8600,STATIC_col3_p3,0.0000,0.0000,0.0000,3.0000,0.00000,-0.01851,0.25134,0.25202
45.8700,STATIC_col3_p3,0.0000,0.0000,0.0000,3.0000,0.00000,-0.01849,0.25134,0.25202
45.8800,STATIC_col3_p3,0.0000,0.0000,0.0000,3.0000,0.00000,-0.01848,0.25134,0.25202
45.8900,STATIC_col3_p3,0.0000,0.0000,0.0000,3.0000,0.00000,-0.01849,0.25134,0.25202
45.9000,STATIC_col3_p3,0.0000,0.0000,0.0000,3.0000,0.00000,-0.01851,0.25134,0.25202
45.9100,STATIC_col3_p3,0.0000,0.0000,0.0000,3.0000,0.00000,-0.01856,0.25135,0.25203
45.9200,STATIC_col3_p3,0.0000,0.0000,0.0000,3.0000,0.00000,-0.01861,0.25135,0.25204
45.9300,STATIC_col3_p3,0.0000,0.0000,0.0000,3.0000,0.00000,-0.01868,0.25136,0.25205
45.9400,STATIC_col3_p3,0.0000,0.0000,0.0000,3.0000,0.00000,-0.01876,0.25137,0.25207
45.9500,STATIC_col3_p3,0.0000,0.0000,0.0000,3.0000,0.00000,-0.01886,0.25138,0.25208
45.9600,STATIC_col3_p3,0.0000,0.0000,0.0000,3.0000,0.00000,-0.01896,0.25139,0.25210
45.9700,STATIC_col3_p3,0.0000,0.0000,0.0000,3.0000,0.00000,-0.01907,0.25140,0.25212
45.9800,STATIC_col3_p3,0.0000,0.0000,0.0000,3.0000,0.00000,-0.01920,0.25141,0.25214
45.9900,STATIC_col3_p3,0.0000,0.0000,0.0000,3.0000,0.00000,-0.01933,0.25143,0.25217
46.0000,STATIC_col3_p3,0.0000,0.0000,0.0000,3.0000,0.00000,-0.01946,0.25144,0.25219
46.0100,STATIC_col3_p3,0.0000,0.0000,0.0000,3.0000,0.00000,-0.01960,0.25145,0.25222
46.0200,STATIC_col3_p3,0.0000,0.0000,0.0000,3.0000,0.00000,-0.01974,0.25147,0.25224
46.0300,STATIC_col3_p3,0.0000,0.0000,0.0000,3.0000,0.00000,-0.01989,0.25148,0.25227
46.0400,STATIC_col3_p3,0.0000,0.0000,0.0000,3.0000,0.00000,-0.02003,0.25150,0.25230
46.0500,STATIC_col3_p3,0.0000,0.0000,0.0000,3.0000,0.00000,-0.02018,0.25151,0.25232
46.0600,STATIC_col3_p3,0.0000,0.0000,0.0000,3.0000,0.00000,-0.02033,0.25153,0.25235
46.0700,STATIC_col3_p3,0.0000,0.0000,0.0000,3.0000,0.00000,-0.02047,0.25155,0.25238
46.0800,STATIC_col3_p3,0.0000,0.0000,0.0000,3.0000,0.00000,-0.02061,0.25156,0.25240
46.0900,STATIC_col3_p3,0.0000,0.0000,0.0000,3.0000,0.00000,-0.02075,0.25158,0.25243
46.1000,STATIC_col3_p3,0.0000,0.0000,0.0000,3.0000,0.00000,-0.02089,0.25159,0.25246
46.1100,STATIC_col3_p3,0.0000,0.0000,0.0000,3.0000,-0.00000,-0.02102,0.25160,0.25248
46.1200,STATIC_col3_p3,0.0000,0.0000,0.0000,3.0000,-0.00000,-0.02114,0.25162,0.25250
46.1300,STATIC_col3_p3,0.0000,0.0000,0.0000,3.0000,-0.00000,-0.02126,0.25163,0.25253
46.1400,STATIC_col3_p3,0.0000,0.0000,0.0000,3.0000,-0.00000,-0.02137,0.25164,0.25255
46.1500,STATIC_col3_p3,0.0000,0.0000,0.0000,3.0000,-0.00000,-0.02147,0.25166,0.25257
46.1600,STATIC_col3_p3,0.0000,0.0000,0.0000,3.0000,-0.00000,-0.02156,0.25167,0.25259
46.1700,STATIC_col3_p3,0.0000,0.0000,0.0000,3.0000,-0.00000,-0.02165,0.25168,0.25261
46.1800,STATIC_col3_p3,0.0000,0.0000,0.0000,3.0000,-0.00000,-0.02173,0.25168,0.25262
46.1900,STATIC_col3_p3,0.0000,0.0000,0.0000,3.0000,-0.00000,-0.02180,0.25169,0.25263
46.2000,STATIC_col3_p3,0.0000,0.0000,0.0000,3.0000,-0.00000,-0.02186,0.25170,0.25265
46.2100,STATIC_col3_p3,0.0000,0.0000,0.0000,3.0000,-0.00000,-0.02191,0.25171,0.25266
46.2200,STATIC_col3_p3,0.0000,0.0000,0.0000,3.0000,-0.00000,-0.02195,0.25171,0.25267
46.2300,STATIC_col3_p3,0.0000,0.0000,0.0000,3.0000,-0.00000,-0.02199,0.25171,0.25267
46.2400,STATIC_col3_p3,0.0000,0.0000,0.0000,3.0000,-0.00000,-0.02201,0.25172,0.25268
46.2500,STATIC_col3_p3,0.0000,0.0000,0.0000,3.0000,-0.00000,-0.02203,0.25172,0.25268
46.2600,STATIC_col3_p3,0.0000,0.0000,0.0000,3.0000,-0.00000,-0.02204,0.25172,0.25268
46.2700,STATIC_col3_p3,0.0000,0.0000,0.0000,3.0000,-0.00000,-0.02204,0.25172,0.25268
46.2800,STATIC_col3_p3,0.0000,0.0000,0.0000,3.0000,-0.00000,-0.02204,0.25172,0.25268
46.2900,STATIC_col3_p3,0.0000,0.0000,0.0000,3.0000,-0.00000,-0.02202,0.25172,0.25268
46.3000,STATIC_col3_p3,0.0000,0.0000,0.0000,3.0000,-0.00000,-0.02200,0.25172,0.25268
46.3100,STATIC_col3_p3,0.0000,0.0000,0.0000,3.0000,-0.00000,-0.02198,0.25171,0.25267
46.3200,STATIC_col3_p3,0.0000,0.0000,0.0000,3.0000,-0.00000,-0.02194,0.25171,0.25266
46.3300,STATIC_col3_p3,0.0000,0.0000,0.0000,3.0000,-0.00000,-0.02190,0.25171,0.25266
46.3400,STATIC_col3_p3,0.0000,0.0000,0.0000,3.0000,-0.00000,-0.02186,0.25170,0.25265
46.3500,STATIC_col3_p3,0.0000,0.0000,0.0000,3.0000,-0.00000,-0.02181,0.25169,0.25264
46.3600,STATIC_col3_p3,0.0000,0.0000,0.0000,3.0000,-0.00000,-0.02176,0.25169,0.25263
46.3700,STATIC_col3_p3,0.0000,0.0000,0.0000,3.0000,-0.00000,-0.02171,0.25168,0.25262
46.3800,STATIC_col3_p3,0.0000,0.0000,0.0000,3.0000,-0.00000,-0.02165,0.25168,0.25261
46.3900,STATIC_col3_p3,0.0000,0.0000,0.0000,3.0000,-0.00000,-0.02159,0.25167,0.25259
46.4000,STATIC_col3_p3,0.0000,0.0000,0.0000,3.0000,-0.00000,-0.02152,0.25166,0.25258
46.4100,STATIC_col3_p3,0.0000,0.0000,0.0000,3.0000,-0.00000,-0.02146,0.25165,0.25257
46.4200,STATIC_col3_p3,0.0000,0.0000,0.0000,3.0000,-0.00000,-0.02139,0.25165,0.25256
46.4300,STATIC_col3_p3,0.0000,0.0000,0.0000,3.0000,-0.00000,-0.02133,0.25164,0.25254
46.4400,STATIC_col3_p3,0.0000,0.0000,0.0000,3.0000,-0.00000,-0.02126,0.25163,0.25253
46.4500,STATIC_col3_p3,0.0000,0.0000,0.0000,3.0000,-0.00000,-0.02120,0.25163,0.25252
46.4600,STATIC_col3_p3,0.0000,0.0000,0.0000,3.0000,-0.00000,-0.02113,0.25162,0.25250
46.4700,STATIC_col3_p3,0.0000,0.0000,0.0000,3.0000,-0.00000,-0.02107,0.25161,0.25249
46.4800,STATIC_col3_p3,0.0000,0.0000,0.0000,3.0000,-0.00000,-0.02101,0.25161,0.25248
46.4900,STATIC_col3_p3,0.0000,0.0000,0.0000,3.0000,0.00000,-0.02095,0.25160,0.25247
46.5000,STATIC_col3_p3,0.0000,0.0000,0.0000,3.0000,0.00000,-0.02090,0.25159,0.25246
46.5100,STATIC_col3_p3,0.0000,0.0000,0.0000,3.0000,0.00000,-0.02084,0.25159,0.25245
46.5200,STATIC_col3_p3,0.0000,0.0000,0.0000,3.0000,0.00000,-0.02079,0.25158,0.25244
46.5300,STATIC_col3_p3,0.0000,0.0000,0.0000,3.0000,0.00000,-0.02074,0.25158,0.25243
46.5400,STATIC_col3_p3,0.0000,0.0000,0.0000,3.0000,0.00000,-0.02070,0.25157,0.25242
46.5500,STATIC_col3_p3,0.0000,0.0000,0.0000,3.0000,0.00000,-0.02066,0.25157,0.25241
46.5600,STATIC_col3_p3,0.0000,0.0000,0.0000,3.0000,0.00000,-0.02062,0.25156,0.25241
46.5700,STATIC_col3_p3,0.0000,0.0000,0.0000,3.0000,0.00000,-0.02059,0.25156,0.25240
46.5800,STATIC_col3_p3,0.0000,0.0000,0.0000,3.0000,0.00000,-0.02056,0.25156,0.25240
46.5900,STATIC_col3_p3,0.0000,0.0000,0.0000,3.0000,0.00000,-0.02053,0.25155,0.25239
46.6000,STATIC_col3_p3,0.0000,0.0000,0.0000,3.0000,0.00000,-0.02051,0.25155,0.25239
46.6100,STATIC_col3_p3,0.0000,0.0000,0.0000,3.0000,0.00000,-0.02049,0.25155,0.25238
46.6200,STATIC_col3_p3,0.0000,0.0000,0.0000,3.0000,0.00000,-0.02048,0.25155,0.25238
46.6300,STATIC_col3_p3,0.0000,0.0000,0.0000,3.0000,0.00000,-0.02047,0.25155,0.25238
46.6400,STATIC_col3_p3,0.0000,0.0000,0.0000,3.0000,0.00000,-0.02046,0.25155,0.25238
46.6500,STATIC_col3_p3,0.0000,0.0000,0.0000,3.0000,0.00000,-0.02046,0.25155,0.25238
46.6600,STATIC_col3_p3,0.0000,0.0000,0.0000,3.0000,0.00000,-0.02046,0.25155,0.25238
46.6700,STATIC_col3_p3,0.0000,0.0000,0.0000,3.0000,0.00000,-0.02047,0.25155,0.25238
46.6800,STATIC_col3_p3,0.0000,0.0000,0.0000,3.0000,0.00000,-0.02048,0.25155,0.25238
46.6900,STATIC_col3_p3,0.0000,0.0000,0.0000,3.0000,0.00000,-0.02049,0.25155,0.25238
46.7000,STATIC_col3_p3,0.0000,0.0000,0.0000,3.0000,0.00000,-0.02050,0.25155,0.25238
46.7100,STATIC_col3_p3,0.0000,0.0000,0.0000,3.0000,0.00000,-0.02052,0.25155,0.25239
46.7200,STATIC_col3_p3,0.0000,0.0000,0.0000,3.0000,0.00000,-0.02053,0.25155,0.25239
46.7300,STATIC_col3_p3,0.0000,0.0000,0.0000,3.0000,0.00000,-0.02055,0.25156,0.25240
46.7400,STATIC_col3_p3,0.0000,0.0000,0.0000,3.0000,0.00000,-0.02058,0.25156,0.25240
46.7500,STATIC_col3_p3,0.0000,0.0000,0.0000,3.0000,0.00000,-0.02060,0.25156,0.25240
46.7600,STATIC_col3_p3,0.0000,0.0000,0.0000,3.0000,0.00000,-0.02063,0.25156,0.25241
46.7700,STATIC_col3_p3,0.0000,0.0000,0.0000,3.0000,0.00000,-0.02065,0.25157,0.25241
46.7800,STATIC_col3_p3,0.0000,0.0000,0.0000,3.0000,0.00000,-0.02068,0.25157,0.25242
46.7900,STATIC_col3_p3,0.0000,0.0000,0.0000,3.0000,0.00000,-0.02071,0.25157,0.25242
46.8000,STATIC_col3_p3,0.0000,0.0000,0.0000,3.0000,0.00000,-0.02074,0.25158,0.25243
46.8100,STATIC_col3_p3,0.0000,0.0000,0.0000,3.0000,0.00000,-0.02077,0.25158,0.25244
46.8200,STATIC_col3_p3,0.0000,0.0000,0.0000,3.0000,0.00000,-0.02080,0.25158,0.25244
46.8300,STATIC_col3_p3,0.0000,0.0000,0.0000,3.0000,0.00000,-0.02083,0.25159,0.25245
46.8400,STATIC_col3_p3,0.0000,0.0000,0.0000,3.0000,0.00000,-0.02086,0.25159,0.25245
46.8500,STATIC_col3_p3,0.0000,0.0000,0.0000,3.0000,0.00000,-0.02089,0.25159,0.25246
46.8600,STATIC_col3_p3,0.0000,0.0000,0.0000,3.0000,0.00000,-0.02091,0.25160,0.25246
46.8700,STATIC_col3_p3,0.0000,0.0000,0.0000,3.0000,0.00000,-0.02094,0.25160,0.25247
46.8800,STATIC_col3_p3,0.0000,0.0000,0.0000,3.0000,-0.00000,-0.02097,0.25160,0.25247
46.8900,STATIC_col3_p3,0.0000,0.0000,0.0000,3.0000,-0.00000,-0.02099,0.25160,0.25248
46.9000,STATIC_col3_p3,0.0000,0.0000,0.0000,3.0000,-0.00000,-0.02101,0.25161,0.25248
46.9100,STATIC_col3_p3,0.0000,0.0000,0.0000,3.0000,-0.00000,-0.02104,0.25161,0.25249
46.9200,STATIC_col3_p3,0.0000,0.0000,0.0000,3.0000,-0.00000,-0.02106,0.25161,0.25249
46.9300,STATIC_col3_p3,0.0000,0.0000,0.0000,3.0000,-0.00000,-0.02108,0.25161,0.25249
46.9400,STATIC_col3_p3,0.0000,0.0000,0.0000,3.0000,-0.00000,-0.02109,0.25162,0.25250
46.9500,STATIC_col3_p3,0.0000,0.0000,0.0000,3.0000,-0.00000,-0.02111,0.25162,0.25250
46.9600,STATIC_col3_p3,0.0000,0.0000,0.0000,3.0000,-0.00000,-0.02112,0.25162,0.25250
46.9700,STATIC_col3_p3,0.0000,0.0000,0.0000,3.0000,-0.00000,-0.02114,0.25162,0.25251
46.9800,STATIC_col3_p3,0.0000,0.0000,0.0000,3.0000,-0.00000,-0.02115,0.25162,0.25251
46.9900,STATIC_col3_p3,0.0000,0.0000,0.0000,3.0000,-0.00000,-0.02116,0.25162,0.25251
47.0000,STATIC_col3_p3,0.0000,0.0000,0.0000,3.0000,-0.00000,-0.02116,0.25162,0.25251
47.0100,STATIC_col3_p3,0.0000,0.0000,0.0000,3.0000,-0.00000,-0.02117,0.25162,0.25251
47.0200,STATIC_col3_p3,0.0000,0.0000,0.0000,3.0000,-0.00000,-0.02117,0.25162,0.25251
47.0300,STATIC_col3_p3,0.0000,0.0000,0.0000,3.0000,-0.00000,-0.02117,0.25162,0.25251
47.0400,STATIC_col3_p3,0.0000,0.0000,0.0000,3.0000,-0.00000,-0.02117,0.25162,0.25251
47.0500,STATIC_col3_p3,0.0000,0.0000,0.0000,3.0000,-0.00000,-0.02117,0.25162,0.25251
47.0600,STATIC_col3_p3,0.0000,0.0000,0.0000,3.0000,-0.00000,-0.02117,0.25162,0.25251
47.0700,STATIC_col3_p3,0.0000,0.0000,0.0000,3.0000,-0.00000,-0.02117,0.25162,0.25251
47.0800,STATIC_col3_p3,0.0000,0.0000,0.0000,3.0000,-0.00000,-0.02116,0.25162,0.25251
47.0900,STATIC_col3_p3,0.0000,0.0000,0.0000,3.0000,-0.00000,-0.02116,0.25162,0.25251
47.1000,STATIC_col3_p3,0.0000,0.0000,0.0000,3.0000,-0.00000,-0.02115,0.25162,0.25251
47.1100,STATIC_col3_p3,0.0000,0.0000,0.0000,3.0000,-0.00000,-0.02114,0.25162,0.25251
47.1200,STATIC_col3_p3,0.0000,0.0000,0.0000,3.0000,-0.00000,-0.02113,0.25162,0.25250
47.1300,STATIC_col3_p3,0.0000,0.0000,0.0000,3.0000,-0.00000,-0.02112,0.25162,0.25250
47.1400,STATIC_col3_p3,0.0000,0.0000,0.0000,3.0000,-0.00000,-0.02111,0.25162,0.25250
47.1500,STATIC_col3_p3,0.0000,0.0000,0.0000,3.0000,-0.00000,-0.02110,0.25162,0.25250
47.1600,STATIC_col3_p3,0.0000,0.0000,0.0000,3.0000,-0.00000,-0.02108,0.25161,0.25250
47.1700,STATIC_col3_p3,0.0000,0.0000,0.0000,3.0000,-0.00000,-0.02107,0.25161,0.25249
47.1800,STATIC_col3_p3,0.0000,0.0000,0.0000,3.0000,-0.00000,-0.02106,0.25161,0.25249
47.1900,STATIC_col3_p3,0.0000,0.0000,0.0000,3.0000,-0.00000,-0.02104,0.25161,0.25249
47.2000,STATIC_col3_p3,0.0000,0.0000,0.0000,3.0000,-0.00000,-0.02103,0.25161,0.25249
47.2100,STATIC_col3_p3,0.0000,0.0000,0.0000,3.0000,-0.00000,-0.02102,0.25161,0.25248
47.2200,STATIC_col3_p3,0.0000,0.0000,0.0000,3.0000,-0.00000,-0.02100,0.25161,0.25248
47.2300,STATIC_col3_p3,0.0000,0.0000,0.0000,3.0000,-0.00000,-0.02099,0.25160,0.25248
47.2400,STATIC_col3_p3,0.0000,0.0000,0.0000,3.0000,-0.00000,-0.02098,0.25160,0.25248
47.2500,STATIC_col3_p3,0.0000,0.0000,0.0000,3.0000,-0.00000,-0.02097,0.25160,0.25247
47.2600,STATIC_col3_p3,0.0000,0.0000,0.0000,3.0000,0.00000,-0.02095,0.25160,0.25247
47.2700,STATIC_col3_p3,0.0000,0.0000,0.0000,3.0000,0.00000,-0.02094,0.25160,0.25247
47.2800,STATIC_col3_p3,0.0000,0.0000,0.0000,3.0000,0.00000,-0.02093,0.25160,0.25247
47.2900,STATIC_col3_p3,0.0000,0.0000,0.0000,3.0000,0.00000,-0.02092,0.25160,0.25246
47.3000,STATIC_col3_p3,0.0000,0.0000,0.0000,3.0000,0.00000,-0.02091,0.25160,0.25246
47.3100,STATIC_col3_p3,0.0000,0.0000,0.0000,3.0000,0.00000,-0.02090,0.25159,0.25246
47.3200,STATIC_col3_p3,0.0000,0.0000,0.0000,3.0000,0.00000,-0.02089,0.25159,0.25246
47.3300,STATIC_col3_p3,0.0000,0.0000,0.0000,3.0000,0.00000,-0.02089,0.25159,0.25246
47.3400,STATIC_col3_p3,0.0000,0.0000,0.0000,3.0000,0.00000,-0.02088,0.25159,0.25246
47.3500,STATIC_col3_p3,0.0000,0.0000,0.0000,3.0000,0.00000,-0.02087,0.25159,0.25246
47.3600,STATIC_col3_p3,0.0000,0.0000,0.0000,3.0000,0.00000,-0.02087,0.25159,0.25245
47.3700,STATIC_col3_p3,0.0000,0.0000,0.0000,3.0000,0.00000,-0.02086,0.25159,0.25245
47.3800,STATIC_col3_p3,0.0000,0.0000,0.0000,3.0000,0.00000,-0.02086,0.25159,0.25245
47.3900,STATIC_col3_p3,0.0000,0.0000,0.0000,3.0000,0.00000,-0.02086,0.25159,0.25245
47.4000,STATIC_col3_p3,0.0000,0.0000,0.0000,3.0000,0.00000,-0.02086,0.25159,0.25245
47.4100,STATIC_col3_p3,0.0000,0.0000,0.0000,3.0000,0.00000,-0.02086,0.25159,0.25245
47.4200,STATIC_col3_p3,0.0000,0.0000,0.0000,3.0000,0.00000,-0.02085,0.25159,0.25245
47.4300,STATIC_col3_p3,0.0000,0.0000,0.0000,3.0000,0.00000,-0.02085,0.25159,0.25245
47.4400,STATIC_col3_p3,0.0000,0.0000,0.0000,3.0000,0.00000,-0.02086,0.25159,0.25245
47.4500,STATIC_col3_p3,0.0000,0.0000,0.0000,3.0000,0.00000,-0.02086,0.25159,0.25245
47.4600,STATIC_col3_p3,0.0000,0.0000,0.0000,3.0000,0.00000,-0.02086,0.25159,0.25245
47.4700,STATIC_col3_p3,0.0000,0.0000,0.0000,3.0000,0.00000,-0.02086,0.25159,0.25245
47.4800,STATIC_col3_p3,0.0000,0.0000,0.0000,3.0000,0.00000,-0.02087,0.25159,0.25245
47.4900,STATIC_col3_p3,0.0000,0.0000,0.0000,3.0000,0.00000,-0.02087,0.25159,0.25245
47.5000,STATIC_col3_p3,0.0000,0.0000,0.0000,3.0000,0.00000,-0.02087,0.25159,0.25246
47.5100,STATIC_col3_p3,0.0000,0.0000,0.0000,3.0000,0.00000,-0.02088,0.25159,0.25246
47.5200,STATIC_col3_p3,0.0000,0.0000,0.0000,3.0000,0.00000,-0.02088,0.25159,0.25246
47.5300,STATIC_col3_p3,0.0000,0.0000,0.0000,3.0000,0.00000,-0.02089,0.25159,0.25246
47.5400,STATIC_col3_p3,0.0000,0.0000,0.0000,3.0000,0.00000,-0.02089,0.25159,0.25246
47.5500,STATIC_col3_p3,0.0000,0.0000,0.0000,3.0000,0.00000,-0.02090,0.25159,0.25246
47.5600,STATIC_col3_p3,0.0000,0.0000,0.0000,3.0000,0.00000,-0.02090,0.25159,0.25246
47.5700,STATIC_col3_p3,0.0000,0.0000,0.0000,3.0000,0.00000,-0.02091,0.25160,0.25246
47.5800,STATIC_col3_p3,0.0000,0.0000,0.0000,3.0000,0.00000,-0.02092,0.25160,0.25246
47.5900,STATIC_col3_p3,0.0000,0.0000,0.0000,3.0000,0.00000,-0.02092,0.25160,0.25246
47.6000,STATIC_col3_p3,0.0000,0.0000,0.0000,3.0000,0.00000,-0.02093,0.25160,0.25247
47.6100,STATIC_col3_p3,0.0000,0.0000,0.0000,3.0000,0.00000,-0.02093,0.25160,0.25247
47.6200,STATIC_col3_p3,0.0000,0.0000,0.0000,3.0000,0.00000,-0.02094,0.25160,0.25247
47.6300,STATIC_col3_p3,0.0000,0.0000,0.0000,3.0000,0.00000,-0.02095,0.25160,0.25247
47.6400,STATIC_col3_p3,0.0000,0.0000,0.0000,3.0000,0.00000,-0.02095,0.25160,0.25247
47.6500,STATIC_col3_p3,0.0000,0.0000,0.0000,3.0000,-0.00000,-0.02096,0.25160,0.25247
47.6600,STATIC_col3_p3,0.0000,0.0000,0.0000,3.0000,-0.00000,-0.02096,0.25160,0.25247
47.6700,STATIC_col3_p3,0.0000,0.0000,0.0000,3.0000,-0.00000,-0.02097,0.25160,0.25247
47.6800,STATIC_col3_p3,0.0000,0.0000,0.0000,3.0000,-0.00000,-0.02097,0.25160,0.25247
47.6900,STATIC_col3_p3,0.0000,0.0000,0.0000,3.0000,-0.00000,-0.02097,0.25160,0.25247
47.7000,STATIC_col3_p3,0.0000,0.0000,0.0000,3.0000,-0.00000,-0.02098,0.25160,0.25248
47.7100,STATIC_col3_p3,0.0000,0.0000,0.0000,3.0000,-0.00000,-0.02098,0.25160,0.25248
47.7200,STATIC_col3_p3,0.0000,0.0000,0.0000,3.0000,-0.00000,-0.02099,0.25160,0.25248
47.7300,STATIC_col3_p3,0.0000,0.0000,0.0000,3.0000,-0.00000,-0.02099,0.25160,0.25248
47.7400,STATIC_col3_p3,0.0000,0.0000,0.0000,3.0000,-0.00000,-0.02099,0.25160,0.25248
47.7500,STATIC_col3_p3,0.0000,0.0000,0.0000,3.0000,-0.00000,-0.02099,0.25160,0.25248
47.7600,STATIC_col3_p3,0.0000,0.0000,0.0000,3.0000,-0.00000,-0.02099,0.25160,0.25248
47.7700,STATIC_col3_p3,0.0000,0.0000,0.0000,3.0000,-0.00000,-0.02100,0.25160,0.25248
47.7800,STATIC_col3_p3,0.0000,0.0000,0.0000,3.0000,-0.00000,-0.02100,0.25160,0.25248
47.7900,STATIC_col3_p3,0.0000,0.0000,0.0000,3.0000,-0.00000,-0.02100,0.25160,0.25248
47.8000,STATIC_col3_p3,0.0000,0.0000,0.0000,3.0000,-0.00000,-0.02100,0.25160,0.25248
47.8100,STATIC_col3_p3,0.0000,0.0000,0.0000,3.0000,-0.00000,-0.02100,0.25160,0.25248
47.8200,STATIC_col3_p3,0.0000,0.0000,0.0000,3.0000,-0.00000,-0.02100,0.25160,0.25248
47.8300,STATIC_col3_p3,0.0000,0.0000,0.0000,3.0000,-0.00000,-0.02100,0.25160,0.25248
47.8400,STATIC_col3_p3,0.0000,0.0000,0.0000,3.0000,-0.00000,-0.02100,0.25160,0.25248
47.8500,STATIC_col3_p3,0.0000,0.0000,0.0000,3.0000,-0.00000,-0.02100,0.25160,0.25248
47.8600,STATIC_col3_p3,0.0000,0.0000,0.0000,3.0000,-0.00000,-0.02099,0.25160,0.25248
47.8700,STATIC_col3_p3,0.0000,0.0000,0.0000,3.0000,-0.00000,-0.02099,0.25160,0.25248
47.8800,STATIC_col3_p3,0.0000,0.0000,0.0000,3.0000,-0.00000,-0.02099,0.25160,0.25248
47.8900,STATIC_col3_p3,0.0000,0.0000,0.0000,3.0000,-0.00000,-0.02099,0.25160,0.25248
47.9000,STATIC_col3_p3,0.0000,0.0000,0.0000,3.0000,-0.00000,-0.02099,0.25160,0.25248
47.9100,STATIC_col3_p3,0.0000,0.0000,0.0000,3.0000,-0.00000,-0.02099,0.25160,0.25248
47.9200,STATIC_col3_p3,0.0000,0.0000,0.0000,3.0000,-0.00000,-0.02098,0.25160,0.25248
47.9300,STATIC_col3_p3,0.0000,0.0000,0.0000,3.0000,-0.00000,-0.02098,0.25160,0.25248
47.9400,STATIC_col3_p3,0.0000,0.0000,0.0000,3.0000,-0.00000,-0.02098,0.25160,0.25248
47.9500,STATIC_col3_p3,0.0000,0.0000,0.0000,3.0000,-0.00000,-0.02098,0.25160,0.25247
47.9600,STATIC_col3_p3,0.0000,0.0000,0.0000,3.0000,-0.00000,-0.02097,0.25160,0.25247
47.9700,STATIC_col3_p3,0.0000,0.0000,0.0000,3.0000,-0.00000,-0.02097,0.25160,0.25247
47.9800,STATIC_col3_p3,0.0000,0.0000,0.0000,3.0000,-0.00000,-0.02097,0.25160,0.25247
47.9900,STATIC_col3_p3,0.0000,0.0000,0.0000,3.0000,-0.00000,-0.02096,0.25160,0.25247
48.0000,STATIC_col3_p3,0.0000,0.0000,0.0000,3.0000,-0.00000,-0.02096,0.25160,0.25247
48.0100,STATIC_col3_p6,0.0000,0.0000,0.0000,6.0000,-0.00000,-0.02096,0.25160,0.25247
48.0200,STATIC_col3_p6,0.0000,0.0000,0.0000,6.0000,-0.00000,-0.02098,0.25160,0.25247
48.0300,STATIC_col3_p6,0.0000,0.0000,0.0000,6.0000,0.00000,-0.02104,0.25160,0.25248
48.0400,STATIC_col3_p6,0.0000,0.0000,0.0000,6.0000,0.00000,-0.02112,0.25160,0.25249
48.0500,STATIC_col3_p6,0.0000,0.0000,0.0000,6.0000,0.00000,-0.02125,0.25161,0.25250
48.0600,STATIC_col3_p6,0.0000,0.0000,0.0000,6.0000,0.00000,-0.02143,0.25161,0.25252
48.0700,STATIC_col3_p6,0.0000,0.0000,0.0000,6.0000,0.00000,-0.02166,0.25162,0.25255
48.0800,STATIC_col3_p6,0.0000,0.0000,0.0000,6.0000,0.00000,-0.02193,0.25163,0.25259
48.0900,STATIC_col3_p6,0.0000,0.0000,0.0000,6.0000,0.00000,-0.02226,0.25165,0.25264
48.1000,STATIC_col3_p6,0.0000,0.0000,0.0000,6.0000,0.00000,-0.02265,0.25168,0.25270
48.1100,STATIC_col3_p6,0.0000,0.0000,0.0000,6.0000,0.00000,-0.02308,0.25171,0.25277
48.1200,STATIC_col3_p6,0.0000,0.0000,0.0000,6.0000,0.00000,-0.02357,0.25176,0.25286
48.1300,STATIC_col3_p6,0.0000,0.0000,0.0000,6.0000,0.00000,-0.02411,0.25181,0.25297
48.1400,STATIC_col3_p6,0.0000,0.0000,0.0000,6.0000,0.00000,-0.02470,0.25188,0.25309
48.1500,STATIC_col3_p6,0.0000,0.0000,0.0000,6.0000,0.00000,-0.02533,0.25196,0.25323
48.1600,STATIC_col3_p6,0.0000,0.0000,0.0000,6.0000,0.00000,-0.02601,0.25204,0.25338
48.1700,STATIC_col3_p6,0.0000,0.0000,0.0000,6.0000,0.00000,-0.02672,0.25214,0.25355
48.1800,STATIC_col3_p6,0.0000,0.0000,0.0000,6.0000,0.00000,-0.02747,0.25225,0.25374
48.1900,STATIC_col3_p6,0.0000,0.0000,0.0000,6.0000,0.00000,-0.02825,0.25236,0.25394
48.2000,STATIC_col3_p6,0.0000,0.0000,0.0000,6.0000,0.00000,-0.02906,0.25249,0.25416
48.2100,STATIC_col3_p6,0.0000,0.0000,0.0000,6.0000,0.00000,-0.02989,0.25263,0.25439
48.2200,STATIC_col3_p6,0.0000,0.0000,0.0000,6.0000,0.00000,-0.03074,0.25277,0.25463
48.2300,STATIC_col3_p6,0.0000,0.0000,0.0000,6.0000,0.00000,-0.03160,0.25292,0.25489
48.2400,STATIC_col3_p6,0.0000,0.0000,0.0000,6.0000,0.00000,-0.03247,0.25308,0.25515
48.2500,STATIC_col3_p6,0.0000,0.0000,0.0000,6.0000,0.00000,-0.03335,0.25324,0.25542
48.2600,STATIC_col3_p6,0.0000,0.0000,0.0000,6.0000,0.00000,-0.03422,0.25341,0.25571
48.2700,STATIC_col3_p6,0.0000,0.0000,0.0000,6.0000,0.00000,-0.03509,0.25358,0.25599
48.2800,STATIC_col3_p6,0.0000,0.0000,0.0000,6.0000,0.00000,-0.03595,0.25375,0.25628
48.2900,STATIC_col3_p6,0.0000,0.0000,0.0000,6.0000,0.00000,-0.03680,0.25392,0.25658
48.3000,STATIC_col3_p6,0.0000,0.0000,0.0000,6.0000,0.00000,-0.03763,0.25410,0.25687
48.3100,STATIC_col3_p6,0.0000,0.0000,0.0000,6.0000,0.00000,-0.03843,0.25427,0.25716
48.3200,STATIC_col3_p6,0.0000,0.0000,0.0000,6.0000,0.00000,-0.03921,0.25445,0.25745
48.3300,STATIC_col3_p6,0.0000,0.0000,0.0000,6.0000,0.00000,-0.03997,0.25462,0.25773
48.3400,STATIC_col3_p6,0.0000,0.0000,0.0000,6.0000,0.00000,-0.04069,0.25478,0.25801
48.3500,STATIC_col3_p6,0.0000,0.0000,0.0000,6.0000,0.00000,-0.04137,0.25495,0.25828
48.3600,STATIC_col3_p6,0.0000,0.0000,0.0000,6.0000,0.00000,-0.04202,0.25510,0.25854
48.3700,STATIC_col3_p6,0.0000,0.0000,0.0000,6.0000,0.00000,-0.04263,0.25525,0.25879
48.3800,STATIC_col3_p6,0.0000,0.0000,0.0000,6.0000,0.00000,-0.04320,0.25539,0.25902
48.3900,STATIC_col3_p6,0.0000,0.0000,0.0000,6.0000,0.00000,-0.04372,0.25553,0.25924
48.4000,STATIC_col3_p6,0.0000,0.0000,0.0000,6.0000,0.00000,-0.04421,0.25565,0.25945
48.4100,STATIC_col3_p6,0.0000,0.0000,0.0000,6.0000,-0.00000,-0.04464,0.25577,0.25964
48.4200,STATIC_col3_p6,0.0000,0.0000,0.0000,6.0000,-0.00000,-0.04504,0.25587,0.25981
48.4300,STATIC_col3_p6,0.0000,0.0000,0.0000,6.0000,-0.00000,-0.04538,0.25597,0.25996
48.4400,STATIC_col3_p6,0.0000,0.0000,0.0000,6.0000,-0.00000,-0.04568,0.25605,0.26010
48.4500,STATIC_col3_p6,0.0000,0.0000,0.0000,6.0000,-0.00000,-0.04594,0.25613,0.26021
48.4600,STATIC_col3_p6,0.0000,0.0000,0.0000,6.0000,-0.00000,-0.04615,0.25619,0.26031
48.4700,STATIC_col3_p6,0.0000,0.0000,0.0000,6.0000,-0.00000,-0.04632,0.25624,0.26039
48.4800,STATIC_col3_p6,0.0000,0.0000,0.0000,6.0000,-0.00000,-0.04644,0.25628,0.26045
48.4900,STATIC_col3_p6,0.0000,0.0000,0.0000,6.0000,-0.00000,-0.04652,0.25631,0.26050
48.5000,STATIC_col3_p6,0.0000,0.0000,0.0000,6.0000,-0.00000,-0.04657,0.25633,0.26052
48.5100,STATIC_col3_p6,0.0000,0.0000,0.0000,6.0000,-0.00000,-0.04657,0.25634,0.26053
48.5200,STATIC_col3_p6,0.0000,0.0000,0.0000,6.0000,-0.00000,-0.04654,0.25634,0.26053
48.5300,STATIC_col3_p6,0.0000,0.0000,0.0000,6.0000,-0.00000,-0.04647,0.25633,0.26050
48.5400,STATIC_col3_p6,0.0000,0.0000,0.0000,6.0000,-0.00000,-0.04636,0.25631,0.26047
48.5500,STATIC_col3_p6,0.0000,0.0000,0.0000,6.0000,-0.00000,-0.04623,0.25628,0.26042
48.5600,STATIC_col3_p6,0.0000,0.0000,0.0000,6.0000,-0.00000,-0.04607,0.25625,0.26036
48.5700,STATIC_col3_p6,0.0000,0.0000,0.0000,6.0000,-0.00000,-0.04589,0.25621,0.26028
48.5800,STATIC_col3_p6,0.0000,0.0000,0.0000,6.0000,-0.00000,-0.04568,0.25616,0.26020
48.5900,STATIC_col3_p6,0.0000,0.0000,0.0000,6.0000,-0.00000,-0.04545,0.25611,0.26011
48.6000,STATIC_col3_p6,0.0000,0.0000,0.0000,6.0000,-0.00000,-0.04520,0.25605,0.26001
48.6100,STATIC_col3_p6,0.0000,0.0000,0.0000,6.0000,-0.00000,-0.04493,0.25599,0.25991
48.6200,STATIC_col3_p6,0.0000,0.0000,0.0000,6.0000,-0.00000,-0.04466,0.25593,0.25980
48.6300,STATIC_col3_p6,0.0000,0.0000,0.0000,6.0000,-0.00000,-0.04437,0.25587,0.25968
48.6400,STATIC_col3_p6,0.0000,0.0000,0.0000,6.0000,-0.00000,-0.04407,0.25580,0.25957
48.6500,STATIC_col3_p6,0.0000,0.0000,0.0000,6.0000,-0.00000,-0.04377,0.25573,0.25945
48.6600,STATIC_col3_p6,0.0000,0.0000,0.0000,6.0000,-0.00000,-0.04347,0.25566,0.25933
48.6700,STATIC_col3_p6,0.0000,0.0000,0.0000,6.0000,-0.00000,-0.04316,0.25560,0.25922
48.6800,STATIC_col3_p6,0.0000,0.0000,0.0000,6.0000,-0.00000,-0.04286,0.25553,0.25910
48.6900,STATIC_col3_p6,0.0000,0.0000,0.0000,6.0000,-0.00000,-0.04255,0.25546,0.25898
48.7000,STATIC_col3_p6,0.0000,0.0000,0.0000,6.0000,-0.00000,-0.04226,0.25540,0.25887
48.7100,STATIC_col3_p6,0.0000,0.0000,0.0000,6.0000,-0.00000,-0.04197,0.25534,0.25876
48.7200,STATIC_col3_p6,0.0000,0.0000,0.0000,6.0000,-0.00000,-0.04169,0.25528,0.25866
48.7300,STATIC_col3_p6,0.0000,0.0000,0.0000,6.0000,-0.00000,-0.04142,0.25522,0.25856
48.7400,STATIC_col3_p6,0.0000,0.0000,0.0000,6.0000,-0.00000,-0.04117,0.25517,0.25847
48.7500,STATIC_col3_p6,0.0000,0.0000,0.0000,6.0000,-0.00000,-0.04092,0.25512,0.25838
48.7600,STATIC_col3_p6,0.0000,0.0000,0.0000,6.0000,-0.00000,-0.04069,0.25507,0.25830
48.7700,STATIC_col3_p6,0.0000,0.0000,0.0000,6.0000,-0.00000,-0.04048,0.25503,0.25822
48.7800,STATIC_col3_p6,0.0000,0.0000,0.0000,6.0000,-0.00000,-0.04029,0.25499,0.25815
48.7900,STATIC_col3_p6,0.0000,0.0000,0.0000,6.0000,-0.00000,-0.04011,0.25495,0.25809
48.8000,STATIC_col3_p6,0.0000,0.0000,0.0000,6.0000,0.00000,-0.03995,0.25492,0.25803
48.8100,STATIC_col3_p6,0.0000,0.0000,0.0000,6.0000,0.00000,-0.03980,0.25489,0.25798
48.8200,STATIC_col3_p6,0.0000,0.0000,0.0000,6.0000,0.00000,-0.03968,0.25487,0.25794
48.8300,STATIC_col3_p6,0.0000,0.0000,0.0000,6.0000,0.00000,-0.03957,0.25485,0.25790
48.8400,STATIC_col3_p6,0.0000,0.0000,0.0000,6.0000,0.00000,-0.03949,0.25483,0.25787
48.8500,STATIC_col3_p6,0.0000,0.0000,0.0000,6.0000,0.00000,-0.03942,0.25482,0.25785
48.8600,STATIC_col3_p6,0.0000,0.0000,0.0000,6.0000,0.00000,-0.03937,0.25481,0.25783
48.8700,STATIC_col3_p6,0.0000,0.0000,0.0000,6.0000,0.00000,-0.03934,0.25480,0.25782
48.8800,STATIC_col3_p6,0.0000,0.0000,0.0000,6.0000,0.00000,-0.03932,0.25480,0.25782
48.8900,STATIC_col3_p6,0.0000,0.0000,0.0000,6.0000,0.00000,-0.03932,0.25480,0.25782
48.9000,STATIC_col3_p6,0.0000,0.0000,0.0000,6.0000,0.00000,-0.03934,0.25481,0.25783
48.9100,STATIC_col3_p6,0.0000,0.0000,0.0000,6.0000,0.00000,-0.03938,0.25482,0.25784
48.9200,STATIC_col3_p6,0.0000,0.0000,0.0000,6.0000,0.00000,-0.03943,0.25483,0.25786
48.9300,STATIC_col3_p6,0.0000,0.0000,0.0000,6.0000,0.00000,-0.03949,0.25484,0.25788
48.9400,STATIC_col3_p6,0.0000,0.0000,0.0000,6.0000,0.00000,-0.03956,0.25486,0.25791
48.9500,STATIC_col3_p6,0.0000,0.0000,0.0000,6.0000,0.00000,-0.03965,0.25488,0.25794
48.9600,STATIC_col3_p6,0.0000,0.0000,0.0000,6.0000,0.00000,-0.03975,0.25490,0.25798
48.9700,STATIC_col3_p6,0.0000,0.0000,0.0000,6.0000,0.00000,-0.03985,0.25492,0.25802
48.9800,STATIC_col3_p6,0.0000,0.0000,0.0000,6.0000,0.00000,-0.03997,0.25495,0.25806
48.9900,STATIC_col3_p6,0.0000,0.0000,0.0000,6.0000,0.00000,-0.04009,0.25497,0.25811
49.0000,STATIC_col3_p6,0.0000,0.0000,0.0000,6.0000,0.00000,-0.04022,0.25500,0.25815
49.0100,STATIC_col3_p6,0.0000,0.0000,0.0000,6.0000,0.00000,-0.04035,0.25503,0.25820
49.0200,STATIC_col3_p6,0.0000,0.0000,0.0000,6.0000,0.00000,-0.04049,0.25506,0.25826
49.0300,STATIC_col3_p6,0.0000,0.0000,0.0000,6.0000,0.00000,-0.04063,0.25509,0.25831
49.0400,STATIC_col3_p6,0.0000,0.0000,0.0000,6.0000,0.00000,-0.04077,0.25512,0.25836
49.0500,STATIC_col3_p6,0.0000,0.0000,0.0000,6.0000,0.00000,-0.04092,0.25515,0.25841
49.0600,STATIC_col3_p6,0.0000,0.0000,0.0000,6.0000,0.00000,-0.04106,0.25519,0.25847
49.0700,STATIC_col3_p6,0.0000,0.0000,0.0000,6.0000,0.00000,-0.04120,0.25522,0.25852
49.0800,STATIC_col3_p6,0.0000,0.0000,0.0000,6.0000,0.00000,-0.04134,0.25525,0.25857
49.0900,STATIC_col3_p6,0.0000,0.0000,0.0000,6.0000,0.00000,-0.04147,0.25528,0.25862
49.1000,STATIC_col3_p6,0.0000,0.0000,0.0000,6.0000,0.00000,-0.04160,0.25531,0.25867
49.1100,STATIC_col3_p6,0.0000,0.0000,0.0000,6.0000,0.00000,-0.04173,0.25533,0.25872
49.1200,STATIC_col3_p6,0.0000,0.0000,0.0000,6.0000,0.00000,-0.04185,0.25536,0.25877
49.1300,STATIC_col3_p6,0.0000,0.0000,0.0000,6.0000,0.00000,-0.04197,0.25539,0.25881
49.1400,STATIC_col3_p6,0.0000,0.0000,0.0000,6.0000,0.00000,-0.04208,0.25541,0.25886
49.1500,STATIC_col3_p6,0.0000,0.0000,0.0000,6.0000,0.00000,-0.04218,0.25544,0.25890
49.1600,STATIC_col3_p6,0.0000,0.0000,0.0000,6.0000,0.00000,-0.04228,0.25546,0.25893
49.1700,STATIC_col3_p6,0.0000,0.0000,0.0000,6.0000,0.00000,-0.04237,0.25548,0.25897
49.1800,STATIC_col3_p6,0.0000,0.0000,0.0000,6.0000,-0.00000,-0.04244,0.25550,0.25900
49.1900,STATIC_col3_p6,0.0000,0.0000,0.0000,6.0000,-0.00000,-0.04252,0.25551,0.25902
49.2000,STATIC_col3_p6,0.0000,0.0000,0.0000,6.0000,-0.00000,-0.04258,0.25553,0.25905
49.2100,STATIC_col3_p6,0.0000,0.0000,0.0000,6.0000,-0.00000,-0.04263,0.25554,0.25907
49.2200,STATIC_col3_p6,0.0000,0.0000,0.0000,6.0000,-0.00000,-0.04268,0.25555,0.25909
49.2300,STATIC_col3_p6,0.0000,0.0000,0.0000,6.0000,-0.00000,-0.04272,0.25556,0.25910
49.2400,STATIC_col3_p6,0.0000,0.0000,0.0000,6.0000,-0.00000,-0.04275,0.25556,0.25912
49.2500,STATIC_col3_p6,0.0000,0.0000,0.0000,6.0000,-0.00000,-0.04277,0.25557,0.25912
49.2600,STATIC_col3_p6,0.0000,0.0000,0.0000,6.0000,-0.00000,-0.04278,0.25557,0.25913
49.2700,STATIC_col3_p6,0.0000,0.0000,0.0000,6.0000,-0.00000,-0.04279,0.25557,0.25913
49.2800,STATIC_col3_p6,0.0000,0.0000,0.0000,6.0000,-0.00000,-0.04279,0.25557,0.25913
49.2900,STATIC_col3_p6,0.0000,0.0000,0.0000,6.0000,-0.00000,-0.04278,0.25557,0.25913
49.3000,STATIC_col3_p6,0.0000,0.0000,0.0000,6.0000,-0.00000,-0.04276,0.25557,0.25912
49.3100,STATIC_col3_p6,0.0000,0.0000,0.0000,6.0000,-0.00000,-0.04274,0.25556,0.25911
49.3200,STATIC_col3_p6,0.0000,0.0000,0.0000,6.0000,-0.00000,-0.04271,0.25556,0.25910
49.3300,STATIC_col3_p6,0.0000,0.0000,0.0000,6.0000,-0.00000,-0.04267,0.25555,0.25909
49.3400,STATIC_col3_p6,0.0000,0.0000,0.0000,6.0000,-0.00000,-0.04264,0.25554,0.25907
49.3500,STATIC_col3_p6,0.0000,0.0000,0.0000,6.0000,-0.00000,-0.04259,0.25553,0.25905
49.3600,STATIC_col3_p6,0.0000,0.0000,0.0000,6.0000,-0.00000,-0.04254,0.25552,0.25904
49.3700,STATIC_col3_p6,0.0000,0.0000,0.0000,6.0000,-0.00000,-0.04249,0.25551,0.25902
49.3800,STATIC_col3_p6,0.0000,0.0000,0.0000,6.0000,-0.00000,-0.04244,0.25549,0.25900
49.3900,STATIC_col3_p6,0.0000,0.0000,0.0000,6.0000,-0.00000,-0.04238,0.25548,0.25897
49.4000,STATIC_col3_p6,0.0000,0.0000,0.0000,6.0000,-0.00000,-0.04232,0.25547,0.25895
49.4100,STATIC_col3_p6,0.0000,0.0000,0.0000,6.0000,-0.00000,-0.04226,0.25545,0.25893
49.4200,STATIC_col3_p6,0.0000,0.0000,0.0000,6.0000,-0.00000,-0.04220,0.25544,0.25890
49.4300,STATIC_col3_p6,0.0000,0.0000,0.0000,6.0000,-0.00000,-0.04214,0.25543,0.25888
49.4400,STATIC_col3_p6,0.0000,0.0000,0.0000,6.0000,-0.00000,-0.04207,0.25541,0.25885
49.4500,STATIC_col3_p6,0.0000,0.0000,0.0000,6.0000,-0.00000,-0.04201,0.25540,0.25883
49.4600,STATIC_col3_p6,0.0000,0.0000,0.0000,6.0000,-0.00000,-0.04195,0.25538,0.25881
49.4700,STATIC_col3_p6,0.0000,0.0000,0.0000,6.0000,-0.00000,-0.04189,0.25537,0.25878
49.4800,STATIC_col3_p6,0.0000,0.0000,0.0000,6.0000,-0.00000,-0.04183,0.25536,0.25876
49.4900,STATIC_col3_p6,0.0000,0.0000,0.0000,6.0000,-0.00000,-0.04177,0.25534,0.25874
49.5000,STATIC_col3_p6,0.0000,0.0000,0.0000,6.0000,-0.00000,-0.04171,0.25533,0.25872
49.5100,STATIC_col3_p6,0.0000,0.0000,0.0000,6.0000,-0.00000,-0.04166,0.25532,0.25870
49.5200,STATIC_col3_p6,0.0000,0.0000,0.0000,6.0000,-0.00000,-0.04161,0.25531,0.25868
49.5300,STATIC_col3_p6,0.0000,0.0000,0.0000,6.0000,-0.00000,-0.04156,0.25530,0.25866
49.5400,STATIC_col3_p6,0.0000,0.0000,0.0000,6.0000,-0.00000,-0.04152,0.25529,0.25864
49.5500,STATIC_col3_p6,0.0000,0.0000,0.0000,6.0000,-0.00000,-0.04147,0.25528,0.25863
49.5600,STATIC_col3_p6,0.0000,0.0000,0.0000,6.0000,0.00000,-0.04144,0.25527,0.25861
49.5700,STATIC_col3_p6,0.0000,0.0000,0.0000,6.0000,0.00000,-0.04140,0.25526,0.25860
49.5800,STATIC_col3_p6,0.0000,0.0000,0.0000,6.0000,0.00000,-0.04137,0.25526,0.25859
49.5900,STATIC_col3_p6,0.0000,0.0000,0.0000,6.0000,0.00000,-0.04134,0.25525,0.25858
49.6000,STATIC_col3_p6,0.0000,0.0000,0.0000,6.0000,0.00000,-0.04132,0.25525,0.25857
49.6100,STATIC_col3_p6,0.0000,0.0000,0.0000,6.0000,0.00000,-0.04130,0.25524,0.25856
49.6200,STATIC_col3_p6,0.0000,0.0000,0.0000,6.0000,0.00000,-0.04129,0.25524,0.25856
49.6300,STATIC_col3_p6,0.0000,0.0000,0.0000,6.0000,0.00000,-0.04127,0.25524,0.25855
49.6400,STATIC_col3_p6,0.0000,0.0000,0.0000,6.0000,0.00000,-0.04127,0.25524,0.25855
49.6500,STATIC_col3_p6,0.0000,0.0000,0.0000,6.0000,0.00000,-0.04126,0.25523,0.25855
49.6600,STATIC_col3_p6,0.0000,0.0000,0.0000,6.0000,0.00000,-0.04126,0.25523,0.25855
49.6700,STATIC_col3_p6,0.0000,0.0000,0.0000,6.0000,0.00000,-0.04126,0.25523,0.25855
49.6800,STATIC_col3_p6,0.0000,0.0000,0.0000,6.0000,0.00000,-0.04127,0.25524,0.25855
49.6900,STATIC_col3_p6,0.0000,0.0000,0.0000,6.0000,0.00000,-0.04128,0.25524,0.25855
49.7000,STATIC_col3_p6,0.0000,0.0000,0.0000,6.0000,0.00000,-0.04129,0.25524,0.25856
49.7100,STATIC_col3_p6,0.0000,0.0000,0.0000,6.0000,0.00000,-0.04130,0.25524,0.25856
49.7200,STATIC_col3_p6,0.0000,0.0000,0.0000,6.0000,0.00000,-0.04132,0.25525,0.25857
49.7300,STATIC_col3_p6,0.0000,0.0000,0.0000,6.0000,0.00000,-0.04133,0.25525,0.25858
49.7400,STATIC_col3_p6,0.0000,0.0000,0.0000,6.0000,0.00000,-0.04135,0.25525,0.25858
49.7500,STATIC_col3_p6,0.0000,0.0000,0.0000,6.0000,0.00000,-0.04138,0.25526,0.25859
49.7600,STATIC_col3_p6,0.0000,0.0000,0.0000,6.0000,0.00000,-0.04140,0.25527,0.25860
49.7700,STATIC_col3_p6,0.0000,0.0000,0.0000,6.0000,0.00000,-0.04142,0.25527,0.25861
49.7800,STATIC_col3_p6,0.0000,0.0000,0.0000,6.0000,0.00000,-0.04145,0.25528,0.25862
49.7900,STATIC_col3_p6,0.0000,0.0000,0.0000,6.0000,0.00000,-0.04148,0.25528,0.25863
49.8000,STATIC_col3_p6,0.0000,0.0000,0.0000,6.0000,0.00000,-0.04151,0.25529,0.25864
49.8100,STATIC_col3_p6,0.0000,0.0000,0.0000,6.0000,0.00000,-0.04153,0.25529,0.25865
49.8200,STATIC_col3_p6,0.0000,0.0000,0.0000,6.0000,0.00000,-0.04156,0.25530,0.25866
49.8300,STATIC_col3_p6,0.0000,0.0000,0.0000,6.0000,0.00000,-0.04159,0.25531,0.25867
49.8400,STATIC_col3_p6,0.0000,0.0000,0.0000,6.0000,0.00000,-0.04162,0.25531,0.25868
49.8500,STATIC_col3_p6,0.0000,0.0000,0.0000,6.0000,0.00000,-0.04165,0.25532,0.25869
49.8600,STATIC_col3_p6,0.0000,0.0000,0.0000,6.0000,0.00000,-0.04167,0.25533,0.25870
49.8700,STATIC_col3_p6,0.0000,0.0000,0.0000,6.0000,0.00000,-0.04170,0.25533,0.25871
49.8800,STATIC_col3_p6,0.0000,0.0000,0.0000,6.0000,0.00000,-0.04172,0.25534,0.25872
49.8900,STATIC_col3_p6,0.0000,0.0000,0.0000,6.0000,0.00000,-0.04175,0.25534,0.25873
49.9000,STATIC_col3_p6,0.0000,0.0000,0.0000,6.0000,0.00000,-0.04177,0.25535,0.25874
49.9100,STATIC_col3_p6,0.0000,0.0000,0.0000,6.0000,0.00000,-0.04180,0.25535,0.25875
49.9200,STATIC_col3_p6,0.0000,0.0000,0.0000,6.0000,0.00000,-0.04182,0.25536,0.25876
49.9300,STATIC_col3_p6,0.0000,0.0000,0.0000,6.0000,0.00000,-0.04184,0.25536,0.25877
49.9400,STATIC_col3_p6,0.0000,0.0000,0.0000,6.0000,0.00000,-0.04185,0.25537,0.25877
49.9500,STATIC_col3_p6,0.0000,0.0000,0.0000,6.0000,-0.00000,-0.04187,0.25537,0.25878
49.9600,STATIC_col3_p6,0.0000,0.0000,0.0000,6.0000,-0.00000,-0.04188,0.25537,0.25878
49.9700,STATIC_col3_p6,0.0000,0.0000,0.0000,6.0000,-0.00000,-0.04190,0.25538,0.25879
49.9800,STATIC_col3_p6,0.0000,0.0000,0.0000,6.0000,-0.00000,-0.04191,0.25538,0.25879
49.9900,STATIC_col3_p6,0.0000,0.0000,0.0000,6.0000,-0.00000,-0.04192,0.25538,0.25880
50.0000,STATIC_col3_p6,0.0000,0.0000,0.0000,6.0000,-0.00000,-0.04193,0.25538,0.25880
50.0100,STATIC_col3_p6,0.0000,0.0000,0.0000,6.0000,-0.00000,-0.04193,0.25538,0.25880
50.0200,STATIC_col3_p6,0.0000,0.0000,0.0000,6.0000,-0.00000,-0.04194,0.25538,0.25881
50.0300,STATIC_col3_p6,0.0000,0.0000,0.0000,6.0000,-0.00000,-0.04194,0.25539,0.25881
50.0400,STATIC_col3_p6,0.0000,0.0000,0.0000,6.0000,-0.00000,-0.04194,0.25539,0.25881
50.0500,STATIC_col3_p6,0.0000,0.0000,0.0000,6.0000,-0.00000,-0.04194,0.25539,0.25881
50.0600,STATIC_col3_p6,0.0000,0.0000,0.0000,6.0000,-0.00000,-0.04194,0.25539,0.25881
50.0700,STATIC_col3_p6,0.0000,0.0000,0.0000,6.0000,-0.00000,-0.04194,0.25538,0.25881
50.0800,STATIC_col3_p6,0.0000,0.0000,0.0000,6.0000,-0.00000,-0.04194,0.25538,0.25880
50.0900,STATIC_col3_p6,0.0000,0.0000,0.0000,6.0000,-0.00000,-0.04193,0.25538,0.25880
50.1000,STATIC_col3_p6,0.0000,0.0000,0.0000,6.0000,-0.00000,-0.04192,0.25538,0.25880
50.1100,STATIC_col3_p6,0.0000,0.0000,0.0000,6.0000,-0.00000,-0.04192,0.25538,0.25880
50.1200,STATIC_col3_p6,0.0000,0.0000,0.0000,6.0000,-0.00000,-0.04191,0.25538,0.25879
50.1300,STATIC_col3_p6,0.0000,0.0000,0.0000,6.0000,-0.00000,-0.04190,0.25538,0.25879
50.1400,STATIC_col3_p6,0.0000,0.0000,0.0000,6.0000,-0.00000,-0.04189,0.25537,0.25879
50.1500,STATIC_col3_p6,0.0000,0.0000,0.0000,6.0000,-0.00000,-0.04188,0.25537,0.25878
50.1600,STATIC_col3_p6,0.0000,0.0000,0.0000,6.0000,-0.00000,-0.04187,0.25537,0.25878
50.1700,STATIC_col3_p6,0.0000,0.0000,0.0000,6.0000,-0.00000,-0.04186,0.25537,0.25877
50.1800,STATIC_col3_p6,0.0000,0.0000,0.0000,6.0000,-0.00000,-0.04184,0.25536,0.25877
50.1900,STATIC_col3_p6,0.0000,0.0000,0.0000,6.0000,-0.00000,-0.04183,0.25536,0.25876
50.2000,STATIC_col3_p6,0.0000,0.0000,0.0000,6.0000,-0.00000,-0.04182,0.25536,0.25876
50.2100,STATIC_col3_p6,0.0000,0.0000,0.0000,6.0000,-0.00000,-0.04181,0.25535,0.25875
50.2200,STATIC_col3_p6,0.0000,0.0000,0.0000,6.0000,-0.00000,-0.04179,0.25535,0.25875
50.2300,STATIC_col3_p6,0.0000,0.0000,0.0000,6.0000,-0.00000,-0.04178,0.25535,0.25874
50.2400,STATIC_col3_p6,0.0000,0.0000,0.0000,6.0000,-0.00000,-0.04177,0.25535,0.25874
50.2500,STATIC_col3_p6,0.0000,0.0000,0.0000,6.0000,-0.00000,-0.04176,0.25534,0.25874
50.2600,STATIC_col3_p6,0.0000,0.0000,0.0000,6.0000,-0.00000,-0.04174,0.25534,0.25873
50.2700,STATIC_col3_p6,0.0000,0.0000,0.0000,6.0000,-0.00000,-0.04173,0.25534,0.25873
50.2800,STATIC_col3_p6,0.0000,0.0000,0.0000,6.0000,-0.00000,-0.04172,0.25534,0.25872
50.2900,STATIC_col3_p6,0.0000,0.0000,0.0000,6.0000,-0.00000,-0.04171,0.25533,0.25872
50.3000,STATIC_col3_p6,0.0000,0.0000,0.0000,6.0000,-0.00000,-0.04170,0.25533,0.25871
50.3100,STATIC_col3_p6,0.0000,0.0000,0.0000,6.0000,-0.00000,-0.04169,0.25533,0.25871
50.3200,STATIC_col3_p6,0.0000,0.0000,0.0000,6.0000,-0.00000,-0.04168,0.25533,0.25871
50.3300,STATIC_col3_p6,0.0000,0.0000,0.0000,6.0000,0.00000,-0.04168,0.25533,0.25871
50.3400,STATIC_col3_p6,0.0000,0.0000,0.0000,6.0000,0.00000,-0.04167,0.25532,0.25870
50.3500,STATIC_col3_p6,0.0000,0.0000,0.0000,6.0000,0.00000,-0.04166,0.25532,0.25870
50.3600,STATIC_col3_p6,0.0000,0.0000,0.0000,6.0000,0.00000,-0.04166,0.25532,0.25870
50.3700,STATIC_col3_p6,0.0000,0.0000,0.0000,6.0000,0.00000,-0.04165,0.25532,0.25870
50.3800,STATIC_col3_p6,0.0000,0.0000,0.0000,6.0000,0.00000,-0.04165,0.25532,0.25869
50.3900,STATIC_col3_p6,0.0000,0.0000,0.0000,6.0000,0.00000,-0.04165,0.25532,0.25869
50.4000,STATIC_col3_p6,0.0000,0.0000,0.0000,6.0000,0.00000,-0.04164,0.25532,0.25869
50.4100,STATIC_col3_p6,0.0000,0.0000,0.0000,6.0000,0.00000,-0.04164,0.25532,0.25869
50.4200,STATIC_col3_p6,0.0000,0.0000,0.0000,6.0000,0.00000,-0.04164,0.25532,0.25869
50.4300,STATIC_col3_p6,0.0000,0.0000,0.0000,6.0000,0.00000,-0.04164,0.25532,0.25869
50.4400,STATIC_col3_p6,0.0000,0.0000,0.0000,6.0000,0.00000,-0.04164,0.25532,0.25869
50.4500,STATIC_col3_p6,0.0000,0.0000,0.0000,6.0000,0.00000,-0.04164,0.25532,0.25869
50.4600,STATIC_col3_p6,0.0000,0.0000,0.0000,6.0000,0.00000,-0.04164,0.25532,0.25869
50.4700,STATIC_col3_p6,0.0000,0.0000,0.0000,6.0000,0.00000,-0.04164,0.25532,0.25869
50.4800,STATIC_col3_p6,0.0000,0.0000,0.0000,6.0000,0.00000,-0.04165,0.25532,0.25869
50.4900,STATIC_col3_p6,0.0000,0.0000,0.0000,6.0000,0.00000,-0.04165,0.25532,0.25869
50.5000,STATIC_col3_p6,0.0000,0.0000,0.0000,6.0000,0.00000,-0.04165,0.25532,0.25870
50.5100,STATIC_col3_p6,0.0000,0.0000,0.0000,6.0000,0.00000,-0.04166,0.25532,0.25870
50.5200,STATIC_col3_p6,0.0000,0.0000,0.0000,6.0000,0.00000,-0.04166,0.25532,0.25870
50.5300,STATIC_col3_p6,0.0000,0.0000,0.0000,6.0000,0.00000,-0.04166,0.25532,0.25870
50.5400,STATIC_col3_p6,0.0000,0.0000,0.0000,6.0000,0.00000,-0.04167,0.25532,0.25870
50.5500,STATIC_col3_p6,0.0000,0.0000,0.0000,6.0000,0.00000,-0.04167,0.25533,0.25870
50.5600,STATIC_col3_p6,0.0000,0.0000,0.0000,6.0000,0.00000,-0.04168,0.25533,0.25871
50.5700,STATIC_col3_p6,0.0000,0.0000,0.0000,6.0000,0.00000,-0.04169,0.25533,0.25871
50.5800,STATIC_col3_p6,0.0000,0.0000,0.0000,6.0000,0.00000,-0.04169,0.25533,0.25871
50.5900,STATIC_col3_p6,0.0000,0.0000,0.0000,6.0000,0.00000,-0.04170,0.25533,0.25871
50.6000,STATIC_col3_p6,0.0000,0.0000,0.0000,6.0000,0.00000,-0.04170,0.25533,0.25871
50.6100,STATIC_col3_p6,0.0000,0.0000,0.0000,6.0000,0.00000,-0.04171,0.25533,0.25872
50.6200,STATIC_col3_p6,0.0000,0.0000,0.0000,6.0000,0.00000,-0.04171,0.25533,0.25872
50.6300,STATIC_col3_p6,0.0000,0.0000,0.0000,6.0000,0.00000,-0.04172,0.25534,0.25872
50.6400,STATIC_col3_p6,0.0000,0.0000,0.0000,6.0000,0.00000,-0.04172,0.25534,0.25872
50.6500,STATIC_col3_p6,0.0000,0.0000,0.0000,6.0000,0.00000,-0.04173,0.25534,0.25873
50.6600,STATIC_col3_p6,0.0000,0.0000,0.0000,6.0000,0.00000,-0.04173,0.25534,0.25873
50.6700,STATIC_col3_p6,0.0000,0.0000,0.0000,6.0000,0.00000,-0.04174,0.25534,0.25873
50.6800,STATIC_col3_p6,0.0000,0.0000,0.0000,6.0000,0.00000,-0.04174,0.25534,0.25873
50.6900,STATIC_col3_p6,0.0000,0.0000,0.0000,6.0000,0.00000,-0.04175,0.25534,0.25873
50.7000,STATIC_col3_p6,0.0000,0.0000,0.0000,6.0000,0.00000,-0.04175,0.25534,0.25873
50.7100,STATIC_col3_p6,0.0000,0.0000,0.0000,6.0000,-0.00000,-0.04176,0.25534,0.25874
50.7200,STATIC_col3_p6,0.0000,0.0000,0.0000,6.0000,-0.00000,-0.04176,0.25534,0.25874
50.7300,STATIC_col3_p6,0.0000,0.0000,0.0000,6.0000,-0.00000,-0.04176,0.25535,0.25874
50.7400,STATIC_col3_p6,0.0000,0.0000,0.0000,6.0000,-0.00000,-0.04177,0.25535,0.25874
50.7500,STATIC_col3_p6,0.0000,0.0000,0.0000,6.0000,-0.00000,-0.04177,0.25535,0.25874
50.7600,STATIC_col3_p6,0.0000,0.0000,0.0000,6.0000,-0.00000,-0.04177,0.25535,0.25874
50.7700,STATIC_col3_p6,0.0000,0.0000,0.0000,6.0000,-0.00000,-0.04177,0.25535,0.25874
50.7800,STATIC_col3_p6,0.0000,0.0000,0.0000,6.0000,-0.00000,-0.04177,0.25535,0.25874
50.7900,STATIC_col3_p6,0.0000,0.0000,0.0000,6.0000,-0.00000,-0.04177,0.25535,0.25874
50.8000,STATIC_col3_p6,0.0000,0.0000,0.0000,6.0000,-0.00000,-0.04177,0.25535,0.25874
50.8100,STATIC_col3_p6,0.0000,0.0000,0.0000,6.0000,-0.00000,-0.04178,0.25535,0.25874
50.8200,STATIC_col3_p6,0.0000,0.0000,0.0000,6.0000,-0.00000,-0.04178,0.25535,0.25874
50.8300,STATIC_col3_p6,0.0000,0.0000,0.0000,6.0000,-0.00000,-0.04178,0.25535,0.25874
50.8400,STATIC_col3_p6,0.0000,0.0000,0.0000,6.0000,-0.00000,-0.04177,0.25535,0.25874
50.8500,STATIC_col3_p6,0.0000,0.0000,0.0000,6.0000,-0.00000,-0.04177,0.25535,0.25874
50.8600,STATIC_col3_p6,0.0000,0.0000,0.0000,6.0000,-0.00000,-0.04177,0.25535,0.25874
50.8700,STATIC_col3_p6,0.0000,0.0000,0.0000,6.0000,-0.00000,-0.04177,0.25535,0.25874
50.8800,STATIC_col3_p6,0.0000,0.0000,0.0000,6.0000,-0.00000,-0.04177,0.25535,0.25874
50.8900,STATIC_col3_p6,0.0000,0.0000,0.0000,6.0000,-0.00000,-0.04177,0.25535,0.25874
50.9000,STATIC_col3_p6,0.0000,0.0000,0.0000,6.0000,-0.00000,-0.04177,0.25535,0.25874
50.9100,STATIC_col3_p6,0.0000,0.0000,0.0000,6.0000,-0.00000,-0.04177,0.25535,0.25874
50.9200,STATIC_col3_p6,0.0000,0.0000,0.0000,6.0000,-0.00000,-0.04176,0.25535,0.25874
50.9300,STATIC_col3_p6,0.0000,0.0000,0.0000,6.0000,-0.00000,-0.04176,0.25534,0.25874
50.9400,STATIC_col3_p6,0.0000,0.0000,0.0000,6.0000,-0.00000,-0.04176,0.25534,0.25874
50.9500,STATIC_col3_p6,0.0000,0.0000,0.0000,6.0000,-0.00000,-0.04176,0.25534,0.25874
50.9600,STATIC_col3_p6,0.0000,0.0000,0.0000,6.0000,-0.00000,-0.04175,0.25534,0.25873
50.9700,STATIC_col3_p6,0.0000,0.0000,0.0000,6.0000,-0.00000,-0.04175,0.25534,0.25873
50.9800,STATIC_col3_p6,0.0000,0.0000,0.0000,6.0000,-0.00000,-0.04175,0.25534,0.25873
50.9900,STATIC_col3_p6,0.0000,0.0000,0.0000,6.0000,-0.00000,-0.04175,0.25534,0.25873
51.0000,STATIC_col3_p6,0.0000,0.0000,0.0000,6.0000,-0.00000,-0.04174,0.25534,0.25873
51.0100,STATIC_col3_p9,0.0000,0.0000,0.0000,9.0000,-0.00000,-0.04174,0.25534,0.25873
51.0200,STATIC_col3_p9,0.0000,0.0000,0.0000,9.0000,-0.00000,-0.04176,0.25534,0.25874
51.0300,STATIC_col3_p9,0.0000,0.0000,0.0000,9.0000,-0.00000,-0.04180,0.25535,0.25875
51.0400,STATIC_col3_p9,0.0000,0.0000,0.0000,9.0000,-0.00000,-0.04187,0.25536,0.25877
51.0500,STATIC_col3_p9,0.0000,0.0000,0.0000,9.0000,-0.00000,-0.04198,0.25538,0.25881
51.0600,STATIC_col3_p9,0.0000,0.0000,0.0000,9.0000,-0.00000,-0.04213,0.25541,0.25886
51.0700,STATIC_col3_p9,0.0000,0.0000,0.0000,9.0000,-0.00000,-0.04231,0.25544,0.25892
51.0800,STATIC_col3_p9,0.0000,0.0000,0.0000,9.0000,-0.00000,-0.04254,0.25549,0.25900
51.0900,STATIC_col3_p9,0.0000,0.0000,0.0000,9.0000,-0.00000,-0.04280,0.25554,0.25910
51.1000,STATIC_col3_p9,0.0000,0.0000,0.0000,9.0000,0.00000,-0.04312,0.25561,0.25922
51.1100,STATIC_col3_p9,0.0000,0.0000,0.0000,9.0000,0.00000,-0.04347,0.25569,0.25936
51.1200,STATIC_col3_p9,0.0000,0.0000,0.0000,9.0000,0.00000,-0.04387,0.25578,0.25951
51.1300,STATIC_col3_p9,0.0000,0.0000,0.0000,9.0000,0.00000,-0.04431,0.25588,0.25969
51.1400,STATIC_col3_p9,0.0000,0.0000,0.0000,9.0000,0.00000,-0.04478,0.25600,0.25989
51.1500,STATIC_col3_p9,0.0000,0.0000,0.0000,9.0000,0.00000,-0.04530,0.25613,0.26011
51.1600,STATIC_col3_p9,0.0000,0.0000,0.0000,9.0000,0.00000,-0.04584,0.25628,0.26035
51.1700,STATIC_col3_p9,0.0000,0.0000,0.0000,9.0000,0.00000,-0.04643,0.25643,0.26060
51.1800,STATIC_col3_p9,0.0000,0.0000,0.0000,9.0000,0.00000,-0.04703,0.25660,0.26088
51.1900,STATIC_col3_p9,0.0000,0.0000,0.0000,9.0000,0.00000,-0.04767,0.25678,0.26117
51.2000,STATIC_col3_p9,0.0000,0.0000,0.0000,9.0000,0.00000,-0.04833,0.25697,0.26147
51.2100,STATIC_col3_p9,0.0000,0.0000,0.0000,9.0000,0.00000,-0.04900,0.25716,0.26179
51.2200,STATIC_col3_p9,0.0000,0.0000,0.0000,9.0000,0.00000,-0.04969,0.25737,0.26212
51.2300,STATIC_col3_p9,0.0000,0.0000,0.0000,9.0000,0.00000,-0.05039,0.25757,0.26246
51.2400,STATIC_col3_p9,0.0000,0.0000,0.0000,9.0000,0.00000,-0.05110,0.25779,0.26281
51.2500,STATIC_col3_p9,0.0000,0.0000,0.0000,9.0000,0.00000,-0.05181,0.25801,0.26316
51.2600,STATIC_col3_p9,0.0000,0.0000,0.0000,9.0000,0.00000,-0.05253,0.25823,0.26352
51.2700,STATIC_col3_p9,0.0000,0.0000,0.0000,9.0000,0.00000,-0.05323,0.25845,0.26388
51.2800,STATIC_col3_p9,0.0000,0.0000,0.0000,9.0000,0.00000,-0.05394,0.25868,0.26424
51.2900,STATIC_col3_p9,0.0000,0.0000,0.0000,9.0000,0.00000,-0.05463,0.25890,0.26460
51.3000,STATIC_col3_p9,0.0000,0.0000,0.0000,9.0000,0.00000,-0.05530,0.25912,0.26496
51.3100,STATIC_col3_p9,0.0000,0.0000,0.0000,9.0000,0.00000,-0.05596,0.25934,0.26531
51.3200,STATIC_col3_p9,0.0000,0.0000,0.0000,9.0000,0.00000,-0.05660,0.25955,0.26565
51.3300,STATIC_col3_p9,0.0000,0.0000,0.0000,9.0000,0.00000,-0.05721,0.25976,0.26599
51.3400,STATIC_col3_p9,0.0000,0.0000,0.0000,9.0000,0.00000,-0.05780,0.25997,0.26631
51.3500,STATIC_col3_p9,0.0000,0.0000,0.0000,9.0000,0.00000,-0.05836,0.26016,0.26663
51.3600,STATIC_col3_p9,0.0000,0.0000,0.0000,9.0000,0.00000,-0.05890,0.26035,0.26693
51.3700,STATIC_col3_p9,0.0000,0.0000,0.0000,9.0000,0.00000,-0.05940,0.26053,0.26721
51.3800,STATIC_col3_p9,0.0000,0.0000,0.0000,9.0000,0.00000,-0.05986,0.26070,0.26748
51.3900,STATIC_col3_p9,0.0000,0.0000,0.0000,9.0000,0.00000,-0.06030,0.26086,0.26774
51.4000,STATIC_col3_p9,0.0000,0.0000,0.0000,9.0000,0.00000,-0.06070,0.26101,0.26797
51.4100,STATIC_col3_p9,0.0000,0.0000,0.0000,9.0000,0.00000,-0.06106,0.26114,0.26819
51.4200,STATIC_col3_p9,0.0000,0.0000,0.0000,9.0000,0.00000,-0.06139,0.26127,0.26838
51.4300,STATIC_col3_p9,0.0000,0.0000,0.0000,9.0000,0.00000,-0.06167,0.26138,0.26856
51.4400,STATIC_col3_p9,0.0000,0.0000,0.0000,9.0000,0.00000,-0.06193,0.26148,0.26871
51.4500,STATIC_col3_p9,0.0000,0.0000,0.0000,9.0000,0.00000,-0.06214,0.26157,0.26885
51.4600,STATIC_col3_p9,0.0000,0.0000,0.0000,9.0000,0.00000,-0.06232,0.26164,0.26896
51.4700,STATIC_col3_p9,0.0000,0.0000,0.0000,9.0000,0.00000,-0.06247,0.26170,0.26906
51.4800,STATIC_col3_p9,0.0000,0.0000,0.0000,9.0000,-0.00000,-0.06258,0.26175,0.26913
51.4900,STATIC_col3_p9,0.0000,0.0000,0.0000,9.0000,-0.00000,-0.06265,0.26179,0.26918
51.5000,STATIC_col3_p9,0.0000,0.0000,0.0000,9.0000,-0.00000,-0.06269,0.26182,0.26922
51.5100,STATIC_col3_p9,0.0000,0.0000,0.0000,9.0000,-0.00000,-0.06271,0.26183,0.26923
51.5200,STATIC_col3_p9,0.0000,0.0000,0.0000,9.0000,-0.00000,-0.06269,0.26183,0.26923
51.5300,STATIC_col3_p9,0.0000,0.0000,0.0000,9.0000,-0.00000,-0.06264,0.26183,0.26921
51.5400,STATIC_col3_p9,0.0000,0.0000,0.0000,9.0000,-0.00000,-0.06256,0.26181,0.26918
51.5500,STATIC_col3_p9,0.0000,0.0000,0.0000,9.0000,-0.00000,-0.06247,0.26178,0.26913
51.5600,STATIC_col3_p9,0.0000,0.0000,0.0000,9.0000,-0.00000,-0.06234,0.26175,0.26907
51.5700,STATIC_col3_p9,0.0000,0.0000,0.0000,9.0000,-0.00000,-0.06220,0.26171,0.26900
51.5800,STATIC_col3_p9,0.0000,0.0000,0.0000,9.0000,-0.00000,-0.06204,0.26166,0.26891
51.5900,STATIC_col3_p9,0.0000,0.0000,0.0000,9.0000,-0.00000,-0.06186,0.26160,0.26881
51.6000,STATIC_col3_p9,0.0000,0.0000,0.0000,9.0000,-0.00000,-0.06166,0.26154,0.26871
51.6100,STATIC_col3_p9,0.0000,0.0000,0.0000,9.0000,-0.00000,-0.06145,0.26148,0.26860
51.6200,STATIC_col3_p9,0.0000,0.0000,0.0000,9.0000,-0.00000,-0.06123,0.26141,0.26848
51.6300,STATIC_col3_p9,0.0000,0.0000,0.0000,9.0000,-0.00000,-0.06100,0.26133,0.26836
51.6400,STATIC_col3_p9,0.0000,0.0000,0.0000,9.0000,-0.00000,-0.06077,0.26126,0.26823
51.6500,STATIC_col3_p9,0.0000,0.0000,0.0000,9.0000,-0.00000,-0.06052,0.26118,0.26810
51.6600,STATIC_col3_p9,0.0000,0.0000,0.0000,9.0000,-0.00000,-0.06028,0.26111,0.26797
51.6700,STATIC_col3_p9,0.0000,0.0000,0.0000,9.0000,-0.00000,-0.06003,0.26103,0.26784
51.6800,STATIC_col3_p9,0.0000,0.0000,0.0000,9.0000,-0.00000,-0.05979,0.26095,0.26771
51.6900,STATIC_col3_p9,0.0000,0.0000,0.0000,9.0000,-0.00000,-0.05954,0.26088,0.26758
51.7000,STATIC_col3_p9,0.0000,0.0000,0.0000,9.0000,-0.00000,-0.05930,0.26080,0.26746
51.7100,STATIC_col3_p9,0.0000,0.0000,0.0000,9.0000,-0.00000,-0.05907,0.26073,0.26734
51.7200,STATIC_col3_p9,0.0000,0.0000,0.0000,9.0000,-0.00000,-0.05884,0.26066,0.26722
51.7300,STATIC_col3_p9,0.0000,0.0000,0.0000,9.0000,-0.00000,-0.05862,0.26059,0.26710
51.7400,STATIC_col3_p9,0.0000,0.0000,0.0000,9.0000,-0.00000,-0.05841,0.26053,0.26699
51.7500,STATIC_col3_p9,0.0000,0.0000,0.0000,9.0000,-0.00000,-0.05821,0.26046,0.26689
51.7600,STATIC_col3_p9,0.0000,0.0000,0.0000,9.0000,-0.00000,-0.05802,0.26041,0.26679
51.7700,STATIC_col3_p9,0.0000,0.0000,0.0000,9.0000,-0.00000,-0.05785,0.26035,0.26670
51.7800,STATIC_col3_p9,0.0000,0.0000,0.0000,9.0000,-0.00000,-0.05768,0.26030,0.26662
51.7900,STATIC_col3_p9,0.0000,0.0000,0.0000,9.0000,-0.00000,-0.05753,0.26026,0.26654
51.8000,STATIC_col3_p9,0.0000,0.0000,0.0000,9.0000,-0.00000,-0.05740,0.26022,0.26647
51.8100,STATIC_col3_p9,0.0000,0.0000,0.0000,9.0000,-0.00000,-0.05727,0.26018,0.26641
51.8200,STATIC_col3_p9,0.0000,0.0000,0.0000,9.0000,-0.00000,-0.05717,0.26015,0.26636
51.8300,STATIC_col3_p9,0.0000,0.0000,0.0000,9.0000,-0.00000,-0.05708,0.26013,0.26631
51.8400,STATIC_col3_p9,0.0000,0.0000,0.0000,9.0000,-0.00000,-0.05700,0.26010,0.26628
51.8500,STATIC_col3_p9,0.0000,0.0000,0.0000,9.0000,-0.00000,-0.05694,0.26009,0.26625
51.8600,STATIC_col3_p9,0.0000,0.0000,0.0000,9.0000,0.00000,-0.05689,0.26007,0.26622
51.8700,STATIC_col3_p9,0.0000,0.0000,0.0000,9.0000,0.00000,-0.05686,0.26007,0.26621
51.8800,STATIC_col3_p9,0.0000,0.0000,0.0000,9.0000,0.00000,-0.05684,0.26006,0.26620
51.8900,STATIC_col3_p9,0.0000,0.0000,0.0000,9.0000,0.00000,-0.05683,0.26006,0.26620
51.9000,STATIC_col3_p9,0.0000,0.0000,0.0000,9.0000,0.00000,-0.05684,0.26007,0.26620
51.9100,STATIC_col3_p9,0.0000,0.0000,0.0000,9.0000,0.00000,-0.05686,0.26007,0.26622
51.9200,STATIC_col3_p9,0.0000,0.0000,0.0000,9.0000,0.00000,-0.05690,0.26008,0.26624
51.9300,STATIC_col3_p9,0.0000,0.0000,0.0000,9.0000,0.00000,-0.05694,0.26010,0.26626
51.9400,STATIC_col3_p9,0.0000,0.0000,0.0000,9.0000,0.00000,-0.05700,0.26012,0.26629
51.9500,STATIC_col3_p9,0.0000,0.0000,0.0000,9.0000,0.00000,-0.05706,0.26014,0.26632
51.9600,STATIC_col3_p9,0.0000,0.0000,0.0000,9.0000,0.00000,-0.05713,0.26016,0.26636
51.9700,STATIC_col3_p9,0.0000,0.0000,0.0000,9.0000,0.00000,-0.05721,0.26019,0.26640
51.9800,STATIC_col3_p9,0.0000,0.0000,0.0000,9.0000,0.00000,-0.05730,0.26022,0.26645
51.9900,STATIC_col3_p9,0.0000,0.0000,0.0000,9.0000,0.00000,-0.05740,0.26025,0.26650
52.0000,STATIC_col3_p9,0.0000,0.0000,0.0000,9.0000,0.00000,-0.05750,0.26028,0.26655
52.0100,STATIC_col3_p9,0.0000,0.0000,0.0000,9.0000,0.00000,-0.05760,0.26031,0.26661
52.0200,STATIC_col3_p9,0.0000,0.0000,0.0000,9.0000,0.00000,-0.05771,0.26035,0.26667
52.0300,STATIC_col3_p9,0.0000,0.0000,0.0000,9.0000,0.00000,-0.05782,0.26038,0.26672
52.0400,STATIC_col3_p9,0.0000,0.0000,0.0000,9.0000,0.00000,-0.05793,0.26042,0.26678
52.0500,STATIC_col3_p9,0.0000,0.0000,0.0000,9.0000,0.00000,-0.05804,0.26045,0.26684
52.0600,STATIC_col3_p9,0.0000,0.0000,0.0000,9.0000,0.00000,-0.05816,0.26049,0.26690
52.0700,STATIC_col3_p9,0.0000,0.0000,0.0000,9.0000,0.00000,-0.05827,0.26053,0.26696
52.0800,STATIC_col3_p9,0.0000,0.0000,0.0000,9.0000,0.00000,-0.05838,0.26056,0.26702
52.0900,STATIC_col3_p9,0.0000,0.0000,0.0000,9.0000,0.00000,-0.05849,0.26060,0.26708
52.1000,STATIC_col3_p9,0.0000,0.0000,0.0000,9.0000,0.00000,-0.05860,0.26063,0.26714
52.1100,STATIC_col3_p9,0.0000,0.0000,0.0000,9.0000,0.00000,-0.05870,0.26067,0.26720
52.1200,STATIC_col3_p9,0.0000,0.0000,0.0000,9.0000,0.00000,-0.05880,0.26070,0.26725
52.1300,STATIC_col3_p9,0.0000,0.0000,0.0000,9.0000,0.00000,-0.05890,0.26073,0.26730
52.1400,STATIC_col3_p9,0.0000,0.0000,0.0000,9.0000,0.00000,-0.05899,0.26076,0.26735
52.1500,STATIC_col3_p9,0.0000,0.0000,0.0000,9.0000,0.00000,-0.05907,0.26079,0.26739
52.1600,STATIC_col3_p9,0.0000,0.0000,0.0000,9.0000,0.00000,-0.05915,0.26081,0.26744
52.1700,STATIC_col3_p9,0.0000,0.0000,0.0000,9.0000,0.00000,-0.05923,0.26084,0.26748
52.1800,STATIC_col3_p9,0.0000,0.0000,0.0000,9.0000,0.00000,-0.05929,0.26086,0.26751
52.1900,STATIC_col3_p9,0.0000,0.0000,0.0000,9.0000,0.00000,-0.05935,0.26088,0.26755
52.2000,STATIC_col3_p9,0.0000,0.0000,0.0000,9.0000,0.00000,-0.05941,0.26090,0.26758
52.2100,STATIC_col3_p9,0.0000,0.0000,0.0000,9.0000,0.00000,-0.05946,0.26091,0.26760
52.2200,STATIC_col3_p9,0.0000,0.0000,0.0000,9.0000,0.00000,-0.05950,0.26093,0.26762
52.2300,STATIC_col3_p9,0.0000,0.0000,0.0000,9.0000,0.00000,-0.05953,0.26094,0.26764
52.2400,STATIC_col3_p9,0.0000,0.0000,0.0000,9.0000,-0.00000,-0.05956,0.26095,0.26766
52.2500,STATIC_col3_p9,0.0000,0.0000,0.0000,9.0000,-0.00000,-0.05958,0.26095,0.26767
52.2600,STATIC_col3_p9,0.0000,0.0000,0.0000,9.0000,-0.00000,-0.05960,0.26096,0.26768
52.2700,STATIC_col3_p9,0.0000,0.0000,0.0000,9.0000,-0.00000,-0.05960,0.26096,0.26768
52.2800,STATIC_col3_p9,0.0000,0.0000,0.0000,9.0000,-0.00000,-0.05961,0.26096,0.26768
52.2900,STATIC_col3_p9,0.0000,0.0000,0.0000,9.0000,-0.00000,-0.05960,0.26096,0.26768
52.3000,STATIC_col3_p9,0.0000,0.0000,0.0000,9.0000,-0.00000,-0.05959,0.26096,0.26768
52.3100,STATIC_col3_p9,0.0000,0.0000,0.0000,9.0000,-0.00000,-0.05958,0.26095,0.26767
52.3200,STATIC_col3_p9,0.0000,0.0000,0.0000,9.0000,-0.00000,-0.05956,0.26095,0.26766
52.3300,STATIC_col3_p9,0.0000,0.0000,0.0000,9.0000,-0.00000,-0.05954,0.26094,0.26765
52.3400,STATIC_col3_p9,0.0000,0.0000,0.0000,9.0000,-0.00000,-0.05951,0.26093,0.26763
52.3500,STATIC_col3_p9,0.0000,0.0000,0.0000,9.0000,-0.00000,-0.05948,0.26092,0.26761
52.3600,STATIC_col3_p9,0.0000,0.0000,0.0000,9.0000,-0.00000,-0.05944,0.26091,0.26760
52.3700,STATIC_col3_p9,0.0000,0.0000,0.0000,9.0000,-0.00000,-0.05940,0.26090,0.26757
52.3800,STATIC_col3_p9,0.0000,0.0000,0.0000,9.0000,-0.00000,-0.05936,0.26088,0.26755
52.3900,STATIC_col3_p9,0.0000,0.0000,0.0000,9.0000,-0.00000,-0.05932,0.26087,0.26753
52.4000,STATIC_col3_p9,0.0000,0.0000,0.0000,9.0000,-0.00000,-0.05927,0.26085,0.26750
52.4100,STATIC_col3_p9,0.0000,0.0000,0.0000,9.0000,-0.00000,-0.05923,0.26084,0.26748
52.4200,STATIC_col3_p9,0.0000,0.0000,0.0000,9.0000,-0.00000,-0.05918,0.26082,0.26745
52.4300,STATIC_col3_p9,0.0000,0.0000,0.0000,9.0000,-0.00000,-0.05913,0.26081,0.26743
52.4400,STATIC_col3_p9,0.0000,0.0000,0.0000,9.0000,-0.00000,-0.05908,0.26079,0.26740
52.4500,STATIC_col3_p9,0.0000,0.0000,0.0000,9.0000,-0.00000,-0.05903,0.26078,0.26737
52.4600,STATIC_col3_p9,0.0000,0.0000,0.0000,9.0000,-0.00000,-0.05898,0.26076,0.26735
52.4700,STATIC_col3_p9,0.0000,0.0000,0.0000,9.0000,-0.00000,-0.05893,0.26074,0.26732
52.4800,STATIC_col3_p9,0.0000,0.0000,0.0000,9.0000,-0.00000,-0.05888,0.26073,0.26729
52.4900,STATIC_col3_p9,0.0000,0.0000,0.0000,9.0000,-0.00000,-0.05884,0.26071,0.26727
52.5000,STATIC_col3_p9,0.0000,0.0000,0.0000,9.0000,-0.00000,-0.05879,0.26070,0.26725
52.5100,STATIC_col3_p9,0.0000,0.0000,0.0000,9.0000,-0.00000,-0.05875,0.26069,0.26722
52.5200,STATIC_col3_p9,0.0000,0.0000,0.0000,9.0000,-0.00000,-0.05871,0.26067,0.26720
52.5300,STATIC_col3_p9,0.0000,0.0000,0.0000,9.0000,-0.00000,-0.05867,0.26066,0.26718
52.5400,STATIC_col3_p9,0.0000,0.0000,0.0000,9.0000,-0.00000,-0.05863,0.26065,0.26716
52.5500,STATIC_col3_p9,0.0000,0.0000,0.0000,9.0000,-0.00000,-0.05859,0.26064,0.26714
52.5600,STATIC_col3_p9,0.0000,0.0000,0.0000,9.0000,-0.00000,-0.05856,0.26063,0.26712
52.5700,STATIC_col3_p9,0.0000,0.0000,0.0000,9.0000,-0.00000,-0.05853,0.26062,0.26711
52.5800,STATIC_col3_p9,0.0000,0.0000,0.0000,9.0000,-0.00000,-0.05851,0.26061,0.26709
52.5900,STATIC_col3_p9,0.0000,0.0000,0.0000,9.0000,-0.00000,-0.05848,0.26060,0.26708
52.6000,STATIC_col3_p9,0.0000,0.0000,0.0000,9.0000,-0.00000,-0.05846,0.26059,0.26707
52.6100,STATIC_col3_p9,0.0000,0.0000,0.0000,9.0000,-0.00000,-0.05844,0.26059,0.26706
52.6200,STATIC_col3_p9,0.0000,0.0000,0.0000,9.0000,0.00000,-0.05843,0.26058,0.26705
52.6300,STATIC_col3_p9,0.0000,0.0000,0.0000,9.0000,0.00000,-0.05842,0.26058,0.26705
52.6400,STATIC_col3_p9,0.0000,0.0000,0.0000,9.0000,0.00000,-0.05841,0.26058,0.26704
52.6500,STATIC_col3_p9,0.0000,0.0000,0.0000,9.0000,0.00000,-0.05840,0.26058,0.26704
52.6600,STATIC_col3_p9,0.0000,0.0000,0.0000,9.0000,0.00000,-0.05840,0.26057,0.26704
52.6700,STATIC_col3_p9,0.0000,0.0000,0.0000,9.0000,0.00000,-0.05840,0.26057,0.26704
52.6800,STATIC_col3_p9,0.0000,0.0000,0.0000,9.0000,0.00000,-0.05840,0.26057,0.26704
52.6900,STATIC_col3_p9,0.0000,0.0000,0.0000,9.0000,0.00000,-0.05840,0.26058,0.26704
52.7000,STATIC_col3_p9,0.0000,0.0000,0.0000,9.0000,0.00000,-0.05841,0.26058,0.26704
52.7100,STATIC_col3_p9,0.0000,0.0000,0.0000,9.0000,0.00000,-0.05842,0.26058,0.26705
52.7200,STATIC_col3_p9,0.0000,0.0000,0.0000,9.0000,0.00000,-0.05843,0.26058,0.26705
52.7300,STATIC_col3_p9,0.0000,0.0000,0.0000,9.0000,0.00000,-0.05844,0.26059,0.26706
52.7400,STATIC_col3_p9,0.0000,0.0000,0.0000,9.0000,0.00000,-0.05846,0.26059,0.26707
52.7500,STATIC_col3_p9,0.0000,0.0000,0.0000,9.0000,0.00000,-0.05847,0.26060,0.26708
52.7600,STATIC_col3_p9,0.0000,0.0000,0.0000,9.0000,0.00000,-0.05849,0.26060,0.26709
52.7700,STATIC_col3_p9,0.0000,0.0000,0.0000,9.0000,0.00000,-0.05851,0.26061,0.26710
52.7800,STATIC_col3_p9,0.0000,0.0000,0.0000,9.0000,0.00000,-0.05853,0.26062,0.26711
52.7900,STATIC_col3_p9,0.0000,0.0000,0.0000,9.0000,0.00000,-0.05855,0.26062,0.26712
52.8000,STATIC_col3_p9,0.0000,0.0000,0.0000,9.0000,0.00000,-0.05857,0.26063,0.26713
52.8100,STATIC_col3_p9,0.0000,0.0000,0.0000,9.0000,0.00000,-0.05859,0.26064,0.26714
52.8200,STATIC_col3_p9,0.0000,0.0000,0.0000,9.0000,0.00000,-0.05861,0.26064,0.26715
52.8300,STATIC_col3_p9,0.0000,0.0000,0.0000,9.0000,0.00000,-0.05863,0.26065,0.26716
52.8400,STATIC_col3_p9,0.0000,0.0000,0.0000,9.0000,0.00000,-0.05866,0.26066,0.26718
52.8500,STATIC_col3_p9,0.0000,0.0000,0.0000,9.0000,0.00000,-0.05868,0.26066,0.26719
52.8600,STATIC_col3_p9,0.0000,0.0000,0.0000,9.0000,0.00000,-0.05870,0.26067,0.26720
52.8700,STATIC_col3_p9,0.0000,0.0000,0.0000,9.0000,0.00000,-0.05872,0.26068,0.26721
52.8800,STATIC_col3_p9,0.0000,0.0000,0.0000,9.0000,0.00000,-0.05874,0.26068,0.26722
52.8900,STATIC_col3_p9,0.0000,0.0000,0.0000,9.0000,0.00000,-0.05876,0.26069,0.26723
52.9000,STATIC_col3_p9,0.0000,0.0000,0.0000,9.0000,0.00000,-0.05878,0.26070,0.26724
52.9100,STATIC_col3_p9,0.0000,0.0000,0.0000,9.0000,0.00000,-0.05880,0.26070,0.26725
52.9200,STATIC_col3_p9,0.0000,0.0000,0.0000,9.0000,0.00000,-0.05882,0.26071,0.26726
52.9300,STATIC_col3_p9,0.0000,0.0000,0.0000,9.0000,0.00000,-0.05883,0.26071,0.26727
52.9400,STATIC_col3_p9,0.0000,0.0000,0.0000,9.0000,0.00000,-0.05885,0.26072,0.26728
52.9500,STATIC_col3_p9,0.0000,0.0000,0.0000,9.0000,0.00000,-0.05886,0.26072,0.26729
52.9600,STATIC_col3_p9,0.0000,0.0000,0.0000,9.0000,0.00000,-0.05888,0.26073,0.26729
52.9700,STATIC_col3_p9,0.0000,0.0000,0.0000,9.0000,0.00000,-0.05889,0.26073,0.26730
52.9800,STATIC_col3_p9,0.0000,0.0000,0.0000,9.0000,0.00000,-0.05890,0.26073,0.26730
52.9900,STATIC_col3_p9,0.0000,0.0000,0.0000,9.0000,0.00000,-0.05891,0.26074,0.26731
53.0000,STATIC_col3_p9,0.0000,0.0000,0.0000,9.0000,-0.00000,-0.05891,0.26074,0.26731
53.0100,STATIC_col3_p9,0.0000,0.0000,0.0000,9.0000,-0.00000,-0.05892,0.26074,0.26732
53.0200,STATIC_col3_p9,0.0000,0.0000,0.0000,9.0000,-0.00000,-0.05893,0.26074,0.26732
53.0300,STATIC_col3_p9,0.0000,0.0000,0.0000,9.0000,-0.00000,-0.05893,0.26075,0.26732
53.0400,STATIC_col3_p9,0.0000,0.0000,0.0000,9.0000,-0.00000,-0.05893,0.26075,0.26732
53.0500,STATIC_col3_p9,0.0000,0.0000,0.0000,9.0000,-0.00000,-0.05893,0.26075,0.26732
53.0600,STATIC_col3_p9,0.0000,0.0000,0.0000,9.0000,-0.00000,-0.05893,0.26075,0.26732
53.0700,STATIC_col3_p9,0.0000,0.0000,0.0000,9.0000,-0.00000,-0.05893,0.26075,0.26732
53.0800,STATIC_col3_p9,0.0000,0.0000,0.0000,9.0000,-0.00000,-0.05893,0.26075,0.26732
53.0900,STATIC_col3_p9,0.0000,0.0000,0.0000,9.0000,-0.00000,-0.05893,0.26074,0.26732
53.1000,STATIC_col3_p9,0.0000,0.0000,0.0000,9.0000,-0.00000,-0.05892,0.26074,0.26732
53.1100,STATIC_col3_p9,0.0000,0.0000,0.0000,9.0000,-0.00000,-0.05892,0.26074,0.26732
53.1200,STATIC_col3_p9,0.0000,0.0000,0.0000,9.0000,-0.00000,-0.05891,0.26074,0.26731
53.1300,STATIC_col3_p9,0.0000,0.0000,0.0000,9.0000,-0.00000,-0.05891,0.26074,0.26731
53.1400,STATIC_col3_p9,0.0000,0.0000,0.0000,9.0000,-0.00000,-0.05890,0.26074,0.26731
53.1500,STATIC_col3_p9,0.0000,0.0000,0.0000,9.0000,-0.00000,-0.05889,0.26073,0.26730
53.1600,STATIC_col3_p9,0.0000,0.0000,0.0000,9.0000,-0.00000,-0.05888,0.26073,0.26730
53.1700,STATIC_col3_p9,0.0000,0.0000,0.0000,9.0000,-0.00000,-0.05888,0.26073,0.26729
53.1800,STATIC_col3_p9,0.0000,0.0000,0.0000,9.0000,-0.00000,-0.05887,0.26072,0.26729
53.1900,STATIC_col3_p9,0.0000,0.0000,0.0000,9.0000,-0.00000,-0.05886,0.26072,0.26728
53.2000,STATIC_col3_p9,0.0000,0.0000,0.0000,9.0000,-0.00000,-0.05885,0.26072,0.26728
53.2100,STATIC_col3_p9,0.0000,0.0000,0.0000,9.0000,-0.00000,-0.05884,0.26072,0.26727
53.2200,STATIC_col3_p9,0.0000,0.0000,0.0000,9.0000,-0.00000,-0.05883,0.26071,0.26727
53.2300,STATIC_col3_p9,0.0000,0.0000,0.0000,9.0000,-0.00000,-0.05882,0.26071,0.26726
53.2400,STATIC_col3_p9,0.0000,0.0000,0.0000,9.0000,-0.00000,-0.05881,0.26071,0.26726
53.2500,STATIC_col3_p9,0.0000,0.0000,0.0000,9.0000,-0.00000,-0.05880,0.26070,0.26725
53.2600,STATIC_col3_p9,0.0000,0.0000,0.0000,9.0000,-0.00000,-0.05879,0.26070,0.26725
53.2700,STATIC_col3_p9,0.0000,0.0000,0.0000,9.0000,-0.00000,-0.05878,0.26070,0.26724
53.2800,STATIC_col3_p9,0.0000,0.0000,0.0000,9.0000,-0.00000,-0.05877,0.26069,0.26724
53.2900,STATIC_col3_p9,0.0000,0.0000,0.0000,9.0000,-0.00000,-0.05876,0.26069,0.26723
53.3000,STATIC_col3_p9,0.0000,0.0000,0.0000,9.0000,-0.00000,-0.05876,0.26069,0.26723
53.3100,STATIC_col3_p9,0.0000,0.0000,0.0000,9.0000,-0.00000,-0.05875,0.26069,0.26722
53.3200,STATIC_col3_p9,0.0000,0.0000,0.0000,9.0000,-0.00000,-0.05874,0.26068,0.26722
53.3300,STATIC_col3_p9,0.0000,0.0000,0.0000,9.0000,-0.00000,-0.05873,0.26068,0.26722
53.3400,STATIC_col3_p9,0.0000,0.0000,0.0000,9.0000,-0.00000,-0.05873,0.26068,0.26721
53.3500,STATIC_col3_p9,0.0000,0.0000,0.0000,9.0000,-0.00000,-0.05872,0.26068,0.26721
53.3600,STATIC_col3_p9,0.0000,0.0000,0.0000,9.0000,-0.00000,-0.05872,0.26068,0.26721
53.3700,STATIC_col3_p9,0.0000,0.0000,0.0000,9.0000,-0.00000,-0.05871,0.26068,0.26721
53.3800,STATIC_col3_p9,0.0000,0.0000,0.0000,9.0000,0.00000,-0.05871,0.26067,0.26720
53.3900,STATIC_col3_p9,0.0000,0.0000,0.0000,9.0000,0.00000,-0.05871,0.26067,0.26720
53.4000,STATIC_col3_p9,0.0000,0.0000,0.0000,9.0000,0.00000,-0.05870,0.26067,0.26720
53.4100,STATIC_col3_p9,0.0000,0.0000,0.0000,9.0000,0.00000,-0.05870,0.26067,0.26720
53.4200,STATIC_col3_p9,0.0000,0.0000,0.0000,9.0000,0.00000,-0.05870,0.26067,0.26720
53.4300,STATIC_col3_p9,0.0000,0.0000,0.0000,9.0000,0.00000,-0.05870,0.26067,0.26720
53.4400,STATIC_col3_p9,0.0000,0.0000,0.0000,9.0000,0.00000,-0.05870,0.26067,0.26720
53.4500,STATIC_col3_p9,0.0000,0.0000,0.0000,9.0000,0.00000,-0.05870,0.26067,0.26720
53.4600,STATIC_col3_p9,0.0000,0.0000,0.0000,9.0000,0.00000,-0.05870,0.26067,0.26720
53.4700,STATIC_col3_p9,0.0000,0.0000,0.0000,9.0000,0.00000,-0.05870,0.26067,0.26720
53.4800,STATIC_col3_p9,0.0000,0.0000,0.0000,9.0000,0.00000,-0.05870,0.26067,0.26720
53.4900,STATIC_col3_p9,0.0000,0.0000,0.0000,9.0000,0.00000,-0.05870,0.26067,0.26720
53.5000,STATIC_col3_p9,0.0000,0.0000,0.0000,9.0000,0.00000,-0.05870,0.26067,0.26720
53.5100,STATIC_col3_p9,0.0000,0.0000,0.0000,9.0000,0.00000,-0.05871,0.26067,0.26720
53.5200,STATIC_col3_p9,0.0000,0.0000,0.0000,9.0000,0.00000,-0.05871,0.26067,0.26720
53.5300,STATIC_col3_p9,0.0000,0.0000,0.0000,9.0000,0.00000,-0.05871,0.26068,0.26721
53.5400,STATIC_col3_p9,0.0000,0.0000,0.0000,9.0000,0.00000,-0.05872,0.26068,0.26721
53.5500,STATIC_col3_p9,0.0000,0.0000,0.0000,9.0000,0.00000,-0.05872,0.26068,0.26721
53.5600,STATIC_col3_p9,0.0000,0.0000,0.0000,9.0000,0.00000,-0.05872,0.26068,0.26721
53.5700,STATIC_col3_p9,0.0000,0.0000,0.0000,9.0000,0.00000,-0.05873,0.26068,0.26721
53.5800,STATIC_col3_p9,0.0000,0.0000,0.0000,9.0000,0.00000,-0.05873,0.26068,0.26722
53.5900,STATIC_col3_p9,0.0000,0.0000,0.0000,9.0000,0.00000,-0.05874,0.26068,0.26722
53.6000,STATIC_col3_p9,0.0000,0.0000,0.0000,9.0000,0.00000,-0.05874,0.26068,0.26722
53.6100,STATIC_col3_p9,0.0000,0.0000,0.0000,9.0000,0.00000,-0.05874,0.26069,0.26722
53.6200,STATIC_col3_p9,0.0000,0.0000,0.0000,9.0000,0.00000,-0.05875,0.26069,0.26722
53.6300,STATIC_col3_p9,0.0000,0.0000,0.0000,9.0000,0.00000,-0.05875,0.26069,0.26723
53.6400,STATIC_col3_p9,0.0000,0.0000,0.0000,9.0000,0.00000,-0.05876,0.26069,0.26723
53.6500,STATIC_col3_p9,0.0000,0.0000,0.0000,9.0000,0.00000,-0.05876,0.26069,0.26723
53.6600,STATIC_col3_p9,0.0000,0.0000,0.0000,9.0000,0.00000,-0.05876,0.26069,0.26723
53.6700,STATIC_col3_p9,0.0000,0.0000,0.0000,9.0000,0.00000,-0.05877,0.26069,0.26724
53.6800,STATIC_col3_p9,0.0000,0.0000,0.0000,9.0000,0.00000,-0.05877,0.26069,0.26724
53.6900,STATIC_col3_p9,0.0000,0.0000,0.0000,9.0000,0.00000,-0.05878,0.26070,0.26724
53.7000,STATIC_col3_p9,0.0000,0.0000,0.0000,9.0000,0.00000,-0.05878,0.26070,0.26724
53.7100,STATIC_col3_p9,0.0000,0.0000,0.0000,9.0000,0.00000,-0.05878,0.26070,0.26724
53.7200,STATIC_col3_p9,0.0000,0.0000,0.0000,9.0000,0.00000,-0.05879,0.26070,0.26724
53.7300,STATIC_col3_p9,0.0000,0.0000,0.0000,9.0000,0.00000,-0.05879,0.26070,0.26725
53.7400,STATIC_col3_p9,0.0000,0.0000,0.0000,9.0000,0.00000,-0.05879,0.26070,0.26725
53.7500,STATIC_col3_p9,0.0000,0.0000,0.0000,9.0000,0.00000,-0.05879,0.26070,0.26725
53.7600,STATIC_col3_p9,0.0000,0.0000,0.0000,9.0000,-0.00000,-0.05879,0.26070,0.26725
53.7700,STATIC_col3_p9,0.0000,0.0000,0.0000,9.0000,-0.00000,-0.05880,0.26070,0.26725
53.7800,STATIC_col3_p9,0.0000,0.0000,0.0000,9.0000,-0.00000,-0.05880,0.26070,0.26725
53.7900,STATIC_col3_p9,0.0000,0.0000,0.0000,9.0000,-0.00000,-0.05880,0.26070,0.26725
53.8000,STATIC_col3_p9,0.0000,0.0000,0.0000,9.0000,-0.00000,-0.05880,0.26070,0.26725
53.8100,STATIC_col3_p9,0.0000,0.0000,0.0000,9.0000,-0.00000,-0.05880,0.26070,0.26725
53.8200,STATIC_col3_p9,0.0000,0.0000,0.0000,9.0000,-0.00000,-0.05880,0.26070,0.26725
53.8300,STATIC_col3_p9,0.0000,0.0000,0.0000,9.0000,-0.00000,-0.05880,0.26070,0.26725
53.8400,STATIC_col3_p9,0.0000,0.0000,0.0000,9.0000,-0.00000,-0.05880,0.26070,0.26725
53.8500,STATIC_col3_p9,0.0000,0.0000,0.0000,9.0000,-0.00000,-0.05880,0.26070,0.26725
53.8600,STATIC_col3_p9,0.0000,0.0000,0.0000,9.0000,-0.00000,-0.05880,0.26070,0.26725
53.8700,STATIC_col3_p9,0.0000,0.0000,0.0000,9.0000,-0.00000,-0.05880,0.26070,0.26725
53.8800,STATIC_col3_p9,0.0000,0.0000,0.0000,9.0000,-0.00000,-0.05880,0.26070,0.26725
53.8900,STATIC_col3_p9,0.0000,0.0000,0.0000,9.0000,-0.00000,-0.05880,0.26070,0.26725
53.9000,STATIC_col3_p9,0.0000,0.0000,0.0000,9.0000,-0.00000,-0.05880,0.26070,0.26725
53.9100,STATIC_col3_p9,0.0000,0.0000,0.0000,9.0000,-0.00000,-0.05880,0.26070,0.26725
53.9200,STATIC_col3_p9,0.0000,0.0000,0.0000,9.0000,-0.00000,-0.05879,0.26070,0.26725
53.9300,STATIC_col3_p9,0.0000,0.0000,0.0000,9.0000,-0.00000,-0.05879,0.26070,0.26725
53.9400,STATIC_col3_p9,0.0000,0.0000,0.0000,9.0000,-0.00000,-0.05879,0.26070,0.26725
53.9500,STATIC_col3_p9,0.0000,0.0000,0.0000,9.0000,-0.00000,-0.05879,0.26070,0.26725
53.9600,STATIC_col3_p9,0.0000,0.0000,0.0000,9.0000,-0.00000,-0.05879,0.26070,0.26725
53.9700,STATIC_col3_p9,0.0000,0.0000,0.0000,9.0000,-0.00000,-0.05879,0.26070,0.26724
53.9800,STATIC_col3_p9,0.0000,0.0000,0.0000,9.0000,-0.00000,-0.05878,0.26070,0.26724
53.9900,STATIC_col3_p9,0.0000,0.0000,0.0000,9.0000,-0.00000,-0.05878,0.26070,0.26724
54.0000,STATIC_col3_p9,0.0000,0.0000,0.0000,9.0000,-0.00000,-0.05878,0.26070,0.26724
54.0100,RELEASE_col3,0.0000,0.0000,0.0000,0.0000,-0.00000,-0.05877,0.26069,0.26723
54.0200,RELEASE_col3,0.0000,0.0000,0.0000,0.0000,-0.00000,-0.05870,0.26067,0.26720
54.0300,RELEASE_col3,0.0000,0.0000,0.0000,0.0000,-0.00000,-0.05856,0.26062,0.26712
54.0400,RELEASE_col3,0.0000,0.0000,0.0000,0.0000,-0.00000,-0.05831,0.26055,0.26699
54.0500,RELEASE_col3,0.0000,0.0000,0.0000,0.0000,-0.00000,-0.05795,0.26044,0.26681
54.0600,RELEASE_col3,0.0000,0.0000,0.0000,0.0000,-0.00000,-0.05747,0.26029,0.26656
54.0700,RELEASE_col3,0.0000,0.0000,0.0000,0.0000,-0.00000,-0.05685,0.26011,0.26625
54.0800,RELEASE_col3,0.0000,0.0000,0.0000,0.0000,-0.00000,-0.05609,0.25988,0.26586
54.0900,RELEASE_col3,0.0000,0.0000,0.0000,0.0000,-0.00000,-0.05519,0.25961,0.26541
54.1000,RELEASE_col3,0.0000,0.0000,0.0000,0.0000,-0.00000,-0.05414,0.25929,0.26489
54.1100,RELEASE_col3,0.0000,0.0000,0.0000,0.0000,-0.00000,-0.05295,0.25893,0.26429
54.1200,RELEASE_col3,0.0000,0.0000,0.0000,0.0000,-0.00000,-0.05161,0.25854,0.26364
54.1300,RELEASE_col3,0.0000,0.0000,0.0000,0.0000,-0.00000,-0.05013,0.25810,0.26293
54.1400,RELEASE_col3,0.0000,0.0000,0.0000,0.0000,0.00000,-0.04851,0.25764,0.26216
54.1500,RELEASE_col3,0.0000,0.0000,0.0000,0.0000,0.00000,-0.04677,0.25714,0.26136
54.1600,RELEASE_col3,0.0000,0.0000,0.0000,0.0000,0.00000,-0.04489,0.25663,0.26053
54.1700,RELEASE_col3,0.0000,0.0000,0.0000,0.0000,0.00000,-0.04291,0.25611,0.25968
54.1800,RELEASE_col3,0.0000,0.0000,0.0000,0.0000,0.00000,-0.04081,0.25558,0.25882
54.1900,RELEASE_col3,0.0000,0.0000,0.0000,0.0000,0.00000,-0.03862,0.25505,0.25796
54.2000,RELEASE_col3,0.0000,0.0000,0.0000,0.0000,0.00000,-0.03635,0.25453,0.25711
54.2100,RELEASE_col3,0.0000,0.0000,0.0000,0.0000,0.00000,-0.03400,0.25403,0.25629
54.2200,RELEASE_col3,0.0000,0.0000,0.0000,0.0000,0.00000,-0.03160,0.25354,0.25550
54.2300,RELEASE_col3,0.0000,0.0000,0.0000,0.0000,0.00000,-0.02914,0.25308,0.25476
54.2400,RELEASE_col3,0.0000,0.0000,0.0000,0.0000,0.00000,-0.02666,0.25266,0.25406
54.2500,RELEASE_col3,0.0000,0.0000,0.0000,0.0000,0.00000,-0.02415,0.25226,0.25342
54.2600,RELEASE_col3,0.0000,0.0000,0.0000,0.0000,0.00000,-0.02164,0.25191,0.25284
54.2700,RELEASE_col3,0.0000,0.0000,0.0000,0.0000,0.00000,-0.01914,0.25159,0.25232
54.2800,RELEASE_col3,0.0000,0.0000,0.0000,0.0000,0.00000,-0.01666,0.25132,0.25187
54.2900,RELEASE_col3,0.0000,0.0000,0.0000,0.0000,0.00000,-0.01422,0.25108,0.25148
54.3000,RELEASE_col3,0.0000,0.0000,0.0000,0.0000,0.00000,-0.01182,0.25089,0.25117
54.3100,RELEASE_col3,0.0000,0.0000,0.0000,0.0000,0.00000,-0.00948,0.25073,0.25091
54.3200,RELEASE_col3,0.0000,0.0000,0.0000,0.0000,0.00000,-0.00721,0.25061,0.25072
54.3300,RELEASE_col3,0.0000,0.0000,0.0000,0.0000,0.00000,-0.00502,0.25053,0.25058
54.3400,RELEASE_col3,0.0000,0.0000,0.0000,0.0000,0.00000,-0.00292,0.25048,0.25049
54.3500,RELEASE_col3,0.0000,0.0000,0.0000,0.0000,0.00000,-0.00092,0.25045,0.25045
54.3600,RELEASE_col3,0.0000,0.0000,0.0000,0.0000,0.00000,0.00097,0.25045,0.25045
54.3700,RELEASE_col3,0.0000,0.0000,0.0000,0.0000,0.00000,0.00275,0.25047,0.25049
54.3800,RELEASE_col3,0.0000,0.0000,0.0000,0.0000,0.00000,0.00440,0.25051,0.25055
54.3900,RELEASE_col3,0.0000,0.0000,0.0000,0.0000,0.00000,0.00594,0.25056,0.25063
54.4000,RELEASE_col3,0.0000,0.0000,0.0000,0.0000,0.00000,0.00734,0.25062,0.25073
54.4100,RELEASE_col3,0.0000,0.0000,0.0000,0.0000,0.00000,0.00862,0.25069,0.25084
54.4200,RELEASE_col3,0.0000,0.0000,0.0000,0.0000,0.00000,0.00976,0.25076,0.25095
54.4300,RELEASE_col3,0.0000,0.0000,0.0000,0.0000,0.00000,0.01076,0.25083,0.25106
54.4400,RELEASE_col3,0.0000,0.0000,0.0000,0.0000,0.00000,0.01163,0.25090,0.25117
54.4500,RELEASE_col3,0.0000,0.0000,0.0000,0.0000,0.00000,0.01237,0.25096,0.25126
54.4600,RELEASE_col3,0.0000,0.0000,0.0000,0.0000,0.00000,0.01298,0.25102,0.25135
54.4700,RELEASE_col3,0.0000,0.0000,0.0000,0.0000,0.00000,0.01345,0.25106,0.25142
54.4800,RELEASE_col3,0.0000,0.0000,0.0000,0.0000,0.00000,0.01380,0.25110,0.25148
54.4900,RELEASE_col3,0.0000,0.0000,0.0000,0.0000,0.00000,0.01403,0.25113,0.25153
54.5000,RELEASE_col3,0.0000,0.0000,0.0000,0.0000,0.00000,0.01413,0.25115,0.25155
54.5100,RELEASE_col3,0.0000,0.0000,0.0000,0.0000,0.00000,0.01412,0.25116,0.25156
54.5200,RELEASE_col3,0.0000,0.0000,0.0000,0.0000,-0.00000,0.01401,0.25117,0.25156
54.5300,RELEASE_col3,0.0000,0.0000,0.0000,0.0000,-0.00000,0.01379,0.25116,0.25154
54.5400,RELEASE_col3,0.0000,0.0000,0.0000,0.0000,-0.00000,0.01347,0.25114,0.25150
54.5500,RELEASE_col3,0.0000,0.0000,0.0000,0.0000,-0.00000,0.01307,0.25112,0.25146
54.5600,RELEASE_col3,0.0000,0.0000,0.0000,0.0000,-0.00000,0.01258,0.25109,0.25140
54.5700,RELEASE_col3,0.0000,0.0000,0.0000,0.0000,-0.00000,0.01202,0.25106,0.25134
54.5800,RELEASE_col3,0.0000,0.0000,0.0000,0.0000,-0.00000,0.01139,0.25102,0.25128
54.5900,RELEASE_col3,0.0000,0.0000,0.0000,0.0000,-0.00000,0.01070,0.25098,0.25121
54.6000,RELEASE_col3,0.0000,0.0000,0.0000,0.0000,-0.00000,0.00995,0.25094,0.25114
54.6100,RELEASE_col3,0.0000,0.0000,0.0000,0.0000,-0.00000,0.00916,0.25090,0.25107
54.6200,RELEASE_col3,0.0000,0.0000,0.0000,0.0000,-0.00000,0.00834,0.25086,0.25100
54.6300,RELEASE_col3,0.0000,0.0000,0.0000,0.0000,-0.00000,0.00748,0.25082,0.25093
54.6400,RELEASE_col3,0.0000,0.0000,0.0000,0.0000,-0.00000,0.00660,0.25079,0.25088
54.6500,RELEASE_col3,0.0000,0.0000,0.0000,0.0000,-0.00000,0.00571,0.25076,0.25082
54.6600,RELEASE_col3,0.0000,0.0000,0.0000,0.0000,-0.00000,0.00481,0.25073,0.25078
54.6700,RELEASE_col3,0.0000,0.0000,0.0000,0.0000,-0.00000,0.00391,0.25071,0.25074
54.6800,RELEASE_col3,0.0000,0.0000,0.0000,0.0000,-0.00000,0.00301,0.25069,0.25071
54.6900,RELEASE_col3,0.0000,0.0000,0.0000,0.0000,-0.00000,0.00213,0.25068,0.25069
54.7000,RELEASE_col3,0.0000,0.0000,0.0000,0.0000,-0.00000,0.00126,0.25067,0.25067
54.7100,RELEASE_col3,0.0000,0.0000,0.0000,0.0000,-0.00000,0.00042,0.25067,0.25067
54.7200,RELEASE_col3,0.0000,0.0000,0.0000,0.0000,-0.00000,-0.00040,0.25067,0.25067
54.7300,RELEASE_col3,0.0000,0.0000,0.0000,0.0000,-0.00000,-0.00118,0.25067,0.25067
54.7400,RELEASE_col3,0.0000,0.0000,0.0000,0.0000,-0.00000,-0.00192,0.25068,0.25069
54.7500,RELEASE_col3,0.0000,0.0000,0.0000,0.0000,-0.00000,-0.00263,0.25069,0.25070
54.7600,RELEASE_col3,0.0000,0.0000,0.0000,0.0000,-0.00000,-0.00329,0.25070,0.25072
54.7700,RELEASE_col3,0.0000,0.0000,0.0000,0.0000,-0.00000,-0.00390,0.25071,0.25074
54.7800,RELEASE_col3,0.0000,0.0000,0.0000,0.0000,-0.00000,-0.00446,0.25073,0.25077
54.7900,RELEASE_col3,0.0000,0.0000,0.0000,0.0000,-0.00000,-0.00497,0.25074,0.25079
54.8000,RELEASE_col3,0.0000,0.0000,0.0000,0.0000,-0.00000,-0.00542,0.25076,0.25082
54.8100,RELEASE_col3,0.0000,0.0000,0.0000,0.0000,-0.00000,-0.00582,0.25077,0.25084
54.8200,RELEASE_col3,0.0000,0.0000,0.0000,0.0000,-0.00000,-0.00617,0.25079,0.25086
54.8300,RELEASE_col3,0.0000,0.0000,0.0000,0.0000,-0.00000,-0.00646,0.25080,0.25088
54.8400,RELEASE_col3,0.0000,0.0000,0.0000,0.0000,-0.00000,-0.00669,0.25081,0.25090
54.8500,RELEASE_col3,0.0000,0.0000,0.0000,0.0000,-0.00000,-0.00687,0.25082,0.25091
54.8600,RELEASE_col3,0.0000,0.0000,0.0000,0.0000,-0.00000,-0.00700,0.25083,0.25092
54.8700,RELEASE_col3,0.0000,0.0000,0.0000,0.0000,-0.00000,-0.00707,0.25083,0.25093
54.8800,RELEASE_col3,0.0000,0.0000,0.0000,0.0000,-0.00000,-0.00710,0.25083,0.25094
54.8900,RELEASE_col3,0.0000,0.0000,0.0000,0.0000,-0.00000,-0.00707,0.25084,0.25093
54.9000,RELEASE_col3,0.0000,0.0000,0.0000,0.0000,-0.00000,-0.00700,0.25083,0.25093
54.9100,RELEASE_col3,0.0000,0.0000,0.0000,0.0000,0.00000,-0.00688,0.25083,0.25093
54.9200,RELEASE_col3,0.0000,0.0000,0.0000,0.0000,0.00000,-0.00672,0.25083,0.25092
54.9300,RELEASE_col3,0.0000,0.0000,0.0000,0.0000,0.00000,-0.00652,0.25082,0.25090
54.9400,RELEASE_col3,0.0000,0.0000,0.0000,0.0000,0.00000,-0.00628,0.25081,0.25089
54.9500,RELEASE_col3,0.0000,0.0000,0.0000,0.0000,0.00000,-0.00601,0.25080,0.25088
54.9600,RELEASE_col3,0.0000,0.0000,0.0000,0.0000,0.00000,-0.00571,0.25079,0.25086
54.9700,RELEASE_col3,0.0000,0.0000,0.0000,0.0000,0.00000,-0.00538,0.25078,0.25084
54.9800,RELEASE_col3,0.0000,0.0000,0.0000,0.0000,0.00000,-0.00503,0.25077,0.25083
54.9900,RELEASE_col3,0.0000,0.0000,0.0000,0.0000,0.00000,-0.00466,0.25076,0.25081
55.0000,RELEASE_col3,0.0000,0.0000,0.0000,0.0000,0.00000,-0.00427,0.25076,0.25079
55.0100,RELEASE_col3,0.0000,0.0000,0.0000,0.0000,0.00000,-0.00387,0.25075,0.25078
55.0200,RELEASE_col3,0.0000,0.0000,0.0000,0.0000,0.00000,-0.00346,0.25074,0.25076
55.0300,RELEASE_col3,0.0000,0.0000,0.0000,0.0000,0.00000,-0.00304,0.25073,0.25075
55.0400,RELEASE_col3,0.0000,0.0000,0.0000,0.0000,0.00000,-0.00262,0.25072,0.25074
55.0500,RELEASE_col3,0.0000,0.0000,0.0000,0.0000,0.00000,-0.00220,0.25072,0.25073
55.0600,RELEASE_col3,0.0000,0.0000,0.0000,0.0000,0.00000,-0.00178,0.25071,0.25072
55.0700,RELEASE_col3,0.0000,0.0000,0.0000,0.0000,0.00000,-0.00136,0.25071,0.25071
55.0800,RELEASE_col3,0.0000,0.0000,0.0000,0.0000,0.00000,-0.00096,0.25071,0.25071
55.0900,RELEASE_col3,0.0000,0.0000,0.0000,0.0000,0.00000,-0.00056,0.25070,0.25070
55.1000,RELEASE_col3,0.0000,0.0000,0.0000,0.0000,0.00000,-0.00017,0.25070,0.25070
55.1100,RELEASE_col3,0.0000,0.0000,0.0000,0.0000,0.00000,0.00020,0.25070,0.25070
55.1200,RELEASE_col3,0.0000,0.0000,0.0000,0.0000,0.00000,0.00055,0.25070,0.25070
55.1300,RELEASE_col3,0.0000,0.0000,0.0000,0.0000,0.00000,0.00089,0.25071,0.25071
55.1400,RELEASE_col3,0.0000,0.0000,0.0000,0.0000,0.00000,0.00120,0.25071,0.25071
55.1500,RELEASE_col3,0.0000,0.0000,0.0000,0.0000,0.00000,0.00149,0.25071,0.25071
55.1600,RELEASE_col3,0.0000,0.0000,0.0000,0.0000,0.00000,0.00177,0.25071,0.25072
55.1700,RELEASE_col3,0.0000,0.0000,0.0000,0.0000,0.00000,0.00201,0.25072,0.25072
55.1800,RELEASE_col3,0.0000,0.0000,0.0000,0.0000,0.00000,0.00224,0.25072,0.25073
55.1900,RELEASE_col3,0.0000,0.0000,0.0000,0.0000,0.00000,0.00244,0.25072,0.25073
55.2000,RELEASE_col3,0.0000,0.0000,0.0000,0.0000,0.00000,0.00261,0.25072,0.25074
55.2100,RELEASE_col3,0.0000,0.0000,0.0000,0.0000,0.00000,0.00276,0.25073,0.25074
55.2200,RELEASE_col3,0.0000,0.0000,0.0000,0.0000,0.00000,0.00288,0.25073,0.25075
55.2300,RELEASE_col3,0.0000,0.0000,0.0000,0.0000,0.00000,0.00298,0.25073,0.25075
55.2400,RELEASE_col3,0.0000,0.0000,0.0000,0.0000,0.00000,0.00305,0.25073,0.25075
55.2500,RELEASE_col3,0.0000,0.0000,0.0000,0.0000,0.00000,0.00310,0.25073,0.25075
55.2600,RELEASE_col3,0.0000,0.0000,0.0000,0.0000,0.00000,0.00313,0.25074,0.25075
55.2700,RELEASE_col3,0.0000,0.0000,0.0000,0.0000,0.00000,0.00313,0.25074,0.25076
55.2800,RELEASE_col3,0.0000,0.0000,0.0000,0.0000,0.00000,0.00311,0.25074,0.25076
55.2900,RELEASE_col3,0.0000,0.0000,0.0000,0.0000,-0.00000,0.00307,0.25074,0.25075
55.3000,RELEASE_col3,0.0000,0.0000,0.0000,0.0000,-0.00000,0.00301,0.25073,0.25075
55.3100,RELEASE_col3,0.0000,0.0000,0.0000,0.0000,-0.00000,0.00293,0.25073,0.25075
55.3200,RELEASE_col3,0.0000,0.0000,0.0000,0.0000,-0.00000,0.00283,0.25073,0.25075
55.3300,RELEASE_col3,0.0000,0.0000,0.0000,0.0000,-0.00000,0.00272,0.25073,0.25075
55.3400,RELEASE_col3,0.0000,0.0000,0.0000,0.0000,-0.00000,0.00259,0.25073,0.25074
55.3500,RELEASE_col3,0.0000,0.0000,0.0000,0.0000,-0.00000,0.00246,0.25073,0.25074
55.3600,RELEASE_col3,0.0000,0.0000,0.0000,0.0000,-0.00000,0.00230,0.25073,0.25074
55.3700,RELEASE_col3,0.0000,0.0000,0.0000,0.0000,-0.00000,0.00214,0.25072,0.25073
55.3800,RELEASE_col3,0.0000,0.0000,0.0000,0.0000,-0.00000,0.00197,0.25072,0.25073
55.3900,RELEASE_col3,0.0000,0.0000,0.0000,0.0000,-0.00000,0.00180,0.25072,0.25073
55.4000,RELEASE_col3,0.0000,0.0000,0.0000,0.0000,-0.00000,0.00162,0.25072,0.25072
55.4100,RELEASE_col3,0.0000,0.0000,0.0000,0.0000,-0.00000,0.00143,0.25072,0.25072
55.4200,RELEASE_col3,0.0000,0.0000,0.0000,0.0000,-0.00000,0.00124,0.25071,0.25072
55.4300,RELEASE_col3,0.0000,0.0000,0.0000,0.0000,-0.00000,0.00106,0.25071,0.25072
55.4400,RELEASE_col3,0.0000,0.0000,0.0000,0.0000,-0.00000,0.00087,0.25071,0.25071
55.4500,RELEASE_col3,0.0000,0.0000,0.0000,0.0000,-0.00000,0.00068,0.25071,0.25071
55.4600,RELEASE_col3,0.0000,0.0000,0.0000,0.0000,-0.00000,0.00050,0.25071,0.25071
55.4700,RELEASE_col3,0.0000,0.0000,0.0000,0.0000,-0.00000,0.00032,0.25071,0.25071
55.4800,RELEASE_col3,0.0000,0.0000,0.0000,0.0000,-0.00000,0.00014,0.25071,0.25071
55.4900,RELEASE_col3,0.0000,0.0000,0.0000,0.0000,-0.00000,-0.00003,0.25071,0.25071
55.5000,RELEASE_col3,0.0000,0.0000,0.0000,0.0000,-0.00000,-0.00019,0.25071,0.25071
55.5100,RELEASE_col3,0.0000,0.0000,0.0000,0.0000,-0.00000,-0.00034,0.25071,0.25071
55.5200,RELEASE_col3,0.0000,0.0000,0.0000,0.0000,-0.00000,-0.00049,0.25071,0.25071
55.5300,RELEASE_col3,0.0000,0.0000,0.0000,0.0000,-0.00000,-0.00062,0.25071,0.25071
55.5400,RELEASE_col3,0.0000,0.0000,0.0000,0.0000,-0.00000,-0.00075,0.25071,0.25071
55.5500,RELEASE_col3,0.0000,0.0000,0.0000,0.0000,-0.00000,-0.00087,0.25071,0.25071
55.5600,RELEASE_col3,0.0000,0.0000,0.0000,0.0000,-0.00000,-0.00097,0.25071,0.25072
55.5700,RELEASE_col3,0.0000,0.0000,0.0000,0.0000,-0.00000,-0.00107,0.25071,0.25072
55.5800,RELEASE_col3,0.0000,0.0000,0.0000,0.0000,-0.00000,-0.00115,0.25071,0.25072
55.5900,RELEASE_col3,0.0000,0.0000,0.0000,0.0000,-0.00000,-0.00122,0.25072,0.25072
55.6000,RELEASE_col3,0.0000,0.0000,0.0000,0.0000,-0.00000,-0.00128,0.25072,0.25072
55.6100,RELEASE_col3,0.0000,0.0000,0.0000,0.0000,-0.00000,-0.00133,0.25072,0.25072
55.6200,RELEASE_col3,0.0000,0.0000,0.0000,0.0000,-0.00000,-0.00137,0.25072,0.25072
55.6300,RELEASE_col3,0.0000,0.0000,0.0000,0.0000,-0.00000,-0.00139,0.25072,0.25072
55.6400,RELEASE_col3,0.0000,0.0000,0.0000,0.0000,-0.00000,-0.00141,0.25072,0.25072
55.6500,RELEASE_col3,0.0000,0.0000,0.0000,0.0000,-0.00000,-0.00141,0.25072,0.25072
55.6600,RELEASE_col3,0.0000,0.0000,0.0000,0.0000,-0.00000,-0.00141,0.25072,0.25072
55.6700,RELEASE_col3,0.0000,0.0000,0.0000,0.0000,-0.00000,-0.00140,0.25072,0.25072
55.6800,RELEASE_col3,0.0000,0.0000,0.0000,0.0000,0.00000,-0.00137,0.25072,0.25072
55.6900,RELEASE_col3,0.0000,0.0000,0.0000,0.0000,0.00000,-0.00134,0.25072,0.25072
55.7000,RELEASE_col3,0.0000,0.0000,0.0000,0.0000,0.00000,-0.00130,0.25072,0.25072
55.7100,RELEASE_col3,0.0000,0.0000,0.0000,0.0000,0.00000,-0.00125,0.25072,0.25072
55.7200,RELEASE_col3,0.0000,0.0000,0.0000,0.0000,0.00000,-0.00120,0.25072,0.25072
55.7300,RELEASE_col3,0.0000,0.0000,0.0000,0.0000,0.00000,-0.00114,0.25072,0.25072
55.7400,RELEASE_col3,0.0000,0.0000,0.0000,0.0000,0.00000,-0.00107,0.25072,0.25072
55.7500,RELEASE_col3,0.0000,0.0000,0.0000,0.0000,0.00000,-0.00100,0.25071,0.25072
55.7600,RELEASE_col3,0.0000,0.0000,0.0000,0.0000,0.00000,-0.00093,0.25071,0.25072
55.7700,RELEASE_col3,0.0000,0.0000,0.0000,0.0000,0.00000,-0.00085,0.25071,0.25072
55.7800,RELEASE_col3,0.0000,0.0000,0.0000,0.0000,0.00000,-0.00077,0.25071,0.25071
55.7900,RELEASE_col3,0.0000,0.0000,0.0000,0.0000,0.00000,-0.00069,0.25071,0.25071
55.8000,RELEASE_col3,0.0000,0.0000,0.0000,0.0000,0.00000,-0.00060,0.25071,0.25071
55.8100,RELEASE_col3,0.0000,0.0000,0.0000,0.0000,0.00000,-0.00052,0.25071,0.25071
55.8200,RELEASE_col3,0.0000,0.0000,0.0000,0.0000,0.00000,-0.00043,0.25071,0.25071
55.8300,RELEASE_col3,0.0000,0.0000,0.0000,0.0000,0.00000,-0.00035,0.25071,0.25071
55.8400,RELEASE_col3,0.0000,0.0000,0.0000,0.0000,0.00000,-0.00026,0.25071,0.25071
55.8500,RELEASE_col3,0.0000,0.0000,0.0000,0.0000,0.00000,-0.00018,0.25071,0.25071
55.8600,RELEASE_col3,0.0000,0.0000,0.0000,0.0000,0.00000,-0.00010,0.25071,0.25071
55.8700,RELEASE_col3,0.0000,0.0000,0.0000,0.0000,0.00000,-0.00002,0.25071,0.25071
55.8800,RELEASE_col3,0.0000,0.0000,0.0000,0.0000,0.00000,0.00005,0.25071,0.25071
55.8900,RELEASE_col3,0.0000,0.0000,0.0000,0.0000,0.00000,0.00012,0.25071,0.25071
55.9000,RELEASE_col3,0.0000,0.0000,0.0000,0.0000,0.00000,0.00019,0.25071,0.25071
55.9100,RELEASE_col3,0.0000,0.0000,0.0000,0.0000,0.00000,0.00025,0.25071,0.25071
55.9200,RELEASE_col3,0.0000,0.0000,0.0000,0.0000,0.00000,0.00031,0.25071,0.25071
55.9300,RELEASE_col3,0.0000,0.0000,0.0000,0.0000,0.00000,0.00037,0.25071,0.25071
55.9400,RELEASE_col3,0.0000,0.0000,0.0000,0.0000,0.00000,0.00041,0.25071,0.25071
55.9500,RELEASE_col3,0.0000,0.0000,0.0000,0.0000,0.00000,0.00046,0.25071,0.25071
55.9600,RELEASE_col3,0.0000,0.0000,0.0000,0.0000,0.00000,0.00050,0.25071,0.25071
55.9700,RELEASE_col3,0.0000,0.0000,0.0000,0.0000,0.00000,0.00053,0.25071,0.25071
55.9800,RELEASE_col3,0.0000,0.0000,0.0000,0.0000,0.00000,0.00056,0.25071,0.25071
55.9900,RELEASE_col3,0.0000,0.0000,0.0000,0.0000,0.00000,0.00059,0.25071,0.25071
56.0000,RELEASE_col3,0.0000,0.0000,0.0000,0.0000,0.00000,0.00061,0.25071,0.25071
0.0100,STEP_col0,6.0000,0.0000,0.0000,0.0000,0.00001,0.00000,0.26757,0.26757
0.0200,STEP_col0,6.0000,0.0000,0.0000,0.0000,0.00006,0.00000,0.26628,0.26628
0.0300,STEP_col0,6.0000,0.0000,0.0000,0.0000,0.00017,0.00000,0.26439,0.26439
0.0400,STEP_col0,6.0000,0.0000,0.0000,0.0000,0.00035,0.00000,0.26214,0.26214
0.0500,STEP_col0,6.0000,0.0000,0.0000,0.0000,0.00062,0.00000,0.25976,0.25976
0.0600,STEP_col0,6.0000,0.0000,0.0000,0.0000,0.00098,0.00000,0.25742,0.25742
0.0700,STEP_col0,6.0000,0.0000,0.0000,0.0000,0.00145,0.00000,0.25524,0.25525
0.0800,STEP_col0,6.0000,0.0000,0.0000,0.0000,0.00201,0.00000,0.25332,0.25333
0.0900,STEP_col0,6.0000,0.0000,0.0000,0.0000,0.00268,0.00000,0.25171,0.25172
0.1000,STEP_col0,6.0000,0.0000,0.0000,0.0000,0.00345,0.00000,0.25043,0.25045
0.1100,STEP_col0,6.0000,0.0000,0.0000,0.0000,0.00433,0.00000,0.24947,0.24951
0.1200,STEP_col0,6.0000,0.0000,0.0000,0.0000,0.00530,0.00000,0.24883,0.24888
0.1300,STEP_col0,6.0000,0.0000,0.0000,0.0000,0.00637,0.00000,0.24845,0.24854
0.1400,STEP_col0,6.0000,0.0000,0.0000,0.0000,0.00753,0.00000,0.24832,0.24843
0.1500,STEP_col0,6.0000,0.0000,0.0000,0.0000,0.00878,0.00000,0.24837,0.24852
0.1600,STEP_col0,6.0000,0.0000,0.0000,0.0000,0.01011,0.00000,0.24856,0.24877
0.1700,STEP_col0,6.0000,0.0000,0.0000,0.0000,0.01152,0.00000,0.24886,0.24913
0.1800,STEP_col0,6.0000,0.0000,0.0000,0.0000,0.01300,0.00000,0.24923,0.24957
0.1900,STEP_col0,6.0000,0.0000,0.0000,0.0000,0.01455,0.00000,0.24964,0.25006
0.2000,STEP_col0,6.0000,0.0000,0.0000,0.0000,0.01616,0.00000,0.25006,0.25058
0.2100,STEP_col0,6.0000,0.0000,0.0000,0.0000,0.01781,0.00000,0.25048,0.25111
0.2200,STEP_col0,6.0000,0.0000,0.0000,0.0000,0.01951,0.00000,0.25089,0.25164
0.2300,STEP_col0,6.0000,0.0000,0.0000,0.0000,0.02124,0.00000,0.25127,0.25217
0.2400,STEP_col0,6.0000,0.0000,0.0000,0.0000,0.02299,0.00000,0.25163,0.25268
0.2500,STEP_col0,6.0000,0.0000,0.0000,0.0000,0.02475,0.00000,0.25196,0.25317
0.2600,STEP_col0,6.0000,0.0000,0.0000,0.0000,0.02652,0.00000,0.25227,0.25366
0.2700,STEP_col0,6.0000,0.0000,0.0000,0.0000,0.02828,0.00000,0.25256,0.25414
0.2800,STEP_col0,6.0000,0.0000,0.0000,0.0000,0.03003,0.00000,0.25284,0.25462
0.2900,STEP_col0,6.0000,0.0000,0.0000,0.0000,0.03175,0.00000,0.25311,0.25509
0.3000,STEP_col0,6.0000,0.0000,0.0000,0.0000,0.03343,0.00000,0.25337,0.25556
0.3100,STEP_col0,6.0000,0.0000,0.0000,0.0000,0.03507,0.00000,0.25363,0.25604
0.3200,STEP_col0,6.0000,0.0000,0.0000,0.0000,0.03666,0.00000,0.25389,0.25652
0.3300,STEP_col0,6.0000,0.0000,0.0000,0.0000,0.03819,0.00000,0.25415,0.25700
0.3400,STEP_col0,6.0000,0.0000,0.0000,0.0000,0.03965,0.00000,0.25441,0.25748
0.3500,STEP_col0,6.0000,0.0000,0.0000,0.0000,0.04104,0.00000,0.25468,0.25796
0.3600,STEP_col0,6.0000,0.0000,0.0000,0.0000,0.04235,0.00000,0.25495,0.25844
0.3700,STEP_col0,6.0000,0.0000,0.0000,0.0000,0.04358,0.00000,0.25521,0.25891
0.3800,STEP_col0,6.0000,0.0000,0.0000,0.0000,0.04473,0.00000,0.25548,0.25936
0.3900,STEP_col0,6.0000,0.0000,0.0000,0.0000,0.04579,0.00000,0.25574,0.25980
0.4000,STEP_col0,6.0000,0.0000,0.0000,0.0000,0.04676,0.00000,0.25598,0.26022
0.4100,STEP_col0,6.0000,0.0000,0.0000,0.0000,0.04763,0.00000,0.25622,0.26061
0.4200,STEP_col0,6.0000,0.0000,0.0000,0.0000,0.04842,0.00000,0.25644,0.26097
0.4300,STEP_col0,6.0000,0.0000,0.0000,0.0000,0.04911,0.00000,0.25665,0.26130
0.4400,STEP_col0,6.0000,0.0000,0.0000,0.0000,0.04971,0.00000,0.25683,0.26160
0.4500,STEP_col0,6.0000,0.0000,0.0000,0.0000,0.05022,0.00000,0.25700,0.26186
0.4600,STEP_col0,6.0000,0.0000,0.0000,0.0000,0.05064,0.00000,0.25714,0.26208
0.4700,STEP_col0,6.0000,0.0000,0.0000,0.0000,0.05097,0.00000,0.25726,0.26226
0.4800,STEP_col0,6.0000,0.0000,0.0000,0.0000,0.05121,0.00000,0.25735,0.26240
0.4900,STEP_col0,6.0000,0.0000,0.0000,0.0000,0.05137,0.00000,0.25742,0.26250
0.5000,STEP_col0,6.0000,0.0000,0.0000,0.0000,0.05145,0.00000,0.25747,0.26256
0.5100,STEP_col0,6.0000,0.0000,0.0000,0.0000,0.05146,0.00000,0.25749,0.26258
0.5200,STEP_col0,6.0000,0.0000,0.0000,0.0000,0.05139,0.00000,0.25749,0.26257
0.5300,STEP_col0,6.0000,0.0000,0.0000,0.0000,0.05125,0.00000,0.25747,0.26252
0.5400,STEP_col0,6.0000,0.0000,0.0000,0.0000,0.05104,0.00000,0.25743,0.26244
0.5500,STEP_col0,6.0000,0.0000,0.0000,0.0000,0.05078,0.00000,0.25737,0.26233
0.5600,STEP_col0,6.0000,0.0000,0.0000,0.0000,0.05046,0.00000,0.25729,0.26219
0.5700,STEP_col0,6.0000,0.0000,0.0000,0.0000,0.05008,0.00000,0.25720,0.26203
0.5800,STEP_col0,6.0000,0.0000,0.0000,0.0000,0.04966,0.00000,0.25710,0.26185
0.5900,STEP_col0,6.0000,0.0000,0.0000,0.0000,0.04920,0.00000,0.25698,0.26165
0.6000,STEP_col0,6.0000,0.0000,0.0000,0.0000,0.04871,0.00000,0.25686,0.26143
0.6100,STEP_col0,6.0000,0.0000,0.0000,0.0000,0.04818,0.00000,0.25672,0.26121
0.6200,STEP_col0,6.0000,0.0000,0.0000,0.0000,0.04762,0.00000,0.25659,0.26097
0.6300,STEP_col0,6.0000,0.0000,0.0000,0.0000,0.04704,0.00000,0.25645,0.26072
0.6400,STEP_col0,6.0000,0.0000,0.0000,0.0000,0.04645,0.00000,0.25630,0.26048
0.6500,STEP_col0,6.0000,0.0000,0.0000,0.0000,0.04584,0.00000,0.25616,0.26023
0.6600,STEP_col0,6.0000,0.0000,0.0000,0.0000,0.04523,0.00000,0.25601,0.25998
0.6700,STEP_col0,6.0000,0.0000,0.0000,0.0000,0.04462,0.00000,0.25587,0.25973
0.6800,STEP_col0,6.0000,0.0000,0.0000,0.0000,0.04400,0.00000,0.25573,0.25949
0.6900,STEP_col0,6.0000,0.0000,0.0000,0.0000,0.04340,0.00000,0.25559,0.25925
0.7000,STEP_col0,6.0000,0.0000,0.0000,0.0000,0.04280,0.00000,0.25546,0.25902
0.7100,STEP_col0,6.0000,0.0000,0.0000,0.0000,0.04222,0.00000,0.25533,0.25880
0.7200,STEP_col0,6.0000,0.0000,0.0000,0.0000,0.04166,0.00000,0.25521,0.25859
0.7300,STEP_col0,6.0000,0.0000,0.0000,0.0000,0.04112,0.00000,0.25510,0.25839
0.7400,STEP_col0,6.0000,0.0000,0.0000,0.0000,0.04060,0.00000,0.25499,0.25820
0.7500,STEP_col0,6.0000,0.0000,0.0000,0.0000,0.04011,0.00000,0.25489,0.25803
0.7600,STEP_col0,6.0000,0.0000,0.0000,0.0000,0.03965,0.00000,0.25480,0.25787
0.7700,STEP_col0,6.0000,0.0000,0.0000,0.0000,0.03922,0.00000,0.25471,0.25772
0.7800,STEP_col0,6.0000,0.0000,0.0000,0.0000,0.03882,0.00000,0.25464,0.25758
0.7900,STEP_col0,6.0000,0.0000,0.0000,0.0000,0.03846,0.00000,0.25457,0.25746
0.8000,STEP_col0,6.0000,0.0000,0.0000,0.0000,0.03814,0.00000,0.25451,0.25735
0.8100,STEP_col0,6.0000,0.0000,0.0000,0.0000,0.03785,0.00000,0.25445,0.25725
0.8200,STEP_col0,6.0000,0.0000,0.0000,0.0000,0.03760,0.00000,0.25441,0.25717
0.8300,STEP_col0,6.0000,0.0000,0.0000,0.0000,0.03738,0.00000,0.25437,0.25710
0.8400,STEP_col0,6.0000,0.0000,0.0000,0.0000,0.03721,0.00000,0.25434,0.25705
0.8500,STEP_col0,6.0000,0.0000,0.0000,0.0000,0.03707,0.00000,0.25432,0.25700
0.8600,STEP_col0,6.0000,0.0000,0.0000,0.0000,0.03697,0.00000,0.25430,0.25697
0.8700,STEP_col0,6.0000,0.0000,0.0000,0.0000,0.03690,0.00000,0.25429,0.25696
0.8800,STEP_col0,6.0000,0.0000,0.0000,0.0000,0.03687,0.00000,0.25429,0.25695
0.8900,STEP_col0,6.0000,0.0000,0.0000,0.0000,0.03688,0.00000,0.25429,0.25695
0.9000,STEP_col0,6.0000,0.0000,0.0000,0.0000,0.03692,0.00000,0.25430,0.25697
0.9100,STEP_col0,6.0000,0.0000,0.0000,0.0000,0.03698,0.00000,0.25432,0.25699
0.9200,STEP_col0,6.0000,0.0000,0.0000,0.0000,0.03708,0.00000,0.25434,0.25703
0.9300,STEP_col0,6.0000,0.0000,0.0000,0.0000,0.03721,0.00000,0.25437,0.25707
0.9400,STEP_col0,6.0000,0.0000,0.0000,0.0000,0.03736,0.00000,0.25440,0.25713
0.9500,STEP_col0,6.0000,0.0000,0.0000,0.0000,0.03753,0.00000,0.25444,0.25719
0.9600,STEP_col0,6.0000,0.0000,0.0000,0.0000,0.03773,0.00000,0.25448,0.25726
0.9700,STEP_col0,6.0000,0.0000,0.0000,0.0000,0.03794,0.00000,0.25452,0.25733
0.9800,STEP_col0,6.0000,0.0000,0.0000,0.0000,0.03818,0.00000,0.25457,0.25742
0.9900,STEP_col0,6.0000,0.0000,0.0000,0.0000,0.03842,0.00000,0.25462,0.25750
1.0000,STEP_col0,6.0000,0.0000,0.0000,0.0000,0.03868,0.00000,0.25467,0.25759
1.0100,STEP_col0,6.0000,0.0000,0.0000,0.0000,0.03895,0.00000,0.25473,0.25769
1.0200,STEP_col0,6.0000,0.0000,0.0000,0.0000,0.03923,0.00000,0.25479,0.25779
1.0300,STEP_col0,6.0000,0.0000,0.0000,0.0000,0.03951,0.00000,0.25485,0.25789
1.0400,STEP_col0,6.0000,0.0000,0.0000,0.0000,0.03980,0.00000,0.25491,0.25800
1.0500,STEP_col0,6.0000,0.0000,0.0000,0.0000,0.04008,0.00000,0.25497,0.25810
1.0600,STEP_col0,6.0000,0.0000,0.0000,0.0000,0.04037,0.00000,0.25503,0.25821
1.0700,STEP_col0,6.0000,0.0000,0.0000,0.0000,0.04065,0.00000,0.25509,0.25831
1.0800,STEP_col0,6.0000,0.0000,0.0000,0.0000,0.04093,0.00000,0.25515,0.25842
1.0900,STEP_col0,6.0000,0.0000,0.0000,0.0000,0.04121,0.00000,0.25521,0.25852
1.1000,STEP_col0,6.0000,0.0000,0.0000,0.0000,0.04147,0.00000,0.25527,0.25862
1.1100,STEP_col0,6.0000,0.0000,0.0000,0.0000,0.04173,0.00000,0.25533,0.25872
1.1200,STEP_col0,6.0000,0.0000,0.0000,0.0000,0.04198,0.00000,0.25538,0.25881
1.1300,STEP_col0,6.0000,0.0000,0.0000,0.0000,0.04221,0.00000,0.25544,0.25890
1.1400,STEP_col0,6.0000,0.0000,0.0000,0.0000,0.04243,0.00000,0.25549,0.25899
1.1500,STEP_col0,6.0000,0.0000,0.0000,0.0000,0.04264,0.00000,0.25553,0.25907
1.1600,STEP_col0,6.0000,0.0000,0.0000,0.0000,0.04283,0.00000,0.25558,0.25914
1.1700,STEP_col0,6.0000,0.0000,0.0000,0.0000,0.04300,0.00000,0.25562,0.25921
1.1800,STEP_col0,6.0000,0.0000,0.0000,0.0000,0.04317,0.00000,0.25566,0.25927
1.1900,STEP_col0,6.0000,0.0000,0.0000,0.0000,0.04331,0.00000,0.25569,0.25933
1.2000,STEP_col0,6.0000,0.0000,0.0000,0.0000,0.04344,0.00000,0.25572,0.25938
1.2100,STEP_col0,6.0000,0.0000,0.0000,0.0000,0.04355,0.00000,0.25574,0.25943
1.2200,STEP_col0,6.0000,0.0000,0.0000,0.0000,0.04364,0.00000,0.25577,0.25946
1.2300,STEP_col0,6.0000,0.0000,0.0000,0.0000,0.04372,0.00000,0.25578,0.25949
1.2400,STEP_col0,6.0000,0.0000,0.0000,0.0000,0.04377,0.00000,0.25580,0.25952
1.2500,STEP_col0,6.0000,0.0000,0.0000,0.0000,0.04382,0.00000,0.25581,0.25953
1.2600,STEP_col0,6.0000,0.0000,0.0000,0.0000,0.04384,0.00000,0.25582,0.25955
1.2700,STEP_col0,6.0000,0.0000,0.0000,0.0000,0.04385,0.00000,0.25582,0.25955
1.2800,STEP_col0,6.0000,0.0000,0.0000,0.0000,0.04385,0.00000,0.25582,0.25955
1.2900,STEP_col0,6.0000,0.0000,0.0000,0.0000,0.04383,0.00000,0.25581,0.25954
1.3000,STEP_col0,6.0000,0.0000,0.0000,0.0000,0.04380,0.00000,0.25581,0.25953
1.3100,STEP_col0,6.0000,0.0000,0.0000,0.0000,0.04376,0.00000,0.25580,0.25951
1.3200,STEP_col0,6.0000,0.0000,0.0000,0.0000,0.04370,0.00000,0.25578,0.25949
1.3300,STEP_col0,6.0000,0.0000,0.0000,0.0000,0.04363,0.00000,0.25577,0.25946
1.3400,STEP_col0,6.0000,0.0000,0.0000,0.0000,0.04355,0.00000,0.25575,0.25943
1.3500,STEP_col0,6.0000,0.0000,0.0000,0.0000,0.04346,0.00000,0.25573,0.25939
1.3600,STEP_col0,6.0000,0.0000,0.0000,0.0000,0.04337,0.00000,0.25570,0.25936
1.3700,STEP_col0,6.0000,0.0000,0.0000,0.0000,0.04326,0.00000,0.25568,0.25932
1.3800,STEP_col0,6.0000,0.0000,0.0000,0.0000,0.04315,0.00000,0.25566,0.25927
1.3900,STEP_col0,6.0000,0.0000,0.0000,0.0000,0.04304,0.00000,0.25563,0.25923
1.4000,STEP_col0,6.0000,0.0000,0.0000,0.0000,0.04292,0.00000,0.25560,0.25918
1.4100,STEP_col0,6.0000,0.0000,0.0000,0.0000,0.04280,0.00000,0.25557,0.25913
1.4200,STEP_col0,6.0000,0.0000,0.0000,0.0000,0.04267,0.00000,0.25555,0.25908
1.4300,STEP_col0,6.0000,0.0000,0.0000,0.0000,0.04254,0.00000,0.25552,0.25903
1.4400,STEP_col0,6.0000,0.0000,0.0000,0.0000,0.04242,0.00000,0.25549,0.25898
1.4500,STEP_col0,6.0000,0.0000,0.0000,0.0000,0.04229,0.00000,0.25546,0.25894
1.4600,STEP_col0,6.0000,0.0000,0.0000,0.0000,0.04216,0.00000,0.25543,0.25889
1.4700,STEP_col0,6.0000,0.0000,0.0000,0.0000,0.04204,0.00000,0.25540,0.25884
1.4800,STEP_col0,6.0000,0.0000,0.0000,0.0000,0.04192,0.00000,0.25538,0.25879
1.4900,STEP_col0,6.0000,0.0000,0.0000,0.0000,0.04180,0.00000,0.25535,0.25875
1.5000,STEP_col0,6.0000,0.0000,0.0000,0.0000,0.04169,0.00000,0.25533,0.25871
1.5100,STEP_col0,6.0000,0.0000,0.0000,0.0000,0.04158,0.00000,0.25530,0.25867
1.5200,STEP_col0,6.0000,0.0000,0.0000,0.0000,0.04148,0.00000,0.25528,0.25863
1.5300,STEP_col0,6.0000,0.0000,0.0000,0.0000,0.04139,0.00000,0.25526,0.25859
1.5400,STEP_col0,6.0000,0.0000,0.0000,0.0000,0.04130,0.00000,0.25524,0.25856
1.5500,STEP_col0,6.0000,0.0000,0.0000,0.0000,0.04121,0.00000,0.25522,0.25853
1.5600,STEP_col0,6.0000,0.0000,0.0000,0.0000,0.04114,0.00000,0.25520,0.25850
1.5700,STEP_col0,6.0000,0.0000,0.0000,0.0000,0.04107,0.00000,0.25519,0.25847
1.5800,STEP_col0,6.0000,0.0000,0.0000,0.0000,0.04100,0.00000,0.25518,0.25845
1.5900,STEP_col0,6.0000,0.0000,0.0000,0.0000,0.04095,0.00000,0.25516,0.25843
1.6000,STEP_col0,6.0000,0.0000,0.0000,0.0000,0.04090,0.00000,0.25515,0.25841
1.6100,STEP_col0,6.0000,0.0000,0.0000,0.0000,0.04086,0.00000,0.25515,0.25840
1.6200,STEP_col0,6.0000,0.0000,0.0000,0.0000,0.04083,0.00000,0.25514,0.25839
1.6300,STEP_col0,6.0000,0.0000,0.0000,0.0000,0.04081,0.00000,0.25513,0.25838
1.6400,STEP_col0,6.0000,0.0000,0.0000,0.0000,0.04079,0.00000,0.25513,0.25837
1.6500,STEP_col0,6.0000,0.0000,0.0000,0.0000,0.04078,0.00000,0.25513,0.25837
1.6600,STEP_col0,6.0000,0.0000,0.0000,0.0000,0.04078,0.00000,0.25513,0.25837
1.6700,STEP_col0,6.0000,0.0000,0.0000,0.0000,0.04078,0.00000,0.25513,0.25837
1.6800,STEP_col0,6.0000,0.0000,0.0000,0.0000,0.04079,0.00000,0.25513,0.25837
1.6900,STEP_col0,6.0000,0.0000,0.0000,0.0000,0.04081,0.00000,0.25514,0.25838
1.7000,STEP_col0,6.0000,0.0000,0.0000,0.0000,0.04083,0.00000,0.25514,0.25839
1.7100,STEP_col0,6.0000,0.0000,0.0000,0.0000,0.04086,0.00000,0.25515,0.25840
1.7200,STEP_col0,6.0000,0.0000,0.0000,0.0000,0.04089,0.00000,0.25515,0.25841
1.7300,STEP_col0,6.0000,0.0000,0.0000,0.0000,0.04093,0.00000,0.25516,0.25842
1.7400,STEP_col0,6.0000,0.0000,0.0000,0.0000,0.04097,0.00000,0.25517,0.25844
1.7500,STEP_col0,6.0000,0.0000,0.0000,0.0000,0.04101,0.00000,0.25518,0.25846
1.7600,STEP_col0,6.0000,0.0000,0.0000,0.0000,0.04106,0.00000,0.25519,0.25847
1.7700,STEP_col0,6.0000,0.0000,0.0000,0.0000,0.04111,0.00000,0.25520,0.25849
1.7800,STEP_col0,6.0000,0.0000,0.0000,0.0000,0.04116,0.00000,0.25521,0.25851
1.7900,STEP_col0,6.0000,0.0000,0.0000,0.0000,0.04122,0.00000,0.25523,0.25853
1.8000,STEP_col0,6.0000,0.0000,0.0000,0.0000,0.04127,0.00000,0.25524,0.25855
1.8100,STEP_col0,6.0000,0.0000,0.0000,0.0000,0.04133,0.00000,0.25525,0.25857
1.8200,STEP_col0,6.0000,0.0000,0.0000,0.0000,0.04139,0.00000,0.25526,0.25860
1.8300,STEP_col0,6.0000,0.0000,0.0000,0.0000,0.04144,0.00000,0.25528,0.25862
1.8400,STEP_col0,6.0000,0.0000,0.0000,0.0000,0.04150,0.00000,0.25529,0.25864
1.8500,STEP_col0,6.0000,0.0000,0.0000,0.0000,0.04156,0.00000,0.25530,0.25866
1.8600,STEP_col0,6.0000,0.0000,0.0000,0.0000,0.04161,0.00000,0.25531,0.25868
1.8700,STEP_col0,6.0000,0.0000,0.0000,0.0000,0.04166,0.00000,0.25532,0.25870
1.8800,STEP_col0,6.0000,0.0000,0.0000,0.0000,0.04172,0.00000,0.25534,0.25872
1.8900,STEP_col0,6.0000,0.0000,0.0000,0.0000,0.04177,0.00000,0.25535,0.25874
1.9000,STEP_col0,6.0000,0.0000,0.0000,0.0000,0.04181,0.00000,0.25536,0.25876
1.9100,STEP_col0,6.0000,0.0000,0.0000,0.0000,0.04186,0.00000,0.25537,0.25877
1.9200,STEP_col0,6.0000,0.0000,0.0000,0.0000,0.04190,0.00000,0.25538,0.25879
1.9300,STEP_col0,6.0000,0.0000,0.0000,0.0000,0.04194,0.00000,0.25538,0.25881
1.9400,STEP_col0,6.0000,0.0000,0.0000,0.0000,0.04198,0.00000,0.25539,0.25882
1.9500,STEP_col0,6.0000,0.0000,0.0000,0.0000,0.04201,0.00000,0.25540,0.25883
1.9600,STEP_col0,6.0000,0.0000,0.0000,0.0000,0.04204,0.00000,0.25541,0.25884
1.9700,STEP_col0,6.0000,0.0000,0.0000,0.0000,0.04207,0.00000,0.25541,0.25885
1.9800,STEP_col0,6.0000,0.0000,0.0000,0.0000,0.04209,0.00000,0.25542,0.25886
1.9900,STEP_col0,6.0000,0.0000,0.0000,0.0000,0.04211,0.00000,0.25542,0.25887
2.0000,STEP_col0,6.0000,0.0000,0.0000,0.0000,0.04212,0.00000,0.25543,0.25888
2.0100,STEP_col0,6.0000,0.0000,0.0000,0.0000,0.04214,0.00000,0.25543,0.25888
2.0200,STEP_col0,6.0000,0.0000,0.0000,0.0000,0.04215,0.00000,0.25543,0.25889
2.0300,STEP_col0,6.0000,0.0000,0.0000,0.0000,0.04215,0.00000,0.25543,0.25889
2.0400,STEP_col0,6.0000,0.0000,0.0000,0.0000,0.04216,0.00000,0.25543,0.25889
2.0500,STEP_col0,6.0000,0.0000,0.0000,0.0000,0.04216,0.00000,0.25543,0.25889
2.0600,STEP_col0,6.0000,0.0000,0.0000,0.0000,0.04216,0.00000,0.25543,0.25889
2.0700,STEP_col0,6.0000,0.0000,0.0000,0.0000,0.04215,0.00000,0.25543,0.25889
2.0800,STEP_col0,6.0000,0.0000,0.0000,0.0000,0.04214,0.00000,0.25543,0.25888
2.0900,STEP_col0,6.0000,0.0000,0.0000,0.0000,0.04213,0.00000,0.25543,0.25888
2.1000,STEP_col0,6.0000,0.0000,0.0000,0.0000,0.04212,0.00000,0.25542,0.25887
2.1100,STEP_col0,6.0000,0.0000,0.0000,0.0000,0.04210,0.00000,0.25542,0.25887
2.1200,STEP_col0,6.0000,0.0000,0.0000,0.0000,0.04209,0.00000,0.25542,0.25886
2.1300,STEP_col0,6.0000,0.0000,0.0000,0.0000,0.04207,0.00000,0.25541,0.25885
2.1400,STEP_col0,6.0000,0.0000,0.0000,0.0000,0.04205,0.00000,0.25541,0.25885
2.1500,STEP_col0,6.0000,0.0000,0.0000,0.0000,0.04203,0.00000,0.25540,0.25884
2.1600,STEP_col0,6.0000,0.0000,0.0000,0.0000,0.04200,0.00000,0.25540,0.25883
2.1700,STEP_col0,6.0000,0.0000,0.0000,0.0000,0.04198,0.00000,0.25539,0.25882
2.1800,STEP_col0,6.0000,0.0000,0.0000,0.0000,0.04196,0.00000,0.25539,0.25881
2.1900,STEP_col0,6.0000,0.0000,0.0000,0.0000,0.04193,0.00000,0.25538,0.25880
2.2000,STEP_col0,6.0000,0.0000,0.0000,0.0000,0.04191,0.00000,0.25538,0.25879
2.2100,STEP_col0,6.0000,0.0000,0.0000,0.0000,0.04188,0.00000,0.25537,0.25878
2.2200,STEP_col0,6.0000,0.0000,0.0000,0.0000,0.04185,0.00000,0.25537,0.25877
2.2300,STEP_col0,6.0000,0.0000,0.0000,0.0000,0.04183,0.00000,0.25536,0.25876
2.2400,STEP_col0,6.0000,0.0000,0.0000,0.0000,0.04180,0.00000,0.25535,0.25875
2.2500,STEP_col0,6.0000,0.0000,0.0000,0.0000,0.04178,0.00000,0.25535,0.25874
2.2600,STEP_col0,6.0000,0.0000,0.0000,0.0000,0.04176,0.00000,0.25534,0.25874
2.2700,STEP_col0,6.0000,0.0000,0.0000,0.0000,0.04173,0.00000,0.25534,0.25873
2.2800,STEP_col0,6.0000,0.0000,0.0000,0.0000,0.04171,0.00000,0.25533,0.25872
2.2900,STEP_col0,6.0000,0.0000,0.0000,0.0000,0.04169,0.00000,0.25533,0.25871
2.3000,STEP_col0,6.0000,0.0000,0.0000,0.0000,0.04167,0.00000,0.25532,0.25870
2.3100,STEP_col0,6.0000,0.0000,0.0000,0.0000,0.04165,0.00000,0.25532,0.25870
2.3200,STEP_col0,6.0000,0.0000,0.0000,0.0000,0.04164,0.00000,0.25532,0.25869
2.3300,STEP_col0,6.0000,0.0000,0.0000,0.0000,0.04162,0.00000,0.25531,0.25868
2.3400,STEP_col0,6.0000,0.0000,0.0000,0.0000,0.04161,0.00000,0.25531,0.25868
2.3500,STEP_col0,6.0000,0.0000,0.0000,0.0000,0.04159,0.00000,0.25531,0.25867
2.3600,STEP_col0,6.0000,0.0000,0.0000,0.0000,0.04158,0.00000,0.25530,0.25867
2.3700,STEP_col0,6.0000,0.0000,0.0000,0.0000,0.04157,0.00000,0.25530,0.25866
2.3800,STEP_col0,6.0000,0.0000,0.0000,0.0000,0.04156,0.00000,0.25530,0.25866
2.3900,STEP_col0,6.0000,0.0000,0.0000,0.0000,0.04156,0.00000,0.25530,0.25866
2.4000,STEP_col0,6.0000,0.0000,0.0000,0.0000,0.04155,0.00000,0.25530,0.25866
2.4100,STEP_col0,6.0000,0.0000,0.0000,0.0000,0.04155,0.00000,0.25530,0.25866
2.4200,STEP_col0,6.0000,0.0000,0.0000,0.0000,0.04154,0.00000,0.25530,0.25865
2.4300,STEP_col0,6.0000,0.0000,0.0000,0.0000,0.04154,0.00000,0.25530,0.25865
2.4400,STEP_col0,6.0000,0.0000,0.0000,0.0000,0.04154,0.00000,0.25530,0.25865
2.4500,STEP_col0,6.0000,0.0000,0.0000,0.0000,0.04155,0.00000,0.25530,0.25866
2.4600,STEP_col0,6.0000,0.0000,0.0000,0.0000,0.04155,0.00000,0.25530,0.25866
2.4700,STEP_col0,6.0000,0.0000,0.0000,0.0000,0.04155,0.00000,0.25530,0.25866
2.4800,STEP_col0,6.0000,0.0000,0.0000,0.0000,0.04156,0.00000,0.25530,0.25866
2.4900,STEP_col0,6.0000,0.0000,0.0000,0.0000,0.04156,0.00000,0.25530,0.25866
2.5000,STEP_col0,6.0000,0.0000,0.0000,0.0000,0.04157,0.00000,0.25530,0.25866
2.5100,STEP_col0,6.0000,0.0000,0.0000,0.0000,0.04158,0.00000,0.25530,0.25867
2.5200,STEP_col0,6.0000,0.0000,0.0000,0.0000,0.04159,0.00000,0.25531,0.25867
2.5300,STEP_col0,6.0000,0.0000,0.0000,0.0000,0.04160,0.00000,0.25531,0.25867
2.5400,STEP_col0,6.0000,0.0000,0.0000,0.0000,0.04161,0.00000,0.25531,0.25868
2.5500,STEP_col0,6.0000,0.0000,0.0000,0.0000,0.04162,0.00000,0.25531,0.25868
2.5600,STEP_col0,6.0000,0.0000,0.0000,0.0000,0.04163,0.00000,0.25531,0.25869
2.5700,STEP_col0,6.0000,0.0000,0.0000,0.0000,0.04164,0.00000,0.25532,0.25869
2.5800,STEP_col0,6.0000,0.0000,0.0000,0.0000,0.04165,0.00000,0.25532,0.25869
2.5900,STEP_col0,6.0000,0.0000,0.0000,0.0000,0.04166,0.00000,0.25532,0.25870
2.6000,STEP_col0,6.0000,0.0000,0.0000,0.0000,0.04167,0.00000,0.25532,0.25870
2.6100,STEP_col0,6.0000,0.0000,0.0000,0.0000,0.04168,0.00000,0.25533,0.25871
2.6200,STEP_col0,6.0000,0.0000,0.0000,0.0000,0.04169,0.00000,0.25533,0.25871
2.6300,STEP_col0,6.0000,0.0000,0.0000,0.0000,0.04170,0.00000,0.25533,0.25872
2.6400,STEP_col0,6.0000,0.0000,0.0000,0.0000,0.04172,0.00000,0.25533,0.25872
2.6500,STEP_col0,6.0000,0.0000,0.0000,0.0000,0.04173,0.00000,0.25534,0.25872
2.6600,STEP_col0,6.0000,0.0000,0.0000,0.0000,0.04174,0.00000,0.25534,0.25873
2.6700,STEP_col0,6.0000,0.0000,0.0000,0.0000,0.04175,0.00000,0.25534,0.25873
2.6800,STEP_col0,6.0000,0.0000,0.0000,0.0000,0.04175,0.00000,0.25534,0.25873
2.6900,STEP_col0,6.0000,0.0000,0.0000,0.0000,0.04176,0.00000,0.25535,0.25874
2.7000,STEP_col0,6.0000,0.0000,0.0000,0.0000,0.04177,0.00000,0.25535,0.25874
2.7100,STEP_col0,6.0000,0.0000,0.0000,0.0000,0.04178,0.00000,0.25535,0.25874
2.7200,STEP_col0,6.0000,0.0000,0.0000,0.0000,0.04179,0.00000,0.25535,0.25875
2.7300,STEP_col0,6.0000,0.0000,0.0000,0.0000,0.04179,0.00000,0.25535,0.25875
2.7400,STEP_col0,6.0000,0.0000,0.0000,0.0000,0.04180,0.00000,0.25535,0.25875
2.7500,STEP_col0,6.0000,0.0000,0.0000,0.0000,0.04180,0.00000,0.25535,0.25875
2.7600,STEP_col0,6.0000,0.0000,0.0000,0.0000,0.04181,0.00000,0.25535,0.25875
2.7700,STEP_col0,6.0000,0.0000,0.0000,0.0000,0.04181,0.00000,0.25536,0.25876
2.7800,STEP_col0,6.0000,0.0000,0.0000,0.0000,0.04181,0.00000,0.25536,0.25876
2.7900,STEP_col0,6.0000,0.0000,0.0000,0.0000,0.04182,0.00000,0.25536,0.25876
2.8000,STEP_col0,6.0000,0.0000,0.0000,0.0000,0.04182,0.00000,0.25536,0.25876
2.8100,STEP_col0,6.0000,0.0000,0.0000,0.0000,0.04182,0.00000,0.25536,0.25876
2.8200,STEP_col0,6.0000,0.0000,0.0000,0.0000,0.04182,0.00000,0.25536,0.25876
2.8300,STEP_col0,6.0000,0.0000,0.0000,0.0000,0.04182,0.00000,0.25536,0.25876
2.8400,STEP_col0,6.0000,0.0000,0.0000,0.0000,0.04182,0.00000,0.25536,0.25876
2.8500,STEP_col0,6.0000,0.0000,0.0000,0.0000,0.04182,0.00000,0.25536,0.25876
2.8600,STEP_col0,6.0000,0.0000,0.0000,0.0000,0.04181,0.00000,0.25536,0.25876
2.8700,STEP_col0,6.0000,0.0000,0.0000,0.0000,0.04181,0.00000,0.25536,0.25876
2.8800,STEP_col0,6.0000,0.0000,0.0000,0.0000,0.04181,0.00000,0.25536,0.25876
2.8900,STEP_col0,6.0000,0.0000,0.0000,0.0000,0.04181,0.00000,0.25535,0.25875
2.9000,STEP_col0,6.0000,0.0000,0.0000,0.0000,0.04180,0.00000,0.25535,0.25875
2.9100,STEP_col0,6.0000,0.0000,0.0000,0.0000,0.04180,0.00000,0.25535,0.25875
2.9200,STEP_col0,6.0000,0.0000,0.0000,0.0000,0.04179,0.00000,0.25535,0.25875
2.9300,STEP_col0,6.0000,0.0000,0.0000,0.0000,0.04179,0.00000,0.25535,0.25875
2.9400,STEP_col0,6.0000,0.0000,0.0000,0.0000,0.04178,0.00000,0.25535,0.25875
2.9500,STEP_col0,6.0000,0.0000,0.0000,0.0000,0.04178,0.00000,0.25535,0.25874
2.9600,STEP_col0,6.0000,0.0000,0.0000,0.0000,0.04177,0.00000,0.25535,0.25874
2.9700,STEP_col0,6.0000,0.0000,0.0000,0.0000,0.04177,0.00000,0.25535,0.25874
2.9800,STEP_col0,6.0000,0.0000,0.0000,0.0000,0.04176,0.00000,0.25535,0.25874
2.9900,STEP_col0,6.0000,0.0000,0.0000,0.0000,0.04176,0.00000,0.25534,0.25874
3.0000,STEP_col0,6.0000,0.0000,0.0000,0.0000,0.04175,0.00000,0.25534,0.25873
3.0100,STEP_col0,6.0000,0.0000,0.0000,0.0000,0.04175,0.00000,0.25534,0.25873
3.0200,STEP_col0,6.0000,0.0000,0.0000,0.0000,0.04174,0.00000,0.25534,0.25873
3.0300,STEP_col0,6.0000,0.0000,0.0000,0.0000,0.04174,0.00000,0.25534,0.25873
3.0400,STEP_col0,6.0000,0.0000,0.0000,0.0000,0.04174,0.00000,0.25534,0.25873
3.0500,STEP_col0,6.0000,0.0000,0.0000,0.0000,0.04173,0.00000,0.25534,0.25873
3.0600,STEP_col0,6.0000,0.0000,0.0000,0.0000,0.04173,0.00000,0.25534,0.25872
3.0700,STEP_col0,6.0000,0.0000,0.0000,0.0000,0.04172,0.00000,0.25534,0.25872
3.0800,STEP_col0,6.0000,0.0000,0.0000,0.0000,0.04172,0.00000,0.25534,0.25872
3.0900,STEP_col0,6.0000,0.0000,0.0000,0.0000,0.04172,0.00000,0.25533,0.25872
3.1000,STEP_col0,6.0000,0.0000,0.0000,0.0000,0.04171,0.00000,0.25533,0.25872
3.1100,STEP_col0,6.0000,0.0000,0.0000,0.0000,0.04171,0.00000,0.25533,0.25872
3.1200,STEP_col0,6.0000,0.0000,0.0000,0.0000,0.04171,0.00000,0.25533,0.25872
3.1300,STEP_col0,6.0000,0.0000,0.0000,0.0000,0.04170,0.00000,0.25533,0.25872
3.1400,STEP_col0,6.0000,0.0000,0.0000,0.0000,0.04170,0.00000,0.25533,0.25871
3.1500,STEP_col0,6.0000,0.0000,0.0000,0.0000,0.04170,0.00000,0.25533,0.25871
3.1600,STEP_col0,6.0000,0.0000,0.0000,0.0000,0.04170,0.00000,0.25533,0.25871
3.1700,STEP_col0,6.0000,0.0000,0.0000,0.0000,0.04170,0.00000,0.25533,0.25871
3.1800,STEP_col0,6.0000,0.0000,0.0000,0.0000,0.04170,0.00000,0.25533,0.25871
3.1900,STEP_col0,6.0000,0.0000,0.0000,0.0000,0.04170,0.00000,0.25533,0.25871
3.2000,STEP_col0,6.0000,0.0000,0.0000,0.0000,0.04170,0.00000,0.25533,0.25871
3.2100,STEP_col0,6.0000,0.0000,0.0000,0.0000,0.04170,0.00000,0.25533,0.25871
3.2200,STEP_col0,6.0000,0.0000,0.0000,0.0000,0.04170,0.00000,0.25533,0.25871
3.2300,STEP_col0,6.0000,0.0000,0.0000,0.0000,0.04170,0.00000,0.25533,0.25871
3.2400,STEP_col0,6.0000,0.0000,0.0000,0.0000,0.04170,0.00000,0.25533,0.25871
3.2500,STEP_col0,6.0000,0.0000,0.0000,0.0000,0.04170,0.00000,0.25533,0.25871
3.2600,STEP_col0,6.0000,0.0000,0.0000,0.0000,0.04170,0.00000,0.25533,0.25871
3.2700,STEP_col0,6.0000,0.0000,0.0000,0.0000,0.04170,0.00000,0.25533,0.25871
3.2800,STEP_col0,6.0000,0.0000,0.0000,0.0000,0.04170,0.00000,0.25533,0.25871
3.2900,STEP_col0,6.0000,0.0000,0.0000,0.0000,0.04170,0.00000,0.25533,0.25872
3.3000,STEP_col0,6.0000,0.0000,0.0000,0.0000,0.04170,0.00000,0.25533,0.25872
3.3100,STEP_col0,6.0000,0.0000,0.0000,0.0000,0.04171,0.00000,0.25533,0.25872
3.3200,STEP_col0,6.0000,0.0000,0.0000,0.0000,0.04171,0.00000,0.25533,0.25872
3.3300,STEP_col0,6.0000,0.0000,0.0000,0.0000,0.04171,0.00000,0.25533,0.25872
3.3400,STEP_col0,6.0000,0.0000,0.0000,0.0000,0.04171,0.00000,0.25533,0.25872
3.3500,STEP_col0,6.0000,0.0000,0.0000,0.0000,0.04172,0.00000,0.25533,0.25872
3.3600,STEP_col0,6.0000,0.0000,0.0000,0.0000,0.04172,0.00000,0.25534,0.25872
3.3700,STEP_col0,6.0000,0.0000,0.0000,0.0000,0.04172,0.00000,0.25534,0.25872
3.3800,STEP_col0,6.0000,0.0000,0.0000,0.0000,0.04172,0.00000,0.25534,0.25872
3.3900,STEP_col0,6.0000,0.0000,0.0000,0.0000,0.04172,0.00000,0.25534,0.25872
3.4000,STEP_col0,6.0000,0.0000,0.0000,0.0000,0.04173,0.00000,0.25534,0.25872
3.4100,STEP_col0,6.0000,0.0000,0.0000,0.0000,0.04173,0.00000,0.25534,0.25872
3.4200,STEP_col0,6.0000,0.0000,0.0000,0.0000,0.04173,0.00000,0.25534,0.25873
3.4300,STEP_col0,6.0000,0.0000,0.0000,0.0000,0.04173,0.00000,0.25534,0.25873
3.4400,STEP_col0,6.0000,0.0000,0.0000,0.0000,0.04173,0.00000,0.25534,0.25873
3.4500,STEP_col0,6.0000,0.0000,0.0000,0.0000,0.04174,0.00000,0.25534,0.25873
3.4600,STEP_col0,6.0000,0.0000,0.0000,0.0000,0.04174,0.00000,0.25534,0.25873
3.4700,STEP_col0,6.0000,0.0000,0.0000,0.0000,0.04174,0.00000,0.25534,0.25873
3.4800,STEP_col0,6.0000,0.0000,0.0000,0.0000,0.04174,0.00000,0.25534,0.25873
3.4900,STEP_col0,6.0000,0.0000,0.0000,0.0000,0.04174,0.00000,0.25534,0.25873
3.5000,STEP_col0,6.0000,0.0000,0.0000,0.0000,0.04174,0.00000,0.25534,0.25873
3.5100,STEP_col0,6.0000,0.0000,0.0000,0.0000,0.04175,0.00000,0.25534,0.25873
3.5200,STEP_col0,6.0000,0.0000,0.0000,0.0000,0.04175,0.00000,0.25534,0.25873
3.5300,STEP_col0,6.0000,0.0000,0.0000,0.0000,0.04175,0.00000,0.25534,0.25873
3.5400,STEP_col0,6.0000,0.0000,0.0000,0.0000,0.04175,0.00000,0.25534,0.25873
3.5500,STEP_col0,6.0000,0.0000,0.0000,0.0000,0.04175,0.00000,0.25534,0.25873
3.5600,STEP_col0,6.0000,0.0000,0.0000,0.0000,0.04175,0.00000,0.25534,0.25873
3.5700,STEP_col0,6.0000,0.0000,0.0000,0.0000,0.04175,0.00000,0.25534,0.25873
3.5800,STEP_col0,6.0000,0.0000,0.0000,0.0000,0.04175,0.00000,0.25534,0.25873
3.5900,STEP_col0,6.0000,0.0000,0.0000,0.0000,0.04175,0.00000,0.25534,0.25873
3.6000,STEP_col0,6.0000,0.0000,0.0000,0.0000,0.04175,0.00000,0.25534,0.25873
3.6100,STEP_col0,6.0000,0.0000,0.0000,0.0000,0.04175,0.00000,0.25534,0.25873
3.6200,STEP_col0,6.0000,0.0000,0.0000,0.0000,0.04175,0.00000,0.25534,0.25873
3.6300,STEP_col0,6.0000,0.0000,0.0000,0.0000,0.04175,0.00000,0.25534,0.25873
3.6400,STEP_col0,6.0000,0.0000,0.0000,0.0000,0.04175,0.00000,0.25534,0.25873
3.6500,STEP_col0,6.0000,0.0000,0.0000,0.0000,0.04175,0.00000,0.25534,0.25873
3.6600,STEP_col0,6.0000,0.0000,0.0000,0.0000,0.04175,0.00000,0.25534,0.25873
3.6700,STEP_col0,6.0000,0.0000,0.0000,0.0000,0.04175,0.00000,0.25534,0.25873
3.6800,STEP_col0,6.0000,0.0000,0.0000,0.0000,0.04175,0.00000,0.25534,0.25873
3.6900,STEP_col0,6.0000,0.0000,0.0000,0.0000,0.04175,0.00000,0.25534,0.25873
3.7000,STEP_col0,6.0000,0.0000,0.0000,0.0000,0.04174,0.00000,0.25534,0.25873
3.7100,STEP_col0,6.0000,0.0000,0.0000,0.0000,0.04174,0.00000,0.25534,0.25873
3.7200,STEP_col0,6.0000,0.0000,0.0000,0.0000,0.04174,0.00000,0.25534,0.25873
3.7300,STEP_col0,6.0000,0.0000,0.0000,0.0000,0.04174,0.00000,0.25534,0.25873
3.7400,STEP_col0,6.0000,0.0000,0.0000,0.0000,0.04174,0.00000,0.25534,0.25873
3.7500,STEP_col0,6.0000,0.0000,0.0000,0.0000,0.04174,0.00000,0.25534,0.25873
3.7600,STEP_col0,6.0000,0.0000,0.0000,0.0000,0.04174,0.00000,0.25534,0.25873
3.7700,STEP_col0,6.0000,0.0000,0.0000,0.0000,0.04174,0.00000,0.25534,0.25873
3.7800,STEP_col0,6.0000,0.0000,0.0000,0.0000,0.04174,0.00000,0.25534,0.25873
3.7900,STEP_col0,6.0000,0.0000,0.0000,0.0000,0.04174,0.00000,0.25534,0.25873
3.8000,STEP_col0,6.0000,0.0000,0.0000,0.0000,0.04173,0.00000,0.25534,0.25873
3.8100,STEP_col0,6.0000,0.0000,0.0000,0.0000,0.04173,0.00000,0.25534,0.25873
3.8200,STEP_col0,6.0000,0.0000,0.0000,0.0000,0.04173,0.00000,0.25534,0.25873
3.8300,STEP_col0,6.0000,0.0000,0.0000,0.0000,0.04173,0.00000,0.25534,0.25873
3.8400,STEP_col0,6.0000,0.0000,0.0000,0.0000,0.04173,0.00000,0.25534,0.25873
3.8500,STEP_col0,6.0000,0.0000,0.0000,0.0000,0.04173,0.00000,0.25534,0.25873
3.8600,STEP_col0,6.0000,0.0000,0.0000,0.0000,0.04173,0.00000,0.25534,0.25873
3.8700,STEP_col0,6.0000,0.0000,0.0000,0.0000,0.04173,0.00000,0.25534,0.25872
3.8800,STEP_col0,6.0000,0.0000,0.0000,0.0000,0.04173,0.00000,0.25534,0.25872
3.8900,STEP_col0,6.0000,0.0000,0.0000,0.0000,0.04173,0.00000,0.25534,0.25872
3.9000,STEP_col0,6.0000,0.0000,0.0000,0.0000,0.04173,0.00000,0.25534,0.25872
3.9100,STEP_col0,6.0000,0.0000,0.0000,0.0000,0.04173,0.00000,0.25534,0.25872
3.9200,STEP_col0,6.0000,0.0000,0.0000,0.0000,0.04173,0.00000,0.25534,0.25872
3.9300,STEP_col0,6.0000,0.0000,0.0000,0.0000,0.04173,0.00000,0.25534,0.25872
3.9400,STEP_col0,6.0000,0.0000,0.0000,0.0000,0.04173,0.00000,0.25534,0.25872
3.9500,STEP_col0,6.0000,0.0000,0.0000,0.0000,0.04173,0.00000,0.25534,0.25872
3.9600,STEP_col0,6.0000,0.0000,0.0000,0.0000,0.04173,0.00000,0.25534,0.25872
3.9700,STEP_col0,6.0000,0.0000,0.0000,0.0000,0.04173,0.00000,0.25534,0.25872
3.9800,STEP_col0,6.0000,0.0000,0.0000,0.0000,0.04173,0.00000,0.25534,0.25872
3.9900,STEP_col0,6.0000,0.0000,0.0000,0.0000,0.04173,0.00000,0.25534,0.25872
4.0000,STEP_col0,6.0000,0.0000,0.0000,0.0000,0.04173,0.00000,0.25534,0.25872
4.0100,STEP_col0,6.0000,0.0000,0.0000,0.0000,0.04173,0.00000,0.25534,0.25872
4.0200,STEP_col0,6.0000,0.0000,0.0000,0.0000,0.04173,0.00000,0.25534,0.25872
4.0300,STEP_col0,6.0000,0.0000,0.0000,0.0000,0.04173,0.00000,0.25534,0.25872
4.0400,STEP_col0,6.0000,0.0000,0.0000,0.0000,0.04173,0.00000,0.25534,0.25872
4.0500,STEP_col0,6.0000,0.0000,0.0000,0.0000,0.04173,0.00000,0.25534,0.25872
4.0600,STEP_col0,6.0000,0.0000,0.0000,0.0000,0.04173,0.00000,0.25534,0.25872
4.0700,STEP_col0,6.0000,0.0000,0.0000,0.0000,0.04173,0.00000,0.25534,0.25872
4.0800,STEP_col0,6.0000,0.0000,0.0000,0.0000,0.04173,0.00000,0.25534,0.25872
4.0900,STEP_col0,6.0000,0.0000,0.0000,0.0000,0.04173,0.00000,0.25534,0.25872
4.1000,STEP_col0,6.0000,0.0000,0.0000,0.0000,0.04173,0.00000,0.25534,0.25872
4.1100,STEP_col0,6.0000,0.0000,0.0000,0.0000,0.04173,0.00000,0.25534,0.25872
4.1200,STEP_col0,6.0000,0.0000,0.0000,0.0000,0.04173,0.00000,0.25534,0.25873
4.1300,STEP_col0,6.0000,0.0000,0.0000,0.0000,0.04173,0.00000,0.25534,0.25873
4.1400,STEP_col0,6.0000,0.0000,0.0000,0.0000,0.04173,0.00000,0.25534,0.25873
4.1500,STEP_col0,6.0000,0.0000,0.0000,0.0000,0.04173,0.00000,0.25534,0.25873
4.1600,STEP_col0,6.0000,0.0000,0.0000,0.0000,0.04173,0.00000,0.25534,0.25873
4.1700,STEP_col0,6.0000,0.0000,0.0000,0.0000,0.04173,0.00000,0.25534,0.25873
4.1800,STEP_col0,6.0000,0.0000,0.0000,0.0000,0.04173,0.00000,0.25534,0.25873
4.1900,STEP_col0,6.0000,0.0000,0.0000,0.0000,0.04173,0.00000,0.25534,0.25873
4.2000,STEP_col0,6.0000,0.0000,0.0000,0.0000,0.04173,0.00000,0.25534,0.25873
4.2100,STEP_col0,6.0000,0.0000,0.0000,0.0000,0.04173,0.00000,0.25534,0.25873
4.2200,STEP_col0,6.0000,0.0000,0.0000,0.0000,0.04173,0.00000,0.25534,0.25873
4.2300,STEP_col0,6.0000,0.0000,0.0000,0.0000,0.04173,0.00000,0.25534,0.25873
4.2400,STEP_col0,6.0000,0.0000,0.0000,0.0000,0.04173,0.00000,0.25534,0.25873
4.2500,STEP_col0,6.0000,0.0000,0.0000,0.0000,0.04173,0.00000,0.25534,0.25873
4.2600,STEP_col0,6.0000,0.0000,0.0000,0.0000,0.04174,0.00000,0.25534,0.25873
4.2700,STEP_col0,6.0000,0.0000,0.0000,0.0000,0.04174,0.00000,0.25534,0.25873
4.2800,STEP_col0,6.0000,0.0000,0.0000,0.0000,0.04174,0.00000,0.25534,0.25873
4.2900,STEP_col0,6.0000,0.0000,0.0000,0.0000,0.04174,0.00000,0.25534,0.25873
4.3000,STEP_col0,6.0000,0.0000,0.0000,0.0000,0.04174,0.00000,0.25534,0.25873
4.3100,STEP_col0,6.0000,0.0000,0.0000,0.0000,0.04174,0.00000,0.25534,0.25873
4.3200,STEP_col0,6.0000,0.0000,0.0000,0.0000,0.04174,0.00000,0.25534,0.25873
4.3300,STEP_col0,6.0000,0.0000,0.0000,0.0000,0.04174,0.00000,0.25534,0.25873
4.3400,STEP_col0,6.0000,0.0000,0.0000,0.0000,0.04174,0.00000,0.25534,0.25873
4.3500,STEP_col0,6.0000,0.0000,0.0000,0.0000,0.04174,0.00000,0.25534,0.25873
4.3600,STEP_col0,6.0000,0.0000,0.0000,0.0000,0.04174,0.00000,0.25534,0.25873
4.3700,STEP_col0,6.0000,0.0000,0.0000,0.0000,0.04174,0.00000,0.25534,0.25873
4.3800,STEP_col0,6.0000,0.0000,0.0000,0.0000,0.04174,0.00000,0.25534,0.25873
4.3900,STEP_col0,6.0000,0.0000,0.0000,0.0000,0.04174,0.00000,0.25534,0.25873
4.4000,STEP_col0,6.0000,0.0000,0.0000,0.0000,0.04174,0.00000,0.25534,0.25873
4.4100,STEP_col0,6.0000,0.0000,0.0000,0.0000,0.04174,0.00000,0.25534,0.25873
4.4200,STEP_col0,6.0000,0.0000,0.0000,0.0000,0.04174,0.00000,0.25534,0.25873
4.4300,STEP_col0,6.0000,0.0000,0.0000,0.0000,0.04174,0.00000,0.25534,0.25873
4.4400,STEP_col0,6.0000,0.0000,0.0000,0.0000,0.04174,0.00000,0.25534,0.25873
4.4500,STEP_col0,6.0000,0.0000,0.0000,0.0000,0.04174,0.00000,0.25534,0.25873
4.4600,STEP_col0,6.0000,0.0000,0.0000,0.0000,0.04174,0.00000,0.25534,0.25873
4.4700,STEP_col0,6.0000,0.0000,0.0000,0.0000,0.04174,0.00000,0.25534,0.25873
4.4800,STEP_col0,6.0000,0.0000,0.0000,0.0000,0.04174,0.00000,0.25534,0.25873
4.4900,STEP_col0,6.0000,0.0000,0.0000,0.0000,0.04174,0.00000,0.25534,0.25873
4.5000,STEP_col0,6.0000,0.0000,0.0000,0.0000,0.04173,0.00000,0.25534,0.25873
4.5100,STEP_col0,6.0000,0.0000,0.0000,0.0000,0.04173,0.00000,0.25534,0.25873
4.5200,STEP_col0,6.0000,0.0000,0.0000,0.0000,0.04173,0.00000,0.25534,0.25873
4.5300,STEP_col0,6.0000,0.0000,0.0000,0.0000,0.04173,0.00000,0.25534,0.25873
4.5400,STEP_col0,6.0000,0.0000,0.0000,0.0000,0.04173,0.00000,0.25534,0.25873
4.5500,STEP_col0,6.0000,0.0000,0.0000,0.0000,0.04173,0.00000,0.25534,0.25873
4.5600,STEP_col0,6.0000,0.0000,0.0000,0.0000,0.04173,0.00000,0.25534,0.25873
4.5700,STEP_col0,6.0000,0.0000,0.0000,0.0000,0.04173,0.00000,0.25534,0.25873
4.5800,STEP_col0,6.0000,0.0000,0.0000,0.0000,0.04173,0.00000,0.25534,0.25873
4.5900,STEP_col0,6.0000,0.0000,0.0000,0.0000,0.04173,0.00000,0.25534,0.25873
4.6000,STEP_col0,6.0000,0.0000,0.0000,0.0000,0.04173,0.00000,0.25534,0.25873
4.6100,STEP_col0,6.0000,0.0000,0.0000,0.0000,0.04173,0.00000,0.25534,0.25873
4.6200,STEP_col0,6.0000,0.0000,0.0000,0.0000,0.04173,0.00000,0.25534,0.25873
4.6300,STEP_col0,6.0000,0.0000,0.0000,0.0000,0.04173,0.00000,0.25534,0.25873
4.6400,STEP_col0,6.0000,0.0000,0.0000,0.0000,0.04173,0.00000,0.25534,0.25873
4.6500,STEP_col0,6.0000,0.0000,0.0000,0.0000,0.04173,0.00000,0.25534,0.25873
4.6600,STEP_col0,6.0000,0.0000,0.0000,0.0000,0.04173,0.00000,0.25534,0.25873
4.6700,STEP_col0,6.0000,0.0000,0.0000,0.0000,0.04173,0.00000,0.25534,0.25873
4.6800,STEP_col0,6.0000,0.0000,0.0000,0.0000,0.04173,0.00000,0.25534,0.25873
4.6900,STEP_col0,6.0000,0.0000,0.0000,0.0000,0.04173,0.00000,0.25534,0.25873
4.7000,STEP_col0,6.0000,0.0000,0.0000,0.0000,0.04173,0.00000,0.25534,0.25873
4.7100,STEP_col0,6.0000,0.0000,0.0000,0.0000,0.04173,0.00000,0.25534,0.25873
4.7200,STEP_col0,6.0000,0.0000,0.0000,0.0000,0.04173,0.00000,0.25534,0.25873
4.7300,STEP_col0,6.0000,0.0000,0.0000,0.0000,0.04173,0.00000,0.25534,0.25873
4.7400,STEP_col0,6.0000,0.0000,0.0000,0.0000,0.04173,0.00000,0.25534,0.25873
4.7500,STEP_col0,6.0000,0.0000,0.0000,0.0000,0.04173,0.00000,0.25534,0.25873
4.7600,STEP_col0,6.0000,0.0000,0.0000,0.0000,0.04173,0.00000,0.25534,0.25873
4.7700,STEP_col0,6.0000,0.0000,0.0000,0.0000,0.04173,0.00000,0.25534,0.25873
4.7800,STEP_col0,6.0000,0.0000,0.0000,0.0000,0.04173,0.00000,0.25534,0.25873
4.7900,STEP_col0,6.0000,0.0000,0.0000,0.0000,0.04173,0.00000,0.25534,0.25873
4.8000,STEP_col0,6.0000,0.0000,0.0000,0.0000,0.04173,0.00000,0.25534,0.25873
4.8100,STEP_col0,6.0000,0.0000,0.0000,0.0000,0.04173,0.00000,0.25534,0.25873
4.8200,STEP_col0,6.0000,0.0000,0.0000,0.0000,0.04173,0.00000,0.25534,0.25873
4.8300,STEP_col0,6.0000,0.0000,0.0000,0.0000,0.04173,0.00000,0.25534,0.25873
4.8400,STEP_col0,6.0000,0.0000,0.0000,0.0000,0.04173,0.00000,0.25534,0.25873
4.8500,STEP_col0,6.0000,0.0000,0.0000,0.0000,0.04173,0.00000,0.25534,0.25873
4.8600,STEP_col0,6.0000,0.0000,0.0000,0.0000,0.04173,0.00000,0.25534,0.25873
4.8700,STEP_col0,6.0000,0.0000,0.0000,0.0000,0.04173,0.00000,0.25534,0.25873
4.8800,STEP_col0,6.0000,0.0000,0.0000,0.0000,0.04173,0.00000,0.25534,0.25873
4.8900,STEP_col0,6.0000,0.0000,0.0000,0.0000,0.04173,0.00000,0.25534,0.25873
4.9000,STEP_col0,6.0000,0.0000,0.0000,0.0000,0.04173,0.00000,0.25534,0.25873
4.9100,STEP_col0,6.0000,0.0000,0.0000,0.0000,0.04173,0.00000,0.25534,0.25873
4.9200,STEP_col0,6.0000,0.0000,0.0000,0.0000,0.04173,0.00000,0.25534,0.25873
4.9300,STEP_col0,6.0000,0.0000,0.0000,0.0000,0.04173,0.00000,0.25534,0.25873
4.9400,STEP_col0,6.0000,0.0000,0.0000,0.0000,0.04173,0.00000,0.25534,0.25873
4.9500,STEP_col0,6.0000,0.0000,0.0000,0.0000,0.04173,0.00000,0.25534,0.25873
4.9600,STEP_col0,6.0000,0.0000,0.0000,0.0000,0.04173,0.00000,0.25534,0.25873
4.9700,STEP_col0,6.0000,0.0000,0.0000,0.0000,0.04173,0.00000,0.25534,0.25873
4.9800,STEP_col0,6.0000,0.0000,0.0000,0.0000,0.04173,0.00000,0.25534,0.25873
4.9900,STEP_col0,6.0000,0.0000,0.0000,0.0000,0.04173,0.00000,0.25534,0.25873
5.0000,STEP_col0,6.0000,0.0000,0.0000,0.0000,0.04173,0.00000,0.25534,0.25873
5.0100,RELEASE_step_col0,0.0000,0.0000,0.0000,0.0000,0.04173,0.00000,0.25534,0.25872
5.0200,RELEASE_step_col0,0.0000,0.0000,0.0000,0.0000,0.04168,0.00000,0.25533,0.25871
5.0300,RELEASE_step_col0,0.0000,0.0000,0.0000,0.0000,0.04157,0.00000,0.25531,0.25867
5.0400,RELEASE_step_col0,0.0000,0.0000,0.0000,0.0000,0.04140,0.00000,0.25528,0.25861
5.0500,RELEASE_step_col0,0.0000,0.0000,0.0000,0.0000,0.04113,0.00000,0.25524,0.25853
5.0600,RELEASE_step_col0,0.0000,0.0000,0.0000,0.0000,0.04078,0.00000,0.25518,0.25842
5.0700,RELEASE_step_col0,0.0000,0.0000,0.0000,0.0000,0.04033,0.00000,0.25510,0.25827
5.0800,RELEASE_step_col0,0.0000,0.0000,0.0000,0.0000,0.03979,0.00000,0.25500,0.25809
5.0900,RELEASE_step_col0,0.0000,0.0000,0.0000,0.0000,0.03913,0.00000,0.25489,0.25787
5.1000,RELEASE_step_col0,0.0000,0.0000,0.0000,0.0000,0.03837,0.00000,0.25475,0.25762
5.1100,RELEASE_step_col0,0.0000,0.0000,0.0000,0.0000,0.03751,0.00000,0.25459,0.25734
5.1200,RELEASE_step_col0,0.0000,0.0000,0.0000,0.0000,0.03654,0.00000,0.25441,0.25702
5.1300,RELEASE_step_col0,0.0000,0.0000,0.0000,0.0000,0.03547,0.00000,0.25421,0.25667
5.1400,RELEASE_step_col0,0.0000,0.0000,0.0000,0.0000,0.03431,0.00000,0.25399,0.25630
5.1500,RELEASE_step_col0,0.0000,0.0000,0.0000,0.0000,0.03305,0.00000,0.25376,0.25591
5.1600,RELEASE_step_col0,0.0000,0.0000,0.0000,0.0000,0.03171,0.00000,0.25352,0.25550
5.1700,RELEASE_step_col0,0.0000,0.0000,0.0000,0.0000,0.03028,0.00000,0.25327,0.25508
5.1800,RELEASE_step_col0,0.0000,0.0000,0.0000,0.0000,0.02878,0.00000,0.25302,0.25465
5.1900,RELEASE_step_col0,0.0000,0.0000,0.0000,0.0000,0.02722,0.00000,0.25277,0.25423
5.2000,RELEASE_step_col0,0.0000,0.0000,0.0000,0.0000,0.02559,0.00000,0.25252,0.25381
5.2100,RELEASE_step_col0,0.0000,0.0000,0.0000,0.0000,0.02392,0.00000,0.25228,0.25341
5.2200,RELEASE_step_col0,0.0000,0.0000,0.0000,0.0000,0.02221,0.00000,0.25204,0.25302
5.2300,RELEASE_step_col0,0.0000,0.0000,0.0000,0.0000,0.02047,0.00000,0.25182,0.25265
5.2400,RELEASE_step_col0,0.0000,0.0000,0.0000,0.0000,0.01871,0.00000,0.25161,0.25231
5.2500,RELEASE_step_col0,0.0000,0.0000,0.0000,0.0000,0.01694,0.00000,0.25142,0.25199
5.2600,RELEASE_step_col0,0.0000,0.0000,0.0000,0.0000,0.01516,0.00000,0.25125,0.25171
5.2700,RELEASE_step_col0,0.0000,0.0000,0.0000,0.0000,0.01340,0.00000,0.25110,0.25146
5.2800,RELEASE_step_col0,0.0000,0.0000,0.0000,0.0000,0.01165,0.00000,0.25097,0.25124
5.2900,RELEASE_step_col0,0.0000,0.0000,0.0000,0.0000,0.00993,0.00000,0.25085,0.25105
5.3000,RELEASE_step_col0,0.0000,0.0000,0.0000,0.0000,0.00824,0.00000,0.25076,0.25090
5.3100,RELEASE_step_col0,0.0000,0.0000,0.0000,0.0000,0.00659,0.00000,0.25069,0.25077
5.3200,RELEASE_step_col0,0.0000,0.0000,0.0000,0.0000,0.00500,0.00000,0.25063,0.25068
5.3300,RELEASE_step_col0,0.0000,0.0000,0.0000,0.0000,0.00346,0.00000,0.25059,0.25062
5.3400,RELEASE_step_col0,0.0000,0.0000,0.0000,0.0000,0.00199,0.00000,0.25057,0.25058
5.3500,RELEASE_step_col0,0.0000,0.0000,0.0000,0.0000,0.00058,0.00000,0.25056,0.25056
5.3600,RELEASE_step_col0,0.0000,0.0000,0.0000,0.0000,-0.00074,0.00000,0.25056,0.25056
5.3700,RELEASE_step_col0,0.0000,0.0000,0.0000,0.0000,-0.00199,0.00000,0.25058,0.25058
5.3800,RELEASE_step_col0,0.0000,0.0000,0.0000,0.0000,-0.00315,0.00000,0.25060,0.25062
5.3900,RELEASE_step_col0,0.0000,0.0000,0.0000,0.0000,-0.00422,0.00000,0.25062,0.25066
5.4000,RELEASE_step_col0,0.0000,0.0000,0.0000,0.0000,-0.00521,0.00000,0.25065,0.25071
5.4100,RELEASE_step_col0,0.0000,0.0000,0.0000,0.0000,-0.00610,0.00000,0.25069,0.25076
5.4200,RELEASE_step_col0,0.0000,0.0000,0.0000,0.0000,-0.00690,0.00000,0.25072,0.25082
5.4300,RELEASE_step_col0,0.0000,0.0000,0.0000,0.0000,-0.00760,0.00000,0.25076,0.25088
5.4400,RELEASE_step_col0,0.0000,0.0000,0.0000,0.0000,-0.00821,0.00000,0.25079,0.25093
5.4500,RELEASE_step_col0,0.0000,0.0000,0.0000,0.0000,-0.00872,0.00000,0.25083,0.25098
5.4600,RELEASE_step_col0,0.0000,0.0000,0.0000,0.0000,-0.00914,0.00000,0.25085,0.25102
5.4700,RELEASE_step_col0,0.0000,0.0000,0.0000,0.0000,-0.00947,0.00000,0.25088,0.25106
5.4800,RELEASE_step_col0,0.0000,0.0000,0.0000,0.0000,-0.00971,0.00000,0.25090,0.25109
5.4900,RELEASE_step_col0,0.0000,0.0000,0.0000,0.0000,-0.00986,0.00000,0.25091,0.25111
5.5000,RELEASE_step_col0,0.0000,0.0000,0.0000,0.0000,-0.00993,0.00000,0.25092,0.25112
5.5100,RELEASE_step_col0,0.0000,0.0000,0.0000,0.0000,-0.00992,0.00000,0.25093,0.25113
5.5200,RELEASE_step_col0,0.0000,0.0000,0.0000,0.0000,-0.00984,0.00000,0.25093,0.25112
5.5300,RELEASE_step_col0,0.0000,0.0000,0.0000,0.0000,-0.00968,0.00000,0.25093,0.25111
5.5400,RELEASE_step_col0,0.0000,0.0000,0.0000,0.0000,-0.00945,0.00000,0.25092,0.25110
5.5500,RELEASE_step_col0,0.0000,0.0000,0.0000,0.0000,-0.00916,0.00000,0.25091,0.25108
5.5600,RELEASE_step_col0,0.0000,0.0000,0.0000,0.0000,-0.00882,0.00000,0.25089,0.25105
5.5700,RELEASE_step_col0,0.0000,0.0000,0.0000,0.0000,-0.00842,0.00000,0.25088,0.25102
5.5800,RELEASE_step_col0,0.0000,0.0000,0.0000,0.0000,-0.00797,0.00000,0.25086,0.25099
5.5900,RELEASE_step_col0,0.0000,0.0000,0.0000,0.0000,-0.00748,0.00000,0.25084,0.25095
5.6000,RELEASE_step_col0,0.0000,0.0000,0.0000,0.0000,-0.00696,0.00000,0.25082,0.25092
5.6100,RELEASE_step_col0,0.0000,0.0000,0.0000,0.0000,-0.00640,0.00000,0.25080,0.25088
5.6200,RELEASE_step_col0,0.0000,0.0000,0.0000,0.0000,-0.00582,0.00000,0.25078,0.25085
5.6300,RELEASE_step_col0,0.0000,0.0000,0.0000,0.0000,-0.00521,0.00000,0.25076,0.25082
5.6400,RELEASE_step_col0,0.0000,0.0000,0.0000,0.0000,-0.00460,0.00000,0.25075,0.25079
5.6500,RELEASE_step_col0,0.0000,0.0000,0.0000,0.0000,-0.00397,0.00000,0.25073,0.25076
5.6600,RELEASE_step_col0,0.0000,0.0000,0.0000,0.0000,-0.00333,0.00000,0.25072,0.25074
5.6700,RELEASE_step_col0,0.0000,0.0000,0.0000,0.0000,-0.00270,0.00000,0.25071,0.25072
5.6800,RELEASE_step_col0,0.0000,0.0000,0.0000,0.0000,-0.00207,0.00000,0.25070,0.25071
5.6900,RELEASE_step_col0,0.0000,0.0000,0.0000,0.0000,-0.00145,0.00000,0.25069,0.25070
5.7000,RELEASE_step_col0,0.0000,0.0000,0.0000,0.0000,-0.00084,0.00000,0.25069,0.25069
5.7100,RELEASE_step_col0,0.0000,0.0000,0.0000,0.0000,-0.00025,0.00000,0.25069,0.25069
5.7200,RELEASE_step_col0,0.0000,0.0000,0.0000,0.0000,0.00032,0.00000,0.25069,0.25069
5.7300,RELEASE_step_col0,0.0000,0.0000,0.0000,0.0000,0.00087,0.00000,0.25069,0.25069
5.7400,RELEASE_step_col0,0.0000,0.0000,0.0000,0.0000,0.00139,0.00000,0.25070,0.25070
5.7500,RELEASE_step_col0,0.0000,0.0000,0.0000,0.0000,0.00188,0.00000,0.25070,0.25071
5.7600,RELEASE_step_col0,0.0000,0.0000,0.0000,0.0000,0.00234,0.00000,0.25071,0.25072
5.7700,RELEASE_step_col0,0.0000,0.0000,0.0000,0.0000,0.00277,0.00000,0.25071,0.25073
5.7800,RELEASE_step_col0,0.0000,0.0000,0.0000,0.0000,0.00316,0.00000,0.25072,0.25074
5.7900,RELEASE_step_col0,0.0000,0.0000,0.0000,0.0000,0.00352,0.00000,0.25073,0.25075
5.8000,RELEASE_step_col0,0.0000,0.0000,0.0000,0.0000,0.00384,0.00000,0.25074,0.25076
5.8100,RELEASE_step_col0,0.0000,0.0000,0.0000,0.0000,0.00411,0.00000,0.25074,0.25078
5.8200,RELEASE_step_col0,0.0000,0.0000,0.0000,0.0000,0.00435,0.00000,0.25075,0.25079
5.8300,RELEASE_step_col0,0.0000,0.0000,0.0000,0.0000,0.00456,0.00000,0.25076,0.25080
5.8400,RELEASE_step_col0,0.0000,0.0000,0.0000,0.0000,0.00472,0.00000,0.25076,0.25081
5.8500,RELEASE_step_col0,0.0000,0.0000,0.0000,0.0000,0.00484,0.00000,0.25077,0.25081
5.8600,RELEASE_step_col0,0.0000,0.0000,0.0000,0.0000,0.00493,0.00000,0.25077,0.25082
5.8700,RELEASE_step_col0,0.0000,0.0000,0.0000,0.0000,0.00498,0.00000,0.25077,0.25082
5.8800,RELEASE_step_col0,0.0000,0.0000,0.0000,0.0000,0.00499,0.00000,0.25077,0.25082
5.8900,RELEASE_step_col0,0.0000,0.0000,0.0000,0.0000,0.00497,0.00000,0.25077,0.25082
5.9000,RELEASE_step_col0,0.0000,0.0000,0.0000,0.0000,0.00491,0.00000,0.25077,0.25082
5.9100,RELEASE_step_col0,0.0000,0.0000,0.0000,0.0000,0.00483,0.00000,0.25077,0.25082
5.9200,RELEASE_step_col0,0.0000,0.0000,0.0000,0.0000,0.00471,0.00000,0.25077,0.25081
5.9300,RELEASE_step_col0,0.0000,0.0000,0.0000,0.0000,0.00457,0.00000,0.25076,0.25081
5.9400,RELEASE_step_col0,0.0000,0.0000,0.0000,0.0000,0.00440,0.00000,0.25076,0.25080
5.9500,RELEASE_step_col0,0.0000,0.0000,0.0000,0.0000,0.00421,0.00000,0.25076,0.25079
5.9600,RELEASE_step_col0,0.0000,0.0000,0.0000,0.0000,0.00400,0.00000,0.25075,0.25078
5.9700,RELEASE_step_col0,0.0000,0.0000,0.0000,0.0000,0.00377,0.00000,0.25075,0.25078
5.9800,RELEASE_step_col0,0.0000,0.0000,0.0000,0.0000,0.00352,0.00000,0.25074,0.25077
5.9900,RELEASE_step_col0,0.0000,0.0000,0.0000,0.0000,0.00326,0.00000,0.25074,0.25076
6.0000,RELEASE_step_col0,0.0000,0.0000,0.0000,0.0000,0.00299,0.00000,0.25073,0.25075
6.0100,RELEASE_step_col0,0.0000,0.0000,0.0000,0.0000,0.00270,0.00000,0.25073,0.25074
6.0200,RELEASE_step_col0,0.0000,0.0000,0.0000,0.0000,0.00241,0.00000,0.25072,0.25074
6.0300,RELEASE_step_col0,0.0000,0.0000,0.0000,0.0000,0.00212,0.00000,0.25072,0.25073
6.0400,RELEASE_step_col0,0.0000,0.0000,0.0000,0.0000,0.00182,0.00000,0.25072,0.25072
6.0500,RELEASE_step_col0,0.0000,0.0000,0.0000,0.0000,0.00152,0.00000,0.25071,0.25072
6.0600,RELEASE_step_col0,0.0000,0.0000,0.0000,0.0000,0.00123,0.00000,0.25071,0.25071
6.0700,RELEASE_step_col0,0.0000,0.0000,0.0000,0.0000,0.00094,0.00000,0.25071,0.25071
6.0800,RELEASE_step_col0,0.0000,0.0000,0.0000,0.0000,0.00065,0.00000,0.25071,0.25071
6.0900,RELEASE_step_col0,0.0000,0.0000,0.0000,0.0000,0.00037,0.00000,0.25071,0.25071
6.1000,RELEASE_step_col0,0.0000,0.0000,0.0000,0.0000,0.00010,0.00000,0.25071,0.25071
6.1100,RELEASE_step_col0,0.0000,0.0000,0.0000,0.0000,-0.00016,0.00000,0.25071,0.25071
6.1200,RELEASE_step_col0,0.0000,0.0000,0.0000,0.0000,-0.00041,0.00000,0.25071,0.25071
6.1300,RELEASE_step_col0,0.0000,0.0000,0.0000,0.0000,-0.00064,0.00000,0.25071,0.25071
6.1400,RELEASE_step_col0,0.0000,0.0000,0.0000,0.0000,-0.00086,0.00000,0.25071,0.25071
6.1500,RELEASE_step_col0,0.0000,0.0000,0.0000,0.0000,-0.00107,0.00000,0.25071,0.25071
6.1600,RELEASE_step_col0,0.0000,0.0000,0.0000,0.0000,-0.00126,0.00000,0.25071,0.25072
6.1700,RELEASE_step_col0,0.0000,0.0000,0.0000,0.0000,-0.00143,0.00000,0.25071,0.25072
6.1800,RELEASE_step_col0,0.0000,0.0000,0.0000,0.0000,-0.00158,0.00000,0.25072,0.25072
6.1900,RELEASE_step_col0,0.0000,0.0000,0.0000,0.0000,-0.00172,0.00000,0.25072,0.25072
6.2000,RELEASE_step_col0,0.0000,0.0000,0.0000,0.0000,-0.00184,0.00000,0.25072,0.25073
6.2100,RELEASE_step_col0,0.0000,0.0000,0.0000,0.0000,-0.00195,0.00000,0.25072,0.25073
6.2200,RELEASE_step_col0,0.0000,0.0000,0.0000,0.0000,-0.00203,0.00000,0.25072,0.25073
6.2300,RELEASE_step_col0,0.0000,0.0000,0.0000,0.0000,-0.00210,0.00000,0.25072,0.25073
6.2400,RELEASE_step_col0,0.0000,0.0000,0.0000,0.0000,-0.00215,0.00000,0.25072,0.25073
6.2500,RELEASE_step_col0,0.0000,0.0000,0.0000,0.0000,-0.00218,0.00000,0.25072,0.25073
6.2600,RELEASE_step_col0,0.0000,0.0000,0.0000,0.0000,-0.00220,0.00000,0.25072,0.25073
6.2700,RELEASE_step_col0,0.0000,0.0000,0.0000,0.0000,-0.00220,0.00000,0.25072,0.25073
6.2800,RELEASE_step_col0,0.0000,0.0000,0.0000,0.0000,-0.00218,0.00000,0.25072,0.25073
6.2900,RELEASE_step_col0,0.0000,0.0000,0.0000,0.0000,-0.00215,0.00000,0.25072,0.25073
6.3000,RELEASE_step_col0,0.0000,0.0000,0.0000,0.0000,-0.00211,0.00000,0.25072,0.25073
6.3100,RELEASE_step_col0,0.0000,0.0000,0.0000,0.0000,-0.00205,0.00000,0.25072,0.25073
6.3200,RELEASE_step_col0,0.0000,0.0000,0.0000,0.0000,-0.00199,0.00000,0.25072,0.25073
6.3300,RELEASE_step_col0,0.0000,0.0000,0.0000,0.0000,-0.00191,0.00000,0.25072,0.25073
6.3400,RELEASE_step_col0,0.0000,0.0000,0.0000,0.0000,-0.00182,0.00000,0.25072,0.25073
6.3500,RELEASE_step_col0,0.0000,0.0000,0.0000,0.0000,-0.00172,0.00000,0.25072,0.25073
6.3600,RELEASE_step_col0,0.0000,0.0000,0.0000,0.0000,-0.00161,0.00000,0.25072,0.25072
6.3700,RELEASE_step_col0,0.0000,0.0000,0.0000,0.0000,-0.00150,0.00000,0.25072,0.25072
6.3800,RELEASE_step_col0,0.0000,0.0000,0.0000,0.0000,-0.00138,0.00000,0.25072,0.25072
6.3900,RELEASE_step_col0,0.0000,0.0000,0.0000,0.0000,-0.00125,0.00000,0.25072,0.25072
6.4000,RELEASE_step_col0,0.0000,0.0000,0.0000,0.0000,-0.00113,0.00000,0.25071,0.25072
6.4100,RELEASE_step_col0,0.0000,0.0000,0.0000,0.0000,-0.00100,0.00000,0.25071,0.25072
6.4200,RELEASE_step_col0,0.0000,0.0000,0.0000,0.0000,-0.00086,0.00000,0.25071,0.25071
6.4300,RELEASE_step_col0,0.0000,0.0000,0.0000,0.0000,-0.00073,0.00000,0.25071,0.25071
6.4400,RELEASE_step_col0,0.0000,0.0000,0.0000,0.0000,-0.00060,0.00000,0.25071,0.25071
6.4500,RELEASE_step_col0,0.0000,0.0000,0.0000,0.0000,-0.00047,0.00000,0.25071,0.25071
6.4600,RELEASE_step_col0,0.0000,0.0000,0.0000,0.0000,-0.00034,0.00000,0.25071,0.25071
6.4700,RELEASE_step_col0,0.0000,0.0000,0.0000,0.0000,-0.00021,0.00000,0.25071,0.25071
6.4800,RELEASE_step_col0,0.0000,0.0000,0.0000,0.0000,-0.00009,0.00000,0.25071,0.25071
6.4900,RELEASE_step_col0,0.0000,0.0000,0.0000,0.0000,0.00003,0.00000,0.25071,0.25071
6.5000,RELEASE_step_col0,0.0000,0.0000,0.0000,0.0000,0.00014,0.00000,0.25071,0.25071
6.5100,RELEASE_step_col0,0.0000,0.0000,0.0000,0.0000,0.00025,0.00000,0.25071,0.25071
6.5200,RELEASE_step_col0,0.0000,0.0000,0.0000,0.0000,0.00035,0.00000,0.25071,0.25071
6.5300,RELEASE_step_col0,0.0000,0.0000,0.0000,0.0000,0.00045,0.00000,0.25071,0.25071
6.5400,RELEASE_step_col0,0.0000,0.0000,0.0000,0.0000,0.00053,0.00000,0.25071,0.25071
6.5500,RELEASE_step_col0,0.0000,0.0000,0.0000,0.0000,0.00062,0.00000,0.25071,0.25071
6.5600,RELEASE_step_col0,0.0000,0.0000,0.0000,0.0000,0.00069,0.00000,0.25071,0.25071
6.5700,RELEASE_step_col0,0.0000,0.0000,0.0000,0.0000,0.00075,0.00000,0.25071,0.25071
6.5800,RELEASE_step_col0,0.0000,0.0000,0.0000,0.0000,0.00081,0.00000,0.25071,0.25071
6.5900,RELEASE_step_col0,0.0000,0.0000,0.0000,0.0000,0.00086,0.00000,0.25071,0.25072
6.6000,RELEASE_step_col0,0.0000,0.0000,0.0000,0.0000,0.00090,0.00000,0.25071,0.25072
6.6100,RELEASE_step_col0,0.0000,0.0000,0.0000,0.0000,0.00094,0.00000,0.25071,0.25072
6.6200,RELEASE_step_col0,0.0000,0.0000,0.0000,0.0000,0.00096,0.00000,0.25071,0.25072
6.6300,RELEASE_step_col0,0.0000,0.0000,0.0000,0.0000,0.00098,0.00000,0.25071,0.25072
6.6400,RELEASE_step_col0,0.0000,0.0000,0.0000,0.0000,0.00099,0.00000,0.25071,0.25072
6.6500,RELEASE_step_col0,0.0000,0.0000,0.0000,0.0000,0.00099,0.00000,0.25071,0.25072
6.6600,RELEASE_step_col0,0.0000,0.0000,0.0000,0.0000,0.00099,0.00000,0.25071,0.25072
6.6700,RELEASE_step_col0,0.0000,0.0000,0.0000,0.0000,0.00098,0.00000,0.25071,0.25072
6.6800,RELEASE_step_col0,0.0000,0.0000,0.0000,0.0000,0.00096,0.00000,0.25071,0.25072
6.6900,RELEASE_step_col0,0.0000,0.0000,0.0000,0.0000,0.00094,0.00000,0.25071,0.25072
6.7000,RELEASE_step_col0,0.0000,0.0000,0.0000,0.0000,0.00091,0.00000,0.25071,0.25072
6.7100,RELEASE_step_col0,0.0000,0.0000,0.0000,0.0000,0.00088,0.00000,0.25071,0.25072
6.7200,RELEASE_step_col0,0.0000,0.0000,0.0000,0.0000,0.00084,0.00000,0.25071,0.25072
6.7300,RELEASE_step_col0,0.0000,0.0000,0.0000,0.0000,0.00080,0.00000,0.25071,0.25072
6.7400,RELEASE_step_col0,0.0000,0.0000,0.0000,0.0000,0.00075,0.00000,0.25071,0.25071
6.7500,RELEASE_step_col0,0.0000,0.0000,0.0000,0.0000,0.00070,0.00000,0.25071,0.25071
6.7600,RELEASE_step_col0,0.0000,0.0000,0.0000,0.0000,0.00065,0.00000,0.25071,0.25071
6.7700,RELEASE_step_col0,0.0000,0.0000,0.0000,0.0000,0.00059,0.00000,0.25071,0.25071
6.7800,RELEASE_step_col0,0.0000,0.0000,0.0000,0.0000,0.00054,0.00000,0.25071,0.25071
6.7900,RELEASE_step_col0,0.0000,0.0000,0.0000,0.0000,0.00048,0.00000,0.25071,0.25071
6.8000,RELEASE_step_col0,0.0000,0.0000,0.0000,0.0000,0.00042,0.00000,0.25071,0.25071
6.8100,RELEASE_step_col0,0.0000,0.0000,0.0000,0.0000,0.00036,0.00000,0.25071,0.25071
6.8200,RELEASE_step_col0,0.0000,0.0000,0.0000,0.0000,0.00030,0.00000,0.25071,0.25071
6.8300,RELEASE_step_col0,0.0000,0.0000,0.0000,0.0000,0.00024,0.00000,0.25071,0.25071
6.8400,RELEASE_step_col0,0.0000,0.0000,0.0000,0.0000,0.00018,0.00000,0.25071,0.25071
6.8500,RELEASE_step_col0,0.0000,0.0000,0.0000,0.0000,0.00012,0.00000,0.25071,0.25071
6.8600,RELEASE_step_col0,0.0000,0.0000,0.0000,0.0000,0.00007,0.00000,0.25071,0.25071
6.8700,RELEASE_step_col0,0.0000,0.0000,0.0000,0.0000,0.00001,0.00000,0.25071,0.25071
6.8800,RELEASE_step_col0,0.0000,0.0000,0.0000,0.0000,-0.00004,0.00000,0.25071,0.25071
6.8900,RELEASE_step_col0,0.0000,0.0000,0.0000,0.0000,-0.00009,0.00000,0.25071,0.25071
6.9000,RELEASE_step_col0,0.0000,0.0000,0.0000,0.0000,-0.00014,0.00000,0.25071,0.25071
6.9100,RELEASE_step_col0,0.0000,0.0000,0.0000,0.0000,-0.00018,0.00000,0.25071,0.25071
6.9200,RELEASE_step_col0,0.0000,0.0000,0.0000,0.0000,-0.00022,0.00000,0.25071,0.25071
6.9300,RELEASE_step_col0,0.0000,0.0000,0.0000,0.0000,-0.00026,0.00000,0.25071,0.25071
6.9400,RELEASE_step_col0,0.0000,0.0000,0.0000,0.0000,-0.00029,0.00000,0.25071,0.25071
6.9500,RELEASE_step_col0,0.0000,0.0000,0.0000,0.0000,-0.00033,0.00000,0.25071,0.25071
6.9600,RELEASE_step_col0,0.0000,0.0000,0.0000,0.0000,-0.00035,0.00000,0.25071,0.25071
6.9700,RELEASE_step_col0,0.0000,0.0000,0.0000,0.0000,-0.00038,0.00000,0.25071,0.25071
6.9800,RELEASE_step_col0,0.0000,0.0000,0.0000,0.0000,-0.00040,0.00000,0.25071,0.25071
6.9900,RELEASE_step_col0,0.0000,0.0000,0.0000,0.0000,-0.00041,0.00000,0.25071,0.25071
7.0000,RELEASE_step_col0,0.0000,0.0000,0.0000,0.0000,-0.00043,0.00000,0.25071,0.25071
7.0100,RELEASE_step_col0,0.0000,0.0000,0.0000,0.0000,-0.00044,0.00000,0.25071,0.25071
7.0200,RELEASE_step_col0,0.0000,0.0000,0.0000,0.0000,-0.00044,0.00000,0.25071,0.25071
7.0300,RELEASE_step_col0,0.0000,0.0000,0.0000,0.0000,-0.00045,0.00000,0.25071,0.25071
7.0400,RELEASE_step_col0,0.0000,0.0000,0.0000,0.0000,-0.00045,0.00000,0.25071,0.25071
7.0500,RELEASE_step_col0,0.0000,0.0000,0.0000,0.0000,-0.00044,0.00000,0.25071,0.25071
7.0600,RELEASE_step_col0,0.0000,0.0000,0.0000,0.0000,-0.00044,0.00000,0.25071,0.25071
7.0700,RELEASE_step_col0,0.0000,0.0000,0.0000,0.0000,-0.00043,0.00000,0.25071,0.25071
7.0800,RELEASE_step_col0,0.0000,0.0000,0.0000,0.0000,-0.00042,0.00000,0.25071,0.25071
7.0900,RELEASE_step_col0,0.0000,0.0000,0.0000,0.0000,-0.00040,0.00000,0.25071,0.25071
7.1000,RELEASE_step_col0,0.0000,0.0000,0.0000,0.0000,-0.00039,0.00000,0.25071,0.25071
7.1100,RELEASE_step_col0,0.0000,0.0000,0.0000,0.0000,-0.00037,0.00000,0.25071,0.25071
7.1200,RELEASE_step_col0,0.0000,0.0000,0.0000,0.0000,-0.00035,0.00000,0.25071,0.25071
7.1300,RELEASE_step_col0,0.0000,0.0000,0.0000,0.0000,-0.00033,0.00000,0.25071,0.25071
7.1400,RELEASE_step_col0,0.0000,0.0000,0.0000,0.0000,-0.00030,0.00000,0.25071,0.25071
7.1500,RELEASE_step_col0,0.0000,0.0000,0.0000,0.0000,-0.00028,0.00000,0.25071,0.25071
7.1600,RELEASE_step_col0,0.0000,0.0000,0.0000,0.0000,-0.00025,0.00000,0.25071,0.25071
7.1700,RELEASE_step_col0,0.0000,0.0000,0.0000,0.0000,-0.00023,0.00000,0.25071,0.25071
7.1800,RELEASE_step_col0,0.0000,0.0000,0.0000,0.0000,-0.00020,0.00000,0.25071,0.25071
7.1900,RELEASE_step_col0,0.0000,0.0000,0.0000,0.0000,-0.00017,0.00000,0.25071,0.25071
7.2000,RELEASE_step_col0,0.0000,0.0000,0.0000,0.0000,-0.00015,0.00000,0.25071,0.25071
7.2100,RELEASE_step_col0,0.0000,0.0000,0.0000,0.0000,-0.00012,0.00000,0.25071,0.25071
7.2200,RELEASE_step_col0,0.0000,0.0000,0.0000,0.0000,-0.00009,0.00000,0.25071,0.25071
7.2300,RELEASE_step_col0,0.0000,0.0000,0.0000,0.0000,-0.00007,0.00000,0.25071,0.25071
7.2400,RELEASE_step_col0,0.0000,0.0000,0.0000,0.0000,-0.00004,0.00000,0.25071,0.25071
7.2500,RELEASE_step_col0,0.0000,0.0000,0.0000,0.0000,-0.00002,0.00000,0.25071,0.25071
7.2600,RELEASE_step_col0,0.0000,0.0000,0.0000,0.0000,0.00001,0.00000,0.25071,0.25071
7.2700,RELEASE_step_col0,0.0000,0.0000,0.0000,0.0000,0.00003,0.00000,0.25071,0.25071
7.2800,RELEASE_step_col0,0.0000,0.0000,0.0000,0.0000,0.00005,0.00000,0.25071,0.25071
7.2900,RELEASE_step_col0,0.0000,0.0000,0.0000,0.0000,0.00007,0.00000,0.25071,0.25071
7.3000,RELEASE_step_col0,0.0000,0.0000,0.0000,0.0000,0.00009,0.00000,0.25071,0.25071
7.3100,RELEASE_step_col0,0.0000,0.0000,0.0000,0.0000,0.00011,0.00000,0.25071,0.25071
7.3200,RELEASE_step_col0,0.0000,0.0000,0.0000,0.0000,0.00013,0.00000,0.25071,0.25071
7.3300,RELEASE_step_col0,0.0000,0.0000,0.0000,0.0000,0.00014,0.00000,0.25071,0.25071
7.3400,RELEASE_step_col0,0.0000,0.0000,0.0000,0.0000,0.00015,0.00000,0.25071,0.25071
7.3500,RELEASE_step_col0,0.0000,0.0000,0.0000,0.0000,0.00016,0.00000,0.25071,0.25071
7.3600,RELEASE_step_col0,0.0000,0.0000,0.0000,0.0000,0.00017,0.00000,0.25071,0.25071
7.3700,RELEASE_step_col0,0.0000,0.0000,0.0000,0.0000,0.00018,0.00000,0.25071,0.25071
7.3800,RELEASE_step_col0,0.0000,0.0000,0.0000,0.0000,0.00019,0.00000,0.25071,0.25071
7.3900,RELEASE_step_col0,0.0000,0.0000,0.0000,0.0000,0.00020,0.00000,0.25071,0.25071
7.4000,RELEASE_step_col0,0.0000,0.0000,0.0000,0.0000,0.00020,0.00000,0.25071,0.25071
7.4100,RELEASE_step_col0,0.0000,0.0000,0.0000,0.0000,0.00020,0.00000,0.25071,0.25071
7.4200,RELEASE_step_col0,0.0000,0.0000,0.0000,0.0000,0.00020,0.00000,0.25071,0.25071
7.4300,RELEASE_step_col0,0.0000,0.0000,0.0000,0.0000,0.00020,0.00000,0.25071,0.25071
7.4400,RELEASE_step_col0,0.0000,0.0000,0.0000,0.0000,0.00020,0.00000,0.25071,0.25071
7.4500,RELEASE_step_col0,0.0000,0.0000,0.0000,0.0000,0.00019,0.00000,0.25071,0.25071
7.4600,RELEASE_step_col0,0.0000,0.0000,0.0000,0.0000,0.00019,0.00000,0.25071,0.25071
7.4700,RELEASE_step_col0,0.0000,0.0000,0.0000,0.0000,0.00018,0.00000,0.25071,0.25071
7.4800,RELEASE_step_col0,0.0000,0.0000,0.0000,0.0000,0.00018,0.00000,0.25071,0.25071
7.4900,RELEASE_step_col0,0.0000,0.0000,0.0000,0.0000,0.00017,0.00000,0.25071,0.25071
7.5000,RELEASE_step_col0,0.0000,0.0000,0.0000,0.0000,0.00016,0.00000,0.25071,0.25071
7.5100,RELEASE_step_col0,0.0000,0.0000,0.0000,0.0000,0.00015,0.00000,0.25071,0.25071
7.5200,RELEASE_step_col0,0.0000,0.0000,0.0000,0.0000,0.00014,0.00000,0.25071,0.25071
7.5300,RELEASE_step_col0,0.0000,0.0000,0.0000,0.0000,0.00013,0.00000,0.25071,0.25071
7.5400,RELEASE_step_col0,0.0000,0.0000,0.0000,0.0000,0.00012,0.00000,0.25071,0.25071
7.5500,RELEASE_step_col0,0.0000,0.0000,0.0000,0.0000,0.00011,0.00000,0.25071,0.25071
7.5600,RELEASE_step_col0,0.0000,0.0000,0.0000,0.0000,0.00010,0.00000,0.25071,0.25071
7.5700,RELEASE_step_col0,0.0000,0.0000,0.0000,0.0000,0.00008,0.00000,0.25071,0.25071
7.5800,RELEASE_step_col0,0.0000,0.0000,0.0000,0.0000,0.00007,0.00000,0.25071,0.25071
7.5900,RELEASE_step_col0,0.0000,0.0000,0.0000,0.0000,0.00006,0.00000,0.25071,0.25071
7.6000,RELEASE_step_col0,0.0000,0.0000,0.0000,0.0000,0.00005,0.00000,0.25071,0.25071
7.6100,RELEASE_step_col0,0.0000,0.0000,0.0000,0.0000,0.00004,0.00000,0.25071,0.25071
7.6200,RELEASE_step_col0,0.0000,0.0000,0.0000,0.0000,0.00002,0.00000,0.25071,0.25071
7.6300,RELEASE_step_col0,0.0000,0.0000,0.0000,0.0000,0.00001,0.00000,0.25071,0.25071
7.6400,RELEASE_step_col0,0.0000,0.0000,0.0000,0.0000,0.00000,0.00000,0.25071,0.25071
7.6500,RELEASE_step_col0,0.0000,0.0000,0.0000,0.0000,-0.00001,0.00000,0.25071,0.25071
7.6600,RELEASE_step_col0,0.0000,0.0000,0.0000,0.0000,-0.00002,0.00000,0.25071,0.25071
7.6700,RELEASE_step_col0,0.0000,0.0000,0.0000,0.0000,-0.00003,0.00000,0.25071,0.25071
7.6800,RELEASE_step_col0,0.0000,0.0000,0.0000,0.0000,-0.00004,0.00000,0.25071,0.25071
7.6900,RELEASE_step_col0,0.0000,0.0000,0.0000,0.0000,-0.00005,0.00000,0.25071,0.25071
7.7000,RELEASE_step_col0,0.0000,0.0000,0.0000,0.0000,-0.00005,0.00000,0.25071,0.25071
7.7100,RELEASE_step_col0,0.0000,0.0000,0.0000,0.0000,-0.00006,0.00000,0.25071,0.25071
7.7200,RELEASE_step_col0,0.0000,0.0000,0.0000,0.0000,-0.00007,0.00000,0.25071,0.25071
7.7300,RELEASE_step_col0,0.0000,0.0000,0.0000,0.0000,-0.00007,0.00000,0.25071,0.25071
7.7400,RELEASE_step_col0,0.0000,0.0000,0.0000,0.0000,-0.00008,0.00000,0.25071,0.25071
7.7500,RELEASE_step_col0,0.0000,0.0000,0.0000,0.0000,-0.00008,0.00000,0.25071,0.25071
7.7600,RELEASE_step_col0,0.0000,0.0000,0.0000,0.0000,-0.00008,0.00000,0.25071,0.25071
7.7700,RELEASE_step_col0,0.0000,0.0000,0.0000,0.0000,-0.00009,0.00000,0.25071,0.25071
7.7800,RELEASE_step_col0,0.0000,0.0000,0.0000,0.0000,-0.00009,0.00000,0.25071,0.25071
7.7900,RELEASE_step_col0,0.0000,0.0000,0.0000,0.0000,-0.00009,0.00000,0.25071,0.25071
7.8000,RELEASE_step_col0,0.0000,0.0000,0.0000,0.0000,-0.00009,0.00000,0.25071,0.25071
7.8100,RELEASE_step_col0,0.0000,0.0000,0.0000,0.0000,-0.00009,0.00000,0.25071,0.25071
7.8200,RELEASE_step_col0,0.0000,0.0000,0.0000,0.0000,-0.00009,0.00000,0.25071,0.25071
7.8300,RELEASE_step_col0,0.0000,0.0000,0.0000,0.0000,-0.00009,0.00000,0.25071,0.25071
7.8400,RELEASE_step_col0,0.0000,0.0000,0.0000,0.0000,-0.00009,0.00000,0.25071,0.25071
7.8500,RELEASE_step_col0,0.0000,0.0000,0.0000,0.0000,-0.00008,0.00000,0.25071,0.25071
7.8600,RELEASE_step_col0,0.0000,0.0000,0.0000,0.0000,-0.00008,0.00000,0.25071,0.25071
7.8700,RELEASE_step_col0,0.0000,0.0000,0.0000,0.0000,-0.00008,0.00000,0.25071,0.25071
7.8800,RELEASE_step_col0,0.0000,0.0000,0.0000,0.0000,-0.00007,0.00000,0.25071,0.25071
7.8900,RELEASE_step_col0,0.0000,0.0000,0.0000,0.0000,-0.00007,0.00000,0.25071,0.25071
7.9000,RELEASE_step_col0,0.0000,0.0000,0.0000,0.0000,-0.00007,0.00000,0.25071,0.25071
7.9100,RELEASE_step_col0,0.0000,0.0000,0.0000,0.0000,-0.00006,0.00000,0.25071,0.25071
7.9200,RELEASE_step_col0,0.0000,0.0000,0.0000,0.0000,-0.00006,0.00000,0.25071,0.25071
7.9300,RELEASE_step_col0,0.0000,0.0000,0.0000,0.0000,-0.00005,0.00000,0.25071,0.25071
7.9400,RELEASE_step_col0,0.0000,0.0000,0.0000,0.0000,-0.00005,0.00000,0.25071,0.25071
7.9500,RELEASE_step_col0,0.0000,0.0000,0.0000,0.0000,-0.00004,0.00000,0.25071,0.25071
7.9600,RELEASE_step_col0,0.0000,0.0000,0.0000,0.0000,-0.00003,0.00000,0.25071,0.25071
7.9700,RELEASE_step_col0,0.0000,0.0000,0.0000,0.0000,-0.00003,0.00000,0.25071,0.25071
7.9800,RELEASE_step_col0,0.0000,0.0000,0.0000,0.0000,-0.00002,0.00000,0.25071,0.25071
7.9900,RELEASE_step_col0,0.0000,0.0000,0.0000,0.0000,-0.00002,0.00000,0.25071,0.25071
8.0000,RELEASE_step_col0,0.0000,0.0000,0.0000,0.0000,-0.00001,0.00000,0.25071,0.25071
0.0100,STEP_col1,0.0000,6.0000,0.0000,0.0000,0.00000,0.00001,0.26757,0.26757
0.0200,STEP_col1,0.0000,6.0000,0.0000,0.0000,0.00000,0.00006,0.26628,0.26628
0.0300,STEP_col1,0.0000,6.0000,0.0000,0.0000,0.00000,0.00017,0.26439,0.26439
0.0400,STEP_col1,0.0000,6.0000,0.0000,0.0000,0.00000,0.00035,0.26214,0.26214
0.0500,STEP_col1,0.0000,6.0000,0.0000,0.0000,0.00000,0.00062,0.25976,0.25976
0.0600,STEP_col1,0.0000,6.0000,0.0000,0.0000,0.00000,0.00098,0.25742,0.25742
0.0700,STEP_col1,0.0000,6.0000,0.0000,0.0000,0.00000,0.00145,0.25524,0.25525
0.0800,STEP_col1,0.0000,6.0000,0.0000,0.0000,0.00000,0.00201,0.25332,0.25333
0.0900,STEP_col1,0.0000,6.0000,0.0000,0.0000,0.00000,0.00268,0.25171,0.25172
0.1000,STEP_col1,0.0000,6.0000,0.0000,0.0000,0.00000,0.00345,0.25043,0.25045
0.1100,STEP_col1,0.0000,6.0000,0.0000,0.0000,0.00000,0.00433,0.24947,0.24951
0.1200,STEP_col1,0.0000,6.0000,0.0000,0.0000,0.00000,0.00530,0.24883,0.24888
0.1300,STEP_col1,0.0000,6.0000,0.0000,0.0000,0.00000,0.00637,0.24845,0.24854
0.1400,STEP_col1,0.0000,6.0000,0.0000,0.0000,0.00000,0.00753,0.24832,0.24843
0.1500,STEP_col1,0.0000,6.0000,0.0000,0.0000,0.00000,0.00878,0.24837,0.24852
0.1600,STEP_col1,0.0000,6.0000,0.0000,0.0000,0.00000,0.01011,0.24856,0.24877
0.1700,STEP_col1,0.0000,6.0000,0.0000,0.0000,0.00000,0.01152,0.24886,0.24913
0.1800,STEP_col1,0.0000,6.0000,0.0000,0.0000,0.00000,0.01300,0.24923,0.24957
0.1900,STEP_col1,0.0000,6.0000,0.0000,0.0000,0.00000,0.01455,0.24964,0.25006
0.2000,STEP_col1,0.0000,6.0000,0.0000,0.0000,0.00000,0.01616,0.25006,0.25058
0.2100,STEP_col1,0.0000,6.0000,0.0000,0.0000,0.00000,0.01781,0.25048,0.25111
0.2200,STEP_col1,0.0000,6.0000,0.0000,0.0000,0.00000,0.01951,0.25089,0.25164
0.2300,STEP_col1,0.0000,6.0000,0.0000,0.0000,0.00000,0.02124,0.25127,0.25217
0.2400,STEP_col1,0.0000,6.0000,0.0000,0.0000,0.00000,0.02299,0.25163,0.25268
0.2500,STEP_col1,0.0000,6.0000,0.0000,0.0000,0.00000,0.02475,0.25196,0.25317
0.2600,STEP_col1,0.0000,6.0000,0.0000,0.0000,0.00000,0.02652,0.25227,0.25366
0.2700,STEP_col1,0.0000,6.0000,0.0000,0.0000,0.00000,0.02828,0.25256,0.25414
0.2800,STEP_col1,0.0000,6.0000,0.0000,0.0000,0.00000,0.03003,0.25284,0.25462
0.2900,STEP_col1,0.0000,6.0000,0.0000,0.0000,0.00000,0.03175,0.25311,0.25509
0.3000,STEP_col1,0.0000,6.0000,0.0000,0.0000,0.00000,0.03343,0.25337,0.25556
0.3100,STEP_col1,0.0000,6.0000,0.0000,0.0000,0.00000,0.03507,0.25363,0.25604
0.3200,STEP_col1,0.0000,6.0000,0.0000,0.0000,0.00000,0.03666,0.25389,0.25652
0.3300,STEP_col1,0.0000,6.0000,0.0000,0.0000,0.00000,0.03819,0.25415,0.25700
0.3400,STEP_col1,0.0000,6.0000,0.0000,0.0000,0.00000,0.03965,0.25441,0.25748
0.3500,STEP_col1,0.0000,6.0000,0.0000,0.0000,0.00000,0.04104,0.25468,0.25796
0.3600,STEP_col1,0.0000,6.0000,0.0000,0.0000,0.00000,0.04235,0.25495,0.25844
0.3700,STEP_col1,0.0000,6.0000,0.0000,0.0000,0.00000,0.04358,0.25521,0.25891
0.3800,STEP_col1,0.0000,6.0000,0.0000,0.0000,0.00000,0.04473,0.25548,0.25936
0.3900,STEP_col1,0.0000,6.0000,0.0000,0.0000,0.00000,0.04579,0.25574,0.25980
0.4000,STEP_col1,0.0000,6.0000,0.0000,0.0000,0.00000,0.04676,0.25598,0.26022
0.4100,STEP_col1,0.0000,6.0000,0.0000,0.0000,0.00000,0.04763,0.25622,0.26061
0.4200,STEP_col1,0.0000,6.0000,0.0000,0.0000,0.00000,0.04842,0.25644,0.26097
0.4300,STEP_col1,0.0000,6.0000,0.0000,0.0000,0.00000,0.04911,0.25665,0.26130
0.4400,STEP_col1,0.0000,6.0000,0.0000,0.0000,0.00000,0.04971,0.25683,0.26160
0.4500,STEP_col1,0.0000,6.0000,0.0000,0.0000,0.00000,0.05022,0.25700,0.26186
0.4600,STEP_col1,0.0000,6.0000,0.0000,0.0000,0.00000,0.05064,0.25714,0.26208
0.4700,STEP_col1,0.0000,6.0000,0.0000,0.0000,0.00000,0.05097,0.25726,0.26226
0.4800,STEP_col1,0.0000,6.0000,0.0000,0.0000,0.00000,0.05121,0.25735,0.26240
0.4900,STEP_col1,0.0000,6.0000,0.0000,0.0000,0.00000,0.05137,0.25742,0.26250
0.5000,STEP_col1,0.0000,6.0000,0.0000,0.0000,0.00000,0.05145,0.25747,0.26256
0.5100,STEP_col1,0.0000,6.0000,0.0000,0.0000,0.00000,0.05146,0.25749,0.26258
0.5200,STEP_col1,0.0000,6.0000,0.0000,0.0000,0.00000,0.05139,0.25749,0.26257
0.5300,STEP_col1,0.0000,6.0000,0.0000,0.0000,0.00000,0.05125,0.25747,0.26252
0.5400,STEP_col1,0.0000,6.0000,0.0000,0.0000,0.00000,0.05104,0.25743,0.26244
0.5500,STEP_col1,0.0000,6.0000,0.0000,0.0000,0.00000,0.05078,0.25737,0.26233
0.5600,STEP_col1,0.0000,6.0000,0.0000,0.0000,0.00000,0.05046,0.25729,0.26219
0.5700,STEP_col1,0.0000,6.0000,0.0000,0.0000,0.00000,0.05008,0.25720,0.26203
0.5800,STEP_col1,0.0000,6.0000,0.0000,0.0000,0.00000,0.04966,0.25710,0.26185
0.5900,STEP_col1,0.0000,6.0000,0.0000,0.0000,0.00000,0.04920,0.25698,0.26165
0.6000,STEP_col1,0.0000,6.0000,0.0000,0.0000,0.00000,0.04871,0.25686,0.26143
0.6100,STEP_col1,0.0000,6.0000,0.0000,0.0000,0.00000,0.04818,0.25672,0.26121
0.6200,STEP_col1,0.0000,6.0000,0.0000,0.0000,0.00000,0.04762,0.25659,0.26097
0.6300,STEP_col1,0.0000,6.0000,0.0000,0.0000,0.00000,0.04704,0.25645,0.26072
0.6400,STEP_col1,0.0000,6.0000,0.0000,0.0000,0.00000,0.04645,0.25630,0.26048
0.6500,STEP_col1,0.0000,6.0000,0.0000,0.0000,0.00000,0.04584,0.25616,0.26023
0.6600,STEP_col1,0.0000,6.0000,0.0000,0.0000,0.00000,0.04523,0.25601,0.25998
0.6700,STEP_col1,0.0000,6.0000,0.0000,0.0000,0.00000,0.04462,0.25587,0.25973
0.6800,STEP_col1,0.0000,6.0000,0.0000,0.0000,0.00000,0.04400,0.25573,0.25949
0.6900,STEP_col1,0.0000,6.0000,0.0000,0.0000,0.00000,0.04340,0.25559,0.25925
0.7000,STEP_col1,0.0000,6.0000,0.0000,0.0000,0.00000,0.04280,0.25546,0.25902
0.7100,STEP_col1,0.0000,6.0000,0.0000,0.0000,0.00000,0.04222,0.25533,0.25880
0.7200,STEP_col1,0.0000,6.0000,0.0000,0.0000,0.00000,0.04166,0.25521,0.25859
0.7300,STEP_col1,0.0000,6.0000,0.0000,0.0000,0.00000,0.04112,0.25510,0.25839
0.7400,STEP_col1,0.0000,6.0000,0.0000,0.0000,0.00000,0.04060,0.25499,0.25820
0.7500,STEP_col1,0.0000,6.0000,0.0000,0.0000,0.00000,0.04011,0.25489,0.25803
0.7600,STEP_col1,0.0000,6.0000,0.0000,0.0000,0.00000,0.03965,0.25480,0.25787
0.7700,STEP_col1,0.0000,6.0000,0.0000,0.0000,0.00000,0.03922,0.25471,0.25772
0.7800,STEP_col1,0.0000,6.0000,0.0000,0.0000,0.00000,0.03882,0.25464,0.25758
0.7900,STEP_col1,0.0000,6.0000,0.0000,0.0000,0.00000,0.03846,0.25457,0.25746
0.8000,STEP_col1,0.0000,6.0000,0.0000,0.0000,0.00000,0.03814,0.25451,0.25735
0.8100,STEP_col1,0.0000,6.0000,0.0000,0.0000,0.00000,0.03785,0.25445,0.25725
0.8200,STEP_col1,0.0000,6.0000,0.0000,0.0000,0.00000,0.03760,0.25441,0.25717
0.8300,STEP_col1,0.0000,6.0000,0.0000,0.0000,0.00000,0.03738,0.25437,0.25710
0.8400,STEP_col1,0.0000,6.0000,0.0000,0.0000,0.00000,0.03721,0.25434,0.25705
0.8500,STEP_col1,0.0000,6.0000,0.0000,0.0000,0.00000,0.03707,0.25432,0.25700
0.8600,STEP_col1,0.0000,6.0000,0.0000,0.0000,0.00000,0.03697,0.25430,0.25697
0.8700,STEP_col1,0.0000,6.0000,0.0000,0.0000,0.00000,0.03690,0.25429,0.25696
0.8800,STEP_col1,0.0000,6.0000,0.0000,0.0000,0.00000,0.03687,0.25429,0.25695
0.8900,STEP_col1,0.0000,6.0000,0.0000,0.0000,0.00000,0.03688,0.25429,0.25695
0.9000,STEP_col1,0.0000,6.0000,0.0000,0.0000,0.00000,0.03692,0.25430,0.25697
0.9100,STEP_col1,0.0000,6.0000,0.0000,0.0000,0.00000,0.03698,0.25432,0.25699
0.9200,STEP_col1,0.0000,6.0000,0.0000,0.0000,0.00000,0.03708,0.25434,0.25703
0.9300,STEP_col1,0.0000,6.0000,0.0000,0.0000,0.00000,0.03721,0.25437,0.25707
0.9400,STEP_col1,0.0000,6.0000,0.0000,0.0000,0.00000,0.03736,0.25440,0.25713
0.9500,STEP_col1,0.0000,6.0000,0.0000,0.0000,0.00000,0.03753,0.25444,0.25719
0.9600,STEP_col1,0.0000,6.0000,0.0000,0.0000,0.00000,0.03773,0.25448,0.25726
0.9700,STEP_col1,0.0000,6.0000,0.0000,0.0000,0.00000,0.03794,0.25452,0.25733
0.9800,STEP_col1,0.0000,6.0000,0.0000,0.0000,0.00000,0.03818,0.25457,0.25742
0.9900,STEP_col1,0.0000,6.0000,0.0000,0.0000,0.00000,0.03842,0.25462,0.25750
1.0000,STEP_col1,0.0000,6.0000,0.0000,0.0000,0.00000,0.03868,0.25467,0.25759
1.0100,STEP_col1,0.0000,6.0000,0.0000,0.0000,0.00000,0.03895,0.25473,0.25769
1.0200,STEP_col1,0.0000,6.0000,0.0000,0.0000,0.00000,0.03923,0.25479,0.25779
1.0300,STEP_col1,0.0000,6.0000,0.0000,0.0000,0.00000,0.03951,0.25485,0.25789
1.0400,STEP_col1,0.0000,6.0000,0.0000,0.0000,0.00000,0.03980,0.25491,0.25800
1.0500,STEP_col1,0.0000,6.0000,0.0000,0.0000,0.00000,0.04008,0.25497,0.25810
1.0600,STEP_col1,0.0000,6.0000,0.0000,0.0000,0.00000,0.04037,0.25503,0.25821
1.0700,STEP_col1,0.0000,6.0000,0.0000,0.0000,0.00000,0.04065,0.25509,0.25831
1.0800,STEP_col1,0.0000,6.0000,0.0000,0.0000,0.00000,0.04093,0.25515,0.25842
1.0900,STEP_col1,0.0000,6.0000,0.0000,0.0000,0.00000,0.04121,0.25521,0.25852
1.1000,STEP_col1,0.0000,6.0000,0.0000,0.0000,0.00000,0.04147,0.25527,0.25862
1.1100,STEP_col1,0.0000,6.0000,0.0000,0.0000,0.00000,0.04173,0.25533,0.25872
1.1200,STEP_col1,0.0000,6.0000,0.0000,0.0000,0.00000,0.04198,0.25538,0.25881
1.1300,STEP_col1,0.0000,6.0000,0.0000,0.0000,0.00000,0.04221,0.25544,0.25890
1.1400,STEP_col1,0.0000,6.0000,0.0000,0.0000,0.00000,0.04243,0.25549,0.25899
1.1500,STEP_col1,0.0000,6.0000,0.0000,0.0000,0.00000,0.04264,0.25553,0.25907
1.1600,STEP_col1,0.0000,6.0000,0.0000,0.0000,0.00000,0.04283,0.25558,0.25914
1.1700,STEP_col1,0.0000,6.0000,0.0000,0.0000,0.00000,0.04300,0.25562,0.25921
1.1800,STEP_col1,0.0000,6.0000,0.0000,0.0000,0.00000,0.04317,0.25566,0.25927
1.1900,STEP_col1,0.0000,6.0000,0.0000,0.0000,0.00000,0.04331,0.25569,0.25933
1.2000,STEP_col1,0.0000,6.0000,0.0000,0.0000,0.00000,0.04344,0.25572,0.25938
1.2100,STEP_col1,0.0000,6.0000,0.0000,0.0000,0.00000,0.04355,0.25574,0.25943
1.2200,STEP_col1,0.0000,6.0000,0.0000,0.0000,0.00000,0.04364,0.25577,0.25946
1.2300,STEP_col1,0.0000,6.0000,0.0000,0.0000,0.00000,0.04372,0.25578,0.25949
1.2400,STEP_col1,0.0000,6.0000,0.0000,0.0000,0.00000,0.04377,0.25580,0.25952
1.2500,STEP_col1,0.0000,6.0000,0.0000,0.0000,0.00000,0.04382,0.25581,0.25953
1.2600,STEP_col1,0.0000,6.0000,0.0000,0.0000,0.00000,0.04384,0.25582,0.25955
1.2700,STEP_col1,0.0000,6.0000,0.0000,0.0000,0.00000,0.04385,0.25582,0.25955
1.2800,STEP_col1,0.0000,6.0000,0.0000,0.0000,0.00000,0.04385,0.25582,0.25955
1.2900,STEP_col1,0.0000,6.0000,0.0000,0.0000,0.00000,0.04383,0.25581,0.25954
1.3000,STEP_col1,0.0000,6.0000,0.0000,0.0000,0.00000,0.04380,0.25581,0.25953
1.3100,STEP_col1,0.0000,6.0000,0.0000,0.0000,0.00000,0.04376,0.25580,0.25951
1.3200,STEP_col1,0.0000,6.0000,0.0000,0.0000,0.00000,0.04370,0.25578,0.25949
1.3300,STEP_col1,0.0000,6.0000,0.0000,0.0000,0.00000,0.04363,0.25577,0.25946
1.3400,STEP_col1,0.0000,6.0000,0.0000,0.0000,0.00000,0.04355,0.25575,0.25943
1.3500,STEP_col1,0.0000,6.0000,0.0000,0.0000,0.00000,0.04346,0.25573,0.25939
1.3600,STEP_col1,0.0000,6.0000,0.0000,0.0000,0.00000,0.04337,0.25570,0.25936
1.3700,STEP_col1,0.0000,6.0000,0.0000,0.0000,0.00000,0.04326,0.25568,0.25932
1.3800,STEP_col1,0.0000,6.0000,0.0000,0.0000,0.00000,0.04315,0.25566,0.25927
1.3900,STEP_col1,0.0000,6.0000,0.0000,0.0000,0.00000,0.04304,0.25563,0.25923
1.4000,STEP_col1,0.0000,6.0000,0.0000,0.0000,0.00000,0.04292,0.25560,0.25918
1.4100,STEP_col1,0.0000,6.0000,0.0000,0.0000,0.00000,0.04280,0.25557,0.25913
1.4200,STEP_col1,0.0000,6.0000,0.0000,0.0000,0.00000,0.04267,0.25555,0.25908
1.4300,STEP_col1,0.0000,6.0000,0.0000,0.0000,0.00000,0.04254,0.25552,0.25903
1.4400,STEP_col1,0.0000,6.0000,0.0000,0.0000,0.00000,0.04242,0.25549,0.25898
1.4500,STEP_col1,0.0000,6.0000,0.0000,0.0000,0.00000,0.04229,0.25546,0.25894
1.4600,STEP_col1,0.0000,6.0000,0.0000,0.0000,0.00000,0.04216,0.25543,0.25889
1.4700,STEP_col1,0.0000,6.0000,0.0000,0.0000,0.00000,0.04204,0.25540,0.25884
1.4800,STEP_col1,0.0000,6.0000,0.0000,0.0000,0.00000,0.04192,0.25538,0.25879
1.4900,STEP_col1,0.0000,6.0000,0.0000,0.0000,0.00000,0.04180,0.25535,0.25875
1.5000,STEP_col1,0.0000,6.0000,0.0000,0.0000,0.00000,0.04169,0.25533,0.25871
1.5100,STEP_col1,0.0000,6.0000,0.0000,0.0000,0.00000,0.04158,0.25530,0.25867
1.5200,STEP_col1,0.0000,6.0000,0.0000,0.0000,0.00000,0.04148,0.25528,0.25863
1.5300,STEP_col1,0.0000,6.0000,0.0000,0.0000,0.00000,0.04139,0.25526,0.25859
1.5400,STEP_col1,0.0000,6.0000,0.0000,0.0000,0.00000,0.04130,0.25524,0.25856
1.5500,STEP_col1,0.0000,6.0000,0.0000,0.0000,0.00000,0.04121,0.25522,0.25853
1.5600,STEP_col1,0.0000,6.0000,0.0000,0.0000,0.00000,0.04114,0.25520,0.25850
1.5700,STEP_col1,0.0000,6.0000,0.0000,0.0000,0.00000,0.04107,0.25519,0.25847
1.5800,STEP_col1,0.0000,6.0000,0.0000,0.0000,0.00000,0.04100,0.25518,0.25845
1.5900,STEP_col1,0.0000,6.0000,0.0000,0.0000,0.00000,0.04095,0.25516,0.25843
1.6000,STEP_col1,0.0000,6.0000,0.0000,0.0000,0.00000,0.04090,0.25515,0.25841
1.6100,STEP_col1,0.0000,6.0000,0.0000,0.0000,0.00000,0.04086,0.25515,0.25840
1.6200,STEP_col1,0.0000,6.0000,0.0000,0.0000,0.00000,0.04083,0.25514,0.25839
1.6300,STEP_col1,0.0000,6.0000,0.0000,0.0000,0.00000,0.04081,0.25513,0.25838
1.6400,STEP_col1,0.0000,6.0000,0.0000,0.0000,0.00000,0.04079,0.25513,0.25837
1.6500,STEP_col1,0.0000,6.0000,0.0000,0.0000,0.00000,0.04078,0.25513,0.25837
1.6600,STEP_col1,0.0000,6.0000,0.0000,0.0000,0.00000,0.04078,0.25513,0.25837
1.6700,STEP_col1,0.0000,6.0000,0.0000,0.0000,0.00000,0.04078,0.25513,0.25837
1.6800,STEP_col1,0.0000,6.0000,0.0000,0.0000,0.00000,0.04079,0.25513,0.25837
1.6900,STEP_col1,0.0000,6.0000,0.0000,0.0000,0.00000,0.04081,0.25514,0.25838
1.7000,STEP_col1,0.0000,6.0000,0.0000,0.0000,0.00000,0.04083,0.25514,0.25839
1.7100,STEP_col1,0.0000,6.0000,0.0000,0.0000,0.00000,0.04086,0.25515,0.25840
1.7200,STEP_col1,0.0000,6.0000,0.0000,0.0000,0.00000,0.04089,0.25515,0.25841
1.7300,STEP_col1,0.0000,6.0000,0.0000,0.0000,0.00000,0.04093,0.25516,0.25842
1.7400,STEP_col1,0.0000,6.0000,0.0000,0.0000,0.00000,0.04097,0.25517,0.25844
1.7500,STEP_col1,0.0000,6.0000,0.0000,0.0000,0.00000,0.04101,0.25518,0.25846
1.7600,STEP_col1,0.0000,6.0000,0.0000,0.0000,0.00000,0.04106,0.25519,0.25847
1.7700,STEP_col1,0.0000,6.0000,0.0000,0.0000,0.00000,0.04111,0.25520,0.25849
1.7800,STEP_col1,0.0000,6.0000,0.0000,0.0000,0.00000,0.04116,0.25521,0.25851
1.7900,STEP_col1,0.0000,6.0000,0.0000,0.0000,0.00000,0.04122,0.25523,0.25853
1.8000,STEP_col1,0.0000,6.0000,0.0000,0.0000,0.00000,0.04127,0.25524,0.25855
1.8100,STEP_col1,0.0000,6.0000,0.0000,0.0000,0.00000,0.04133,0.25525,0.25857
1.8200,STEP_col1,0.0000,6.0000,0.0000,0.0000,0.00000,0.04139,0.25526,0.25860
1.8300,STEP_col1,0.0000,6.0000,0.0000,0.0000,0.00000,0.04144,0.25528,0.25862
1.8400,STEP_col1,0.0000,6.0000,0.0000,0.0000,0.00000,0.04150,0.25529,0.25864
1.8500,STEP_col1,0.0000,6.0000,0.0000,0.0000,0.00000,0.04156,0.25530,0.25866
1.8600,STEP_col1,0.0000,6.0000,0.0000,0.0000,0.00000,0.04161,0.25531,0.25868
1.8700,STEP_col1,0.0000,6.0000,0.0000,0.0000,0.00000,0.04166,0.25532,0.25870
1.8800,STEP_col1,0.0000,6.0000,0.0000,0.0000,0.00000,0.04172,0.25534,0.25872
1.8900,STEP_col1,0.0000,6.0000,0.0000,0.0000,0.00000,0.04177,0.25535,0.25874
1.9000,STEP_col1,0.0000,6.0000,0.0000,0.0000,0.00000,0.04181,0.25536,0.25876
1.9100,STEP_col1,0.0000,6.0000,0.0000,0.0000,0.00000,0.04186,0.25537,0.25877
1.9200,STEP_col1,0.0000,6.0000,0.0000,0.0000,0.00000,0.04190,0.25538,0.25879
1.9300,STEP_col1,0.0000,6.0000,0.0000,0.0000,0.00000,0.04194,0.25538,0.25881
1.9400,STEP_col1,0.0000,6.0000,0.0000,0.0000,0.00000,0.04198,0.25539,0.25882
1.9500,STEP_col1,0.0000,6.0000,0.0000,0.0000,0.00000,0.04201,0.25540,0.25883
1.9600,STEP_col1,0.0000,6.0000,0.0000,0.0000,0.00000,0.04204,0.25541,0.25884
1.9700,STEP_col1,0.0000,6.0000,0.0000,0.0000,0.00000,0.04207,0.25541,0.25885
1.9800,STEP_col1,0.0000,6.0000,0.0000,0.0000,0.00000,0.04209,0.25542,0.25886
1.9900,STEP_col1,0.0000,6.0000,0.0000,0.0000,0.00000,0.04211,0.25542,0.25887
2.0000,STEP_col1,0.0000,6.0000,0.0000,0.0000,0.00000,0.04212,0.25543,0.25888
2.0100,STEP_col1,0.0000,6.0000,0.0000,0.0000,0.00000,0.04214,0.25543,0.25888
2.0200,STEP_col1,0.0000,6.0000,0.0000,0.0000,0.00000,0.04215,0.25543,0.25889
2.0300,STEP_col1,0.0000,6.0000,0.0000,0.0000,0.00000,0.04215,0.25543,0.25889
2.0400,STEP_col1,0.0000,6.0000,0.0000,0.0000,0.00000,0.04216,0.25543,0.25889
2.0500,STEP_col1,0.0000,6.0000,0.0000,0.0000,0.00000,0.04216,0.25543,0.25889
2.0600,STEP_col1,0.0000,6.0000,0.0000,0.0000,0.00000,0.04216,0.25543,0.25889
2.0700,STEP_col1,0.0000,6.0000,0.0000,0.0000,0.00000,0.04215,0.25543,0.25889
2.0800,STEP_col1,0.0000,6.0000,0.0000,0.0000,0.00000,0.04214,0.25543,0.25888
2.0900,STEP_col1,0.0000,6.0000,0.0000,0.0000,0.00000,0.04213,0.25543,0.25888
2.1000,STEP_col1,0.0000,6.0000,0.0000,0.0000,0.00000,0.04212,0.25542,0.25887
2.1100,STEP_col1,0.0000,6.0000,0.0000,0.0000,0.00000,0.04210,0.25542,0.25887
2.1200,STEP_col1,0.0000,6.0000,0.0000,0.0000,0.00000,0.04209,0.25542,0.25886
2.1300,STEP_col1,0.0000,6.0000,0.0000,0.0000,0.00000,0.04207,0.25541,0.25885
2.1400,STEP_col1,0.0000,6.0000,0.0000,0.0000,0.00000,0.04205,0.25541,0.25885
2.1500,STEP_col1,0.0000,6.0000,0.0000,0.0000,0.00000,0.04203,0.25540,0.25884
2.1600,STEP_col1,0.0000,6.0000,0.0000,0.0000,0.00000,0.04200,0.25540,0.25883
2.1700,STEP_col1,0.0000,6.0000,0.0000,0.0000,0.00000,0.04198,0.25539,0.25882
2.1800,STEP_col1,0.0000,6.0000,0.0000,0.0000,0.00000,0.04196,0.25539,0.25881
2.1900,STEP_col1,0.0000,6.0000,0.0000,0.0000,0.00000,0.04193,0.25538,0.25880
2.2000,STEP_col1,0.0000,6.0000,0.0000,0.0000,0.00000,0.04191,0.25538,0.25879
2.2100,STEP_col1,0.0000,6.0000,0.0000,0.0000,0.00000,0.04188,0.25537,0.25878
2.2200,STEP_col1,0.0000,6.0000,0.0000,0.0000,0.00000,0.04185,0.25537,0.25877
2.2300,STEP_col1,0.0000,6.0000,0.0000,0.0000,0.00000,0.04183,0.25536,0.25876
2.2400,STEP_col1,0.0000,6.0000,0.0000,0.0000,0.00000,0.04180,0.25535,0.25875
2.2500,STEP_col1,0.0000,6.0000,0.0000,0.0000,0.00000,0.04178,0.25535,0.25874
2.2600,STEP_col1,0.0000,6.0000,0.0000,0.0000,0.00000,0.04176,0.25534,0.25874
2.2700,STEP_col1,0.0000,6.0000,0.0000,0.0000,0.00000,0.04173,0.25534,0.25873
2.2800,STEP_col1,0.0000,6.0000,0.0000,0.0000,0.00000,0.04171,0.25533,0.25872
2.2900,STEP_col1,0.0000,6.0000,0.0000,0.0000,0.00000,0.04169,0.25533,0.25871
2.3000,STEP_col1,0.0000,6.0000,0.0000,0.0000,0.00000,0.04167,0.25532,0.25870
2.3100,STEP_col1,0.0000,6.0000,0.0000,0.0000,0.00000,0.04165,0.25532,0.25870
2.3200,STEP_col1,0.0000,6.0000,0.0000,0.0000,0.00000,0.04164,0.25532,0.25869
2.3300,STEP_col1,0.0000,6.0000,0.0000,0.0000,0.00000,0.04162,0.25531,0.25868
2.3400,STEP_col1,0.0000,6.0000,0.0000,0.0000,0.00000,0.04161,0.25531,0.25868
2.3500,STEP_col1,0.0000,6.0000,0.0000,0.0000,0.00000,0.04159,0.25531,0.25867
2.3600,STEP_col1,0.0000,6.0000,0.0000,0.0000,0.00000,0.04158,0.25530,0.25867
2.3700,STEP_col1,0.0000,6.0000,0.0000,0.0000,0.00000,0.04157,0.25530,0.25866
2.3800,STEP_col1,0.0000,6.0000,0.0000,0.0000,0.00000,0.04156,0.25530,0.25866
2.3900,STEP_col1,0.0000,6.0000,0.0000,0.0000,0.00000,0.04156,0.25530,0.25866
2.4000,STEP_col1,0.0000,6.0000,0.0000,0.0000,0.00000,0.04155,0.25530,0.25866
2.4100,STEP_col1,0.0000,6.0000,0.0000,0.0000,0.00000,0.04155,0.25530,0.25866
2.4200,STEP_col1,0.0000,6.0000,0.0000,0.0000,0.00000,0.04154,0.25530,0.25865
2.4300,STEP_col1,0.0000,6.0000,0.0000,0.0000,0.00000,0.04154,0.25530,0.25865
2.4400,STEP_col1,0.0000,6.0000,0.0000,0.0000,0.00000,0.04154,0.25530,0.25865
2.4500,STEP_col1,0.0000,6.0000,0.0000,0.0000,0.00000,0.04155,0.25530,0.25866
2.4600,STEP_col1,0.0000,6.0000,0.0000,0.0000,0.00000,0.04155,0.25530,0.25866
2.4700,STEP_col1,0.0000,6.0000,0.0000,0.0000,0.00000,0.04155,0.25530,0.25866
2.4800,STEP_col1,0.0000,6.0000,0.0000,0.0000,0.00000,0.04156,0.25530,0.25866
2.4900,STEP_col1,0.0000,6.0000,0.0000,0.0000,0.00000,0.04156,0.25530,0.25866
2.5000,STEP_col1,0.0000,6.0000,0.0000,0.0000,0.00000,0.04157,0.25530,0.25866
2.5100,STEP_col1,0.0000,6.0000,0.0000,0.0000,0.00000,0.04158,0.25530,0.25867
2.5200,STEP_col1,0.0000,6.0000,0.0000,0.0000,0.00000,0.04159,0.25531,0.25867
2.5300,STEP_col1,0.0000,6.0000,0.0000,0.0000,0.00000,0.04160,0.25531,0.25867
2.5400,STEP_col1,0.0000,6.0000,0.0000,0.0000,0.00000,0.04161,0.25531,0.25868
2.5500,STEP_col1,0.0000,6.0000,0.0000,0.0000,0.00000,0.04162,0.25531,0.25868
2.5600,STEP_col1,0.0000,6.0000,0.0000,0.0000,0.00000,0.04163,0.25531,0.25869
2.5700,STEP_col1,0.0000,6.0000,0.0000,0.0000,0.00000,0.04164,0.25532,0.25869
2.5800,STEP_col1,0.0000,6.0000,0.0000,0.0000,0.00000,0.04165,0.25532,0.25869
2.5900,STEP_col1,0.0000,6.0000,0.0000,0.0000,0.00000,0.04166,0.25532,0.25870
2.6000,STEP_col1,0.0000,6.0000,0.0000,0.0000,0.00000,0.04167,0.25532,0.25870
2.6100,STEP_col1,0.0000,6.0000,0.0000,0.0000,0.00000,0.04168,0.25533,0.25871
2.6200,STEP_col1,0.0000,6.0000,0.0000,0.0000,0.00000,0.04169,0.25533,0.25871
2.6300,STEP_col1,0.0000,6.0000,0.0000,0.0000,0.00000,0.04170,0.25533,0.25872
2.6400,STEP_col1,0.0000,6.0000,0.0000,0.0000,0.00000,0.04172,0.25533,0.25872
2.6500,STEP_col1,0.0000,6.0000,0.0000,0.0000,0.00000,0.04173,0.25534,0.25872
2.6600,STEP_col1,0.0000,6.0000,0.0000,0.0000,0.00000,0.04174,0.25534,0.25873
2.6700,STEP_col1,0.0000,6.0000,0.0000,0.0000,0.00000,0.04175,0.25534,0.25873
2.6800,STEP_col1,0.0000,6.0000,0.0000,0.0000,0.00000,0.04175,0.25534,0.25873
2.6900,STEP_col1,0.0000,6.0000,0.0000,0.0000,0.00000,0.04176,0.25535,0.25874
2.7000,STEP_col1,0.0000,6.0000,0.0000,0.0000,0.00000,0.04177,0.25535,0.25874
2.7100,STEP_col1,0.0000,6.0000,0.0000,0.0000,0.00000,0.04178,0.25535,0.25874
2.7200,STEP_col1,0.0000,6.0000,0.0000,0.0000,0.00000,0.04179,0.25535,0.25875
2.7300,STEP_col1,0.0000,6.0000,0.0000,0.0000,0.00000,0.04179,0.25535,0.25875
2.7400,STEP_col1,0.0000,6.0000,0.0000,0.0000,0.00000,0.04180,0.25535,0.25875
2.7500,STEP_col1,0.0000,6.0000,0.0000,0.0000,0.00000,0.04180,0.25535,0.25875
2.7600,STEP_col1,0.0000,6.0000,0.0000,0.0000,0.00000,0.04181,0.25535,0.25875
2.7700,STEP_col1,0.0000,6.0000,0.0000,0.0000,0.00000,0.04181,0.25536,0.25876
2.7800,STEP_col1,0.0000,6.0000,0.0000,0.0000,0.00000,0.04181,0.25536,0.25876
2.7900,STEP_col1,0.0000,6.0000,0.0000,0.0000,0.00000,0.04182,0.25536,0.25876
2.8000,STEP_col1,0.0000,6.0000,0.0000,0.0000,0.00000,0.04182,0.25536,0.25876
2.8100,STEP_col1,0.0000,6.0000,0.0000,0.0000,0.00000,0.04182,0.25536,0.25876
2.8200,STEP_col1,0.0000,6.0000,0.0000,0.0000,0.00000,0.04182,0.25536,0.25876
2.8300,STEP_col1,0.0000,6.0000,0.0000,0.0000,0.00000,0.04182,0.25536,0.25876
2.8400,STEP_col1,0.0000,6.0000,0.0000,0.0000,0.00000,0.04182,0.25536,0.25876
2.8500,STEP_col1,0.0000,6.0000,0.0000,0.0000,0.00000,0.04182,0.25536,0.25876
2.8600,STEP_col1,0.0000,6.0000,0.0000,0.0000,0.00000,0.04181,0.25536,0.25876
2.8700,STEP_col1,0.0000,6.0000,0.0000,0.0000,0.00000,0.04181,0.25536,0.25876
2.8800,STEP_col1,0.0000,6.0000,0.0000,0.0000,0.00000,0.04181,0.25536,0.25876
2.8900,STEP_col1,0.0000,6.0000,0.0000,0.0000,0.00000,0.04181,0.25535,0.25875
2.9000,STEP_col1,0.0000,6.0000,0.0000,0.0000,0.00000,0.04180,0.25535,0.25875
2.9100,STEP_col1,0.0000,6.0000,0.0000,0.0000,0.00000,0.04180,0.25535,0.25875
2.9200,STEP_col1,0.0000,6.0000,0.0000,0.0000,0.00000,0.04179,0.25535,0.25875
2.9300,STEP_col1,0.0000,6.0000,0.0000,0.0000,0.00000,0.04179,0.25535,0.25875
2.9400,STEP_col1,0.0000,6.0000,0.0000,0.0000,0.00000,0.04178,0.25535,0.25875
2.9500,STEP_col1,0.0000,6.0000,0.0000,0.0000,0.00000,0.04178,0.25535,0.25874
2.9600,STEP_col1,0.0000,6.0000,0.0000,0.0000,0.00000,0.04177,0.25535,0.25874
2.9700,STEP_col1,0.0000,6.0000,0.0000,0.0000,0.00000,0.04177,0.25535,0.25874
2.9800,STEP_col1,0.0000,6.0000,0.0000,0.0000,0.00000,0.04176,0.25535,0.25874
2.9900,STEP_col1,0.0000,6.0000,0.0000,0.0000,0.00000,0.04176,0.25534,0.25874
3.0000,STEP_col1,0.0000,6.0000,0.0000,0.0000,0.00000,0.04175,0.25534,0.25873
3.0100,STEP_col1,0.0000,6.0000,0.0000,0.0000,0.00000,0.04175,0.25534,0.25873
3.0200,STEP_col1,0.0000,6.0000,0.0000,0.0000,0.00000,0.04174,0.25534,0.25873
3.0300,STEP_col1,0.0000,6.0000,0.0000,0.0000,0.00000,0.04174,0.25534,0.25873
3.0400,STEP_col1,0.0000,6.0000,0.0000,0.0000,0.00000,0.04174,0.25534,0.25873
3.0500,STEP_col1,0.0000,6.0000,0.0000,0.0000,0.00000,0.04173,0.25534,0.25873
3.0600,STEP_col1,0.0000,6.0000,0.0000,0.0000,0.00000,0.04173,0.25534,0.25872
3.0700,STEP_col1,0.0000,6.0000,0.0000,0.0000,0.00000,0.04172,0.25534,0.25872
3.0800,STEP_col1,0.0000,6.0000,0.0000,0.0000,0.00000,0.04172,0.25534,0.25872
3.0900,STEP_col1,0.0000,6.0000,0.0000,0.0000,0.00000,0.04172,0.25533,0.25872
3.1000,STEP_col1,0.0000,6.0000,0.0000,0.0000,0.00000,0.04171,0.25533,0.25872
3.1100,STEP_col1,0.0000,6.0000,0.0000,0.0000,0.00000,0.04171,0.25533,0.25872
3.1200,STEP_col1,0.0000,6.0000,0.0000,0.0000,0.00000,0.04171,0.25533,0.25872
3.1300,STEP_col1,0.0000,6.0000,0.0000,0.0000,0.00000,0.04170,0.25533,0.25872
3.1400,STEP_col1,0.0000,6.0000,0.0000,0.0000,0.00000,0.04170,0.25533,0.25871
3.1500,STEP_col1,0.0000,6.0000,0.0000,0.0000,0.00000,0.04170,0.25533,0.25871
3.1600,STEP_col1,0.0000,6.0000,0.0000,0.0000,0.00000,0.04170,0.25533,0.25871
3.1700,STEP_col1,0.0000,6.0000,0.0000,0.0000,0.00000,0.04170,0.25533,0.25871
3.1800,STEP_col1,0.0000,6.0000,0.0000,0.0000,0.00000,0.04170,0.25533,0.25871
3.1900,STEP_col1,0.0000,6.0000,0.0000,0.0000,0.00000,0.04170,0.25533,0.25871
3.2000,STEP_col1,0.0000,6.0000,0.0000,0.0000,0.00000,0.04170,0.25533,0.25871
3.2100,STEP_col1,0.0000,6.0000,0.0000,0.0000,0.00000,0.04170,0.25533,0.25871
3.2200,STEP_col1,0.0000,6.0000,0.0000,0.0000,0.00000,0.04170,0.25533,0.25871
3.2300,STEP_col1,0.0000,6.0000,0.0000,0.0000,0.00000,0.04170,0.25533,0.25871
3.2400,STEP_col1,0.0000,6.0000,0.0000,0.0000,0.00000,0.04170,0.25533,0.25871
3.2500,STEP_col1,0.0000,6.0000,0.0000,0.0000,0.00000,0.04170,0.25533,0.25871
3.2600,STEP_col1,0.0000,6.0000,0.0000,0.0000,0.00000,0.04170,0.25533,0.25871
3.2700,STEP_col1,0.0000,6.0000,0.0000,0.0000,0.00000,0.04170,0.25533,0.25871
3.2800,STEP_col1,0.0000,6.0000,0.0000,0.0000,0.00000,0.04170,0.25533,0.25871
3.2900,STEP_col1,0.0000,6.0000,0.0000,0.0000,0.00000,0.04170,0.25533,0.25872
3.3000,STEP_col1,0.0000,6.0000,0.0000,0.0000,0.00000,0.04170,0.25533,0.25872
3.3100,STEP_col1,0.0000,6.0000,0.0000,0.0000,0.00000,0.04171,0.25533,0.25872
3.3200,STEP_col1,0.0000,6.0000,0.0000,0.0000,0.00000,0.04171,0.25533,0.25872
3.3300,STEP_col1,0.0000,6.0000,0.0000,0.0000,0.00000,0.04171,0.25533,0.25872
3.3400,STEP_col1,0.0000,6.0000,0.0000,0.0000,0.00000,0.04171,0.25533,0.25872
3.3500,STEP_col1,0.0000,6.0000,0.0000,0.0000,0.00000,0.04172,0.25533,0.25872
3.3600,STEP_col1,0.0000,6.0000,0.0000,0.0000,0.00000,0.04172,0.25534,0.25872
3.3700,STEP_col1,0.0000,6.0000,0.0000,0.0000,0.00000,0.04172,0.25534,0.25872
3.3800,STEP_col1,0.0000,6.0000,0.0000,0.0000,0.00000,0.04172,0.25534,0.25872
3.3900,STEP_col1,0.0000,6.0000,0.0000,0.0000,0.00000,0.04172,0.25534,0.25872
3.4000,STEP_col1,0.0000,6.0000,0.0000,0.0000,0.00000,0.04173,0.25534,0.25872
3.4100,STEP_col1,0.0000,6.0000,0.0000,0.0000,0.00000,0.04173,0.25534,0.25872
3.4200,STEP_col1,0.0000,6.0000,0.0000,0.0000,0.00000,0.04173,0.25534,0.25873
3.4300,STEP_col1,0.0000,6.0000,0.0000,0.0000,0.00000,0.04173,0.25534,0.25873
3.4400,STEP_col1,0.0000,6.0000,0.0000,0.0000,0.00000,0.04173,0.25534,0.25873
3.4500,STEP_col1,0.0000,6.0000,0.0000,0.0000,0.00000,0.04174,0.25534,0.25873
3.4600,STEP_col1,0.0000,6.0000,0.0000,0.0000,0.00000,0.04174,0.25534,0.25873
3.4700,STEP_col1,0.0000,6.0000,0.0000,0.0000,0.00000,0.04174,0.25534,0.25873
3.4800,STEP_col1,0.0000,6.0000,0.0000,0.0000,0.00000,0.04174,0.25534,0.25873
3.4900,STEP_col1,0.0000,6.0000,0.0000,0.0000,0.00000,0.04174,0.25534,0.25873
3.5000,STEP_col1,0.0000,6.0000,0.0000,0.0000,0.00000,0.04174,0.25534,0.25873
3.5100,STEP_col1,0.0000,6.0000,0.0000,0.0000,0.00000,0.04175,0.25534,0.25873
3.5200,STEP_col1,0.0000,6.0000,0.0000,0.0000,0.00000,0.04175,0.25534,0.25873
3.5300,STEP_col1,0.0000,6.0000,0.0000,0.0000,0.00000,0.04175,0.25534,0.25873
3.5400,STEP_col1,0.0000,6.0000,0.0000,0.0000,0.00000,0.04175,0.25534,0.25873
3.5500,STEP_col1,0.0000,6.0000,0.0000,0.0000,0.00000,0.04175,0.25534,0.25873
3.5600,STEP_col1,0.0000,6.0000,0.0000,0.0000,0.00000,0.04175,0.25534,0.25873
3.5700,STEP_col1,0.0000,6.0000,0.0000,0.0000,0.00000,0.04175,0.25534,0.25873
3.5800,STEP_col1,0.0000,6.0000,0.0000,0.0000,0.00000,0.04175,0.25534,0.25873
3.5900,STEP_col1,0.0000,6.0000,0.0000,0.0000,0.00000,0.04175,0.25534,0.25873
3.6000,STEP_col1,0.0000,6.0000,0.0000,0.0000,0.00000,0.04175,0.25534,0.25873
3.6100,STEP_col1,0.0000,6.0000,0.0000,0.0000,0.00000,0.04175,0.25534,0.25873
3.6200,STEP_col1,0.0000,6.0000,0.0000,0.0000,0.00000,0.04175,0.25534,0.25873
3.6300,STEP_col1,0.0000,6.0000,0.0000,0.0000,0.00000,0.04175,0.25534,0.25873
3.6400,STEP_col1,0.0000,6.0000,0.0000,0.0000,0.00000,0.04175,0.25534,0.25873
3.6500,STEP_col1,0.0000,6.0000,0.0000,0.0000,0.00000,0.04175,0.25534,0.25873
3.6600,STEP_col1,0.0000,6.0000,0.0000,0.0000,0.00000,0.04175,0.25534,0.25873
3.6700,STEP_col1,0.0000,6.0000,0.0000,0.0000,0.00000,0.04175,0.25534,0.25873
3.6800,STEP_col1,0.0000,6.0000,0.0000,0.0000,0.00000,0.04175,0.25534,0.25873
3.6900,STEP_col1,0.0000,6.0000,0.0000,0.0000,0.00000,0.04175,0.25534,0.25873
3.7000,STEP_col1,0.0000,6.0000,0.0000,0.0000,0.00000,0.04174,0.25534,0.25873
3.7100,STEP_col1,0.0000,6.0000,0.0000,0.0000,0.00000,0.04174,0.25534,0.25873
3.7200,STEP_col1,0.0000,6.0000,0.0000,0.0000,0.00000,0.04174,0.25534,0.25873
3.7300,STEP_col1,0.0000,6.0000,0.0000,0.0000,0.00000,0.04174,0.25534,0.25873
3.7400,STEP_col1,0.0000,6.0000,0.0000,0.0000,0.00000,0.04174,0.25534,0.25873
3.7500,STEP_col1,0.0000,6.0000,0.0000,0.0000,0.00000,0.04174,0.25534,0.25873
3.7600,STEP_col1,0.0000,6.0000,0.0000,0.0000,0.00000,0.04174,0.25534,0.25873
3.7700,STEP_col1,0.0000,6.0000,0.0000,0.0000,0.00000,0.04174,0.25534,0.25873
3.7800,STEP_col1,0.0000,6.0000,0.0000,0.0000,0.00000,0.04174,0.25534,0.25873
3.7900,STEP_col1,0.0000,6.0000,0.0000,0.0000,0.00000,0.04174,0.25534,0.25873
3.8000,STEP_col1,0.0000,6.0000,0.0000,0.0000,0.00000,0.04173,0.25534,0.25873
3.8100,STEP_col1,0.0000,6.0000,0.0000,0.0000,0.00000,0.04173,0.25534,0.25873
3.8200,STEP_col1,0.0000,6.0000,0.0000,0.0000,0.00000,0.04173,0.25534,0.25873
3.8300,STEP_col1,0.0000,6.0000,0.0000,0.0000,0.00000,0.04173,0.25534,0.25873
3.8400,STEP_col1,0.0000,6.0000,0.0000,0.0000,0.00000,0.04173,0.25534,0.25873
3.8500,STEP_col1,0.0000,6.0000,0.0000,0.0000,0.00000,0.04173,0.25534,0.25873
3.8600,STEP_col1,0.0000,6.0000,0.0000,0.0000,0.00000,0.04173,0.25534,0.25873
3.8700,STEP_col1,0.0000,6.0000,0.0000,0.0000,0.00000,0.04173,0.25534,0.25872
3.8800,STEP_col1,0.0000,6.0000,0.0000,0.0000,0.00000,0.04173,0.25534,0.25872
3.8900,STEP_col1,0.0000,6.0000,0.0000,0.0000,0.00000,0.04173,0.25534,0.25872
3.9000,STEP_col1,0.0000,6.0000,0.0000,0.0000,0.00000,0.04173,0.25534,0.25872
3.9100,STEP_col1,0.0000,6.0000,0.0000,0.0000,0.00000,0.04173,0.25534,0.25872
3.9200,STEP_col1,0.0000,6.0000,0.0000,0.0000,0.00000,0.04173,0.25534,0.25872
3.9300,STEP_col1,0.0000,6.0000,0.0000,0.0000,0.00000,0.04173,0.25534,0.25872
3.9400,STEP_col1,0.0000,6.0000,0.0000,0.0000,0.00000,0.04173,0.25534,0.25872
3.9500,STEP_col1,0.0000,6.0000,0.0000,0.0000,0.00000,0.04173,0.25534,0.25872
3.9600,STEP_col1,0.0000,6.0000,0.0000,0.0000,0.00000,0.04173,0.25534,0.25872
3.9700,STEP_col1,0.0000,6.0000,0.0000,0.0000,0.00000,0.04173,0.25534,0.25872
3.9800,STEP_col1,0.0000,6.0000,0.0000,0.0000,0.00000,0.04173,0.25534,0.25872
3.9900,STEP_col1,0.0000,6.0000,0.0000,0.0000,0.00000,0.04173,0.25534,0.25872
4.0000,STEP_col1,0.0000,6.0000,0.0000,0.0000,0.00000,0.04173,0.25534,0.25872
4.0100,STEP_col1,0.0000,6.0000,0.0000,0.0000,0.00000,0.04173,0.25534,0.25872
4.0200,STEP_col1,0.0000,6.0000,0.0000,0.0000,0.00000,0.04173,0.25534,0.25872
4.0300,STEP_col1,0.0000,6.0000,0.0000,0.0000,0.00000,0.04173,0.25534,0.25872
4.0400,STEP_col1,0.0000,6.0000,0.0000,0.0000,0.00000,0.04173,0.25534,0.25872
4.0500,STEP_col1,0.0000,6.0000,0.0000,0.0000,0.00000,0.04173,0.25534,0.25872
4.0600,STEP_col1,0.0000,6.0000,0.0000,0.0000,0.00000,0.04173,0.25534,0.25872
4.0700,STEP_col1,0.0000,6.0000,0.0000,0.0000,0.00000,0.04173,0.25534,0.25872
4.0800,STEP_col1,0.0000,6.0000,0.0000,0.0000,0.00000,0.04173,0.25534,0.25872
4.0900,STEP_col1,0.0000,6.0000,0.0000,0.0000,0.00000,0.04173,0.25534,0.25872
4.1000,STEP_col1,0.0000,6.0000,0.0000,0.0000,0.00000,0.04173,0.25534,0.25872
4.1100,STEP_col1,0.0000,6.0000,0.0000,0.0000,0.00000,0.04173,0.25534,0.25872
4.1200,STEP_col1,0.0000,6.0000,0.0000,0.0000,0.00000,0.04173,0.25534,0.25873
4.1300,STEP_col1,0.0000,6.0000,0.0000,0.0000,0.00000,0.04173,0.25534,0.25873
4.1400,STEP_col1,0.0000,6.0000,0.0000,0.0000,0.00000,0.04173,0.25534,0.25873
4.1500,STEP_col1,0.0000,6.0000,0.0000,0.0000,0.00000,0.04173,0.25534,0.25873
4.1600,STEP_col1,0.0000,6.0000,0.0000,0.0000,0.00000,0.04173,0.25534,0.25873
4.1700,STEP_col1,0.0000,6.0000,0.0000,0.0000,0.00000,0.04173,0.25534,0.25873
4.1800,STEP_col1,0.0000,6.0000,0.0000,0.0000,0.00000,0.04173,0.25534,0.25873
4.1900,STEP_col1,0.0000,6.0000,0.0000,0.0000,0.00000,0.04173,0.25534,0.25873
4.2000,STEP_col1,0.0000,6.0000,0.0000,0.0000,0.00000,0.04173,0.25534,0.25873
4.2100,STEP_col1,0.0000,6.0000,0.0000,0.0000,0.00000,0.04173,0.25534,0.25873
4.2200,STEP_col1,0.0000,6.0000,0.0000,0.0000,0.00000,0.04173,0.25534,0.25873
4.2300,STEP_col1,0.0000,6.0000,0.0000,0.0000,0.00000,0.04173,0.25534,0.25873
4.2400,STEP_col1,0.0000,6.0000,0.0000,0.0000,0.00000,0.04173,0.25534,0.25873
4.2500,STEP_col1,0.0000,6.0000,0.0000,0.0000,0.00000,0.04173,0.25534,0.25873
4.2600,STEP_col1,0.0000,6.0000,0.0000,0.0000,0.00000,0.04174,0.25534,0.25873
4.2700,STEP_col1,0.0000,6.0000,0.0000,0.0000,0.00000,0.04174,0.25534,0.25873
4.2800,STEP_col1,0.0000,6.0000,0.0000,0.0000,0.00000,0.04174,0.25534,0.25873
4.2900,STEP_col1,0.0000,6.0000,0.0000,0.0000,0.00000,0.04174,0.25534,0.25873
4.3000,STEP_col1,0.0000,6.0000,0.0000,0.0000,0.00000,0.04174,0.25534,0.25873
4.3100,STEP_col1,0.0000,6.0000,0.0000,0.0000,0.00000,0.04174,0.25534,0.25873
4.3200,STEP_col1,0.0000,6.0000,0.0000,0.0000,0.00000,0.04174,0.25534,0.25873
4.3300,STEP_col1,0.0000,6.0000,0.0000,0.0000,0.00000,0.04174,0.25534,0.25873
4.3400,STEP_col1,0.0000,6.0000,0.0000,0.0000,0.00000,0.04174,0.25534,0.25873
4.3500,STEP_col1,0.0000,6.0000,0.0000,0.0000,0.00000,0.04174,0.25534,0.25873
4.3600,STEP_col1,0.0000,6.0000,0.0000,0.0000,0.00000,0.04174,0.25534,0.25873
4.3700,STEP_col1,0.0000,6.0000,0.0000,0.0000,0.00000,0.04174,0.25534,0.25873
4.3800,STEP_col1,0.0000,6.0000,0.0000,0.0000,0.00000,0.04174,0.25534,0.25873
4.3900,STEP_col1,0.0000,6.0000,0.0000,0.0000,0.00000,0.04174,0.25534,0.25873
4.4000,STEP_col1,0.0000,6.0000,0.0000,0.0000,0.00000,0.04174,0.25534,0.25873
4.4100,STEP_col1,0.0000,6.0000,0.0000,0.0000,0.00000,0.04174,0.25534,0.25873
4.4200,STEP_col1,0.0000,6.0000,0.0000,0.0000,0.00000,0.04174,0.25534,0.25873
4.4300,STEP_col1,0.0000,6.0000,0.0000,0.0000,0.00000,0.04174,0.25534,0.25873
4.4400,STEP_col1,0.0000,6.0000,0.0000,0.0000,0.00000,0.04174,0.25534,0.25873
4.4500,STEP_col1,0.0000,6.0000,0.0000,0.0000,0.00000,0.04174,0.25534,0.25873
4.4600,STEP_col1,0.0000,6.0000,0.0000,0.0000,0.00000,0.04174,0.25534,0.25873
4.4700,STEP_col1,0.0000,6.0000,0.0000,0.0000,0.00000,0.04174,0.25534,0.25873
4.4800,STEP_col1,0.0000,6.0000,0.0000,0.0000,0.00000,0.04174,0.25534,0.25873
4.4900,STEP_col1,0.0000,6.0000,0.0000,0.0000,0.00000,0.04174,0.25534,0.25873
4.5000,STEP_col1,0.0000,6.0000,0.0000,0.0000,0.00000,0.04173,0.25534,0.25873
4.5100,STEP_col1,0.0000,6.0000,0.0000,0.0000,0.00000,0.04173,0.25534,0.25873
4.5200,STEP_col1,0.0000,6.0000,0.0000,0.0000,0.00000,0.04173,0.25534,0.25873
4.5300,STEP_col1,0.0000,6.0000,0.0000,0.0000,0.00000,0.04173,0.25534,0.25873
4.5400,STEP_col1,0.0000,6.0000,0.0000,0.0000,0.00000,0.04173,0.25534,0.25873
4.5500,STEP_col1,0.0000,6.0000,0.0000,0.0000,0.00000,0.04173,0.25534,0.25873
4.5600,STEP_col1,0.0000,6.0000,0.0000,0.0000,0.00000,0.04173,0.25534,0.25873
4.5700,STEP_col1,0.0000,6.0000,0.0000,0.0000,0.00000,0.04173,0.25534,0.25873
4.5800,STEP_col1,0.0000,6.0000,0.0000,0.0000,0.00000,0.04173,0.25534,0.25873
4.5900,STEP_col1,0.0000,6.0000,0.0000,0.0000,0.00000,0.04173,0.25534,0.25873
4.6000,STEP_col1,0.0000,6.0000,0.0000,0.0000,0.00000,0.04173,0.25534,0.25873
4.6100,STEP_col1,0.0000,6.0000,0.0000,0.0000,0.00000,0.04173,0.25534,0.25873
4.6200,STEP_col1,0.0000,6.0000,0.0000,0.0000,0.00000,0.04173,0.25534,0.25873
4.6300,STEP_col1,0.0000,6.0000,0.0000,0.0000,0.00000,0.04173,0.25534,0.25873
4.6400,STEP_col1,0.0000,6.0000,0.0000,0.0000,0.00000,0.04173,0.25534,0.25873
4.6500,STEP_col1,0.0000,6.0000,0.0000,0.0000,0.00000,0.04173,0.25534,0.25873
4.6600,STEP_col1,0.0000,6.0000,0.0000,0.0000,0.00000,0.04173,0.25534,0.25873
4.6700,STEP_col1,0.0000,6.0000,0.0000,0.0000,0.00000,0.04173,0.25534,0.25873
4.6800,STEP_col1,0.0000,6.0000,0.0000,0.0000,0.00000,0.04173,0.25534,0.25873
4.6900,STEP_col1,0.0000,6.0000,0.0000,0.0000,0.00000,0.04173,0.25534,0.25873
4.7000,STEP_col1,0.0000,6.0000,0.0000,0.0000,0.00000,0.04173,0.25534,0.25873
4.7100,STEP_col1,0.0000,6.0000,0.0000,0.0000,0.00000,0.04173,0.25534,0.25873
4.7200,STEP_col1,0.0000,6.0000,0.0000,0.0000,0.00000,0.04173,0.25534,0.25873
4.7300,STEP_col1,0.0000,6.0000,0.0000,0.0000,0.00000,0.04173,0.25534,0.25873
4.7400,STEP_col1,0.0000,6.0000,0.0000,0.0000,0.00000,0.04173,0.25534,0.25873
4.7500,STEP_col1,0.0000,6.0000,0.0000,0.0000,0.00000,0.04173,0.25534,0.25873
4.7600,STEP_col1,0.0000,6.0000,0.0000,0.0000,0.00000,0.04173,0.25534,0.25873
4.7700,STEP_col1,0.0000,6.0000,0.0000,0.0000,0.00000,0.04173,0.25534,0.25873
4.7800,STEP_col1,0.0000,6.0000,0.0000,0.0000,0.00000,0.04173,0.25534,0.25873
4.7900,STEP_col1,0.0000,6.0000,0.0000,0.0000,0.00000,0.04173,0.25534,0.25873
4.8000,STEP_col1,0.0000,6.0000,0.0000,0.0000,0.00000,0.04173,0.25534,0.25873
4.8100,STEP_col1,0.0000,6.0000,0.0000,0.0000,0.00000,0.04173,0.25534,0.25873
4.8200,STEP_col1,0.0000,6.0000,0.0000,0.0000,0.00000,0.04173,0.25534,0.25873
4.8300,STEP_col1,0.0000,6.0000,0.0000,0.0000,0.00000,0.04173,0.25534,0.25873
4.8400,STEP_col1,0.0000,6.0000,0.0000,0.0000,0.00000,0.04173,0.25534,0.25873
4.8500,STEP_col1,0.0000,6.0000,0.0000,0.0000,0.00000,0.04173,0.25534,0.25873
4.8600,STEP_col1,0.0000,6.0000,0.0000,0.0000,0.00000,0.04173,0.25534,0.25873
4.8700,STEP_col1,0.0000,6.0000,0.0000,0.0000,0.00000,0.04173,0.25534,0.25873
4.8800,STEP_col1,0.0000,6.0000,0.0000,0.0000,0.00000,0.04173,0.25534,0.25873
4.8900,STEP_col1,0.0000,6.0000,0.0000,0.0000,0.00000,0.04173,0.25534,0.25873
4.9000,STEP_col1,0.0000,6.0000,0.0000,0.0000,0.00000,0.04173,0.25534,0.25873
4.9100,STEP_col1,0.0000,6.0000,0.0000,0.0000,0.00000,0.04173,0.25534,0.25873
4.9200,STEP_col1,0.0000,6.0000,0.0000,0.0000,0.00000,0.04173,0.25534,0.25873
4.9300,STEP_col1,0.0000,6.0000,0.0000,0.0000,0.00000,0.04173,0.25534,0.25873
4.9400,STEP_col1,0.0000,6.0000,0.0000,0.0000,0.00000,0.04173,0.25534,0.25873
4.9500,STEP_col1,0.0000,6.0000,0.0000,0.0000,0.00000,0.04173,0.25534,0.25873
4.9600,STEP_col1,0.0000,6.0000,0.0000,0.0000,0.00000,0.04173,0.25534,0.25873
4.9700,STEP_col1,0.0000,6.0000,0.0000,0.0000,0.00000,0.04173,0.25534,0.25873
4.9800,STEP_col1,0.0000,6.0000,0.0000,0.0000,0.00000,0.04173,0.25534,0.25873
4.9900,STEP_col1,0.0000,6.0000,0.0000,0.0000,0.00000,0.04173,0.25534,0.25873
5.0000,STEP_col1,0.0000,6.0000,0.0000,0.0000,0.00000,0.04173,0.25534,0.25873
5.0100,RELEASE_step_col1,0.0000,0.0000,0.0000,0.0000,0.00000,0.04173,0.25534,0.25872
5.0200,RELEASE_step_col1,0.0000,0.0000,0.0000,0.0000,0.00000,0.04168,0.25533,0.25871
5.0300,RELEASE_step_col1,0.0000,0.0000,0.0000,0.0000,0.00000,0.04157,0.25531,0.25867
5.0400,RELEASE_step_col1,0.0000,0.0000,0.0000,0.0000,0.00000,0.04140,0.25528,0.25861
5.0500,RELEASE_step_col1,0.0000,0.0000,0.0000,0.0000,0.00000,0.04113,0.25524,0.25853
5.0600,RELEASE_step_col1,0.0000,0.0000,0.0000,0.0000,0.00000,0.04078,0.25518,0.25842
5.0700,RELEASE_step_col1,0.0000,0.0000,0.0000,0.0000,0.00000,0.04033,0.25510,0.25827
5.0800,RELEASE_step_col1,0.0000,0.0000,0.0000,0.0000,0.00000,0.03979,0.25500,0.25809
5.0900,RELEASE_step_col1,0.0000,0.0000,0.0000,0.0000,0.00000,0.03913,0.25489,0.25787
5.1000,RELEASE_step_col1,0.0000,0.0000,0.0000,0.0000,0.00000,0.03837,0.25475,0.25762
5.1100,RELEASE_step_col1,0.0000,0.0000,0.0000,0.0000,0.00000,0.03751,0.25459,0.25734
5.1200,RELEASE_step_col1,0.0000,0.0000,0.0000,0.0000,0.00000,0.03654,0.25441,0.25702
5.1300,RELEASE_step_col1,0.0000,0.0000,0.0000,0.0000,0.00000,0.03547,0.25421,0.25667
5.1400,RELEASE_step_col1,0.0000,0.0000,0.0000,0.0000,0.00000,0.03431,0.25399,0.25630
5.1500,RELEASE_step_col1,0.0000,0.0000,0.0000,0.0000,0.00000,0.03305,0.25376,0.25591
5.1600,RELEASE_step_col1,0.0000,0.0000,0.0000,0.0000,0.00000,0.03171,0.25352,0.25550
5.1700,RELEASE_step_col1,0.0000,0.0000,0.0000,0.0000,0.00000,0.03028,0.25327,0.25508
5.1800,RELEASE_step_col1,0.0000,0.0000,0.0000,0.0000,0.00000,0.02878,0.25302,0.25465
5.1900,RELEASE_step_col1,0.0000,0.0000,0.0000,0.0000,0.00000,0.02722,0.25277,0.25423
5.2000,RELEASE_step_col1,0.0000,0.0000,0.0000,0.0000,0.00000,0.02559,0.25252,0.25381
5.2100,RELEASE_step_col1,0.0000,0.0000,0.0000,0.0000,0.00000,0.02392,0.25228,0.25341
5.2200,RELEASE_step_col1,0.0000,0.0000,0.0000,0.0000,0.00000,0.02221,0.25204,0.25302
5.2300,RELEASE_step_col1,0.0000,0.0000,0.0000,0.0000,0.00000,0.02047,0.25182,0.25265
5.2400,RELEASE_step_col1,0.0000,0.0000,0.0000,0.0000,-0.00000,0.01871,0.25161,0.25231
5.2500,RELEASE_step_col1,0.0000,0.0000,0.0000,0.0000,-0.00000,0.01694,0.25142,0.25199
5.2600,RELEASE_step_col1,0.0000,0.0000,0.0000,0.0000,-0.00000,0.01516,0.25125,0.25171
5.2700,RELEASE_step_col1,0.0000,0.0000,0.0000,0.0000,-0.00000,0.01340,0.25110,0.25146
5.2800,RELEASE_step_col1,0.0000,0.0000,0.0000,0.0000,-0.00000,0.01165,0.25097,0.25124
5.2900,RELEASE_step_col1,0.0000,0.0000,0.0000,0.0000,-0.00000,0.00993,0.25085,0.25105
5.3000,RELEASE_step_col1,0.0000,0.0000,0.0000,0.0000,-0.00000,0.00824,0.25076,0.25090
5.3100,RELEASE_step_col1,0.0000,0.0000,0.0000,0.0000,-0.00000,0.00659,0.25069,0.25077
5.3200,RELEASE_step_col1,0.0000,0.0000,0.0000,0.0000,-0.00000,0.00500,0.25063,0.25068
5.3300,RELEASE_step_col1,0.0000,0.0000,0.0000,0.0000,-0.00000,0.00346,0.25059,0.25062
5.3400,RELEASE_step_col1,0.0000,0.0000,0.0000,0.0000,-0.00000,0.00199,0.25057,0.25058
5.3500,RELEASE_step_col1,0.0000,0.0000,0.0000,0.0000,-0.00000,0.00058,0.25056,0.25056
5.3600,RELEASE_step_col1,0.0000,0.0000,0.0000,0.0000,-0.00000,-0.00074,0.25056,0.25056
5.3700,RELEASE_step_col1,0.0000,0.0000,0.0000,0.0000,-0.00000,-0.00199,0.25058,0.25058
5.3800,RELEASE_step_col1,0.0000,0.0000,0.0000,0.0000,-0.00000,-0.00315,0.25060,0.25062
5.3900,RELEASE_step_col1,0.0000,0.0000,0.0000,0.0000,-0.00000,-0.00422,0.25062,0.25066
5.4000,RELEASE_step_col1,0.0000,0.0000,0.0000,0.0000,-0.00000,-0.00521,0.25065,0.25071
5.4100,RELEASE_step_col1,0.0000,0.0000,0.0000,0.0000,-0.00000,-0.00610,0.25069,0.25076
5.4200,RELEASE_step_col1,0.0000,0.0000,0.0000,0.0000,-0.00000,-0.00690,0.25072,0.25082
5.4300,RELEASE_step_col1,0.0000,0.0000,0.0000,0.0000,-0.00000,-0.00760,0.25076,0.25088
5.4400,RELEASE_step_col1,0.0000,0.0000,0.0000,0.0000,-0.00000,-0.00821,0.25079,0.25093
5.4500,RELEASE_step_col1,0.0000,0.0000,0.0000,0.0000,-0.00000,-0.00872,0.25083,0.25098
5.4600,RELEASE_step_col1,0.0000,0.0000,0.0000,0.0000,-0.00000,-0.00914,0.25085,0.25102
5.4700,RELEASE_step_col1,0.0000,0.0000,0.0000,0.0000,-0.00000,-0.00947,0.25088,0.25106
5.4800,RELEASE_step_col1,0.0000,0.0000,0.0000,0.0000,-0.00000,-0.00971,0.25090,0.25109
5.4900,RELEASE_step_col1,0.0000,0.0000,0.0000,0.0000,-0.00000,-0.00986,0.25091,0.25111
5.5000,RELEASE_step_col1,0.0000,0.0000,0.0000,0.0000,-0.00000,-0.00993,0.25092,0.25112
5.5100,RELEASE_step_col1,0.0000,0.0000,0.0000,0.0000,-0.00000,-0.00992,0.25093,0.25113
5.5200,RELEASE_step_col1,0.0000,0.0000,0.0000,0.0000,-0.00000,-0.00984,0.25093,0.25112
5.5300,RELEASE_step_col1,0.0000,0.0000,0.0000,0.0000,-0.00000,-0.00968,0.25093,0.25111
5.5400,RELEASE_step_col1,0.0000,0.0000,0.0000,0.0000,-0.00000,-0.00945,0.25092,0.25110
5.5500,RELEASE_step_col1,0.0000,0.0000,0.0000,0.0000,-0.00000,-0.00916,0.25091,0.25108
5.5600,RELEASE_step_col1,0.0000,0.0000,0.0000,0.0000,-0.00000,-0.00882,0.25089,0.25105
5.5700,RELEASE_step_col1,0.0000,0.0000,0.0000,0.0000,-0.00000,-0.00842,0.25088,0.25102
5.5800,RELEASE_step_col1,0.0000,0.0000,0.0000,0.0000,-0.00000,-0.00797,0.25086,0.25099
5.5900,RELEASE_step_col1,0.0000,0.0000,0.0000,0.0000,-0.00000,-0.00748,0.25084,0.25095
5.6000,RELEASE_step_col1,0.0000,0.0000,0.0000,0.0000,-0.00000,-0.00696,0.25082,0.25092
5.6100,RELEASE_step_col1,0.0000,0.0000,0.0000,0.0000,-0.00000,-0.00640,0.25080,0.25088
5.6200,RELEASE_step_col1,0.0000,0.0000,0.0000,0.0000,-0.00000,-0.00582,0.25078,0.25085
5.6300,RELEASE_step_col1,0.0000,0.0000,0.0000,0.0000,-0.00000,-0.00521,0.25076,0.25082
5.6400,RELEASE_step_col1,0.0000,0.0000,0.0000,0.0000,-0.00000,-0.00460,0.25075,0.25079
5.6500,RELEASE_step_col1,0.0000,0.0000,0.0000,0.0000,-0.00000,-0.00397,0.25073,0.25076
5.6600,RELEASE_step_col1,0.0000,0.0000,0.0000,0.0000,-0.00000,-0.00333,0.25072,0.25074
5.6700,RELEASE_step_col1,0.0000,0.0000,0.0000,0.0000,-0.00000,-0.00270,0.25071,0.25072
5.6800,RELEASE_step_col1,0.0000,0.0000,0.0000,0.0000,-0.00000,-0.00207,0.25070,0.25071
5.6900,RELEASE_step_col1,0.0000,0.0000,0.0000,0.0000,-0.00000,-0.00145,0.25069,0.25070
5.7000,RELEASE_step_col1,0.0000,0.0000,0.0000,0.0000,-0.00000,-0.00084,0.25069,0.25069
5.7100,RELEASE_step_col1,0.0000,0.0000,0.0000,0.0000,-0.00000,-0.00025,0.25069,0.25069
5.7200,RELEASE_step_col1,0.0000,0.0000,0.0000,0.0000,-0.00000,0.00032,0.25069,0.25069
5.7300,RELEASE_step_col1,0.0000,0.0000,0.0000,0.0000,-0.00000,0.00087,0.25069,0.25069
5.7400,RELEASE_step_col1,0.0000,0.0000,0.0000,0.0000,-0.00000,0.00139,0.25070,0.25070
5.7500,RELEASE_step_col1,0.0000,0.0000,0.0000,0.0000,-0.00000,0.00188,0.25070,0.25071
5.7600,RELEASE_step_col1,0.0000,0.0000,0.0000,0.0000,-0.00000,0.00234,0.25071,0.25072
5.7700,RELEASE_step_col1,0.0000,0.0000,0.0000,0.0000,-0.00000,0.00277,0.25071,0.25073
5.7800,RELEASE_step_col1,0.0000,0.0000,0.0000,0.0000,-0.00000,0.00316,0.25072,0.25074
5.7900,RELEASE_step_col1,0.0000,0.0000,0.0000,0.0000,-0.00000,0.00352,0.25073,0.25075
5.8000,RELEASE_step_col1,0.0000,0.0000,0.0000,0.0000,-0.00000,0.00384,0.25074,0.25076
5.8100,RELEASE_step_col1,0.0000,0.0000,0.0000,0.0000,-0.00000,0.00411,0.25074,0.25078
5.8200,RELEASE_step_col1,0.0000,0.0000,0.0000,0.0000,-0.00000,0.00435,0.25075,0.25079
5.8300,RELEASE_step_col1,0.0000,0.0000,0.0000,0.0000,-0.00000,0.00456,0.25076,0.25080
5.8400,RELEASE_step_col1,0.0000,0.0000,0.0000,0.0000,-0.00000,0.00472,0.25076,0.25081
5.8500,RELEASE_step_col1,0.0000,0.0000,0.0000,0.0000,-0.00000,0.00484,0.25077,0.25081
5.8600,RELEASE_step_col1,0.0000,0.0000,0.0000,0.0000,-0.00000,0.00493,0.25077,0.25082
5.8700,RELEASE_step_col1,0.0000,0.0000,0.0000,0.0000,-0.00000,0.00498,0.25077,0.25082
5.8800,RELEASE_step_col1,0.0000,0.0000,0.0000,0.0000,-0.00000,0.00499,0.25077,0.25082
5.8900,RELEASE_step_col1,0.0000,0.0000,0.0000,0.0000,-0.00000,0.00497,0.25077,0.25082
5.9000,RELEASE_step_col1,0.0000,0.0000,0.0000,0.0000,-0.00000,0.00491,0.25077,0.25082
5.9100,RELEASE_step_col1,0.0000,0.0000,0.0000,0.0000,-0.00000,0.00483,0.25077,0.25082
5.9200,RELEASE_step_col1,0.0000,0.0000,0.0000,0.0000,-0.00000,0.00471,0.25077,0.25081
5.9300,RELEASE_step_col1,0.0000,0.0000,0.0000,0.0000,-0.00000,0.00457,0.25076,0.25081
5.9400,RELEASE_step_col1,0.0000,0.0000,0.0000,0.0000,-0.00000,0.00440,0.25076,0.25080
5.9500,RELEASE_step_col1,0.0000,0.0000,0.0000,0.0000,-0.00000,0.00421,0.25076,0.25079
5.9600,RELEASE_step_col1,0.0000,0.0000,0.0000,0.0000,-0.00000,0.00400,0.25075,0.25078
5.9700,RELEASE_step_col1,0.0000,0.0000,0.0000,0.0000,-0.00000,0.00377,0.25075,0.25078
5.9800,RELEASE_step_col1,0.0000,0.0000,0.0000,0.0000,-0.00000,0.00352,0.25074,0.25077
5.9900,RELEASE_step_col1,0.0000,0.0000,0.0000,0.0000,-0.00000,0.00326,0.25074,0.25076
6.0000,RELEASE_step_col1,0.0000,0.0000,0.0000,0.0000,-0.00000,0.00299,0.25073,0.25075
6.0100,RELEASE_step_col1,0.0000,0.0000,0.0000,0.0000,-0.00000,0.00270,0.25073,0.25074
6.0200,RELEASE_step_col1,0.0000,0.0000,0.0000,0.0000,-0.00000,0.00241,0.25072,0.25074
6.0300,RELEASE_step_col1,0.0000,0.0000,0.0000,0.0000,-0.00000,0.00212,0.25072,0.25073
6.0400,RELEASE_step_col1,0.0000,0.0000,0.0000,0.0000,-0.00000,0.00182,0.25072,0.25072
6.0500,RELEASE_step_col1,0.0000,0.0000,0.0000,0.0000,-0.00000,0.00152,0.25071,0.25072
6.0600,RELEASE_step_col1,0.0000,0.0000,0.0000,0.0000,-0.00000,0.00123,0.25071,0.25071
6.0700,RELEASE_step_col1,0.0000,0.0000,0.0000,0.0000,-0.00000,0.00094,0.25071,0.25071
6.0800,RELEASE_step_col1,0.0000,0.0000,0.0000,0.0000,-0.00000,0.00065,0.25071,0.25071
6.0900,RELEASE_step_col1,0.0000,0.0000,0.0000,0.0000,-0.00000,0.00037,0.25071,0.25071
6.1000,RELEASE_step_col1,0.0000,0.0000,0.0000,0.0000,-0.00000,0.00010,0.25071,0.25071
6.1100,RELEASE_step_col1,0.0000,0.0000,0.0000,0.0000,-0.00000,-0.00016,0.25071,0.25071
6.1200,RELEASE_step_col1,0.0000,0.0000,0.0000,0.0000,-0.00000,-0.00041,0.25071,0.25071
6.1300,RELEASE_step_col1,0.0000,0.0000,0.0000,0.0000,-0.00000,-0.00064,0.25071,0.25071
6.1400,RELEASE_step_col1,0.0000,0.0000,0.0000,0.0000,-0.00000,-0.00086,0.25071,0.25071
6.1500,RELEASE_step_col1,0.0000,0.0000,0.0000,0.0000,-0.00000,-0.00107,0.25071,0.25071
6.1600,RELEASE_step_col1,0.0000,0.0000,0.0000,0.0000,-0.00000,-0.00126,0.25071,0.25072
6.1700,RELEASE_step_col1,0.0000,0.0000,0.0000,0.0000,-0.00000,-0.00143,0.25071,0.25072
6.1800,RELEASE_step_col1,0.0000,0.0000,0.0000,0.0000,-0.00000,-0.00158,0.25072,0.25072
6.1900,RELEASE_step_col1,0.0000,0.0000,0.0000,0.0000,-0.00000,-0.00172,0.25072,0.25072
6.2000,RELEASE_step_col1,0.0000,0.0000,0.0000,0.0000,-0.00000,-0.00184,0.25072,0.25073
6.2100,RELEASE_step_col1,0.0000,0.0000,0.0000,0.0000,-0.00000,-0.00195,0.25072,0.25073
6.2200,RELEASE_step_col1,0.0000,0.0000,0.0000,0.0000,-0.00000,-0.00203,0.25072,0.25073
6.2300,RELEASE_step_col1,0.0000,0.0000,0.0000,0.0000,-0.00000,-0.00210,0.25072,0.25073
6.2400,RELEASE_step_col1,0.0000,0.0000,0.0000,0.0000,-0.00000,-0.00215,0.25072,0.25073
6.2500,RELEASE_step_col1,0.0000,0.0000,0.0000,0.0000,-0.00000,-0.00218,0.25072,0.25073
6.2600,RELEASE_step_col1,0.0000,0.0000,0.0000,0.0000,-0.00000,-0.00220,0.25072,0.25073
6.2700,RELEASE_step_col1,0.0000,0.0000,0.0000,0.0000,-0.00000,-0.00220,0.25072,0.25073
6.2800,RELEASE_step_col1,0.0000,0.0000,0.0000,0.0000,-0.00000,-0.00218,0.25072,0.25073
6.2900,RELEASE_step_col1,0.0000,0.0000,0.0000,0.0000,-0.00000,-0.00215,0.25072,0.25073
6.3000,RELEASE_step_col1,0.0000,0.0000,0.0000,0.0000,-0.00000,-0.00211,0.25072,0.25073
6.3100,RELEASE_step_col1,0.0000,0.0000,0.0000,0.0000,-0.00000,-0.00205,0.25072,0.25073
6.3200,RELEASE_step_col1,0.0000,0.0000,0.0000,0.0000,-0.00000,-0.00199,0.25072,0.25073
6.3300,RELEASE_step_col1,0.0000,0.0000,0.0000,0.0000,-0.00000,-0.00191,0.25072,0.25073
6.3400,RELEASE_step_col1,0.0000,0.0000,0.0000,0.0000,-0.00000,-0.00182,0.25072,0.25073
6.3500,RELEASE_step_col1,0.0000,0.0000,0.0000,0.0000,-0.00000,-0.00172,0.25072,0.25073
6.3600,RELEASE_step_col1,0.0000,0.0000,0.0000,0.0000,-0.00000,-0.00161,0.25072,0.25072
6.3700,RELEASE_step_col1,0.0000,0.0000,0.0000,0.0000,-0.00000,-0.00150,0.25072,0.25072
6.3800,RELEASE_step_col1,0.0000,0.0000,0.0000,0.0000,-0.00000,-0.00138,0.25072,0.25072
6.3900,RELEASE_step_col1,0.0000,0.0000,0.0000,0.0000,-0.00000,-0.00125,0.25072,0.25072
6.4000,RELEASE_step_col1,0.0000,0.0000,0.0000,0.0000,-0.00000,-0.00113,0.25071,0.25072
6.4100,RELEASE_step_col1,0.0000,0.0000,0.0000,0.0000,-0.00000,-0.00100,0.25071,0.25072
6.4200,RELEASE_step_col1,0.0000,0.0000,0.0000,0.0000,-0.00000,-0.00086,0.25071,0.25071
6.4300,RELEASE_step_col1,0.0000,0.0000,0.0000,0.0000,-0.00000,-0.00073,0.25071,0.25071
6.4400,RELEASE_step_col1,0.0000,0.0000,0.0000,0.0000,-0.00000,-0.00060,0.25071,0.25071
6.4500,RELEASE_step_col1,0.0000,0.0000,0.0000,0.0000,-0.00000,-0.00047,0.25071,0.25071
6.4600,RELEASE_step_col1,0.0000,0.0000,0.0000,0.0000,-0.00000,-0.00034,0.25071,0.25071
6.4700,RELEASE_step_col1,0.0000,0.0000,0.0000,0.0000,-0.00000,-0.00021,0.25071,0.25071
6.4800,RELEASE_step_col1,0.0000,0.0000,0.0000,0.0000,-0.00000,-0.00009,0.25071,0.25071
6.4900,RELEASE_step_col1,0.0000,0.0000,0.0000,0.0000,-0.00000,0.00003,0.25071,0.25071
6.5000,RELEASE_step_col1,0.0000,0.0000,0.0000,0.0000,-0.00000,0.00014,0.25071,0.25071
6.5100,RELEASE_step_col1,0.0000,0.0000,0.0000,0.0000,-0.00000,0.00025,0.25071,0.25071
6.5200,RELEASE_step_col1,0.0000,0.0000,0.0000,0.0000,-0.00000,0.00035,0.25071,0.25071
6.5300,RELEASE_step_col1,0.0000,0.0000,0.0000,0.0000,-0.00000,0.00045,0.25071,0.25071
6.5400,RELEASE_step_col1,0.0000,0.0000,0.0000,0.0000,-0.00000,0.00053,0.25071,0.25071
6.5500,RELEASE_step_col1,0.0000,0.0000,0.0000,0.0000,-0.00000,0.00062,0.25071,0.25071
6.5600,RELEASE_step_col1,0.0000,0.0000,0.0000,0.0000,-0.00000,0.00069,0.25071,0.25071
6.5700,RELEASE_step_col1,0.0000,0.0000,0.0000,0.0000,-0.00000,0.00075,0.25071,0.25071
6.5800,RELEASE_step_col1,0.0000,0.0000,0.0000,0.0000,-0.00000,0.00081,0.25071,0.25071
6.5900,RELEASE_step_col1,0.0000,0.0000,0.0000,0.0000,-0.00000,0.00086,0.25071,0.25072
6.6000,RELEASE_step_col1,0.0000,0.0000,0.0000,0.0000,-0.00000,0.00090,0.25071,0.25072
6.6100,RELEASE_step_col1,0.0000,0.0000,0.0000,0.0000,-0.00000,0.00094,0.25071,0.25072
6.6200,RELEASE_step_col1,0.0000,0.0000,0.0000,0.0000,-0.00000,0.00096,0.25071,0.25072
6.6300,RELEASE_step_col1,0.0000,0.0000,0.0000,0.0000,-0.00000,0.00098,0.25071,0.25072
6.6400,RELEASE_step_col1,0.0000,0.0000,0.0000,0.0000,-0.00000,0.00099,0.25071,0.25072
6.6500,RELEASE_step_col1,0.0000,0.0000,0.0000,0.0000,-0.00000,0.00099,0.25071,0.25072
6.6600,RELEASE_step_col1,0.0000,0.0000,0.0000,0.0000,-0.00000,0.00099,0.25071,0.25072
6.6700,RELEASE_step_col1,0.0000,0.0000,0.0000,0.0000,-0.00000,0.00098,0.25071,0.25072
6.6800,RELEASE_step_col1,0.0000,0.0000,0.0000,0.0000,-0.00000,0.00096,0.25071,0.25072
6.6900,RELEASE_step_col1,0.0000,0.0000,0.0000,0.0000,-0.00000,0.00094,0.25071,0.25072
6.7000,RELEASE_step_col1,0.0000,0.0000,0.0000,0.0000,-0.00000,0.00091,0.25071,0.25072
6.7100,RELEASE_step_col1,0.0000,0.0000,0.0000,0.0000,-0.00000,0.00088,0.25071,0.25072
6.7200,RELEASE_step_col1,0.0000,0.0000,0.0000,0.0000,-0.00000,0.00084,0.25071,0.25072
6.7300,RELEASE_step_col1,0.0000,0.0000,0.0000,0.0000,-0.00000,0.00080,0.25071,0.25072
6.7400,RELEASE_step_col1,0.0000,0.0000,0.0000,0.0000,-0.00000,0.00075,0.25071,0.25071
6.7500,RELEASE_step_col1,0.0000,0.0000,0.0000,0.0000,-0.00000,0.00070,0.25071,0.25071
6.7600,RELEASE_step_col1,0.0000,0.0000,0.0000,0.0000,-0.00000,0.00065,0.25071,0.25071
6.7700,RELEASE_step_col1,0.0000,0.0000,0.0000,0.0000,-0.00000,0.00059,0.25071,0.25071
6.7800,RELEASE_step_col1,0.0000,0.0000,0.0000,0.0000,-0.00000,0.00054,0.25071,0.25071
6.7900,RELEASE_step_col1,0.0000,0.0000,0.0000,0.0000,-0.00000,0.00048,0.25071,0.25071
6.8000,RELEASE_step_col1,0.0000,0.0000,0.0000,0.0000,-0.00000,0.00042,0.25071,0.25071
6.8100,RELEASE_step_col1,0.0000,0.0000,0.0000,0.0000,-0.00000,0.00036,0.25071,0.25071
6.8200,RELEASE_step_col1,0.0000,0.0000,0.0000,0.0000,-0.00000,0.00030,0.25071,0.25071
6.8300,RELEASE_step_col1,0.0000,0.0000,0.0000,0.0000,-0.00000,0.00024,0.25071,0.25071
6.8400,RELEASE_step_col1,0.0000,0.0000,0.0000,0.0000,-0.00000,0.00018,0.25071,0.25071
6.8500,RELEASE_step_col1,0.0000,0.0000,0.0000,0.0000,-0.00000,0.00012,0.25071,0.25071
6.8600,RELEASE_step_col1,0.0000,0.0000,0.0000,0.0000,-0.00000,0.00007,0.25071,0.25071
6.8700,RELEASE_step_col1,0.0000,0.0000,0.0000,0.0000,-0.00000,0.00001,0.25071,0.25071
6.8800,RELEASE_step_col1,0.0000,0.0000,0.0000,0.0000,-0.00000,-0.00004,0.25071,0.25071
6.8900,RELEASE_step_col1,0.0000,0.0000,0.0000,0.0000,-0.00000,-0.00009,0.25071,0.25071
6.9000,RELEASE_step_col1,0.0000,0.0000,0.0000,0.0000,-0.00000,-0.00014,0.25071,0.25071
6.9100,RELEASE_step_col1,0.0000,0.0000,0.0000,0.0000,-0.00000,-0.00018,0.25071,0.25071
6.9200,RELEASE_step_col1,0.0000,0.0000,0.0000,0.0000,-0.00000,-0.00022,0.25071,0.25071
6.9300,RELEASE_step_col1,0.0000,0.0000,0.0000,0.0000,-0.00000,-0.00026,0.25071,0.25071
6.9400,RELEASE_step_col1,0.0000,0.0000,0.0000,0.0000,-0.00000,-0.00029,0.25071,0.25071
6.9500,RELEASE_step_col1,0.0000,0.0000,0.0000,0.0000,-0.00000,-0.00033,0.25071,0.25071
6.9600,RELEASE_step_col1,0.0000,0.0000,0.0000,0.0000,-0.00000,-0.00035,0.25071,0.25071
6.9700,RELEASE_step_col1,0.0000,0.0000,0.0000,0.0000,-0.00000,-0.00038,0.25071,0.25071
6.9800,RELEASE_step_col1,0.0000,0.0000,0.0000,0.0000,-0.00000,-0.00040,0.25071,0.25071
6.9900,RELEASE_step_col1,0.0000,0.0000,0.0000,0.0000,-0.00000,-0.00041,0.25071,0.25071
7.0000,RELEASE_step_col1,0.0000,0.0000,0.0000,0.0000,-0.00000,-0.00043,0.25071,0.25071
7.0100,RELEASE_step_col1,0.0000,0.0000,0.0000,0.0000,-0.00000,-0.00044,0.25071,0.25071
7.0200,RELEASE_step_col1,0.0000,0.0000,0.0000,0.0000,-0.00000,-0.00044,0.25071,0.25071
7.0300,RELEASE_step_col1,0.0000,0.0000,0.0000,0.0000,-0.00000,-0.00045,0.25071,0.25071
7.0400,RELEASE_step_col1,0.0000,0.0000,0.0000,0.0000,-0.00000,-0.00045,0.25071,0.25071
7.0500,RELEASE_step_col1,0.0000,0.0000,0.0000,0.0000,-0.00000,-0.00044,0.25071,0.25071
7.0600,RELEASE_step_col1,0.0000,0.0000,0.0000,0.0000,-0.00000,-0.00044,0.25071,0.25071
7.0700,RELEASE_step_col1,0.0000,0.0000,0.0000,0.0000,-0.00000,-0.00043,0.25071,0.25071
7.0800,RELEASE_step_col1,0.0000,0.0000,0.0000,0.0000,-0.00000,-0.00042,0.25071,0.25071
7.0900,RELEASE_step_col1,0.0000,0.0000,0.0000,0.0000,-0.00000,-0.00040,0.25071,0.25071
7.1000,RELEASE_step_col1,0.0000,0.0000,0.0000,0.0000,-0.00000,-0.00039,0.25071,0.25071
7.1100,RELEASE_step_col1,0.0000,0.0000,0.0000,0.0000,-0.00000,-0.00037,0.25071,0.25071
7.1200,RELEASE_step_col1,0.0000,0.0000,0.0000,0.0000,-0.00000,-0.00035,0.25071,0.25071
7.1300,RELEASE_step_col1,0.0000,0.0000,0.0000,0.0000,-0.00000,-0.00033,0.25071,0.25071
7.1400,RELEASE_step_col1,0.0000,0.0000,0.0000,0.0000,-0.00000,-0.00030,0.25071,0.25071
7.1500,RELEASE_step_col1,0.0000,0.0000,0.0000,0.0000,-0.00000,-0.00028,0.25071,0.25071
7.1600,RELEASE_step_col1,0.0000,0.0000,0.0000,0.0000,-0.00000,-0.00025,0.25071,0.25071
7.1700,RELEASE_step_col1,0.0000,0.0000,0.0000,0.0000,-0.00000,-0.00023,0.25071,0.25071
7.1800,RELEASE_step_col1,0.0000,0.0000,0.0000,0.0000,-0.00000,-0.00020,0.25071,0.25071
7.1900,RELEASE_step_col1,0.0000,0.0000,0.0000,0.0000,-0.00000,-0.00017,0.25071,0.25071
7.2000,RELEASE_step_col1,0.0000,0.0000,0.0000,0.0000,-0.00000,-0.00015,0.25071,0.25071
7.2100,RELEASE_step_col1,0.0000,0.0000,0.0000,0.0000,-0.00000,-0.00012,0.25071,0.25071
7.2200,RELEASE_step_col1,0.0000,0.0000,0.0000,0.0000,-0.00000,-0.00009,0.25071,0.25071
7.2300,RELEASE_step_col1,0.0000,0.0000,0.0000,0.0000,-0.00000,-0.00007,0.25071,0.25071
7.2400,RELEASE_step_col1,0.0000,0.0000,0.0000,0.0000,-0.00000,-0.00004,0.25071,0.25071
7.2500,RELEASE_step_col1,0.0000,0.0000,0.0000,0.0000,-0.00000,-0.00002,0.25071,0.25071
7.2600,RELEASE_step_col1,0.0000,0.0000,0.0000,0.0000,-0.00000,0.00001,0.25071,0.25071
7.2700,RELEASE_step_col1,0.0000,0.0000,0.0000,0.0000,-0.00000,0.00003,0.25071,0.25071
7.2800,RELEASE_step_col1,0.0000,0.0000,0.0000,0.0000,-0.00000,0.00005,0.25071,0.25071
7.2900,RELEASE_step_col1,0.0000,0.0000,0.0000,0.0000,-0.00000,0.00007,0.25071,0.25071
7.3000,RELEASE_step_col1,0.0000,0.0000,0.0000,0.0000,-0.00000,0.00009,0.25071,0.25071
7.3100,RELEASE_step_col1,0.0000,0.0000,0.0000,0.0000,-0.00000,0.00011,0.25071,0.25071
7.3200,RELEASE_step_col1,0.0000,0.0000,0.0000,0.0000,-0.00000,0.00013,0.25071,0.25071
7.3300,RELEASE_step_col1,0.0000,0.0000,0.0000,0.0000,-0.00000,0.00014,0.25071,0.25071
7.3400,RELEASE_step_col1,0.0000,0.0000,0.0000,0.0000,-0.00000,0.00015,0.25071,0.25071
7.3500,RELEASE_step_col1,0.0000,0.0000,0.0000,0.0000,-0.00000,0.00016,0.25071,0.25071
7.3600,RELEASE_step_col1,0.0000,0.0000,0.0000,0.0000,-0.00000,0.00017,0.25071,0.25071
7.3700,RELEASE_step_col1,0.0000,0.0000,0.0000,0.0000,-0.00000,0.00018,0.25071,0.25071
7.3800,RELEASE_step_col1,0.0000,0.0000,0.0000,0.0000,-0.00000,0.00019,0.25071,0.25071
7.3900,RELEASE_step_col1,0.0000,0.0000,0.0000,0.0000,-0.00000,0.00020,0.25071,0.25071
7.4000,RELEASE_step_col1,0.0000,0.0000,0.0000,0.0000,-0.00000,0.00020,0.25071,0.25071
7.4100,RELEASE_step_col1,0.0000,0.0000,0.0000,0.0000,-0.00000,0.00020,0.25071,0.25071
7.4200,RELEASE_step_col1,0.0000,0.0000,0.0000,0.0000,-0.00000,0.00020,0.25071,0.25071
7.4300,RELEASE_step_col1,0.0000,0.0000,0.0000,0.0000,-0.00000,0.00020,0.25071,0.25071
7.4400,RELEASE_step_col1,0.0000,0.0000,0.0000,0.0000,-0.00000,0.00020,0.25071,0.25071
7.4500,RELEASE_step_col1,0.0000,0.0000,0.0000,0.0000,-0.00000,0.00019,0.25071,0.25071
7.4600,RELEASE_step_col1,0.0000,0.0000,0.0000,0.0000,-0.00000,0.00019,0.25071,0.25071
7.4700,RELEASE_step_col1,0.0000,0.0000,0.0000,0.0000,-0.00000,0.00018,0.25071,0.25071
7.4800,RELEASE_step_col1,0.0000,0.0000,0.0000,0.0000,-0.00000,0.00018,0.25071,0.25071
7.4900,RELEASE_step_col1,0.0000,0.0000,0.0000,0.0000,-0.00000,0.00017,0.25071,0.25071
7.5000,RELEASE_step_col1,0.0000,0.0000,0.0000,0.0000,-0.00000,0.00016,0.25071,0.25071
7.5100,RELEASE_step_col1,0.0000,0.0000,0.0000,0.0000,-0.00000,0.00015,0.25071,0.25071
7.5200,RELEASE_step_col1,0.0000,0.0000,0.0000,0.0000,-0.00000,0.00014,0.25071,0.25071
7.5300,RELEASE_step_col1,0.0000,0.0000,0.0000,0.0000,-0.00000,0.00013,0.25071,0.25071
7.5400,RELEASE_step_col1,0.0000,0.0000,0.0000,0.0000,-0.00000,0.00012,0.25071,0.25071
7.5500,RELEASE_step_col1,0.0000,0.0000,0.0000,0.0000,-0.00000,0.00011,0.25071,0.25071
7.5600,RELEASE_step_col1,0.0000,0.0000,0.0000,0.0000,-0.00000,0.00010,0.25071,0.25071
7.5700,RELEASE_step_col1,0.0000,0.0000,0.0000,0.0000,-0.00000,0.00008,0.25071,0.25071
7.5800,RELEASE_step_col1,0.0000,0.0000,0.0000,0.0000,-0.00000,0.00007,0.25071,0.25071
7.5900,RELEASE_step_col1,0.0000,0.0000,0.0000,0.0000,-0.00000,0.00006,0.25071,0.25071
7.6000,RELEASE_step_col1,0.0000,0.0000,0.0000,0.0000,-0.00000,0.00005,0.25071,0.25071
7.6100,RELEASE_step_col1,0.0000,0.0000,0.0000,0.0000,-0.00000,0.00004,0.25071,0.25071
7.6200,RELEASE_step_col1,0.0000,0.0000,0.0000,0.0000,-0.00000,0.00002,0.25071,0.25071
7.6300,RELEASE_step_col1,0.0000,0.0000,0.0000,0.0000,-0.00000,0.00001,0.25071,0.25071
7.6400,RELEASE_step_col1,0.0000,0.0000,0.0000,0.0000,-0.00000,0.00000,0.25071,0.25071
7.6500,RELEASE_step_col1,0.0000,0.0000,0.0000,0.0000,-0.00000,-0.00001,0.25071,0.25071
7.6600,RELEASE_step_col1,0.0000,0.0000,0.0000,0.0000,-0.00000,-0.00002,0.25071,0.25071
7.6700,RELEASE_step_col1,0.0000,0.0000,0.0000,0.0000,-0.00000,-0.00003,0.25071,0.25071
7.6800,RELEASE_step_col1,0.0000,0.0000,0.0000,0.0000,-0.00000,-0.00004,0.25071,0.25071
7.6900,RELEASE_step_col1,0.0000,0.0000,0.0000,0.0000,-0.00000,-0.00005,0.25071,0.25071
7.7000,RELEASE_step_col1,0.0000,0.0000,0.0000,0.0000,-0.00000,-0.00005,0.25071,0.25071
7.7100,RELEASE_step_col1,0.0000,0.0000,0.0000,0.0000,-0.00000,-0.00006,0.25071,0.25071
7.7200,RELEASE_step_col1,0.0000,0.0000,0.0000,0.0000,-0.00000,-0.00007,0.25071,0.25071
7.7300,RELEASE_step_col1,0.0000,0.0000,0.0000,0.0000,-0.00000,-0.00007,0.25071,0.25071
7.7400,RELEASE_step_col1,0.0000,0.0000,0.0000,0.0000,-0.00000,-0.00008,0.25071,0.25071
7.7500,RELEASE_step_col1,0.0000,0.0000,0.0000,0.0000,-0.00000,-0.00008,0.25071,0.25071
7.7600,RELEASE_step_col1,0.0000,0.0000,0.0000,0.0000,-0.00000,-0.00008,0.25071,0.25071
7.7700,RELEASE_step_col1,0.0000,0.0000,0.0000,0.0000,-0.00000,-0.00009,0.25071,0.25071
7.7800,RELEASE_step_col1,0.0000,0.0000,0.0000,0.0000,-0.00000,-0.00009,0.25071,0.25071
7.7900,RELEASE_step_col1,0.0000,0.0000,0.0000,0.0000,-0.00000,-0.00009,0.25071,0.25071
7.8000,RELEASE_step_col1,0.0000,0.0000,0.0000,0.0000,-0.00000,-0.00009,0.25071,0.25071
7.8100,RELEASE_step_col1,0.0000,0.0000,0.0000,0.0000,-0.00000,-0.00009,0.25071,0.25071
7.8200,RELEASE_step_col1,0.0000,0.0000,0.0000,0.0000,-0.00000,-0.00009,0.25071,0.25071
7.8300,RELEASE_step_col1,0.0000,0.0000,0.0000,0.0000,-0.00000,-0.00009,0.25071,0.25071
7.8400,RELEASE_step_col1,0.0000,0.0000,0.0000,0.0000,-0.00000,-0.00009,0.25071,0.25071
7.8500,RELEASE_step_col1,0.0000,0.0000,0.0000,0.0000,-0.00000,-0.00008,0.25071,0.25071
7.8600,RELEASE_step_col1,0.0000,0.0000,0.0000,0.0000,-0.00000,-0.00008,0.25071,0.25071
7.8700,RELEASE_step_col1,0.0000,0.0000,0.0000,0.0000,-0.00000,-0.00008,0.25071,0.25071
7.8800,RELEASE_step_col1,0.0000,0.0000,0.0000,0.0000,-0.00000,-0.00007,0.25071,0.25071
7.8900,RELEASE_step_col1,0.0000,0.0000,0.0000,0.0000,-0.00000,-0.00007,0.25071,0.25071
7.9000,RELEASE_step_col1,0.0000,0.0000,0.0000,0.0000,-0.00000,-0.00007,0.25071,0.25071
7.9100,RELEASE_step_col1,0.0000,0.0000,0.0000,0.0000,-0.00000,-0.00006,0.25071,0.25071
7.9200,RELEASE_step_col1,0.0000,0.0000,0.0000,0.0000,-0.00000,-0.00006,0.25071,0.25071
7.9300,RELEASE_step_col1,0.0000,0.0000,0.0000,0.0000,-0.00000,-0.00005,0.25071,0.25071
7.9400,RELEASE_step_col1,0.0000,0.0000,0.0000,0.0000,-0.00000,-0.00005,0.25071,0.25071
7.9500,RELEASE_step_col1,0.0000,0.0000,0.0000,0.0000,-0.00000,-0.00004,0.25071,0.25071
7.9600,RELEASE_step_col1,0.0000,0.0000,0.0000,0.0000,-0.00000,-0.00003,0.25071,0.25071
7.9700,RELEASE_step_col1,0.0000,0.0000,0.0000,0.0000,-0.00000,-0.00003,0.25071,0.25071
7.9800,RELEASE_step_col1,0.0000,0.0000,0.0000,0.0000,-0.00000,-0.00002,0.25071,0.25071
7.9900,RELEASE_step_col1,0.0000,0.0000,0.0000,0.0000,-0.00000,-0.00002,0.25071,0.25071
8.0000,RELEASE_step_col1,0.0000,0.0000,0.0000,0.0000,-0.00000,-0.00001,0.25071,0.25071
0.0100,STEP_col2,0.0000,0.0000,6.0000,0.0000,-0.00001,0.00000,0.26757,0.26757
0.0200,STEP_col2,0.0000,0.0000,6.0000,0.0000,-0.00006,0.00000,0.26628,0.26628
0.0300,STEP_col2,0.0000,0.0000,6.0000,0.0000,-0.00017,0.00000,0.26439,0.26439
0.0400,STEP_col2,0.0000,0.0000,6.0000,0.0000,-0.00035,0.00000,0.26214,0.26214
0.0500,STEP_col2,0.0000,0.0000,6.0000,0.0000,-0.00062,0.00000,0.25976,0.25976
0.0600,STEP_col2,0.0000,0.0000,6.0000,0.0000,-0.00098,0.00000,0.25742,0.25742
0.0700,STEP_col2,0.0000,0.0000,6.0000,0.0000,-0.00145,0.00000,0.25524,0.25525
0.0800,STEP_col2,0.0000,0.0000,6.0000,0.0000,-0.00201,0.00000,0.25332,0.25333
0.0900,STEP_col2,0.0000,0.0000,6.0000,0.0000,-0.00268,0.00000,0.25171,0.25172
0.1000,STEP_col2,0.0000,0.0000,6.0000,0.0000,-0.00345,0.00000,0.25043,0.25045
0.1100,STEP_col2,0.0000,0.0000,6.0000,0.0000,-0.00433,0.00000,0.24947,0.24951
0.1200,STEP_col2,0.0000,0.0000,6.0000,0.0000,-0.00530,0.00000,0.24883,0.24888
0.1300,STEP_col2,0.0000,0.0000,6.0000,0.0000,-0.00637,0.00000,0.24845,0.24854
0.1400,STEP_col2,0.0000,0.0000,6.0000,0.0000,-0.00753,0.00000,0.24832,0.24843
0.1500,STEP_col2,0.0000,0.0000,6.0000,0.0000,-0.00878,0.00000,0.24837,0.24852
0.1600,STEP_col2,0.0000,0.0000,6.0000,0.0000,-0.01011,0.00000,0.24856,0.24877
0.1700,STEP_col2,0.0000,0.0000,6.0000,0.0000,-0.01152,0.00000,0.24886,0.24913
0.1800,STEP_col2,0.0000,0.0000,6.0000,0.0000,-0.01300,0.00000,0.24923,0.24957
0.1900,STEP_col2,0.0000,0.0000,6.0000,0.0000,-0.01455,0.00000,0.24964,0.25006
0.2000,STEP_col2,0.0000,0.0000,6.0000,0.0000,-0.01616,0.00000,0.25006,0.25058
0.2100,STEP_col2,0.0000,0.0000,6.0000,0.0000,-0.01781,0.00000,0.25048,0.25111
0.2200,STEP_col2,0.0000,0.0000,6.0000,0.0000,-0.01951,0.00000,0.25089,0.25164
0.2300,STEP_col2,0.0000,0.0000,6.0000,0.0000,-0.02124,0.00000,0.25127,0.25217
0.2400,STEP_col2,0.0000,0.0000,6.0000,0.0000,-0.02299,0.00000,0.25163,0.25268
0.2500,STEP_col2,0.0000,0.0000,6.0000,0.0000,-0.02475,0.00000,0.25196,0.25317
0.2600,STEP_col2,0.0000,0.0000,6.0000,0.0000,-0.02652,0.00000,0.25227,0.25366
0.2700,STEP_col2,0.0000,0.0000,6.0000,0.0000,-0.02828,0.00000,0.25256,0.25414
0.2800,STEP_col2,0.0000,0.0000,6.0000,0.0000,-0.03003,0.00000,0.25284,0.25462
0.2900,STEP_col2,0.0000,0.0000,6.0000,0.0000,-0.03175,0.00000,0.25311,0.25509
0.3000,STEP_col2,0.0000,0.0000,6.0000,0.0000,-0.03343,0.00000,0.25337,0.25556
0.3100,STEP_col2,0.0000,0.0000,6.0000,0.0000,-0.03507,0.00000,0.25363,0.25604
0.3200,STEP_col2,0.0000,0.0000,6.0000,0.0000,-0.03666,0.00000,0.25389,0.25652
0.3300,STEP_col2,0.0000,0.0000,6.0000,0.0000,-0.03819,0.00000,0.25415,0.25700
0.3400,STEP_col2,0.0000,0.0000,6.0000,0.0000,-0.03965,0.00000,0.25441,0.25748
0.3500,STEP_col2,0.0000,0.0000,6.0000,0.0000,-0.04104,0.00000,0.25468,0.25796
0.3600,STEP_col2,0.0000,0.0000,6.0000,0.0000,-0.04235,0.00000,0.25495,0.25844
0.3700,STEP_col2,0.0000,0.0000,6.0000,0.0000,-0.04358,0.00000,0.25521,0.25891
0.3800,STEP_col2,0.0000,0.0000,6.0000,0.0000,-0.04473,0.00000,0.25548,0.25936
0.3900,STEP_col2,0.0000,0.0000,6.0000,0.0000,-0.04579,0.00000,0.25574,0.25980
0.4000,STEP_col2,0.0000,0.0000,6.0000,0.0000,-0.04676,0.00000,0.25598,0.26022
0.4100,STEP_col2,0.0000,0.0000,6.0000,0.0000,-0.04763,0.00000,0.25622,0.26061
0.4200,STEP_col2,0.0000,0.0000,6.0000,0.0000,-0.04842,0.00000,0.25644,0.26097
0.4300,STEP_col2,0.0000,0.0000,6.0000,0.0000,-0.04911,0.00000,0.25665,0.26130
0.4400,STEP_col2,0.0000,0.0000,6.0000,0.0000,-0.04971,0.00000,0.25683,0.26160
0.4500,STEP_col2,0.0000,0.0000,6.0000,0.0000,-0.05022,0.00000,0.25700,0.26186
0.4600,STEP_col2,0.0000,0.0000,6.0000,0.0000,-0.05064,0.00000,0.25714,0.26208
0.4700,STEP_col2,0.0000,0.0000,6.0000,0.0000,-0.05097,0.00000,0.25726,0.26226
0.4800,STEP_col2,0.0000,0.0000,6.0000,0.0000,-0.05121,0.00000,0.25735,0.26240
0.4900,STEP_col2,0.0000,0.0000,6.0000,0.0000,-0.05137,0.00000,0.25742,0.26250
0.5000,STEP_col2,0.0000,0.0000,6.0000,0.0000,-0.05145,0.00000,0.25747,0.26256
0.5100,STEP_col2,0.0000,0.0000,6.0000,0.0000,-0.05146,0.00000,0.25749,0.26258
0.5200,STEP_col2,0.0000,0.0000,6.0000,0.0000,-0.05139,0.00000,0.25749,0.26257
0.5300,STEP_col2,0.0000,0.0000,6.0000,0.0000,-0.05125,0.00000,0.25747,0.26252
0.5400,STEP_col2,0.0000,0.0000,6.0000,0.0000,-0.05104,0.00000,0.25743,0.26244
0.5500,STEP_col2,0.0000,0.0000,6.0000,0.0000,-0.05078,0.00000,0.25737,0.26233
0.5600,STEP_col2,0.0000,0.0000,6.0000,0.0000,-0.05046,0.00000,0.25729,0.26219
0.5700,STEP_col2,0.0000,0.0000,6.0000,0.0000,-0.05008,0.00000,0.25720,0.26203
0.5800,STEP_col2,0.0000,0.0000,6.0000,0.0000,-0.04966,0.00000,0.25710,0.26185
0.5900,STEP_col2,0.0000,0.0000,6.0000,0.0000,-0.04920,0.00000,0.25698,0.26165
0.6000,STEP_col2,0.0000,0.0000,6.0000,0.0000,-0.04871,0.00000,0.25686,0.26143
0.6100,STEP_col2,0.0000,0.0000,6.0000,0.0000,-0.04818,0.00000,0.25672,0.26121
0.6200,STEP_col2,0.0000,0.0000,6.0000,0.0000,-0.04762,0.00000,0.25659,0.26097
0.6300,STEP_col2,0.0000,0.0000,6.0000,0.0000,-0.04704,0.00000,0.25645,0.26072
0.6400,STEP_col2,0.0000,0.0000,6.0000,0.0000,-0.04645,0.00000,0.25630,0.26048
0.6500,STEP_col2,0.0000,0.0000,6.0000,0.0000,-0.04584,0.00000,0.25616,0.26023
0.6600,STEP_col2,0.0000,0.0000,6.0000,0.0000,-0.04523,0.00000,0.25601,0.25998
0.6700,STEP_col2,0.0000,0.0000,6.0000,0.0000,-0.04462,0.00000,0.25587,0.25973
0.6800,STEP_col2,0.0000,0.0000,6.0000,0.0000,-0.04400,0.00000,0.25573,0.25949
0.6900,STEP_col2,0.0000,0.0000,6.0000,0.0000,-0.04340,0.00000,0.25559,0.25925
0.7000,STEP_col2,0.0000,0.0000,6.0000,0.0000,-0.04280,0.00000,0.25546,0.25902
0.7100,STEP_col2,0.0000,0.0000,6.0000,0.0000,-0.04222,0.00000,0.25533,0.25880
0.7200,STEP_col2,0.0000,0.0000,6.0000,0.0000,-0.04166,0.00000,0.25521,0.25859
0.7300,STEP_col2,0.0000,0.0000,6.0000,0.0000,-0.04112,0.00000,0.25510,0.25839
0.7400,STEP_col2,0.0000,0.0000,6.0000,0.0000,-0.04060,0.00000,0.25499,0.25820
0.7500,STEP_col2,0.0000,0.0000,6.0000,0.0000,-0.04011,0.00000,0.25489,0.25803
0.7600,STEP_col2,0.0000,0.0000,6.0000,0.0000,-0.03965,0.00000,0.25480,0.25787
0.7700,STEP_col2,0.0000,0.0000,6.0000,0.0000,-0.03922,0.00000,0.25471,0.25772
0.7800,STEP_col2,0.0000,0.0000,6.0000,0.0000,-0.03882,0.00000,0.25464,0.25758
0.7900,STEP_col2,0.0000,0.0000,6.0000,0.0000,-0.03846,0.00000,0.25457,0.25746
0.8000,STEP_col2,0.0000,0.0000,6.0000,0.0000,-0.03814,0.00000,0.25451,0.25735
0.8100,STEP_col2,0.0000,0.0000,6.0000,0.0000,-0.03785,0.00000,0.25445,0.25725
0.8200,STEP_col2,0.0000,0.0000,6.0000,0.0000,-0.03760,0.00000,0.25441,0.25717
0.8300,STEP_col2,0.0000,0.0000,6.0000,0.0000,-0.03738,0.00000,0.25437,0.25710
0.8400,STEP_col2,0.0000,0.0000,6.0000,0.0000,-0.03721,0.00000,0.25434,0.25705
0.8500,STEP_col2,0.0000,0.0000,6.0000,0.0000,-0.03707,0.00000,0.25432,0.25700
0.8600,STEP_col2,0.0000,0.0000,6.0000,0.0000,-0.03697,0.00000,0.25430,0.25697
0.8700,STEP_col2,0.0000,0.0000,6.0000,0.0000,-0.03690,0.00000,0.25429,0.25696
0.8800,STEP_col2,0.0000,0.0000,6.0000,0.0000,-0.03687,0.00000,0.25429,0.25695
0.8900,STEP_col2,0.0000,0.0000,6.0000,0.0000,-0.03688,0.00000,0.25429,0.25695
0.9000,STEP_col2,0.0000,0.0000,6.0000,0.0000,-0.03692,0.00000,0.25430,0.25697
0.9100,STEP_col2,0.0000,0.0000,6.0000,0.0000,-0.03698,0.00000,0.25432,0.25699
0.9200,STEP_col2,0.0000,0.0000,6.0000,0.0000,-0.03708,0.00000,0.25434,0.25703
0.9300,STEP_col2,0.0000,0.0000,6.0000,0.0000,-0.03721,0.00000,0.25437,0.25707
0.9400,STEP_col2,0.0000,0.0000,6.0000,0.0000,-0.03736,0.00000,0.25440,0.25713
0.9500,STEP_col2,0.0000,0.0000,6.0000,0.0000,-0.03753,0.00000,0.25444,0.25719
0.9600,STEP_col2,0.0000,0.0000,6.0000,0.0000,-0.03773,0.00000,0.25448,0.25726
0.9700,STEP_col2,0.0000,0.0000,6.0000,0.0000,-0.03794,0.00000,0.25452,0.25733
0.9800,STEP_col2,0.0000,0.0000,6.0000,0.0000,-0.03818,0.00000,0.25457,0.25742
0.9900,STEP_col2,0.0000,0.0000,6.0000,0.0000,-0.03842,0.00000,0.25462,0.25750
1.0000,STEP_col2,0.0000,0.0000,6.0000,0.0000,-0.03868,0.00000,0.25467,0.25759
1.0100,STEP_col2,0.0000,0.0000,6.0000,0.0000,-0.03895,0.00000,0.25473,0.25769
1.0200,STEP_col2,0.0000,0.0000,6.0000,0.0000,-0.03923,0.00000,0.25479,0.25779
1.0300,STEP_col2,0.0000,0.0000,6.0000,0.0000,-0.03951,0.00000,0.25485,0.25789
1.0400,STEP_col2,0.0000,0.0000,6.0000,0.0000,-0.03980,0.00000,0.25491,0.25800
1.0500,STEP_col2,0.0000,0.0000,6.0000,0.0000,-0.04008,0.00000,0.25497,0.25810
1.0600,STEP_col2,0.0000,0.0000,6.0000,0.0000,-0.04037,0.00000,0.25503,0.25821
1.0700,STEP_col2,0.0000,0.0000,6.0000,0.0000,-0.04065,0.00000,0.25509,0.25831
1.0800,STEP_col2,0.0000,0.0000,6.0000,0.0000,-0.04093,0.00000,0.25515,0.25842
1.0900,STEP_col2,0.0000,0.0000,6.0000,0.0000,-0.04121,0.00000,0.25521,0.25852
1.1000,STEP_col2,0.0000,0.0000,6.0000,0.0000,-0.04147,0.00000,0.25527,0.25862
1.1100,STEP_col2,0.0000,0.0000,6.0000,0.0000,-0.04173,0.00000,0.25533,0.25872
1.1200,STEP_col2,0.0000,0.0000,6.0000,0.0000,-0.04198,0.00000,0.25538,0.25881
1.1300,STEP_col2,0.0000,0.0000,6.0000,0.0000,-0.04221,0.00000,0.25544,0.25890
1.1400,STEP_col2,0.0000,0.0000,6.0000,0.0000,-0.04243,0.00000,0.25549,0.25899
1.1500,STEP_col2,0.0000,0.0000,6.0000,0.0000,-0.04264,0.00000,0.25553,0.25907
1.1600,STEP_col2,0.0000,0.0000,6.0000,0.0000,-0.04283,0.00000,0.25558,0.25914
1.1700,STEP_col2,0.0000,0.0000,6.0000,0.0000,-0.04300,0.00000,0.25562,0.25921
1.1800,STEP_col2,0.0000,0.0000,6.0000,0.0000,-0.04317,0.00000,0.25566,0.25927
1.1900,STEP_col2,0.0000,0.0000,6.0000,0.0000,-0.04331,0.00000,0.25569,0.25933
1.2000,STEP_col2,0.0000,0.0000,6.0000,0.0000,-0.04344,0.00000,0.25572,0.25938
1.2100,STEP_col2,0.0000,0.0000,6.0000,0.0000,-0.04355,0.00000,0.25574,0.25943
1.2200,STEP_col2,0.0000,0.0000,6.0000,0.0000,-0.04364,0.00000,0.25577,0.25946
1.2300,STEP_col2,0.0000,0.0000,6.0000,0.0000,-0.04372,0.00000,0.25578,0.25949
1.2400,STEP_col2,0.0000,0.0000,6.0000,0.0000,-0.04377,0.00000,0.25580,0.25952
1.2500,STEP_col2,0.0000,0.0000,6.0000,0.0000,-0.04382,0.00000,0.25581,0.25953
1.2600,STEP_col2,0.0000,0.0000,6.0000,0.0000,-0.04384,0.00000,0.25582,0.25955
1.2700,STEP_col2,0.0000,0.0000,6.0000,0.0000,-0.04385,0.00000,0.25582,0.25955
1.2800,STEP_col2,0.0000,0.0000,6.0000,0.0000,-0.04385,0.00000,0.25582,0.25955
1.2900,STEP_col2,0.0000,0.0000,6.0000,0.0000,-0.04383,0.00000,0.25581,0.25954
1.3000,STEP_col2,0.0000,0.0000,6.0000,0.0000,-0.04380,0.00000,0.25581,0.25953
1.3100,STEP_col2,0.0000,0.0000,6.0000,0.0000,-0.04376,0.00000,0.25580,0.25951
1.3200,STEP_col2,0.0000,0.0000,6.0000,0.0000,-0.04370,0.00000,0.25578,0.25949
1.3300,STEP_col2,0.0000,0.0000,6.0000,0.0000,-0.04363,0.00000,0.25577,0.25946
1.3400,STEP_col2,0.0000,0.0000,6.0000,0.0000,-0.04355,0.00000,0.25575,0.25943
1.3500,STEP_col2,0.0000,0.0000,6.0000,0.0000,-0.04346,0.00000,0.25573,0.25939
1.3600,STEP_col2,0.0000,0.0000,6.0000,0.0000,-0.04337,0.00000,0.25570,0.25936
1.3700,STEP_col2,0.0000,0.0000,6.0000,0.0000,-0.04326,0.00000,0.25568,0.25932
1.3800,STEP_col2,0.0000,0.0000,6.0000,0.0000,-0.04315,0.00000,0.25566,0.25927
1.3900,STEP_col2,0.0000,0.0000,6.0000,0.0000,-0.04304,0.00000,0.25563,0.25923
1.4000,STEP_col2,0.0000,0.0000,6.0000,0.0000,-0.04292,0.00000,0.25560,0.25918
1.4100,STEP_col2,0.0000,0.0000,6.0000,0.0000,-0.04280,0.00000,0.25557,0.25913
1.4200,STEP_col2,0.0000,0.0000,6.0000,0.0000,-0.04267,0.00000,0.25555,0.25908
1.4300,STEP_col2,0.0000,0.0000,6.0000,0.0000,-0.04254,0.00000,0.25552,0.25903
1.4400,STEP_col2,0.0000,0.0000,6.0000,0.0000,-0.04242,0.00000,0.25549,0.25898
1.4500,STEP_col2,0.0000,0.0000,6.0000,0.0000,-0.04229,0.00000,0.25546,0.25894
1.4600,STEP_col2,0.0000,0.0000,6.0000,0.0000,-0.04216,0.00000,0.25543,0.25889
1.4700,STEP_col2,0.0000,0.0000,6.0000,0.0000,-0.04204,0.00000,0.25540,0.25884
1.4800,STEP_col2,0.0000,0.0000,6.0000,0.0000,-0.04192,0.00000,0.25538,0.25879
1.4900,STEP_col2,0.0000,0.0000,6.0000,0.0000,-0.04180,0.00000,0.25535,0.25875
1.5000,STEP_col2,0.0000,0.0000,6.0000,0.0000,-0.04169,0.00000,0.25533,0.25871
1.5100,STEP_col2,0.0000,0.0000,6.0000,0.0000,-0.04158,0.00000,0.25530,0.25867
1.5200,STEP_col2,0.0000,0.0000,6.0000,0.0000,-0.04148,0.00000,0.25528,0.25863
1.5300,STEP_col2,0.0000,0.0000,6.0000,0.0000,-0.04139,0.00000,0.25526,0.25859
1.5400,STEP_col2,0.0000,0.0000,6.0000,0.0000,-0.04130,0.00000,0.25524,0.25856
1.5500,STEP_col2,0.0000,0.0000,6.0000,0.0000,-0.04121,0.00000,0.25522,0.25853
1.5600,STEP_col2,0.0000,0.0000,6.0000,0.0000,-0.04114,0.00000,0.25520,0.25850
1.5700,STEP_col2,0.0000,0.0000,6.0000,0.0000,-0.04107,0.00000,0.25519,0.25847
1.5800,STEP_col2,0.0000,0.0000,6.0000,0.0000,-0.04100,0.00000,0.25518,0.25845
1.5900,STEP_col2,0.0000,0.0000,6.0000,0.0000,-0.04095,0.00000,0.25516,0.25843
1.6000,STEP_col2,0.0000,0.0000,6.0000,0.0000,-0.04090,0.00000,0.25515,0.25841
1.6100,STEP_col2,0.0000,0.0000,6.0000,0.0000,-0.04086,0.00000,0.25515,0.25840
1.6200,STEP_col2,0.0000,0.0000,6.0000,0.0000,-0.04083,0.00000,0.25514,0.25839
1.6300,STEP_col2,0.0000,0.0000,6.0000,0.0000,-0.04081,0.00000,0.25513,0.25838
1.6400,STEP_col2,0.0000,0.0000,6.0000,0.0000,-0.04079,0.00000,0.25513,0.25837
1.6500,STEP_col2,0.0000,0.0000,6.0000,0.0000,-0.04078,0.00000,0.25513,0.25837
1.6600,STEP_col2,0.0000,0.0000,6.0000,0.0000,-0.04078,0.00000,0.25513,0.25837
1.6700,STEP_col2,0.0000,0.0000,6.0000,0.0000,-0.04078,0.00000,0.25513,0.25837
1.6800,STEP_col2,0.0000,0.0000,6.0000,0.0000,-0.04079,0.00000,0.25513,0.25837
1.6900,STEP_col2,0.0000,0.0000,6.0000,0.0000,-0.04081,0.00000,0.25514,0.25838
1.7000,STEP_col2,0.0000,0.0000,6.0000,0.0000,-0.04083,0.00000,0.25514,0.25839
1.7100,STEP_col2,0.0000,0.0000,6.0000,0.0000,-0.04086,0.00000,0.25515,0.25840
1.7200,STEP_col2,0.0000,0.0000,6.0000,0.0000,-0.04089,0.00000,0.25515,0.25841
1.7300,STEP_col2,0.0000,0.0000,6.0000,0.0000,-0.04093,0.00000,0.25516,0.25842
1.7400,STEP_col2,0.0000,0.0000,6.0000,0.0000,-0.04097,0.00000,0.25517,0.25844
1.7500,STEP_col2,0.0000,0.0000,6.0000,0.0000,-0.04101,0.00000,0.25518,0.25846
1.7600,STEP_col2,0.0000,0.0000,6.0000,0.0000,-0.04106,0.00000,0.25519,0.25847
1.7700,STEP_col2,0.0000,0.0000,6.0000,0.0000,-0.04111,0.00000,0.25520,0.25849
1.7800,STEP_col2,0.0000,0.0000,6.0000,0.0000,-0.04116,0.00000,0.25521,0.25851
1.7900,STEP_col2,0.0000,0.0000,6.0000,0.0000,-0.04122,0.00000,0.25523,0.25853
1.8000,STEP_col2,0.0000,0.0000,6.0000,0.0000,-0.04127,0.00000,0.25524,0.25855
1.8100,STEP_col2,0.0000,0.0000,6.0000,0.0000,-0.04133,0.00000,0.25525,0.25857
1.8200,STEP_col2,0.0000,0.0000,6.0000,0.0000,-0.04139,0.00000,0.25526,0.25860
1.8300,STEP_col2,0.0000,0.0000,6.0000,0.0000,-0.04144,0.00000,0.25528,0.25862
1.8400,STEP_col2,0.0000,0.0000,6.0000,0.0000,-0.04150,0.00000,0.25529,0.25864
1.8500,STEP_col2,0.0000,0.0000,6.0000,0.0000,-0.04156,0.00000,0.25530,0.25866
1.8600,STEP_col2,0.0000,0.0000,6.0000,0.0000,-0.04161,0.00000,0.25531,0.25868
1.8700,STEP_col2,0.0000,0.0000,6.0000,0.0000,-0.04166,0.00000,0.25532,0.25870
1.8800,STEP_col2,0.0000,0.0000,6.0000,0.0000,-0.04172,0.00000,0.25534,0.25872
1.8900,STEP_col2,0.0000,0.0000,6.0000,0.0000,-0.04177,0.00000,0.25535,0.25874
1.9000,STEP_col2,0.0000,0.0000,6.0000,0.0000,-0.04181,0.00000,0.25536,0.25876
1.9100,STEP_col2,0.0000,0.0000,6.0000,0.0000,-0.04186,0.00000,0.25537,0.25877
1.9200,STEP_col2,0.0000,0.0000,6.0000,0.0000,-0.04190,0.00000,0.25538,0.25879
1.9300,STEP_col2,0.0000,0.0000,6.0000,0.0000,-0.04194,0.00000,0.25538,0.25881
1.9400,STEP_col2,0.0000,0.0000,6.0000,0.0000,-0.04198,0.00000,0.25539,0.25882
1.9500,STEP_col2,0.0000,0.0000,6.0000,0.0000,-0.04201,0.00000,0.25540,0.25883
1.9600,STEP_col2,0.0000,0.0000,6.0000,0.0000,-0.04204,0.00000,0.25541,0.25884
1.9700,STEP_col2,0.0000,0.0000,6.0000,0.0000,-0.04207,0.00000,0.25541,0.25885
1.9800,STEP_col2,0.0000,0.0000,6.0000,0.0000,-0.04209,0.00000,0.25542,0.25886
1.9900,STEP_col2,0.0000,0.0000,6.0000,0.0000,-0.04211,0.00000,0.25542,0.25887
2.0000,STEP_col2,0.0000,0.0000,6.0000,0.0000,-0.04212,0.00000,0.25543,0.25888
2.0100,STEP_col2,0.0000,0.0000,6.0000,0.0000,-0.04214,0.00000,0.25543,0.25888
2.0200,STEP_col2,0.0000,0.0000,6.0000,0.0000,-0.04215,0.00000,0.25543,0.25889
2.0300,STEP_col2,0.0000,0.0000,6.0000,0.0000,-0.04215,0.00000,0.25543,0.25889
2.0400,STEP_col2,0.0000,0.0000,6.0000,0.0000,-0.04216,0.00000,0.25543,0.25889
2.0500,STEP_col2,0.0000,0.0000,6.0000,0.0000,-0.04216,0.00000,0.25543,0.25889
2.0600,STEP_col2,0.0000,0.0000,6.0000,0.0000,-0.04216,0.00000,0.25543,0.25889
2.0700,STEP_col2,0.0000,0.0000,6.0000,0.0000,-0.04215,0.00000,0.25543,0.25889
2.0800,STEP_col2,0.0000,0.0000,6.0000,0.0000,-0.04214,0.00000,0.25543,0.25888
2.0900,STEP_col2,0.0000,0.0000,6.0000,0.0000,-0.04213,0.00000,0.25543,0.25888
2.1000,STEP_col2,0.0000,0.0000,6.0000,0.0000,-0.04212,0.00000,0.25542,0.25887
2.1100,STEP_col2,0.0000,0.0000,6.0000,0.0000,-0.04210,0.00000,0.25542,0.25887
2.1200,STEP_col2,0.0000,0.0000,6.0000,0.0000,-0.04209,0.00000,0.25542,0.25886
2.1300,STEP_col2,0.0000,0.0000,6.0000,0.0000,-0.04207,0.00000,0.25541,0.25885
2.1400,STEP_col2,0.0000,0.0000,6.0000,0.0000,-0.04205,0.00000,0.25541,0.25885
2.1500,STEP_col2,0.0000,0.0000,6.0000,0.0000,-0.04203,0.00000,0.25540,0.25884
2.1600,STEP_col2,0.0000,0.0000,6.0000,0.0000,-0.04200,0.00000,0.25540,0.25883
2.1700,STEP_col2,0.0000,0.0000,6.0000,0.0000,-0.04198,0.00000,0.25539,0.25882
2.1800,STEP_col2,0.0000,0.0000,6.0000,0.0000,-0.04196,0.00000,0.25539,0.25881
2.1900,STEP_col2,0.0000,0.0000,6.0000,0.0000,-0.04193,0.00000,0.25538,0.25880
2.2000,STEP_col2,0.0000,0.0000,6.0000,0.0000,-0.04191,0.00000,0.25538,0.25879
2.2100,STEP_col2,0.0000,0.0000,6.0000,0.0000,-0.04188,0.00000,0.25537,0.25878
2.2200,STEP_col2,0.0000,0.0000,6.0000,0.0000,-0.04185,0.00000,0.25537,0.25877
2.2300,STEP_col2,0.0000,0.0000,6.0000,0.0000,-0.04183,0.00000,0.25536,0.25876
2.2400,STEP_col2,0.0000,0.0000,6.0000,0.0000,-0.04180,0.00000,0.25535,0.25875
2.2500,STEP_col2,0.0000,0.0000,6.0000,0.0000,-0.04178,0.00000,0.25535,0.25874
2.2600,STEP_col2,0.0000,0.0000,6.0000,0.0000,-0.04176,0.00000,0.25534,0.25874
2.2700,STEP_col2,0.0000,0.0000,6.0000,0.0000,-0.04173,0.00000,0.25534,0.25873
2.2800,STEP_col2,0.0000,0.0000,6.0000,0.0000,-0.04171,0.00000,0.25533,0.25872
2.2900,STEP_col2,0.0000,0.0000,6.0000,0.0000,-0.04169,0.00000,0.25533,0.25871
2.3000,STEP_col2,0.0000,0.0000,6.0000,0.0000,-0.04167,0.00000,0.25532,0.25870
2.3100,STEP_col2,0.0000,0.0000,6.0000,0.0000,-0.04165,0.00000,0.25532,0.25870
2.3200,STEP_col2,0.0000,0.0000,6.0000,0.0000,-0.04164,0.00000,0.25532,0.25869
2.3300,STEP_col2,0.0000,0.0000,6.0000,0.0000,-0.04162,0.00000,0.25531,0.25868
2.3400,STEP_col2,0.0000,0.0000,6.0000,0.0000,-0.04161,0.00000,0.25531,0.25868
2.3500,STEP_col2,0.0000,0.0000,6.0000,0.0000,-0.04159,0.00000,0.25531,0.25867
2.3600,STEP_col2,0.0000,0.0000,6.0000,0.0000,-0.04158,0.00000,0.25530,0.25867
2.3700,STEP_col2,0.0000,0.0000,6.0000,0.0000,-0.04157,0.00000,0.25530,0.25866
2.3800,STEP_col2,0.0000,0.0000,6.0000,0.0000,-0.04156,0.00000,0.25530,0.25866
2.3900,STEP_col2,0.0000,0.0000,6.0000,0.0000,-0.04156,0.00000,0.25530,0.25866
2.4000,STEP_col2,0.0000,0.0000,6.0000,0.0000,-0.04155,0.00000,0.25530,0.25866
2.4100,STEP_col2,0.0000,0.0000,6.0000,0.0000,-0.04155,0.00000,0.25530,0.25866
2.4200,STEP_col2,0.0000,0.0000,6.0000,0.0000,-0.04154,0.00000,0.25530,0.25865
2.4300,STEP_col2,0.0000,0.0000,6.0000,0.0000,-0.04154,0.00000,0.25530,0.25865
2.4400,STEP_col2,0.0000,0.0000,6.0000,0.0000,-0.04154,0.00000,0.25530,0.25865
2.4500,STEP_col2,0.0000,0.0000,6.0000,0.0000,-0.04155,0.00000,0.25530,0.25866
2.4600,STEP_col2,0.0000,0.0000,6.0000,0.0000,-0.04155,0.00000,0.25530,0.25866
2.4700,STEP_col2,0.0000,0.0000,6.0000,0.0000,-0.04155,0.00000,0.25530,0.25866
2.4800,STEP_col2,0.0000,0.0000,6.0000,0.0000,-0.04156,0.00000,0.25530,0.25866
2.4900,STEP_col2,0.0000,0.0000,6.0000,0.0000,-0.04156,0.00000,0.25530,0.25866
2.5000,STEP_col2,0.0000,0.0000,6.0000,0.0000,-0.04157,0.00000,0.25530,0.25866
2.5100,STEP_col2,0.0000,0.0000,6.0000,0.0000,-0.04158,0.00000,0.25530,0.25867
2.5200,STEP_col2,0.0000,0.0000,6.0000,0.0000,-0.04159,0.00000,0.25531,0.25867
2.5300,STEP_col2,0.0000,0.0000,6.0000,0.0000,-0.04160,0.00000,0.25531,0.25867
2.5400,STEP_col2,0.0000,0.0000,6.0000,0.0000,-0.04161,0.00000,0.25531,0.25868
2.5500,STEP_col2,0.0000,0.0000,6.0000,0.0000,-0.04162,0.00000,0.25531,0.25868
2.5600,STEP_col2,0.0000,0.0000,6.0000,0.0000,-0.04163,0.00000,0.25531,0.25869
2.5700,STEP_col2,0.0000,0.0000,6.0000,0.0000,-0.04164,0.00000,0.25532,0.25869
2.5800,STEP_col2,0.0000,0.0000,6.0000,0.0000,-0.04165,0.00000,0.25532,0.25869
2.5900,STEP_col2,0.0000,0.0000,6.0000,0.0000,-0.04166,0.00000,0.25532,0.25870
2.6000,STEP_col2,0.0000,0.0000,6.0000,0.0000,-0.04167,0.00000,0.25532,0.25870
2.6100,STEP_col2,0.0000,0.0000,6.0000,0.0000,-0.04168,0.00000,0.25533,0.25871
2.6200,STEP_col2,0.0000,0.0000,6.0000,0.0000,-0.04169,0.00000,0.25533,0.25871
2.6300,STEP_col2,0.0000,0.0000,6.0000,0.0000,-0.04170,0.00000,0.25533,0.25872
2.6400,STEP_col2,0.0000,0.0000,6.0000,0.0000,-0.04172,0.00000,0.25533,0.25872
2.6500,STEP_col2,0.0000,0.0000,6.0000,0.0000,-0.04173,0.00000,0.25534,0.25872
2.6600,STEP_col2,0.0000,0.0000,6.0000,0.0000,-0.04174,0.00000,0.25534,0.25873
2.6700,STEP_col2,0.0000,0.0000,6.0000,0.0000,-0.04175,0.00000,0.25534,0.25873
2.6800,STEP_col2,0.0000,0.0000,6.0000,0.0000,-0.04175,0.00000,0.25534,0.25873
2.6900,STEP_col2,0.0000,0.0000,6.0000,0.0000,-0.04176,0.00000,0.25535,0.25874
2.7000,STEP_col2,0.0000,0.0000,6.0000,0.0000,-0.04177,0.00000,0.25535,0.25874
2.7100,STEP_col2,0.0000,0.0000,6.0000,0.0000,-0.04178,0.00000,0.25535,0.25874
2.7200,STEP_col2,0.0000,0.0000,6.0000,0.0000,-0.04179,0.00000,0.25535,0.25875
2.7300,STEP_col2,0.0000,0.0000,6.0000,0.0000,-0.04179,0.00000,0.25535,0.25875
2.7400,STEP_col2,0.0000,0.0000,6.0000,0.0000,-0.04180,0.00000,0.25535,0.25875
2.7500,STEP_col2,0.0000,0.0000,6.0000,0.0000,-0.04180,0.00000,0.25535,0.25875
2.7600,STEP_col2,0.0000,0.0000,6.0000,0.0000,-0.04181,0.00000,0.25535,0.25875
2.7700,STEP_col2,0.0000,0.0000,6.0000,0.0000,-0.04181,0.00000,0.25536,0.25876
2.7800,STEP_col2,0.0000,0.0000,6.0000,0.0000,-0.04181,0.00000,0.25536,0.25876
2.7900,STEP_col2,0.0000,0.0000,6.0000,0.0000,-0.04182,0.00000,0.25536,0.25876
2.8000,STEP_col2,0.0000,0.0000,6.0000,0.0000,-0.04182,0.00000,0.25536,0.25876
2.8100,STEP_col2,0.0000,0.0000,6.0000,0.0000,-0.04182,0.00000,0.25536,0.25876
2.8200,STEP_col2,0.0000,0.0000,6.0000,0.0000,-0.04182,0.00000,0.25536,0.25876
2.8300,STEP_col2,0.0000,0.0000,6.0000,0.0000,-0.04182,0.00000,0.25536,0.25876
2.8400,STEP_col2,0.0000,0.0000,6.0000,0.0000,-0.04182,0.00000,0.25536,0.25876
2.8500,STEP_col2,0.0000,0.0000,6.0000,0.0000,-0.04182,0.00000,0.25536,0.25876
2.8600,STEP_col2,0.0000,0.0000,6.0000,0.0000,-0.04181,0.00000,0.25536,0.25876
2.8700,STEP_col2,0.0000,0.0000,6.0000,0.0000,-0.04181,0.00000,0.25536,0.25876
2.8800,STEP_col2,0.0000,0.0000,6.0000,0.0000,-0.04181,0.00000,0.25536,0.25876
2.8900,STEP_col2,0.0000,0.0000,6.0000,0.0000,-0.04181,0.00000,0.25535,0.25875
2.9000,STEP_col2,0.0000,0.0000,6.0000,0.0000,-0.04180,0.00000,0.25535,0.25875
2.9100,STEP_col2,0.0000,0.0000,6.0000,0.0000,-0.04180,0.00000,0.25535,0.25875
2.9200,STEP_col2,0.0000,0.0000,6.0000,0.0000,-0.04179,0.00000,0.25535,0.25875
2.9300,STEP_col2,0.0000,0.0000,6.0000,0.0000,-0.04179,0.00000,0.25535,0.25875
2.9400,STEP_col2,0.0000,0.0000,6.0000,0.0000,-0.04178,0.00000,0.25535,0.25875
2.9500,STEP_col2,0.0000,0.0000,6.0000,0.0000,-0.04178,0.00000,0.25535,0.25874
2.9600,STEP_col2,0.0000,0.0000,6.0000,0.0000,-0.04177,0.00000,0.25535,0.25874
2.9700,STEP_col2,0.0000,0.0000,6.0000,0.0000,-0.04177,0.00000,0.25535,0.25874
2.9800,STEP_col2,0.0000,0.0000,6.0000,0.0000,-0.04176,0.00000,0.25535,0.25874
2.9900,STEP_col2,0.0000,0.0000,6.0000,0.0000,-0.04176,0.00000,0.25534,0.25874
3.0000,STEP_col2,0.0000,0.0000,6.0000,0.0000,-0.04175,0.00000,0.25534,0.25873
3.0100,STEP_col2,0.0000,0.0000,6.0000,0.0000,-0.04175,0.00000,0.25534,0.25873
3.0200,STEP_col2,0.0000,0.0000,6.0000,0.0000,-0.04174,0.00000,0.25534,0.25873
3.0300,STEP_col2,0.0000,0.0000,6.0000,0.0000,-0.04174,0.00000,0.25534,0.25873
3.0400,STEP_col2,0.0000,0.0000,6.0000,0.0000,-0.04174,0.00000,0.25534,0.25873
3.0500,STEP_col2,0.0000,0.0000,6.0000,0.0000,-0.04173,0.00000,0.25534,0.25873
3.0600,STEP_col2,0.0000,0.0000,6.0000,0.0000,-0.04173,0.00000,0.25534,0.25872
3.0700,STEP_col2,0.0000,0.0000,6.0000,0.0000,-0.04172,0.00000,0.25534,0.25872
3.0800,STEP_col2,0.0000,0.0000,6.0000,0.0000,-0.04172,0.00000,0.25534,0.25872
3.0900,STEP_col2,0.0000,0.0000,6.0000,0.0000,-0.04172,0.00000,0.25533,0.25872
3.1000,STEP_col2,0.0000,0.0000,6.0000,0.0000,-0.04171,0.00000,0.25533,0.25872
3.1100,STEP_col2,0.0000,0.0000,6.0000,0.0000,-0.04171,0.00000,0.25533,0.25872
3.1200,STEP_col2,0.0000,0.0000,6.0000,0.0000,-0.04171,0.00000,0.25533,0.25872
3.1300,STEP_col2,0.0000,0.0000,6.0000,0.0000,-0.04170,0.00000,0.25533,0.25872
3.1400,STEP_col2,0.0000,0.0000,6.0000,0.0000,-0.04170,0.00000,0.25533,0.25871
3.1500,STEP_col2,0.0000,0.0000,6.0000,0.0000,-0.04170,0.00000,0.25533,0.25871
3.1600,STEP_col2,0.0000,0.0000,6.0000,0.0000,-0.04170,0.00000,0.25533,0.25871
3.1700,STEP_col2,0.0000,0.0000,6.0000,0.0000,-0.04170,0.00000,0.25533,0.25871
3.1800,STEP_col2,0.0000,0.0000,6.0000,0.0000,-0.04170,0.00000,0.25533,0.25871
3.1900,STEP_col2,0.0000,0.0000,6.0000,0.0000,-0.04170,0.00000,0.25533,0.25871
3.2000,STEP_col2,0.0000,0.0000,6.0000,0.0000,-0.04170,0.00000,0.25533,0.25871
3.2100,STEP_col2,0.0000,0.0000,6.0000,0.0000,-0.04170,0.00000,0.25533,0.25871
3.2200,STEP_col2,0.0000,0.0000,6.0000,0.0000,-0.04170,0.00000,0.25533,0.25871
3.2300,STEP_col2,0.0000,0.0000,6.0000,0.0000,-0.04170,0.00000,0.25533,0.25871
3.2400,STEP_col2,0.0000,0.0000,6.0000,0.0000,-0.04170,0.00000,0.25533,0.25871
3.2500,STEP_col2,0.0000,0.0000,6.0000,0.0000,-0.04170,0.00000,0.25533,0.25871
3.2600,STEP_col2,0.0000,0.0000,6.0000,0.0000,-0.04170,0.00000,0.25533,0.25871
3.2700,STEP_col2,0.0000,0.0000,6.0000,0.0000,-0.04170,0.00000,0.25533,0.25871
3.2800,STEP_col2,0.0000,0.0000,6.0000,0.0000,-0.04170,0.00000,0.25533,0.25871
3.2900,STEP_col2,0.0000,0.0000,6.0000,0.0000,-0.04170,0.00000,0.25533,0.25872
3.3000,STEP_col2,0.0000,0.0000,6.0000,0.0000,-0.04170,0.00000,0.25533,0.25872
3.3100,STEP_col2,0.0000,0.0000,6.0000,0.0000,-0.04171,0.00000,0.25533,0.25872
3.3200,STEP_col2,0.0000,0.0000,6.0000,0.0000,-0.04171,0.00000,0.25533,0.25872
3.3300,STEP_col2,0.0000,0.0000,6.0000,0.0000,-0.04171,0.00000,0.25533,0.25872
3.3400,STEP_col2,0.0000,0.0000,6.0000,0.0000,-0.04171,0.00000,0.25533,0.25872
3.3500,STEP_col2,0.0000,0.0000,6.0000,0.0000,-0.04172,0.00000,0.25533,0.25872
3.3600,STEP_col2,0.0000,0.0000,6.0000,0.0000,-0.04172,0.00000,0.25534,0.25872
3.3700,STEP_col2,0.0000,0.0000,6.0000,0.0000,-0.04172,0.00000,0.25534,0.25872
3.3800,STEP_col2,0.0000,0.0000,6.0000,0.0000,-0.04172,0.00000,0.25534,0.25872
3.3900,STEP_col2,0.0000,0.0000,6.0000,0.0000,-0.04172,0.00000,0.25534,0.25872
3.4000,STEP_col2,0.0000,0.0000,6.0000,0.0000,-0.04173,0.00000,0.25534,0.25872
3.4100,STEP_col2,0.0000,0.0000,6.0000,0.0000,-0.04173,0.00000,0.25534,0.25872
3.4200,STEP_col2,0.0000,0.0000,6.0000,0.0000,-0.04173,0.00000,0.25534,0.25873
3.4300,STEP_col2,0.0000,0.0000,6.0000,0.0000,-0.04173,0.00000,0.25534,0.25873
3.4400,STEP_col2,0.0000,0.0000,6.0000,0.0000,-0.04173,0.00000,0.25534,0.25873
3.4500,STEP_col2,0.0000,0.0000,6.0000,0.0000,-0.04174,0.00000,0.25534,0.25873
3.4600,STEP_col2,0.0000,0.0000,6.0000,0.0000,-0.04174,0.00000,0.25534,0.25873
3.4700,STEP_col2,0.0000,0.0000,6.0000,0.0000,-0.04174,0.00000,0.25534,0.25873
3.4800,STEP_col2,0.0000,0.0000,6.0000,0.0000,-0.04174,0.00000,0.25534,0.25873
3.4900,STEP_col2,0.0000,0.0000,6.0000,0.0000,-0.04174,0.00000,0.25534,0.25873
3.5000,STEP_col2,0.0000,0.0000,6.0000,0.0000,-0.04174,0.00000,0.25534,0.25873
3.5100,STEP_col2,0.0000,0.0000,6.0000,0.0000,-0.04175,0.00000,0.25534,0.25873
3.5200,STEP_col2,0.0000,0.0000,6.0000,0.0000,-0.04175,0.00000,0.25534,0.25873
3.5300,STEP_col2,0.0000,0.0000,6.0000,0.0000,-0.04175,0.00000,0.25534,0.25873
3.5400,STEP_col2,0.0000,0.0000,6.0000,0.0000,-0.04175,0.00000,0.25534,0.25873
3.5500,STEP_col2,0.0000,0.0000,6.0000,0.0000,-0.04175,0.00000,0.25534,0.25873
3.5600,STEP_col2,0.0000,0.0000,6.0000,0.0000,-0.04175,0.00000,0.25534,0.25873
3.5700,STEP_col2,0.0000,0.0000,6.0000,0.0000,-0.04175,0.00000,0.25534,0.25873
3.5800,STEP_col2,0.0000,0.0000,6.0000,0.0000,-0.04175,0.00000,0.25534,0.25873
3.5900,STEP_col2,0.0000,0.0000,6.0000,0.0000,-0.04175,0.00000,0.25534,0.25873
3.6000,STEP_col2,0.0000,0.0000,6.0000,0.0000,-0.04175,0.00000,0.25534,0.25873
3.6100,STEP_col2,0.0000,0.0000,6.0000,0.0000,-0.04175,0.00000,0.25534,0.25873
3.6200,STEP_col2,0.0000,0.0000,6.0000,0.0000,-0.04175,0.00000,0.25534,0.25873
3.6300,STEP_col2,0.0000,0.0000,6.0000,0.0000,-0.04175,0.00000,0.25534,0.25873
3.6400,STEP_col2,0.0000,0.0000,6.0000,0.0000,-0.04175,0.00000,0.25534,0.25873
3.6500,STEP_col2,0.0000,0.0000,6.0000,0.0000,-0.04175,0.00000,0.25534,0.25873
3.6600,STEP_col2,0.0000,0.0000,6.0000,0.0000,-0.04175,0.00000,0.25534,0.25873
3.6700,STEP_col2,0.0000,0.0000,6.0000,0.0000,-0.04175,0.00000,0.25534,0.25873
3.6800,STEP_col2,0.0000,0.0000,6.0000,0.0000,-0.04175,0.00000,0.25534,0.25873
3.6900,STEP_col2,0.0000,0.0000,6.0000,0.0000,-0.04175,0.00000,0.25534,0.25873
3.7000,STEP_col2,0.0000,0.0000,6.0000,0.0000,-0.04174,0.00000,0.25534,0.25873
3.7100,STEP_col2,0.0000,0.0000,6.0000,0.0000,-0.04174,0.00000,0.25534,0.25873
3.7200,STEP_col2,0.0000,0.0000,6.0000,0.0000,-0.04174,0.00000,0.25534,0.25873
3.7300,STEP_col2,0.0000,0.0000,6.0000,0.0000,-0.04174,0.00000,0.25534,0.25873
3.7400,STEP_col2,0.0000,0.0000,6.0000,0.0000,-0.04174,0.00000,0.25534,0.25873
3.7500,STEP_col2,0.0000,0.0000,6.0000,0.0000,-0.04174,0.00000,0.25534,0.25873
3.7600,STEP_col2,0.0000,0.0000,6.0000,0.0000,-0.04174,0.00000,0.25534,0.25873
3.7700,STEP_col2,0.0000,0.0000,6.0000,0.0000,-0.04174,0.00000,0.25534,0.25873
3.7800,STEP_col2,0.0000,0.0000,6.0000,0.0000,-0.04174,0.00000,0.25534,0.25873
3.7900,STEP_col2,0.0000,0.0000,6.0000,0.0000,-0.04174,0.00000,0.25534,0.25873
3.8000,STEP_col2,0.0000,0.0000,6.0000,0.0000,-0.04173,0.00000,0.25534,0.25873
3.8100,STEP_col2,0.0000,0.0000,6.0000,0.0000,-0.04173,0.00000,0.25534,0.25873
3.8200,STEP_col2,0.0000,0.0000,6.0000,0.0000,-0.04173,0.00000,0.25534,0.25873
3.8300,STEP_col2,0.0000,0.0000,6.0000,0.0000,-0.04173,0.00000,0.25534,0.25873
3.8400,STEP_col2,0.0000,0.0000,6.0000,0.0000,-0.04173,0.00000,0.25534,0.25873
3.8500,STEP_col2,0.0000,0.0000,6.0000,0.0000,-0.04173,0.00000,0.25534,0.25873
3.8600,STEP_col2,0.0000,0.0000,6.0000,0.0000,-0.04173,0.00000,0.25534,0.25873
3.8700,STEP_col2,0.0000,0.0000,6.0000,0.0000,-0.04173,0.00000,0.25534,0.25872
3.8800,STEP_col2,0.0000,0.0000,6.0000,0.0000,-0.04173,0.00000,0.25534,0.25872
3.8900,STEP_col2,0.0000,0.0000,6.0000,0.0000,-0.04173,0.00000,0.25534,0.25872
3.9000,STEP_col2,0.0000,0.0000,6.0000,0.0000,-0.04173,0.00000,0.25534,0.25872
3.9100,STEP_col2,0.0000,0.0000,6.0000,0.0000,-0.04173,0.00000,0.25534,0.25872
3.9200,STEP_col2,0.0000,0.0000,6.0000,0.0000,-0.04173,0.00000,0.25534,0.25872
3.9300,STEP_col2,0.0000,0.0000,6.0000,0.0000,-0.04173,0.00000,0.25534,0.25872
3.9400,STEP_col2,0.0000,0.0000,6.0000,0.0000,-0.04173,0.00000,0.25534,0.25872
3.9500,STEP_col2,0.0000,0.0000,6.0000,0.0000,-0.04173,0.00000,0.25534,0.25872
3.9600,STEP_col2,0.0000,0.0000,6.0000,0.0000,-0.04173,0.00000,0.25534,0.25872
3.9700,STEP_col2,0.0000,0.0000,6.0000,0.0000,-0.04173,0.00000,0.25534,0.25872
3.9800,STEP_col2,0.0000,0.0000,6.0000,0.0000,-0.04173,0.00000,0.25534,0.25872
3.9900,STEP_col2,0.0000,0.0000,6.0000,0.0000,-0.04173,0.00000,0.25534,0.25872
4.0000,STEP_col2,0.0000,0.0000,6.0000,0.0000,-0.04173,0.00000,0.25534,0.25872
4.0100,STEP_col2,0.0000,0.0000,6.0000,0.0000,-0.04173,0.00000,0.25534,0.25872
4.0200,STEP_col2,0.0000,0.0000,6.0000,0.0000,-0.04173,0.00000,0.25534,0.25872
4.0300,STEP_col2,0.0000,0.0000,6.0000,0.0000,-0.04173,0.00000,0.25534,0.25872
4.0400,STEP_col2,0.0000,0.0000,6.0000,0.0000,-0.04173,0.00000,0.25534,0.25872
4.0500,STEP_col2,0.0000,0.0000,6.0000,0.0000,-0.04173,0.00000,0.25534,0.25872
4.0600,STEP_col2,0.0000,0.0000,6.0000,0.0000,-0.04173,0.00000,0.25534,0.25872
4.0700,STEP_col2,0.0000,0.0000,6.0000,0.0000,-0.04173,0.00000,0.25534,0.25872
4.0800,STEP_col2,0.0000,0.0000,6.0000,0.0000,-0.04173,0.00000,0.25534,0.25872
4.0900,STEP_col2,0.0000,0.0000,6.0000,0.0000,-0.04173,0.00000,0.25534,0.25872
4.1000,STEP_col2,0.0000,0.0000,6.0000,0.0000,-0.04173,0.00000,0.25534,0.25872
4.1100,STEP_col2,0.0000,0.0000,6.0000,0.0000,-0.04173,0.00000,0.25534,0.25872
4.1200,STEP_col2,0.0000,0.0000,6.0000,0.0000,-0.04173,0.00000,0.25534,0.25873
4.1300,STEP_col2,0.0000,0.0000,6.0000,0.0000,-0.04173,0.00000,0.25534,0.25873
4.1400,STEP_col2,0.0000,0.0000,6.0000,0.0000,-0.04173,0.00000,0.25534,0.25873
4.1500,STEP_col2,0.0000,0.0000,6.0000,0.0000,-0.04173,0.00000,0.25534,0.25873
4.1600,STEP_col2,0.0000,0.0000,6.0000,0.0000,-0.04173,0.00000,0.25534,0.25873
4.1700,STEP_col2,0.0000,0.0000,6.0000,0.0000,-0.04173,0.00000,0.25534,0.25873
4.1800,STEP_col2,0.0000,0.0000,6.0000,0.0000,-0.04173,0.00000,0.25534,0.25873
4.1900,STEP_col2,0.0000,0.0000,6.0000,0.0000,-0.04173,0.00000,0.25534,0.25873
4.2000,STEP_col2,0.0000,0.0000,6.0000,0.0000,-0.04173,0.00000,0.25534,0.25873
4.2100,STEP_col2,0.0000,0.0000,6.0000,0.0000,-0.04173,0.00000,0.25534,0.25873
4.2200,STEP_col2,0.0000,0.0000,6.0000,0.0000,-0.04173,0.00000,0.25534,0.25873
4.2300,STEP_col2,0.0000,0.0000,6.0000,0.0000,-0.04173,0.00000,0.25534,0.25873
4.2400,STEP_col2,0.0000,0.0000,6.0000,0.0000,-0.04173,0.00000,0.25534,0.25873
4.2500,STEP_col2,0.0000,0.0000,6.0000,0.0000,-0.04173,0.00000,0.25534,0.25873
4.2600,STEP_col2,0.0000,0.0000,6.0000,0.0000,-0.04174,0.00000,0.25534,0.25873
4.2700,STEP_col2,0.0000,0.0000,6.0000,0.0000,-0.04174,0.00000,0.25534,0.25873
4.2800,STEP_col2,0.0000,0.0000,6.0000,0.0000,-0.04174,0.00000,0.25534,0.25873
4.2900,STEP_col2,0.0000,0.0000,6.0000,0.0000,-0.04174,0.00000,0.25534,0.25873
4.3000,STEP_col2,0.0000,0.0000,6.0000,0.0000,-0.04174,0.00000,0.25534,0.25873
4.3100,STEP_col2,0.0000,0.0000,6.0000,0.0000,-0.04174,0.00000,0.25534,0.25873
4.3200,STEP_col2,0.0000,0.0000,6.0000,0.0000,-0.04174,0.00000,0.25534,0.25873
4.3300,STEP_col2,0.0000,0.0000,6.0000,0.0000,-0.04174,0.00000,0.25534,0.25873
4.3400,STEP_col2,0.0000,0.0000,6.0000,0.0000,-0.04174,0.00000,0.25534,0.25873
4.3500,STEP_col2,0.0000,0.0000,6.0000,0.0000,-0.04174,0.00000,0.25534,0.25873
4.3600,STEP_col2,0.0000,0.0000,6.0000,0.0000,-0.04174,0.00000,0.25534,0.25873
4.3700,STEP_col2,0.0000,0.0000,6.0000,0.0000,-0.04174,0.00000,0.25534,0.25873
4.3800,STEP_col2,0.0000,0.0000,6.0000,0.0000,-0.04174,0.00000,0.25534,0.25873
4.3900,STEP_col2,0.0000,0.0000,6.0000,0.0000,-0.04174,0.00000,0.25534,0.25873
4.4000,STEP_col2,0.0000,0.0000,6.0000,0.0000,-0.04174,0.00000,0.25534,0.25873
4.4100,STEP_col2,0.0000,0.0000,6.0000,0.0000,-0.04174,0.00000,0.25534,0.25873
4.4200,STEP_col2,0.0000,0.0000,6.0000,0.0000,-0.04174,0.00000,0.25534,0.25873
4.4300,STEP_col2,0.0000,0.0000,6.0000,0.0000,-0.04174,0.00000,0.25534,0.25873
4.4400,STEP_col2,0.0000,0.0000,6.0000,0.0000,-0.04174,0.00000,0.25534,0.25873
4.4500,STEP_col2,0.0000,0.0000,6.0000,0.0000,-0.04174,0.00000,0.25534,0.25873
4.4600,STEP_col2,0.0000,0.0000,6.0000,0.0000,-0.04174,0.00000,0.25534,0.25873
4.4700,STEP_col2,0.0000,0.0000,6.0000,0.0000,-0.04174,0.00000,0.25534,0.25873
4.4800,STEP_col2,0.0000,0.0000,6.0000,0.0000,-0.04174,0.00000,0.25534,0.25873
4.4900,STEP_col2,0.0000,0.0000,6.0000,0.0000,-0.04174,0.00000,0.25534,0.25873
4.5000,STEP_col2,0.0000,0.0000,6.0000,0.0000,-0.04173,0.00000,0.25534,0.25873
4.5100,STEP_col2,0.0000,0.0000,6.0000,0.0000,-0.04173,0.00000,0.25534,0.25873
4.5200,STEP_col2,0.0000,0.0000,6.0000,0.0000,-0.04173,0.00000,0.25534,0.25873
4.5300,STEP_col2,0.0000,0.0000,6.0000,0.0000,-0.04173,0.00000,0.25534,0.25873
4.5400,STEP_col2,0.0000,0.0000,6.0000,0.0000,-0.04173,0.00000,0.25534,0.25873
4.5500,STEP_col2,0.0000,0.0000,6.0000,0.0000,-0.04173,0.00000,0.25534,0.25873
4.5600,STEP_col2,0.0000,0.0000,6.0000,0.0000,-0.04173,0.00000,0.25534,0.25873
4.5700,STEP_col2,0.0000,0.0000,6.0000,0.0000,-0.04173,0.00000,0.25534,0.25873
4.5800,STEP_col2,0.0000,0.0000,6.0000,0.0000,-0.04173,0.00000,0.25534,0.25873
4.5900,STEP_col2,0.0000,0.0000,6.0000,0.0000,-0.04173,0.00000,0.25534,0.25873
4.6000,STEP_col2,0.0000,0.0000,6.0000,0.0000,-0.04173,0.00000,0.25534,0.25873
4.6100,STEP_col2,0.0000,0.0000,6.0000,0.0000,-0.04173,0.00000,0.25534,0.25873
4.6200,STEP_col2,0.0000,0.0000,6.0000,0.0000,-0.04173,0.00000,0.25534,0.25873
4.6300,STEP_col2,0.0000,0.0000,6.0000,0.0000,-0.04173,0.00000,0.25534,0.25873
4.6400,STEP_col2,0.0000,0.0000,6.0000,0.0000,-0.04173,0.00000,0.25534,0.25873
4.6500,STEP_col2,0.0000,0.0000,6.0000,0.0000,-0.04173,0.00000,0.25534,0.25873
4.6600,STEP_col2,0.0000,0.0000,6.0000,0.0000,-0.04173,0.00000,0.25534,0.25873
4.6700,STEP_col2,0.0000,0.0000,6.0000,0.0000,-0.04173,0.00000,0.25534,0.25873
4.6800,STEP_col2,0.0000,0.0000,6.0000,0.0000,-0.04173,0.00000,0.25534,0.25873
4.6900,STEP_col2,0.0000,0.0000,6.0000,0.0000,-0.04173,0.00000,0.25534,0.25873
4.7000,STEP_col2,0.0000,0.0000,6.0000,0.0000,-0.04173,0.00000,0.25534,0.25873
4.7100,STEP_col2,0.0000,0.0000,6.0000,0.0000,-0.04173,0.00000,0.25534,0.25873
4.7200,STEP_col2,0.0000,0.0000,6.0000,0.0000,-0.04173,0.00000,0.25534,0.25873
4.7300,STEP_col2,0.0000,0.0000,6.0000,0.0000,-0.04173,0.00000,0.25534,0.25873
4.7400,STEP_col2,0.0000,0.0000,6.0000,0.0000,-0.04173,0.00000,0.25534,0.25873
4.7500,STEP_col2,0.0000,0.0000,6.0000,0.0000,-0.04173,0.00000,0.25534,0.25873
4.7600,STEP_col2,0.0000,0.0000,6.0000,0.0000,-0.04173,0.00000,0.25534,0.25873
4.7700,STEP_col2,0.0000,0.0000,6.0000,0.0000,-0.04173,0.00000,0.25534,0.25873
4.7800,STEP_col2,0.0000,0.0000,6.0000,0.0000,-0.04173,0.00000,0.25534,0.25873
4.7900,STEP_col2,0.0000,0.0000,6.0000,0.0000,-0.04173,0.00000,0.25534,0.25873
4.8000,STEP_col2,0.0000,0.0000,6.0000,0.0000,-0.04173,0.00000,0.25534,0.25873
4.8100,STEP_col2,0.0000,0.0000,6.0000,0.0000,-0.04173,0.00000,0.25534,0.25873
4.8200,STEP_col2,0.0000,0.0000,6.0000,0.0000,-0.04173,0.00000,0.25534,0.25873
4.8300,STEP_col2,0.0000,0.0000,6.0000,0.0000,-0.04173,0.00000,0.25534,0.25873
4.8400,STEP_col2,0.0000,0.0000,6.0000,0.0000,-0.04173,0.00000,0.25534,0.25873
4.8500,STEP_col2,0.0000,0.0000,6.0000,0.0000,-0.04173,0.00000,0.25534,0.25873
4.8600,STEP_col2,0.0000,0.0000,6.0000,0.0000,-0.04173,0.00000,0.25534,0.25873
4.8700,STEP_col2,0.0000,0.0000,6.0000,0.0000,-0.04173,0.00000,0.25534,0.25873
4.8800,STEP_col2,0.0000,0.0000,6.0000,0.0000,-0.04173,0.00000,0.25534,0.25873
4.8900,STEP_col2,0.0000,0.0000,6.0000,0.0000,-0.04173,0.00000,0.25534,0.25873
4.9000,STEP_col2,0.0000,0.0000,6.0000,0.0000,-0.04173,0.00000,0.25534,0.25873
4.9100,STEP_col2,0.0000,0.0000,6.0000,0.0000,-0.04173,0.00000,0.25534,0.25873
4.9200,STEP_col2,0.0000,0.0000,6.0000,0.0000,-0.04173,0.00000,0.25534,0.25873
4.9300,STEP_col2,0.0000,0.0000,6.0000,0.0000,-0.04173,0.00000,0.25534,0.25873
4.9400,STEP_col2,0.0000,0.0000,6.0000,0.0000,-0.04173,0.00000,0.25534,0.25873
4.9500,STEP_col2,0.0000,0.0000,6.0000,0.0000,-0.04173,0.00000,0.25534,0.25873
4.9600,STEP_col2,0.0000,0.0000,6.0000,0.0000,-0.04173,0.00000,0.25534,0.25873
4.9700,STEP_col2,0.0000,0.0000,6.0000,0.0000,-0.04173,0.00000,0.25534,0.25873
4.9800,STEP_col2,0.0000,0.0000,6.0000,0.0000,-0.04173,0.00000,0.25534,0.25873
4.9900,STEP_col2,0.0000,0.0000,6.0000,0.0000,-0.04173,0.00000,0.25534,0.25873
5.0000,STEP_col2,0.0000,0.0000,6.0000,0.0000,-0.04173,0.00000,0.25534,0.25873
5.0100,RELEASE_step_col2,0.0000,0.0000,0.0000,0.0000,-0.04173,0.00000,0.25534,0.25872
5.0200,RELEASE_step_col2,0.0000,0.0000,0.0000,0.0000,-0.04168,0.00000,0.25533,0.25871
5.0300,RELEASE_step_col2,0.0000,0.0000,0.0000,0.0000,-0.04157,0.00000,0.25531,0.25867
5.0400,RELEASE_step_col2,0.0000,0.0000,0.0000,0.0000,-0.04140,0.00000,0.25528,0.25861
5.0500,RELEASE_step_col2,0.0000,0.0000,0.0000,0.0000,-0.04113,0.00000,0.25524,0.25853
5.0600,RELEASE_step_col2,0.0000,0.0000,0.0000,0.0000,-0.04078,0.00000,0.25518,0.25842
5.0700,RELEASE_step_col2,0.0000,0.0000,0.0000,0.0000,-0.04033,0.00000,0.25510,0.25827
5.0800,RELEASE_step_col2,0.0000,0.0000,0.0000,0.0000,-0.03979,0.00000,0.25500,0.25809
5.0900,RELEASE_step_col2,0.0000,0.0000,0.0000,0.0000,-0.03913,0.00000,0.25489,0.25787
5.1000,RELEASE_step_col2,0.0000,0.0000,0.0000,0.0000,-0.03837,0.00000,0.25475,0.25762
5.1100,RELEASE_step_col2,0.0000,0.0000,0.0000,0.0000,-0.03751,0.00000,0.25459,0.25734
5.1200,RELEASE_step_col2,0.0000,0.0000,0.0000,0.0000,-0.03654,0.00000,0.25441,0.25702
5.1300,RELEASE_step_col2,0.0000,0.0000,0.0000,0.0000,-0.03547,0.00000,0.25421,0.25667
5.1400,RELEASE_step_col2,0.0000,0.0000,0.0000,0.0000,-0.03431,0.00000,0.25399,0.25630
5.1500,RELEASE_step_col2,0.0000,0.0000,0.0000,0.0000,-0.03305,0.00000,0.25376,0.25591
5.1600,RELEASE_step_col2,0.0000,0.0000,0.0000,0.0000,-0.03171,0.00000,0.25352,0.25550
5.1700,RELEASE_step_col2,0.0000,0.0000,0.0000,0.0000,-0.03028,0.00000,0.25327,0.25508
5.1800,RELEASE_step_col2,0.0000,0.0000,0.0000,0.0000,-0.02878,0.00000,0.25302,0.25465
5.1900,RELEASE_step_col2,0.0000,0.0000,0.0000,0.0000,-0.02722,0.00000,0.25277,0.25423
5.2000,RELEASE_step_col2,0.0000,0.0000,0.0000,0.0000,-0.02559,0.00000,0.25252,0.25381
5.2100,RELEASE_step_col2,0.0000,0.0000,0.0000,0.0000,-0.02392,0.00000,0.25228,0.25341
5.2200,RELEASE_step_col2,0.0000,0.0000,0.0000,0.0000,-0.02221,0.00000,0.25204,0.25302
5.2300,RELEASE_step_col2,0.0000,0.0000,0.0000,0.0000,-0.02047,0.00000,0.25182,0.25265
5.2400,RELEASE_step_col2,0.0000,0.0000,0.0000,0.0000,-0.01871,0.00000,0.25161,0.25231
5.2500,RELEASE_step_col2,0.0000,0.0000,0.0000,0.0000,-0.01694,0.00000,0.25142,0.25199
5.2600,RELEASE_step_col2,0.0000,0.0000,0.0000,0.0000,-0.01516,0.00000,0.25125,0.25171
5.2700,RELEASE_step_col2,0.0000,0.0000,0.0000,0.0000,-0.01340,0.00000,0.25110,0.25146
5.2800,RELEASE_step_col2,0.0000,0.0000,0.0000,0.0000,-0.01165,0.00000,0.25097,0.25124
5.2900,RELEASE_step_col2,0.0000,0.0000,0.0000,0.0000,-0.00993,0.00000,0.25085,0.25105
5.3000,RELEASE_step_col2,0.0000,0.0000,0.0000,0.0000,-0.00824,0.00000,0.25076,0.25090
5.3100,RELEASE_step_col2,0.0000,0.0000,0.0000,0.0000,-0.00659,0.00000,0.25069,0.25077
5.3200,RELEASE_step_col2,0.0000,0.0000,0.0000,0.0000,-0.00500,0.00000,0.25063,0.25068
5.3300,RELEASE_step_col2,0.0000,0.0000,0.0000,0.0000,-0.00346,0.00000,0.25059,0.25062
5.3400,RELEASE_step_col2,0.0000,0.0000,0.0000,0.0000,-0.00199,0.00000,0.25057,0.25058
5.3500,RELEASE_step_col2,0.0000,0.0000,0.0000,0.0000,-0.00058,0.00000,0.25056,0.25056
5.3600,RELEASE_step_col2,0.0000,0.0000,0.0000,0.0000,0.00074,0.00000,0.25056,0.25056
5.3700,RELEASE_step_col2,0.0000,0.0000,0.0000,0.0000,0.00199,0.00000,0.25058,0.25058
5.3800,RELEASE_step_col2,0.0000,0.0000,0.0000,0.0000,0.00315,0.00000,0.25060,0.25062
5.3900,RELEASE_step_col2,0.0000,0.0000,0.0000,0.0000,0.00422,0.00000,0.25062,0.25066
5.4000,RELEASE_step_col2,0.0000,0.0000,0.0000,0.0000,0.00521,0.00000,0.25065,0.25071
5.4100,RELEASE_step_col2,0.0000,0.0000,0.0000,0.0000,0.00610,0.00000,0.25069,0.25076
5.4200,RELEASE_step_col2,0.0000,0.0000,0.0000,0.0000,0.00690,0.00000,0.25072,0.25082
5.4300,RELEASE_step_col2,0.0000,0.0000,0.0000,0.0000,0.00760,0.00000,0.25076,0.25088
5.4400,RELEASE_step_col2,0.0000,0.0000,0.0000,0.0000,0.00821,0.00000,0.25079,0.25093
5.4500,RELEASE_step_col2,0.0000,0.0000,0.0000,0.0000,0.00872,0.00000,0.25083,0.25098
5.4600,RELEASE_step_col2,0.0000,0.0000,0.0000,0.0000,0.00914,0.00000,0.25085,0.25102
5.4700,RELEASE_step_col2,0.0000,0.0000,0.0000,0.0000,0.00947,0.00000,0.25088,0.25106
5.4800,RELEASE_step_col2,0.0000,0.0000,0.0000,0.0000,0.00971,0.00000,0.25090,0.25109
5.4900,RELEASE_step_col2,0.0000,0.0000,0.0000,0.0000,0.00986,0.00000,0.25091,0.25111
5.5000,RELEASE_step_col2,0.0000,0.0000,0.0000,0.0000,0.00993,0.00000,0.25092,0.25112
5.5100,RELEASE_step_col2,0.0000,0.0000,0.0000,0.0000,0.00992,0.00000,0.25093,0.25113
5.5200,RELEASE_step_col2,0.0000,0.0000,0.0000,0.0000,0.00984,0.00000,0.25093,0.25112
5.5300,RELEASE_step_col2,0.0000,0.0000,0.0000,0.0000,0.00968,0.00000,0.25093,0.25111
5.5400,RELEASE_step_col2,0.0000,0.0000,0.0000,0.0000,0.00945,0.00000,0.25092,0.25110
5.5500,RELEASE_step_col2,0.0000,0.0000,0.0000,0.0000,0.00916,0.00000,0.25091,0.25108
5.5600,RELEASE_step_col2,0.0000,0.0000,0.0000,0.0000,0.00882,0.00000,0.25089,0.25105
5.5700,RELEASE_step_col2,0.0000,0.0000,0.0000,0.0000,0.00842,0.00000,0.25088,0.25102
5.5800,RELEASE_step_col2,0.0000,0.0000,0.0000,0.0000,0.00797,0.00000,0.25086,0.25099
5.5900,RELEASE_step_col2,0.0000,0.0000,0.0000,0.0000,0.00748,0.00000,0.25084,0.25095
5.6000,RELEASE_step_col2,0.0000,0.0000,0.0000,0.0000,0.00696,0.00000,0.25082,0.25092
5.6100,RELEASE_step_col2,0.0000,0.0000,0.0000,0.0000,0.00640,0.00000,0.25080,0.25088
5.6200,RELEASE_step_col2,0.0000,0.0000,0.0000,0.0000,0.00582,0.00000,0.25078,0.25085
5.6300,RELEASE_step_col2,0.0000,0.0000,0.0000,0.0000,0.00521,0.00000,0.25076,0.25082
5.6400,RELEASE_step_col2,0.0000,0.0000,0.0000,0.0000,0.00460,0.00000,0.25075,0.25079
5.6500,RELEASE_step_col2,0.0000,0.0000,0.0000,0.0000,0.00397,0.00000,0.25073,0.25076
5.6600,RELEASE_step_col2,0.0000,0.0000,0.0000,0.0000,0.00333,0.00000,0.25072,0.25074
5.6700,RELEASE_step_col2,0.0000,0.0000,0.0000,0.0000,0.00270,0.00000,0.25071,0.25072
5.6800,RELEASE_step_col2,0.0000,0.0000,0.0000,0.0000,0.00207,0.00000,0.25070,0.25071
5.6900,RELEASE_step_col2,0.0000,0.0000,0.0000,0.0000,0.00145,0.00000,0.25069,0.25070
5.7000,RELEASE_step_col2,0.0000,0.0000,0.0000,0.0000,0.00084,0.00000,0.25069,0.25069
5.7100,RELEASE_step_col2,0.0000,0.0000,0.0000,0.0000,0.00025,0.00000,0.25069,0.25069
5.7200,RELEASE_step_col2,0.0000,0.0000,0.0000,0.0000,-0.00032,0.00000,0.25069,0.25069
5.7300,RELEASE_step_col2,0.0000,0.0000,0.0000,0.0000,-0.00087,0.00000,0.25069,0.25069
5.7400,RELEASE_step_col2,0.0000,0.0000,0.0000,0.0000,-0.00139,0.00000,0.25070,0.25070
5.7500,RELEASE_step_col2,0.0000,0.0000,0.0000,0.0000,-0.00188,0.00000,0.25070,0.25071
5.7600,RELEASE_step_col2,0.0000,0.0000,0.0000,0.0000,-0.00234,0.00000,0.25071,0.25072
5.7700,RELEASE_step_col2,0.0000,0.0000,0.0000,0.0000,-0.00277,0.00000,0.25071,0.25073
5.7800,RELEASE_step_col2,0.0000,0.0000,0.0000,0.0000,-0.00316,0.00000,0.25072,0.25074
5.7900,RELEASE_step_col2,0.0000,0.0000,0.0000,0.0000,-0.00352,0.00000,0.25073,0.25075
5.8000,RELEASE_step_col2,0.0000,0.0000,0.0000,0.0000,-0.00384,0.00000,0.25074,0.25076
5.8100,RELEASE_step_col2,0.0000,0.0000,0.0000,0.0000,-0.00411,0.00000,0.25074,0.25078
5.8200,RELEASE_step_col2,0.0000,0.0000,0.0000,0.0000,-0.00435,0.00000,0.25075,0.25079
5.8300,RELEASE_step_col2,0.0000,0.0000,0.0000,0.0000,-0.00456,0.00000,0.25076,0.25080
5.8400,RELEASE_step_col2,0.0000,0.0000,0.0000,0.0000,-0.00472,0.00000,0.25076,0.25081
5.8500,RELEASE_step_col2,0.0000,0.0000,0.0000,0.0000,-0.00484,0.00000,0.25077,0.25081
5.8600,RELEASE_step_col2,0.0000,0.0000,0.0000,0.0000,-0.00493,0.00000,0.25077,0.25082
5.8700,RELEASE_step_col2,0.0000,0.0000,0.0000,0.0000,-0.00498,0.00000,0.25077,0.25082
5.8800,RELEASE_step_col2,0.0000,0.0000,0.0000,0.0000,-0.00499,0.00000,0.25077,0.25082
5.8900,RELEASE_step_col2,0.0000,0.0000,0.0000,0.0000,-0.00497,0.00000,0.25077,0.25082
5.9000,RELEASE_step_col2,0.0000,0.0000,0.0000,0.0000,-0.00491,0.00000,0.25077,0.25082
5.9100,RELEASE_step_col2,0.0000,0.0000,0.0000,0.0000,-0.00483,0.00000,0.25077,0.25082
5.9200,RELEASE_step_col2,0.0000,0.0000,0.0000,0.0000,-0.00471,0.00000,0.25077,0.25081
5.9300,RELEASE_step_col2,0.0000,0.0000,0.0000,0.0000,-0.00457,0.00000,0.25076,0.25081
5.9400,RELEASE_step_col2,0.0000,0.0000,0.0000,0.0000,-0.00440,0.00000,0.25076,0.25080
5.9500,RELEASE_step_col2,0.0000,0.0000,0.0000,0.0000,-0.00421,0.00000,0.25076,0.25079
5.9600,RELEASE_step_col2,0.0000,0.0000,0.0000,0.0000,-0.00400,0.00000,0.25075,0.25078
5.9700,RELEASE_step_col2,0.0000,0.0000,0.0000,0.0000,-0.00377,0.00000,0.25075,0.25078
5.9800,RELEASE_step_col2,0.0000,0.0000,0.0000,0.0000,-0.00352,0.00000,0.25074,0.25077
5.9900,RELEASE_step_col2,0.0000,0.0000,0.0000,0.0000,-0.00326,0.00000,0.25074,0.25076
6.0000,RELEASE_step_col2,0.0000,0.0000,0.0000,0.0000,-0.00299,0.00000,0.25073,0.25075
6.0100,RELEASE_step_col2,0.0000,0.0000,0.0000,0.0000,-0.00270,0.00000,0.25073,0.25074
6.0200,RELEASE_step_col2,0.0000,0.0000,0.0000,0.0000,-0.00241,0.00000,0.25072,0.25074
6.0300,RELEASE_step_col2,0.0000,0.0000,0.0000,0.0000,-0.00212,0.00000,0.25072,0.25073
6.0400,RELEASE_step_col2,0.0000,0.0000,0.0000,0.0000,-0.00182,0.00000,0.25072,0.25072
6.0500,RELEASE_step_col2,0.0000,0.0000,0.0000,0.0000,-0.00152,0.00000,0.25071,0.25072
6.0600,RELEASE_step_col2,0.0000,0.0000,0.0000,0.0000,-0.00123,0.00000,0.25071,0.25071
6.0700,RELEASE_step_col2,0.0000,0.0000,0.0000,0.0000,-0.00094,0.00000,0.25071,0.25071
6.0800,RELEASE_step_col2,0.0000,0.0000,0.0000,0.0000,-0.00065,0.00000,0.25071,0.25071
6.0900,RELEASE_step_col2,0.0000,0.0000,0.0000,0.0000,-0.00037,0.00000,0.25071,0.25071
6.1000,RELEASE_step_col2,0.0000,0.0000,0.0000,0.0000,-0.00010,0.00000,0.25071,0.25071
6.1100,RELEASE_step_col2,0.0000,0.0000,0.0000,0.0000,0.00016,0.00000,0.25071,0.25071
6.1200,RELEASE_step_col2,0.0000,0.0000,0.0000,0.0000,0.00041,0.00000,0.25071,0.25071
6.1300,RELEASE_step_col2,0.0000,0.0000,0.0000,0.0000,0.00064,0.00000,0.25071,0.25071
6.1400,RELEASE_step_col2,0.0000,0.0000,0.0000,0.0000,0.00086,0.00000,0.25071,0.25071
6.1500,RELEASE_step_col2,0.0000,0.0000,0.0000,0.0000,0.00107,0.00000,0.25071,0.25071
6.1600,RELEASE_step_col2,0.0000,0.0000,0.0000,0.0000,0.00126,0.00000,0.25071,0.25072
6.1700,RELEASE_step_col2,0.0000,0.0000,0.0000,0.0000,0.00143,0.00000,0.25071,0.25072
6.1800,RELEASE_step_col2,0.0000,0.0000,0.0000,0.0000,0.00158,0.00000,0.25072,0.25072
6.1900,RELEASE_step_col2,0.0000,0.0000,0.0000,0.0000,0.00172,0.00000,0.25072,0.25072
6.2000,RELEASE_step_col2,0.0000,0.0000,0.0000,0.0000,0.00184,0.00000,0.25072,0.25073
6.2100,RELEASE_step_col2,0.0000,0.0000,0.0000,0.0000,0.00195,0.00000,0.25072,0.25073
6.2200,RELEASE_step_col2,0.0000,0.0000,0.0000,0.0000,0.00203,0.00000,0.25072,0.25073
6.2300,RELEASE_step_col2,0.0000,0.0000,0.0000,0.0000,0.00210,0.00000,0.25072,0.25073
6.2400,RELEASE_step_col2,0.0000,0.0000,0.0000,0.0000,0.00215,0.00000,0.25072,0.25073
6.2500,RELEASE_step_col2,0.0000,0.0000,0.0000,0.0000,0.00218,0.00000,0.25072,0.25073
6.2600,RELEASE_step_col2,0.0000,0.0000,0.0000,0.0000,0.00220,0.00000,0.25072,0.25073
6.2700,RELEASE_step_col2,0.0000,0.0000,0.0000,0.0000,0.00220,0.00000,0.25072,0.25073
6.2800,RELEASE_step_col2,0.0000,0.0000,0.0000,0.0000,0.00218,0.00000,0.25072,0.25073
6.2900,RELEASE_step_col2,0.0000,0.0000,0.0000,0.0000,0.00215,0.00000,0.25072,0.25073
6.3000,RELEASE_step_col2,0.0000,0.0000,0.0000,0.0000,0.00211,0.00000,0.25072,0.25073
6.3100,RELEASE_step_col2,0.0000,0.0000,0.0000,0.0000,0.00205,0.00000,0.25072,0.25073
6.3200,RELEASE_step_col2,0.0000,0.0000,0.0000,0.0000,0.00199,0.00000,0.25072,0.25073
6.3300,RELEASE_step_col2,0.0000,0.0000,0.0000,0.0000,0.00191,0.00000,0.25072,0.25073
6.3400,RELEASE_step_col2,0.0000,0.0000,0.0000,0.0000,0.00182,0.00000,0.25072,0.25073
6.3500,RELEASE_step_col2,0.0000,0.0000,0.0000,0.0000,0.00172,0.00000,0.25072,0.25073
6.3600,RELEASE_step_col2,0.0000,0.0000,0.0000,0.0000,0.00161,0.00000,0.25072,0.25072
6.3700,RELEASE_step_col2,0.0000,0.0000,0.0000,0.0000,0.00150,0.00000,0.25072,0.25072
6.3800,RELEASE_step_col2,0.0000,0.0000,0.0000,0.0000,0.00138,0.00000,0.25072,0.25072
6.3900,RELEASE_step_col2,0.0000,0.0000,0.0000,0.0000,0.00125,0.00000,0.25072,0.25072
6.4000,RELEASE_step_col2,0.0000,0.0000,0.0000,0.0000,0.00113,0.00000,0.25071,0.25072
6.4100,RELEASE_step_col2,0.0000,0.0000,0.0000,0.0000,0.00100,0.00000,0.25071,0.25072
6.4200,RELEASE_step_col2,0.0000,0.0000,0.0000,0.0000,0.00086,0.00000,0.25071,0.25071
6.4300,RELEASE_step_col2,0.0000,0.0000,0.0000,0.0000,0.00073,0.00000,0.25071,0.25071
6.4400,RELEASE_step_col2,0.0000,0.0000,0.0000,0.0000,0.00060,0.00000,0.25071,0.25071
6.4500,RELEASE_step_col2,0.0000,0.0000,0.0000,0.0000,0.00047,0.00000,0.25071,0.25071
6.4600,RELEASE_step_col2,0.0000,0.0000,0.0000,0.0000,0.00034,0.00000,0.25071,0.25071
6.4700,RELEASE_step_col2,0.0000,0.0000,0.0000,0.0000,0.00021,0.00000,0.25071,0.25071
6.4800,RELEASE_step_col2,0.0000,0.0000,0.0000,0.0000,0.00009,0.00000,0.25071,0.25071
6.4900,RELEASE_step_col2,0.0000,0.0000,0.0000,0.0000,-0.00003,0.00000,0.25071,0.25071
6.5000,RELEASE_step_col2,0.0000,0.0000,0.0000,0.0000,-0.00014,0.00000,0.25071,0.25071
6.5100,RELEASE_step_col2,0.0000,0.0000,0.0000,0.0000,-0.00025,0.00000,0.25071,0.25071
6.5200,RELEASE_step_col2,0.0000,0.0000,0.0000,0.0000,-0.00035,0.00000,0.25071,0.25071
6.5300,RELEASE_step_col2,0.0000,0.0000,0.0000,0.0000,-0.00045,0.00000,0.25071,0.25071
6.5400,RELEASE_step_col2,0.0000,0.0000,0.0000,0.0000,-0.00053,0.00000,0.25071,0.25071
6.5500,RELEASE_step_col2,0.0000,0.0000,0.0000,0.0000,-0.00062,0.00000,0.25071,0.25071
6.5600,RELEASE_step_col2,0.0000,0.0000,0.0000,0.0000,-0.00069,0.00000,0.25071,0.25071
6.5700,RELEASE_step_col2,0.0000,0.0000,0.0000,0.0000,-0.00075,0.00000,0.25071,0.25071
6.5800,RELEASE_step_col2,0.0000,0.0000,0.0000,0.0000,-0.00081,0.00000,0.25071,0.25071
6.5900,RELEASE_step_col2,0.0000,0.0000,0.0000,0.0000,-0.00086,0.00000,0.25071,0.25072
6.6000,RELEASE_step_col2,0.0000,0.0000,0.0000,0.0000,-0.00090,0.00000,0.25071,0.25072
6.6100,RELEASE_step_col2,0.0000,0.0000,0.0000,0.0000,-0.00094,0.00000,0.25071,0.25072
6.6200,RELEASE_step_col2,0.0000,0.0000,0.0000,0.0000,-0.00096,0.00000,0.25071,0.25072
6.6300,RELEASE_step_col2,0.0000,0.0000,0.0000,0.0000,-0.00098,0.00000,0.25071,0.25072
6.6400,RELEASE_step_col2,0.0000,0.0000,0.0000,0.0000,-0.00099,0.00000,0.25071,0.25072
6.6500,RELEASE_step_col2,0.0000,0.0000,0.0000,0.0000,-0.00099,0.00000,0.25071,0.25072
6.6600,RELEASE_step_col2,0.0000,0.0000,0.0000,0.0000,-0.00099,0.00000,0.25071,0.25072
6.6700,RELEASE_step_col2,0.0000,0.0000,0.0000,0.0000,-0.00098,0.00000,0.25071,0.25072
6.6800,RELEASE_step_col2,0.0000,0.0000,0.0000,0.0000,-0.00096,0.00000,0.25071,0.25072
6.6900,RELEASE_step_col2,0.0000,0.0000,0.0000,0.0000,-0.00094,0.00000,0.25071,0.25072
6.7000,RELEASE_step_col2,0.0000,0.0000,0.0000,0.0000,-0.00091,0.00000,0.25071,0.25072
6.7100,RELEASE_step_col2,0.0000,0.0000,0.0000,0.0000,-0.00088,0.00000,0.25071,0.25072
6.7200,RELEASE_step_col2,0.0000,0.0000,0.0000,0.0000,-0.00084,0.00000,0.25071,0.25072
6.7300,RELEASE_step_col2,0.0000,0.0000,0.0000,0.0000,-0.00080,0.00000,0.25071,0.25072
6.7400,RELEASE_step_col2,0.0000,0.0000,0.0000,0.0000,-0.00075,0.00000,0.25071,0.25071
6.7500,RELEASE_step_col2,0.0000,0.0000,0.0000,0.0000,-0.00070,0.00000,0.25071,0.25071
6.7600,RELEASE_step_col2,0.0000,0.0000,0.0000,0.0000,-0.00065,0.00000,0.25071,0.25071
6.7700,RELEASE_step_col2,0.0000,0.0000,0.0000,0.0000,-0.00059,0.00000,0.25071,0.25071
6.7800,RELEASE_step_col2,0.0000,0.0000,0.0000,0.0000,-0.00054,0.00000,0.25071,0.25071
6.7900,RELEASE_step_col2,0.0000,0.0000,0.0000,0.0000,-0.00048,0.00000,0.25071,0.25071
6.8000,RELEASE_step_col2,0.0000,0.0000,0.0000,0.0000,-0.00042,0.00000,0.25071,0.25071
6.8100,RELEASE_step_col2,0.0000,0.0000,0.0000,0.0000,-0.00036,0.00000,0.25071,0.25071
6.8200,RELEASE_step_col2,0.0000,0.0000,0.0000,0.0000,-0.00030,0.00000,0.25071,0.25071
6.8300,RELEASE_step_col2,0.0000,0.0000,0.0000,0.0000,-0.00024,0.00000,0.25071,0.25071
6.8400,RELEASE_step_col2,0.0000,0.0000,0.0000,0.0000,-0.00018,0.00000,0.25071,0.25071
6.8500,RELEASE_step_col2,0.0000,0.0000,0.0000,0.0000,-0.00012,0.00000,0.25071,0.25071
6.8600,RELEASE_step_col2,0.0000,0.0000,0.0000,0.0000,-0.00007,0.00000,0.25071,0.25071
6.8700,RELEASE_step_col2,0.0000,0.0000,0.0000,0.0000,-0.00001,0.00000,0.25071,0.25071
6.8800,RELEASE_step_col2,0.0000,0.0000,0.0000,0.0000,0.00004,0.00000,0.25071,0.25071
6.8900,RELEASE_step_col2,0.0000,0.0000,0.0000,0.0000,0.00009,0.00000,0.25071,0.25071
6.9000,RELEASE_step_col2,0.0000,0.0000,0.0000,0.0000,0.00014,0.00000,0.25071,0.25071
6.9100,RELEASE_step_col2,0.0000,0.0000,0.0000,0.0000,0.00018,0.00000,0.25071,0.25071
6.9200,RELEASE_step_col2,0.0000,0.0000,0.0000,0.0000,0.00022,0.00000,0.25071,0.25071
6.9300,RELEASE_step_col2,0.0000,0.0000,0.0000,0.0000,0.00026,0.00000,0.25071,0.25071
6.9400,RELEASE_step_col2,0.0000,0.0000,0.0000,0.0000,0.00029,0.00000,0.25071,0.25071
6.9500,RELEASE_step_col2,0.0000,0.0000,0.0000,0.0000,0.00033,0.00000,0.25071,0.25071
6.9600,RELEASE_step_col2,0.0000,0.0000,0.0000,0.0000,0.00035,0.00000,0.25071,0.25071
6.9700,RELEASE_step_col2,0.0000,0.0000,0.0000,0.0000,0.00038,0.00000,0.25071,0.25071
6.9800,RELEASE_step_col2,0.0000,0.0000,0.0000,0.0000,0.00040,0.00000,0.25071,0.25071
6.9900,RELEASE_step_col2,0.0000,0.0000,0.0000,0.0000,0.00041,0.00000,0.25071,0.25071
7.0000,RELEASE_step_col2,0.0000,0.0000,0.0000,0.0000,0.00043,0.00000,0.25071,0.25071
7.0100,RELEASE_step_col2,0.0000,0.0000,0.0000,0.0000,0.00044,0.00000,0.25071,0.25071
7.0200,RELEASE_step_col2,0.0000,0.0000,0.0000,0.0000,0.00044,0.00000,0.25071,0.25071
7.0300,RELEASE_step_col2,0.0000,0.0000,0.0000,0.0000,0.00045,0.00000,0.25071,0.25071
7.0400,RELEASE_step_col2,0.0000,0.0000,0.0000,0.0000,0.00045,0.00000,0.25071,0.25071
7.0500,RELEASE_step_col2,0.0000,0.0000,0.0000,0.0000,0.00044,0.00000,0.25071,0.25071
7.0600,RELEASE_step_col2,0.0000,0.0000,0.0000,0.0000,0.00044,0.00000,0.25071,0.25071
7.0700,RELEASE_step_col2,0.0000,0.0000,0.0000,0.0000,0.00043,0.00000,0.25071,0.25071
7.0800,RELEASE_step_col2,0.0000,0.0000,0.0000,0.0000,0.00042,0.00000,0.25071,0.25071
7.0900,RELEASE_step_col2,0.0000,0.0000,0.0000,0.0000,0.00040,0.00000,0.25071,0.25071
7.1000,RELEASE_step_col2,0.0000,0.0000,0.0000,0.0000,0.00039,0.00000,0.25071,0.25071
7.1100,RELEASE_step_col2,0.0000,0.0000,0.0000,0.0000,0.00037,0.00000,0.25071,0.25071
7.1200,RELEASE_step_col2,0.0000,0.0000,0.0000,0.0000,0.00035,0.00000,0.25071,0.25071
7.1300,RELEASE_step_col2,0.0000,0.0000,0.0000,0.0000,0.00033,0.00000,0.25071,0.25071
7.1400,RELEASE_step_col2,0.0000,0.0000,0.0000,0.0000,0.00030,0.00000,0.25071,0.25071
7.1500,RELEASE_step_col2,0.0000,0.0000,0.0000,0.0000,0.00028,0.00000,0.25071,0.25071
7.1600,RELEASE_step_col2,0.0000,0.0000,0.0000,0.0000,0.00025,0.00000,0.25071,0.25071
7.1700,RELEASE_step_col2,0.0000,0.0000,0.0000,0.0000,0.00023,0.00000,0.25071,0.25071
7.1800,RELEASE_step_col2,0.0000,0.0000,0.0000,0.0000,0.00020,0.00000,0.25071,0.25071
7.1900,RELEASE_step_col2,0.0000,0.0000,0.0000,0.0000,0.00017,0.00000,0.25071,0.25071
7.2000,RELEASE_step_col2,0.0000,0.0000,0.0000,0.0000,0.00015,0.00000,0.25071,0.25071
7.2100,RELEASE_step_col2,0.0000,0.0000,0.0000,0.0000,0.00012,0.00000,0.25071,0.25071
7.2200,RELEASE_step_col2,0.0000,0.0000,0.0000,0.0000,0.00009,0.00000,0.25071,0.25071
7.2300,RELEASE_step_col2,0.0000,0.0000,0.0000,0.0000,0.00007,0.00000,0.25071,0.25071
7.2400,RELEASE_step_col2,0.0000,0.0000,0.0000,0.0000,0.00004,0.00000,0.25071,0.25071
7.2500,RELEASE_step_col2,0.0000,0.0000,0.0000,0.0000,0.00002,0.00000,0.25071,0.25071
7.2600,RELEASE_step_col2,0.0000,0.0000,0.0000,0.0000,-0.00001,0.00000,0.25071,0.25071
7.2700,RELEASE_step_col2,0.0000,0.0000,0.0000,0.0000,-0.00003,0.00000,0.25071,0.25071
7.2800,RELEASE_step_col2,0.0000,0.0000,0.0000,0.0000,-0.00005,0.00000,0.25071,0.25071
7.2900,RELEASE_step_col2,0.0000,0.0000,0.0000,0.0000,-0.00007,0.00000,0.25071,0.25071
7.3000,RELEASE_step_col2,0.0000,0.0000,0.0000,0.0000,-0.00009,0.00000,0.25071,0.25071
7.3100,RELEASE_step_col2,0.0000,0.0000,0.0000,0.0000,-0.00011,0.00000,0.25071,0.25071
7.3200,RELEASE_step_col2,0.0000,0.0000,0.0000,0.0000,-0.00013,0.00000,0.25071,0.25071
7.3300,RELEASE_step_col2,0.0000,0.0000,0.0000,0.0000,-0.00014,0.00000,0.25071,0.25071
7.3400,RELEASE_step_col2,0.0000,0.0000,0.0000,0.0000,-0.00015,0.00000,0.25071,0.25071
7.3500,RELEASE_step_col2,0.0000,0.0000,0.0000,0.0000,-0.00016,0.00000,0.25071,0.25071
7.3600,RELEASE_step_col2,0.0000,0.0000,0.0000,0.0000,-0.00017,0.00000,0.25071,0.25071
7.3700,RELEASE_step_col2,0.0000,0.0000,0.0000,0.0000,-0.00018,0.00000,0.25071,0.25071
7.3800,RELEASE_step_col2,0.0000,0.0000,0.0000,0.0000,-0.00019,0.00000,0.25071,0.25071
7.3900,RELEASE_step_col2,0.0000,0.0000,0.0000,0.0000,-0.00020,0.00000,0.25071,0.25071
7.4000,RELEASE_step_col2,0.0000,0.0000,0.0000,0.0000,-0.00020,0.00000,0.25071,0.25071
7.4100,RELEASE_step_col2,0.0000,0.0000,0.0000,0.0000,-0.00020,0.00000,0.25071,0.25071
7.4200,RELEASE_step_col2,0.0000,0.0000,0.0000,0.0000,-0.00020,0.00000,0.25071,0.25071
7.4300,RELEASE_step_col2,0.0000,0.0000,0.0000,0.0000,-0.00020,0.00000,0.25071,0.25071
7.4400,RELEASE_step_col2,0.0000,0.0000,0.0000,0.0000,-0.00020,0.00000,0.25071,0.25071
7.4500,RELEASE_step_col2,0.0000,0.0000,0.0000,0.0000,-0.00019,0.00000,0.25071,0.25071
7.4600,RELEASE_step_col2,0.0000,0.0000,0.0000,0.0000,-0.00019,0.00000,0.25071,0.25071
7.4700,RELEASE_step_col2,0.0000,0.0000,0.0000,0.0000,-0.00018,0.00000,0.25071,0.25071
7.4800,RELEASE_step_col2,0.0000,0.0000,0.0000,0.0000,-0.00018,0.00000,0.25071,0.25071
7.4900,RELEASE_step_col2,0.0000,0.0000,0.0000,0.0000,-0.00017,0.00000,0.25071,0.25071
7.5000,RELEASE_step_col2,0.0000,0.0000,0.0000,0.0000,-0.00016,0.00000,0.25071,0.25071
7.5100,RELEASE_step_col2,0.0000,0.0000,0.0000,0.0000,-0.00015,0.00000,0.25071,0.25071
7.5200,RELEASE_step_col2,0.0000,0.0000,0.0000,0.0000,-0.00014,0.00000,0.25071,0.25071
7.5300,RELEASE_step_col2,0.0000,0.0000,0.0000,0.0000,-0.00013,0.00000,0.25071,0.25071
7.5400,RELEASE_step_col2,0.0000,0.0000,0.0000,0.0000,-0.00012,0.00000,0.25071,0.25071
7.5500,RELEASE_step_col2,0.0000,0.0000,0.0000,0.0000,-0.00011,0.00000,0.25071,0.25071
7.5600,RELEASE_step_col2,0.0000,0.0000,0.0000,0.0000,-0.00010,0.00000,0.25071,0.25071
7.5700,RELEASE_step_col2,0.0000,0.0000,0.0000,0.0000,-0.00008,0.00000,0.25071,0.25071
7.5800,RELEASE_step_col2,0.0000,0.0000,0.0000,0.0000,-0.00007,0.00000,0.25071,0.25071
7.5900,RELEASE_step_col2,0.0000,0.0000,0.0000,0.0000,-0.00006,0.00000,0.25071,0.25071
7.6000,RELEASE_step_col2,0.0000,0.0000,0.0000,0.0000,-0.00005,0.00000,0.25071,0.25071
7.6100,RELEASE_step_col2,0.0000,0.0000,0.0000,0.0000,-0.00004,0.00000,0.25071,0.25071
7.6200,RELEASE_step_col2,0.0000,0.0000,0.0000,0.0000,-0.00002,0.00000,0.25071,0.25071
7.6300,RELEASE_step_col2,0.0000,0.0000,0.0000,0.0000,-0.00001,0.00000,0.25071,0.25071
7.6400,RELEASE_step_col2,0.0000,0.0000,0.0000,0.0000,-0.00000,0.00000,0.25071,0.25071
7.6500,RELEASE_step_col2,0.0000,0.0000,0.0000,0.0000,0.00001,0.00000,0.25071,0.25071
7.6600,RELEASE_step_col2,0.0000,0.0000,0.0000,0.0000,0.00002,0.00000,0.25071,0.25071
7.6700,RELEASE_step_col2,0.0000,0.0000,0.0000,0.0000,0.00003,0.00000,0.25071,0.25071
7.6800,RELEASE_step_col2,0.0000,0.0000,0.0000,0.0000,0.00004,0.00000,0.25071,0.25071
7.6900,RELEASE_step_col2,0.0000,0.0000,0.0000,0.0000,0.00005,0.00000,0.25071,0.25071
7.7000,RELEASE_step_col2,0.0000,0.0000,0.0000,0.0000,0.00005,0.00000,0.25071,0.25071
7.7100,RELEASE_step_col2,0.0000,0.0000,0.0000,0.0000,0.00006,0.00000,0.25071,0.25071
7.7200,RELEASE_step_col2,0.0000,0.0000,0.0000,0.0000,0.00007,0.00000,0.25071,0.25071
7.7300,RELEASE_step_col2,0.0000,0.0000,0.0000,0.0000,0.00007,0.00000,0.25071,0.25071
7.7400,RELEASE_step_col2,0.0000,0.0000,0.0000,0.0000,0.00008,0.00000,0.25071,0.25071
7.7500,RELEASE_step_col2,0.0000,0.0000,0.0000,0.0000,0.00008,0.00000,0.25071,0.25071
7.7600,RELEASE_step_col2,0.0000,0.0000,0.0000,0.0000,0.00008,0.00000,0.25071,0.25071
7.7700,RELEASE_step_col2,0.0000,0.0000,0.0000,0.0000,0.00009,0.00000,0.25071,0.25071
7.7800,RELEASE_step_col2,0.0000,0.0000,0.0000,0.0000,0.00009,0.00000,0.25071,0.25071
7.7900,RELEASE_step_col2,0.0000,0.0000,0.0000,0.0000,0.00009,0.00000,0.25071,0.25071
7.8000,RELEASE_step_col2,0.0000,0.0000,0.0000,0.0000,0.00009,0.00000,0.25071,0.25071
7.8100,RELEASE_step_col2,0.0000,0.0000,0.0000,0.0000,0.00009,0.00000,0.25071,0.25071
7.8200,RELEASE_step_col2,0.0000,0.0000,0.0000,0.0000,0.00009,0.00000,0.25071,0.25071
7.8300,RELEASE_step_col2,0.0000,0.0000,0.0000,0.0000,0.00009,0.00000,0.25071,0.25071
7.8400,RELEASE_step_col2,0.0000,0.0000,0.0000,0.0000,0.00009,0.00000,0.25071,0.25071
7.8500,RELEASE_step_col2,0.0000,0.0000,0.0000,0.0000,0.00008,0.00000,0.25071,0.25071
7.8600,RELEASE_step_col2,0.0000,0.0000,0.0000,0.0000,0.00008,0.00000,0.25071,0.25071
7.8700,RELEASE_step_col2,0.0000,0.0000,0.0000,0.0000,0.00008,0.00000,0.25071,0.25071
7.8800,RELEASE_step_col2,0.0000,0.0000,0.0000,0.0000,0.00007,0.00000,0.25071,0.25071
7.8900,RELEASE_step_col2,0.0000,0.0000,0.0000,0.0000,0.00007,0.00000,0.25071,0.25071
7.9000,RELEASE_step_col2,0.0000,0.0000,0.0000,0.0000,0.00007,0.00000,0.25071,0.25071
7.9100,RELEASE_step_col2,0.0000,0.0000,0.0000,0.0000,0.00006,0.00000,0.25071,0.25071
7.9200,RELEASE_step_col2,0.0000,0.0000,0.0000,0.0000,0.00006,0.00000,0.25071,0.25071
7.9300,RELEASE_step_col2,0.0000,0.0000,0.0000,0.0000,0.00005,0.00000,0.25071,0.25071
7.9400,RELEASE_step_col2,0.0000,0.0000,0.0000,0.0000,0.00005,0.00000,0.25071,0.25071
7.9500,RELEASE_step_col2,0.0000,0.0000,0.0000,0.0000,0.00004,0.00000,0.25071,0.25071
7.9600,RELEASE_step_col2,0.0000,0.0000,0.0000,0.0000,0.00003,0.00000,0.25071,0.25071
7.9700,RELEASE_step_col2,0.0000,0.0000,0.0000,0.0000,0.00003,0.00000,0.25071,0.25071
7.9800,RELEASE_step_col2,0.0000,0.0000,0.0000,0.0000,0.00002,0.00000,0.25071,0.25071
7.9900,RELEASE_step_col2,0.0000,0.0000,0.0000,0.0000,0.00002,0.00000,0.25071,0.25071
8.0000,RELEASE_step_col2,0.0000,0.0000,0.0000,0.0000,0.00001,0.00000,0.25071,0.25071
0.0100,STEP_col3,0.0000,0.0000,0.0000,6.0000,-0.00000,-0.00001,0.26757,0.26757
0.0200,STEP_col3,0.0000,0.0000,0.0000,6.0000,-0.00000,-0.00006,0.26628,0.26628
0.0300,STEP_col3,0.0000,0.0000,0.0000,6.0000,-0.00000,-0.00017,0.26439,0.26439
0.0400,STEP_col3,0.0000,0.0000,0.0000,6.0000,-0.00000,-0.00035,0.26214,0.26214
0.0500,STEP_col3,0.0000,0.0000,0.0000,6.0000,-0.00000,-0.00062,0.25976,0.25976
0.0600,STEP_col3,0.0000,0.0000,0.0000,6.0000,-0.00000,-0.00098,0.25742,0.25742
0.0700,STEP_col3,0.0000,0.0000,0.0000,6.0000,-0.00000,-0.00145,0.25524,0.25525
0.0800,STEP_col3,0.0000,0.0000,0.0000,6.0000,-0.00000,-0.00201,0.25332,0.25333
0.0900,STEP_col3,0.0000,0.0000,0.0000,6.0000,-0.00000,-0.00268,0.25171,0.25172
0.1000,STEP_col3,0.0000,0.0000,0.0000,6.0000,-0.00000,-0.00345,0.25043,0.25045
0.1100,STEP_col3,0.0000,0.0000,0.0000,6.0000,-0.00000,-0.00433,0.24947,0.24951
0.1200,STEP_col3,0.0000,0.0000,0.0000,6.0000,-0.00000,-0.00530,0.24883,0.24888
0.1300,STEP_col3,0.0000,0.0000,0.0000,6.0000,-0.00000,-0.00637,0.24845,0.24854
0.1400,STEP_col3,0.0000,0.0000,0.0000,6.0000,-0.00000,-0.00753,0.24832,0.24843
0.1500,STEP_col3,0.0000,0.0000,0.0000,6.0000,-0.00000,-0.00878,0.24837,0.24852
0.1600,STEP_col3,0.0000,0.0000,0.0000,6.0000,-0.00000,-0.01011,0.24856,0.24877
0.1700,STEP_col3,0.0000,0.0000,0.0000,6.0000,-0.00000,-0.01152,0.24886,0.24913
0.1800,STEP_col3,0.0000,0.0000,0.0000,6.0000,-0.00000,-0.01300,0.24923,0.24957
0.1900,STEP_col3,0.0000,0.0000,0.0000,6.0000,-0.00000,-0.01455,0.24964,0.25006
0.2000,STEP_col3,0.0000,0.0000,0.0000,6.0000,-0.00000,-0.01616,0.25006,0.25058
0.2100,STEP_col3,0.0000,0.0000,0.0000,6.0000,-0.00000,-0.01781,0.25048,0.25111
0.2200,STEP_col3,0.0000,0.0000,0.0000,6.0000,-0.00000,-0.01951,0.25089,0.25164
0.2300,STEP_col3,0.0000,0.0000,0.0000,6.0000,-0.00000,-0.02124,0.25127,0.25217
0.2400,STEP_col3,0.0000,0.0000,0.0000,6.0000,-0.00000,-0.02299,0.25163,0.25268
0.2500,STEP_col3,0.0000,0.0000,0.0000,6.0000,-0.00000,-0.02475,0.25196,0.25317
0.2600,STEP_col3,0.0000,0.0000,0.0000,6.0000,-0.00000,-0.02652,0.25227,0.25366
0.2700,STEP_col3,0.0000,0.0000,0.0000,6.0000,-0.00000,-0.02828,0.25256,0.25414
0.2800,STEP_col3,0.0000,0.0000,0.0000,6.0000,-0.00000,-0.03003,0.25284,0.25462
0.2900,STEP_col3,0.0000,0.0000,0.0000,6.0000,-0.00000,-0.03175,0.25311,0.25509
0.3000,STEP_col3,0.0000,0.0000,0.0000,6.0000,-0.00000,-0.03343,0.25337,0.25556
0.3100,STEP_col3,0.0000,0.0000,0.0000,6.0000,-0.00000,-0.03507,0.25363,0.25604
0.3200,STEP_col3,0.0000,0.0000,0.0000,6.0000,-0.00000,-0.03666,0.25389,0.25652
0.3300,STEP_col3,0.0000,0.0000,0.0000,6.0000,-0.00000,-0.03819,0.25415,0.25700
0.3400,STEP_col3,0.0000,0.0000,0.0000,6.0000,-0.00000,-0.03965,0.25441,0.25748
0.3500,STEP_col3,0.0000,0.0000,0.0000,6.0000,-0.00000,-0.04104,0.25468,0.25796
0.3600,STEP_col3,0.0000,0.0000,0.0000,6.0000,-0.00000,-0.04235,0.25495,0.25844
0.3700,STEP_col3,0.0000,0.0000,0.0000,6.0000,-0.00000,-0.04358,0.25521,0.25891
0.3800,STEP_col3,0.0000,0.0000,0.0000,6.0000,-0.00000,-0.04473,0.25548,0.25936
0.3900,STEP_col3,0.0000,0.0000,0.0000,6.0000,-0.00000,-0.04579,0.25574,0.25980
0.4000,STEP_col3,0.0000,0.0000,0.0000,6.0000,-0.00000,-0.04676,0.25598,0.26022
0.4100,STEP_col3,0.0000,0.0000,0.0000,6.0000,-0.00000,-0.04763,0.25622,0.26061
0.4200,STEP_col3,0.0000,0.0000,0.0000,6.0000,-0.00000,-0.04842,0.25644,0.26097
0.4300,STEP_col3,0.0000,0.0000,0.0000,6.0000,-0.00000,-0.04911,0.25665,0.26130
0.4400,STEP_col3,0.0000,0.0000,0.0000,6.0000,-0.00000,-0.04971,0.25683,0.26160
0.4500,STEP_col3,0.0000,0.0000,0.0000,6.0000,-0.00000,-0.05022,0.25700,0.26186
0.4600,STEP_col3,0.0000,0.0000,0.0000,6.0000,-0.00000,-0.05064,0.25714,0.26208
0.4700,STEP_col3,0.0000,0.0000,0.0000,6.0000,-0.00000,-0.05097,0.25726,0.26226
0.4800,STEP_col3,0.0000,0.0000,0.0000,6.0000,-0.00000,-0.05121,0.25735,0.26240
0.4900,STEP_col3,0.0000,0.0000,0.0000,6.0000,-0.00000,-0.05137,0.25742,0.26250
0.5000,STEP_col3,0.0000,0.0000,0.0000,6.0000,-0.00000,-0.05145,0.25747,0.26256
0.5100,STEP_col3,0.0000,0.0000,0.0000,6.0000,-0.00000,-0.05146,0.25749,0.26258
0.5200,STEP_col3,0.0000,0.0000,0.0000,6.0000,-0.00000,-0.05139,0.25749,0.26257
0.5300,STEP_col3,0.0000,0.0000,0.0000,6.0000,-0.00000,-0.05125,0.25747,0.26252
0.5400,STEP_col3,0.0000,0.0000,0.0000,6.0000,-0.00000,-0.05104,0.25743,0.26244
0.5500,STEP_col3,0.0000,0.0000,0.0000,6.0000,-0.00000,-0.05078,0.25737,0.26233
0.5600,STEP_col3,0.0000,0.0000,0.0000,6.0000,-0.00000,-0.05046,0.25729,0.26219
0.5700,STEP_col3,0.0000,0.0000,0.0000,6.0000,-0.00000,-0.05008,0.25720,0.26203
0.5800,STEP_col3,0.0000,0.0000,0.0000,6.0000,-0.00000,-0.04966,0.25710,0.26185
0.5900,STEP_col3,0.0000,0.0000,0.0000,6.0000,-0.00000,-0.04920,0.25698,0.26165
0.6000,STEP_col3,0.0000,0.0000,0.0000,6.0000,-0.00000,-0.04871,0.25686,0.26143
0.6100,STEP_col3,0.0000,0.0000,0.0000,6.0000,-0.00000,-0.04818,0.25672,0.26121
0.6200,STEP_col3,0.0000,0.0000,0.0000,6.0000,-0.00000,-0.04762,0.25659,0.26097
0.6300,STEP_col3,0.0000,0.0000,0.0000,6.0000,-0.00000,-0.04704,0.25645,0.26072
0.6400,STEP_col3,0.0000,0.0000,0.0000,6.0000,-0.00000,-0.04645,0.25630,0.26048
0.6500,STEP_col3,0.0000,0.0000,0.0000,6.0000,-0.00000,-0.04584,0.25616,0.26023
0.6600,STEP_col3,0.0000,0.0000,0.0000,6.0000,-0.00000,-0.04523,0.25601,0.25998
0.6700,STEP_col3,0.0000,0.0000,0.0000,6.0000,-0.00000,-0.04462,0.25587,0.25973
0.6800,STEP_col3,0.0000,0.0000,0.0000,6.0000,-0.00000,-0.04400,0.25573,0.25949
0.6900,STEP_col3,0.0000,0.0000,0.0000,6.0000,-0.00000,-0.04340,0.25559,0.25925
0.7000,STEP_col3,0.0000,0.0000,0.0000,6.0000,-0.00000,-0.04280,0.25546,0.25902
0.7100,STEP_col3,0.0000,0.0000,0.0000,6.0000,-0.00000,-0.04222,0.25533,0.25880
0.7200,STEP_col3,0.0000,0.0000,0.0000,6.0000,-0.00000,-0.04166,0.25521,0.25859
0.7300,STEP_col3,0.0000,0.0000,0.0000,6.0000,-0.00000,-0.04112,0.25510,0.25839
0.7400,STEP_col3,0.0000,0.0000,0.0000,6.0000,-0.00000,-0.04060,0.25499,0.25820
0.7500,STEP_col3,0.0000,0.0000,0.0000,6.0000,-0.00000,-0.04011,0.25489,0.25803
0.7600,STEP_col3,0.0000,0.0000,0.0000,6.0000,-0.00000,-0.03965,0.25480,0.25787
0.7700,STEP_col3,0.0000,0.0000,0.0000,6.0000,-0.00000,-0.03922,0.25471,0.25772
0.7800,STEP_col3,0.0000,0.0000,0.0000,6.0000,-0.00000,-0.03882,0.25464,0.25758
0.7900,STEP_col3,0.0000,0.0000,0.0000,6.0000,-0.00000,-0.03846,0.25457,0.25746
0.8000,STEP_col3,0.0000,0.0000,0.0000,6.0000,-0.00000,-0.03814,0.25451,0.25735
0.8100,STEP_col3,0.0000,0.0000,0.0000,6.0000,-0.00000,-0.03785,0.25445,0.25725
0.8200,STEP_col3,0.0000,0.0000,0.0000,6.0000,-0.00000,-0.03760,0.25441,0.25717
0.8300,STEP_col3,0.0000,0.0000,0.0000,6.0000,-0.00000,-0.03738,0.25437,0.25710
0.8400,STEP_col3,0.0000,0.0000,0.0000,6.0000,-0.00000,-0.03721,0.25434,0.25705
0.8500,STEP_col3,0.0000,0.0000,0.0000,6.0000,-0.00000,-0.03707,0.25432,0.25700
0.8600,STEP_col3,0.0000,0.0000,0.0000,6.0000,-0.00000,-0.03697,0.25430,0.25697
0.8700,STEP_col3,0.0000,0.0000,0.0000,6.0000,-0.00000,-0.03690,0.25429,0.25696
0.8800,STEP_col3,0.0000,0.0000,0.0000,6.0000,-0.00000,-0.03687,0.25429,0.25695
0.8900,STEP_col3,0.0000,0.0000,0.0000,6.0000,-0.00000,-0.03688,0.25429,0.25695
0.9000,STEP_col3,0.0000,0.0000,0.0000,6.0000,-0.00000,-0.03692,0.25430,0.25697
0.9100,STEP_col3,0.0000,0.0000,0.0000,6.0000,-0.00000,-0.03698,0.25432,0.25699
0.9200,STEP_col3,0.0000,0.0000,0.0000,6.0000,-0.00000,-0.03708,0.25434,0.25703
0.9300,STEP_col3,0.0000,0.0000,0.0000,6.0000,-0.00000,-0.03721,0.25437,0.25707
0.9400,STEP_col3,0.0000,0.0000,0.0000,6.0000,-0.00000,-0.03736,0.25440,0.25713
0.9500,STEP_col3,0.0000,0.0000,0.0000,6.0000,-0.00000,-0.03753,0.25444,0.25719
0.9600,STEP_col3,0.0000,0.0000,0.0000,6.0000,-0.00000,-0.03773,0.25448,0.25726
0.9700,STEP_col3,0.0000,0.0000,0.0000,6.0000,-0.00000,-0.03794,0.25452,0.25733
0.9800,STEP_col3,0.0000,0.0000,0.0000,6.0000,-0.00000,-0.03818,0.25457,0.25742
0.9900,STEP_col3,0.0000,0.0000,0.0000,6.0000,-0.00000,-0.03842,0.25462,0.25750
1.0000,STEP_col3,0.0000,0.0000,0.0000,6.0000,-0.00000,-0.03868,0.25467,0.25759
1.0100,STEP_col3,0.0000,0.0000,0.0000,6.0000,-0.00000,-0.03895,0.25473,0.25769
1.0200,STEP_col3,0.0000,0.0000,0.0000,6.0000,-0.00000,-0.03923,0.25479,0.25779
1.0300,STEP_col3,0.0000,0.0000,0.0000,6.0000,-0.00000,-0.03951,0.25485,0.25789
1.0400,STEP_col3,0.0000,0.0000,0.0000,6.0000,-0.00000,-0.03980,0.25491,0.25800
1.0500,STEP_col3,0.0000,0.0000,0.0000,6.0000,-0.00000,-0.04008,0.25497,0.25810
1.0600,STEP_col3,0.0000,0.0000,0.0000,6.0000,-0.00000,-0.04037,0.25503,0.25821
1.0700,STEP_col3,0.0000,0.0000,0.0000,6.0000,-0.00000,-0.04065,0.25509,0.25831
1.0800,STEP_col3,0.0000,0.0000,0.0000,6.0000,-0.00000,-0.04093,0.25515,0.25842
1.0900,STEP_col3,0.0000,0.0000,0.0000,6.0000,-0.00000,-0.04121,0.25521,0.25852
1.1000,STEP_col3,0.0000,0.0000,0.0000,6.0000,-0.00000,-0.04147,0.25527,0.25862
1.1100,STEP_col3,0.0000,0.0000,0.0000,6.0000,-0.00000,-0.04173,0.25533,0.25872
1.1200,STEP_col3,0.0000,0.0000,0.0000,6.0000,-0.00000,-0.04198,0.25538,0.25881
1.1300,STEP_col3,0.0000,0.0000,0.0000,6.0000,-0.00000,-0.04221,0.25544,0.25890
1.1400,STEP_col3,0.0000,0.0000,0.0000,6.0000,-0.00000,-0.04243,0.25549,0.25899
1.1500,STEP_col3,0.0000,0.0000,0.0000,6.0000,-0.00000,-0.04264,0.25553,0.25907
1.1600,STEP_col3,0.0000,0.0000,0.0000,6.0000,-0.00000,-0.04283,0.25558,0.25914
1.1700,STEP_col3,0.0000,0.0000,0.0000,6.0000,-0.00000,-0.04300,0.25562,0.25921
1.1800,STEP_col3,0.0000,0.0000,0.0000,6.0000,-0.00000,-0.04317,0.25566,0.25927
1.1900,STEP_col3,0.0000,0.0000,0.0000,6.0000,-0.00000,-0.04331,0.25569,0.25933
1.2000,STEP_col3,0.0000,0.0000,0.0000,6.0000,-0.00000,-0.04344,0.25572,0.25938
1.2100,STEP_col3,0.0000,0.0000,0.0000,6.0000,-0.00000,-0.04355,0.25574,0.25943
1.2200,STEP_col3,0.0000,0.0000,0.0000,6.0000,-0.00000,-0.04364,0.25577,0.25946
1.2300,STEP_col3,0.0000,0.0000,0.0000,6.0000,-0.00000,-0.04372,0.25578,0.25949
1.2400,STEP_col3,0.0000,0.0000,0.0000,6.0000,-0.00000,-0.04377,0.25580,0.25952
1.2500,STEP_col3,0.0000,0.0000,0.0000,6.0000,-0.00000,-0.04382,0.25581,0.25953
1.2600,STEP_col3,0.0000,0.0000,0.0000,6.0000,-0.00000,-0.04384,0.25582,0.25955
1.2700,STEP_col3,0.0000,0.0000,0.0000,6.0000,-0.00000,-0.04385,0.25582,0.25955
1.2800,STEP_col3,0.0000,0.0000,0.0000,6.0000,-0.00000,-0.04385,0.25582,0.25955
1.2900,STEP_col3,0.0000,0.0000,0.0000,6.0000,-0.00000,-0.04383,0.25581,0.25954
1.3000,STEP_col3,0.0000,0.0000,0.0000,6.0000,-0.00000,-0.04380,0.25581,0.25953
1.3100,STEP_col3,0.0000,0.0000,0.0000,6.0000,-0.00000,-0.04376,0.25580,0.25951
1.3200,STEP_col3,0.0000,0.0000,0.0000,6.0000,-0.00000,-0.04370,0.25578,0.25949
1.3300,STEP_col3,0.0000,0.0000,0.0000,6.0000,-0.00000,-0.04363,0.25577,0.25946
1.3400,STEP_col3,0.0000,0.0000,0.0000,6.0000,-0.00000,-0.04355,0.25575,0.25943
1.3500,STEP_col3,0.0000,0.0000,0.0000,6.0000,-0.00000,-0.04346,0.25573,0.25939
1.3600,STEP_col3,0.0000,0.0000,0.0000,6.0000,-0.00000,-0.04337,0.25570,0.25936
1.3700,STEP_col3,0.0000,0.0000,0.0000,6.0000,-0.00000,-0.04326,0.25568,0.25932
1.3800,STEP_col3,0.0000,0.0000,0.0000,6.0000,-0.00000,-0.04315,0.25566,0.25927
1.3900,STEP_col3,0.0000,0.0000,0.0000,6.0000,-0.00000,-0.04304,0.25563,0.25923
1.4000,STEP_col3,0.0000,0.0000,0.0000,6.0000,-0.00000,-0.04292,0.25560,0.25918
1.4100,STEP_col3,0.0000,0.0000,0.0000,6.0000,-0.00000,-0.04280,0.25557,0.25913
1.4200,STEP_col3,0.0000,0.0000,0.0000,6.0000,-0.00000,-0.04267,0.25555,0.25908
1.4300,STEP_col3,0.0000,0.0000,0.0000,6.0000,-0.00000,-0.04254,0.25552,0.25903
1.4400,STEP_col3,0.0000,0.0000,0.0000,6.0000,-0.00000,-0.04242,0.25549,0.25898
1.4500,STEP_col3,0.0000,0.0000,0.0000,6.0000,-0.00000,-0.04229,0.25546,0.25894
1.4600,STEP_col3,0.0000,0.0000,0.0000,6.0000,-0.00000,-0.04216,0.25543,0.25889
1.4700,STEP_col3,0.0000,0.0000,0.0000,6.0000,-0.00000,-0.04204,0.25540,0.25884
1.4800,STEP_col3,0.0000,0.0000,0.0000,6.0000,-0.00000,-0.04192,0.25538,0.25879
1.4900,STEP_col3,0.0000,0.0000,0.0000,6.0000,-0.00000,-0.04180,0.25535,0.25875
1.5000,STEP_col3,0.0000,0.0000,0.0000,6.0000,-0.00000,-0.04169,0.25533,0.25871
1.5100,STEP_col3,0.0000,0.0000,0.0000,6.0000,-0.00000,-0.04158,0.25530,0.25867
1.5200,STEP_col3,0.0000,0.0000,0.0000,6.0000,-0.00000,-0.04148,0.25528,0.25863
1.5300,STEP_col3,0.0000,0.0000,0.0000,6.0000,-0.00000,-0.04139,0.25526,0.25859
1.5400,STEP_col3,0.0000,0.0000,0.0000,6.0000,-0.00000,-0.04130,0.25524,0.25856
1.5500,STEP_col3,0.0000,0.0000,0.0000,6.0000,-0.00000,-0.04121,0.25522,0.25853
1.5600,STEP_col3,0.0000,0.0000,0.0000,6.0000,-0.00000,-0.04114,0.25520,0.25850
1.5700,STEP_col3,0.0000,0.0000,0.0000,6.0000,-0.00000,-0.04107,0.25519,0.25847
1.5800,STEP_col3,0.0000,0.0000,0.0000,6.0000,-0.00000,-0.04100,0.25518,0.25845
1.5900,STEP_col3,0.0000,0.0000,0.0000,6.0000,-0.00000,-0.04095,0.25516,0.25843
1.6000,STEP_col3,0.0000,0.0000,0.0000,6.0000,-0.00000,-0.04090,0.25515,0.25841
1.6100,STEP_col3,0.0000,0.0000,0.0000,6.0000,-0.00000,-0.04086,0.25515,0.25840
1.6200,STEP_col3,0.0000,0.0000,0.0000,6.0000,-0.00000,-0.04083,0.25514,0.25839
1.6300,STEP_col3,0.0000,0.0000,0.0000,6.0000,-0.00000,-0.04081,0.25513,0.25838
1.6400,STEP_col3,0.0000,0.0000,0.0000,6.0000,-0.00000,-0.04079,0.25513,0.25837
1.6500,STEP_col3,0.0000,0.0000,0.0000,6.0000,-0.00000,-0.04078,0.25513,0.25837
1.6600,STEP_col3,0.0000,0.0000,0.0000,6.0000,-0.00000,-0.04078,0.25513,0.25837
1.6700,STEP_col3,0.0000,0.0000,0.0000,6.0000,-0.00000,-0.04078,0.25513,0.25837
1.6800,STEP_col3,0.0000,0.0000,0.0000,6.0000,-0.00000,-0.04079,0.25513,0.25837
1.6900,STEP_col3,0.0000,0.0000,0.0000,6.0000,-0.00000,-0.04081,0.25514,0.25838
1.7000,STEP_col3,0.0000,0.0000,0.0000,6.0000,-0.00000,-0.04083,0.25514,0.25839
1.7100,STEP_col3,0.0000,0.0000,0.0000,6.0000,-0.00000,-0.04086,0.25515,0.25840
1.7200,STEP_col3,0.0000,0.0000,0.0000,6.0000,-0.00000,-0.04089,0.25515,0.25841
1.7300,STEP_col3,0.0000,0.0000,0.0000,6.0000,-0.00000,-0.04093,0.25516,0.25842
1.7400,STEP_col3,0.0000,0.0000,0.0000,6.0000,-0.00000,-0.04097,0.25517,0.25844
1.7500,STEP_col3,0.0000,0.0000,0.0000,6.0000,-0.00000,-0.04101,0.25518,0.25846
1.7600,STEP_col3,0.0000,0.0000,0.0000,6.0000,-0.00000,-0.04106,0.25519,0.25847
1.7700,STEP_col3,0.0000,0.0000,0.0000,6.0000,-0.00000,-0.04111,0.25520,0.25849
1.7800,STEP_col3,0.0000,0.0000,0.0000,6.0000,-0.00000,-0.04116,0.25521,0.25851
1.7900,STEP_col3,0.0000,0.0000,0.0000,6.0000,-0.00000,-0.04122,0.25523,0.25853
1.8000,STEP_col3,0.0000,0.0000,0.0000,6.0000,-0.00000,-0.04127,0.25524,0.25855
1.8100,STEP_col3,0.0000,0.0000,0.0000,6.0000,-0.00000,-0.04133,0.25525,0.25857
1.8200,STEP_col3,0.0000,0.0000,0.0000,6.0000,-0.00000,-0.04139,0.25526,0.25860
1.8300,STEP_col3,0.0000,0.0000,0.0000,6.0000,-0.00000,-0.04144,0.25528,0.25862
1.8400,STEP_col3,0.0000,0.0000,0.0000,6.0000,-0.00000,-0.04150,0.25529,0.25864
1.8500,STEP_col3,0.0000,0.0000,0.0000,6.0000,-0.00000,-0.04156,0.25530,0.25866
1.8600,STEP_col3,0.0000,0.0000,0.0000,6.0000,-0.00000,-0.04161,0.25531,0.25868
1.8700,STEP_col3,0.0000,0.0000,0.0000,6.0000,-0.00000,-0.04166,0.25532,0.25870
1.8800,STEP_col3,0.0000,0.0000,0.0000,6.0000,-0.00000,-0.04172,0.25534,0.25872
1.8900,STEP_col3,0.0000,0.0000,0.0000,6.0000,-0.00000,-0.04177,0.25535,0.25874
1.9000,STEP_col3,0.0000,0.0000,0.0000,6.0000,-0.00000,-0.04181,0.25536,0.25876
1.9100,STEP_col3,0.0000,0.0000,0.0000,6.0000,-0.00000,-0.04186,0.25537,0.25877
1.9200,STEP_col3,0.0000,0.0000,0.0000,6.0000,-0.00000,-0.04190,0.25538,0.25879
1.9300,STEP_col3,0.0000,0.0000,0.0000,6.0000,-0.00000,-0.04194,0.25538,0.25881
1.9400,STEP_col3,0.0000,0.0000,0.0000,6.0000,-0.00000,-0.04198,0.25539,0.25882
1.9500,STEP_col3,0.0000,0.0000,0.0000,6.0000,-0.00000,-0.04201,0.25540,0.25883
1.9600,STEP_col3,0.0000,0.0000,0.0000,6.0000,-0.00000,-0.04204,0.25541,0.25884
1.9700,STEP_col3,0.0000,0.0000,0.0000,6.0000,-0.00000,-0.04207,0.25541,0.25885
1.9800,STEP_col3,0.0000,0.0000,0.0000,6.0000,-0.00000,-0.04209,0.25542,0.25886
1.9900,STEP_col3,0.0000,0.0000,0.0000,6.0000,-0.00000,-0.04211,0.25542,0.25887
2.0000,STEP_col3,0.0000,0.0000,0.0000,6.0000,-0.00000,-0.04212,0.25543,0.25888
2.0100,STEP_col3,0.0000,0.0000,0.0000,6.0000,-0.00000,-0.04214,0.25543,0.25888
2.0200,STEP_col3,0.0000,0.0000,0.0000,6.0000,-0.00000,-0.04215,0.25543,0.25889
2.0300,STEP_col3,0.0000,0.0000,0.0000,6.0000,-0.00000,-0.04215,0.25543,0.25889
2.0400,STEP_col3,0.0000,0.0000,0.0000,6.0000,-0.00000,-0.04216,0.25543,0.25889
2.0500,STEP_col3,0.0000,0.0000,0.0000,6.0000,-0.00000,-0.04216,0.25543,0.25889
2.0600,STEP_col3,0.0000,0.0000,0.0000,6.0000,-0.00000,-0.04216,0.25543,0.25889
2.0700,STEP_col3,0.0000,0.0000,0.0000,6.0000,-0.00000,-0.04215,0.25543,0.25889
2.0800,STEP_col3,0.0000,0.0000,0.0000,6.0000,-0.00000,-0.04214,0.25543,0.25888
2.0900,STEP_col3,0.0000,0.0000,0.0000,6.0000,-0.00000,-0.04213,0.25543,0.25888
2.1000,STEP_col3,0.0000,0.0000,0.0000,6.0000,-0.00000,-0.04212,0.25542,0.25887
2.1100,STEP_col3,0.0000,0.0000,0.0000,6.0000,-0.00000,-0.04210,0.25542,0.25887
2.1200,STEP_col3,0.0000,0.0000,0.0000,6.0000,-0.00000,-0.04209,0.25542,0.25886
2.1300,STEP_col3,0.0000,0.0000,0.0000,6.0000,-0.00000,-0.04207,0.25541,0.25885
2.1400,STEP_col3,0.0000,0.0000,0.0000,6.0000,-0.00000,-0.04205,0.25541,0.25885
2.1500,STEP_col3,0.0000,0.0000,0.0000,6.0000,-0.00000,-0.04203,0.25540,0.25884
2.1600,STEP_col3,0.0000,0.0000,0.0000,6.0000,-0.00000,-0.04200,0.25540,0.25883
2.1700,STEP_col3,0.0000,0.0000,0.0000,6.0000,-0.00000,-0.04198,0.25539,0.25882
2.1800,STEP_col3,0.0000,0.0000,0.0000,6.0000,-0.00000,-0.04196,0.25539,0.25881
2.1900,STEP_col3,0.0000,0.0000,0.0000,6.0000,-0.00000,-0.04193,0.25538,0.25880
2.2000,STEP_col3,0.0000,0.0000,0.0000,6.0000,-0.00000,-0.04191,0.25538,0.25879
2.2100,STEP_col3,0.0000,0.0000,0.0000,6.0000,-0.00000,-0.04188,0.25537,0.25878
2.2200,STEP_col3,0.0000,0.0000,0.0000,6.0000,-0.00000,-0.04185,0.25537,0.25877
2.2300,STEP_col3,0.0000,0.0000,0.0000,6.0000,-0.00000,-0.04183,0.25536,0.25876
2.2400,STEP_col3,0.0000,0.0000,0.0000,6.0000,-0.00000,-0.04180,0.25535,0.25875
2.2500,STEP_col3,0.0000,0.0000,0.0000,6.0000,-0.00000,-0.04178,0.25535,0.25874
2.2600,STEP_col3,0.0000,0.0000,0.0000,6.0000,-0.00000,-0.04176,0.25534,0.25874
2.2700,STEP_col3,0.0000,0.0000,0.0000,6.0000,-0.00000,-0.04173,0.25534,0.25873
2.2800,STEP_col3,0.0000,0.0000,0.0000,6.0000,-0.00000,-0.04171,0.25533,0.25872
2.2900,STEP_col3,0.0000,0.0000,0.0000,6.0000,-0.00000,-0.04169,0.25533,0.25871
2.3000,STEP_col3,0.0000,0.0000,0.0000,6.0000,-0.00000,-0.04167,0.25532,0.25870
2.3100,STEP_col3,0.0000,0.0000,0.0000,6.0000,-0.00000,-0.04165,0.25532,0.25870
2.3200,STEP_col3,0.0000,0.0000,0.0000,6.0000,-0.00000,-0.04164,0.25532,0.25869
2.3300,STEP_col3,0.0000,0.0000,0.0000,6.0000,-0.00000,-0.04162,0.25531,0.25868
2.3400,STEP_col3,0.0000,0.0000,0.0000,6.0000,-0.00000,-0.04161,0.25531,0.25868
2.3500,STEP_col3,0.0000,0.0000,0.0000,6.0000,-0.00000,-0.04159,0.25531,0.25867
2.3600,STEP_col3,0.0000,0.0000,0.0000,6.0000,-0.00000,-0.04158,0.25530,0.25867
2.3700,STEP_col3,0.0000,0.0000,0.0000,6.0000,-0.00000,-0.04157,0.25530,0.25866
2.3800,STEP_col3,0.0000,0.0000,0.0000,6.0000,-0.00000,-0.04156,0.25530,0.25866
2.3900,STEP_col3,0.0000,0.0000,0.0000,6.0000,-0.00000,-0.04156,0.25530,0.25866
2.4000,STEP_col3,0.0000,0.0000,0.0000,6.0000,-0.00000,-0.04155,0.25530,0.25866
2.4100,STEP_col3,0.0000,0.0000,0.0000,6.0000,-0.00000,-0.04155,0.25530,0.25866
2.4200,STEP_col3,0.0000,0.0000,0.0000,6.0000,-0.00000,-0.04154,0.25530,0.25865
2.4300,STEP_col3,0.0000,0.0000,0.0000,6.0000,-0.00000,-0.04154,0.25530,0.25865
2.4400,STEP_col3,0.0000,0.0000,0.0000,6.0000,-0.00000,-0.04154,0.25530,0.25865
2.4500,STEP_col3,0.0000,0.0000,0.0000,6.0000,-0.00000,-0.04155,0.25530,0.25866
2.4600,STEP_col3,0.0000,0.0000,0.0000,6.0000,-0.00000,-0.04155,0.25530,0.25866
2.4700,STEP_col3,0.0000,0.0000,0.0000,6.0000,-0.00000,-0.04155,0.25530,0.25866
2.4800,STEP_col3,0.0000,0.0000,0.0000,6.0000,-0.00000,-0.04156,0.25530,0.25866
2.4900,STEP_col3,0.0000,0.0000,0.0000,6.0000,-0.00000,-0.04156,0.25530,0.25866
2.5000,STEP_col3,0.0000,0.0000,0.0000,6.0000,-0.00000,-0.04157,0.25530,0.25866
2.5100,STEP_col3,0.0000,0.0000,0.0000,6.0000,-0.00000,-0.04158,0.25530,0.25867
2.5200,STEP_col3,0.0000,0.0000,0.0000,6.0000,-0.00000,-0.04159,0.25531,0.25867
2.5300,STEP_col3,0.0000,0.0000,0.0000,6.0000,-0.00000,-0.04160,0.25531,0.25867
2.5400,STEP_col3,0.0000,0.0000,0.0000,6.0000,-0.00000,-0.04161,0.25531,0.25868
2.5500,STEP_col3,0.0000,0.0000,0.0000,6.0000,-0.00000,-0.04162,0.25531,0.25868
2.5600,STEP_col3,0.0000,0.0000,0.0000,6.0000,-0.00000,-0.04163,0.25531,0.25869
2.5700,STEP_col3,0.0000,0.0000,0.0000,6.0000,-0.00000,-0.04164,0.25532,0.25869
2.5800,STEP_col3,0.0000,0.0000,0.0000,6.0000,-0.00000,-0.04165,0.25532,0.25869
2.5900,STEP_col3,0.0000,0.0000,0.0000,6.0000,-0.00000,-0.04166,0.25532,0.25870
2.6000,STEP_col3,0.0000,0.0000,0.0000,6.0000,-0.00000,-0.04167,0.25532,0.25870
2.6100,STEP_col3,0.0000,0.0000,0.0000,6.0000,-0.00000,-0.04168,0.25533,0.25871
2.6200,STEP_col3,0.0000,0.0000,0.0000,6.0000,-0.00000,-0.04169,0.25533,0.25871
2.6300,STEP_col3,0.0000,0.0000,0.0000,6.0000,-0.00000,-0.04170,0.25533,0.25872
2.6400,STEP_col3,0.0000,0.0000,0.0000,6.0000,-0.00000,-0.04172,0.25533,0.25872
2.6500,STEP_col3,0.0000,0.0000,0.0000,6.0000,-0.00000,-0.04173,0.25534,0.25872
2.6600,STEP_col3,0.0000,0.0000,0.0000,6.0000,-0.00000,-0.04174,0.25534,0.25873
2.6700,STEP_col3,0.0000,0.0000,0.0000,6.0000,-0.00000,-0.04175,0.25534,0.25873
2.6800,STEP_col3,0.0000,0.0000,0.0000,6.0000,-0.00000,-0.04175,0.25534,0.25873
2.6900,STEP_col3,0.0000,0.0000,0.0000,6.0000,-0.00000,-0.04176,0.25535,0.25874
2.7000,STEP_col3,0.0000,0.0000,0.0000,6.0000,-0.00000,-0.04177,0.25535,0.25874
2.7100,STEP_col3,0.0000,0.0000,0.0000,6.0000,-0.00000,-0.04178,0.25535,0.25874
2.7200,STEP_col3,0.0000,0.0000,0.0000,6.0000,-0.00000,-0.04179,0.25535,0.25875
2.7300,STEP_col3,0.0000,0.0000,0.0000,6.0000,-0.00000,-0.04179,0.25535,0.25875
2.7400,STEP_col3,0.0000,0.0000,0.0000,6.0000,-0.00000,-0.04180,0.25535,0.25875
2.7500,STEP_col3,0.0000,0.0000,0.0000,6.0000,-0.00000,-0.04180,0.25535,0.25875
2.7600,STEP_col3,0.0000,0.0000,0.0000,6.0000,-0.00000,-0.04181,0.25535,0.25875
2.7700,STEP_col3,0.0000,0.0000,0.0000,6.0000,-0.00000,-0.04181,0.25536,0.25876
2.7800,STEP_col3,0.0000,0.0000,0.0000,6.0000,-0.00000,-0.04181,0.25536,0.25876
2.7900,STEP_col3,0.0000,0.0000,0.0000,6.0000,-0.00000,-0.04182,0.25536,0.25876
2.8000,STEP_col3,0.0000,0.0000,0.0000,6.0000,-0.00000,-0.04182,0.25536,0.25876
2.8100,STEP_col3,0.0000,0.0000,0.0000,6.0000,-0.00000,-0.04182,0.25536,0.25876
2.8200,STEP_col3,0.0000,0.0000,0.0000,6.0000,-0.00000,-0.04182,0.25536,0.25876
2.8300,STEP_col3,0.0000,0.0000,0.0000,6.0000,-0.00000,-0.04182,0.25536,0.25876
2.8400,STEP_col3,0.0000,0.0000,0.0000,6.0000,-0.00000,-0.04182,0.25536,0.25876
2.8500,STEP_col3,0.0000,0.0000,0.0000,6.0000,-0.00000,-0.04182,0.25536,0.25876
2.8600,STEP_col3,0.0000,0.0000,0.0000,6.0000,-0.00000,-0.04181,0.25536,0.25876
2.8700,STEP_col3,0.0000,0.0000,0.0000,6.0000,-0.00000,-0.04181,0.25536,0.25876
2.8800,STEP_col3,0.0000,0.0000,0.0000,6.0000,-0.00000,-0.04181,0.25536,0.25876
2.8900,STEP_col3,0.0000,0.0000,0.0000,6.0000,-0.00000,-0.04181,0.25535,0.25875
2.9000,STEP_col3,0.0000,0.0000,0.0000,6.0000,-0.00000,-0.04180,0.25535,0.25875
2.9100,STEP_col3,0.0000,0.0000,0.0000,6.0000,-0.00000,-0.04180,0.25535,0.25875
2.9200,STEP_col3,0.0000,0.0000,0.0000,6.0000,-0.00000,-0.04179,0.25535,0.25875
2.9300,STEP_col3,0.0000,0.0000,0.0000,6.0000,-0.00000,-0.04179,0.25535,0.25875
2.9400,STEP_col3,0.0000,0.0000,0.0000,6.0000,-0.00000,-0.04178,0.25535,0.25875
2.9500,STEP_col3,0.0000,0.0000,0.0000,6.0000,-0.00000,-0.04178,0.25535,0.25874
2.9600,STEP_col3,0.0000,0.0000,0.0000,6.0000,-0.00000,-0.04177,0.25535,0.25874
2.9700,STEP_col3,0.0000,0.0000,0.0000,6.0000,-0.00000,-0.04177,0.25535,0.25874
2.9800,STEP_col3,0.0000,0.0000,0.0000,6.0000,-0.00000,-0.04176,0.25535,0.25874
2.9900,STEP_col3,0.0000,0.0000,0.0000,6.0000,-0.00000,-0.04176,0.25534,0.25874
3.0000,STEP_col3,0.0000,0.0000,0.0000,6.0000,-0.00000,-0.04175,0.25534,0.25873
3.0100,STEP_col3,0.0000,0.0000,0.0000,6.0000,-0.00000,-0.04175,0.25534,0.25873
3.0200,STEP_col3,0.0000,0.0000,0.0000,6.0000,-0.00000,-0.04174,0.25534,0.25873
3.0300,STEP_col3,0.0000,0.0000,0.0000,6.0000,-0.00000,-0.04174,0.25534,0.25873
3.0400,STEP_col3,0.0000,0.0000,0.0000,6.0000,-0.00000,-0.04174,0.25534,0.25873
3.0500,STEP_col3,0.0000,0.0000,0.0000,6.0000,-0.00000,-0.04173,0.25534,0.25873
3.0600,STEP_col3,0.0000,0.0000,0.0000,6.0000,-0.00000,-0.04173,0.25534,0.25872
3.0700,STEP_col3,0.0000,0.0000,0.0000,6.0000,-0.00000,-0.04172,0.25534,0.25872
3.0800,STEP_col3,0.0000,0.0000,0.0000,6.0000,-0.00000,-0.04172,0.25534,0.25872
3.0900,STEP_col3,0.0000,0.0000,0.0000,6.0000,-0.00000,-0.04172,0.25533,0.25872
3.1000,STEP_col3,0.0000,0.0000,0.0000,6.0000,-0.00000,-0.04171,0.25533,0.25872
3.1100,STEP_col3,0.0000,0.0000,0.0000,6.0000,-0.00000,-0.04171,0.25533,0.25872
3.1200,STEP_col3,0.0000,0.0000,0.0000,6.0000,-0.00000,-0.04171,0.25533,0.25872
3.1300,STEP_col3,0.0000,0.0000,0.0000,6.0000,-0.00000,-0.04170,0.25533,0.25872
3.1400,STEP_col3,0.0000,0.0000,0.0000,6.0000,-0.00000,-0.04170,0.25533,0.25871
3.1500,STEP_col3,0.0000,0.0000,0.0000,6.0000,-0.00000,-0.04170,0.25533,0.25871
3.1600,STEP_col3,0.0000,0.0000,0.0000,6.0000,-0.00000,-0.04170,0.25533,0.25871
3.1700,STEP_col3,0.0000,0.0000,0.0000,6.0000,-0.00000,-0.04170,0.25533,0.25871
3.1800,STEP_col3,0.0000,0.0000,0.0000,6.0000,-0.00000,-0.04170,0.25533,0.25871
3.1900,STEP_col3,0.0000,0.0000,0.0000,6.0000,-0.00000,-0.04170,0.25533,0.25871
3.2000,STEP_col3,0.0000,0.0000,0.0000,6.0000,-0.00000,-0.04170,0.25533,0.25871
3.2100,STEP_col3,0.0000,0.0000,0.0000,6.0000,-0.00000,-0.04170,0.25533,0.25871
3.2200,STEP_col3,0.0000,0.0000,0.0000,6.0000,-0.00000,-0.04170,0.25533,0.25871
3.2300,STEP_col3,0.0000,0.0000,0.0000,6.0000,-0.00000,-0.04170,0.25533,0.25871
3.2400,STEP_col3,0.0000,0.0000,0.0000,6.0000,-0.00000,-0.04170,0.25533,0.25871
3.2500,STEP_col3,0.0000,0.0000,0.0000,6.0000,-0.00000,-0.04170,0.25533,0.25871
3.2600,STEP_col3,0.0000,0.0000,0.0000,6.0000,-0.00000,-0.04170,0.25533,0.25871
3.2700,STEP_col3,0.0000,0.0000,0.0000,6.0000,-0.00000,-0.04170,0.25533,0.25871
3.2800,STEP_col3,0.0000,0.0000,0.0000,6.0000,-0.00000,-0.04170,0.25533,0.25871
3.2900,STEP_col3,0.0000,0.0000,0.0000,6.0000,-0.00000,-0.04170,0.25533,0.25872
3.3000,STEP_col3,0.0000,0.0000,0.0000,6.0000,-0.00000,-0.04170,0.25533,0.25872
3.3100,STEP_col3,0.0000,0.0000,0.0000,6.0000,-0.00000,-0.04171,0.25533,0.25872
3.3200,STEP_col3,0.0000,0.0000,0.0000,6.0000,-0.00000,-0.04171,0.25533,0.25872
3.3300,STEP_col3,0.0000,0.0000,0.0000,6.0000,-0.00000,-0.04171,0.25533,0.25872
3.3400,STEP_col3,0.0000,0.0000,0.0000,6.0000,-0.00000,-0.04171,0.25533,0.25872
3.3500,STEP_col3,0.0000,0.0000,0.0000,6.0000,-0.00000,-0.04172,0.25533,0.25872
3.3600,STEP_col3,0.0000,0.0000,0.0000,6.0000,-0.00000,-0.04172,0.25534,0.25872
3.3700,STEP_col3,0.0000,0.0000,0.0000,6.0000,-0.00000,-0.04172,0.25534,0.25872
3.3800,STEP_col3,0.0000,0.0000,0.0000,6.0000,-0.00000,-0.04172,0.25534,0.25872
3.3900,STEP_col3,0.0000,0.0000,0.0000,6.0000,-0.00000,-0.04172,0.25534,0.25872
3.4000,STEP_col3,0.0000,0.0000,0.0000,6.0000,-0.00000,-0.04173,0.25534,0.25872
3.4100,STEP_col3,0.0000,0.0000,0.0000,6.0000,-0.00000,-0.04173,0.25534,0.25872
3.4200,STEP_col3,0.0000,0.0000,0.0000,6.0000,-0.00000,-0.04173,0.25534,0.25873
3.4300,STEP_col3,0.0000,0.0000,0.0000,6.0000,-0.00000,-0.04173,0.25534,0.25873
3.4400,STEP_col3,0.0000,0.0000,0.0000,6.0000,-0.00000,-0.04173,0.25534,0.25873
3.4500,STEP_col3,0.0000,0.0000,0.0000,6.0000,-0.00000,-0.04174,0.25534,0.25873
3.4600,STEP_col3,0.0000,0.0000,0.0000,6.0000,-0.00000,-0.04174,0.25534,0.25873
3.4700,STEP_col3,0.0000,0.0000,0.0000,6.0000,-0.00000,-0.04174,0.25534,0.25873
3.4800,STEP_col3,0.0000,0.0000,0.0000,6.0000,-0.00000,-0.04174,0.25534,0.25873
3.4900,STEP_col3,0.0000,0.0000,0.0000,6.0000,-0.00000,-0.04174,0.25534,0.25873
3.5000,STEP_col3,0.0000,0.0000,0.0000,6.0000,-0.00000,-0.04174,0.25534,0.25873
3.5100,STEP_col3,0.0000,0.0000,0.0000,6.0000,-0.00000,-0.04175,0.25534,0.25873
3.5200,STEP_col3,0.0000,0.0000,0.0000,6.0000,-0.00000,-0.04175,0.25534,0.25873
3.5300,STEP_col3,0.0000,0.0000,0.0000,6.0000,-0.00000,-0.04175,0.25534,0.25873
3.5400,STEP_col3,0.0000,0.0000,0.0000,6.0000,-0.00000,-0.04175,0.25534,0.25873
3.5500,STEP_col3,0.0000,0.0000,0.0000,6.0000,-0.00000,-0.04175,0.25534,0.25873
3.5600,STEP_col3,0.0000,0.0000,0.0000,6.0000,-0.00000,-0.04175,0.25534,0.25873
3.5700,STEP_col3,0.0000,0.0000,0.0000,6.0000,-0.00000,-0.04175,0.25534,0.25873
3.5800,STEP_col3,0.0000,0.0000,0.0000,6.0000,-0.00000,-0.04175,0.25534,0.25873
3.5900,STEP_col3,0.0000,0.0000,0.0000,6.0000,-0.00000,-0.04175,0.25534,0.25873
3.6000,STEP_col3,0.0000,0.0000,0.0000,6.0000,-0.00000,-0.04175,0.25534,0.25873
3.6100,STEP_col3,0.0000,0.0000,0.0000,6.0000,-0.00000,-0.04175,0.25534,0.25873
3.6200,STEP_col3,0.0000,0.0000,0.0000,6.0000,-0.00000,-0.04175,0.25534,0.25873
3.6300,STEP_col3,0.0000,0.0000,0.0000,6.0000,-0.00000,-0.04175,0.25534,0.25873
3.6400,STEP_col3,0.0000,0.0000,0.0000,6.0000,-0.00000,-0.04175,0.25534,0.25873
3.6500,STEP_col3,0.0000,0.0000,0.0000,6.0000,-0.00000,-0.04175,0.25534,0.25873
3.6600,STEP_col3,0.0000,0.0000,0.0000,6.0000,-0.00000,-0.04175,0.25534,0.25873
3.6700,STEP_col3,0.0000,0.0000,0.0000,6.0000,-0.00000,-0.04175,0.25534,0.25873
3.6800,STEP_col3,0.0000,0.0000,0.0000,6.0000,-0.00000,-0.04175,0.25534,0.25873
3.6900,STEP_col3,0.0000,0.0000,0.0000,6.0000,-0.00000,-0.04175,0.25534,0.25873
3.7000,STEP_col3,0.0000,0.0000,0.0000,6.0000,-0.00000,-0.04174,0.25534,0.25873
3.7100,STEP_col3,0.0000,0.0000,0.0000,6.0000,-0.00000,-0.04174,0.25534,0.25873
3.7200,STEP_col3,0.0000,0.0000,0.0000,6.0000,-0.00000,-0.04174,0.25534,0.25873
3.7300,STEP_col3,0.0000,0.0000,0.0000,6.0000,-0.00000,-0.04174,0.25534,0.25873
3.7400,STEP_col3,0.0000,0.0000,0.0000,6.0000,-0.00000,-0.04174,0.25534,0.25873
3.7500,STEP_col3,0.0000,0.0000,0.0000,6.0000,-0.00000,-0.04174,0.25534,0.25873
3.7600,STEP_col3,0.0000,0.0000,0.0000,6.0000,-0.00000,-0.04174,0.25534,0.25873
3.7700,STEP_col3,0.0000,0.0000,0.0000,6.0000,-0.00000,-0.04174,0.25534,0.25873
3.7800,STEP_col3,0.0000,0.0000,0.0000,6.0000,-0.00000,-0.04174,0.25534,0.25873
3.7900,STEP_col3,0.0000,0.0000,0.0000,6.0000,-0.00000,-0.04174,0.25534,0.25873
3.8000,STEP_col3,0.0000,0.0000,0.0000,6.0000,-0.00000,-0.04173,0.25534,0.25873
3.8100,STEP_col3,0.0000,0.0000,0.0000,6.0000,-0.00000,-0.04173,0.25534,0.25873
3.8200,STEP_col3,0.0000,0.0000,0.0000,6.0000,-0.00000,-0.04173,0.25534,0.25873
3.8300,STEP_col3,0.0000,0.0000,0.0000,6.0000,-0.00000,-0.04173,0.25534,0.25873
3.8400,STEP_col3,0.0000,0.0000,0.0000,6.0000,-0.00000,-0.04173,0.25534,0.25873
3.8500,STEP_col3,0.0000,0.0000,0.0000,6.0000,-0.00000,-0.04173,0.25534,0.25873
3.8600,STEP_col3,0.0000,0.0000,0.0000,6.0000,-0.00000,-0.04173,0.25534,0.25873
3.8700,STEP_col3,0.0000,0.0000,0.0000,6.0000,-0.00000,-0.04173,0.25534,0.25872
3.8800,STEP_col3,0.0000,0.0000,0.0000,6.0000,-0.00000,-0.04173,0.25534,0.25872
3.8900,STEP_col3,0.0000,0.0000,0.0000,6.0000,-0.00000,-0.04173,0.25534,0.25872
3.9000,STEP_col3,0.0000,0.0000,0.0000,6.0000,-0.00000,-0.04173,0.25534,0.25872
3.9100,STEP_col3,0.0000,0.0000,0.0000,6.0000,-0.00000,-0.04173,0.25534,0.25872
3.9200,STEP_col3,0.0000,0.0000,0.0000,6.0000,-0.00000,-0.04173,0.25534,0.25872
3.9300,STEP_col3,0.0000,0.0000,0.0000,6.0000,-0.00000,-0.04173,0.25534,0.25872
3.9400,STEP_col3,0.0000,0.0000,0.0000,6.0000,-0.00000,-0.04173,0.25534,0.25872
3.9500,STEP_col3,0.0000,0.0000,0.0000,6.0000,-0.00000,-0.04173,0.25534,0.25872
3.9600,STEP_col3,0.0000,0.0000,0.0000,6.0000,-0.00000,-0.04173,0.25534,0.25872
3.9700,STEP_col3,0.0000,0.0000,0.0000,6.0000,-0.00000,-0.04173,0.25534,0.25872
3.9800,STEP_col3,0.0000,0.0000,0.0000,6.0000,-0.00000,-0.04173,0.25534,0.25872
3.9900,STEP_col3,0.0000,0.0000,0.0000,6.0000,-0.00000,-0.04173,0.25534,0.25872
4.0000,STEP_col3,0.0000,0.0000,0.0000,6.0000,-0.00000,-0.04173,0.25534,0.25872
4.0100,STEP_col3,0.0000,0.0000,0.0000,6.0000,-0.00000,-0.04173,0.25534,0.25872
4.0200,STEP_col3,0.0000,0.0000,0.0000,6.0000,-0.00000,-0.04173,0.25534,0.25872
4.0300,STEP_col3,0.0000,0.0000,0.0000,6.0000,-0.00000,-0.04173,0.25534,0.25872
4.0400,STEP_col3,0.0000,0.0000,0.0000,6.0000,-0.00000,-0.04173,0.25534,0.25872
4.0500,STEP_col3,0.0000,0.0000,0.0000,6.0000,-0.00000,-0.04173,0.25534,0.25872
4.0600,STEP_col3,0.0000,0.0000,0.0000,6.0000,-0.00000,-0.04173,0.25534,0.25872
4.0700,STEP_col3,0.0000,0.0000,0.0000,6.0000,-0.00000,-0.04173,0.25534,0.25872
4.0800,STEP_col3,0.0000,0.0000,0.0000,6.0000,-0.00000,-0.04173,0.25534,0.25872
4.0900,STEP_col3,0.0000,0.0000,0.0000,6.0000,-0.00000,-0.04173,0.25534,0.25872
4.1000,STEP_col3,0.0000,0.0000,0.0000,6.0000,-0.00000,-0.04173,0.25534,0.25872
4.1100,STEP_col3,0.0000,0.0000,0.0000,6.0000,-0.00000,-0.04173,0.25534,0.25872
4.1200,STEP_col3,0.0000,0.0000,0.0000,6.0000,-0.00000,-0.04173,0.25534,0.25873
4.1300,STEP_col3,0.0000,0.0000,0.0000,6.0000,-0.00000,-0.04173,0.25534,0.25873
4.1400,STEP_col3,0.0000,0.0000,0.0000,6.0000,-0.00000,-0.04173,0.25534,0.25873
4.1500,STEP_col3,0.0000,0.0000,0.0000,6.0000,-0.00000,-0.04173,0.25534,0.25873
4.1600,STEP_col3,0.0000,0.0000,0.0000,6.0000,-0.00000,-0.04173,0.25534,0.25873
4.1700,STEP_col3,0.0000,0.0000,0.0000,6.0000,-0.00000,-0.04173,0.25534,0.25873
4.1800,STEP_col3,0.0000,0.0000,0.0000,6.0000,-0.00000,-0.04173,0.25534,0.25873
4.1900,STEP_col3,0.0000,0.0000,0.0000,6.0000,-0.00000,-0.04173,0.25534,0.25873
4.2000,STEP_col3,0.0000,0.0000,0.0000,6.0000,-0.00000,-0.04173,0.25534,0.25873
4.2100,STEP_col3,0.0000,0.0000,0.0000,6.0000,-0.00000,-0.04173,0.25534,0.25873
4.2200,STEP_col3,0.0000,0.0000,0.0000,6.0000,-0.00000,-0.04173,0.25534,0.25873
4.2300,STEP_col3,0.0000,0.0000,0.0000,6.0000,-0.00000,-0.04173,0.25534,0.25873
4.2400,STEP_col3,0.0000,0.0000,0.0000,6.0000,-0.00000,-0.04173,0.25534,0.25873
4.2500,STEP_col3,0.0000,0.0000,0.0000,6.0000,-0.00000,-0.04173,0.25534,0.25873
4.2600,STEP_col3,0.0000,0.0000,0.0000,6.0000,-0.00000,-0.04174,0.25534,0.25873
4.2700,STEP_col3,0.0000,0.0000,0.0000,6.0000,-0.00000,-0.04174,0.25534,0.25873
4.2800,STEP_col3,0.0000,0.0000,0.0000,6.0000,-0.00000,-0.04174,0.25534,0.25873
4.2900,STEP_col3,0.0000,0.0000,0.0000,6.0000,-0.00000,-0.04174,0.25534,0.25873
4.3000,STEP_col3,0.0000,0.0000,0.0000,6.0000,-0.00000,-0.04174,0.25534,0.25873
4.3100,STEP_col3,0.0000,0.0000,0.0000,6.0000,-0.00000,-0.04174,0.25534,0.25873
4.3200,STEP_col3,0.0000,0.0000,0.0000,6.0000,-0.00000,-0.04174,0.25534,0.25873
4.3300,STEP_col3,0.0000,0.0000,0.0000,6.0000,-0.00000,-0.04174,0.25534,0.25873
4.3400,STEP_col3,0.0000,0.0000,0.0000,6.0000,-0.00000,-0.04174,0.25534,0.25873
4.3500,STEP_col3,0.0000,0.0000,0.0000,6.0000,-0.00000,-0.04174,0.25534,0.25873
4.3600,STEP_col3,0.0000,0.0000,0.0000,6.0000,-0.00000,-0.04174,0.25534,0.25873
4.3700,STEP_col3,0.0000,0.0000,0.0000,6.0000,-0.00000,-0.04174,0.25534,0.25873
4.3800,STEP_col3,0.0000,0.0000,0.0000,6.0000,-0.00000,-0.04174,0.25534,0.25873
4.3900,STEP_col3,0.0000,0.0000,0.0000,6.0000,-0.00000,-0.04174,0.25534,0.25873
4.4000,STEP_col3,0.0000,0.0000,0.0000,6.0000,-0.00000,-0.04174,0.25534,0.25873
4.4100,STEP_col3,0.0000,0.0000,0.0000,6.0000,-0.00000,-0.04174,0.25534,0.25873
4.4200,STEP_col3,0.0000,0.0000,0.0000,6.0000,-0.00000,-0.04174,0.25534,0.25873
4.4300,STEP_col3,0.0000,0.0000,0.0000,6.0000,-0.00000,-0.04174,0.25534,0.25873
4.4400,STEP_col3,0.0000,0.0000,0.0000,6.0000,-0.00000,-0.04174,0.25534,0.25873
4.4500,STEP_col3,0.0000,0.0000,0.0000,6.0000,-0.00000,-0.04174,0.25534,0.25873
4.4600,STEP_col3,0.0000,0.0000,0.0000,6.0000,-0.00000,-0.04174,0.25534,0.25873
4.4700,STEP_col3,0.0000,0.0000,0.0000,6.0000,-0.00000,-0.04174,0.25534,0.25873
4.4800,STEP_col3,0.0000,0.0000,0.0000,6.0000,-0.00000,-0.04174,0.25534,0.25873
4.4900,STEP_col3,0.0000,0.0000,0.0000,6.0000,-0.00000,-0.04174,0.25534,0.25873
4.5000,STEP_col3,0.0000,0.0000,0.0000,6.0000,-0.00000,-0.04173,0.25534,0.25873
4.5100,STEP_col3,0.0000,0.0000,0.0000,6.0000,-0.00000,-0.04173,0.25534,0.25873
4.5200,STEP_col3,0.0000,0.0000,0.0000,6.0000,-0.00000,-0.04173,0.25534,0.25873
4.5300,STEP_col3,0.0000,0.0000,0.0000,6.0000,-0.00000,-0.04173,0.25534,0.25873
4.5400,STEP_col3,0.0000,0.0000,0.0000,6.0000,-0.00000,-0.04173,0.25534,0.25873
4.5500,STEP_col3,0.0000,0.0000,0.0000,6.0000,-0.00000,-0.04173,0.25534,0.25873
4.5600,STEP_col3,0.0000,0.0000,0.0000,6.0000,-0.00000,-0.04173,0.25534,0.25873
4.5700,STEP_col3,0.0000,0.0000,0.0000,6.0000,-0.00000,-0.04173,0.25534,0.25873
4.5800,STEP_col3,0.0000,0.0000,0.0000,6.0000,-0.00000,-0.04173,0.25534,0.25873
4.5900,STEP_col3,0.0000,0.0000,0.0000,6.0000,-0.00000,-0.04173,0.25534,0.25873
4.6000,STEP_col3,0.0000,0.0000,0.0000,6.0000,-0.00000,-0.04173,0.25534,0.25873
4.6100,STEP_col3,0.0000,0.0000,0.0000,6.0000,-0.00000,-0.04173,0.25534,0.25873
4.6200,STEP_col3,0.0000,0.0000,0.0000,6.0000,-0.00000,-0.04173,0.25534,0.25873
4.6300,STEP_col3,0.0000,0.0000,0.0000,6.0000,-0.00000,-0.04173,0.25534,0.25873
4.6400,STEP_col3,0.0000,0.0000,0.0000,6.0000,-0.00000,-0.04173,0.25534,0.25873
4.6500,STEP_col3,0.0000,0.0000,0.0000,6.0000,-0.00000,-0.04173,0.25534,0.25873
4.6600,STEP_col3,0.0000,0.0000,0.0000,6.0000,-0.00000,-0.04173,0.25534,0.25873
4.6700,STEP_col3,0.0000,0.0000,0.0000,6.0000,-0.00000,-0.04173,0.25534,0.25873
4.6800,STEP_col3,0.0000,0.0000,0.0000,6.0000,-0.00000,-0.04173,0.25534,0.25873
4.6900,STEP_col3,0.0000,0.0000,0.0000,6.0000,-0.00000,-0.04173,0.25534,0.25873
4.7000,STEP_col3,0.0000,0.0000,0.0000,6.0000,-0.00000,-0.04173,0.25534,0.25873
4.7100,STEP_col3,0.0000,0.0000,0.0000,6.0000,-0.00000,-0.04173,0.25534,0.25873
4.7200,STEP_col3,0.0000,0.0000,0.0000,6.0000,-0.00000,-0.04173,0.25534,0.25873
4.7300,STEP_col3,0.0000,0.0000,0.0000,6.0000,-0.00000,-0.04173,0.25534,0.25873
4.7400,STEP_col3,0.0000,0.0000,0.0000,6.0000,-0.00000,-0.04173,0.25534,0.25873
4.7500,STEP_col3,0.0000,0.0000,0.0000,6.0000,-0.00000,-0.04173,0.25534,0.25873
4.7600,STEP_col3,0.0000,0.0000,0.0000,6.0000,-0.00000,-0.04173,0.25534,0.25873
4.7700,STEP_col3,0.0000,0.0000,0.0000,6.0000,-0.00000,-0.04173,0.25534,0.25873
4.7800,STEP_col3,0.0000,0.0000,0.0000,6.0000,-0.00000,-0.04173,0.25534,0.25873
4.7900,STEP_col3,0.0000,0.0000,0.0000,6.0000,-0.00000,-0.04173,0.25534,0.25873
4.8000,STEP_col3,0.0000,0.0000,0.0000,6.0000,-0.00000,-0.04173,0.25534,0.25873
4.8100,STEP_col3,0.0000,0.0000,0.0000,6.0000,-0.00000,-0.04173,0.25534,0.25873
4.8200,STEP_col3,0.0000,0.0000,0.0000,6.0000,-0.00000,-0.04173,0.25534,0.25873
4.8300,STEP_col3,0.0000,0.0000,0.0000,6.0000,-0.00000,-0.04173,0.25534,0.25873
4.8400,STEP_col3,0.0000,0.0000,0.0000,6.0000,-0.00000,-0.04173,0.25534,0.25873
4.8500,STEP_col3,0.0000,0.0000,0.0000,6.0000,-0.00000,-0.04173,0.25534,0.25873
4.8600,STEP_col3,0.0000,0.0000,0.0000,6.0000,-0.00000,-0.04173,0.25534,0.25873
4.8700,STEP_col3,0.0000,0.0000,0.0000,6.0000,-0.00000,-0.04173,0.25534,0.25873
4.8800,STEP_col3,0.0000,0.0000,0.0000,6.0000,-0.00000,-0.04173,0.25534,0.25873
4.8900,STEP_col3,0.0000,0.0000,0.0000,6.0000,-0.00000,-0.04173,0.25534,0.25873
4.9000,STEP_col3,0.0000,0.0000,0.0000,6.0000,-0.00000,-0.04173,0.25534,0.25873
4.9100,STEP_col3,0.0000,0.0000,0.0000,6.0000,-0.00000,-0.04173,0.25534,0.25873
4.9200,STEP_col3,0.0000,0.0000,0.0000,6.0000,-0.00000,-0.04173,0.25534,0.25873
4.9300,STEP_col3,0.0000,0.0000,0.0000,6.0000,-0.00000,-0.04173,0.25534,0.25873
4.9400,STEP_col3,0.0000,0.0000,0.0000,6.0000,-0.00000,-0.04173,0.25534,0.25873
4.9500,STEP_col3,0.0000,0.0000,0.0000,6.0000,-0.00000,-0.04173,0.25534,0.25873
4.9600,STEP_col3,0.0000,0.0000,0.0000,6.0000,-0.00000,-0.04173,0.25534,0.25873
4.9700,STEP_col3,0.0000,0.0000,0.0000,6.0000,-0.00000,-0.04173,0.25534,0.25873
4.9800,STEP_col3,0.0000,0.0000,0.0000,6.0000,-0.00000,-0.04173,0.25534,0.25873
4.9900,STEP_col3,0.0000,0.0000,0.0000,6.0000,-0.00000,-0.04173,0.25534,0.25873
5.0000,STEP_col3,0.0000,0.0000,0.0000,6.0000,-0.00000,-0.04173,0.25534,0.25873
5.0100,RELEASE_step_col3,0.0000,0.0000,0.0000,0.0000,-0.00000,-0.04173,0.25534,0.25872
5.0200,RELEASE_step_col3,0.0000,0.0000,0.0000,0.0000,-0.00000,-0.04168,0.25533,0.25871
5.0300,RELEASE_step_col3,0.0000,0.0000,0.0000,0.0000,-0.00000,-0.04157,0.25531,0.25867
5.0400,RELEASE_step_col3,0.0000,0.0000,0.0000,0.0000,-0.00000,-0.04140,0.25528,0.25861
5.0500,RELEASE_step_col3,0.0000,0.0000,0.0000,0.0000,-0.00000,-0.04113,0.25524,0.25853
5.0600,RELEASE_step_col3,0.0000,0.0000,0.0000,0.0000,-0.00000,-0.04078,0.25518,0.25842
5.0700,RELEASE_step_col3,0.0000,0.0000,0.0000,0.0000,-0.00000,-0.04033,0.25510,0.25827
5.0800,RELEASE_step_col3,0.0000,0.0000,0.0000,0.0000,-0.00000,-0.03979,0.25500,0.25809
5.0900,RELEASE_step_col3,0.0000,0.0000,0.0000,0.0000,-0.00000,-0.03913,0.25489,0.25787
5.1000,RELEASE_step_col3,0.0000,0.0000,0.0000,0.0000,-0.00000,-0.03837,0.25475,0.25762
5.1100,RELEASE_step_col3,0.0000,0.0000,0.0000,0.0000,-0.00000,-0.03751,0.25459,0.25734
5.1200,RELEASE_step_col3,0.0000,0.0000,0.0000,0.0000,-0.00000,-0.03654,0.25441,0.25702
5.1300,RELEASE_step_col3,0.0000,0.0000,0.0000,0.0000,-0.00000,-0.03547,0.25421,0.25667
5.1400,RELEASE_step_col3,0.0000,0.0000,0.0000,0.0000,-0.00000,-0.03431,0.25399,0.25630
5.1500,RELEASE_step_col3,0.0000,0.0000,0.0000,0.0000,-0.00000,-0.03305,0.25376,0.25591
5.1600,RELEASE_step_col3,0.0000,0.0000,0.0000,0.0000,-0.00000,-0.03171,0.25352,0.25550
5.1700,RELEASE_step_col3,0.0000,0.0000,0.0000,0.0000,-0.00000,-0.03028,0.25327,0.25508
5.1800,RELEASE_step_col3,0.0000,0.0000,0.0000,0.0000,-0.00000,-0.02878,0.25302,0.25465
5.1900,RELEASE_step_col3,0.0000,0.0000,0.0000,0.0000,-0.00000,-0.02722,0.25277,0.25423
5.2000,RELEASE_step_col3,0.0000,0.0000,0.0000,0.0000,-0.00000,-0.02559,0.25252,0.25381
5.2100,RELEASE_step_col3,0.0000,0.0000,0.0000,0.0000,-0.00000,-0.02392,0.25228,0.25341
5.2200,RELEASE_step_col3,0.0000,0.0000,0.0000,0.0000,-0.00000,-0.02221,0.25204,0.25302
5.2300,RELEASE_step_col3,0.0000,0.0000,0.0000,0.0000,-0.00000,-0.02047,0.25182,0.25265
5.2400,RELEASE_step_col3,0.0000,0.0000,0.0000,0.0000,-0.00000,-0.01871,0.25161,0.25231
5.2500,RELEASE_step_col3,0.0000,0.0000,0.0000,0.0000,-0.00000,-0.01694,0.25142,0.25199
5.2600,RELEASE_step_col3,0.0000,0.0000,0.0000,0.0000,-0.00000,-0.01516,0.25125,0.25171
5.2700,RELEASE_step_col3,0.0000,0.0000,0.0000,0.0000,-0.00000,-0.01340,0.25110,0.25146
5.2800,RELEASE_step_col3,0.0000,0.0000,0.0000,0.0000,-0.00000,-0.01165,0.25097,0.25124
5.2900,RELEASE_step_col3,0.0000,0.0000,0.0000,0.0000,-0.00000,-0.00993,0.25085,0.25105
5.3000,RELEASE_step_col3,0.0000,0.0000,0.0000,0.0000,-0.00000,-0.00824,0.25076,0.25090
5.3100,RELEASE_step_col3,0.0000,0.0000,0.0000,0.0000,-0.00000,-0.00659,0.25069,0.25077
5.3200,RELEASE_step_col3,0.0000,0.0000,0.0000,0.0000,-0.00000,-0.00500,0.25063,0.25068
5.3300,RELEASE_step_col3,0.0000,0.0000,0.0000,0.0000,-0.00000,-0.00346,0.25059,0.25062
5.3400,RELEASE_step_col3,0.0000,0.0000,0.0000,0.0000,-0.00000,-0.00199,0.25057,0.25058
5.3500,RELEASE_step_col3,0.0000,0.0000,0.0000,0.0000,-0.00000,-0.00058,0.25056,0.25056
5.3600,RELEASE_step_col3,0.0000,0.0000,0.0000,0.0000,-0.00000,0.00074,0.25056,0.25056
5.3700,RELEASE_step_col3,0.0000,0.0000,0.0000,0.0000,-0.00000,0.00199,0.25058,0.25058
5.3800,RELEASE_step_col3,0.0000,0.0000,0.0000,0.0000,-0.00000,0.00315,0.25060,0.25062
5.3900,RELEASE_step_col3,0.0000,0.0000,0.0000,0.0000,-0.00000,0.00422,0.25062,0.25066
5.4000,RELEASE_step_col3,0.0000,0.0000,0.0000,0.0000,-0.00000,0.00521,0.25065,0.25071
5.4100,RELEASE_step_col3,0.0000,0.0000,0.0000,0.0000,-0.00000,0.00610,0.25069,0.25076
5.4200,RELEASE_step_col3,0.0000,0.0000,0.0000,0.0000,-0.00000,0.00690,0.25072,0.25082
5.4300,RELEASE_step_col3,0.0000,0.0000,0.0000,0.0000,-0.00000,0.00760,0.25076,0.25088
5.4400,RELEASE_step_col3,0.0000,0.0000,0.0000,0.0000,-0.00000,0.00821,0.25079,0.25093
5.4500,RELEASE_step_col3,0.0000,0.0000,0.0000,0.0000,-0.00000,0.00872,0.25083,0.25098
5.4600,RELEASE_step_col3,0.0000,0.0000,0.0000,0.0000,-0.00000,0.00914,0.25085,0.25102
5.4700,RELEASE_step_col3,0.0000,0.0000,0.0000,0.0000,-0.00000,0.00947,0.25088,0.25106
5.4800,RELEASE_step_col3,0.0000,0.0000,0.0000,0.0000,-0.00000,0.00971,0.25090,0.25109
5.4900,RELEASE_step_col3,0.0000,0.0000,0.0000,0.0000,-0.00000,0.00986,0.25091,0.25111
5.5000,RELEASE_step_col3,0.0000,0.0000,0.0000,0.0000,-0.00000,0.00993,0.25092,0.25112
5.5100,RELEASE_step_col3,0.0000,0.0000,0.0000,0.0000,-0.00000,0.00992,0.25093,0.25113
5.5200,RELEASE_step_col3,0.0000,0.0000,0.0000,0.0000,-0.00000,0.00984,0.25093,0.25112
5.5300,RELEASE_step_col3,0.0000,0.0000,0.0000,0.0000,-0.00000,0.00968,0.25093,0.25111
5.5400,RELEASE_step_col3,0.0000,0.0000,0.0000,0.0000,-0.00000,0.00945,0.25092,0.25110
5.5500,RELEASE_step_col3,0.0000,0.0000,0.0000,0.0000,-0.00000,0.00916,0.25091,0.25108
5.5600,RELEASE_step_col3,0.0000,0.0000,0.0000,0.0000,-0.00000,0.00882,0.25089,0.25105
5.5700,RELEASE_step_col3,0.0000,0.0000,0.0000,0.0000,-0.00000,0.00842,0.25088,0.25102
5.5800,RELEASE_step_col3,0.0000,0.0000,0.0000,0.0000,-0.00000,0.00797,0.25086,0.25099
5.5900,RELEASE_step_col3,0.0000,0.0000,0.0000,0.0000,-0.00000,0.00748,0.25084,0.25095
5.6000,RELEASE_step_col3,0.0000,0.0000,0.0000,0.0000,-0.00000,0.00696,0.25082,0.25092
5.6100,RELEASE_step_col3,0.0000,0.0000,0.0000,0.0000,-0.00000,0.00640,0.25080,0.25088
5.6200,RELEASE_step_col3,0.0000,0.0000,0.0000,0.0000,-0.00000,0.00582,0.25078,0.25085
5.6300,RELEASE_step_col3,0.0000,0.0000,0.0000,0.0000,-0.00000,0.00521,0.25076,0.25082
5.6400,RELEASE_step_col3,0.0000,0.0000,0.0000,0.0000,-0.00000,0.00460,0.25075,0.25079
5.6500,RELEASE_step_col3,0.0000,0.0000,0.0000,0.0000,-0.00000,0.00397,0.25073,0.25076
5.6600,RELEASE_step_col3,0.0000,0.0000,0.0000,0.0000,-0.00000,0.00333,0.25072,0.25074
5.6700,RELEASE_step_col3,0.0000,0.0000,0.0000,0.0000,-0.00000,0.00270,0.25071,0.25072
5.6800,RELEASE_step_col3,0.0000,0.0000,0.0000,0.0000,-0.00000,0.00207,0.25070,0.25071
5.6900,RELEASE_step_col3,0.0000,0.0000,0.0000,0.0000,-0.00000,0.00145,0.25069,0.25070
5.7000,RELEASE_step_col3,0.0000,0.0000,0.0000,0.0000,-0.00000,0.00084,0.25069,0.25069
5.7100,RELEASE_step_col3,0.0000,0.0000,0.0000,0.0000,-0.00000,0.00025,0.25069,0.25069
5.7200,RELEASE_step_col3,0.0000,0.0000,0.0000,0.0000,-0.00000,-0.00032,0.25069,0.25069
5.7300,RELEASE_step_col3,0.0000,0.0000,0.0000,0.0000,-0.00000,-0.00087,0.25069,0.25069
5.7400,RELEASE_step_col3,0.0000,0.0000,0.0000,0.0000,-0.00000,-0.00139,0.25070,0.25070
5.7500,RELEASE_step_col3,0.0000,0.0000,0.0000,0.0000,-0.00000,-0.00188,0.25070,0.25071
5.7600,RELEASE_step_col3,0.0000,0.0000,0.0000,0.0000,-0.00000,-0.00234,0.25071,0.25072
5.7700,RELEASE_step_col3,0.0000,0.0000,0.0000,0.0000,-0.00000,-0.00277,0.25071,0.25073
5.7800,RELEASE_step_col3,0.0000,0.0000,0.0000,0.0000,-0.00000,-0.00316,0.25072,0.25074
5.7900,RELEASE_step_col3,0.0000,0.0000,0.0000,0.0000,-0.00000,-0.00352,0.25073,0.25075
5.8000,RELEASE_step_col3,0.0000,0.0000,0.0000,0.0000,-0.00000,-0.00384,0.25074,0.25076
5.8100,RELEASE_step_col3,0.0000,0.0000,0.0000,0.0000,-0.00000,-0.00411,0.25074,0.25078
5.8200,RELEASE_step_col3,0.0000,0.0000,0.0000,0.0000,-0.00000,-0.00435,0.25075,0.25079
5.8300,RELEASE_step_col3,0.0000,0.0000,0.0000,0.0000,-0.00000,-0.00456,0.25076,0.25080
5.8400,RELEASE_step_col3,0.0000,0.0000,0.0000,0.0000,-0.00000,-0.00472,0.25076,0.25081
5.8500,RELEASE_step_col3,0.0000,0.0000,0.0000,0.0000,-0.00000,-0.00484,0.25077,0.25081
5.8600,RELEASE_step_col3,0.0000,0.0000,0.0000,0.0000,-0.00000,-0.00493,0.25077,0.25082
5.8700,RELEASE_step_col3,0.0000,0.0000,0.0000,0.0000,-0.00000,-0.00498,0.25077,0.25082
5.8800,RELEASE_step_col3,0.0000,0.0000,0.0000,0.0000,-0.00000,-0.00499,0.25077,0.25082
5.8900,RELEASE_step_col3,0.0000,0.0000,0.0000,0.0000,-0.00000,-0.00497,0.25077,0.25082
5.9000,RELEASE_step_col3,0.0000,0.0000,0.0000,0.0000,-0.00000,-0.00491,0.25077,0.25082
5.9100,RELEASE_step_col3,0.0000,0.0000,0.0000,0.0000,-0.00000,-0.00483,0.25077,0.25082
5.9200,RELEASE_step_col3,0.0000,0.0000,0.0000,0.0000,-0.00000,-0.00471,0.25077,0.25081
5.9300,RELEASE_step_col3,0.0000,0.0000,0.0000,0.0000,-0.00000,-0.00457,0.25076,0.25081
5.9400,RELEASE_step_col3,0.0000,0.0000,0.0000,0.0000,-0.00000,-0.00440,0.25076,0.25080
5.9500,RELEASE_step_col3,0.0000,0.0000,0.0000,0.0000,-0.00000,-0.00421,0.25076,0.25079
5.9600,RELEASE_step_col3,0.0000,0.0000,0.0000,0.0000,-0.00000,-0.00400,0.25075,0.25078
5.9700,RELEASE_step_col3,0.0000,0.0000,0.0000,0.0000,-0.00000,-0.00377,0.25075,0.25078
5.9800,RELEASE_step_col3,0.0000,0.0000,0.0000,0.0000,-0.00000,-0.00352,0.25074,0.25077
5.9900,RELEASE_step_col3,0.0000,0.0000,0.0000,0.0000,-0.00000,-0.00326,0.25074,0.25076
6.0000,RELEASE_step_col3,0.0000,0.0000,0.0000,0.0000,-0.00000,-0.00299,0.25073,0.25075
6.0100,RELEASE_step_col3,0.0000,0.0000,0.0000,0.0000,-0.00000,-0.00270,0.25073,0.25074
6.0200,RELEASE_step_col3,0.0000,0.0000,0.0000,0.0000,-0.00000,-0.00241,0.25072,0.25074
6.0300,RELEASE_step_col3,0.0000,0.0000,0.0000,0.0000,-0.00000,-0.00212,0.25072,0.25073
6.0400,RELEASE_step_col3,0.0000,0.0000,0.0000,0.0000,-0.00000,-0.00182,0.25072,0.25072
6.0500,RELEASE_step_col3,0.0000,0.0000,0.0000,0.0000,-0.00000,-0.00152,0.25071,0.25072
6.0600,RELEASE_step_col3,0.0000,0.0000,0.0000,0.0000,-0.00000,-0.00123,0.25071,0.25071
6.0700,RELEASE_step_col3,0.0000,0.0000,0.0000,0.0000,-0.00000,-0.00094,0.25071,0.25071
6.0800,RELEASE_step_col3,0.0000,0.0000,0.0000,0.0000,-0.00000,-0.00065,0.25071,0.25071
6.0900,RELEASE_step_col3,0.0000,0.0000,0.0000,0.0000,-0.00000,-0.00037,0.25071,0.25071
6.1000,RELEASE_step_col3,0.0000,0.0000,0.0000,0.0000,-0.00000,-0.00010,0.25071,0.25071
6.1100,RELEASE_step_col3,0.0000,0.0000,0.0000,0.0000,-0.00000,0.00016,0.25071,0.25071
6.1200,RELEASE_step_col3,0.0000,0.0000,0.0000,0.0000,-0.00000,0.00041,0.25071,0.25071
6.1300,RELEASE_step_col3,0.0000,0.0000,0.0000,0.0000,-0.00000,0.00064,0.25071,0.25071
6.1400,RELEASE_step_col3,0.0000,0.0000,0.0000,0.0000,-0.00000,0.00086,0.25071,0.25071
6.1500,RELEASE_step_col3,0.0000,0.0000,0.0000,0.0000,-0.00000,0.00107,0.25071,0.25071
6.1600,RELEASE_step_col3,0.0000,0.0000,0.0000,0.0000,-0.00000,0.00126,0.25071,0.25072
6.1700,RELEASE_step_col3,0.0000,0.0000,0.0000,0.0000,-0.00000,0.00143,0.25071,0.25072
6.1800,RELEASE_step_col3,0.0000,0.0000,0.0000,0.0000,-0.00000,0.00158,0.25072,0.25072
6.1900,RELEASE_step_col3,0.0000,0.0000,0.0000,0.0000,-0.00000,0.00172,0.25072,0.25072
6.2000,RELEASE_step_col3,0.0000,0.0000,0.0000,0.0000,-0.00000,0.00184,0.25072,0.25073
6.2100,RELEASE_step_col3,0.0000,0.0000,0.0000,0.0000,-0.00000,0.00195,0.25072,0.25073
6.2200,RELEASE_step_col3,0.0000,0.0000,0.0000,0.0000,-0.00000,0.00203,0.25072,0.25073
6.2300,RELEASE_step_col3,0.0000,0.0000,0.0000,0.0000,-0.00000,0.00210,0.25072,0.25073
6.2400,RELEASE_step_col3,0.0000,0.0000,0.0000,0.0000,-0.00000,0.00215,0.25072,0.25073
6.2500,RELEASE_step_col3,0.0000,0.0000,0.0000,0.0000,-0.00000,0.00218,0.25072,0.25073
6.2600,RELEASE_step_col3,0.0000,0.0000,0.0000,0.0000,-0.00000,0.00220,0.25072,0.25073
6.2700,RELEASE_step_col3,0.0000,0.0000,0.0000,0.0000,-0.00000,0.00220,0.25072,0.25073
6.2800,RELEASE_step_col3,0.0000,0.0000,0.0000,0.0000,-0.00000,0.00218,0.25072,0.25073
6.2900,RELEASE_step_col3,0.0000,0.0000,0.0000,0.0000,-0.00000,0.00215,0.25072,0.25073
6.3000,RELEASE_step_col3,0.0000,0.0000,0.0000,0.0000,-0.00000,0.00211,0.25072,0.25073
6.3100,RELEASE_step_col3,0.0000,0.0000,0.0000,0.0000,-0.00000,0.00205,0.25072,0.25073
6.3200,RELEASE_step_col3,0.0000,0.0000,0.0000,0.0000,-0.00000,0.00199,0.25072,0.25073
6.3300,RELEASE_step_col3,0.0000,0.0000,0.0000,0.0000,-0.00000,0.00191,0.25072,0.25073
6.3400,RELEASE_step_col3,0.0000,0.0000,0.0000,0.0000,-0.00000,0.00182,0.25072,0.25073
6.3500,RELEASE_step_col3,0.0000,0.0000,0.0000,0.0000,-0.00000,0.00172,0.25072,0.25073
6.3600,RELEASE_step_col3,0.0000,0.0000,0.0000,0.0000,-0.00000,0.00161,0.25072,0.25072
6.3700,RELEASE_step_col3,0.0000,0.0000,0.0000,0.0000,-0.00000,0.00150,0.25072,0.25072
6.3800,RELEASE_step_col3,0.0000,0.0000,0.0000,0.0000,-0.00000,0.00138,0.25072,0.25072
6.3900,RELEASE_step_col3,0.0000,0.0000,0.0000,0.0000,-0.00000,0.00125,0.25072,0.25072
6.4000,RELEASE_step_col3,0.0000,0.0000,0.0000,0.0000,-0.00000,0.00113,0.25071,0.25072
6.4100,RELEASE_step_col3,0.0000,0.0000,0.0000,0.0000,-0.00000,0.00100,0.25071,0.25072
6.4200,RELEASE_step_col3,0.0000,0.0000,0.0000,0.0000,-0.00000,0.00086,0.25071,0.25071
6.4300,RELEASE_step_col3,0.0000,0.0000,0.0000,0.0000,-0.00000,0.00073,0.25071,0.25071
6.4400,RELEASE_step_col3,0.0000,0.0000,0.0000,0.0000,-0.00000,0.00060,0.25071,0.25071
6.4500,RELEASE_step_col3,0.0000,0.0000,0.0000,0.0000,-0.00000,0.00047,0.25071,0.25071
6.4600,RELEASE_step_col3,0.0000,0.0000,0.0000,0.0000,-0.00000,0.00034,0.25071,0.25071
6.4700,RELEASE_step_col3,0.0000,0.0000,0.0000,0.0000,-0.00000,0.00021,0.25071,0.25071
6.4800,RELEASE_step_col3,0.0000,0.0000,0.0000,0.0000,-0.00000,0.00009,0.25071,0.25071
6.4900,RELEASE_step_col3,0.0000,0.0000,0.0000,0.0000,-0.00000,-0.00003,0.25071,0.25071
6.5000,RELEASE_step_col3,0.0000,0.0000,0.0000,0.0000,-0.00000,-0.00014,0.25071,0.25071
6.5100,RELEASE_step_col3,0.0000,0.0000,0.0000,0.0000,-0.00000,-0.00025,0.25071,0.25071
6.5200,RELEASE_step_col3,0.0000,0.0000,0.0000,0.0000,-0.00000,-0.00035,0.25071,0.25071
6.5300,RELEASE_step_col3,0.0000,0.0000,0.0000,0.0000,-0.00000,-0.00045,0.25071,0.25071
6.5400,RELEASE_step_col3,0.0000,0.0000,0.0000,0.0000,-0.00000,-0.00053,0.25071,0.25071
6.5500,RELEASE_step_col3,0.0000,0.0000,0.0000,0.0000,-0.00000,-0.00062,0.25071,0.25071
6.5600,RELEASE_step_col3,0.0000,0.0000,0.0000,0.0000,-0.00000,-0.00069,0.25071,0.25071
6.5700,RELEASE_step_col3,0.0000,0.0000,0.0000,0.0000,-0.00000,-0.00075,0.25071,0.25071
6.5800,RELEASE_step_col3,0.0000,0.0000,0.0000,0.0000,-0.00000,-0.00081,0.25071,0.25071
6.5900,RELEASE_step_col3,0.0000,0.0000,0.0000,0.0000,-0.00000,-0.00086,0.25071,0.25072
6.6000,RELEASE_step_col3,0.0000,0.0000,0.0000,0.0000,-0.00000,-0.00090,0.25071,0.25072
6.6100,RELEASE_step_col3,0.0000,0.0000,0.0000,0.0000,-0.00000,-0.00094,0.25071,0.25072
6.6200,RELEASE_step_col3,0.0000,0.0000,0.0000,0.0000,-0.00000,-0.00096,0.25071,0.25072
6.6300,RELEASE_step_col3,0.0000,0.0000,0.0000,0.0000,-0.00000,-0.00098,0.25071,0.25072
6.6400,RELEASE_step_col3,0.0000,0.0000,0.0000,0.0000,-0.00000,-0.00099,0.25071,0.25072
6.6500,RELEASE_step_col3,0.0000,0.0000,0.0000,0.0000,-0.00000,-0.00099,0.25071,0.25072
6.6600,RELEASE_step_col3,0.0000,0.0000,0.0000,0.0000,-0.00000,-0.00099,0.25071,0.25072
6.6700,RELEASE_step_col3,0.0000,0.0000,0.0000,0.0000,-0.00000,-0.00098,0.25071,0.25072
6.6800,RELEASE_step_col3,0.0000,0.0000,0.0000,0.0000,-0.00000,-0.00096,0.25071,0.25072
6.6900,RELEASE_step_col3,0.0000,0.0000,0.0000,0.0000,-0.00000,-0.00094,0.25071,0.25072
6.7000,RELEASE_step_col3,0.0000,0.0000,0.0000,0.0000,-0.00000,-0.00091,0.25071,0.25072
6.7100,RELEASE_step_col3,0.0000,0.0000,0.0000,0.0000,-0.00000,-0.00088,0.25071,0.25072
6.7200,RELEASE_step_col3,0.0000,0.0000,0.0000,0.0000,-0.00000,-0.00084,0.25071,0.25072
6.7300,RELEASE_step_col3,0.0000,0.0000,0.0000,0.0000,-0.00000,-0.00080,0.25071,0.25072
6.7400,RELEASE_step_col3,0.0000,0.0000,0.0000,0.0000,-0.00000,-0.00075,0.25071,0.25071
6.7500,RELEASE_step_col3,0.0000,0.0000,0.0000,0.0000,-0.00000,-0.00070,0.25071,0.25071
6.7600,RELEASE_step_col3,0.0000,0.0000,0.0000,0.0000,-0.00000,-0.00065,0.25071,0.25071
6.7700,RELEASE_step_col3,0.0000,0.0000,0.0000,0.0000,-0.00000,-0.00059,0.25071,0.25071
6.7800,RELEASE_step_col3,0.0000,0.0000,0.0000,0.0000,-0.00000,-0.00054,0.25071,0.25071
6.7900,RELEASE_step_col3,0.0000,0.0000,0.0000,0.0000,-0.00000,-0.00048,0.25071,0.25071
6.8000,RELEASE_step_col3,0.0000,0.0000,0.0000,0.0000,-0.00000,-0.00042,0.25071,0.25071
6.8100,RELEASE_step_col3,0.0000,0.0000,0.0000,0.0000,-0.00000,-0.00036,0.25071,0.25071
6.8200,RELEASE_step_col3,0.0000,0.0000,0.0000,0.0000,-0.00000,-0.00030,0.25071,0.25071
6.8300,RELEASE_step_col3,0.0000,0.0000,0.0000,0.0000,-0.00000,-0.00024,0.25071,0.25071
6.8400,RELEASE_step_col3,0.0000,0.0000,0.0000,0.0000,-0.00000,-0.00018,0.25071,0.25071
6.8500,RELEASE_step_col3,0.0000,0.0000,0.0000,0.0000,-0.00000,-0.00012,0.25071,0.25071
6.8600,RELEASE_step_col3,0.0000,0.0000,0.0000,0.0000,-0.00000,-0.00007,0.25071,0.25071
6.8700,RELEASE_step_col3,0.0000,0.0000,0.0000,0.0000,-0.00000,-0.00001,0.25071,0.25071
6.8800,RELEASE_step_col3,0.0000,0.0000,0.0000,0.0000,-0.00000,0.00004,0.25071,0.25071
6.8900,RELEASE_step_col3,0.0000,0.0000,0.0000,0.0000,-0.00000,0.00009,0.25071,0.25071
6.9000,RELEASE_step_col3,0.0000,0.0000,0.0000,0.0000,-0.00000,0.00014,0.25071,0.25071
6.9100,RELEASE_step_col3,0.0000,0.0000,0.0000,0.0000,-0.00000,0.00018,0.25071,0.25071
6.9200,RELEASE_step_col3,0.0000,0.0000,0.0000,0.0000,-0.00000,0.00022,0.25071,0.25071
6.9300,RELEASE_step_col3,0.0000,0.0000,0.0000,0.0000,-0.00000,0.00026,0.25071,0.25071
6.9400,RELEASE_step_col3,0.0000,0.0000,0.0000,0.0000,-0.00000,0.00029,0.25071,0.25071
6.9500,RELEASE_step_col3,0.0000,0.0000,0.0000,0.0000,-0.00000,0.00033,0.25071,0.25071
6.9600,RELEASE_step_col3,0.0000,0.0000,0.0000,0.0000,-0.00000,0.00035,0.25071,0.25071
6.9700,RELEASE_step_col3,0.0000,0.0000,0.0000,0.0000,-0.00000,0.00038,0.25071,0.25071
6.9800,RELEASE_step_col3,0.0000,0.0000,0.0000,0.0000,-0.00000,0.00040,0.25071,0.25071
6.9900,RELEASE_step_col3,0.0000,0.0000,0.0000,0.0000,-0.00000,0.00041,0.25071,0.25071
7.0000,RELEASE_step_col3,0.0000,0.0000,0.0000,0.0000,-0.00000,0.00043,0.25071,0.25071
7.0100,RELEASE_step_col3,0.0000,0.0000,0.0000,0.0000,-0.00000,0.00044,0.25071,0.25071
7.0200,RELEASE_step_col3,0.0000,0.0000,0.0000,0.0000,-0.00000,0.00044,0.25071,0.25071
7.0300,RELEASE_step_col3,0.0000,0.0000,0.0000,0.0000,-0.00000,0.00045,0.25071,0.25071
7.0400,RELEASE_step_col3,0.0000,0.0000,0.0000,0.0000,-0.00000,0.00045,0.25071,0.25071
7.0500,RELEASE_step_col3,0.0000,0.0000,0.0000,0.0000,-0.00000,0.00044,0.25071,0.25071
7.0600,RELEASE_step_col3,0.0000,0.0000,0.0000,0.0000,-0.00000,0.00044,0.25071,0.25071
7.0700,RELEASE_step_col3,0.0000,0.0000,0.0000,0.0000,-0.00000,0.00043,0.25071,0.25071
7.0800,RELEASE_step_col3,0.0000,0.0000,0.0000,0.0000,-0.00000,0.00042,0.25071,0.25071
7.0900,RELEASE_step_col3,0.0000,0.0000,0.0000,0.0000,-0.00000,0.00040,0.25071,0.25071
7.1000,RELEASE_step_col3,0.0000,0.0000,0.0000,0.0000,-0.00000,0.00039,0.25071,0.25071
7.1100,RELEASE_step_col3,0.0000,0.0000,0.0000,0.0000,-0.00000,0.00037,0.25071,0.25071
7.1200,RELEASE_step_col3,0.0000,0.0000,0.0000,0.0000,-0.00000,0.00035,0.25071,0.25071
7.1300,RELEASE_step_col3,0.0000,0.0000,0.0000,0.0000,-0.00000,0.00033,0.25071,0.25071
7.1400,RELEASE_step_col3,0.0000,0.0000,0.0000,0.0000,-0.00000,0.00030,0.25071,0.25071
7.1500,RELEASE_step_col3,0.0000,0.0000,0.0000,0.0000,-0.00000,0.00028,0.25071,0.25071
7.1600,RELEASE_step_col3,0.0000,0.0000,0.0000,0.0000,-0.00000,0.00025,0.25071,0.25071
7.1700,RELEASE_step_col3,0.0000,0.0000,0.0000,0.0000,-0.00000,0.00023,0.25071,0.25071
7.1800,RELEASE_step_col3,0.0000,0.0000,0.0000,0.0000,-0.00000,0.00020,0.25071,0.25071
7.1900,RELEASE_step_col3,0.0000,0.0000,0.0000,0.0000,-0.00000,0.00017,0.25071,0.25071
7.2000,RELEASE_step_col3,0.0000,0.0000,0.0000,0.0000,-0.00000,0.00015,0.25071,0.25071
7.2100,RELEASE_step_col3,0.0000,0.0000,0.0000,0.0000,-0.00000,0.00012,0.25071,0.25071
7.2200,RELEASE_step_col3,0.0000,0.0000,0.0000,0.0000,-0.00000,0.00009,0.25071,0.25071
7.2300,RELEASE_step_col3,0.0000,0.0000,0.0000,0.0000,-0.00000,0.00007,0.25071,0.25071
7.2400,RELEASE_step_col3,0.0000,0.0000,0.0000,0.0000,-0.00000,0.00004,0.25071,0.25071
7.2500,RELEASE_step_col3,0.0000,0.0000,0.0000,0.0000,-0.00000,0.00002,0.25071,0.25071
7.2600,RELEASE_step_col3,0.0000,0.0000,0.0000,0.0000,-0.00000,-0.00001,0.25071,0.25071
7.2700,RELEASE_step_col3,0.0000,0.0000,0.0000,0.0000,-0.00000,-0.00003,0.25071,0.25071
7.2800,RELEASE_step_col3,0.0000,0.0000,0.0000,0.0000,-0.00000,-0.00005,0.25071,0.25071
7.2900,RELEASE_step_col3,0.0000,0.0000,0.0000,0.0000,-0.00000,-0.00007,0.25071,0.25071
7.3000,RELEASE_step_col3,0.0000,0.0000,0.0000,0.0000,-0.00000,-0.00009,0.25071,0.25071
7.3100,RELEASE_step_col3,0.0000,0.0000,0.0000,0.0000,-0.00000,-0.00011,0.25071,0.25071
7.3200,RELEASE_step_col3,0.0000,0.0000,0.0000,0.0000,-0.00000,-0.00013,0.25071,0.25071
7.3300,RELEASE_step_col3,0.0000,0.0000,0.0000,0.0000,-0.00000,-0.00014,0.25071,0.25071
7.3400,RELEASE_step_col3,0.0000,0.0000,0.0000,0.0000,-0.00000,-0.00015,0.25071,0.25071
7.3500,RELEASE_step_col3,0.0000,0.0000,0.0000,0.0000,-0.00000,-0.00016,0.25071,0.25071
7.3600,RELEASE_step_col3,0.0000,0.0000,0.0000,0.0000,-0.00000,-0.00017,0.25071,0.25071
7.3700,RELEASE_step_col3,0.0000,0.0000,0.0000,0.0000,-0.00000,-0.00018,0.25071,0.25071
7.3800,RELEASE_step_col3,0.0000,0.0000,0.0000,0.0000,-0.00000,-0.00019,0.25071,0.25071
7.3900,RELEASE_step_col3,0.0000,0.0000,0.0000,0.0000,-0.00000,-0.00020,0.25071,0.25071
7.4000,RELEASE_step_col3,0.0000,0.0000,0.0000,0.0000,-0.00000,-0.00020,0.25071,0.25071
7.4100,RELEASE_step_col3,0.0000,0.0000,0.0000,0.0000,-0.00000,-0.00020,0.25071,0.25071
7.4200,RELEASE_step_col3,0.0000,0.0000,0.0000,0.0000,-0.00000,-0.00020,0.25071,0.25071
7.4300,RELEASE_step_col3,0.0000,0.0000,0.0000,0.0000,-0.00000,-0.00020,0.25071,0.25071
7.4400,RELEASE_step_col3,0.0000,0.0000,0.0000,0.0000,-0.00000,-0.00020,0.25071,0.25071
7.4500,RELEASE_step_col3,0.0000,0.0000,0.0000,0.0000,-0.00000,-0.00019,0.25071,0.25071
7.4600,RELEASE_step_col3,0.0000,0.0000,0.0000,0.0000,-0.00000,-0.00019,0.25071,0.25071
7.4700,RELEASE_step_col3,0.0000,0.0000,0.0000,0.0000,-0.00000,-0.00018,0.25071,0.25071
7.4800,RELEASE_step_col3,0.0000,0.0000,0.0000,0.0000,-0.00000,-0.00018,0.25071,0.25071
7.4900,RELEASE_step_col3,0.0000,0.0000,0.0000,0.0000,-0.00000,-0.00017,0.25071,0.25071
7.5000,RELEASE_step_col3,0.0000,0.0000,0.0000,0.0000,-0.00000,-0.00016,0.25071,0.25071
7.5100,RELEASE_step_col3,0.0000,0.0000,0.0000,0.0000,-0.00000,-0.00015,0.25071,0.25071
7.5200,RELEASE_step_col3,0.0000,0.0000,0.0000,0.0000,-0.00000,-0.00014,0.25071,0.25071
7.5300,RELEASE_step_col3,0.0000,0.0000,0.0000,0.0000,-0.00000,-0.00013,0.25071,0.25071
7.5400,RELEASE_step_col3,0.0000,0.0000,0.0000,0.0000,-0.00000,-0.00012,0.25071,0.25071
7.5500,RELEASE_step_col3,0.0000,0.0000,0.0000,0.0000,-0.00000,-0.00011,0.25071,0.25071
7.5600,RELEASE_step_col3,0.0000,0.0000,0.0000,0.0000,-0.00000,-0.00010,0.25071,0.25071
7.5700,RELEASE_step_col3,0.0000,0.0000,0.0000,0.0000,-0.00000,-0.00008,0.25071,0.25071
7.5800,RELEASE_step_col3,0.0000,0.0000,0.0000,0.0000,-0.00000,-0.00007,0.25071,0.25071
7.5900,RELEASE_step_col3,0.0000,0.0000,0.0000,0.0000,-0.00000,-0.00006,0.25071,0.25071
7.6000,RELEASE_step_col3,0.0000,0.0000,0.0000,0.0000,-0.00000,-0.00005,0.25071,0.25071
7.6100,RELEASE_step_col3,0.0000,0.0000,0.0000,0.0000,-0.00000,-0.00004,0.25071,0.25071
7.6200,RELEASE_step_col3,0.0000,0.0000,0.0000,0.0000,-0.00000,-0.00002,0.25071,0.25071
7.6300,RELEASE_step_col3,0.0000,0.0000,0.0000,0.0000,-0.00000,-0.00001,0.25071,0.25071
7.6400,RELEASE_step_col3,0.0000,0.0000,0.0000,0.0000,-0.00000,-0.00000,0.25071,0.25071
7.6500,RELEASE_step_col3,0.0000,0.0000,0.0000,0.0000,-0.00000,0.00001,0.25071,0.25071
7.6600,RELEASE_step_col3,0.0000,0.0000,0.0000,0.0000,-0.00000,0.00002,0.25071,0.25071
7.6700,RELEASE_step_col3,0.0000,0.0000,0.0000,0.0000,-0.00000,0.00003,0.25071,0.25071
7.6800,RELEASE_step_col3,0.0000,0.0000,0.0000,0.0000,-0.00000,0.00004,0.25071,0.25071
7.6900,RELEASE_step_col3,0.0000,0.0000,0.0000,0.0000,-0.00000,0.00005,0.25071,0.25071
7.7000,RELEASE_step_col3,0.0000,0.0000,0.0000,0.0000,-0.00000,0.00005,0.25071,0.25071
7.7100,RELEASE_step_col3,0.0000,0.0000,0.0000,0.0000,-0.00000,0.00006,0.25071,0.25071
7.7200,RELEASE_step_col3,0.0000,0.0000,0.0000,0.0000,-0.00000,0.00007,0.25071,0.25071
7.7300,RELEASE_step_col3,0.0000,0.0000,0.0000,0.0000,-0.00000,0.00007,0.25071,0.25071
7.7400,RELEASE_step_col3,0.0000,0.0000,0.0000,0.0000,-0.00000,0.00008,0.25071,0.25071
7.7500,RELEASE_step_col3,0.0000,0.0000,0.0000,0.0000,-0.00000,0.00008,0.25071,0.25071
7.7600,RELEASE_step_col3,0.0000,0.0000,0.0000,0.0000,-0.00000,0.00008,0.25071,0.25071
7.7700,RELEASE_step_col3,0.0000,0.0000,0.0000,0.0000,-0.00000,0.00009,0.25071,0.25071
7.7800,RELEASE_step_col3,0.0000,0.0000,0.0000,0.0000,-0.00000,0.00009,0.25071,0.25071
7.7900,RELEASE_step_col3,0.0000,0.0000,0.0000,0.0000,-0.00000,0.00009,0.25071,0.25071
7.8000,RELEASE_step_col3,0.0000,0.0000,0.0000,0.0000,-0.00000,0.00009,0.25071,0.25071
7.8100,RELEASE_step_col3,0.0000,0.0000,0.0000,0.0000,-0.00000,0.00009,0.25071,0.25071
7.8200,RELEASE_step_col3,0.0000,0.0000,0.0000,0.0000,-0.00000,0.00009,0.25071,0.25071
7.8300,RELEASE_step_col3,0.0000,0.0000,0.0000,0.0000,-0.00000,0.00009,0.25071,0.25071
7.8400,RELEASE_step_col3,0.0000,0.0000,0.0000,0.0000,-0.00000,0.00009,0.25071,0.25071
7.8500,RELEASE_step_col3,0.0000,0.0000,0.0000,0.0000,-0.00000,0.00008,0.25071,0.25071
7.8600,RELEASE_step_col3,0.0000,0.0000,0.0000,0.0000,-0.00000,0.00008,0.25071,0.25071
7.8700,RELEASE_step_col3,0.0000,0.0000,0.0000,0.0000,-0.00000,0.00008,0.25071,0.25071
7.8800,RELEASE_step_col3,0.0000,0.0000,0.0000,0.0000,-0.00000,0.00007,0.25071,0.25071
7.8900,RELEASE_step_col3,0.0000,0.0000,0.0000,0.0000,-0.00000,0.00007,0.25071,0.25071
7.9000,RELEASE_step_col3,0.0000,0.0000,0.0000,0.0000,-0.00000,0.00007,0.25071,0.25071
7.9100,RELEASE_step_col3,0.0000,0.0000,0.0000,0.0000,-0.00000,0.00006,0.25071,0.25071
7.9200,RELEASE_step_col3,0.0000,0.0000,0.0000,0.0000,-0.00000,0.00006,0.25071,0.25071
7.9300,RELEASE_step_col3,0.0000,0.0000,0.0000,0.0000,-0.00000,0.00005,0.25071,0.25071
7.9400,RELEASE_step_col3,0.0000,0.0000,0.0000,0.0000,-0.00000,0.00005,0.25071,0.25071
7.9500,RELEASE_step_col3,0.0000,0.0000,0.0000,0.0000,-0.00000,0.00004,0.25071,0.25071
7.9600,RELEASE_step_col3,0.0000,0.0000,0.0000,0.0000,-0.00000,0.00003,0.25071,0.25071
7.9700,RELEASE_step_col3,0.0000,0.0000,0.0000,0.0000,-0.00000,0.00003,0.25071,0.25071
7.9800,RELEASE_step_col3,0.0000,0.0000,0.0000,0.0000,-0.00000,0.00002,0.25071,0.25071
7.9900,RELEASE_step_col3,0.0000,0.0000,0.0000,0.0000,-0.00000,0.00002,0.25071,0.25071
8.0000,RELEASE_step_col3,0.0000,0.0000,0.0000,0.0000,-0.00000,0.00001,0.25071,0.25071
0.0100,AXIAL_p0,0.0000,0.0000,0.0000,0.0000,-0.00000,0.00000,0.26757,0.26757
0.0200,AXIAL_p0,0.0000,0.0000,0.0000,0.0000,-0.00000,0.00000,0.26629,0.26629
0.0300,AXIAL_p0,0.0000,0.0000,0.0000,0.0000,-0.00000,0.00000,0.26441,0.26441
0.0400,AXIAL_p0,0.0000,0.0000,0.0000,0.0000,-0.00000,0.00000,0.26219,0.26219
0.0500,AXIAL_p0,0.0000,0.0000,0.0000,0.0000,-0.00000,0.00000,0.25984,0.25984
0.0600,AXIAL_p0,0.0000,0.0000,0.0000,0.0000,-0.00000,0.00000,0.25754,0.25754
0.0700,AXIAL_p0,0.0000,0.0000,0.0000,0.0000,-0.00000,0.00000,0.25541,0.25541
0.0800,AXIAL_p0,0.0000,0.0000,0.0000,0.0000,-0.00000,0.00000,0.25354,0.25354
0.0900,AXIAL_p0,0.0000,0.0000,0.0000,0.0000,-0.00000,0.00000,0.25197,0.25197
0.1000,AXIAL_p0,0.0000,0.0000,0.0000,0.0000,-0.00000,0.00000,0.25074,0.25074
0.1100,AXIAL_p0,0.0000,0.0000,0.0000,0.0000,-0.00000,0.00000,0.24982,0.24982
0.1200,AXIAL_p0,0.0000,0.0000,0.0000,0.0000,-0.00000,0.00000,0.24920,0.24920
0.1300,AXIAL_p0,0.0000,0.0000,0.0000,0.0000,-0.00000,0.00000,0.24885,0.24885
0.1400,AXIAL_p0,0.0000,0.0000,0.0000,0.0000,-0.00000,0.00000,0.24872,0.24872
0.1500,AXIAL_p0,0.0000,0.0000,0.0000,0.0000,-0.00000,0.00000,0.24876,0.24876
0.1600,AXIAL_p0,0.0000,0.0000,0.0000,0.0000,-0.00000,0.00000,0.24892,0.24892
0.1700,AXIAL_p0,0.0000,0.0000,0.0000,0.0000,-0.00000,0.00000,0.24917,0.24917
0.1800,AXIAL_p0,0.0000,0.0000,0.0000,0.0000,-0.00000,0.00000,0.24947,0.24947
0.1900,AXIAL_p0,0.0000,0.0000,0.0000,0.0000,-0.00000,0.00000,0.24979,0.24979
0.2000,AXIAL_p0,0.0000,0.0000,0.0000,0.0000,-0.00000,0.00000,0.25010,0.25010
0.2100,AXIAL_p0,0.0000,0.0000,0.0000,0.0000,-0.00000,0.00000,0.25039,0.25039
0.2200,AXIAL_p0,0.0000,0.0000,0.0000,0.0000,-0.00000,0.00000,0.25063,0.25063
0.2300,AXIAL_p0,0.0000,0.0000,0.0000,0.0000,-0.00000,0.00000,0.25084,0.25084
0.2400,AXIAL_p0,0.0000,0.0000,0.0000,0.0000,-0.00000,0.00000,0.25099,0.25099
0.2500,AXIAL_p0,0.0000,0.0000,0.0000,0.0000,-0.00000,0.00000,0.25110,0.25110
0.2600,AXIAL_p0,0.0000,0.0000,0.0000,0.0000,-0.00000,0.00000,0.25117,0.25117
0.2700,AXIAL_p0,0.0000,0.0000,0.0000,0.0000,-0.00000,0.00000,0.25120,0.25120
0.2800,AXIAL_p0,0.0000,0.0000,0.0000,0.0000,-0.00000,0.00000,0.25120,0.25120
0.2900,AXIAL_p0,0.0000,0.0000,0.0000,0.0000,-0.00000,0.00000,0.25118,0.25118
0.3000,AXIAL_p0,0.0000,0.0000,0.0000,0.0000,-0.00000,0.00000,0.25114,0.25114
0.3100,AXIAL_p0,0.0000,0.0000,0.0000,0.0000,-0.00000,0.00000,0.25109,0.25109
0.3200,AXIAL_p0,0.0000,0.0000,0.0000,0.0000,-0.00000,0.00000,0.25103,0.25103
0.3300,AXIAL_p0,0.0000,0.0000,0.0000,0.0000,-0.00000,0.00000,0.25097,0.25097
0.3400,AXIAL_p0,0.0000,0.0000,0.0000,0.0000,-0.00000,0.00000,0.25092,0.25092
0.3500,AXIAL_p0,0.0000,0.0000,0.0000,0.0000,-0.00000,0.00000,0.25086,0.25086
0.3600,AXIAL_p0,0.0000,0.0000,0.0000,0.0000,-0.00000,0.00000,0.25082,0.25082
0.3700,AXIAL_p0,0.0000,0.0000,0.0000,0.0000,-0.00000,0.00000,0.25078,0.25078
0.3800,AXIAL_p0,0.0000,0.0000,0.0000,0.0000,-0.00000,0.00000,0.25075,0.25075
0.3900,AXIAL_p0,0.0000,0.0000,0.0000,0.0000,-0.00000,0.00000,0.25073,0.25073
0.4000,AXIAL_p0,0.0000,0.0000,0.0000,0.0000,-0.00000,0.00000,0.25071,0.25071
0.4100,AXIAL_p0,0.0000,0.0000,0.0000,0.0000,-0.00000,0.00000,0.25070,0.25070
0.4200,AXIAL_p0,0.0000,0.0000,0.0000,0.0000,-0.00000,0.00000,0.25070,0.25070
0.4300,AXIAL_p0,0.0000,0.0000,0.0000,0.0000,-0.00000,0.00000,0.25070,0.25070
0.4400,AXIAL_p0,0.0000,0.0000,0.0000,0.0000,-0.00000,0.00000,0.25070,0.25070
0.4500,AXIAL_p0,0.0000,0.0000,0.0000,0.0000,-0.00000,0.00000,0.25070,0.25070
0.4600,AXIAL_p0,0.0000,0.0000,0.0000,0.0000,-0.00000,0.00000,0.25071,0.25071
0.4700,AXIAL_p0,0.0000,0.0000,0.0000,0.0000,-0.00000,0.00000,0.25071,0.25071
0.4800,AXIAL_p0,0.0000,0.0000,0.0000,0.0000,-0.00000,0.00000,0.25072,0.25072
0.4900,AXIAL_p0,0.0000,0.0000,0.0000,0.0000,-0.00000,0.00000,0.25072,0.25072
0.5000,AXIAL_p0,0.0000,0.0000,0.0000,0.0000,-0.00000,0.00000,0.25073,0.25073
0.5100,AXIAL_p0,0.0000,0.0000,0.0000,0.0000,-0.00000,0.00000,0.25073,0.25073
0.5200,AXIAL_p0,0.0000,0.0000,0.0000,0.0000,-0.00000,0.00000,0.25073,0.25073
0.5300,AXIAL_p0,0.0000,0.0000,0.0000,0.0000,-0.00000,0.00000,0.25073,0.25073
0.5400,AXIAL_p0,0.0000,0.0000,0.0000,0.0000,-0.00000,0.00000,0.25073,0.25073
0.5500,AXIAL_p0,0.0000,0.0000,0.0000,0.0000,-0.00000,0.00000,0.25073,0.25073
0.5600,AXIAL_p0,0.0000,0.0000,0.0000,0.0000,-0.00000,0.00000,0.25073,0.25073
0.5700,AXIAL_p0,0.0000,0.0000,0.0000,0.0000,-0.00000,0.00000,0.25073,0.25073
0.5800,AXIAL_p0,0.0000,0.0000,0.0000,0.0000,-0.00000,0.00000,0.25073,0.25073
0.5900,AXIAL_p0,0.0000,0.0000,0.0000,0.0000,-0.00000,0.00000,0.25073,0.25073
0.6000,AXIAL_p0,0.0000,0.0000,0.0000,0.0000,-0.00000,0.00000,0.25073,0.25073
0.6100,AXIAL_p0,0.0000,0.0000,0.0000,0.0000,-0.00000,0.00000,0.25072,0.25072
0.6200,AXIAL_p0,0.0000,0.0000,0.0000,0.0000,-0.00000,0.00000,0.25072,0.25072
0.6300,AXIAL_p0,0.0000,0.0000,0.0000,0.0000,-0.00000,0.00000,0.25072,0.25072
0.6400,AXIAL_p0,0.0000,0.0000,0.0000,0.0000,-0.00000,0.00000,0.25072,0.25072
0.6500,AXIAL_p0,0.0000,0.0000,0.0000,0.0000,-0.00000,0.00000,0.25072,0.25072
0.6600,AXIAL_p0,0.0000,0.0000,0.0000,0.0000,-0.00000,0.00000,0.25072,0.25072
0.6700,AXIAL_p0,0.0000,0.0000,0.0000,0.0000,-0.00000,0.00000,0.25072,0.25072
0.6800,AXIAL_p0,0.0000,0.0000,0.0000,0.0000,-0.00000,0.00000,0.25072,0.25072
0.6900,AXIAL_p0,0.0000,0.0000,0.0000,0.0000,-0.00000,0.00000,0.25072,0.25072
0.7000,AXIAL_p0,0.0000,0.0000,0.0000,0.0000,-0.00000,0.00000,0.25071,0.25071
0.7100,AXIAL_p0,0.0000,0.0000,0.0000,0.0000,-0.00000,0.00000,0.25071,0.25071
0.7200,AXIAL_p0,0.0000,0.0000,0.0000,0.0000,-0.00000,0.00000,0.25071,0.25071
0.7300,AXIAL_p0,0.0000,0.0000,0.0000,0.0000,-0.00000,0.00000,0.25071,0.25071
0.7400,AXIAL_p0,0.0000,0.0000,0.0000,0.0000,-0.00000,0.00000,0.25071,0.25071
0.7500,AXIAL_p0,0.0000,0.0000,0.0000,0.0000,-0.00000,0.00000,0.25071,0.25071
0.7600,AXIAL_p0,0.0000,0.0000,0.0000,0.0000,-0.00000,0.00000,0.25071,0.25071
0.7700,AXIAL_p0,0.0000,0.0000,0.0000,0.0000,-0.00000,0.00000,0.25071,0.25071
0.7800,AXIAL_p0,0.0000,0.0000,0.0000,0.0000,-0.00000,0.00000,0.25071,0.25071
0.7900,AXIAL_p0,0.0000,0.0000,0.0000,0.0000,-0.00000,0.00000,0.25071,0.25071
0.8000,AXIAL_p0,0.0000,0.0000,0.0000,0.0000,-0.00000,0.00000,0.25071,0.25071
0.8100,AXIAL_p0,0.0000,0.0000,0.0000,0.0000,-0.00000,0.00000,0.25071,0.25071
0.8200,AXIAL_p0,0.0000,0.0000,0.0000,0.0000,-0.00000,0.00000,0.25071,0.25071
0.8300,AXIAL_p0,0.0000,0.0000,0.0000,0.0000,-0.00000,0.00000,0.25071,0.25071
0.8400,AXIAL_p0,0.0000,0.0000,0.0000,0.0000,-0.00000,0.00000,0.25071,0.25071
0.8500,AXIAL_p0,0.0000,0.0000,0.0000,0.0000,-0.00000,0.00000,0.25071,0.25071
0.8600,AXIAL_p0,0.0000,0.0000,0.0000,0.0000,-0.00000,0.00000,0.25071,0.25071
0.8700,AXIAL_p0,0.0000,0.0000,0.0000,0.0000,-0.00000,0.00000,0.25071,0.25071
0.8800,AXIAL_p0,0.0000,0.0000,0.0000,0.0000,-0.00000,0.00000,0.25071,0.25071
0.8900,AXIAL_p0,0.0000,0.0000,0.0000,0.0000,-0.00000,0.00000,0.25071,0.25071
0.9000,AXIAL_p0,0.0000,0.0000,0.0000,0.0000,-0.00000,0.00000,0.25071,0.25071
0.9100,AXIAL_p0,0.0000,0.0000,0.0000,0.0000,-0.00000,0.00000,0.25071,0.25071
0.9200,AXIAL_p0,0.0000,0.0000,0.0000,0.0000,-0.00000,0.00000,0.25071,0.25071
0.9300,AXIAL_p0,0.0000,0.0000,0.0000,0.0000,-0.00000,0.00000,0.25071,0.25071
0.9400,AXIAL_p0,0.0000,0.0000,0.0000,0.0000,-0.00000,0.00000,0.25071,0.25071
0.9500,AXIAL_p0,0.0000,0.0000,0.0000,0.0000,-0.00000,0.00000,0.25071,0.25071
0.9600,AXIAL_p0,0.0000,0.0000,0.0000,0.0000,-0.00000,0.00000,0.25071,0.25071
0.9700,AXIAL_p0,0.0000,0.0000,0.0000,0.0000,-0.00000,0.00000,0.25071,0.25071
0.9800,AXIAL_p0,0.0000,0.0000,0.0000,0.0000,-0.00000,0.00000,0.25071,0.25071
0.9900,AXIAL_p0,0.0000,0.0000,0.0000,0.0000,-0.00000,0.00000,0.25071,0.25071
1.0000,AXIAL_p0,0.0000,0.0000,0.0000,0.0000,-0.00000,0.00000,0.25071,0.25071
1.0100,AXIAL_p0,0.0000,0.0000,0.0000,0.0000,-0.00000,0.00000,0.25071,0.25071
1.0200,AXIAL_p0,0.0000,0.0000,0.0000,0.0000,-0.00000,0.00000,0.25071,0.25071
1.0300,AXIAL_p0,0.0000,0.0000,0.0000,0.0000,-0.00000,0.00000,0.25071,0.25071
1.0400,AXIAL_p0,0.0000,0.0000,0.0000,0.0000,-0.00000,0.00000,0.25071,0.25071
1.0500,AXIAL_p0,0.0000,0.0000,0.0000,0.0000,-0.00000,0.00000,0.25071,0.25071
1.0600,AXIAL_p0,0.0000,0.0000,0.0000,0.0000,-0.00000,0.00000,0.25071,0.25071
1.0700,AXIAL_p0,0.0000,0.0000,0.0000,0.0000,-0.00000,0.00000,0.25071,0.25071
1.0800,AXIAL_p0,0.0000,0.0000,0.0000,0.0000,-0.00000,0.00000,0.25071,0.25071
1.0900,AXIAL_p0,0.0000,0.0000,0.0000,0.0000,-0.00000,0.00000,0.25071,0.25071
1.1000,AXIAL_p0,0.0000,0.0000,0.0000,0.0000,-0.00000,0.00000,0.25071,0.25071
1.1100,AXIAL_p0,0.0000,0.0000,0.0000,0.0000,-0.00000,0.00000,0.25071,0.25071
1.1200,AXIAL_p0,0.0000,0.0000,0.0000,0.0000,-0.00000,0.00000,0.25071,0.25071
1.1300,AXIAL_p0,0.0000,0.0000,0.0000,0.0000,-0.00000,0.00000,0.25071,0.25071
1.1400,AXIAL_p0,0.0000,0.0000,0.0000,0.0000,-0.00000,0.00000,0.25071,0.25071
1.1500,AXIAL_p0,0.0000,0.0000,0.0000,0.0000,-0.00000,0.00000,0.25071,0.25071
1.1600,AXIAL_p0,0.0000,0.0000,0.0000,0.0000,-0.00000,0.00000,0.25071,0.25071
1.1700,AXIAL_p0,0.0000,0.0000,0.0000,0.0000,-0.00000,0.00000,0.25071,0.25071
1.1800,AXIAL_p0,0.0000,0.0000,0.0000,0.0000,-0.00000,0.00000,0.25071,0.25071
1.1900,AXIAL_p0,0.0000,0.0000,0.0000,0.0000,-0.00000,0.00000,0.25071,0.25071
1.2000,AXIAL_p0,0.0000,0.0000,0.0000,0.0000,-0.00000,0.00000,0.25071,0.25071
1.2100,AXIAL_p0,0.0000,0.0000,0.0000,0.0000,-0.00000,0.00000,0.25071,0.25071
1.2200,AXIAL_p0,0.0000,0.0000,0.0000,0.0000,-0.00000,0.00000,0.25071,0.25071
1.2300,AXIAL_p0,0.0000,0.0000,0.0000,0.0000,-0.00000,0.00000,0.25071,0.25071
1.2400,AXIAL_p0,0.0000,0.0000,0.0000,0.0000,-0.00000,0.00000,0.25071,0.25071
1.2500,AXIAL_p0,0.0000,0.0000,0.0000,0.0000,-0.00000,0.00000,0.25071,0.25071
1.2600,AXIAL_p0,0.0000,0.0000,0.0000,0.0000,-0.00000,0.00000,0.25071,0.25071
1.2700,AXIAL_p0,0.0000,0.0000,0.0000,0.0000,-0.00000,0.00000,0.25071,0.25071
1.2800,AXIAL_p0,0.0000,0.0000,0.0000,0.0000,-0.00000,0.00000,0.25071,0.25071
1.2900,AXIAL_p0,0.0000,0.0000,0.0000,0.0000,-0.00000,0.00000,0.25071,0.25071
1.3000,AXIAL_p0,0.0000,0.0000,0.0000,0.0000,-0.00000,0.00000,0.25071,0.25071
1.3100,AXIAL_p0,0.0000,0.0000,0.0000,0.0000,-0.00000,0.00000,0.25071,0.25071
1.3200,AXIAL_p0,0.0000,0.0000,0.0000,0.0000,-0.00000,0.00000,0.25071,0.25071
1.3300,AXIAL_p0,0.0000,0.0000,0.0000,0.0000,-0.00000,0.00000,0.25071,0.25071
1.3400,AXIAL_p0,0.0000,0.0000,0.0000,0.0000,-0.00000,0.00000,0.25071,0.25071
1.3500,AXIAL_p0,0.0000,0.0000,0.0000,0.0000,-0.00000,0.00000,0.25071,0.25071
1.3600,AXIAL_p0,0.0000,0.0000,0.0000,0.0000,-0.00000,0.00000,0.25071,0.25071
1.3700,AXIAL_p0,0.0000,0.0000,0.0000,0.0000,-0.00000,0.00000,0.25071,0.25071
1.3800,AXIAL_p0,0.0000,0.0000,0.0000,0.0000,-0.00000,0.00000,0.25071,0.25071
1.3900,AXIAL_p0,0.0000,0.0000,0.0000,0.0000,-0.00000,0.00000,0.25071,0.25071
1.4000,AXIAL_p0,0.0000,0.0000,0.0000,0.0000,-0.00000,0.00000,0.25071,0.25071
1.4100,AXIAL_p0,0.0000,0.0000,0.0000,0.0000,-0.00000,0.00000,0.25071,0.25071
1.4200,AXIAL_p0,0.0000,0.0000,0.0000,0.0000,-0.00000,0.00000,0.25071,0.25071
1.4300,AXIAL_p0,0.0000,0.0000,0.0000,0.0000,-0.00000,0.00000,0.25071,0.25071
1.4400,AXIAL_p0,0.0000,0.0000,0.0000,0.0000,-0.00000,0.00000,0.25071,0.25071
1.4500,AXIAL_p0,0.0000,0.0000,0.0000,0.0000,-0.00000,0.00000,0.25071,0.25071
1.4600,AXIAL_p0,0.0000,0.0000,0.0000,0.0000,-0.00000,0.00000,0.25071,0.25071
1.4700,AXIAL_p0,0.0000,0.0000,0.0000,0.0000,-0.00000,0.00000,0.25071,0.25071
1.4800,AXIAL_p0,0.0000,0.0000,0.0000,0.0000,-0.00000,0.00000,0.25071,0.25071
1.4900,AXIAL_p0,0.0000,0.0000,0.0000,0.0000,-0.00000,0.00000,0.25071,0.25071
1.5000,AXIAL_p0,0.0000,0.0000,0.0000,0.0000,-0.00000,0.00000,0.25071,0.25071
1.5100,AXIAL_p0,0.0000,0.0000,0.0000,0.0000,-0.00000,0.00000,0.25071,0.25071
1.5200,AXIAL_p0,0.0000,0.0000,0.0000,0.0000,-0.00000,0.00000,0.25071,0.25071
1.5300,AXIAL_p0,0.0000,0.0000,0.0000,0.0000,-0.00000,0.00000,0.25071,0.25071
1.5400,AXIAL_p0,0.0000,0.0000,0.0000,0.0000,-0.00000,0.00000,0.25071,0.25071
1.5500,AXIAL_p0,0.0000,0.0000,0.0000,0.0000,-0.00000,0.00000,0.25071,0.25071
1.5600,AXIAL_p0,0.0000,0.0000,0.0000,0.0000,-0.00000,0.00000,0.25071,0.25071
1.5700,AXIAL_p0,0.0000,0.0000,0.0000,0.0000,-0.00000,0.00000,0.25071,0.25071
1.5800,AXIAL_p0,0.0000,0.0000,0.0000,0.0000,-0.00000,0.00000,0.25071,0.25071
1.5900,AXIAL_p0,0.0000,0.0000,0.0000,0.0000,-0.00000,0.00000,0.25071,0.25071
1.6000,AXIAL_p0,0.0000,0.0000,0.0000,0.0000,-0.00000,0.00000,0.25071,0.25071
1.6100,AXIAL_p0,0.0000,0.0000,0.0000,0.0000,-0.00000,0.00000,0.25071,0.25071
1.6200,AXIAL_p0,0.0000,0.0000,0.0000,0.0000,-0.00000,0.00000,0.25071,0.25071
1.6300,AXIAL_p0,0.0000,0.0000,0.0000,0.0000,-0.00000,0.00000,0.25071,0.25071
1.6400,AXIAL_p0,0.0000,0.0000,0.0000,0.0000,-0.00000,0.00000,0.25071,0.25071
1.6500,AXIAL_p0,0.0000,0.0000,0.0000,0.0000,-0.00000,0.00000,0.25071,0.25071
1.6600,AXIAL_p0,0.0000,0.0000,0.0000,0.0000,-0.00000,0.00000,0.25071,0.25071
1.6700,AXIAL_p0,0.0000,0.0000,0.0000,0.0000,-0.00000,0.00000,0.25071,0.25071
1.6800,AXIAL_p0,0.0000,0.0000,0.0000,0.0000,-0.00000,0.00000,0.25071,0.25071
1.6900,AXIAL_p0,0.0000,0.0000,0.0000,0.0000,-0.00000,0.00000,0.25071,0.25071
1.7000,AXIAL_p0,0.0000,0.0000,0.0000,0.0000,-0.00000,0.00000,0.25071,0.25071
1.7100,AXIAL_p0,0.0000,0.0000,0.0000,0.0000,-0.00000,0.00000,0.25071,0.25071
1.7200,AXIAL_p0,0.0000,0.0000,0.0000,0.0000,-0.00000,0.00000,0.25071,0.25071
1.7300,AXIAL_p0,0.0000,0.0000,0.0000,0.0000,-0.00000,0.00000,0.25071,0.25071
1.7400,AXIAL_p0,0.0000,0.0000,0.0000,0.0000,-0.00000,0.00000,0.25071,0.25071
1.7500,AXIAL_p0,0.0000,0.0000,0.0000,0.0000,-0.00000,0.00000,0.25071,0.25071
1.7600,AXIAL_p0,0.0000,0.0000,0.0000,0.0000,-0.00000,0.00000,0.25071,0.25071
1.7700,AXIAL_p0,0.0000,0.0000,0.0000,0.0000,-0.00000,0.00000,0.25071,0.25071
1.7800,AXIAL_p0,0.0000,0.0000,0.0000,0.0000,-0.00000,0.00000,0.25071,0.25071
1.7900,AXIAL_p0,0.0000,0.0000,0.0000,0.0000,-0.00000,0.00000,0.25071,0.25071
1.8000,AXIAL_p0,0.0000,0.0000,0.0000,0.0000,-0.00000,0.00000,0.25071,0.25071
1.8100,AXIAL_p0,0.0000,0.0000,0.0000,0.0000,-0.00000,0.00000,0.25071,0.25071
1.8200,AXIAL_p0,0.0000,0.0000,0.0000,0.0000,-0.00000,0.00000,0.25071,0.25071
1.8300,AXIAL_p0,0.0000,0.0000,0.0000,0.0000,-0.00000,0.00000,0.25071,0.25071
1.8400,AXIAL_p0,0.0000,0.0000,0.0000,0.0000,-0.00000,0.00000,0.25071,0.25071
1.8500,AXIAL_p0,0.0000,0.0000,0.0000,0.0000,-0.00000,0.00000,0.25071,0.25071
1.8600,AXIAL_p0,0.0000,0.0000,0.0000,0.0000,-0.00000,0.00000,0.25071,0.25071
1.8700,AXIAL_p0,0.0000,0.0000,0.0000,0.0000,-0.00000,0.00000,0.25071,0.25071
1.8800,AXIAL_p0,0.0000,0.0000,0.0000,0.0000,-0.00000,0.00000,0.25071,0.25071
1.8900,AXIAL_p0,0.0000,0.0000,0.0000,0.0000,-0.00000,0.00000,0.25071,0.25071
1.9000,AXIAL_p0,0.0000,0.0000,0.0000,0.0000,-0.00000,0.00000,0.25071,0.25071
1.9100,AXIAL_p0,0.0000,0.0000,0.0000,0.0000,-0.00000,0.00000,0.25071,0.25071
1.9200,AXIAL_p0,0.0000,0.0000,0.0000,0.0000,-0.00000,0.00000,0.25071,0.25071
1.9300,AXIAL_p0,0.0000,0.0000,0.0000,0.0000,-0.00000,0.00000,0.25071,0.25071
1.9400,AXIAL_p0,0.0000,0.0000,0.0000,0.0000,-0.00000,0.00000,0.25071,0.25071
1.9500,AXIAL_p0,0.0000,0.0000,0.0000,0.0000,-0.00000,0.00000,0.25071,0.25071
1.9600,AXIAL_p0,0.0000,0.0000,0.0000,0.0000,-0.00000,0.00000,0.25071,0.25071
1.9700,AXIAL_p0,0.0000,0.0000,0.0000,0.0000,-0.00000,0.00000,0.25071,0.25071
1.9800,AXIAL_p0,0.0000,0.0000,0.0000,0.0000,-0.00000,0.00000,0.25071,0.25071
1.9900,AXIAL_p0,0.0000,0.0000,0.0000,0.0000,-0.00000,0.00000,0.25071,0.25071
2.0000,AXIAL_p0,0.0000,0.0000,0.0000,0.0000,-0.00000,0.00000,0.25071,0.25071
2.0100,AXIAL_p0,0.0000,0.0000,0.0000,0.0000,-0.00000,0.00000,0.25071,0.25071
2.0200,AXIAL_p0,0.0000,0.0000,0.0000,0.0000,-0.00000,0.00000,0.25071,0.25071
2.0300,AXIAL_p0,0.0000,0.0000,0.0000,0.0000,-0.00000,0.00000,0.25071,0.25071
2.0400,AXIAL_p0,0.0000,0.0000,0.0000,0.0000,-0.00000,0.00000,0.25071,0.25071
2.0500,AXIAL_p0,0.0000,0.0000,0.0000,0.0000,-0.00000,0.00000,0.25071,0.25071
2.0600,AXIAL_p0,0.0000,0.0000,0.0000,0.0000,-0.00000,0.00000,0.25071,0.25071
2.0700,AXIAL_p0,0.0000,0.0000,0.0000,0.0000,-0.00000,0.00000,0.25071,0.25071
2.0800,AXIAL_p0,0.0000,0.0000,0.0000,0.0000,-0.00000,0.00000,0.25071,0.25071
2.0900,AXIAL_p0,0.0000,0.0000,0.0000,0.0000,-0.00000,0.00000,0.25071,0.25071
2.1000,AXIAL_p0,0.0000,0.0000,0.0000,0.0000,-0.00000,0.00000,0.25071,0.25071
2.1100,AXIAL_p0,0.0000,0.0000,0.0000,0.0000,-0.00000,0.00000,0.25071,0.25071
2.1200,AXIAL_p0,0.0000,0.0000,0.0000,0.0000,-0.00000,0.00000,0.25071,0.25071
2.1300,AXIAL_p0,0.0000,0.0000,0.0000,0.0000,-0.00000,0.00000,0.25071,0.25071
2.1400,AXIAL_p0,0.0000,0.0000,0.0000,0.0000,-0.00000,0.00000,0.25071,0.25071
2.1500,AXIAL_p0,0.0000,0.0000,0.0000,0.0000,-0.00000,0.00000,0.25071,0.25071
2.1600,AXIAL_p0,0.0000,0.0000,0.0000,0.0000,-0.00000,0.00000,0.25071,0.25071
2.1700,AXIAL_p0,0.0000,0.0000,0.0000,0.0000,-0.00000,0.00000,0.25071,0.25071
2.1800,AXIAL_p0,0.0000,0.0000,0.0000,0.0000,-0.00000,0.00000,0.25071,0.25071
2.1900,AXIAL_p0,0.0000,0.0000,0.0000,0.0000,-0.00000,0.00000,0.25071,0.25071
2.2000,AXIAL_p0,0.0000,0.0000,0.0000,0.0000,-0.00000,0.00000,0.25071,0.25071
2.2100,AXIAL_p0,0.0000,0.0000,0.0000,0.0000,-0.00000,0.00000,0.25071,0.25071
2.2200,AXIAL_p0,0.0000,0.0000,0.0000,0.0000,-0.00000,0.00000,0.25071,0.25071
2.2300,AXIAL_p0,0.0000,0.0000,0.0000,0.0000,-0.00000,0.00000,0.25071,0.25071
2.2400,AXIAL_p0,0.0000,0.0000,0.0000,0.0000,-0.00000,0.00000,0.25071,0.25071
2.2500,AXIAL_p0,0.0000,0.0000,0.0000,0.0000,-0.00000,0.00000,0.25071,0.25071
2.2600,AXIAL_p0,0.0000,0.0000,0.0000,0.0000,-0.00000,0.00000,0.25071,0.25071
2.2700,AXIAL_p0,0.0000,0.0000,0.0000,0.0000,-0.00000,0.00000,0.25071,0.25071
2.2800,AXIAL_p0,0.0000,0.0000,0.0000,0.0000,-0.00000,0.00000,0.25071,0.25071
2.2900,AXIAL_p0,0.0000,0.0000,0.0000,0.0000,-0.00000,0.00000,0.25071,0.25071
2.3000,AXIAL_p0,0.0000,0.0000,0.0000,0.0000,-0.00000,0.00000,0.25071,0.25071
2.3100,AXIAL_p0,0.0000,0.0000,0.0000,0.0000,-0.00000,0.00000,0.25071,0.25071
2.3200,AXIAL_p0,0.0000,0.0000,0.0000,0.0000,-0.00000,0.00000,0.25071,0.25071
2.3300,AXIAL_p0,0.0000,0.0000,0.0000,0.0000,-0.00000,0.00000,0.25071,0.25071
2.3400,AXIAL_p0,0.0000,0.0000,0.0000,0.0000,-0.00000,0.00000,0.25071,0.25071
2.3500,AXIAL_p0,0.0000,0.0000,0.0000,0.0000,-0.00000,0.00000,0.25071,0.25071
2.3600,AXIAL_p0,0.0000,0.0000,0.0000,0.0000,-0.00000,0.00000,0.25071,0.25071
2.3700,AXIAL_p0,0.0000,0.0000,0.0000,0.0000,-0.00000,0.00000,0.25071,0.25071
2.3800,AXIAL_p0,0.0000,0.0000,0.0000,0.0000,-0.00000,0.00000,0.25071,0.25071
2.3900,AXIAL_p0,0.0000,0.0000,0.0000,0.0000,-0.00000,0.00000,0.25071,0.25071
2.4000,AXIAL_p0,0.0000,0.0000,0.0000,0.0000,-0.00000,0.00000,0.25071,0.25071
2.4100,AXIAL_p0,0.0000,0.0000,0.0000,0.0000,-0.00000,0.00000,0.25071,0.25071
2.4200,AXIAL_p0,0.0000,0.0000,0.0000,0.0000,-0.00000,0.00000,0.25071,0.25071
2.4300,AXIAL_p0,0.0000,0.0000,0.0000,0.0000,-0.00000,0.00000,0.25071,0.25071
2.4400,AXIAL_p0,0.0000,0.0000,0.0000,0.0000,-0.00000,0.00000,0.25071,0.25071
2.4500,AXIAL_p0,0.0000,0.0000,0.0000,0.0000,-0.00000,0.00000,0.25071,0.25071
2.4600,AXIAL_p0,0.0000,0.0000,0.0000,0.0000,-0.00000,0.00000,0.25071,0.25071
2.4700,AXIAL_p0,0.0000,0.0000,0.0000,0.0000,-0.00000,0.00000,0.25071,0.25071
2.4800,AXIAL_p0,0.0000,0.0000,0.0000,0.0000,-0.00000,0.00000,0.25071,0.25071
2.4900,AXIAL_p0,0.0000,0.0000,0.0000,0.0000,-0.00000,0.00000,0.25071,0.25071
2.5000,AXIAL_p0,0.0000,0.0000,0.0000,0.0000,-0.00000,0.00000,0.25071,0.25071
2.5100,AXIAL_p0,0.0000,0.0000,0.0000,0.0000,-0.00000,0.00000,0.25071,0.25071
2.5200,AXIAL_p0,0.0000,0.0000,0.0000,0.0000,-0.00000,0.00000,0.25071,0.25071
2.5300,AXIAL_p0,0.0000,0.0000,0.0000,0.0000,-0.00000,0.00000,0.25071,0.25071
2.5400,AXIAL_p0,0.0000,0.0000,0.0000,0.0000,-0.00000,0.00000,0.25071,0.25071
2.5500,AXIAL_p0,0.0000,0.0000,0.0000,0.0000,-0.00000,0.00000,0.25071,0.25071
2.5600,AXIAL_p0,0.0000,0.0000,0.0000,0.0000,-0.00000,0.00000,0.25071,0.25071
2.5700,AXIAL_p0,0.0000,0.0000,0.0000,0.0000,-0.00000,0.00000,0.25071,0.25071
2.5800,AXIAL_p0,0.0000,0.0000,0.0000,0.0000,-0.00000,0.00000,0.25071,0.25071
2.5900,AXIAL_p0,0.0000,0.0000,0.0000,0.0000,-0.00000,0.00000,0.25071,0.25071
2.6000,AXIAL_p0,0.0000,0.0000,0.0000,0.0000,-0.00000,0.00000,0.25071,0.25071
2.6100,AXIAL_p0,0.0000,0.0000,0.0000,0.0000,-0.00000,0.00000,0.25071,0.25071
2.6200,AXIAL_p0,0.0000,0.0000,0.0000,0.0000,-0.00000,0.00000,0.25071,0.25071
2.6300,AXIAL_p0,0.0000,0.0000,0.0000,0.0000,-0.00000,0.00000,0.25071,0.25071
2.6400,AXIAL_p0,0.0000,0.0000,0.0000,0.0000,-0.00000,0.00000,0.25071,0.25071
2.6500,AXIAL_p0,0.0000,0.0000,0.0000,0.0000,-0.00000,0.00000,0.25071,0.25071
2.6600,AXIAL_p0,0.0000,0.0000,0.0000,0.0000,-0.00000,0.00000,0.25071,0.25071
2.6700,AXIAL_p0,0.0000,0.0000,0.0000,0.0000,-0.00000,0.00000,0.25071,0.25071
2.6800,AXIAL_p0,0.0000,0.0000,0.0000,0.0000,-0.00000,0.00000,0.25071,0.25071
2.6900,AXIAL_p0,0.0000,0.0000,0.0000,0.0000,-0.00000,0.00000,0.25071,0.25071
2.7000,AXIAL_p0,0.0000,0.0000,0.0000,0.0000,-0.00000,0.00000,0.25071,0.25071
2.7100,AXIAL_p0,0.0000,0.0000,0.0000,0.0000,-0.00000,0.00000,0.25071,0.25071
2.7200,AXIAL_p0,0.0000,0.0000,0.0000,0.0000,-0.00000,0.00000,0.25071,0.25071
2.7300,AXIAL_p0,0.0000,0.0000,0.0000,0.0000,-0.00000,0.00000,0.25071,0.25071
2.7400,AXIAL_p0,0.0000,0.0000,0.0000,0.0000,-0.00000,0.00000,0.25071,0.25071
2.7500,AXIAL_p0,0.0000,0.0000,0.0000,0.0000,-0.00000,0.00000,0.25071,0.25071
2.7600,AXIAL_p0,0.0000,0.0000,0.0000,0.0000,-0.00000,0.00000,0.25071,0.25071
2.7700,AXIAL_p0,0.0000,0.0000,0.0000,0.0000,-0.00000,0.00000,0.25071,0.25071
2.7800,AXIAL_p0,0.0000,0.0000,0.0000,0.0000,-0.00000,0.00000,0.25071,0.25071
2.7900,AXIAL_p0,0.0000,0.0000,0.0000,0.0000,-0.00000,0.00000,0.25071,0.25071
2.8000,AXIAL_p0,0.0000,0.0000,0.0000,0.0000,-0.00000,0.00000,0.25071,0.25071
2.8100,AXIAL_p0,0.0000,0.0000,0.0000,0.0000,-0.00000,0.00000,0.25071,0.25071
2.8200,AXIAL_p0,0.0000,0.0000,0.0000,0.0000,-0.00000,0.00000,0.25071,0.25071
2.8300,AXIAL_p0,0.0000,0.0000,0.0000,0.0000,-0.00000,0.00000,0.25071,0.25071
2.8400,AXIAL_p0,0.0000,0.0000,0.0000,0.0000,-0.00000,0.00000,0.25071,0.25071
2.8500,AXIAL_p0,0.0000,0.0000,0.0000,0.0000,-0.00000,0.00000,0.25071,0.25071
2.8600,AXIAL_p0,0.0000,0.0000,0.0000,0.0000,-0.00000,0.00000,0.25071,0.25071
2.8700,AXIAL_p0,0.0000,0.0000,0.0000,0.0000,-0.00000,0.00000,0.25071,0.25071
2.8800,AXIAL_p0,0.0000,0.0000,0.0000,0.0000,-0.00000,0.00000,0.25071,0.25071
2.8900,AXIAL_p0,0.0000,0.0000,0.0000,0.0000,-0.00000,0.00000,0.25071,0.25071
2.9000,AXIAL_p0,0.0000,0.0000,0.0000,0.0000,-0.00000,0.00000,0.25071,0.25071
2.9100,AXIAL_p0,0.0000,0.0000,0.0000,0.0000,-0.00000,0.00000,0.25071,0.25071
2.9200,AXIAL_p0,0.0000,0.0000,0.0000,0.0000,-0.00000,0.00000,0.25071,0.25071
2.9300,AXIAL_p0,0.0000,0.0000,0.0000,0.0000,-0.00000,0.00000,0.25071,0.25071
2.9400,AXIAL_p0,0.0000,0.0000,0.0000,0.0000,-0.00000,0.00000,0.25071,0.25071
2.9500,AXIAL_p0,0.0000,0.0000,0.0000,0.0000,-0.00000,0.00000,0.25071,0.25071
2.9600,AXIAL_p0,0.0000,0.0000,0.0000,0.0000,-0.00000,0.00000,0.25071,0.25071
2.9700,AXIAL_p0,0.0000,0.0000,0.0000,0.0000,-0.00000,0.00000,0.25071,0.25071
2.9800,AXIAL_p0,0.0000,0.0000,0.0000,0.0000,-0.00000,0.00000,0.25071,0.25071
2.9900,AXIAL_p0,0.0000,0.0000,0.0000,0.0000,-0.00000,0.00000,0.25071,0.25071
3.0000,AXIAL_p0,0.0000,0.0000,0.0000,0.0000,-0.00000,0.00000,0.25071,0.25071
3.0100,AXIAL_p3,3.0000,3.0000,3.0000,3.0000,-0.00000,0.00000,0.25071,0.25071
3.0200,AXIAL_p3,3.0000,3.0000,3.0000,3.0000,-0.00000,0.00000,0.25070,0.25070
3.0300,AXIAL_p3,3.0000,3.0000,3.0000,3.0000,-0.00000,0.00000,0.25067,0.25067
3.0400,AXIAL_p3,3.0000,3.0000,3.0000,3.0000,-0.00000,0.00000,0.25062,0.25062
3.0500,AXIAL_p3,3.0000,3.0000,3.0000,3.0000,-0.00000,0.00000,0.25055,0.25055
3.0600,AXIAL_p3,3.0000,3.0000,3.0000,3.0000,-0.00000,0.00000,0.25046,0.25046
3.0700,AXIAL_p3,3.0000,3.0000,3.0000,3.0000,-0.00000,0.00000,0.25036,0.25036
3.0800,AXIAL_p3,3.0000,3.0000,3.0000,3.0000,-0.00000,0.00000,0.25025,0.25025
3.0900,AXIAL_p3,3.0000,3.0000,3.0000,3.0000,-0.00000,0.00000,0.25013,0.25013
3.1000,AXIAL_p3,3.0000,3.0000,3.0000,3.0000,-0.00000,0.00000,0.25001,0.25001
3.1100,AXIAL_p3,3.0000,3.0000,3.0000,3.0000,-0.00000,0.00000,0.24989,0.24989
3.1200,AXIAL_p3,3.0000,3.0000,3.0000,3.0000,-0.00000,0.00000,0.24977,0.24977
3.1300,AXIAL_p3,3.0000,3.0000,3.0000,3.0000,-0.00000,0.00000,0.24965,0.24965
3.1400,AXIAL_p3,3.0000,3.0000,3.0000,3.0000,-0.00000,0.00000,0.24955,0.24955
3.1500,AXIAL_p3,3.0000,3.0000,3.0000,3.0000,-0.00000,0.00000,0.24945,0.24945
3.1600,AXIAL_p3,3.0000,3.0000,3.0000,3.0000,-0.00000,0.00000,0.24936,0.24936
3.1700,AXIAL_p3,3.0000,3.0000,3.0000,3.0000,-0.00000,0.00000,0.24928,0.24928
3.1800,AXIAL_p3,3.0000,3.0000,3.0000,3.0000,-0.00000,0.00000,0.24921,0.24921
3.1900,AXIAL_p3,3.0000,3.0000,3.0000,3.0000,-0.00000,0.00000,0.24915,0.24915
3.2000,AXIAL_p3,3.0000,3.0000,3.0000,3.0000,-0.00000,0.00000,0.24910,0.24910
3.2100,AXIAL_p3,3.0000,3.0000,3.0000,3.0000,-0.00000,0.00000,0.24905,0.24905
3.2200,AXIAL_p3,3.0000,3.0000,3.0000,3.0000,-0.00000,0.00000,0.24901,0.24901
3.2300,AXIAL_p3,3.0000,3.0000,3.0000,3.0000,-0.00000,0.00000,0.24898,0.24898
3.2400,AXIAL_p3,3.0000,3.0000,3.0000,3.0000,-0.00000,0.00000,0.24895,0.24895
3.2500,AXIAL_p3,3.0000,3.0000,3.0000,3.0000,-0.00000,0.00000,0.24893,0.24893
3.2600,AXIAL_p3,3.0000,3.0000,3.0000,3.0000,-0.00000,0.00000,0.24890,0.24890
3.2700,AXIAL_p3,3.0000,3.0000,3.0000,3.0000,-0.00000,0.00000,0.24888,0.24888
3.2800,AXIAL_p3,3.0000,3.0000,3.0000,3.0000,-0.00000,0.00000,0.24887,0.24887
3.2900,AXIAL_p3,3.0000,3.0000,3.0000,3.0000,-0.00000,0.00000,0.24885,0.24885
3.3000,AXIAL_p3,3.0000,3.0000,3.0000,3.0000,-0.00000,0.00000,0.24883,0.24883
3.3100,AXIAL_p3,3.0000,3.0000,3.0000,3.0000,-0.00000,0.00000,0.24882,0.24882
3.3200,AXIAL_p3,3.0000,3.0000,3.0000,3.0000,-0.00000,0.00000,0.24880,0.24880
3.3300,AXIAL_p3,3.0000,3.0000,3.0000,3.0000,-0.00000,0.00000,0.24879,0.24879
3.3400,AXIAL_p3,3.0000,3.0000,3.0000,3.0000,-0.00000,0.00000,0.24878,0.24878
3.3500,AXIAL_p3,3.0000,3.0000,3.0000,3.0000,-0.00000,0.00000,0.24877,0.24877
3.3600,AXIAL_p3,3.0000,3.0000,3.0000,3.0000,-0.00000,0.00000,0.24875,0.24875
3.3700,AXIAL_p3,3.0000,3.0000,3.0000,3.0000,-0.00000,0.00000,0.24874,0.24874
3.3800,AXIAL_p3,3.0000,3.0000,3.0000,3.0000,-0.00000,0.00000,0.24873,0.24873
3.3900,AXIAL_p3,3.0000,3.0000,3.0000,3.0000,-0.00000,0.00000,0.24872,0.24872
3.4000,AXIAL_p3,3.0000,3.0000,3.0000,3.0000,-0.00000,0.00000,0.24871,0.24871
3.4100,AXIAL_p3,3.0000,3.0000,3.0000,3.0000,-0.00000,0.00000,0.24871,0.24871
3.4200,AXIAL_p3,3.0000,3.0000,3.0000,3.0000,-0.00000,0.00000,0.24870,0.24870
3.4300,AXIAL_p3,3.0000,3.0000,3.0000,3.0000,-0.00000,0.00000,0.24869,0.24869
3.4400,AXIAL_p3,3.0000,3.0000,3.0000,3.0000,-0.00000,0.00000,0.24868,0.24868
3.4500,AXIAL_p3,3.0000,3.0000,3.0000,3.0000,-0.00000,0.00000,0.24868,0.24868
3.4600,AXIAL_p3,3.0000,3.0000,3.0000,3.0000,-0.00000,0.00000,0.24867,0.24867
3.4700,AXIAL_p3,3.0000,3.0000,3.0000,3.0000,-0.00000,0.00000,0.24867,0.24867
3.4800,AXIAL_p3,3.0000,3.0000,3.0000,3.0000,-0.00000,0.00000,0.24866,0.24866
3.4900,AXIAL_p3,3.0000,3.0000,3.0000,3.0000,-0.00000,0.00000,0.24866,0.24866
3.5000,AXIAL_p3,3.0000,3.0000,3.0000,3.0000,-0.00000,0.00000,0.24866,0.24866
3.5100,AXIAL_p3,3.0000,3.0000,3.0000,3.0000,-0.00000,0.00000,0.24865,0.24865
3.5200,AXIAL_p3,3.0000,3.0000,3.0000,3.0000,-0.00000,0.00000,0.24865,0.24865
3.5300,AXIAL_p3,3.0000,3.0000,3.0000,3.0000,-0.00000,0.00000,0.24865,0.24865
3.5400,AXIAL_p3,3.0000,3.0000,3.0000,3.0000,-0.00000,0.00000,0.24864,0.24864
3.5500,AXIAL_p3,3.0000,3.0000,3.0000,3.0000,-0.00000,0.00000,0.24864,0.24864
3.5600,AXIAL_p3,3.0000,3.0000,3.0000,3.0000,-0.00000,0.00000,0.24864,0.24864
3.5700,AXIAL_p3,3.0000,3.0000,3.0000,3.0000,-0.00000,0.00000,0.24864,0.24864
3.5800,AXIAL_p3,3.0000,3.0000,3.0000,3.0000,-0.00000,0.00000,0.24864,0.24864
3.5900,AXIAL_p3,3.0000,3.0000,3.0000,3.0000,-0.00000,0.00000,0.24863,0.24863
3.6000,AXIAL_p3,3.0000,3.0000,3.0000,3.0000,-0.00000,0.00000,0.24863,0.24863
3.6100,AXIAL_p3,3.0000,3.0000,3.0000,3.0000,-0.00000,0.00000,0.24863,0.24863
3.6200,AXIAL_p3,3.0000,3.0000,3.0000,3.0000,-0.00000,0.00000,0.24863,0.24863
3.6300,AXIAL_p3,3.0000,3.0000,3.0000,3.0000,-0.00000,0.00000,0.24863,0.24863
3.6400,AXIAL_p3,3.0000,3.0000,3.0000,3.0000,-0.00000,0.00000,0.24863,0.24863
3.6500,AXIAL_p3,3.0000,3.0000,3.0000,3.0000,-0.00000,0.00000,0.24863,0.24863
3.6600,AXIAL_p3,3.0000,3.0000,3.0000,3.0000,-0.00000,0.00000,0.24863,0.24863
3.6700,AXIAL_p3,3.0000,3.0000,3.0000,3.0000,-0.00000,0.00000,0.24862,0.24862
3.6800,AXIAL_p3,3.0000,3.0000,3.0000,3.0000,-0.00000,0.00000,0.24862,0.24862
3.6900,AXIAL_p3,3.0000,3.0000,3.0000,3.0000,-0.00000,0.00000,0.24862,0.24862
3.7000,AXIAL_p3,3.0000,3.0000,3.0000,3.0000,-0.00000,0.00000,0.24862,0.24862
3.7100,AXIAL_p3,3.0000,3.0000,3.0000,3.0000,-0.00000,0.00000,0.24862,0.24862
3.7200,AXIAL_p3,3.0000,3.0000,3.0000,3.0000,-0.00000,0.00000,0.24862,0.24862
3.7300,AXIAL_p3,3.0000,3.0000,3.0000,3.0000,-0.00000,0.00000,0.24862,0.24862
3.7400,AXIAL_p3,3.0000,3.0000,3.0000,3.0000,-0.00000,0.00000,0.24862,0.24862
3.7500,AXIAL_p3,3.0000,3.0000,3.0000,3.0000,-0.00000,0.00000,0.24862,0.24862
3.7600,AXIAL_p3,3.0000,3.0000,3.0000,3.0000,-0.00000,0.00000,0.24862,0.24862
3.7700,AXIAL_p3,3.0000,3.0000,3.0000,3.0000,-0.00000,0.00000,0.24862,0.24862
3.7800,AXIAL_p3,3.0000,3.0000,3.0000,3.0000,-0.00000,0.00000,0.24862,0.24862
3.7900,AXIAL_p3,3.0000,3.0000,3.0000,3.0000,-0.00000,0.00000,0.24862,0.24862
3.8000,AXIAL_p3,3.0000,3.0000,3.0000,3.0000,-0.00000,0.00000,0.24862,0.24862
3.8100,AXIAL_p3,3.0000,3.0000,3.0000,3.0000,-0.00000,0.00000,0.24862,0.24862
3.8200,AXIAL_p3,3.0000,3.0000,3.0000,3.0000,-0.00000,0.00000,0.24862,0.24862
3.8300,AXIAL_p3,3.0000,3.0000,3.0000,3.0000,-0.00000,0.00000,0.24862,0.24862
3.8400,AXIAL_p3,3.0000,3.0000,3.0000,3.0000,-0.00000,0.00000,0.24862,0.24862
3.8500,AXIAL_p3,3.0000,3.0000,3.0000,3.0000,-0.00000,0.00000,0.24862,0.24862
3.8600,AXIAL_p3,3.0000,3.0000,3.0000,3.0000,-0.00000,0.00000,0.24862,0.24862
3.8700,AXIAL_p3,3.0000,3.0000,3.0000,3.0000,-0.00000,0.00000,0.24862,0.24862
3.8800,AXIAL_p3,3.0000,3.0000,3.0000,3.0000,-0.00000,0.00000,0.24862,0.24862
3.8900,AXIAL_p3,3.0000,3.0000,3.0000,3.0000,-0.00000,0.00000,0.24862,0.24862
3.9000,AXIAL_p3,3.0000,3.0000,3.0000,3.0000,-0.00000,0.00000,0.24862,0.24862
3.9100,AXIAL_p3,3.0000,3.0000,3.0000,3.0000,-0.00000,0.00000,0.24862,0.24862
3.9200,AXIAL_p3,3.0000,3.0000,3.0000,3.0000,-0.00000,0.00000,0.24862,0.24862
3.9300,AXIAL_p3,3.0000,3.0000,3.0000,3.0000,-0.00000,0.00000,0.24862,0.24862
3.9400,AXIAL_p3,3.0000,3.0000,3.0000,3.0000,-0.00000,0.00000,0.24862,0.24862
3.9500,AXIAL_p3,3.0000,3.0000,3.0000,3.0000,-0.00000,0.00000,0.24862,0.24862
3.9600,AXIAL_p3,3.0000,3.0000,3.0000,3.0000,-0.00000,0.00000,0.24862,0.24862
3.9700,AXIAL_p3,3.0000,3.0000,3.0000,3.0000,-0.00000,0.00000,0.24862,0.24862
3.9800,AXIAL_p3,3.0000,3.0000,3.0000,3.0000,-0.00000,0.00000,0.24862,0.24862
3.9900,AXIAL_p3,3.0000,3.0000,3.0000,3.0000,-0.00000,0.00000,0.24862,0.24862
4.0000,AXIAL_p3,3.0000,3.0000,3.0000,3.0000,-0.00000,0.00000,0.24862,0.24862
4.0100,AXIAL_p3,3.0000,3.0000,3.0000,3.0000,-0.00000,0.00000,0.24862,0.24862
4.0200,AXIAL_p3,3.0000,3.0000,3.0000,3.0000,-0.00000,0.00000,0.24862,0.24862
4.0300,AXIAL_p3,3.0000,3.0000,3.0000,3.0000,-0.00000,0.00000,0.24862,0.24862
4.0400,AXIAL_p3,3.0000,3.0000,3.0000,3.0000,-0.00000,0.00000,0.24862,0.24862
4.0500,AXIAL_p3,3.0000,3.0000,3.0000,3.0000,-0.00000,0.00000,0.24862,0.24862
4.0600,AXIAL_p3,3.0000,3.0000,3.0000,3.0000,-0.00000,0.00000,0.24862,0.24862
4.0700,AXIAL_p3,3.0000,3.0000,3.0000,3.0000,-0.00000,0.00000,0.24862,0.24862
4.0800,AXIAL_p3,3.0000,3.0000,3.0000,3.0000,-0.00000,0.00000,0.24862,0.24862
4.0900,AXIAL_p3,3.0000,3.0000,3.0000,3.0000,-0.00000,0.00000,0.24862,0.24862
4.1000,AXIAL_p3,3.0000,3.0000,3.0000,3.0000,-0.00000,0.00000,0.24862,0.24862
4.1100,AXIAL_p3,3.0000,3.0000,3.0000,3.0000,-0.00000,0.00000,0.24861,0.24861
4.1200,AXIAL_p3,3.0000,3.0000,3.0000,3.0000,-0.00000,0.00000,0.24861,0.24861
4.1300,AXIAL_p3,3.0000,3.0000,3.0000,3.0000,-0.00000,0.00000,0.24861,0.24861
4.1400,AXIAL_p3,3.0000,3.0000,3.0000,3.0000,-0.00000,0.00000,0.24861,0.24861
4.1500,AXIAL_p3,3.0000,3.0000,3.0000,3.0000,-0.00000,0.00000,0.24861,0.24861
4.1600,AXIAL_p3,3.0000,3.0000,3.0000,3.0000,-0.00000,0.00000,0.24861,0.24861
4.1700,AXIAL_p3,3.0000,3.0000,3.0000,3.0000,-0.00000,0.00000,0.24861,0.24861
4.1800,AXIAL_p3,3.0000,3.0000,3.0000,3.0000,-0.00000,0.00000,0.24861,0.24861
4.1900,AXIAL_p3,3.0000,3.0000,3.0000,3.0000,-0.00000,0.00000,0.24861,0.24861
4.2000,AXIAL_p3,3.0000,3.0000,3.0000,3.0000,-0.00000,0.00000,0.24861,0.24861
4.2100,AXIAL_p3,3.0000,3.0000,3.0000,3.0000,-0.00000,0.00000,0.24861,0.24861
4.2200,AXIAL_p3,3.0000,3.0000,3.0000,3.0000,-0.00000,0.00000,0.24861,0.24861
4.2300,AXIAL_p3,3.0000,3.0000,3.0000,3.0000,-0.00000,0.00000,0.24861,0.24861
4.2400,AXIAL_p3,3.0000,3.0000,3.0000,3.0000,-0.00000,0.00000,0.24861,0.24861
4.2500,AXIAL_p3,3.0000,3.0000,3.0000,3.0000,-0.00000,0.00000,0.24861,0.24861
4.2600,AXIAL_p3,3.0000,3.0000,3.0000,3.0000,-0.00000,0.00000,0.24861,0.24861
4.2700,AXIAL_p3,3.0000,3.0000,3.0000,3.0000,-0.00000,0.00000,0.24861,0.24861
4.2800,AXIAL_p3,3.0000,3.0000,3.0000,3.0000,-0.00000,0.00000,0.24861,0.24861
4.2900,AXIAL_p3,3.0000,3.0000,3.0000,3.0000,-0.00000,0.00000,0.24861,0.24861
4.3000,AXIAL_p3,3.0000,3.0000,3.0000,3.0000,-0.00000,0.00000,0.24861,0.24861
4.3100,AXIAL_p3,3.0000,3.0000,3.0000,3.0000,-0.00000,0.00000,0.24861,0.24861
4.3200,AXIAL_p3,3.0000,3.0000,3.0000,3.0000,-0.00000,0.00000,0.24861,0.24861
4.3300,AXIAL_p3,3.0000,3.0000,3.0000,3.0000,-0.00000,0.00000,0.24861,0.24861
4.3400,AXIAL_p3,3.0000,3.0000,3.0000,3.0000,-0.00000,0.00000,0.24861,0.24861
4.3500,AXIAL_p3,3.0000,3.0000,3.0000,3.0000,-0.00000,0.00000,0.24861,0.24861
4.3600,AXIAL_p3,3.0000,3.0000,3.0000,3.0000,-0.00000,0.00000,0.24861,0.24861
4.3700,AXIAL_p3,3.0000,3.0000,3.0000,3.0000,-0.00000,0.00000,0.24861,0.24861
4.3800,AXIAL_p3,3.0000,3.0000,3.0000,3.0000,-0.00000,0.00000,0.24861,0.24861
4.3900,AXIAL_p3,3.0000,3.0000,3.0000,3.0000,-0.00000,0.00000,0.24861,0.24861
4.4000,AXIAL_p3,3.0000,3.0000,3.0000,3.0000,-0.00000,0.00000,0.24861,0.24861
4.4100,AXIAL_p3,3.0000,3.0000,3.0000,3.0000,-0.00000,0.00000,0.24861,0.24861
4.4200,AXIAL_p3,3.0000,3.0000,3.0000,3.0000,-0.00000,0.00000,0.24861,0.24861
4.4300,AXIAL_p3,3.0000,3.0000,3.0000,3.0000,-0.00000,0.00000,0.24861,0.24861
4.4400,AXIAL_p3,3.0000,3.0000,3.0000,3.0000,-0.00000,0.00000,0.24861,0.24861
4.4500,AXIAL_p3,3.0000,3.0000,3.0000,3.0000,-0.00000,0.00000,0.24861,0.24861
4.4600,AXIAL_p3,3.0000,3.0000,3.0000,3.0000,-0.00000,0.00000,0.24861,0.24861
4.4700,AXIAL_p3,3.0000,3.0000,3.0000,3.0000,-0.00000,0.00000,0.24861,0.24861
4.4800,AXIAL_p3,3.0000,3.0000,3.0000,3.0000,-0.00000,0.00000,0.24861,0.24861
4.4900,AXIAL_p3,3.0000,3.0000,3.0000,3.0000,-0.00000,0.00000,0.24861,0.24861
4.5000,AXIAL_p3,3.0000,3.0000,3.0000,3.0000,-0.00000,0.00000,0.24861,0.24861
4.5100,AXIAL_p3,3.0000,3.0000,3.0000,3.0000,-0.00000,0.00000,0.24861,0.24861
4.5200,AXIAL_p3,3.0000,3.0000,3.0000,3.0000,-0.00000,0.00000,0.24861,0.24861
4.5300,AXIAL_p3,3.0000,3.0000,3.0000,3.0000,-0.00000,0.00000,0.24861,0.24861
4.5400,AXIAL_p3,3.0000,3.0000,3.0000,3.0000,-0.00000,0.00000,0.24861,0.24861
4.5500,AXIAL_p3,3.0000,3.0000,3.0000,3.0000,-0.00000,0.00000,0.24861,0.24861
4.5600,AXIAL_p3,3.0000,3.0000,3.0000,3.0000,-0.00000,0.00000,0.24861,0.24861
4.5700,AXIAL_p3,3.0000,3.0000,3.0000,3.0000,-0.00000,0.00000,0.24861,0.24861
4.5800,AXIAL_p3,3.0000,3.0000,3.0000,3.0000,-0.00000,0.00000,0.24861,0.24861
4.5900,AXIAL_p3,3.0000,3.0000,3.0000,3.0000,-0.00000,0.00000,0.24861,0.24861
4.6000,AXIAL_p3,3.0000,3.0000,3.0000,3.0000,-0.00000,0.00000,0.24861,0.24861
4.6100,AXIAL_p3,3.0000,3.0000,3.0000,3.0000,-0.00000,0.00000,0.24861,0.24861
4.6200,AXIAL_p3,3.0000,3.0000,3.0000,3.0000,-0.00000,0.00000,0.24861,0.24861
4.6300,AXIAL_p3,3.0000,3.0000,3.0000,3.0000,-0.00000,0.00000,0.24861,0.24861
4.6400,AXIAL_p3,3.0000,3.0000,3.0000,3.0000,-0.00000,0.00000,0.24861,0.24861
4.6500,AXIAL_p3,3.0000,3.0000,3.0000,3.0000,-0.00000,0.00000,0.24861,0.24861
4.6600,AXIAL_p3,3.0000,3.0000,3.0000,3.0000,-0.00000,0.00000,0.24861,0.24861
4.6700,AXIAL_p3,3.0000,3.0000,3.0000,3.0000,-0.00000,0.00000,0.24861,0.24861
4.6800,AXIAL_p3,3.0000,3.0000,3.0000,3.0000,-0.00000,0.00000,0.24861,0.24861
4.6900,AXIAL_p3,3.0000,3.0000,3.0000,3.0000,-0.00000,0.00000,0.24861,0.24861
4.7000,AXIAL_p3,3.0000,3.0000,3.0000,3.0000,-0.00000,0.00000,0.24861,0.24861
4.7100,AXIAL_p3,3.0000,3.0000,3.0000,3.0000,-0.00000,0.00000,0.24861,0.24861
4.7200,AXIAL_p3,3.0000,3.0000,3.0000,3.0000,-0.00000,0.00000,0.24861,0.24861
4.7300,AXIAL_p3,3.0000,3.0000,3.0000,3.0000,-0.00000,0.00000,0.24861,0.24861
4.7400,AXIAL_p3,3.0000,3.0000,3.0000,3.0000,-0.00000,0.00000,0.24861,0.24861
4.7500,AXIAL_p3,3.0000,3.0000,3.0000,3.0000,-0.00000,0.00000,0.24861,0.24861
4.7600,AXIAL_p3,3.0000,3.0000,3.0000,3.0000,-0.00000,0.00000,0.24861,0.24861
4.7700,AXIAL_p3,3.0000,3.0000,3.0000,3.0000,-0.00000,0.00000,0.24861,0.24861
4.7800,AXIAL_p3,3.0000,3.0000,3.0000,3.0000,-0.00000,0.00000,0.24861,0.24861
4.7900,AXIAL_p3,3.0000,3.0000,3.0000,3.0000,-0.00000,0.00000,0.24861,0.24861
4.8000,AXIAL_p3,3.0000,3.0000,3.0000,3.0000,-0.00000,0.00000,0.24861,0.24861
4.8100,AXIAL_p3,3.0000,3.0000,3.0000,3.0000,-0.00000,0.00000,0.24861,0.24861
4.8200,AXIAL_p3,3.0000,3.0000,3.0000,3.0000,-0.00000,0.00000,0.24861,0.24861
4.8300,AXIAL_p3,3.0000,3.0000,3.0000,3.0000,-0.00000,0.00000,0.24861,0.24861
4.8400,AXIAL_p3,3.0000,3.0000,3.0000,3.0000,-0.00000,0.00000,0.24861,0.24861
4.8500,AXIAL_p3,3.0000,3.0000,3.0000,3.0000,-0.00000,0.00000,0.24861,0.24861
4.8600,AXIAL_p3,3.0000,3.0000,3.0000,3.0000,-0.00000,0.00000,0.24861,0.24861
4.8700,AXIAL_p3,3.0000,3.0000,3.0000,3.0000,-0.00000,0.00000,0.24861,0.24861
4.8800,AXIAL_p3,3.0000,3.0000,3.0000,3.0000,-0.00000,0.00000,0.24861,0.24861
4.8900,AXIAL_p3,3.0000,3.0000,3.0000,3.0000,-0.00000,0.00000,0.24861,0.24861
4.9000,AXIAL_p3,3.0000,3.0000,3.0000,3.0000,-0.00000,0.00000,0.24861,0.24861
4.9100,AXIAL_p3,3.0000,3.0000,3.0000,3.0000,-0.00000,0.00000,0.24861,0.24861
4.9200,AXIAL_p3,3.0000,3.0000,3.0000,3.0000,-0.00000,0.00000,0.24861,0.24861
4.9300,AXIAL_p3,3.0000,3.0000,3.0000,3.0000,-0.00000,0.00000,0.24861,0.24861
4.9400,AXIAL_p3,3.0000,3.0000,3.0000,3.0000,-0.00000,0.00000,0.24861,0.24861
4.9500,AXIAL_p3,3.0000,3.0000,3.0000,3.0000,-0.00000,0.00000,0.24861,0.24861
4.9600,AXIAL_p3,3.0000,3.0000,3.0000,3.0000,-0.00000,0.00000,0.24861,0.24861
4.9700,AXIAL_p3,3.0000,3.0000,3.0000,3.0000,-0.00000,0.00000,0.24861,0.24861
4.9800,AXIAL_p3,3.0000,3.0000,3.0000,3.0000,-0.00000,0.00000,0.24861,0.24861
4.9900,AXIAL_p3,3.0000,3.0000,3.0000,3.0000,-0.00000,0.00000,0.24861,0.24861
5.0000,AXIAL_p3,3.0000,3.0000,3.0000,3.0000,-0.00000,0.00000,0.24861,0.24861
5.0100,AXIAL_p3,3.0000,3.0000,3.0000,3.0000,-0.00000,0.00000,0.24861,0.24861
5.0200,AXIAL_p3,3.0000,3.0000,3.0000,3.0000,-0.00000,0.00000,0.24861,0.24861
5.0300,AXIAL_p3,3.0000,3.0000,3.0000,3.0000,-0.00000,0.00000,0.24861,0.24861
5.0400,AXIAL_p3,3.0000,3.0000,3.0000,3.0000,-0.00000,0.00000,0.24861,0.24861
5.0500,AXIAL_p3,3.0000,3.0000,3.0000,3.0000,-0.00000,0.00000,0.24861,0.24861
5.0600,AXIAL_p3,3.0000,3.0000,3.0000,3.0000,-0.00000,0.00000,0.24861,0.24861
5.0700,AXIAL_p3,3.0000,3.0000,3.0000,3.0000,-0.00000,0.00000,0.24861,0.24861
5.0800,AXIAL_p3,3.0000,3.0000,3.0000,3.0000,-0.00000,0.00000,0.24861,0.24861
5.0900,AXIAL_p3,3.0000,3.0000,3.0000,3.0000,-0.00000,0.00000,0.24861,0.24861
5.1000,AXIAL_p3,3.0000,3.0000,3.0000,3.0000,-0.00000,0.00000,0.24861,0.24861
5.1100,AXIAL_p3,3.0000,3.0000,3.0000,3.0000,-0.00000,0.00000,0.24861,0.24861
5.1200,AXIAL_p3,3.0000,3.0000,3.0000,3.0000,-0.00000,0.00000,0.24861,0.24861
5.1300,AXIAL_p3,3.0000,3.0000,3.0000,3.0000,-0.00000,0.00000,0.24861,0.24861
5.1400,AXIAL_p3,3.0000,3.0000,3.0000,3.0000,-0.00000,0.00000,0.24861,0.24861
5.1500,AXIAL_p3,3.0000,3.0000,3.0000,3.0000,-0.00000,0.00000,0.24861,0.24861
5.1600,AXIAL_p3,3.0000,3.0000,3.0000,3.0000,-0.00000,0.00000,0.24861,0.24861
5.1700,AXIAL_p3,3.0000,3.0000,3.0000,3.0000,-0.00000,0.00000,0.24861,0.24861
5.1800,AXIAL_p3,3.0000,3.0000,3.0000,3.0000,-0.00000,0.00000,0.24861,0.24861
5.1900,AXIAL_p3,3.0000,3.0000,3.0000,3.0000,-0.00000,0.00000,0.24861,0.24861
5.2000,AXIAL_p3,3.0000,3.0000,3.0000,3.0000,-0.00000,0.00000,0.24861,0.24861
5.2100,AXIAL_p3,3.0000,3.0000,3.0000,3.0000,-0.00000,0.00000,0.24861,0.24861
5.2200,AXIAL_p3,3.0000,3.0000,3.0000,3.0000,-0.00000,0.00000,0.24861,0.24861
5.2300,AXIAL_p3,3.0000,3.0000,3.0000,3.0000,-0.00000,0.00000,0.24861,0.24861
5.2400,AXIAL_p3,3.0000,3.0000,3.0000,3.0000,-0.00000,0.00000,0.24861,0.24861
5.2500,AXIAL_p3,3.0000,3.0000,3.0000,3.0000,-0.00000,0.00000,0.24861,0.24861
5.2600,AXIAL_p3,3.0000,3.0000,3.0000,3.0000,-0.00000,0.00000,0.24861,0.24861
5.2700,AXIAL_p3,3.0000,3.0000,3.0000,3.0000,-0.00000,0.00000,0.24861,0.24861
5.2800,AXIAL_p3,3.0000,3.0000,3.0000,3.0000,-0.00000,0.00000,0.24861,0.24861
5.2900,AXIAL_p3,3.0000,3.0000,3.0000,3.0000,-0.00000,0.00000,0.24861,0.24861
5.3000,AXIAL_p3,3.0000,3.0000,3.0000,3.0000,-0.00000,0.00000,0.24861,0.24861
5.3100,AXIAL_p3,3.0000,3.0000,3.0000,3.0000,-0.00000,0.00000,0.24861,0.24861
5.3200,AXIAL_p3,3.0000,3.0000,3.0000,3.0000,-0.00000,0.00000,0.24861,0.24861
5.3300,AXIAL_p3,3.0000,3.0000,3.0000,3.0000,-0.00000,0.00000,0.24861,0.24861
5.3400,AXIAL_p3,3.0000,3.0000,3.0000,3.0000,-0.00000,0.00000,0.24861,0.24861
5.3500,AXIAL_p3,3.0000,3.0000,3.0000,3.0000,-0.00000,0.00000,0.24861,0.24861
5.3600,AXIAL_p3,3.0000,3.0000,3.0000,3.0000,-0.00000,0.00000,0.24861,0.24861
5.3700,AXIAL_p3,3.0000,3.0000,3.0000,3.0000,-0.00000,0.00000,0.24861,0.24861
5.3800,AXIAL_p3,3.0000,3.0000,3.0000,3.0000,-0.00000,0.00000,0.24861,0.24861
5.3900,AXIAL_p3,3.0000,3.0000,3.0000,3.0000,-0.00000,0.00000,0.24861,0.24861
5.4000,AXIAL_p3,3.0000,3.0000,3.0000,3.0000,-0.00000,0.00000,0.24861,0.24861
5.4100,AXIAL_p3,3.0000,3.0000,3.0000,3.0000,-0.00000,0.00000,0.24861,0.24861
5.4200,AXIAL_p3,3.0000,3.0000,3.0000,3.0000,-0.00000,0.00000,0.24861,0.24861
5.4300,AXIAL_p3,3.0000,3.0000,3.0000,3.0000,-0.00000,0.00000,0.24861,0.24861
5.4400,AXIAL_p3,3.0000,3.0000,3.0000,3.0000,-0.00000,0.00000,0.24861,0.24861
5.4500,AXIAL_p3,3.0000,3.0000,3.0000,3.0000,-0.00000,0.00000,0.24861,0.24861
5.4600,AXIAL_p3,3.0000,3.0000,3.0000,3.0000,-0.00000,0.00000,0.24861,0.24861
5.4700,AXIAL_p3,3.0000,3.0000,3.0000,3.0000,-0.00000,0.00000,0.24861,0.24861
5.4800,AXIAL_p3,3.0000,3.0000,3.0000,3.0000,-0.00000,0.00000,0.24861,0.24861
5.4900,AXIAL_p3,3.0000,3.0000,3.0000,3.0000,-0.00000,0.00000,0.24861,0.24861
5.5000,AXIAL_p3,3.0000,3.0000,3.0000,3.0000,-0.00000,0.00000,0.24861,0.24861
5.5100,AXIAL_p3,3.0000,3.0000,3.0000,3.0000,-0.00000,0.00000,0.24861,0.24861
5.5200,AXIAL_p3,3.0000,3.0000,3.0000,3.0000,-0.00000,0.00000,0.24861,0.24861
5.5300,AXIAL_p3,3.0000,3.0000,3.0000,3.0000,-0.00000,0.00000,0.24861,0.24861
5.5400,AXIAL_p3,3.0000,3.0000,3.0000,3.0000,-0.00000,0.00000,0.24861,0.24861
5.5500,AXIAL_p3,3.0000,3.0000,3.0000,3.0000,-0.00000,0.00000,0.24861,0.24861
5.5600,AXIAL_p3,3.0000,3.0000,3.0000,3.0000,-0.00000,0.00000,0.24861,0.24861
5.5700,AXIAL_p3,3.0000,3.0000,3.0000,3.0000,-0.00000,0.00000,0.24861,0.24861
5.5800,AXIAL_p3,3.0000,3.0000,3.0000,3.0000,-0.00000,0.00000,0.24861,0.24861
5.5900,AXIAL_p3,3.0000,3.0000,3.0000,3.0000,-0.00000,0.00000,0.24861,0.24861
5.6000,AXIAL_p3,3.0000,3.0000,3.0000,3.0000,-0.00000,0.00000,0.24861,0.24861
5.6100,AXIAL_p3,3.0000,3.0000,3.0000,3.0000,-0.00000,0.00000,0.24861,0.24861
5.6200,AXIAL_p3,3.0000,3.0000,3.0000,3.0000,-0.00000,0.00000,0.24861,0.24861
5.6300,AXIAL_p3,3.0000,3.0000,3.0000,3.0000,-0.00000,0.00000,0.24861,0.24861
5.6400,AXIAL_p3,3.0000,3.0000,3.0000,3.0000,-0.00000,0.00000,0.24861,0.24861
5.6500,AXIAL_p3,3.0000,3.0000,3.0000,3.0000,-0.00000,0.00000,0.24861,0.24861
5.6600,AXIAL_p3,3.0000,3.0000,3.0000,3.0000,-0.00000,0.00000,0.24861,0.24861
5.6700,AXIAL_p3,3.0000,3.0000,3.0000,3.0000,-0.00000,0.00000,0.24861,0.24861
5.6800,AXIAL_p3,3.0000,3.0000,3.0000,3.0000,-0.00000,0.00000,0.24861,0.24861
5.6900,AXIAL_p3,3.0000,3.0000,3.0000,3.0000,-0.00000,0.00000,0.24861,0.24861
5.7000,AXIAL_p3,3.0000,3.0000,3.0000,3.0000,-0.00000,0.00000,0.24861,0.24861
5.7100,AXIAL_p3,3.0000,3.0000,3.0000,3.0000,-0.00000,0.00000,0.24861,0.24861
5.7200,AXIAL_p3,3.0000,3.0000,3.0000,3.0000,-0.00000,0.00000,0.24861,0.24861
5.7300,AXIAL_p3,3.0000,3.0000,3.0000,3.0000,-0.00000,0.00000,0.24861,0.24861
5.7400,AXIAL_p3,3.0000,3.0000,3.0000,3.0000,-0.00000,0.00000,0.24861,0.24861
5.7500,AXIAL_p3,3.0000,3.0000,3.0000,3.0000,-0.00000,0.00000,0.24861,0.24861
5.7600,AXIAL_p3,3.0000,3.0000,3.0000,3.0000,-0.00000,0.00000,0.24861,0.24861
5.7700,AXIAL_p3,3.0000,3.0000,3.0000,3.0000,-0.00000,0.00000,0.24861,0.24861
5.7800,AXIAL_p3,3.0000,3.0000,3.0000,3.0000,-0.00000,0.00000,0.24861,0.24861
5.7900,AXIAL_p3,3.0000,3.0000,3.0000,3.0000,-0.00000,0.00000,0.24861,0.24861
5.8000,AXIAL_p3,3.0000,3.0000,3.0000,3.0000,-0.00000,0.00000,0.24861,0.24861
5.8100,AXIAL_p3,3.0000,3.0000,3.0000,3.0000,-0.00000,0.00000,0.24861,0.24861
5.8200,AXIAL_p3,3.0000,3.0000,3.0000,3.0000,-0.00000,0.00000,0.24861,0.24861
5.8300,AXIAL_p3,3.0000,3.0000,3.0000,3.0000,-0.00000,0.00000,0.24861,0.24861
5.8400,AXIAL_p3,3.0000,3.0000,3.0000,3.0000,-0.00000,0.00000,0.24861,0.24861
5.8500,AXIAL_p3,3.0000,3.0000,3.0000,3.0000,-0.00000,0.00000,0.24861,0.24861
5.8600,AXIAL_p3,3.0000,3.0000,3.0000,3.0000,-0.00000,0.00000,0.24861,0.24861
5.8700,AXIAL_p3,3.0000,3.0000,3.0000,3.0000,-0.00000,0.00000,0.24861,0.24861
5.8800,AXIAL_p3,3.0000,3.0000,3.0000,3.0000,-0.00000,0.00000,0.24861,0.24861
5.8900,AXIAL_p3,3.0000,3.0000,3.0000,3.0000,-0.00000,0.00000,0.24861,0.24861
5.9000,AXIAL_p3,3.0000,3.0000,3.0000,3.0000,-0.00000,0.00000,0.24861,0.24861
5.9100,AXIAL_p3,3.0000,3.0000,3.0000,3.0000,-0.00000,0.00000,0.24861,0.24861
5.9200,AXIAL_p3,3.0000,3.0000,3.0000,3.0000,-0.00000,0.00000,0.24861,0.24861
5.9300,AXIAL_p3,3.0000,3.0000,3.0000,3.0000,-0.00000,0.00000,0.24861,0.24861
5.9400,AXIAL_p3,3.0000,3.0000,3.0000,3.0000,-0.00000,0.00000,0.24861,0.24861
5.9500,AXIAL_p3,3.0000,3.0000,3.0000,3.0000,-0.00000,0.00000,0.24861,0.24861
5.9600,AXIAL_p3,3.0000,3.0000,3.0000,3.0000,-0.00000,0.00000,0.24861,0.24861
5.9700,AXIAL_p3,3.0000,3.0000,3.0000,3.0000,-0.00000,0.00000,0.24861,0.24861
5.9800,AXIAL_p3,3.0000,3.0000,3.0000,3.0000,-0.00000,0.00000,0.24861,0.24861
5.9900,AXIAL_p3,3.0000,3.0000,3.0000,3.0000,-0.00000,0.00000,0.24861,0.24861
6.0000,AXIAL_p3,3.0000,3.0000,3.0000,3.0000,-0.00000,0.00000,0.24861,0.24861
6.0100,AXIAL_p6,6.0000,6.0000,6.0000,6.0000,-0.00000,0.00000,0.24861,0.24861
6.0200,AXIAL_p6,6.0000,6.0000,6.0000,6.0000,-0.00000,0.00000,0.24860,0.24860
6.0300,AXIAL_p6,6.0000,6.0000,6.0000,6.0000,-0.00000,0.00000,0.24857,0.24857
6.0400,AXIAL_p6,6.0000,6.0000,6.0000,6.0000,-0.00000,0.00000,0.24852,0.24852
6.0500,AXIAL_p6,6.0000,6.0000,6.0000,6.0000,-0.00000,0.00000,0.24845,0.24845
6.0600,AXIAL_p6,6.0000,6.0000,6.0000,6.0000,-0.00000,0.00000,0.24837,0.24837
6.0700,AXIAL_p6,6.0000,6.0000,6.0000,6.0000,-0.00000,0.00000,0.24826,0.24826
6.0800,AXIAL_p6,6.0000,6.0000,6.0000,6.0000,-0.00000,0.00000,0.24815,0.24815
6.0900,AXIAL_p6,6.0000,6.0000,6.0000,6.0000,-0.00000,0.00000,0.24803,0.24803
6.1000,AXIAL_p6,6.0000,6.0000,6.0000,6.0000,-0.00000,0.00000,0.24791,0.24791
6.1100,AXIAL_p6,6.0000,6.0000,6.0000,6.0000,-0.00000,0.00000,0.24779,0.24779
6.1200,AXIAL_p6,6.0000,6.0000,6.0000,6.0000,-0.00000,0.00000,0.24767,0.24767
6.1300,AXIAL_p6,6.0000,6.0000,6.0000,6.0000,-0.00000,0.00000,0.24756,0.24756
6.1400,AXIAL_p6,6.0000,6.0000,6.0000,6.0000,-0.00000,0.00000,0.24745,0.24745
6.1500,AXIAL_p6,6.0000,6.0000,6.0000,6.0000,-0.00000,0.00000,0.24735,0.24735
6.1600,AXIAL_p6,6.0000,6.0000,6.0000,6.0000,-0.00000,0.00000,0.24726,0.24726
6.1700,AXIAL_p6,6.0000,6.0000,6.0000,6.0000,-0.00000,0.00000,0.24718,0.24718
6.1800,AXIAL_p6,6.0000,6.0000,6.0000,6.0000,-0.00000,0.00000,0.24711,0.24711
6.1900,AXIAL_p6,6.0000,6.0000,6.0000,6.0000,-0.00000,0.00000,0.24705,0.24705
6.2000,AXIAL_p6,6.0000,6.0000,6.0000,6.0000,-0.00000,0.00000,0.24700,0.24700
6.2100,AXIAL_p6,6.0000,6.0000,6.0000,6.0000,-0.00000,0.00000,0.24695,0.24695
6.2200,AXIAL_p6,6.0000,6.0000,6.0000,6.0000,-0.00000,0.00000,0.24692,0.24692
6.2300,AXIAL_p6,6.0000,6.0000,6.0000,6.0000,-0.00000,0.00000,0.24688,0.24688
6.2400,AXIAL_p6,6.0000,6.0000,6.0000,6.0000,-0.00000,0.00000,0.24685,0.24685
6.2500,AXIAL_p6,6.0000,6.0000,6.0000,6.0000,-0.00000,0.00000,0.24683,0.24683
6.2600,AXIAL_p6,6.0000,6.0000,6.0000,6.0000,-0.00000,0.00000,0.24681,0.24681
6.2700,AXIAL_p6,6.0000,6.0000,6.0000,6.0000,-0.00000,0.00000,0.24679,0.24679
6.2800,AXIAL_p6,6.0000,6.0000,6.0000,6.0000,-0.00000,0.00000,0.24677,0.24677
6.2900,AXIAL_p6,6.0000,6.0000,6.0000,6.0000,-0.00000,0.00000,0.24675,0.24675
6.3000,AXIAL_p6,6.0000,6.0000,6.0000,6.0000,-0.00000,0.00000,0.24674,0.24674
6.3100,AXIAL_p6,6.0000,6.0000,6.0000,6.0000,-0.00000,0.00000,0.24672,0.24672
6.3200,AXIAL_p6,6.0000,6.0000,6.0000,6.0000,-0.00000,0.00000,0.24671,0.24671
6.3300,AXIAL_p6,6.0000,6.0000,6.0000,6.0000,-0.00000,0.00000,0.24669,0.24669
6.3400,AXIAL_p6,6.0000,6.0000,6.0000,6.0000,-0.00000,0.00000,0.24668,0.24668
6.3500,AXIAL_p6,6.0000,6.0000,6.0000,6.0000,-0.00000,0.00000,0.24667,0.24667
6.3600,AXIAL_p6,6.0000,6.0000,6.0000,6.0000,-0.00000,0.00000,0.24666,0.24666
6.3700,AXIAL_p6,6.0000,6.0000,6.0000,6.0000,-0.00000,0.00000,0.24665,0.24665
6.3800,AXIAL_p6,6.0000,6.0000,6.0000,6.0000,-0.00000,0.00000,0.24664,0.24664
6.3900,AXIAL_p6,6.0000,6.0000,6.0000,6.0000,-0.00000,0.00000,0.24663,0.24663
6.4000,AXIAL_p6,6.0000,6.0000,6.0000,6.0000,-0.00000,0.00000,0.24662,0.24662
6.4100,AXIAL_p6,6.0000,6.0000,6.0000,6.0000,-0.00000,0.00000,0.24661,0.24661
6.4200,AXIAL_p6,6.0000,6.0000,6.0000,6.0000,-0.00000,0.00000,0.24660,0.24660
6.4300,AXIAL_p6,6.0000,6.0000,6.0000,6.0000,-0.00000,0.00000,0.24659,0.24659
6.4400,AXIAL_p6,6.0000,6.0000,6.0000,6.0000,-0.00000,0.00000,0.24659,0.24659
6.4500,AXIAL_p6,6.0000,6.0000,6.0000,6.0000,-0.00000,0.00000,0.24658,0.24658
6.4600,AXIAL_p6,6.0000,6.0000,6.0000,6.0000,-0.00000,0.00000,0.24658,0.24658
6.4700,AXIAL_p6,6.0000,6.0000,6.0000,6.0000,-0.00000,0.00000,0.24657,0.24657
6.4800,AXIAL_p6,6.0000,6.0000,6.0000,6.0000,-0.00000,0.00000,0.24657,0.24657
6.4900,AXIAL_p6,6.0000,6.0000,6.0000,6.0000,-0.00000,0.00000,0.24656,0.24656
6.5000,AXIAL_p6,6.0000,6.0000,6.0000,6.0000,-0.00000,0.00000,0.24656,0.24656
6.5100,AXIAL_p6,6.0000,6.0000,6.0000,6.0000,-0.00000,0.00000,0.24655,0.24655
6.5200,AXIAL_p6,6.0000,6.0000,6.0000,6.0000,-0.00000,0.00000,0.24655,0.24655
6.5300,AXIAL_p6,6.0000,6.0000,6.0000,6.0000,-0.00000,0.00000,0.24655,0.24655
6.5400,AXIAL_p6,6.0000,6.0000,6.0000,6.0000,-0.00000,0.00000,0.24655,0.24655
6.5500,AXIAL_p6,6.0000,6.0000,6.0000,6.0000,-0.00000,0.00000,0.24654,0.24654
6.5600,AXIAL_p6,6.0000,6.0000,6.0000,6.0000,-0.00000,0.00000,0.24654,0.24654
6.5700,AXIAL_p6,6.0000,6.0000,6.0000,6.0000,-0.00000,0.00000,0.24654,0.24654
6.5800,AXIAL_p6,6.0000,6.0000,6.0000,6.0000,-0.00000,0.00000,0.24654,0.24654
6.5900,AXIAL_p6,6.0000,6.0000,6.0000,6.0000,-0.00000,0.00000,0.24654,0.24654
6.6000,AXIAL_p6,6.0000,6.0000,6.0000,6.0000,-0.00000,0.00000,0.24654,0.24654
6.6100,AXIAL_p6,6.0000,6.0000,6.0000,6.0000,-0.00000,0.00000,0.24653,0.24653
6.6200,AXIAL_p6,6.0000,6.0000,6.0000,6.0000,-0.00000,0.00000,0.24653,0.24653
6.6300,AXIAL_p6,6.0000,6.0000,6.0000,6.0000,-0.00000,0.00000,0.24653,0.24653
6.6400,AXIAL_p6,6.0000,6.0000,6.0000,6.0000,-0.00000,0.00000,0.24653,0.24653
6.6500,AXIAL_p6,6.0000,6.0000,6.0000,6.0000,-0.00000,0.00000,0.24653,0.24653
6.6600,AXIAL_p6,6.0000,6.0000,6.0000,6.0000,-0.00000,0.00000,0.24653,0.24653
6.6700,AXIAL_p6,6.0000,6.0000,6.0000,6.0000,-0.00000,0.00000,0.24653,0.24653
6.6800,AXIAL_p6,6.0000,6.0000,6.0000,6.0000,-0.00000,0.00000,0.24653,0.24653
6.6900,AXIAL_p6,6.0000,6.0000,6.0000,6.0000,-0.00000,0.00000,0.24653,0.24653
6.7000,AXIAL_p6,6.0000,6.0000,6.0000,6.0000,-0.00000,0.00000,0.24653,0.24653
6.7100,AXIAL_p6,6.0000,6.0000,6.0000,6.0000,-0.00000,0.00000,0.24652,0.24652
6.7200,AXIAL_p6,6.0000,6.0000,6.0000,6.0000,-0.00000,0.00000,0.24652,0.24652
6.7300,AXIAL_p6,6.0000,6.0000,6.0000,6.0000,-0.00000,0.00000,0.24652,0.24652
6.7400,AXIAL_p6,6.0000,6.0000,6.0000,6.0000,-0.00000,0.00000,0.24652,0.24652
6.7500,AXIAL_p6,6.0000,6.0000,6.0000,6.0000,-0.00000,0.00000,0.24652,0.24652
6.7600,AXIAL_p6,6.0000,6.0000,6.0000,6.0000,-0.00000,0.00000,0.24652,0.24652
6.7700,AXIAL_p6,6.0000,6.0000,6.0000,6.0000,-0.00000,0.00000,0.24652,0.24652
6.7800,AXIAL_p6,6.0000,6.0000,6.0000,6.0000,-0.00000,0.00000,0.24652,0.24652
6.7900,AXIAL_p6,6.0000,6.0000,6.0000,6.0000,-0.00000,0.00000,0.24652,0.24652
6.8000,AXIAL_p6,6.0000,6.0000,6.0000,6.0000,-0.00000,0.00000,0.24652,0.24652
6.8100,AXIAL_p6,6.0000,6.0000,6.0000,6.0000,-0.00000,0.00000,0.24652,0.24652
6.8200,AXIAL_p6,6.0000,6.0000,6.0000,6.0000,-0.00000,0.00000,0.24652,0.24652
6.8300,AXIAL_p6,6.0000,6.0000,6.0000,6.0000,-0.00000,0.00000,0.24652,0.24652
6.8400,AXIAL_p6,6.0000,6.0000,6.0000,6.0000,-0.00000,0.00000,0.24652,0.24652
6.8500,AXIAL_p6,6.0000,6.0000,6.0000,6.0000,-0.00000,0.00000,0.24652,0.24652
6.8600,AXIAL_p6,6.0000,6.0000,6.0000,6.0000,-0.00000,0.00000,0.24652,0.24652
6.8700,AXIAL_p6,6.0000,6.0000,6.0000,6.0000,-0.00000,0.00000,0.24652,0.24652
6.8800,AXIAL_p6,6.0000,6.0000,6.0000,6.0000,-0.00000,0.00000,0.24652,0.24652
6.8900,AXIAL_p6,6.0000,6.0000,6.0000,6.0000,-0.00000,0.00000,0.24652,0.24652
6.9000,AXIAL_p6,6.0000,6.0000,6.0000,6.0000,-0.00000,0.00000,0.24652,0.24652
6.9100,AXIAL_p6,6.0000,6.0000,6.0000,6.0000,-0.00000,0.00000,0.24652,0.24652
6.9200,AXIAL_p6,6.0000,6.0000,6.0000,6.0000,-0.00000,0.00000,0.24652,0.24652
6.9300,AXIAL_p6,6.0000,6.0000,6.0000,6.0000,-0.00000,0.00000,0.24652,0.24652
6.9400,AXIAL_p6,6.0000,6.0000,6.0000,6.0000,-0.00000,0.00000,0.24652,0.24652
6.9500,AXIAL_p6,6.0000,6.0000,6.0000,6.0000,-0.00000,0.00000,0.24652,0.24652
6.9600,AXIAL_p6,6.0000,6.0000,6.0000,6.0000,-0.00000,0.00000,0.24652,0.24652
6.9700,AXIAL_p6,6.0000,6.0000,6.0000,6.0000,-0.00000,0.00000,0.24652,0.24652
6.9800,AXIAL_p6,6.0000,6.0000,6.0000,6.0000,-0.00000,0.00000,0.24652,0.24652
6.9900,AXIAL_p6,6.0000,6.0000,6.0000,6.0000,-0.00000,0.00000,0.24652,0.24652
7.0000,AXIAL_p6,6.0000,6.0000,6.0000,6.0000,-0.00000,0.00000,0.24652,0.24652
7.0100,AXIAL_p6,6.0000,6.0000,6.0000,6.0000,-0.00000,0.00000,0.24652,0.24652
7.0200,AXIAL_p6,6.0000,6.0000,6.0000,6.0000,-0.00000,0.00000,0.24652,0.24652
7.0300,AXIAL_p6,6.0000,6.0000,6.0000,6.0000,-0.00000,0.00000,0.24652,0.24652
7.0400,AXIAL_p6,6.0000,6.0000,6.0000,6.0000,-0.00000,0.00000,0.24652,0.24652
7.0500,AXIAL_p6,6.0000,6.0000,6.0000,6.0000,-0.00000,0.00000,0.24652,0.24652
7.0600,AXIAL_p6,6.0000,6.0000,6.0000,6.0000,-0.00000,0.00000,0.24652,0.24652
7.0700,AXIAL_p6,6.0000,6.0000,6.0000,6.0000,-0.00000,0.00000,0.24652,0.24652
7.0800,AXIAL_p6,6.0000,6.0000,6.0000,6.0000,-0.00000,0.00000,0.24652,0.24652
7.0900,AXIAL_p6,6.0000,6.0000,6.0000,6.0000,-0.00000,0.00000,0.24652,0.24652
7.1000,AXIAL_p6,6.0000,6.0000,6.0000,6.0000,-0.00000,0.00000,0.24652,0.24652
7.1100,AXIAL_p6,6.0000,6.0000,6.0000,6.0000,-0.00000,0.00000,0.24652,0.24652
7.1200,AXIAL_p6,6.0000,6.0000,6.0000,6.0000,-0.00000,0.00000,0.24652,0.24652
7.1300,AXIAL_p6,6.0000,6.0000,6.0000,6.0000,-0.00000,0.00000,0.24652,0.24652
7.1400,AXIAL_p6,6.0000,6.0000,6.0000,6.0000,-0.00000,0.00000,0.24652,0.24652
7.1500,AXIAL_p6,6.0000,6.0000,6.0000,6.0000,-0.00000,0.00000,0.24652,0.24652
7.1600,AXIAL_p6,6.0000,6.0000,6.0000,6.0000,-0.00000,0.00000,0.24652,0.24652
7.1700,AXIAL_p6,6.0000,6.0000,6.0000,6.0000,-0.00000,0.00000,0.24652,0.24652
7.1800,AXIAL_p6,6.0000,6.0000,6.0000,6.0000,-0.00000,0.00000,0.24652,0.24652
7.1900,AXIAL_p6,6.0000,6.0000,6.0000,6.0000,-0.00000,0.00000,0.24652,0.24652
7.2000,AXIAL_p6,6.0000,6.0000,6.0000,6.0000,-0.00000,0.00000,0.24652,0.24652
7.2100,AXIAL_p6,6.0000,6.0000,6.0000,6.0000,-0.00000,0.00000,0.24652,0.24652
7.2200,AXIAL_p6,6.0000,6.0000,6.0000,6.0000,-0.00000,0.00000,0.24652,0.24652
7.2300,AXIAL_p6,6.0000,6.0000,6.0000,6.0000,-0.00000,0.00000,0.24652,0.24652
7.2400,AXIAL_p6,6.0000,6.0000,6.0000,6.0000,-0.00000,0.00000,0.24652,0.24652
7.2500,AXIAL_p6,6.0000,6.0000,6.0000,6.0000,-0.00000,0.00000,0.24652,0.24652
7.2600,AXIAL_p6,6.0000,6.0000,6.0000,6.0000,-0.00000,0.00000,0.24652,0.24652
7.2700,AXIAL_p6,6.0000,6.0000,6.0000,6.0000,-0.00000,0.00000,0.24652,0.24652
7.2800,AXIAL_p6,6.0000,6.0000,6.0000,6.0000,-0.00000,0.00000,0.24652,0.24652
7.2900,AXIAL_p6,6.0000,6.0000,6.0000,6.0000,-0.00000,0.00000,0.24652,0.24652
7.3000,AXIAL_p6,6.0000,6.0000,6.0000,6.0000,-0.00000,0.00000,0.24652,0.24652
7.3100,AXIAL_p6,6.0000,6.0000,6.0000,6.0000,-0.00000,0.00000,0.24652,0.24652
7.3200,AXIAL_p6,6.0000,6.0000,6.0000,6.0000,-0.00000,0.00000,0.24652,0.24652
7.3300,AXIAL_p6,6.0000,6.0000,6.0000,6.0000,-0.00000,0.00000,0.24652,0.24652
7.3400,AXIAL_p6,6.0000,6.0000,6.0000,6.0000,-0.00000,0.00000,0.24652,0.24652
7.3500,AXIAL_p6,6.0000,6.0000,6.0000,6.0000,-0.00000,0.00000,0.24652,0.24652
7.3600,AXIAL_p6,6.0000,6.0000,6.0000,6.0000,-0.00000,0.00000,0.24652,0.24652
7.3700,AXIAL_p6,6.0000,6.0000,6.0000,6.0000,-0.00000,0.00000,0.24652,0.24652
7.3800,AXIAL_p6,6.0000,6.0000,6.0000,6.0000,-0.00000,0.00000,0.24652,0.24652
7.3900,AXIAL_p6,6.0000,6.0000,6.0000,6.0000,-0.00000,0.00000,0.24652,0.24652
7.4000,AXIAL_p6,6.0000,6.0000,6.0000,6.0000,-0.00000,0.00000,0.24652,0.24652
7.4100,AXIAL_p6,6.0000,6.0000,6.0000,6.0000,-0.00000,0.00000,0.24652,0.24652
7.4200,AXIAL_p6,6.0000,6.0000,6.0000,6.0000,-0.00000,0.00000,0.24652,0.24652
7.4300,AXIAL_p6,6.0000,6.0000,6.0000,6.0000,-0.00000,0.00000,0.24652,0.24652
7.4400,AXIAL_p6,6.0000,6.0000,6.0000,6.0000,-0.00000,0.00000,0.24652,0.24652
7.4500,AXIAL_p6,6.0000,6.0000,6.0000,6.0000,-0.00000,0.00000,0.24652,0.24652
7.4600,AXIAL_p6,6.0000,6.0000,6.0000,6.0000,-0.00000,0.00000,0.24652,0.24652
7.4700,AXIAL_p6,6.0000,6.0000,6.0000,6.0000,-0.00000,0.00000,0.24652,0.24652
7.4800,AXIAL_p6,6.0000,6.0000,6.0000,6.0000,-0.00000,0.00000,0.24652,0.24652
7.4900,AXIAL_p6,6.0000,6.0000,6.0000,6.0000,-0.00000,0.00000,0.24652,0.24652
7.5000,AXIAL_p6,6.0000,6.0000,6.0000,6.0000,-0.00000,0.00000,0.24652,0.24652
7.5100,AXIAL_p6,6.0000,6.0000,6.0000,6.0000,-0.00000,0.00000,0.24652,0.24652
7.5200,AXIAL_p6,6.0000,6.0000,6.0000,6.0000,-0.00000,0.00000,0.24652,0.24652
7.5300,AXIAL_p6,6.0000,6.0000,6.0000,6.0000,-0.00000,0.00000,0.24652,0.24652
7.5400,AXIAL_p6,6.0000,6.0000,6.0000,6.0000,-0.00000,0.00000,0.24652,0.24652
7.5500,AXIAL_p6,6.0000,6.0000,6.0000,6.0000,-0.00000,0.00000,0.24652,0.24652
7.5600,AXIAL_p6,6.0000,6.0000,6.0000,6.0000,-0.00000,0.00000,0.24652,0.24652
7.5700,AXIAL_p6,6.0000,6.0000,6.0000,6.0000,-0.00000,0.00000,0.24652,0.24652
7.5800,AXIAL_p6,6.0000,6.0000,6.0000,6.0000,-0.00000,0.00000,0.24652,0.24652
7.5900,AXIAL_p6,6.0000,6.0000,6.0000,6.0000,-0.00000,0.00000,0.24652,0.24652
7.6000,AXIAL_p6,6.0000,6.0000,6.0000,6.0000,-0.00000,0.00000,0.24652,0.24652
7.6100,AXIAL_p6,6.0000,6.0000,6.0000,6.0000,-0.00000,0.00000,0.24652,0.24652
7.6200,AXIAL_p6,6.0000,6.0000,6.0000,6.0000,-0.00000,0.00000,0.24652,0.24652
7.6300,AXIAL_p6,6.0000,6.0000,6.0000,6.0000,-0.00000,0.00000,0.24652,0.24652
7.6400,AXIAL_p6,6.0000,6.0000,6.0000,6.0000,-0.00000,0.00000,0.24652,0.24652
7.6500,AXIAL_p6,6.0000,6.0000,6.0000,6.0000,-0.00000,0.00000,0.24652,0.24652
7.6600,AXIAL_p6,6.0000,6.0000,6.0000,6.0000,-0.00000,0.00000,0.24652,0.24652
7.6700,AXIAL_p6,6.0000,6.0000,6.0000,6.0000,-0.00000,0.00000,0.24652,0.24652
7.6800,AXIAL_p6,6.0000,6.0000,6.0000,6.0000,-0.00000,0.00000,0.24652,0.24652
7.6900,AXIAL_p6,6.0000,6.0000,6.0000,6.0000,-0.00000,0.00000,0.24652,0.24652
7.7000,AXIAL_p6,6.0000,6.0000,6.0000,6.0000,-0.00000,0.00000,0.24652,0.24652
7.7100,AXIAL_p6,6.0000,6.0000,6.0000,6.0000,-0.00000,0.00000,0.24652,0.24652
7.7200,AXIAL_p6,6.0000,6.0000,6.0000,6.0000,-0.00000,0.00000,0.24652,0.24652
7.7300,AXIAL_p6,6.0000,6.0000,6.0000,6.0000,-0.00000,0.00000,0.24652,0.24652
7.7400,AXIAL_p6,6.0000,6.0000,6.0000,6.0000,-0.00000,0.00000,0.24652,0.24652
7.7500,AXIAL_p6,6.0000,6.0000,6.0000,6.0000,-0.00000,0.00000,0.24652,0.24652
7.7600,AXIAL_p6,6.0000,6.0000,6.0000,6.0000,-0.00000,0.00000,0.24652,0.24652
7.7700,AXIAL_p6,6.0000,6.0000,6.0000,6.0000,-0.00000,0.00000,0.24652,0.24652
7.7800,AXIAL_p6,6.0000,6.0000,6.0000,6.0000,-0.00000,0.00000,0.24652,0.24652
7.7900,AXIAL_p6,6.0000,6.0000,6.0000,6.0000,-0.00000,0.00000,0.24652,0.24652
7.8000,AXIAL_p6,6.0000,6.0000,6.0000,6.0000,-0.00000,0.00000,0.24652,0.24652
7.8100,AXIAL_p6,6.0000,6.0000,6.0000,6.0000,-0.00000,0.00000,0.24652,0.24652
7.8200,AXIAL_p6,6.0000,6.0000,6.0000,6.0000,-0.00000,0.00000,0.24652,0.24652
7.8300,AXIAL_p6,6.0000,6.0000,6.0000,6.0000,-0.00000,0.00000,0.24652,0.24652
7.8400,AXIAL_p6,6.0000,6.0000,6.0000,6.0000,-0.00000,0.00000,0.24652,0.24652
7.8500,AXIAL_p6,6.0000,6.0000,6.0000,6.0000,-0.00000,0.00000,0.24652,0.24652
7.8600,AXIAL_p6,6.0000,6.0000,6.0000,6.0000,-0.00000,0.00000,0.24652,0.24652
7.8700,AXIAL_p6,6.0000,6.0000,6.0000,6.0000,-0.00000,0.00000,0.24652,0.24652
7.8800,AXIAL_p6,6.0000,6.0000,6.0000,6.0000,-0.00000,0.00000,0.24652,0.24652
7.8900,AXIAL_p6,6.0000,6.0000,6.0000,6.0000,-0.00000,0.00000,0.24652,0.24652
7.9000,AXIAL_p6,6.0000,6.0000,6.0000,6.0000,-0.00000,0.00000,0.24652,0.24652
7.9100,AXIAL_p6,6.0000,6.0000,6.0000,6.0000,-0.00000,0.00000,0.24652,0.24652
7.9200,AXIAL_p6,6.0000,6.0000,6.0000,6.0000,-0.00000,0.00000,0.24652,0.24652
7.9300,AXIAL_p6,6.0000,6.0000,6.0000,6.0000,-0.00000,0.00000,0.24652,0.24652
7.9400,AXIAL_p6,6.0000,6.0000,6.0000,6.0000,-0.00000,0.00000,0.24652,0.24652
7.9500,AXIAL_p6,6.0000,6.0000,6.0000,6.0000,-0.00000,0.00000,0.24652,0.24652
7.9600,AXIAL_p6,6.0000,6.0000,6.0000,6.0000,-0.00000,0.00000,0.24652,0.24652
7.9700,AXIAL_p6,6.0000,6.0000,6.0000,6.0000,-0.00000,0.00000,0.24652,0.24652
7.9800,AXIAL_p6,6.0000,6.0000,6.0000,6.0000,-0.00000,0.00000,0.24652,0.24652
7.9900,AXIAL_p6,6.0000,6.0000,6.0000,6.0000,-0.00000,0.00000,0.24652,0.24652
8.0000,AXIAL_p6,6.0000,6.0000,6.0000,6.0000,-0.00000,0.00000,0.24652,0.24652
8.0100,AXIAL_p6,6.0000,6.0000,6.0000,6.0000,-0.00000,0.00000,0.24652,0.24652
8.0200,AXIAL_p6,6.0000,6.0000,6.0000,6.0000,-0.00000,0.00000,0.24652,0.24652
8.0300,AXIAL_p6,6.0000,6.0000,6.0000,6.0000,-0.00000,0.00000,0.24652,0.24652
8.0400,AXIAL_p6,6.0000,6.0000,6.0000,6.0000,-0.00000,0.00000,0.24652,0.24652
8.0500,AXIAL_p6,6.0000,6.0000,6.0000,6.0000,-0.00000,0.00000,0.24652,0.24652
8.0600,AXIAL_p6,6.0000,6.0000,6.0000,6.0000,-0.00000,0.00000,0.24652,0.24652
8.0700,AXIAL_p6,6.0000,6.0000,6.0000,6.0000,-0.00000,0.00000,0.24652,0.24652
8.0800,AXIAL_p6,6.0000,6.0000,6.0000,6.0000,-0.00000,0.00000,0.24652,0.24652
8.0900,AXIAL_p6,6.0000,6.0000,6.0000,6.0000,-0.00000,0.00000,0.24652,0.24652
8.1000,AXIAL_p6,6.0000,6.0000,6.0000,6.0000,-0.00000,0.00000,0.24652,0.24652
8.1100,AXIAL_p6,6.0000,6.0000,6.0000,6.0000,-0.00000,0.00000,0.24652,0.24652
8.1200,AXIAL_p6,6.0000,6.0000,6.0000,6.0000,-0.00000,0.00000,0.24652,0.24652
8.1300,AXIAL_p6,6.0000,6.0000,6.0000,6.0000,-0.00000,0.00000,0.24652,0.24652
8.1400,AXIAL_p6,6.0000,6.0000,6.0000,6.0000,-0.00000,0.00000,0.24652,0.24652
8.1500,AXIAL_p6,6.0000,6.0000,6.0000,6.0000,-0.00000,0.00000,0.24652,0.24652
8.1600,AXIAL_p6,6.0000,6.0000,6.0000,6.0000,-0.00000,0.00000,0.24652,0.24652
8.1700,AXIAL_p6,6.0000,6.0000,6.0000,6.0000,-0.00000,0.00000,0.24652,0.24652
8.1800,AXIAL_p6,6.0000,6.0000,6.0000,6.0000,-0.00000,0.00000,0.24652,0.24652
8.1900,AXIAL_p6,6.0000,6.0000,6.0000,6.0000,-0.00000,0.00000,0.24652,0.24652
8.2000,AXIAL_p6,6.0000,6.0000,6.0000,6.0000,-0.00000,0.00000,0.24652,0.24652
8.2100,AXIAL_p6,6.0000,6.0000,6.0000,6.0000,-0.00000,0.00000,0.24652,0.24652
8.2200,AXIAL_p6,6.0000,6.0000,6.0000,6.0000,-0.00000,0.00000,0.24652,0.24652
8.2300,AXIAL_p6,6.0000,6.0000,6.0000,6.0000,-0.00000,0.00000,0.24652,0.24652
8.2400,AXIAL_p6,6.0000,6.0000,6.0000,6.0000,-0.00000,0.00000,0.24652,0.24652
8.2500,AXIAL_p6,6.0000,6.0000,6.0000,6.0000,-0.00000,0.00000,0.24652,0.24652
8.2600,AXIAL_p6,6.0000,6.0000,6.0000,6.0000,-0.00000,0.00000,0.24652,0.24652
8.2700,AXIAL_p6,6.0000,6.0000,6.0000,6.0000,-0.00000,0.00000,0.24652,0.24652
8.2800,AXIAL_p6,6.0000,6.0000,6.0000,6.0000,-0.00000,0.00000,0.24652,0.24652
8.2900,AXIAL_p6,6.0000,6.0000,6.0000,6.0000,-0.00000,0.00000,0.24652,0.24652
8.3000,AXIAL_p6,6.0000,6.0000,6.0000,6.0000,-0.00000,0.00000,0.24652,0.24652
8.3100,AXIAL_p6,6.0000,6.0000,6.0000,6.0000,-0.00000,0.00000,0.24652,0.24652
8.3200,AXIAL_p6,6.0000,6.0000,6.0000,6.0000,-0.00000,0.00000,0.24652,0.24652
8.3300,AXIAL_p6,6.0000,6.0000,6.0000,6.0000,-0.00000,0.00000,0.24652,0.24652
8.3400,AXIAL_p6,6.0000,6.0000,6.0000,6.0000,-0.00000,0.00000,0.24652,0.24652
8.3500,AXIAL_p6,6.0000,6.0000,6.0000,6.0000,-0.00000,0.00000,0.24652,0.24652
8.3600,AXIAL_p6,6.0000,6.0000,6.0000,6.0000,-0.00000,0.00000,0.24652,0.24652
8.3700,AXIAL_p6,6.0000,6.0000,6.0000,6.0000,-0.00000,0.00000,0.24652,0.24652
8.3800,AXIAL_p6,6.0000,6.0000,6.0000,6.0000,-0.00000,0.00000,0.24652,0.24652
8.3900,AXIAL_p6,6.0000,6.0000,6.0000,6.0000,-0.00000,0.00000,0.24652,0.24652
8.4000,AXIAL_p6,6.0000,6.0000,6.0000,6.0000,-0.00000,0.00000,0.24652,0.24652
8.4100,AXIAL_p6,6.0000,6.0000,6.0000,6.0000,-0.00000,0.00000,0.24652,0.24652
8.4200,AXIAL_p6,6.0000,6.0000,6.0000,6.0000,-0.00000,0.00000,0.24652,0.24652
8.4300,AXIAL_p6,6.0000,6.0000,6.0000,6.0000,-0.00000,0.00000,0.24652,0.24652
8.4400,AXIAL_p6,6.0000,6.0000,6.0000,6.0000,-0.00000,0.00000,0.24652,0.24652
8.4500,AXIAL_p6,6.0000,6.0000,6.0000,6.0000,-0.00000,0.00000,0.24652,0.24652
8.4600,AXIAL_p6,6.0000,6.0000,6.0000,6.0000,-0.00000,0.00000,0.24652,0.24652
8.4700,AXIAL_p6,6.0000,6.0000,6.0000,6.0000,-0.00000,0.00000,0.24652,0.24652
8.4800,AXIAL_p6,6.0000,6.0000,6.0000,6.0000,-0.00000,0.00000,0.24652,0.24652
8.4900,AXIAL_p6,6.0000,6.0000,6.0000,6.0000,-0.00000,0.00000,0.24652,0.24652
8.5000,AXIAL_p6,6.0000,6.0000,6.0000,6.0000,-0.00000,0.00000,0.24652,0.24652
8.5100,AXIAL_p6,6.0000,6.0000,6.0000,6.0000,-0.00000,0.00000,0.24652,0.24652
8.5200,AXIAL_p6,6.0000,6.0000,6.0000,6.0000,-0.00000,0.00000,0.24652,0.24652
8.5300,AXIAL_p6,6.0000,6.0000,6.0000,6.0000,-0.00000,0.00000,0.24652,0.24652
8.5400,AXIAL_p6,6.0000,6.0000,6.0000,6.0000,-0.00000,0.00000,0.24652,0.24652
8.5500,AXIAL_p6,6.0000,6.0000,6.0000,6.0000,-0.00000,0.00000,0.24652,0.24652
8.5600,AXIAL_p6,6.0000,6.0000,6.0000,6.0000,-0.00000,0.00000,0.24652,0.24652
8.5700,AXIAL_p6,6.0000,6.0000,6.0000,6.0000,-0.00000,0.00000,0.24652,0.24652
8.5800,AXIAL_p6,6.0000,6.0000,6.0000,6.0000,-0.00000,0.00000,0.24652,0.24652
8.5900,AXIAL_p6,6.0000,6.0000,6.0000,6.0000,-0.00000,0.00000,0.24652,0.24652
8.6000,AXIAL_p6,6.0000,6.0000,6.0000,6.0000,-0.00000,0.00000,0.24652,0.24652
8.6100,AXIAL_p6,6.0000,6.0000,6.0000,6.0000,-0.00000,0.00000,0.24652,0.24652
8.6200,AXIAL_p6,6.0000,6.0000,6.0000,6.0000,-0.00000,0.00000,0.24652,0.24652
8.6300,AXIAL_p6,6.0000,6.0000,6.0000,6.0000,-0.00000,0.00000,0.24652,0.24652
8.6400,AXIAL_p6,6.0000,6.0000,6.0000,6.0000,-0.00000,0.00000,0.24652,0.24652
8.6500,AXIAL_p6,6.0000,6.0000,6.0000,6.0000,-0.00000,0.00000,0.24652,0.24652
8.6600,AXIAL_p6,6.0000,6.0000,6.0000,6.0000,-0.00000,0.00000,0.24652,0.24652
8.6700,AXIAL_p6,6.0000,6.0000,6.0000,6.0000,-0.00000,0.00000,0.24652,0.24652
8.6800,AXIAL_p6,6.0000,6.0000,6.0000,6.0000,-0.00000,0.00000,0.24652,0.24652
8.6900,AXIAL_p6,6.0000,6.0000,6.0000,6.0000,-0.00000,0.00000,0.24652,0.24652
8.7000,AXIAL_p6,6.0000,6.0000,6.0000,6.0000,-0.00000,0.00000,0.24652,0.24652
8.7100,AXIAL_p6,6.0000,6.0000,6.0000,6.0000,-0.00000,0.00000,0.24652,0.24652
8.7200,AXIAL_p6,6.0000,6.0000,6.0000,6.0000,-0.00000,0.00000,0.24652,0.24652
8.7300,AXIAL_p6,6.0000,6.0000,6.0000,6.0000,-0.00000,0.00000,0.24652,0.24652
8.7400,AXIAL_p6,6.0000,6.0000,6.0000,6.0000,-0.00000,0.00000,0.24652,0.24652
8.7500,AXIAL_p6,6.0000,6.0000,6.0000,6.0000,-0.00000,0.00000,0.24652,0.24652
8.7600,AXIAL_p6,6.0000,6.0000,6.0000,6.0000,-0.00000,0.00000,0.24652,0.24652
8.7700,AXIAL_p6,6.0000,6.0000,6.0000,6.0000,-0.00000,0.00000,0.24652,0.24652
8.7800,AXIAL_p6,6.0000,6.0000,6.0000,6.0000,-0.00000,0.00000,0.24652,0.24652
8.7900,AXIAL_p6,6.0000,6.0000,6.0000,6.0000,-0.00000,0.00000,0.24652,0.24652
8.8000,AXIAL_p6,6.0000,6.0000,6.0000,6.0000,-0.00000,0.00000,0.24652,0.24652
8.8100,AXIAL_p6,6.0000,6.0000,6.0000,6.0000,-0.00000,0.00000,0.24652,0.24652
8.8200,AXIAL_p6,6.0000,6.0000,6.0000,6.0000,-0.00000,0.00000,0.24652,0.24652
8.8300,AXIAL_p6,6.0000,6.0000,6.0000,6.0000,-0.00000,0.00000,0.24652,0.24652
8.8400,AXIAL_p6,6.0000,6.0000,6.0000,6.0000,-0.00000,0.00000,0.24652,0.24652
8.8500,AXIAL_p6,6.0000,6.0000,6.0000,6.0000,-0.00000,0.00000,0.24652,0.24652
8.8600,AXIAL_p6,6.0000,6.0000,6.0000,6.0000,-0.00000,0.00000,0.24652,0.24652
8.8700,AXIAL_p6,6.0000,6.0000,6.0000,6.0000,-0.00000,0.00000,0.24652,0.24652
8.8800,AXIAL_p6,6.0000,6.0000,6.0000,6.0000,-0.00000,0.00000,0.24652,0.24652
8.8900,AXIAL_p6,6.0000,6.0000,6.0000,6.0000,-0.00000,0.00000,0.24652,0.24652
8.9000,AXIAL_p6,6.0000,6.0000,6.0000,6.0000,-0.00000,0.00000,0.24652,0.24652
8.9100,AXIAL_p6,6.0000,6.0000,6.0000,6.0000,-0.00000,0.00000,0.24652,0.24652
8.9200,AXIAL_p6,6.0000,6.0000,6.0000,6.0000,-0.00000,0.00000,0.24652,0.24652
8.9300,AXIAL_p6,6.0000,6.0000,6.0000,6.0000,-0.00000,0.00000,0.24652,0.24652
8.9400,AXIAL_p6,6.0000,6.0000,6.0000,6.0000,-0.00000,0.00000,0.24652,0.24652
8.9500,AXIAL_p6,6.0000,6.0000,6.0000,6.0000,-0.00000,0.00000,0.24652,0.24652
8.9600,AXIAL_p6,6.0000,6.0000,6.0000,6.0000,-0.00000,0.00000,0.24652,0.24652
8.9700,AXIAL_p6,6.0000,6.0000,6.0000,6.0000,-0.00000,0.00000,0.24652,0.24652
8.9800,AXIAL_p6,6.0000,6.0000,6.0000,6.0000,-0.00000,0.00000,0.24652,0.24652
8.9900,AXIAL_p6,6.0000,6.0000,6.0000,6.0000,-0.00000,0.00000,0.24652,0.24652
9.0000,AXIAL_p6,6.0000,6.0000,6.0000,6.0000,-0.00000,0.00000,0.24652,0.24652
9.0100,AXIAL_p9,9.0000,9.0000,9.0000,9.0000,-0.00000,0.00000,0.24652,0.24652
9.0200,AXIAL_p9,9.0000,9.0000,9.0000,9.0000,-0.00000,0.00000,0.24650,0.24650
9.0300,AXIAL_p9,9.0000,9.0000,9.0000,9.0000,-0.00000,0.00000,0.24648,0.24648
9.0400,AXIAL_p9,9.0000,9.0000,9.0000,9.0000,-0.00000,0.00000,0.24644,0.24644
9.0500,AXIAL_p9,9.0000,9.0000,9.0000,9.0000,-0.00000,0.00000,0.24638,0.24638
9.0600,AXIAL_p9,9.0000,9.0000,9.0000,9.0000,-0.00000,0.00000,0.24631,0.24631
9.0700,AXIAL_p9,9.0000,9.0000,9.0000,9.0000,-0.00000,0.00000,0.24623,0.24623
9.0800,AXIAL_p9,9.0000,9.0000,9.0000,9.0000,-0.00000,0.00000,0.24613,0.24613
9.0900,AXIAL_p9,9.0000,9.0000,9.0000,9.0000,-0.00000,0.00000,0.24603,0.24603
9.1000,AXIAL_p9,9.0000,9.0000,9.0000,9.0000,-0.00000,0.00000,0.24593,0.24593
9.1100,AXIAL_p9,9.0000,9.0000,9.0000,9.0000,-0.00000,0.00000,0.24583,0.24583
9.1200,AXIAL_p9,9.0000,9.0000,9.0000,9.0000,-0.00000,0.00000,0.24573,0.24573
9.1300,AXIAL_p9,9.0000,9.0000,9.0000,9.0000,-0.00000,0.00000,0.24563,0.24563
9.1400,AXIAL_p9,9.0000,9.0000,9.0000,9.0000,-0.00000,0.00000,0.24555,0.24555
9.1500,AXIAL_p9,9.0000,9.0000,9.0000,9.0000,-0.00000,0.00000,0.24546,0.24546
9.1600,AXIAL_p9,9.0000,9.0000,9.0000,9.0000,-0.00000,0.00000,0.24539,0.24539
9.1700,AXIAL_p9,9.0000,9.0000,9.0000,9.0000,-0.00000,0.00000,0.24532,0.24532
9.1800,AXIAL_p9,9.0000,9.0000,9.0000,9.0000,-0.00000,0.00000,0.24527,0.24527
9.1900,AXIAL_p9,9.0000,9.0000,9.0000,9.0000,-0.00000,0.00000,0.24522,0.24522
9.2000,AXIAL_p9,9.0000,9.0000,9.0000,9.0000,-0.00000,0.00000,0.24517,0.24517
9.2100,AXIAL_p9,9.0000,9.0000,9.0000,9.0000,-0.00000,0.00000,0.24513,0.24513
9.2200,AXIAL_p9,9.0000,9.0000,9.0000,9.0000,-0.00000,0.00000,0.24510,0.24510
9.2300,AXIAL_p9,9.0000,9.0000,9.0000,9.0000,-0.00000,0.00000,0.24507,0.24507
9.2400,AXIAL_p9,9.0000,9.0000,9.0000,9.0000,-0.00000,0.00000,0.24505,0.24505
9.2500,AXIAL_p9,9.0000,9.0000,9.0000,9.0000,-0.00000,0.00000,0.24503,0.24503
9.2600,AXIAL_p9,9.0000,9.0000,9.0000,9.0000,-0.00000,0.00000,0.24501,0.24501
9.2700,AXIAL_p9,9.0000,9.0000,9.0000,9.0000,-0.00000,0.00000,0.24499,0.24499
9.2800,AXIAL_p9,9.0000,9.0000,9.0000,9.0000,-0.00000,0.00000,0.24498,0.24498
9.2900,AXIAL_p9,9.0000,9.0000,9.0000,9.0000,-0.00000,0.00000,0.24496,0.24496
9.3000,AXIAL_p9,9.0000,9.0000,9.0000,9.0000,-0.00000,0.00000,0.24495,0.24495
9.3100,AXIAL_p9,9.0000,9.0000,9.0000,9.0000,-0.00000,0.00000,0.24494,0.24494
9.3200,AXIAL_p9,9.0000,9.0000,9.0000,9.0000,-0.00000,0.00000,0.24493,0.24493
9.3300,AXIAL_p9,9.0000,9.0000,9.0000,9.0000,-0.00000,0.00000,0.24492,0.24492
9.3400,AXIAL_p9,9.0000,9.0000,9.0000,9.0000,-0.00000,0.00000,0.24491,0.24491
9.3500,AXIAL_p9,9.0000,9.0000,9.0000,9.0000,-0.00000,0.00000,0.24490,0.24490
9.3600,AXIAL_p9,9.0000,9.0000,9.0000,9.0000,-0.00000,0.00000,0.24489,0.24489
9.3700,AXIAL_p9,9.0000,9.0000,9.0000,9.0000,-0.00000,0.00000,0.24488,0.24488
9.3800,AXIAL_p9,9.0000,9.0000,9.0000,9.0000,-0.00000,0.00000,0.24487,0.24487
9.3900,AXIAL_p9,9.0000,9.0000,9.0000,9.0000,-0.00000,0.00000,0.24486,0.24486
9.4000,AXIAL_p9,9.0000,9.0000,9.0000,9.0000,-0.00000,0.00000,0.24485,0.24485
9.4100,AXIAL_p9,9.0000,9.0000,9.0000,9.0000,-0.00000,0.00000,0.24485,0.24485
9.4200,AXIAL_p9,9.0000,9.0000,9.0000,9.0000,-0.00000,0.00000,0.24484,0.24484
9.4300,AXIAL_p9,9.0000,9.0000,9.0000,9.0000,-0.00000,0.00000,0.24483,0.24483
9.4400,AXIAL_p9,9.0000,9.0000,9.0000,9.0000,-0.00000,0.00000,0.24483,0.24483
9.4500,AXIAL_p9,9.0000,9.0000,9.0000,9.0000,-0.00000,0.00000,0.24482,0.24482
9.4600,AXIAL_p9,9.0000,9.0000,9.0000,9.0000,-0.00000,0.00000,0.24482,0.24482
9.4700,AXIAL_p9,9.0000,9.0000,9.0000,9.0000,-0.00000,0.00000,0.24481,0.24481
9.4800,AXIAL_p9,9.0000,9.0000,9.0000,9.0000,-0.00000,0.00000,0.24481,0.24481
9.4900,AXIAL_p9,9.0000,9.0000,9.0000,9.0000,-0.00000,0.00000,0.24481,0.24481
9.5000,AXIAL_p9,9.0000,9.0000,9.0000,9.0000,-0.00000,0.00000,0.24480,0.24480
9.5100,AXIAL_p9,9.0000,9.0000,9.0000,9.0000,-0.00000,0.00000,0.24480,0.24480
9.5200,AXIAL_p9,9.0000,9.0000,9.0000,9.0000,-0.00000,0.00000,0.24480,0.24480
9.5300,AXIAL_p9,9.0000,9.0000,9.0000,9.0000,-0.00000,0.00000,0.24480,0.24480
9.5400,AXIAL_p9,9.0000,9.0000,9.0000,9.0000,-0.00000,0.00000,0.24479,0.24479
9.5500,AXIAL_p9,9.0000,9.0000,9.0000,9.0000,-0.00000,0.00000,0.24479,0.24479
9.5600,AXIAL_p9,9.0000,9.0000,9.0000,9.0000,-0.00000,0.00000,0.24479,0.24479
9.5700,AXIAL_p9,9.0000,9.0000,9.0000,9.0000,-0.00000,0.00000,0.24479,0.24479
9.5800,AXIAL_p9,9.0000,9.0000,9.0000,9.0000,-0.00000,0.00000,0.24479,0.24479
9.5900,AXIAL_p9,9.0000,9.0000,9.0000,9.0000,-0.00000,0.00000,0.24479,0.24479
9.6000,AXIAL_p9,9.0000,9.0000,9.0000,9.0000,-0.00000,0.00000,0.24478,0.24478
9.6100,AXIAL_p9,9.0000,9.0000,9.0000,9.0000,-0.00000,0.00000,0.24478,0.24478
9.6200,AXIAL_p9,9.0000,9.0000,9.0000,9.0000,-0.00000,0.00000,0.24478,0.24478
9.6300,AXIAL_p9,9.0000,9.0000,9.0000,9.0000,-0.00000,0.00000,0.24478,0.24478
9.6400,AXIAL_p9,9.0000,9.0000,9.0000,9.0000,-0.00000,0.00000,0.24478,0.24478
9.6500,AXIAL_p9,9.0000,9.0000,9.0000,9.0000,-0.00000,0.00000,0.24478,0.24478
9.6600,AXIAL_p9,9.0000,9.0000,9.0000,9.0000,-0.00000,0.00000,0.24478,0.24478
9.6700,AXIAL_p9,9.0000,9.0000,9.0000,9.0000,-0.00000,0.00000,0.24478,0.24478
9.6800,AXIAL_p9,9.0000,9.0000,9.0000,9.0000,-0.00000,0.00000,0.24478,0.24478
9.6900,AXIAL_p9,9.0000,9.0000,9.0000,9.0000,-0.00000,0.00000,0.24478,0.24478
9.7000,AXIAL_p9,9.0000,9.0000,9.0000,9.0000,-0.00000,0.00000,0.24478,0.24478
9.7100,AXIAL_p9,9.0000,9.0000,9.0000,9.0000,-0.00000,0.00000,0.24478,0.24478
9.7200,AXIAL_p9,9.0000,9.0000,9.0000,9.0000,-0.00000,0.00000,0.24477,0.24477
9.7300,AXIAL_p9,9.0000,9.0000,9.0000,9.0000,-0.00000,0.00000,0.24477,0.24477
9.7400,AXIAL_p9,9.0000,9.0000,9.0000,9.0000,-0.00000,0.00000,0.24477,0.24477
9.7500,AXIAL_p9,9.0000,9.0000,9.0000,9.0000,-0.00000,0.00000,0.24477,0.24477
9.7600,AXIAL_p9,9.0000,9.0000,9.0000,9.0000,-0.00000,0.00000,0.24477,0.24477
9.7700,AXIAL_p9,9.0000,9.0000,9.0000,9.0000,-0.00000,0.00000,0.24477,0.24477
9.7800,AXIAL_p9,9.0000,9.0000,9.0000,9.0000,-0.00000,0.00000,0.24477,0.24477
9.7900,AXIAL_p9,9.0000,9.0000,9.0000,9.0000,-0.00000,0.00000,0.24477,0.24477
9.8000,AXIAL_p9,9.0000,9.0000,9.0000,9.0000,-0.00000,0.00000,0.24477,0.24477
9.8100,AXIAL_p9,9.0000,9.0000,9.0000,9.0000,-0.00000,0.00000,0.24477,0.24477
9.8200,AXIAL_p9,9.0000,9.0000,9.0000,9.0000,-0.00000,0.00000,0.24477,0.24477
9.8300,AXIAL_p9,9.0000,9.0000,9.0000,9.0000,-0.00000,0.00000,0.24477,0.24477
9.8400,AXIAL_p9,9.0000,9.0000,9.0000,9.0000,-0.00000,0.00000,0.24477,0.24477
9.8500,AXIAL_p9,9.0000,9.0000,9.0000,9.0000,-0.00000,0.00000,0.24477,0.24477
9.8600,AXIAL_p9,9.0000,9.0000,9.0000,9.0000,-0.00000,0.00000,0.24477,0.24477
9.8700,AXIAL_p9,9.0000,9.0000,9.0000,9.0000,-0.00000,0.00000,0.24477,0.24477
9.8800,AXIAL_p9,9.0000,9.0000,9.0000,9.0000,-0.00000,0.00000,0.24477,0.24477
9.8900,AXIAL_p9,9.0000,9.0000,9.0000,9.0000,-0.00000,0.00000,0.24477,0.24477
9.9000,AXIAL_p9,9.0000,9.0000,9.0000,9.0000,-0.00000,0.00000,0.24477,0.24477
9.9100,AXIAL_p9,9.0000,9.0000,9.0000,9.0000,-0.00000,0.00000,0.24477,0.24477
9.9200,AXIAL_p9,9.0000,9.0000,9.0000,9.0000,-0.00000,0.00000,0.24477,0.24477
9.9300,AXIAL_p9,9.0000,9.0000,9.0000,9.0000,-0.00000,0.00000,0.24477,0.24477
9.9400,AXIAL_p9,9.0000,9.0000,9.0000,9.0000,-0.00000,0.00000,0.24477,0.24477
9.9500,AXIAL_p9,9.0000,9.0000,9.0000,9.0000,-0.00000,0.00000,0.24477,0.24477
9.9600,AXIAL_p9,9.0000,9.0000,9.0000,9.0000,-0.00000,0.00000,0.24477,0.24477
9.9700,AXIAL_p9,9.0000,9.0000,9.0000,9.0000,-0.00000,0.00000,0.24477,0.24477
9.9800,AXIAL_p9,9.0000,9.0000,9.0000,9.0000,-0.00000,0.00000,0.24477,0.24477
9.9900,AXIAL_p9,9.0000,9.0000,9.0000,9.0000,-0.00000,0.00000,0.24477,0.24477
10.0000,AXIAL_p9,9.0000,9.0000,9.0000,9.0000,-0.00000,0.00000,0.24477,0.24477
10.0100,AXIAL_p9,9.0000,9.0000,9.0000,9.0000,-0.00000,0.00000,0.24477,0.24477
10.0200,AXIAL_p9,9.0000,9.0000,9.0000,9.0000,-0.00000,0.00000,0.24477,0.24477
10.0300,AXIAL_p9,9.0000,9.0000,9.0000,9.0000,-0.00000,0.00000,0.24477,0.24477
10.0400,AXIAL_p9,9.0000,9.0000,9.0000,9.0000,-0.00000,0.00000,0.24477,0.24477
10.0500,AXIAL_p9,9.0000,9.0000,9.0000,9.0000,-0.00000,0.00000,0.24477,0.24477
10.0600,AXIAL_p9,9.0000,9.0000,9.0000,9.0000,-0.00000,0.00000,0.24477,0.24477
10.0700,AXIAL_p9,9.0000,9.0000,9.0000,9.0000,-0.00000,0.00000,0.24477,0.24477
10.0800,AXIAL_p9,9.0000,9.0000,9.0000,9.0000,-0.00000,0.00000,0.24477,0.24477
10.0900,AXIAL_p9,9.0000,9.0000,9.0000,9.0000,-0.00000,0.00000,0.24477,0.24477
10.1000,AXIAL_p9,9.0000,9.0000,9.0000,9.0000,-0.00000,0.00000,0.24477,0.24477
10.1100,AXIAL_p9,9.0000,9.0000,9.0000,9.0000,-0.00000,0.00000,0.24477,0.24477
10.1200,AXIAL_p9,9.0000,9.0000,9.0000,9.0000,-0.00000,0.00000,0.24477,0.24477
10.1300,AXIAL_p9,9.0000,9.0000,9.0000,9.0000,-0.00000,0.00000,0.24477,0.24477
10.1400,AXIAL_p9,9.0000,9.0000,9.0000,9.0000,-0.00000,0.00000,0.24477,0.24477
10.1500,AXIAL_p9,9.0000,9.0000,9.0000,9.0000,-0.00000,0.00000,0.24477,0.24477
10.1600,AXIAL_p9,9.0000,9.0000,9.0000,9.0000,-0.00000,0.00000,0.24477,0.24477
10.1700,AXIAL_p9,9.0000,9.0000,9.0000,9.0000,-0.00000,0.00000,0.24477,0.24477
10.1800,AXIAL_p9,9.0000,9.0000,9.0000,9.0000,-0.00000,0.00000,0.24477,0.24477
10.1900,AXIAL_p9,9.0000,9.0000,9.0000,9.0000,-0.00000,0.00000,0.24477,0.24477
10.2000,AXIAL_p9,9.0000,9.0000,9.0000,9.0000,-0.00000,0.00000,0.24477,0.24477
10.2100,AXIAL_p9,9.0000,9.0000,9.0000,9.0000,-0.00000,0.00000,0.24477,0.24477
10.2200,AXIAL_p9,9.0000,9.0000,9.0000,9.0000,-0.00000,0.00000,0.24477,0.24477
10.2300,AXIAL_p9,9.0000,9.0000,9.0000,9.0000,-0.00000,0.00000,0.24477,0.24477
10.2400,AXIAL_p9,9.0000,9.0000,9.0000,9.0000,-0.00000,0.00000,0.24477,0.24477
10.2500,AXIAL_p9,9.0000,9.0000,9.0000,9.0000,-0.00000,0.00000,0.24477,0.24477
10.2600,AXIAL_p9,9.0000,9.0000,9.0000,9.0000,-0.00000,0.00000,0.24477,0.24477
10.2700,AXIAL_p9,9.0000,9.0000,9.0000,9.0000,-0.00000,0.00000,0.24477,0.24477
10.2800,AXIAL_p9,9.0000,9.0000,9.0000,9.0000,-0.00000,0.00000,0.24477,0.24477
10.2900,AXIAL_p9,9.0000,9.0000,9.0000,9.0000,-0.00000,0.00000,0.24477,0.24477
10.3000,AXIAL_p9,9.0000,9.0000,9.0000,9.0000,-0.00000,0.00000,0.24477,0.24477
10.3100,AXIAL_p9,9.0000,9.0000,9.0000,9.0000,-0.00000,0.00000,0.24477,0.24477
10.3200,AXIAL_p9,9.0000,9.0000,9.0000,9.0000,-0.00000,0.00000,0.24477,0.24477
10.3300,AXIAL_p9,9.0000,9.0000,9.0000,9.0000,-0.00000,0.00000,0.24477,0.24477
10.3400,AXIAL_p9,9.0000,9.0000,9.0000,9.0000,-0.00000,0.00000,0.24477,0.24477
10.3500,AXIAL_p9,9.0000,9.0000,9.0000,9.0000,-0.00000,0.00000,0.24477,0.24477
10.3600,AXIAL_p9,9.0000,9.0000,9.0000,9.0000,-0.00000,0.00000,0.24477,0.24477
10.3700,AXIAL_p9,9.0000,9.0000,9.0000,9.0000,-0.00000,0.00000,0.24477,0.24477
10.3800,AXIAL_p9,9.0000,9.0000,9.0000,9.0000,-0.00000,0.00000,0.24477,0.24477
10.3900,AXIAL_p9,9.0000,9.0000,9.0000,9.0000,-0.00000,0.00000,0.24477,0.24477
10.4000,AXIAL_p9,9.0000,9.0000,9.0000,9.0000,-0.00000,0.00000,0.24477,0.24477
10.4100,AXIAL_p9,9.0000,9.0000,9.0000,9.0000,-0.00000,0.00000,0.24477,0.24477
10.4200,AXIAL_p9,9.0000,9.0000,9.0000,9.0000,-0.00000,0.00000,0.24477,0.24477
10.4300,AXIAL_p9,9.0000,9.0000,9.0000,9.0000,-0.00000,0.00000,0.24477,0.24477
10.4400,AXIAL_p9,9.0000,9.0000,9.0000,9.0000,-0.00000,0.00000,0.24477,0.24477
10.4500,AXIAL_p9,9.0000,9.0000,9.0000,9.0000,-0.00000,0.00000,0.24477,0.24477
10.4600,AXIAL_p9,9.0000,9.0000,9.0000,9.0000,-0.00000,0.00000,0.24477,0.24477
10.4700,AXIAL_p9,9.0000,9.0000,9.0000,9.0000,-0.00000,0.00000,0.24477,0.24477
10.4800,AXIAL_p9,9.0000,9.0000,9.0000,9.0000,-0.00000,0.00000,0.24477,0.24477
10.4900,AXIAL_p9,9.0000,9.0000,9.0000,9.0000,-0.00000,0.00000,0.24477,0.24477
10.5000,AXIAL_p9,9.0000,9.0000,9.0000,9.0000,-0.00000,0.00000,0.24477,0.24477
10.5100,AXIAL_p9,9.0000,9.0000,9.0000,9.0000,-0.00000,0.00000,0.24477,0.24477
10.5200,AXIAL_p9,9.0000,9.0000,9.0000,9.0000,-0.00000,0.00000,0.24477,0.24477
10.5300,AXIAL_p9,9.0000,9.0000,9.0000,9.0000,-0.00000,0.00000,0.24477,0.24477
10.5400,AXIAL_p9,9.0000,9.0000,9.0000,9.0000,-0.00000,0.00000,0.24477,0.24477
10.5500,AXIAL_p9,9.0000,9.0000,9.0000,9.0000,-0.00000,0.00000,0.24477,0.24477
10.5600,AXIAL_p9,9.0000,9.0000,9.0000,9.0000,-0.00000,0.00000,0.24477,0.24477
10.5700,AXIAL_p9,9.0000,9.0000,9.0000,9.0000,-0.00000,0.00000,0.24477,0.24477
10.5800,AXIAL_p9,9.0000,9.0000,9.0000,9.0000,-0.00000,0.00000,0.24477,0.24477
10.5900,AXIAL_p9,9.0000,9.0000,9.0000,9.0000,-0.00000,0.00000,0.24477,0.24477
10.6000,AXIAL_p9,9.0000,9.0000,9.0000,9.0000,-0.00000,0.00000,0.24477,0.24477
10.6100,AXIAL_p9,9.0000,9.0000,9.0000,9.0000,-0.00000,0.00000,0.24477,0.24477
10.6200,AXIAL_p9,9.0000,9.0000,9.0000,9.0000,-0.00000,0.00000,0.24477,0.24477
10.6300,AXIAL_p9,9.0000,9.0000,9.0000,9.0000,-0.00000,0.00000,0.24477,0.24477
10.6400,AXIAL_p9,9.0000,9.0000,9.0000,9.0000,-0.00000,0.00000,0.24477,0.24477
10.6500,AXIAL_p9,9.0000,9.0000,9.0000,9.0000,-0.00000,0.00000,0.24477,0.24477
10.6600,AXIAL_p9,9.0000,9.0000,9.0000,9.0000,-0.00000,0.00000,0.24477,0.24477
10.6700,AXIAL_p9,9.0000,9.0000,9.0000,9.0000,-0.00000,0.00000,0.24477,0.24477
10.6800,AXIAL_p9,9.0000,9.0000,9.0000,9.0000,-0.00000,0.00000,0.24477,0.24477
10.6900,AXIAL_p9,9.0000,9.0000,9.0000,9.0000,-0.00000,0.00000,0.24477,0.24477
10.7000,AXIAL_p9,9.0000,9.0000,9.0000,9.0000,-0.00000,0.00000,0.24477,0.24477
10.7100,AXIAL_p9,9.0000,9.0000,9.0000,9.0000,-0.00000,0.00000,0.24477,0.24477
10.7200,AXIAL_p9,9.0000,9.0000,9.0000,9.0000,-0.00000,0.00000,0.24477,0.24477
10.7300,AXIAL_p9,9.0000,9.0000,9.0000,9.0000,-0.00000,0.00000,0.24477,0.24477
10.7400,AXIAL_p9,9.0000,9.0000,9.0000,9.0000,-0.00000,0.00000,0.24477,0.24477
10.7500,AXIAL_p9,9.0000,9.0000,9.0000,9.0000,-0.00000,0.00000,0.24477,0.24477
10.7600,AXIAL_p9,9.0000,9.0000,9.0000,9.0000,-0.00000,0.00000,0.24477,0.24477
10.7700,AXIAL_p9,9.0000,9.0000,9.0000,9.0000,-0.00000,0.00000,0.24477,0.24477
10.7800,AXIAL_p9,9.0000,9.0000,9.0000,9.0000,-0.00000,0.00000,0.24477,0.24477
10.7900,AXIAL_p9,9.0000,9.0000,9.0000,9.0000,-0.00000,0.00000,0.24477,0.24477
10.8000,AXIAL_p9,9.0000,9.0000,9.0000,9.0000,-0.00000,0.00000,0.24477,0.24477
10.8100,AXIAL_p9,9.0000,9.0000,9.0000,9.0000,-0.00000,0.00000,0.24477,0.24477
10.8200,AXIAL_p9,9.0000,9.0000,9.0000,9.0000,-0.00000,0.00000,0.24477,0.24477
10.8300,AXIAL_p9,9.0000,9.0000,9.0000,9.0000,-0.00000,0.00000,0.24477,0.24477
10.8400,AXIAL_p9,9.0000,9.0000,9.0000,9.0000,-0.00000,0.00000,0.24477,0.24477
10.8500,AXIAL_p9,9.0000,9.0000,9.0000,9.0000,-0.00000,0.00000,0.24477,0.24477
10.8600,AXIAL_p9,9.0000,9.0000,9.0000,9.0000,-0.00000,0.00000,0.24477,0.24477
10.8700,AXIAL_p9,9.0000,9.0000,9.0000,9.0000,-0.00000,0.00000,0.24477,0.24477
10.8800,AXIAL_p9,9.0000,9.0000,9.0000,9.0000,-0.00000,0.00000,0.24477,0.24477
10.8900,AXIAL_p9,9.0000,9.0000,9.0000,9.0000,-0.00000,0.00000,0.24477,0.24477
10.9000,AXIAL_p9,9.0000,9.0000,9.0000,9.0000,-0.00000,0.00000,0.24477,0.24477
10.9100,AXIAL_p9,9.0000,9.0000,9.0000,9.0000,-0.00000,0.00000,0.24477,0.24477
10.9200,AXIAL_p9,9.0000,9.0000,9.0000,9.0000,-0.00000,0.00000,0.24477,0.24477
10.9300,AXIAL_p9,9.0000,9.0000,9.0000,9.0000,-0.00000,0.00000,0.24477,0.24477
10.9400,AXIAL_p9,9.0000,9.0000,9.0000,9.0000,-0.00000,0.00000,0.24477,0.24477
10.9500,AXIAL_p9,9.0000,9.0000,9.0000,9.0000,-0.00000,0.00000,0.24477,0.24477
10.9600,AXIAL_p9,9.0000,9.0000,9.0000,9.0000,-0.00000,0.00000,0.24477,0.24477
10.9700,AXIAL_p9,9.0000,9.0000,9.0000,9.0000,-0.00000,0.00000,0.24477,0.24477
10.9800,AXIAL_p9,9.0000,9.0000,9.0000,9.0000,-0.00000,0.00000,0.24477,0.24477
10.9900,AXIAL_p9,9.0000,9.0000,9.0000,9.0000,-0.00000,0.00000,0.24477,0.24477
11.0000,AXIAL_p9,9.0000,9.0000,9.0000,9.0000,-0.00000,0.00000,0.24477,0.24477
11.0100,AXIAL_p9,9.0000,9.0000,9.0000,9.0000,-0.00000,0.00000,0.24477,0.24477
11.0200,AXIAL_p9,9.0000,9.0000,9.0000,9.0000,-0.00000,0.00000,0.24477,0.24477
11.0300,AXIAL_p9,9.0000,9.0000,9.0000,9.0000,-0.00000,0.00000,0.24477,0.24477
11.0400,AXIAL_p9,9.0000,9.0000,9.0000,9.0000,-0.00000,0.00000,0.24477,0.24477
11.0500,AXIAL_p9,9.0000,9.0000,9.0000,9.0000,-0.00000,0.00000,0.24477,0.24477
11.0600,AXIAL_p9,9.0000,9.0000,9.0000,9.0000,-0.00000,0.00000,0.24477,0.24477
11.0700,AXIAL_p9,9.0000,9.0000,9.0000,9.0000,-0.00000,0.00000,0.24477,0.24477
11.0800,AXIAL_p9,9.0000,9.0000,9.0000,9.0000,-0.00000,0.00000,0.24477,0.24477
11.0900,AXIAL_p9,9.0000,9.0000,9.0000,9.0000,-0.00000,0.00000,0.24477,0.24477
11.1000,AXIAL_p9,9.0000,9.0000,9.0000,9.0000,-0.00000,0.00000,0.24477,0.24477
11.1100,AXIAL_p9,9.0000,9.0000,9.0000,9.0000,-0.00000,0.00000,0.24477,0.24477
11.1200,AXIAL_p9,9.0000,9.0000,9.0000,9.0000,-0.00000,0.00000,0.24477,0.24477
11.1300,AXIAL_p9,9.0000,9.0000,9.0000,9.0000,-0.00000,0.00000,0.24477,0.24477
11.1400,AXIAL_p9,9.0000,9.0000,9.0000,9.0000,-0.00000,0.00000,0.24477,0.24477
11.1500,AXIAL_p9,9.0000,9.0000,9.0000,9.0000,-0.00000,0.00000,0.24477,0.24477
11.1600,AXIAL_p9,9.0000,9.0000,9.0000,9.0000,-0.00000,0.00000,0.24477,0.24477
11.1700,AXIAL_p9,9.0000,9.0000,9.0000,9.0000,-0.00000,0.00000,0.24477,0.24477
11.1800,AXIAL_p9,9.0000,9.0000,9.0000,9.0000,-0.00000,0.00000,0.24477,0.24477
11.1900,AXIAL_p9,9.0000,9.0000,9.0000,9.0000,-0.00000,0.00000,0.24477,0.24477
11.2000,AXIAL_p9,9.0000,9.0000,9.0000,9.0000,-0.00000,0.00000,0.24477,0.24477
11.2100,AXIAL_p9,9.0000,9.0000,9.0000,9.0000,-0.00000,0.00000,0.24477,0.24477
11.2200,AXIAL_p9,9.0000,9.0000,9.0000,9.0000,-0.00000,0.00000,0.24477,0.24477
11.2300,AXIAL_p9,9.0000,9.0000,9.0000,9.0000,-0.00000,0.00000,0.24477,0.24477
11.2400,AXIAL_p9,9.0000,9.0000,9.0000,9.0000,-0.00000,0.00000,0.24477,0.24477
11.2500,AXIAL_p9,9.0000,9.0000,9.0000,9.0000,-0.00000,0.00000,0.24477,0.24477
11.2600,AXIAL_p9,9.0000,9.0000,9.0000,9.0000,-0.00000,0.00000,0.24477,0.24477
11.2700,AXIAL_p9,9.0000,9.0000,9.0000,9.0000,-0.00000,0.00000,0.24477,0.24477
11.2800,AXIAL_p9,9.0000,9.0000,9.0000,9.0000,-0.00000,0.00000,0.24477,0.24477
11.2900,AXIAL_p9,9.0000,9.0000,9.0000,9.0000,-0.00000,0.00000,0.24477,0.24477
11.3000,AXIAL_p9,9.0000,9.0000,9.0000,9.0000,-0.00000,0.00000,0.24477,0.24477
11.3100,AXIAL_p9,9.0000,9.0000,9.0000,9.0000,-0.00000,0.00000,0.24477,0.24477
11.3200,AXIAL_p9,9.0000,9.0000,9.0000,9.0000,-0.00000,0.00000,0.24477,0.24477
11.3300,AXIAL_p9,9.0000,9.0000,9.0000,9.0000,-0.00000,0.00000,0.24477,0.24477
11.3400,AXIAL_p9,9.0000,9.0000,9.0000,9.0000,-0.00000,0.00000,0.24477,0.24477
11.3500,AXIAL_p9,9.0000,9.0000,9.0000,9.0000,-0.00000,0.00000,0.24477,0.24477
11.3600,AXIAL_p9,9.0000,9.0000,9.0000,9.0000,-0.00000,0.00000,0.24477,0.24477
11.3700,AXIAL_p9,9.0000,9.0000,9.0000,9.0000,-0.00000,0.00000,0.24477,0.24477
11.3800,AXIAL_p9,9.0000,9.0000,9.0000,9.0000,-0.00000,0.00000,0.24477,0.24477
11.3900,AXIAL_p9,9.0000,9.0000,9.0000,9.0000,-0.00000,0.00000,0.24477,0.24477
11.4000,AXIAL_p9,9.0000,9.0000,9.0000,9.0000,-0.00000,0.00000,0.24477,0.24477
11.4100,AXIAL_p9,9.0000,9.0000,9.0000,9.0000,-0.00000,0.00000,0.24477,0.24477
11.4200,AXIAL_p9,9.0000,9.0000,9.0000,9.0000,-0.00000,0.00000,0.24477,0.24477
11.4300,AXIAL_p9,9.0000,9.0000,9.0000,9.0000,-0.00000,0.00000,0.24477,0.24477
11.4400,AXIAL_p9,9.0000,9.0000,9.0000,9.0000,-0.00000,0.00000,0.24477,0.24477
11.4500,AXIAL_p9,9.0000,9.0000,9.0000,9.0000,-0.00000,0.00000,0.24477,0.24477
11.4600,AXIAL_p9,9.0000,9.0000,9.0000,9.0000,-0.00000,0.00000,0.24477,0.24477
11.4700,AXIAL_p9,9.0000,9.0000,9.0000,9.0000,-0.00000,0.00000,0.24477,0.24477
11.4800,AXIAL_p9,9.0000,9.0000,9.0000,9.0000,-0.00000,0.00000,0.24477,0.24477
11.4900,AXIAL_p9,9.0000,9.0000,9.0000,9.0000,-0.00000,0.00000,0.24477,0.24477
11.5000,AXIAL_p9,9.0000,9.0000,9.0000,9.0000,-0.00000,0.00000,0.24477,0.24477
11.5100,AXIAL_p9,9.0000,9.0000,9.0000,9.0000,-0.00000,0.00000,0.24477,0.24477
11.5200,AXIAL_p9,9.0000,9.0000,9.0000,9.0000,-0.00000,0.00000,0.24477,0.24477
11.5300,AXIAL_p9,9.0000,9.0000,9.0000,9.0000,-0.00000,0.00000,0.24477,0.24477
11.5400,AXIAL_p9,9.0000,9.0000,9.0000,9.0000,-0.00000,0.00000,0.24477,0.24477
11.5500,AXIAL_p9,9.0000,9.0000,9.0000,9.0000,-0.00000,0.00000,0.24477,0.24477
11.5600,AXIAL_p9,9.0000,9.0000,9.0000,9.0000,-0.00000,0.00000,0.24477,0.24477
11.5700,AXIAL_p9,9.0000,9.0000,9.0000,9.0000,-0.00000,0.00000,0.24477,0.24477
11.5800,AXIAL_p9,9.0000,9.0000,9.0000,9.0000,-0.00000,0.00000,0.24477,0.24477
11.5900,AXIAL_p9,9.0000,9.0000,9.0000,9.0000,-0.00000,0.00000,0.24477,0.24477
11.6000,AXIAL_p9,9.0000,9.0000,9.0000,9.0000,-0.00000,0.00000,0.24477,0.24477
11.6100,AXIAL_p9,9.0000,9.0000,9.0000,9.0000,-0.00000,0.00000,0.24477,0.24477
11.6200,AXIAL_p9,9.0000,9.0000,9.0000,9.0000,-0.00000,0.00000,0.24477,0.24477
11.6300,AXIAL_p9,9.0000,9.0000,9.0000,9.0000,-0.00000,0.00000,0.24477,0.24477
11.6400,AXIAL_p9,9.0000,9.0000,9.0000,9.0000,-0.00000,0.00000,0.24477,0.24477
11.6500,AXIAL_p9,9.0000,9.0000,9.0000,9.0000,-0.00000,0.00000,0.24477,0.24477
11.6600,AXIAL_p9,9.0000,9.0000,9.0000,9.0000,-0.00000,0.00000,0.24477,0.24477
11.6700,AXIAL_p9,9.0000,9.0000,9.0000,9.0000,-0.00000,0.00000,0.24477,0.24477
11.6800,AXIAL_p9,9.0000,9.0000,9.0000,9.0000,-0.00000,0.00000,0.24477,0.24477
11.6900,AXIAL_p9,9.0000,9.0000,9.0000,9.0000,-0.00000,0.00000,0.24477,0.24477
11.7000,AXIAL_p9,9.0000,9.0000,9.0000,9.0000,-0.00000,0.00000,0.24477,0.24477
11.7100,AXIAL_p9,9.0000,9.0000,9.0000,9.0000,-0.00000,0.00000,0.24477,0.24477
11.7200,AXIAL_p9,9.0000,9.0000,9.0000,9.0000,-0.00000,0.00000,0.24477,0.24477
11.7300,AXIAL_p9,9.0000,9.0000,9.0000,9.0000,-0.00000,0.00000,0.24477,0.24477
11.7400,AXIAL_p9,9.0000,9.0000,9.0000,9.0000,-0.00000,0.00000,0.24477,0.24477
11.7500,AXIAL_p9,9.0000,9.0000,9.0000,9.0000,-0.00000,0.00000,0.24477,0.24477
11.7600,AXIAL_p9,9.0000,9.0000,9.0000,9.0000,-0.00000,0.00000,0.24477,0.24477
11.7700,AXIAL_p9,9.0000,9.0000,9.0000,9.0000,-0.00000,0.00000,0.24477,0.24477
11.7800,AXIAL_p9,9.0000,9.0000,9.0000,9.0000,-0.00000,0.00000,0.24477,0.24477
11.7900,AXIAL_p9,9.0000,9.0000,9.0000,9.0000,-0.00000,0.00000,0.24477,0.24477
11.8000,AXIAL_p9,9.0000,9.0000,9.0000,9.0000,-0.00000,0.00000,0.24477,0.24477
11.8100,AXIAL_p9,9.0000,9.0000,9.0000,9.0000,-0.00000,0.00000,0.24477,0.24477
11.8200,AXIAL_p9,9.0000,9.0000,9.0000,9.0000,-0.00000,0.00000,0.24477,0.24477
11.8300,AXIAL_p9,9.0000,9.0000,9.0000,9.0000,-0.00000,0.00000,0.24477,0.24477
11.8400,AXIAL_p9,9.0000,9.0000,9.0000,9.0000,-0.00000,0.00000,0.24477,0.24477
11.8500,AXIAL_p9,9.0000,9.0000,9.0000,9.0000,-0.00000,0.00000,0.24477,0.24477
11.8600,AXIAL_p9,9.0000,9.0000,9.0000,9.0000,-0.00000,0.00000,0.24477,0.24477
11.8700,AXIAL_p9,9.0000,9.0000,9.0000,9.0000,-0.00000,0.00000,0.24477,0.24477
11.8800,AXIAL_p9,9.0000,9.0000,9.0000,9.0000,-0.00000,0.00000,0.24477,0.24477
11.8900,AXIAL_p9,9.0000,9.0000,9.0000,9.0000,-0.00000,0.00000,0.24477,0.24477
11.9000,AXIAL_p9,9.0000,9.0000,9.0000,9.0000,-0.00000,0.00000,0.24477,0.24477
11.9100,AXIAL_p9,9.0000,9.0000,9.0000,9.0000,-0.00000,0.00000,0.24477,0.24477
11.9200,AXIAL_p9,9.0000,9.0000,9.0000,9.0000,-0.00000,0.00000,0.24477,0.24477
11.9300,AXIAL_p9,9.0000,9.0000,9.0000,9.0000,-0.00000,0.00000,0.24477,0.24477
11.9400,AXIAL_p9,9.0000,9.0000,9.0000,9.0000,-0.00000,0.00000,0.24477,0.24477
11.9500,AXIAL_p9,9.0000,9.0000,9.0000,9.0000,-0.00000,0.00000,0.24477,0.24477
11.9600,AXIAL_p9,9.0000,9.0000,9.0000,9.0000,-0.00000,0.00000,0.24477,0.24477
11.9700,AXIAL_p9,9.0000,9.0000,9.0000,9.0000,-0.00000,0.00000,0.24477,0.24477
11.9800,AXIAL_p9,9.0000,9.0000,9.0000,9.0000,-0.00000,0.00000,0.24477,0.24477
11.9900,AXIAL_p9,9.0000,9.0000,9.0000,9.0000,-0.00000,0.00000,0.24477,0.24477
12.0000,AXIAL_p9,9.0000,9.0000,9.0000,9.0000,-0.00000,0.00000,0.24477,0.24477
12.0100,AXIAL_p6,6.0000,6.0000,6.0000,6.0000,-0.00000,0.00000,0.24477,0.24477
12.0200,AXIAL_p6,6.0000,6.0000,6.0000,6.0000,-0.00000,0.00000,0.24478,0.24478
12.0300,AXIAL_p6,6.0000,6.0000,6.0000,6.0000,-0.00000,0.00000,0.24481,0.24481
12.0400,AXIAL_p6,6.0000,6.0000,6.0000,6.0000,-0.00000,0.00000,0.24485,0.24485
12.0500,AXIAL_p6,6.0000,6.0000,6.0000,6.0000,-0.00000,0.00000,0.24491,0.24491
12.0600,AXIAL_p6,6.0000,6.0000,6.0000,6.0000,-0.00000,0.00000,0.24498,0.24498
12.0700,AXIAL_p6,6.0000,6.0000,6.0000,6.0000,-0.00000,0.00000,0.24506,0.24506
12.0800,AXIAL_p6,6.0000,6.0000,6.0000,6.0000,-0.00000,0.00000,0.24515,0.24515
12.0900,AXIAL_p6,6.0000,6.0000,6.0000,6.0000,-0.00000,0.00000,0.24525,0.24525
12.1000,AXIAL_p6,6.0000,6.0000,6.0000,6.0000,-0.00000,0.00000,0.24536,0.24536
12.1100,AXIAL_p6,6.0000,6.0000,6.0000,6.0000,-0.00000,0.00000,0.24546,0.24546
12.1200,AXIAL_p6,6.0000,6.0000,6.0000,6.0000,-0.00000,0.00000,0.24556,0.24556
12.1300,AXIAL_p6,6.0000,6.0000,6.0000,6.0000,-0.00000,0.00000,0.24565,0.24565
12.1400,AXIAL_p6,6.0000,6.0000,6.0000,6.0000,-0.00000,0.00000,0.24574,0.24574
12.1500,AXIAL_p6,6.0000,6.0000,6.0000,6.0000,-0.00000,0.00000,0.24582,0.24582
12.1600,AXIAL_p6,6.0000,6.0000,6.0000,6.0000,-0.00000,0.00000,0.24590,0.24590
12.1700,AXIAL_p6,6.0000,6.0000,6.0000,6.0000,-0.00000,0.00000,0.24596,0.24596
12.1800,AXIAL_p6,6.0000,6.0000,6.0000,6.0000,-0.00000,0.00000,0.24602,0.24602
12.1900,AXIAL_p6,6.0000,6.0000,6.0000,6.0000,-0.00000,0.00000,0.24607,0.24607
12.2000,AXIAL_p6,6.0000,6.0000,6.0000,6.0000,-0.00000,0.00000,0.24611,0.24611
12.2100,AXIAL_p6,6.0000,6.0000,6.0000,6.0000,-0.00000,0.00000,0.24615,0.24615
12.2200,AXIAL_p6,6.0000,6.0000,6.0000,6.0000,-0.00000,0.00000,0.24618,0.24618
12.2300,AXIAL_p6,6.0000,6.0000,6.0000,6.0000,-0.00000,0.00000,0.24621,0.24621
12.2400,AXIAL_p6,6.0000,6.0000,6.0000,6.0000,-0.00000,0.00000,0.24624,0.24624
12.2500,AXIAL_p6,6.0000,6.0000,6.0000,6.0000,-0.00000,0.00000,0.24626,0.24626
12.2600,AXIAL_p6,6.0000,6.0000,6.0000,6.0000,-0.00000,0.00000,0.24628,0.24628
12.2700,AXIAL_p6,6.0000,6.0000,6.0000,6.0000,-0.00000,0.00000,0.24629,0.24629
12.2800,AXIAL_p6,6.0000,6.0000,6.0000,6.0000,-0.00000,0.00000,0.24631,0.24631
12.2900,AXIAL_p6,6.0000,6.0000,6.0000,6.0000,-0.00000,0.00000,0.24632,0.24632
12.3000,AXIAL_p6,6.0000,6.0000,6.0000,6.0000,-0.00000,0.00000,0.24634,0.24634
12.3100,AXIAL_p6,6.0000,6.0000,6.0000,6.0000,-0.00000,0.00000,0.24635,0.24635
12.3200,AXIAL_p6,6.0000,6.0000,6.0000,6.0000,-0.00000,0.00000,0.24636,0.24636
12.3300,AXIAL_p6,6.0000,6.0000,6.0000,6.0000,-0.00000,0.00000,0.24637,0.24637
12.3400,AXIAL_p6,6.0000,6.0000,6.0000,6.0000,-0.00000,0.00000,0.24638,0.24638
12.3500,AXIAL_p6,6.0000,6.0000,6.0000,6.0000,-0.00000,0.00000,0.24639,0.24639
12.3600,AXIAL_p6,6.0000,6.0000,6.0000,6.0000,-0.00000,0.00000,0.24640,0.24640
12.3700,AXIAL_p6,6.0000,6.0000,6.0000,6.0000,-0.00000,0.00000,0.24641,0.24641
12.3800,AXIAL_p6,6.0000,6.0000,6.0000,6.0000,-0.00000,0.00000,0.24642,0.24642
12.3900,AXIAL_p6,6.0000,6.0000,6.0000,6.0000,-0.00000,0.00000,0.24643,0.24643
12.4000,AXIAL_p6,6.0000,6.0000,6.0000,6.0000,-0.00000,0.00000,0.24643,0.24643
12.4100,AXIAL_p6,6.0000,6.0000,6.0000,6.0000,-0.00000,0.00000,0.24644,0.24644
12.4200,AXIAL_p6,6.0000,6.0000,6.0000,6.0000,-0.00000,0.00000,0.24645,0.24645
12.4300,AXIAL_p6,6.0000,6.0000,6.0000,6.0000,-0.00000,0.00000,0.24645,0.24645
12.4400,AXIAL_p6,6.0000,6.0000,6.0000,6.0000,-0.00000,0.00000,0.24646,0.24646
12.4500,AXIAL_p6,6.0000,6.0000,6.0000,6.0000,-0.00000,0.00000,0.24646,0.24646
12.4600,AXIAL_p6,6.0000,6.0000,6.0000,6.0000,-0.00000,0.00000,0.24647,0.24647
12.4700,AXIAL_p6,6.0000,6.0000,6.0000,6.0000,-0.00000,0.00000,0.24647,0.24647
12.4800,AXIAL_p6,6.0000,6.0000,6.0000,6.0000,-0.00000,0.00000,0.24648,0.24648
12.4900,AXIAL_p6,6.0000,6.0000,6.0000,6.0000,-0.00000,0.00000,0.24648,0.24648
12.5000,AXIAL_p6,6.0000,6.0000,6.0000,6.0000,-0.00000,0.00000,0.24648,0.24648
12.5100,AXIAL_p6,6.0000,6.0000,6.0000,6.0000,-0.00000,0.00000,0.24649,0.24649
12.5200,AXIAL_p6,6.0000,6.0000,6.0000,6.0000,-0.00000,0.00000,0.24649,0.24649
12.5300,AXIAL_p6,6.0000,6.0000,6.0000,6.0000,-0.00000,0.00000,0.24649,0.24649
12.5400,AXIAL_p6,6.0000,6.0000,6.0000,6.0000,-0.00000,0.00000,0.24649,0.24649
12.5500,AXIAL_p6,6.0000,6.0000,6.0000,6.0000,-0.00000,0.00000,0.24649,0.24649
12.5600,AXIAL_p6,6.0000,6.0000,6.0000,6.0000,-0.00000,0.00000,0.24650,0.24650
12.5700,AXIAL_p6,6.0000,6.0000,6.0000,6.0000,-0.00000,0.00000,0.24650,0.24650
12.5800,AXIAL_p6,6.0000,6.0000,6.0000,6.0000,-0.00000,0.00000,0.24650,0.24650
12.5900,AXIAL_p6,6.0000,6.0000,6.0000,6.0000,-0.00000,0.00000,0.24650,0.24650
12.6000,AXIAL_p6,6.0000,6.0000,6.0000,6.0000,-0.00000,0.00000,0.24650,0.24650
12.6100,AXIAL_p6,6.0000,6.0000,6.0000,6.0000,-0.00000,0.00000,0.24650,0.24650
12.6200,AXIAL_p6,6.0000,6.0000,6.0000,6.0000,-0.00000,0.00000,0.24650,0.24650
12.6300,AXIAL_p6,6.0000,6.0000,6.0000,6.0000,-0.00000,0.00000,0.24651,0.24651
12.6400,AXIAL_p6,6.0000,6.0000,6.0000,6.0000,-0.00000,0.00000,0.24651,0.24651
12.6500,AXIAL_p6,6.0000,6.0000,6.0000,6.0000,-0.00000,0.00000,0.24651,0.24651
12.6600,AXIAL_p6,6.0000,6.0000,6.0000,6.0000,-0.00000,0.00000,0.24651,0.24651
12.6700,AXIAL_p6,6.0000,6.0000,6.0000,6.0000,-0.00000,0.00000,0.24651,0.24651
12.6800,AXIAL_p6,6.0000,6.0000,6.0000,6.0000,-0.00000,0.00000,0.24651,0.24651
12.6900,AXIAL_p6,6.0000,6.0000,6.0000,6.0000,-0.00000,0.00000,0.24651,0.24651
12.7000,AXIAL_p6,6.0000,6.0000,6.0000,6.0000,-0.00000,0.00000,0.24651,0.24651
12.7100,AXIAL_p6,6.0000,6.0000,6.0000,6.0000,-0.00000,0.00000,0.24651,0.24651
12.7200,AXIAL_p6,6.0000,6.0000,6.0000,6.0000,-0.00000,0.00000,0.24651,0.24651
12.7300,AXIAL_p6,6.0000,6.0000,6.0000,6.0000,-0.00000,0.00000,0.24651,0.24651
12.7400,AXIAL_p6,6.0000,6.0000,6.0000,6.0000,-0.00000,0.00000,0.24651,0.24651
12.7500,AXIAL_p6,6.0000,6.0000,6.0000,6.0000,-0.00000,0.00000,0.24651,0.24651
12.7600,AXIAL_p6,6.0000,6.0000,6.0000,6.0000,-0.00000,0.00000,0.24651,0.24651
12.7700,AXIAL_p6,6.0000,6.0000,6.0000,6.0000,-0.00000,0.00000,0.24651,0.24651
12.7800,AXIAL_p6,6.0000,6.0000,6.0000,6.0000,-0.00000,0.00000,0.24651,0.24651
12.7900,AXIAL_p6,6.0000,6.0000,6.0000,6.0000,-0.00000,0.00000,0.24651,0.24651
12.8000,AXIAL_p6,6.0000,6.0000,6.0000,6.0000,-0.00000,0.00000,0.24651,0.24651
12.8100,AXIAL_p6,6.0000,6.0000,6.0000,6.0000,-0.00000,0.00000,0.24651,0.24651
12.8200,AXIAL_p6,6.0000,6.0000,6.0000,6.0000,-0.00000,0.00000,0.24651,0.24651
12.8300,AXIAL_p6,6.0000,6.0000,6.0000,6.0000,-0.00000,0.00000,0.24652,0.24652
12.8400,AXIAL_p6,6.0000,6.0000,6.0000,6.0000,-0.00000,0.00000,0.24652,0.24652
12.8500,AXIAL_p6,6.0000,6.0000,6.0000,6.0000,-0.00000,0.00000,0.24652,0.24652
12.8600,AXIAL_p6,6.0000,6.0000,6.0000,6.0000,-0.00000,0.00000,0.24652,0.24652
12.8700,AXIAL_p6,6.0000,6.0000,6.0000,6.0000,-0.00000,0.00000,0.24652,0.24652
12.8800,AXIAL_p6,6.0000,6.0000,6.0000,6.0000,-0.00000,0.00000,0.24652,0.24652
12.8900,AXIAL_p6,6.0000,6.0000,6.0000,6.0000,-0.00000,0.00000,0.24652,0.24652
12.9000,AXIAL_p6,6.0000,6.0000,6.0000,6.0000,-0.00000,0.00000,0.24652,0.24652
12.9100,AXIAL_p6,6.0000,6.0000,6.0000,6.0000,-0.00000,0.00000,0.24652,0.24652
12.9200,AXIAL_p6,6.0000,6.0000,6.0000,6.0000,-0.00000,0.00000,0.24652,0.24652
12.9300,AXIAL_p6,6.0000,6.0000,6.0000,6.0000,-0.00000,0.00000,0.24652,0.24652
12.9400,AXIAL_p6,6.0000,6.0000,6.0000,6.0000,-0.00000,0.00000,0.24652,0.24652
12.9500,AXIAL_p6,6.0000,6.0000,6.0000,6.0000,-0.00000,0.00000,0.24652,0.24652
12.9600,AXIAL_p6,6.0000,6.0000,6.0000,6.0000,-0.00000,0.00000,0.24652,0.24652
12.9700,AXIAL_p6,6.0000,6.0000,6.0000,6.0000,-0.00000,0.00000,0.24652,0.24652
12.9800,AXIAL_p6,6.0000,6.0000,6.0000,6.0000,-0.00000,0.00000,0.24652,0.24652
12.9900,AXIAL_p6,6.0000,6.0000,6.0000,6.0000,-0.00000,0.00000,0.24652,0.24652
13.0000,AXIAL_p6,6.0000,6.0000,6.0000,6.0000,-0.00000,0.00000,0.24652,0.24652
13.0100,AXIAL_p6,6.0000,6.0000,6.0000,6.0000,-0.00000,0.00000,0.24652,0.24652
13.0200,AXIAL_p6,6.0000,6.0000,6.0000,6.0000,-0.00000,0.00000,0.24652,0.24652
13.0300,AXIAL_p6,6.0000,6.0000,6.0000,6.0000,-0.00000,0.00000,0.24652,0.24652
13.0400,AXIAL_p6,6.0000,6.0000,6.0000,6.0000,-0.00000,0.00000,0.24652,0.24652
13.0500,AXIAL_p6,6.0000,6.0000,6.0000,6.0000,-0.00000,0.00000,0.24652,0.24652
13.0600,AXIAL_p6,6.0000,6.0000,6.0000,6.0000,-0.00000,0.00000,0.24652,0.24652
13.0700,AXIAL_p6,6.0000,6.0000,6.0000,6.0000,-0.00000,0.00000,0.24652,0.24652
13.0800,AXIAL_p6,6.0000,6.0000,6.0000,6.0000,-0.00000,0.00000,0.24652,0.24652
13.0900,AXIAL_p6,6.0000,6.0000,6.0000,6.0000,-0.00000,0.00000,0.24652,0.24652
13.1000,AXIAL_p6,6.0000,6.0000,6.0000,6.0000,-0.00000,0.00000,0.24652,0.24652
13.1100,AXIAL_p6,6.0000,6.0000,6.0000,6.0000,-0.00000,0.00000,0.24652,0.24652
13.1200,AXIAL_p6,6.0000,6.0000,6.0000,6.0000,-0.00000,0.00000,0.24652,0.24652
13.1300,AXIAL_p6,6.0000,6.0000,6.0000,6.0000,-0.00000,0.00000,0.24652,0.24652
13.1400,AXIAL_p6,6.0000,6.0000,6.0000,6.0000,-0.00000,0.00000,0.24652,0.24652
13.1500,AXIAL_p6,6.0000,6.0000,6.0000,6.0000,-0.00000,0.00000,0.24652,0.24652
13.1600,AXIAL_p6,6.0000,6.0000,6.0000,6.0000,-0.00000,0.00000,0.24652,0.24652
13.1700,AXIAL_p6,6.0000,6.0000,6.0000,6.0000,-0.00000,0.00000,0.24652,0.24652
13.1800,AXIAL_p6,6.0000,6.0000,6.0000,6.0000,-0.00000,0.00000,0.24652,0.24652
13.1900,AXIAL_p6,6.0000,6.0000,6.0000,6.0000,-0.00000,0.00000,0.24652,0.24652
13.2000,AXIAL_p6,6.0000,6.0000,6.0000,6.0000,-0.00000,0.00000,0.24652,0.24652
13.2100,AXIAL_p6,6.0000,6.0000,6.0000,6.0000,-0.00000,0.00000,0.24652,0.24652
13.2200,AXIAL_p6,6.0000,6.0000,6.0000,6.0000,-0.00000,0.00000,0.24652,0.24652
13.2300,AXIAL_p6,6.0000,6.0000,6.0000,6.0000,-0.00000,0.00000,0.24652,0.24652
13.2400,AXIAL_p6,6.0000,6.0000,6.0000,6.0000,-0.00000,0.00000,0.24652,0.24652
13.2500,AXIAL_p6,6.0000,6.0000,6.0000,6.0000,-0.00000,0.00000,0.24652,0.24652
13.2600,AXIAL_p6,6.0000,6.0000,6.0000,6.0000,-0.00000,0.00000,0.24652,0.24652
13.2700,AXIAL_p6,6.0000,6.0000,6.0000,6.0000,-0.00000,0.00000,0.24652,0.24652
13.2800,AXIAL_p6,6.0000,6.0000,6.0000,6.0000,-0.00000,0.00000,0.24652,0.24652
13.2900,AXIAL_p6,6.0000,6.0000,6.0000,6.0000,-0.00000,0.00000,0.24652,0.24652
13.3000,AXIAL_p6,6.0000,6.0000,6.0000,6.0000,-0.00000,0.00000,0.24652,0.24652
13.3100,AXIAL_p6,6.0000,6.0000,6.0000,6.0000,-0.00000,0.00000,0.24652,0.24652
13.3200,AXIAL_p6,6.0000,6.0000,6.0000,6.0000,-0.00000,0.00000,0.24652,0.24652
13.3300,AXIAL_p6,6.0000,6.0000,6.0000,6.0000,-0.00000,0.00000,0.24652,0.24652
13.3400,AXIAL_p6,6.0000,6.0000,6.0000,6.0000,-0.00000,0.00000,0.24652,0.24652
13.3500,AXIAL_p6,6.0000,6.0000,6.0000,6.0000,-0.00000,0.00000,0.24652,0.24652
13.3600,AXIAL_p6,6.0000,6.0000,6.0000,6.0000,-0.00000,0.00000,0.24652,0.24652
13.3700,AXIAL_p6,6.0000,6.0000,6.0000,6.0000,-0.00000,0.00000,0.24652,0.24652
13.3800,AXIAL_p6,6.0000,6.0000,6.0000,6.0000,-0.00000,0.00000,0.24652,0.24652
13.3900,AXIAL_p6,6.0000,6.0000,6.0000,6.0000,-0.00000,0.00000,0.24652,0.24652
13.4000,AXIAL_p6,6.0000,6.0000,6.0000,6.0000,-0.00000,0.00000,0.24652,0.24652
13.4100,AXIAL_p6,6.0000,6.0000,6.0000,6.0000,-0.00000,0.00000,0.24652,0.24652
13.4200,AXIAL_p6,6.0000,6.0000,6.0000,6.0000,-0.00000,0.00000,0.24652,0.24652
13.4300,AXIAL_p6,6.0000,6.0000,6.0000,6.0000,-0.00000,0.00000,0.24652,0.24652
13.4400,AXIAL_p6,6.0000,6.0000,6.0000,6.0000,-0.00000,0.00000,0.24652,0.24652
13.4500,AXIAL_p6,6.0000,6.0000,6.0000,6.0000,-0.00000,0.00000,0.24652,0.24652
13.4600,AXIAL_p6,6.0000,6.0000,6.0000,6.0000,-0.00000,0.00000,0.24652,0.24652
13.4700,AXIAL_p6,6.0000,6.0000,6.0000,6.0000,-0.00000,0.00000,0.24652,0.24652
13.4800,AXIAL_p6,6.0000,6.0000,6.0000,6.0000,-0.00000,0.00000,0.24652,0.24652
13.4900,AXIAL_p6,6.0000,6.0000,6.0000,6.0000,-0.00000,0.00000,0.24652,0.24652
13.5000,AXIAL_p6,6.0000,6.0000,6.0000,6.0000,-0.00000,0.00000,0.24652,0.24652
13.5100,AXIAL_p6,6.0000,6.0000,6.0000,6.0000,-0.00000,0.00000,0.24652,0.24652
13.5200,AXIAL_p6,6.0000,6.0000,6.0000,6.0000,-0.00000,0.00000,0.24652,0.24652
13.5300,AXIAL_p6,6.0000,6.0000,6.0000,6.0000,-0.00000,0.00000,0.24652,0.24652
13.5400,AXIAL_p6,6.0000,6.0000,6.0000,6.0000,-0.00000,0.00000,0.24652,0.24652
13.5500,AXIAL_p6,6.0000,6.0000,6.0000,6.0000,-0.00000,0.00000,0.24652,0.24652
13.5600,AXIAL_p6,6.0000,6.0000,6.0000,6.0000,-0.00000,0.00000,0.24652,0.24652
13.5700,AXIAL_p6,6.0000,6.0000,6.0000,6.0000,-0.00000,0.00000,0.24652,0.24652
13.5800,AXIAL_p6,6.0000,6.0000,6.0000,6.0000,-0.00000,0.00000,0.24652,0.24652
13.5900,AXIAL_p6,6.0000,6.0000,6.0000,6.0000,-0.00000,0.00000,0.24652,0.24652
13.6000,AXIAL_p6,6.0000,6.0000,6.0000,6.0000,-0.00000,0.00000,0.24652,0.24652
13.6100,AXIAL_p6,6.0000,6.0000,6.0000,6.0000,-0.00000,0.00000,0.24652,0.24652
13.6200,AXIAL_p6,6.0000,6.0000,6.0000,6.0000,-0.00000,0.00000,0.24652,0.24652
13.6300,AXIAL_p6,6.0000,6.0000,6.0000,6.0000,-0.00000,0.00000,0.24652,0.24652
13.6400,AXIAL_p6,6.0000,6.0000,6.0000,6.0000,-0.00000,0.00000,0.24652,0.24652
13.6500,AXIAL_p6,6.0000,6.0000,6.0000,6.0000,-0.00000,0.00000,0.24652,0.24652
13.6600,AXIAL_p6,6.0000,6.0000,6.0000,6.0000,-0.00000,0.00000,0.24652,0.24652
13.6700,AXIAL_p6,6.0000,6.0000,6.0000,6.0000,-0.00000,0.00000,0.24652,0.24652
13.6800,AXIAL_p6,6.0000,6.0000,6.0000,6.0000,-0.00000,0.00000,0.24652,0.24652
13.6900,AXIAL_p6,6.0000,6.0000,6.0000,6.0000,-0.00000,0.00000,0.24652,0.24652
13.7000,AXIAL_p6,6.0000,6.0000,6.0000,6.0000,-0.00000,0.00000,0.24652,0.24652
13.7100,AXIAL_p6,6.0000,6.0000,6.0000,6.0000,-0.00000,0.00000,0.24652,0.24652
13.7200,AXIAL_p6,6.0000,6.0000,6.0000,6.0000,-0.00000,0.00000,0.24652,0.24652
13.7300,AXIAL_p6,6.0000,6.0000,6.0000,6.0000,-0.00000,0.00000,0.24652,0.24652
13.7400,AXIAL_p6,6.0000,6.0000,6.0000,6.0000,-0.00000,0.00000,0.24652,0.24652
13.7500,AXIAL_p6,6.0000,6.0000,6.0000,6.0000,-0.00000,0.00000,0.24652,0.24652
13.7600,AXIAL_p6,6.0000,6.0000,6.0000,6.0000,-0.00000,0.00000,0.24652,0.24652
13.7700,AXIAL_p6,6.0000,6.0000,6.0000,6.0000,-0.00000,0.00000,0.24652,0.24652
13.7800,AXIAL_p6,6.0000,6.0000,6.0000,6.0000,-0.00000,0.00000,0.24652,0.24652
13.7900,AXIAL_p6,6.0000,6.0000,6.0000,6.0000,-0.00000,0.00000,0.24652,0.24652
13.8000,AXIAL_p6,6.0000,6.0000,6.0000,6.0000,-0.00000,0.00000,0.24652,0.24652
13.8100,AXIAL_p6,6.0000,6.0000,6.0000,6.0000,-0.00000,0.00000,0.24652,0.24652
13.8200,AXIAL_p6,6.0000,6.0000,6.0000,6.0000,-0.00000,0.00000,0.24652,0.24652
13.8300,AXIAL_p6,6.0000,6.0000,6.0000,6.0000,-0.00000,0.00000,0.24652,0.24652
13.8400,AXIAL_p6,6.0000,6.0000,6.0000,6.0000,-0.00000,0.00000,0.24652,0.24652
13.8500,AXIAL_p6,6.0000,6.0000,6.0000,6.0000,-0.00000,0.00000,0.24652,0.24652
13.8600,AXIAL_p6,6.0000,6.0000,6.0000,6.0000,-0.00000,0.00000,0.24652,0.24652
13.8700,AXIAL_p6,6.0000,6.0000,6.0000,6.0000,-0.00000,0.00000,0.24652,0.24652
13.8800,AXIAL_p6,6.0000,6.0000,6.0000,6.0000,-0.00000,0.00000,0.24652,0.24652
13.8900,AXIAL_p6,6.0000,6.0000,6.0000,6.0000,-0.00000,0.00000,0.24652,0.24652
13.9000,AXIAL_p6,6.0000,6.0000,6.0000,6.0000,-0.00000,0.00000,0.24652,0.24652
13.9100,AXIAL_p6,6.0000,6.0000,6.0000,6.0000,-0.00000,0.00000,0.24652,0.24652
13.9200,AXIAL_p6,6.0000,6.0000,6.0000,6.0000,-0.00000,0.00000,0.24652,0.24652
13.9300,AXIAL_p6,6.0000,6.0000,6.0000,6.0000,-0.00000,0.00000,0.24652,0.24652
13.9400,AXIAL_p6,6.0000,6.0000,6.0000,6.0000,-0.00000,0.00000,0.24652,0.24652
13.9500,AXIAL_p6,6.0000,6.0000,6.0000,6.0000,-0.00000,0.00000,0.24652,0.24652
13.9600,AXIAL_p6,6.0000,6.0000,6.0000,6.0000,-0.00000,0.00000,0.24652,0.24652
13.9700,AXIAL_p6,6.0000,6.0000,6.0000,6.0000,-0.00000,0.00000,0.24652,0.24652
13.9800,AXIAL_p6,6.0000,6.0000,6.0000,6.0000,-0.00000,0.00000,0.24652,0.24652
13.9900,AXIAL_p6,6.0000,6.0000,6.0000,6.0000,-0.00000,0.00000,0.24652,0.24652
14.0000,AXIAL_p6,6.0000,6.0000,6.0000,6.0000,-0.00000,0.00000,0.24652,0.24652
14.0100,AXIAL_p6,6.0000,6.0000,6.0000,6.0000,-0.00000,0.00000,0.24652,0.24652
14.0200,AXIAL_p6,6.0000,6.0000,6.0000,6.0000,-0.00000,0.00000,0.24652,0.24652
14.0300,AXIAL_p6,6.0000,6.0000,6.0000,6.0000,-0.00000,0.00000,0.24652,0.24652
14.0400,AXIAL_p6,6.0000,6.0000,6.0000,6.0000,-0.00000,0.00000,0.24652,0.24652
14.0500,AXIAL_p6,6.0000,6.0000,6.0000,6.0000,-0.00000,0.00000,0.24652,0.24652
14.0600,AXIAL_p6,6.0000,6.0000,6.0000,6.0000,-0.00000,0.00000,0.24652,0.24652
14.0700,AXIAL_p6,6.0000,6.0000,6.0000,6.0000,-0.00000,0.00000,0.24652,0.24652
14.0800,AXIAL_p6,6.0000,6.0000,6.0000,6.0000,-0.00000,0.00000,0.24652,0.24652
14.0900,AXIAL_p6,6.0000,6.0000,6.0000,6.0000,-0.00000,0.00000,0.24652,0.24652
14.1000,AXIAL_p6,6.0000,6.0000,6.0000,6.0000,-0.00000,0.00000,0.24652,0.24652
14.1100,AXIAL_p6,6.0000,6.0000,6.0000,6.0000,-0.00000,0.00000,0.24652,0.24652
14.1200,AXIAL_p6,6.0000,6.0000,6.0000,6.0000,-0.00000,0.00000,0.24652,0.24652
14.1300,AXIAL_p6,6.0000,6.0000,6.0000,6.0000,-0.00000,0.00000,0.24652,0.24652
14.1400,AXIAL_p6,6.0000,6.0000,6.0000,6.0000,-0.00000,0.00000,0.24652,0.24652
14.1500,AXIAL_p6,6.0000,6.0000,6.0000,6.0000,-0.00000,0.00000,0.24652,0.24652
14.1600,AXIAL_p6,6.0000,6.0000,6.0000,6.0000,-0.00000,0.00000,0.24652,0.24652
14.1700,AXIAL_p6,6.0000,6.0000,6.0000,6.0000,-0.00000,0.00000,0.24652,0.24652
14.1800,AXIAL_p6,6.0000,6.0000,6.0000,6.0000,-0.00000,0.00000,0.24652,0.24652
14.1900,AXIAL_p6,6.0000,6.0000,6.0000,6.0000,-0.00000,0.00000,0.24652,0.24652
14.2000,AXIAL_p6,6.0000,6.0000,6.0000,6.0000,-0.00000,0.00000,0.24652,0.24652
14.2100,AXIAL_p6,6.0000,6.0000,6.0000,6.0000,-0.00000,0.00000,0.24652,0.24652
14.2200,AXIAL_p6,6.0000,6.0000,6.0000,6.0000,-0.00000,0.00000,0.24652,0.24652
14.2300,AXIAL_p6,6.0000,6.0000,6.0000,6.0000,-0.00000,0.00000,0.24652,0.24652
14.2400,AXIAL_p6,6.0000,6.0000,6.0000,6.0000,-0.00000,0.00000,0.24652,0.24652
14.2500,AXIAL_p6,6.0000,6.0000,6.0000,6.0000,-0.00000,0.00000,0.24652,0.24652
14.2600,AXIAL_p6,6.0000,6.0000,6.0000,6.0000,-0.00000,0.00000,0.24652,0.24652
14.2700,AXIAL_p6,6.0000,6.0000,6.0000,6.0000,-0.00000,0.00000,0.24652,0.24652
14.2800,AXIAL_p6,6.0000,6.0000,6.0000,6.0000,-0.00000,0.00000,0.24652,0.24652
14.2900,AXIAL_p6,6.0000,6.0000,6.0000,6.0000,-0.00000,0.00000,0.24652,0.24652
14.3000,AXIAL_p6,6.0000,6.0000,6.0000,6.0000,-0.00000,0.00000,0.24652,0.24652
14.3100,AXIAL_p6,6.0000,6.0000,6.0000,6.0000,-0.00000,0.00000,0.24652,0.24652
14.3200,AXIAL_p6,6.0000,6.0000,6.0000,6.0000,-0.00000,0.00000,0.24652,0.24652
14.3300,AXIAL_p6,6.0000,6.0000,6.0000,6.0000,-0.00000,0.00000,0.24652,0.24652
14.3400,AXIAL_p6,6.0000,6.0000,6.0000,6.0000,-0.00000,0.00000,0.24652,0.24652
14.3500,AXIAL_p6,6.0000,6.0000,6.0000,6.0000,-0.00000,0.00000,0.24652,0.24652
14.3600,AXIAL_p6,6.0000,6.0000,6.0000,6.0000,-0.00000,0.00000,0.24652,0.24652
14.3700,AXIAL_p6,6.0000,6.0000,6.0000,6.0000,-0.00000,0.00000,0.24652,0.24652
14.3800,AXIAL_p6,6.0000,6.0000,6.0000,6.0000,-0.00000,0.00000,0.24652,0.24652
14.3900,AXIAL_p6,6.0000,6.0000,6.0000,6.0000,-0.00000,0.00000,0.24652,0.24652
14.4000,AXIAL_p6,6.0000,6.0000,6.0000,6.0000,-0.00000,0.00000,0.24652,0.24652
14.4100,AXIAL_p6,6.0000,6.0000,6.0000,6.0000,-0.00000,0.00000,0.24652,0.24652
14.4200,AXIAL_p6,6.0000,6.0000,6.0000,6.0000,-0.00000,0.00000,0.24652,0.24652
14.4300,AXIAL_p6,6.0000,6.0000,6.0000,6.0000,-0.00000,0.00000,0.24652,0.24652
14.4400,AXIAL_p6,6.0000,6.0000,6.0000,6.0000,-0.00000,0.00000,0.24652,0.24652
14.4500,AXIAL_p6,6.0000,6.0000,6.0000,6.0000,-0.00000,0.00000,0.24652,0.24652
14.4600,AXIAL_p6,6.0000,6.0000,6.0000,6.0000,-0.00000,0.00000,0.24652,0.24652
14.4700,AXIAL_p6,6.0000,6.0000,6.0000,6.0000,-0.00000,0.00000,0.24652,0.24652
14.4800,AXIAL_p6,6.0000,6.0000,6.0000,6.0000,-0.00000,0.00000,0.24652,0.24652
14.4900,AXIAL_p6,6.0000,6.0000,6.0000,6.0000,-0.00000,0.00000,0.24652,0.24652
14.5000,AXIAL_p6,6.0000,6.0000,6.0000,6.0000,-0.00000,0.00000,0.24652,0.24652
14.5100,AXIAL_p6,6.0000,6.0000,6.0000,6.0000,-0.00000,0.00000,0.24652,0.24652
14.5200,AXIAL_p6,6.0000,6.0000,6.0000,6.0000,-0.00000,0.00000,0.24652,0.24652
14.5300,AXIAL_p6,6.0000,6.0000,6.0000,6.0000,-0.00000,0.00000,0.24652,0.24652
14.5400,AXIAL_p6,6.0000,6.0000,6.0000,6.0000,-0.00000,0.00000,0.24652,0.24652
14.5500,AXIAL_p6,6.0000,6.0000,6.0000,6.0000,-0.00000,0.00000,0.24652,0.24652
14.5600,AXIAL_p6,6.0000,6.0000,6.0000,6.0000,-0.00000,0.00000,0.24652,0.24652
14.5700,AXIAL_p6,6.0000,6.0000,6.0000,6.0000,-0.00000,0.00000,0.24652,0.24652
14.5800,AXIAL_p6,6.0000,6.0000,6.0000,6.0000,-0.00000,0.00000,0.24652,0.24652
14.5900,AXIAL_p6,6.0000,6.0000,6.0000,6.0000,-0.00000,0.00000,0.24652,0.24652
14.6000,AXIAL_p6,6.0000,6.0000,6.0000,6.0000,-0.00000,0.00000,0.24652,0.24652
14.6100,AXIAL_p6,6.0000,6.0000,6.0000,6.0000,-0.00000,0.00000,0.24652,0.24652
14.6200,AXIAL_p6,6.0000,6.0000,6.0000,6.0000,-0.00000,0.00000,0.24652,0.24652
14.6300,AXIAL_p6,6.0000,6.0000,6.0000,6.0000,-0.00000,0.00000,0.24652,0.24652
14.6400,AXIAL_p6,6.0000,6.0000,6.0000,6.0000,-0.00000,0.00000,0.24652,0.24652
14.6500,AXIAL_p6,6.0000,6.0000,6.0000,6.0000,-0.00000,0.00000,0.24652,0.24652
14.6600,AXIAL_p6,6.0000,6.0000,6.0000,6.0000,-0.00000,0.00000,0.24652,0.24652
14.6700,AXIAL_p6,6.0000,6.0000,6.0000,6.0000,-0.00000,0.00000,0.24652,0.24652
14.6800,AXIAL_p6,6.0000,6.0000,6.0000,6.0000,-0.00000,0.00000,0.24652,0.24652
14.6900,AXIAL_p6,6.0000,6.0000,6.0000,6.0000,-0.00000,0.00000,0.24652,0.24652
14.7000,AXIAL_p6,6.0000,6.0000,6.0000,6.0000,-0.00000,0.00000,0.24652,0.24652
14.7100,AXIAL_p6,6.0000,6.0000,6.0000,6.0000,-0.00000,0.00000,0.24652,0.24652
14.7200,AXIAL_p6,6.0000,6.0000,6.0000,6.0000,-0.00000,0.00000,0.24652,0.24652
14.7300,AXIAL_p6,6.0000,6.0000,6.0000,6.0000,-0.00000,0.00000,0.24652,0.24652
14.7400,AXIAL_p6,6.0000,6.0000,6.0000,6.0000,-0.00000,0.00000,0.24652,0.24652
14.7500,AXIAL_p6,6.0000,6.0000,6.0000,6.0000,-0.00000,0.00000,0.24652,0.24652
14.7600,AXIAL_p6,6.0000,6.0000,6.0000,6.0000,-0.00000,0.00000,0.24652,0.24652
14.7700,AXIAL_p6,6.0000,6.0000,6.0000,6.0000,-0.00000,0.00000,0.24652,0.24652
14.7800,AXIAL_p6,6.0000,6.0000,6.0000,6.0000,-0.00000,0.00000,0.24652,0.24652
14.7900,AXIAL_p6,6.0000,6.0000,6.0000,6.0000,-0.00000,0.00000,0.24652,0.24652
14.8000,AXIAL_p6,6.0000,6.0000,6.0000,6.0000,-0.00000,0.00000,0.24652,0.24652
14.8100,AXIAL_p6,6.0000,6.0000,6.0000,6.0000,-0.00000,0.00000,0.24652,0.24652
14.8200,AXIAL_p6,6.0000,6.0000,6.0000,6.0000,-0.00000,0.00000,0.24652,0.24652
14.8300,AXIAL_p6,6.0000,6.0000,6.0000,6.0000,-0.00000,0.00000,0.24652,0.24652
14.8400,AXIAL_p6,6.0000,6.0000,6.0000,6.0000,-0.00000,0.00000,0.24652,0.24652
14.8500,AXIAL_p6,6.0000,6.0000,6.0000,6.0000,-0.00000,0.00000,0.24652,0.24652
14.8600,AXIAL_p6,6.0000,6.0000,6.0000,6.0000,-0.00000,0.00000,0.24652,0.24652
14.8700,AXIAL_p6,6.0000,6.0000,6.0000,6.0000,-0.00000,0.00000,0.24652,0.24652
14.8800,AXIAL_p6,6.0000,6.0000,6.0000,6.0000,-0.00000,0.00000,0.24652,0.24652
14.8900,AXIAL_p6,6.0000,6.0000,6.0000,6.0000,-0.00000,0.00000,0.24652,0.24652
14.9000,AXIAL_p6,6.0000,6.0000,6.0000,6.0000,-0.00000,0.00000,0.24652,0.24652
14.9100,AXIAL_p6,6.0000,6.0000,6.0000,6.0000,-0.00000,0.00000,0.24652,0.24652
14.9200,AXIAL_p6,6.0000,6.0000,6.0000,6.0000,-0.00000,0.00000,0.24652,0.24652
14.9300,AXIAL_p6,6.0000,6.0000,6.0000,6.0000,-0.00000,0.00000,0.24652,0.24652
14.9400,AXIAL_p6,6.0000,6.0000,6.0000,6.0000,-0.00000,0.00000,0.24652,0.24652
14.9500,AXIAL_p6,6.0000,6.0000,6.0000,6.0000,-0.00000,0.00000,0.24652,0.24652
14.9600,AXIAL_p6,6.0000,6.0000,6.0000,6.0000,-0.00000,0.00000,0.24652,0.24652
14.9700,AXIAL_p6,6.0000,6.0000,6.0000,6.0000,-0.00000,0.00000,0.24652,0.24652
14.9800,AXIAL_p6,6.0000,6.0000,6.0000,6.0000,-0.00000,0.00000,0.24652,0.24652
14.9900,AXIAL_p6,6.0000,6.0000,6.0000,6.0000,-0.00000,0.00000,0.24652,0.24652
15.0000,AXIAL_p6,6.0000,6.0000,6.0000,6.0000,-0.00000,0.00000,0.24652,0.24652
15.0100,AXIAL_p3,3.0000,3.0000,3.0000,3.0000,-0.00000,0.00000,0.24652,0.24652
15.0200,AXIAL_p3,3.0000,3.0000,3.0000,3.0000,-0.00000,0.00000,0.24653,0.24653
15.0300,AXIAL_p3,3.0000,3.0000,3.0000,3.0000,-0.00000,0.00000,0.24656,0.24656
15.0400,AXIAL_p3,3.0000,3.0000,3.0000,3.0000,-0.00000,0.00000,0.24661,0.24661
15.0500,AXIAL_p3,3.0000,3.0000,3.0000,3.0000,-0.00000,0.00000,0.24668,0.24668
15.0600,AXIAL_p3,3.0000,3.0000,3.0000,3.0000,-0.00000,0.00000,0.24677,0.24677
15.0700,AXIAL_p3,3.0000,3.0000,3.0000,3.0000,-0.00000,0.00000,0.24687,0.24687
15.0800,AXIAL_p3,3.0000,3.0000,3.0000,3.0000,-0.00000,0.00000,0.24698,0.24698
15.0900,AXIAL_p3,3.0000,3.0000,3.0000,3.0000,-0.00000,0.00000,0.24710,0.24710
15.1000,AXIAL_p3,3.0000,3.0000,3.0000,3.0000,-0.00000,0.00000,0.24722,0.24722
15.1100,AXIAL_p3,3.0000,3.0000,3.0000,3.0000,-0.00000,0.00000,0.24734,0.24734
15.1200,AXIAL_p3,3.0000,3.0000,3.0000,3.0000,-0.00000,0.00000,0.24746,0.24746
15.1300,AXIAL_p3,3.0000,3.0000,3.0000,3.0000,-0.00000,0.00000,0.24758,0.24758
15.1400,AXIAL_p3,3.0000,3.0000,3.0000,3.0000,-0.00000,0.00000,0.24768,0.24768
15.1500,AXIAL_p3,3.0000,3.0000,3.0000,3.0000,-0.00000,0.00000,0.24778,0.24778
15.1600,AXIAL_p3,3.0000,3.0000,3.0000,3.0000,-0.00000,0.00000,0.24787,0.24787
15.1700,AXIAL_p3,3.0000,3.0000,3.0000,3.0000,-0.00000,0.00000,0.24795,0.24795
15.1800,AXIAL_p3,3.0000,3.0000,3.0000,3.0000,-0.00000,0.00000,0.24802,0.24802
15.1900,AXIAL_p3,3.0000,3.0000,3.0000,3.0000,-0.00000,0.00000,0.24808,0.24808
15.2000,AXIAL_p3,3.0000,3.0000,3.0000,3.0000,-0.00000,0.00000,0.24813,0.24813
15.2100,AXIAL_p3,3.0000,3.0000,3.0000,3.0000,-0.00000,0.00000,0.24818,0.24818
15.2200,AXIAL_p3,3.0000,3.0000,3.0000,3.0000,-0.00000,0.00000,0.24822,0.24822
15.2300,AXIAL_p3,3.0000,3.0000,3.0000,3.0000,-0.00000,0.00000,0.24825,0.24825
15.2400,AXIAL_p3,3.0000,3.0000,3.0000,3.0000,-0.00000,0.00000,0.24828,0.24828
15.2500,AXIAL_p3,3.0000,3.0000,3.0000,3.0000,-0.00000,0.00000,0.24830,0.24830
15.2600,AXIAL_p3,3.0000,3.0000,3.0000,3.0000,-0.00000,0.00000,0.24833,0.24833
15.2700,AXIAL_p3,3.0000,3.0000,3.0000,3.0000,-0.00000,0.00000,0.24835,0.24835
15.2800,AXIAL_p3,3.0000,3.0000,3.0000,3.0000,-0.00000,0.00000,0.24836,0.24836
15.2900,AXIAL_p3,3.0000,3.0000,3.0000,3.0000,-0.00000,0.00000,0.24838,0.24838
15.3000,AXIAL_p3,3.0000,3.0000,3.0000,3.0000,-0.00000,0.00000,0.24840,0.24840
15.3100,AXIAL_p3,3.0000,3.0000,3.0000,3.0000,-0.00000,0.00000,0.24841,0.24841
15.3200,AXIAL_p3,3.0000,3.0000,3.0000,3.0000,-0.00000,0.00000,0.24842,0.24842
15.3300,AXIAL_p3,3.0000,3.0000,3.0000,3.0000,-0.00000,0.00000,0.24844,0.24844
15.3400,AXIAL_p3,3.0000,3.0000,3.0000,3.0000,-0.00000,0.00000,0.24845,0.24845
15.3500,AXIAL_p3,3.0000,3.0000,3.0000,3.0000,-0.00000,0.00000,0.24846,0.24846
15.3600,AXIAL_p3,3.0000,3.0000,3.0000,3.0000,-0.00000,0.00000,0.24847,0.24847
15.3700,AXIAL_p3,3.0000,3.0000,3.0000,3.0000,-0.00000,0.00000,0.24849,0.24849
15.3800,AXIAL_p3,3.0000,3.0000,3.0000,3.0000,-0.00000,0.00000,0.24850,0.24850
15.3900,AXIAL_p3,3.0000,3.0000,3.0000,3.0000,-0.00000,0.00000,0.24851,0.24851
15.4000,AXIAL_p3,3.0000,3.0000,3.0000,3.0000,-0.00000,0.00000,0.24852,0.24852
15.4100,AXIAL_p3,3.0000,3.0000,3.0000,3.0000,-0.00000,0.00000,0.24852,0.24852
15.4200,AXIAL_p3,3.0000,3.0000,3.0000,3.0000,-0.00000,0.00000,0.24853,0.24853
15.4300,AXIAL_p3,3.0000,3.0000,3.0000,3.0000,-0.00000,0.00000,0.24854,0.24854
15.4400,AXIAL_p3,3.0000,3.0000,3.0000,3.0000,-0.00000,0.00000,0.24855,0.24855
15.4500,AXIAL_p3,3.0000,3.0000,3.0000,3.0000,-0.00000,0.00000,0.24855,0.24855
15.4600,AXIAL_p3,3.0000,3.0000,3.0000,3.0000,-0.00000,0.00000,0.24856,0.24856
15.4700,AXIAL_p3,3.0000,3.0000,3.0000,3.0000,-0.00000,0.00000,0.24856,0.24856
15.4800,AXIAL_p3,3.0000,3.0000,3.0000,3.0000,-0.00000,0.00000,0.24857,0.24857
15.4900,AXIAL_p3,3.0000,3.0000,3.0000,3.0000,-0.00000,0.00000,0.24857,0.24857
15.5000,AXIAL_p3,3.0000,3.0000,3.0000,3.0000,-0.00000,0.00000,0.24857,0.24857
15.5100,AXIAL_p3,3.0000,3.0000,3.0000,3.0000,-0.00000,0.00000,0.24858,0.24858
15.5200,AXIAL_p3,3.0000,3.0000,3.0000,3.0000,-0.00000,0.00000,0.24858,0.24858
15.5300,AXIAL_p3,3.0000,3.0000,3.0000,3.0000,-0.00000,0.00000,0.24858,0.24858
15.5400,AXIAL_p3,3.0000,3.0000,3.0000,3.0000,-0.00000,0.00000,0.24859,0.24859
15.5500,AXIAL_p3,3.0000,3.0000,3.0000,3.0000,-0.00000,0.00000,0.24859,0.24859
15.5600,AXIAL_p3,3.0000,3.0000,3.0000,3.0000,-0.00000,0.00000,0.24859,0.24859
15.5700,AXIAL_p3,3.0000,3.0000,3.0000,3.0000,-0.00000,0.00000,0.24859,0.24859
15.5800,AXIAL_p3,3.0000,3.0000,3.0000,3.0000,-0.00000,0.00000,0.24859,0.24859
15.5900,AXIAL_p3,3.0000,3.0000,3.0000,3.0000,-0.00000,0.00000,0.24860,0.24860
15.6000,AXIAL_p3,3.0000,3.0000,3.0000,3.0000,-0.00000,0.00000,0.24860,0.24860
15.6100,AXIAL_p3,3.0000,3.0000,3.0000,3.0000,-0.00000,0.00000,0.24860,0.24860
15.6200,AXIAL_p3,3.0000,3.0000,3.0000,3.0000,-0.00000,0.00000,0.24860,0.24860
15.6300,AXIAL_p3,3.0000,3.0000,3.0000,3.0000,-0.00000,0.00000,0.24860,0.24860
15.6400,AXIAL_p3,3.0000,3.0000,3.0000,3.0000,-0.00000,0.00000,0.24860,0.24860
15.6500,AXIAL_p3,3.0000,3.0000,3.0000,3.0000,-0.00000,0.00000,0.24860,0.24860
15.6600,AXIAL_p3,3.0000,3.0000,3.0000,3.0000,-0.00000,0.00000,0.24860,0.24860
15.6700,AXIAL_p3,3.0000,3.0000,3.0000,3.0000,-0.00000,0.00000,0.24860,0.24860
15.6800,AXIAL_p3,3.0000,3.0000,3.0000,3.0000,-0.00000,0.00000,0.24861,0.24861
15.6900,AXIAL_p3,3.0000,3.0000,3.0000,3.0000,-0.00000,0.00000,0.24861,0.24861
15.7000,AXIAL_p3,3.0000,3.0000,3.0000,3.0000,-0.00000,0.00000,0.24861,0.24861
15.7100,AXIAL_p3,3.0000,3.0000,3.0000,3.0000,-0.00000,0.00000,0.24861,0.24861
15.7200,AXIAL_p3,3.0000,3.0000,3.0000,3.0000,-0.00000,0.00000,0.24861,0.24861
15.7300,AXIAL_p3,3.0000,3.0000,3.0000,3.0000,-0.00000,0.00000,0.24861,0.24861
15.7400,AXIAL_p3,3.0000,3.0000,3.0000,3.0000,-0.00000,0.00000,0.24861,0.24861
15.7500,AXIAL_p3,3.0000,3.0000,3.0000,3.0000,-0.00000,0.00000,0.24861,0.24861
15.7600,AXIAL_p3,3.0000,3.0000,3.0000,3.0000,-0.00000,0.00000,0.24861,0.24861
15.7700,AXIAL_p3,3.0000,3.0000,3.0000,3.0000,-0.00000,0.00000,0.24861,0.24861
15.7800,AXIAL_p3,3.0000,3.0000,3.0000,3.0000,-0.00000,0.00000,0.24861,0.24861
15.7900,AXIAL_p3,3.0000,3.0000,3.0000,3.0000,-0.00000,0.00000,0.24861,0.24861
15.8000,AXIAL_p3,3.0000,3.0000,3.0000,3.0000,-0.00000,0.00000,0.24861,0.24861
15.8100,AXIAL_p3,3.0000,3.0000,3.0000,3.0000,-0.00000,0.00000,0.24861,0.24861
15.8200,AXIAL_p3,3.0000,3.0000,3.0000,3.0000,-0.00000,0.00000,0.24861,0.24861
15.8300,AXIAL_p3,3.0000,3.0000,3.0000,3.0000,-0.00000,0.00000,0.24861,0.24861
15.8400,AXIAL_p3,3.0000,3.0000,3.0000,3.0000,-0.00000,0.00000,0.24861,0.24861
15.8500,AXIAL_p3,3.0000,3.0000,3.0000,3.0000,-0.00000,0.00000,0.24861,0.24861
15.8600,AXIAL_p3,3.0000,3.0000,3.0000,3.0000,-0.00000,0.00000,0.24861,0.24861
15.8700,AXIAL_p3,3.0000,3.0000,3.0000,3.0000,-0.00000,0.00000,0.24861,0.24861
15.8800,AXIAL_p3,3.0000,3.0000,3.0000,3.0000,-0.00000,0.00000,0.24861,0.24861
15.8900,AXIAL_p3,3.0000,3.0000,3.0000,3.0000,-0.00000,0.00000,0.24861,0.24861
15.9000,AXIAL_p3,3.0000,3.0000,3.0000,3.0000,-0.00000,0.00000,0.24861,0.24861
15.9100,AXIAL_p3,3.0000,3.0000,3.0000,3.0000,-0.00000,0.00000,0.24861,0.24861
15.9200,AXIAL_p3,3.0000,3.0000,3.0000,3.0000,-0.00000,0.00000,0.24861,0.24861
15.9300,AXIAL_p3,3.0000,3.0000,3.0000,3.0000,-0.00000,0.00000,0.24861,0.24861
15.9400,AXIAL_p3,3.0000,3.0000,3.0000,3.0000,-0.00000,0.00000,0.24861,0.24861
15.9500,AXIAL_p3,3.0000,3.0000,3.0000,3.0000,-0.00000,0.00000,0.24861,0.24861
15.9600,AXIAL_p3,3.0000,3.0000,3.0000,3.0000,-0.00000,0.00000,0.24861,0.24861
15.9700,AXIAL_p3,3.0000,3.0000,3.0000,3.0000,-0.00000,0.00000,0.24861,0.24861
15.9800,AXIAL_p3,3.0000,3.0000,3.0000,3.0000,-0.00000,0.00000,0.24861,0.24861
15.9900,AXIAL_p3,3.0000,3.0000,3.0000,3.0000,-0.00000,0.00000,0.24861,0.24861
16.0000,AXIAL_p3,3.0000,3.0000,3.0000,3.0000,-0.00000,0.00000,0.24861,0.24861
16.0100,AXIAL_p3,3.0000,3.0000,3.0000,3.0000,-0.00000,0.00000,0.24861,0.24861
16.0200,AXIAL_p3,3.0000,3.0000,3.0000,3.0000,-0.00000,0.00000,0.24861,0.24861
16.0300,AXIAL_p3,3.0000,3.0000,3.0000,3.0000,-0.00000,0.00000,0.24861,0.24861
16.0400,AXIAL_p3,3.0000,3.0000,3.0000,3.0000,-0.00000,0.00000,0.24861,0.24861
16.0500,AXIAL_p3,3.0000,3.0000,3.0000,3.0000,-0.00000,0.00000,0.24861,0.24861
16.0600,AXIAL_p3,3.0000,3.0000,3.0000,3.0000,-0.00000,0.00000,0.24861,0.24861
16.0700,AXIAL_p3,3.0000,3.0000,3.0000,3.0000,-0.00000,0.00000,0.24861,0.24861
16.0800,AXIAL_p3,3.0000,3.0000,3.0000,3.0000,-0.00000,0.00000,0.24861,0.24861
16.0900,AXIAL_p3,3.0000,3.0000,3.0000,3.0000,-0.00000,0.00000,0.24861,0.24861
16.1000,AXIAL_p3,3.0000,3.0000,3.0000,3.0000,-0.00000,0.00000,0.24861,0.24861
16.1100,AXIAL_p3,3.0000,3.0000,3.0000,3.0000,-0.00000,0.00000,0.24861,0.24861
16.1200,AXIAL_p3,3.0000,3.0000,3.0000,3.0000,-0.00000,0.00000,0.24861,0.24861
16.1300,AXIAL_p3,3.0000,3.0000,3.0000,3.0000,-0.00000,0.00000,0.24861,0.24861
16.1400,AXIAL_p3,3.0000,3.0000,3.0000,3.0000,-0.00000,0.00000,0.24861,0.24861
16.1500,AXIAL_p3,3.0000,3.0000,3.0000,3.0000,-0.00000,0.00000,0.24861,0.24861
16.1600,AXIAL_p3,3.0000,3.0000,3.0000,3.0000,-0.00000,0.00000,0.24861,0.24861
16.1700,AXIAL_p3,3.0000,3.0000,3.0000,3.0000,-0.00000,0.00000,0.24861,0.24861
16.1800,AXIAL_p3,3.0000,3.0000,3.0000,3.0000,-0.00000,0.00000,0.24861,0.24861
16.1900,AXIAL_p3,3.0000,3.0000,3.0000,3.0000,-0.00000,0.00000,0.24861,0.24861
16.2000,AXIAL_p3,3.0000,3.0000,3.0000,3.0000,-0.00000,0.00000,0.24861,0.24861
16.2100,AXIAL_p3,3.0000,3.0000,3.0000,3.0000,-0.00000,0.00000,0.24861,0.24861
16.2200,AXIAL_p3,3.0000,3.0000,3.0000,3.0000,-0.00000,0.00000,0.24861,0.24861
16.2300,AXIAL_p3,3.0000,3.0000,3.0000,3.0000,-0.00000,0.00000,0.24861,0.24861
16.2400,AXIAL_p3,3.0000,3.0000,3.0000,3.0000,-0.00000,0.00000,0.24861,0.24861
16.2500,AXIAL_p3,3.0000,3.0000,3.0000,3.0000,-0.00000,0.00000,0.24861,0.24861
16.2600,AXIAL_p3,3.0000,3.0000,3.0000,3.0000,-0.00000,0.00000,0.24861,0.24861
16.2700,AXIAL_p3,3.0000,3.0000,3.0000,3.0000,-0.00000,0.00000,0.24861,0.24861
16.2800,AXIAL_p3,3.0000,3.0000,3.0000,3.0000,-0.00000,0.00000,0.24861,0.24861
16.2900,AXIAL_p3,3.0000,3.0000,3.0000,3.0000,-0.00000,0.00000,0.24861,0.24861
16.3000,AXIAL_p3,3.0000,3.0000,3.0000,3.0000,-0.00000,0.00000,0.24861,0.24861
16.3100,AXIAL_p3,3.0000,3.0000,3.0000,3.0000,-0.00000,0.00000,0.24861,0.24861
16.3200,AXIAL_p3,3.0000,3.0000,3.0000,3.0000,-0.00000,0.00000,0.24861,0.24861
16.3300,AXIAL_p3,3.0000,3.0000,3.0000,3.0000,-0.00000,0.00000,0.24861,0.24861
16.3400,AXIAL_p3,3.0000,3.0000,3.0000,3.0000,-0.00000,0.00000,0.24861,0.24861
16.3500,AXIAL_p3,3.0000,3.0000,3.0000,3.0000,-0.00000,0.00000,0.24861,0.24861
16.3600,AXIAL_p3,3.0000,3.0000,3.0000,3.0000,-0.00000,0.00000,0.24861,0.24861
16.3700,AXIAL_p3,3.0000,3.0000,3.0000,3.0000,-0.00000,0.00000,0.24861,0.24861
16.3800,AXIAL_p3,3.0000,3.0000,3.0000,3.0000,-0.00000,0.00000,0.24861,0.24861
16.3900,AXIAL_p3,3.0000,3.0000,3.0000,3.0000,-0.00000,0.00000,0.24861,0.24861
16.4000,AXIAL_p3,3.0000,3.0000,3.0000,3.0000,-0.00000,0.00000,0.24861,0.24861
16.4100,AXIAL_p3,3.0000,3.0000,3.0000,3.0000,-0.00000,0.00000,0.24861,0.24861
16.4200,AXIAL_p3,3.0000,3.0000,3.0000,3.0000,-0.00000,0.00000,0.24861,0.24861
16.4300,AXIAL_p3,3.0000,3.0000,3.0000,3.0000,-0.00000,0.00000,0.24861,0.24861
16.4400,AXIAL_p3,3.0000,3.0000,3.0000,3.0000,-0.00000,0.00000,0.24861,0.24861
16.4500,AXIAL_p3,3.0000,3.0000,3.0000,3.0000,-0.00000,0.00000,0.24861,0.24861
16.4600,AXIAL_p3,3.0000,3.0000,3.0000,3.0000,-0.00000,0.00000,0.24861,0.24861
16.4700,AXIAL_p3,3.0000,3.0000,3.0000,3.0000,-0.00000,0.00000,0.24861,0.24861
16.4800,AXIAL_p3,3.0000,3.0000,3.0000,3.0000,-0.00000,0.00000,0.24861,0.24861
16.4900,AXIAL_p3,3.0000,3.0000,3.0000,3.0000,-0.00000,0.00000,0.24861,0.24861
16.5000,AXIAL_p3,3.0000,3.0000,3.0000,3.0000,-0.00000,0.00000,0.24861,0.24861
16.5100,AXIAL_p3,3.0000,3.0000,3.0000,3.0000,-0.00000,0.00000,0.24861,0.24861
16.5200,AXIAL_p3,3.0000,3.0000,3.0000,3.0000,-0.00000,0.00000,0.24861,0.24861
16.5300,AXIAL_p3,3.0000,3.0000,3.0000,3.0000,-0.00000,0.00000,0.24861,0.24861
16.5400,AXIAL_p3,3.0000,3.0000,3.0000,3.0000,-0.00000,0.00000,0.24861,0.24861
16.5500,AXIAL_p3,3.0000,3.0000,3.0000,3.0000,-0.00000,0.00000,0.24861,0.24861
16.5600,AXIAL_p3,3.0000,3.0000,3.0000,3.0000,-0.00000,0.00000,0.24861,0.24861
16.5700,AXIAL_p3,3.0000,3.0000,3.0000,3.0000,-0.00000,0.00000,0.24861,0.24861
16.5800,AXIAL_p3,3.0000,3.0000,3.0000,3.0000,-0.00000,0.00000,0.24861,0.24861
16.5900,AXIAL_p3,3.0000,3.0000,3.0000,3.0000,-0.00000,0.00000,0.24861,0.24861
16.6000,AXIAL_p3,3.0000,3.0000,3.0000,3.0000,-0.00000,0.00000,0.24861,0.24861
16.6100,AXIAL_p3,3.0000,3.0000,3.0000,3.0000,-0.00000,0.00000,0.24861,0.24861
16.6200,AXIAL_p3,3.0000,3.0000,3.0000,3.0000,-0.00000,0.00000,0.24861,0.24861
16.6300,AXIAL_p3,3.0000,3.0000,3.0000,3.0000,-0.00000,0.00000,0.24861,0.24861
16.6400,AXIAL_p3,3.0000,3.0000,3.0000,3.0000,-0.00000,0.00000,0.24861,0.24861
16.6500,AXIAL_p3,3.0000,3.0000,3.0000,3.0000,-0.00000,0.00000,0.24861,0.24861
16.6600,AXIAL_p3,3.0000,3.0000,3.0000,3.0000,-0.00000,0.00000,0.24861,0.24861
16.6700,AXIAL_p3,3.0000,3.0000,3.0000,3.0000,-0.00000,0.00000,0.24861,0.24861
16.6800,AXIAL_p3,3.0000,3.0000,3.0000,3.0000,-0.00000,0.00000,0.24861,0.24861
16.6900,AXIAL_p3,3.0000,3.0000,3.0000,3.0000,-0.00000,0.00000,0.24861,0.24861
16.7000,AXIAL_p3,3.0000,3.0000,3.0000,3.0000,-0.00000,0.00000,0.24861,0.24861
16.7100,AXIAL_p3,3.0000,3.0000,3.0000,3.0000,-0.00000,0.00000,0.24861,0.24861
16.7200,AXIAL_p3,3.0000,3.0000,3.0000,3.0000,-0.00000,0.00000,0.24861,0.24861
16.7300,AXIAL_p3,3.0000,3.0000,3.0000,3.0000,-0.00000,0.00000,0.24861,0.24861
16.7400,AXIAL_p3,3.0000,3.0000,3.0000,3.0000,-0.00000,0.00000,0.24861,0.24861
16.7500,AXIAL_p3,3.0000,3.0000,3.0000,3.0000,-0.00000,0.00000,0.24861,0.24861
16.7600,AXIAL_p3,3.0000,3.0000,3.0000,3.0000,-0.00000,0.00000,0.24861,0.24861
16.7700,AXIAL_p3,3.0000,3.0000,3.0000,3.0000,-0.00000,0.00000,0.24861,0.24861
16.7800,AXIAL_p3,3.0000,3.0000,3.0000,3.0000,-0.00000,0.00000,0.24861,0.24861
16.7900,AXIAL_p3,3.0000,3.0000,3.0000,3.0000,-0.00000,0.00000,0.24861,0.24861
16.8000,AXIAL_p3,3.0000,3.0000,3.0000,3.0000,-0.00000,0.00000,0.24861,0.24861
16.8100,AXIAL_p3,3.0000,3.0000,3.0000,3.0000,-0.00000,0.00000,0.24861,0.24861
16.8200,AXIAL_p3,3.0000,3.0000,3.0000,3.0000,-0.00000,0.00000,0.24861,0.24861
16.8300,AXIAL_p3,3.0000,3.0000,3.0000,3.0000,-0.00000,0.00000,0.24861,0.24861
16.8400,AXIAL_p3,3.0000,3.0000,3.0000,3.0000,-0.00000,0.00000,0.24861,0.24861
16.8500,AXIAL_p3,3.0000,3.0000,3.0000,3.0000,-0.00000,0.00000,0.24861,0.24861
16.8600,AXIAL_p3,3.0000,3.0000,3.0000,3.0000,-0.00000,0.00000,0.24861,0.24861
16.8700,AXIAL_p3,3.0000,3.0000,3.0000,3.0000,-0.00000,0.00000,0.24861,0.24861
16.8800,AXIAL_p3,3.0000,3.0000,3.0000,3.0000,-0.00000,0.00000,0.24861,0.24861
16.8900,AXIAL_p3,3.0000,3.0000,3.0000,3.0000,-0.00000,0.00000,0.24861,0.24861
16.9000,AXIAL_p3,3.0000,3.0000,3.0000,3.0000,-0.00000,0.00000,0.24861,0.24861
16.9100,AXIAL_p3,3.0000,3.0000,3.0000,3.0000,-0.00000,0.00000,0.24861,0.24861
16.9200,AXIAL_p3,3.0000,3.0000,3.0000,3.0000,-0.00000,0.00000,0.24861,0.24861
16.9300,AXIAL_p3,3.0000,3.0000,3.0000,3.0000,-0.00000,0.00000,0.24861,0.24861
16.9400,AXIAL_p3,3.0000,3.0000,3.0000,3.0000,-0.00000,0.00000,0.24861,0.24861
16.9500,AXIAL_p3,3.0000,3.0000,3.0000,3.0000,-0.00000,0.00000,0.24861,0.24861
16.9600,AXIAL_p3,3.0000,3.0000,3.0000,3.0000,-0.00000,0.00000,0.24861,0.24861
16.9700,AXIAL_p3,3.0000,3.0000,3.0000,3.0000,-0.00000,0.00000,0.24861,0.24861
16.9800,AXIAL_p3,3.0000,3.0000,3.0000,3.0000,-0.00000,0.00000,0.24861,0.24861
16.9900,AXIAL_p3,3.0000,3.0000,3.0000,3.0000,-0.00000,0.00000,0.24861,0.24861
17.0000,AXIAL_p3,3.0000,3.0000,3.0000,3.0000,-0.00000,0.00000,0.24861,0.24861
17.0100,AXIAL_p3,3.0000,3.0000,3.0000,3.0000,-0.00000,0.00000,0.24861,0.24861
17.0200,AXIAL_p3,3.0000,3.0000,3.0000,3.0000,-0.00000,0.00000,0.24861,0.24861
17.0300,AXIAL_p3,3.0000,3.0000,3.0000,3.0000,-0.00000,0.00000,0.24861,0.24861
17.0400,AXIAL_p3,3.0000,3.0000,3.0000,3.0000,-0.00000,0.00000,0.24861,0.24861
17.0500,AXIAL_p3,3.0000,3.0000,3.0000,3.0000,-0.00000,0.00000,0.24861,0.24861
17.0600,AXIAL_p3,3.0000,3.0000,3.0000,3.0000,-0.00000,0.00000,0.24861,0.24861
17.0700,AXIAL_p3,3.0000,3.0000,3.0000,3.0000,-0.00000,0.00000,0.24861,0.24861
17.0800,AXIAL_p3,3.0000,3.0000,3.0000,3.0000,-0.00000,0.00000,0.24861,0.24861
17.0900,AXIAL_p3,3.0000,3.0000,3.0000,3.0000,-0.00000,0.00000,0.24861,0.24861
17.1000,AXIAL_p3,3.0000,3.0000,3.0000,3.0000,-0.00000,0.00000,0.24861,0.24861
17.1100,AXIAL_p3,3.0000,3.0000,3.0000,3.0000,-0.00000,0.00000,0.24861,0.24861
17.1200,AXIAL_p3,3.0000,3.0000,3.0000,3.0000,-0.00000,0.00000,0.24861,0.24861
17.1300,AXIAL_p3,3.0000,3.0000,3.0000,3.0000,-0.00000,0.00000,0.24861,0.24861
17.1400,AXIAL_p3,3.0000,3.0000,3.0000,3.0000,-0.00000,0.00000,0.24861,0.24861
17.1500,AXIAL_p3,3.0000,3.0000,3.0000,3.0000,-0.00000,0.00000,0.24861,0.24861
17.1600,AXIAL_p3,3.0000,3.0000,3.0000,3.0000,-0.00000,0.00000,0.24861,0.24861
17.1700,AXIAL_p3,3.0000,3.0000,3.0000,3.0000,-0.00000,0.00000,0.24861,0.24861
17.1800,AXIAL_p3,3.0000,3.0000,3.0000,3.0000,-0.00000,0.00000,0.24861,0.24861
17.1900,AXIAL_p3,3.0000,3.0000,3.0000,3.0000,-0.00000,0.00000,0.24861,0.24861
17.2000,AXIAL_p3,3.0000,3.0000,3.0000,3.0000,-0.00000,0.00000,0.24861,0.24861
17.2100,AXIAL_p3,3.0000,3.0000,3.0000,3.0000,-0.00000,0.00000,0.24861,0.24861
17.2200,AXIAL_p3,3.0000,3.0000,3.0000,3.0000,-0.00000,0.00000,0.24861,0.24861
17.2300,AXIAL_p3,3.0000,3.0000,3.0000,3.0000,-0.00000,0.00000,0.24861,0.24861
17.2400,AXIAL_p3,3.0000,3.0000,3.0000,3.0000,-0.00000,0.00000,0.24861,0.24861
17.2500,AXIAL_p3,3.0000,3.0000,3.0000,3.0000,-0.00000,0.00000,0.24861,0.24861
17.2600,AXIAL_p3,3.0000,3.0000,3.0000,3.0000,-0.00000,0.00000,0.24861,0.24861
17.2700,AXIAL_p3,3.0000,3.0000,3.0000,3.0000,-0.00000,0.00000,0.24861,0.24861
17.2800,AXIAL_p3,3.0000,3.0000,3.0000,3.0000,-0.00000,0.00000,0.24861,0.24861
17.2900,AXIAL_p3,3.0000,3.0000,3.0000,3.0000,-0.00000,0.00000,0.24861,0.24861
17.3000,AXIAL_p3,3.0000,3.0000,3.0000,3.0000,-0.00000,0.00000,0.24861,0.24861
17.3100,AXIAL_p3,3.0000,3.0000,3.0000,3.0000,-0.00000,0.00000,0.24861,0.24861
17.3200,AXIAL_p3,3.0000,3.0000,3.0000,3.0000,-0.00000,0.00000,0.24861,0.24861
17.3300,AXIAL_p3,3.0000,3.0000,3.0000,3.0000,-0.00000,0.00000,0.24861,0.24861
17.3400,AXIAL_p3,3.0000,3.0000,3.0000,3.0000,-0.00000,0.00000,0.24861,0.24861
17.3500,AXIAL_p3,3.0000,3.0000,3.0000,3.0000,-0.00000,0.00000,0.24861,0.24861
17.3600,AXIAL_p3,3.0000,3.0000,3.0000,3.0000,-0.00000,0.00000,0.24861,0.24861
17.3700,AXIAL_p3,3.0000,3.0000,3.0000,3.0000,-0.00000,0.00000,0.24861,0.24861
17.3800,AXIAL_p3,3.0000,3.0000,3.0000,3.0000,-0.00000,0.00000,0.24861,0.24861
17.3900,AXIAL_p3,3.0000,3.0000,3.0000,3.0000,-0.00000,0.00000,0.24861,0.24861
17.4000,AXIAL_p3,3.0000,3.0000,3.0000,3.0000,-0.00000,0.00000,0.24861,0.24861
17.4100,AXIAL_p3,3.0000,3.0000,3.0000,3.0000,-0.00000,0.00000,0.24861,0.24861
17.4200,AXIAL_p3,3.0000,3.0000,3.0000,3.0000,-0.00000,0.00000,0.24861,0.24861
17.4300,AXIAL_p3,3.0000,3.0000,3.0000,3.0000,-0.00000,0.00000,0.24861,0.24861
17.4400,AXIAL_p3,3.0000,3.0000,3.0000,3.0000,-0.00000,0.00000,0.24861,0.24861
17.4500,AXIAL_p3,3.0000,3.0000,3.0000,3.0000,-0.00000,0.00000,0.24861,0.24861
17.4600,AXIAL_p3,3.0000,3.0000,3.0000,3.0000,-0.00000,0.00000,0.24861,0.24861
17.4700,AXIAL_p3,3.0000,3.0000,3.0000,3.0000,-0.00000,0.00000,0.24861,0.24861
17.4800,AXIAL_p3,3.0000,3.0000,3.0000,3.0000,-0.00000,0.00000,0.24861,0.24861
17.4900,AXIAL_p3,3.0000,3.0000,3.0000,3.0000,-0.00000,0.00000,0.24861,0.24861
17.5000,AXIAL_p3,3.0000,3.0000,3.0000,3.0000,-0.00000,0.00000,0.24861,0.24861
17.5100,AXIAL_p3,3.0000,3.0000,3.0000,3.0000,-0.00000,0.00000,0.24861,0.24861
17.5200,AXIAL_p3,3.0000,3.0000,3.0000,3.0000,-0.00000,0.00000,0.24861,0.24861
17.5300,AXIAL_p3,3.0000,3.0000,3.0000,3.0000,-0.00000,0.00000,0.24861,0.24861
17.5400,AXIAL_p3,3.0000,3.0000,3.0000,3.0000,-0.00000,0.00000,0.24861,0.24861
17.5500,AXIAL_p3,3.0000,3.0000,3.0000,3.0000,-0.00000,0.00000,0.24861,0.24861
17.5600,AXIAL_p3,3.0000,3.0000,3.0000,3.0000,-0.00000,0.00000,0.24861,0.24861
17.5700,AXIAL_p3,3.0000,3.0000,3.0000,3.0000,-0.00000,0.00000,0.24861,0.24861
17.5800,AXIAL_p3,3.0000,3.0000,3.0000,3.0000,-0.00000,0.00000,0.24861,0.24861
17.5900,AXIAL_p3,3.0000,3.0000,3.0000,3.0000,-0.00000,0.00000,0.24861,0.24861
17.6000,AXIAL_p3,3.0000,3.0000,3.0000,3.0000,-0.00000,0.00000,0.24861,0.24861
17.6100,AXIAL_p3,3.0000,3.0000,3.0000,3.0000,-0.00000,0.00000,0.24861,0.24861
17.6200,AXIAL_p3,3.0000,3.0000,3.0000,3.0000,-0.00000,0.00000,0.24861,0.24861
17.6300,AXIAL_p3,3.0000,3.0000,3.0000,3.0000,-0.00000,0.00000,0.24861,0.24861
17.6400,AXIAL_p3,3.0000,3.0000,3.0000,3.0000,-0.00000,0.00000,0.24861,0.24861
17.6500,AXIAL_p3,3.0000,3.0000,3.0000,3.0000,-0.00000,0.00000,0.24861,0.24861
17.6600,AXIAL_p3,3.0000,3.0000,3.0000,3.0000,-0.00000,0.00000,0.24861,0.24861
17.6700,AXIAL_p3,3.0000,3.0000,3.0000,3.0000,-0.00000,0.00000,0.24861,0.24861
17.6800,AXIAL_p3,3.0000,3.0000,3.0000,3.0000,-0.00000,0.00000,0.24861,0.24861
17.6900,AXIAL_p3,3.0000,3.0000,3.0000,3.0000,-0.00000,0.00000,0.24861,0.24861
17.7000,AXIAL_p3,3.0000,3.0000,3.0000,3.0000,-0.00000,0.00000,0.24861,0.24861
17.7100,AXIAL_p3,3.0000,3.0000,3.0000,3.0000,-0.00000,0.00000,0.24861,0.24861
17.7200,AXIAL_p3,3.0000,3.0000,3.0000,3.0000,-0.00000,0.00000,0.24861,0.24861
17.7300,AXIAL_p3,3.0000,3.0000,3.0000,3.0000,-0.00000,0.00000,0.24861,0.24861
17.7400,AXIAL_p3,3.0000,3.0000,3.0000,3.0000,-0.00000,0.00000,0.24861,0.24861
17.7500,AXIAL_p3,3.0000,3.0000,3.0000,3.0000,-0.00000,0.00000,0.24861,0.24861
17.7600,AXIAL_p3,3.0000,3.0000,3.0000,3.0000,-0.00000,0.00000,0.24861,0.24861
17.7700,AXIAL_p3,3.0000,3.0000,3.0000,3.0000,-0.00000,0.00000,0.24861,0.24861
17.7800,AXIAL_p3,3.0000,3.0000,3.0000,3.0000,-0.00000,0.00000,0.24861,0.24861
17.7900,AXIAL_p3,3.0000,3.0000,3.0000,3.0000,-0.00000,0.00000,0.24861,0.24861
17.8000,AXIAL_p3,3.0000,3.0000,3.0000,3.0000,-0.00000,0.00000,0.24861,0.24861
17.8100,AXIAL_p3,3.0000,3.0000,3.0000,3.0000,-0.00000,0.00000,0.24861,0.24861
17.8200,AXIAL_p3,3.0000,3.0000,3.0000,3.0000,-0.00000,0.00000,0.24861,0.24861
17.8300,AXIAL_p3,3.0000,3.0000,3.0000,3.0000,-0.00000,0.00000,0.24861,0.24861
17.8400,AXIAL_p3,3.0000,3.0000,3.0000,3.0000,-0.00000,0.00000,0.24861,0.24861
17.8500,AXIAL_p3,3.0000,3.0000,3.0000,3.0000,-0.00000,0.00000,0.24861,0.24861
17.8600,AXIAL_p3,3.0000,3.0000,3.0000,3.0000,-0.00000,0.00000,0.24861,0.24861
17.8700,AXIAL_p3,3.0000,3.0000,3.0000,3.0000,-0.00000,0.00000,0.24861,0.24861
17.8800,AXIAL_p3,3.0000,3.0000,3.0000,3.0000,-0.00000,0.00000,0.24861,0.24861
17.8900,AXIAL_p3,3.0000,3.0000,3.0000,3.0000,-0.00000,0.00000,0.24861,0.24861
17.9000,AXIAL_p3,3.0000,3.0000,3.0000,3.0000,-0.00000,0.00000,0.24861,0.24861
17.9100,AXIAL_p3,3.0000,3.0000,3.0000,3.0000,-0.00000,0.00000,0.24861,0.24861
17.9200,AXIAL_p3,3.0000,3.0000,3.0000,3.0000,-0.00000,0.00000,0.24861,0.24861
17.9300,AXIAL_p3,3.0000,3.0000,3.0000,3.0000,-0.00000,0.00000,0.24861,0.24861
17.9400,AXIAL_p3,3.0000,3.0000,3.0000,3.0000,-0.00000,0.00000,0.24861,0.24861
17.9500,AXIAL_p3,3.0000,3.0000,3.0000,3.0000,-0.00000,0.00000,0.24861,0.24861
17.9600,AXIAL_p3,3.0000,3.0000,3.0000,3.0000,-0.00000,0.00000,0.24861,0.24861
17.9700,AXIAL_p3,3.0000,3.0000,3.0000,3.0000,-0.00000,0.00000,0.24861,0.24861
17.9800,AXIAL_p3,3.0000,3.0000,3.0000,3.0000,-0.00000,0.00000,0.24861,0.24861
17.9900,AXIAL_p3,3.0000,3.0000,3.0000,3.0000,-0.00000,0.00000,0.24861,0.24861
18.0000,AXIAL_p3,3.0000,3.0000,3.0000,3.0000,-0.00000,0.00000,0.24861,0.24861
18.0100,AXIAL_p0,0.0000,0.0000,0.0000,0.0000,-0.00000,0.00000,0.24862,0.24862
18.0200,AXIAL_p0,0.0000,0.0000,0.0000,0.0000,-0.00000,0.00000,0.24863,0.24863
18.0300,AXIAL_p0,0.0000,0.0000,0.0000,0.0000,-0.00000,0.00000,0.24866,0.24866
18.0400,AXIAL_p0,0.0000,0.0000,0.0000,0.0000,-0.00000,0.00000,0.24871,0.24871
18.0500,AXIAL_p0,0.0000,0.0000,0.0000,0.0000,-0.00000,0.00000,0.24878,0.24878
18.0600,AXIAL_p0,0.0000,0.0000,0.0000,0.0000,-0.00000,0.00000,0.24886,0.24886
18.0700,AXIAL_p0,0.0000,0.0000,0.0000,0.0000,-0.00000,0.00000,0.24896,0.24896
18.0800,AXIAL_p0,0.0000,0.0000,0.0000,0.0000,-0.00000,0.00000,0.24908,0.24908
18.0900,AXIAL_p0,0.0000,0.0000,0.0000,0.0000,-0.00000,0.00000,0.24920,0.24920
18.1000,AXIAL_p0,0.0000,0.0000,0.0000,0.0000,-0.00000,0.00000,0.24932,0.24932
18.1100,AXIAL_p0,0.0000,0.0000,0.0000,0.0000,-0.00000,0.00000,0.24944,0.24944
18.1200,AXIAL_p0,0.0000,0.0000,0.0000,0.0000,-0.00000,0.00000,0.24956,0.24956
18.1300,AXIAL_p0,0.0000,0.0000,0.0000,0.0000,-0.00000,0.00000,0.24967,0.24967
18.1400,AXIAL_p0,0.0000,0.0000,0.0000,0.0000,-0.00000,0.00000,0.24978,0.24978
18.1500,AXIAL_p0,0.0000,0.0000,0.0000,0.0000,-0.00000,0.00000,0.24988,0.24988
18.1600,AXIAL_p0,0.0000,0.0000,0.0000,0.0000,-0.00000,0.00000,0.24997,0.24997
18.1700,AXIAL_p0,0.0000,0.0000,0.0000,0.0000,-0.00000,0.00000,0.25005,0.25005
18.1800,AXIAL_p0,0.0000,0.0000,0.0000,0.0000,-0.00000,0.00000,0.25012,0.25012
18.1900,AXIAL_p0,0.0000,0.0000,0.0000,0.0000,-0.00000,0.00000,0.25018,0.25018
18.2000,AXIAL_p0,0.0000,0.0000,0.0000,0.0000,-0.00000,0.00000,0.25023,0.25023
18.2100,AXIAL_p0,0.0000,0.0000,0.0000,0.0000,-0.00000,0.00000,0.25027,0.25027
18.2200,AXIAL_p0,0.0000,0.0000,0.0000,0.0000,-0.00000,0.00000,0.25031,0.25031
18.2300,AXIAL_p0,0.0000,0.0000,0.0000,0.0000,-0.00000,0.00000,0.25035,0.25035
18.2400,AXIAL_p0,0.0000,0.0000,0.0000,0.0000,-0.00000,0.00000,0.25038,0.25038
18.2500,AXIAL_p0,0.0000,0.0000,0.0000,0.0000,-0.00000,0.00000,0.25040,0.25040
18.2600,AXIAL_p0,0.0000,0.0000,0.0000,0.0000,-0.00000,0.00000,0.25042,0.25042
18.2700,AXIAL_p0,0.0000,0.0000,0.0000,0.0000,-0.00000,0.00000,0.25044,0.25044
18.2800,AXIAL_p0,0.0000,0.0000,0.0000,0.0000,-0.00000,0.00000,0.25046,0.25046
18.2900,AXIAL_p0,0.0000,0.0000,0.0000,0.0000,-0.00000,0.00000,0.25048,0.25048
18.3000,AXIAL_p0,0.0000,0.0000,0.0000,0.0000,-0.00000,0.00000,0.25049,0.25049
18.3100,AXIAL_p0,0.0000,0.0000,0.0000,0.0000,-0.00000,0.00000,0.25051,0.25051
18.3200,AXIAL_p0,0.0000,0.0000,0.0000,0.0000,-0.00000,0.00000,0.25052,0.25052
18.3300,AXIAL_p0,0.0000,0.0000,0.0000,0.0000,-0.00000,0.00000,0.25054,0.25054
18.3400,AXIAL_p0,0.0000,0.0000,0.0000,0.0000,-0.00000,0.00000,0.25055,0.25055
18.3500,AXIAL_p0,0.0000,0.0000,0.0000,0.0000,-0.00000,0.00000,0.25056,0.25056
18.3600,AXIAL_p0,0.0000,0.0000,0.0000,0.0000,-0.00000,0.00000,0.25057,0.25057
18.3700,AXIAL_p0,0.0000,0.0000,0.0000,0.0000,-0.00000,0.00000,0.25058,0.25058
18.3800,AXIAL_p0,0.0000,0.0000,0.0000,0.0000,-0.00000,0.00000,0.25059,0.25059
18.3900,AXIAL_p0,0.0000,0.0000,0.0000,0.0000,-0.00000,0.00000,0.25060,0.25060
18.4000,AXIAL_p0,0.0000,0.0000,0.0000,0.0000,-0.00000,0.00000,0.25061,0.25061
18.4100,AXIAL_p0,0.0000,0.0000,0.0000,0.0000,-0.00000,0.00000,0.25062,0.25062
18.4200,AXIAL_p0,0.0000,0.0000,0.0000,0.0000,-0.00000,0.00000,0.25063,0.25063
18.4300,AXIAL_p0,0.0000,0.0000,0.0000,0.0000,-0.00000,0.00000,0.25064,0.25064
18.4400,AXIAL_p0,0.0000,0.0000,0.0000,0.0000,-0.00000,0.00000,0.25064,0.25064
18.4500,AXIAL_p0,0.0000,0.0000,0.0000,0.0000,-0.00000,0.00000,0.25065,0.25065
18.4600,AXIAL_p0,0.0000,0.0000,0.0000,0.0000,-0.00000,0.00000,0.25065,0.25065
18.4700,AXIAL_p0,0.0000,0.0000,0.0000,0.0000,-0.00000,0.00000,0.25066,0.25066
18.4800,AXIAL_p0,0.0000,0.0000,0.0000,0.0000,-0.00000,0.00000,0.25066,0.25066
18.4900,AXIAL_p0,0.0000,0.0000,0.0000,0.0000,-0.00000,0.00000,0.25067,0.25067
18.5000,AXIAL_p0,0.0000,0.0000,0.0000,0.0000,-0.00000,0.00000,0.25067,0.25067
18.5100,AXIAL_p0,0.0000,0.0000,0.0000,0.0000,-0.00000,0.00000,0.25067,0.25067
18.5200,AXIAL_p0,0.0000,0.0000,0.0000,0.0000,-0.00000,0.00000,0.25068,0.25068
18.5300,AXIAL_p0,0.0000,0.0000,0.0000,0.0000,-0.00000,0.00000,0.25068,0.25068
18.5400,AXIAL_p0,0.0000,0.0000,0.0000,0.0000,-0.00000,0.00000,0.25068,0.25068
18.5500,AXIAL_p0,0.0000,0.0000,0.0000,0.0000,-0.00000,0.00000,0.25069,0.25069
18.5600,AXIAL_p0,0.0000,0.0000,0.0000,0.0000,-0.00000,0.00000,0.25069,0.25069
18.5700,AXIAL_p0,0.0000,0.0000,0.0000,0.0000,-0.00000,0.00000,0.25069,0.25069
18.5800,AXIAL_p0,0.0000,0.0000,0.0000,0.0000,-0.00000,0.00000,0.25069,0.25069
18.5900,AXIAL_p0,0.0000,0.0000,0.0000,0.0000,-0.00000,0.00000,0.25069,0.25069
18.6000,AXIAL_p0,0.0000,0.0000,0.0000,0.0000,-0.00000,0.00000,0.25069,0.25069
18.6100,AXIAL_p0,0.0000,0.0000,0.0000,0.0000,-0.00000,0.00000,0.25070,0.25070
18.6200,AXIAL_p0,0.0000,0.0000,0.0000,0.0000,-0.00000,0.00000,0.25070,0.25070
18.6300,AXIAL_p0,0.0000,0.0000,0.0000,0.0000,-0.00000,0.00000,0.25070,0.25070
18.6400,AXIAL_p0,0.0000,0.0000,0.0000,0.0000,-0.00000,0.00000,0.25070,0.25070
18.6500,AXIAL_p0,0.0000,0.0000,0.0000,0.0000,-0.00000,0.00000,0.25070,0.25070
18.6600,AXIAL_p0,0.0000,0.0000,0.0000,0.0000,-0.00000,0.00000,0.25070,0.25070
18.6700,AXIAL_p0,0.0000,0.0000,0.0000,0.0000,-0.00000,0.00000,0.25070,0.25070
18.6800,AXIAL_p0,0.0000,0.0000,0.0000,0.0000,-0.00000,0.00000,0.25070,0.25070
18.6900,AXIAL_p0,0.0000,0.0000,0.0000,0.0000,-0.00000,0.00000,0.25070,0.25070
18.7000,AXIAL_p0,0.0000,0.0000,0.0000,0.0000,-0.00000,0.00000,0.25070,0.25070
18.7100,AXIAL_p0,0.0000,0.0000,0.0000,0.0000,-0.00000,0.00000,0.25070,0.25070
18.7200,AXIAL_p0,0.0000,0.0000,0.0000,0.0000,-0.00000,0.00000,0.25071,0.25071
18.7300,AXIAL_p0,0.0000,0.0000,0.0000,0.0000,-0.00000,0.00000,0.25071,0.25071
18.7400,AXIAL_p0,0.0000,0.0000,0.0000,0.0000,-0.00000,0.00000,0.25071,0.25071
18.7500,AXIAL_p0,0.0000,0.0000,0.0000,0.0000,-0.00000,0.00000,0.25071,0.25071
18.7600,AXIAL_p0,0.0000,0.0000,0.0000,0.0000,-0.00000,0.00000,0.25071,0.25071
18.7700,AXIAL_p0,0.0000,0.0000,0.0000,0.0000,-0.00000,0.00000,0.25071,0.25071
18.7800,AXIAL_p0,0.0000,0.0000,0.0000,0.0000,-0.00000,0.00000,0.25071,0.25071
18.7900,AXIAL_p0,0.0000,0.0000,0.0000,0.0000,-0.00000,0.00000,0.25071,0.25071
18.8000,AXIAL_p0,0.0000,0.0000,0.0000,0.0000,-0.00000,0.00000,0.25071,0.25071
18.8100,AXIAL_p0,0.0000,0.0000,0.0000,0.0000,-0.00000,0.00000,0.25071,0.25071
18.8200,AXIAL_p0,0.0000,0.0000,0.0000,0.0000,-0.00000,0.00000,0.25071,0.25071
18.8300,AXIAL_p0,0.0000,0.0000,0.0000,0.0000,-0.00000,0.00000,0.25071,0.25071
18.8400,AXIAL_p0,0.0000,0.0000,0.0000,0.0000,-0.00000,0.00000,0.25071,0.25071
18.8500,AXIAL_p0,0.0000,0.0000,0.0000,0.0000,-0.00000,0.00000,0.25071,0.25071
18.8600,AXIAL_p0,0.0000,0.0000,0.0000,0.0000,-0.00000,0.00000,0.25071,0.25071
18.8700,AXIAL_p0,0.0000,0.0000,0.0000,0.0000,-0.00000,0.00000,0.25071,0.25071
18.8800,AXIAL_p0,0.0000,0.0000,0.0000,0.0000,-0.00000,0.00000,0.25071,0.25071
18.8900,AXIAL_p0,0.0000,0.0000,0.0000,0.0000,-0.00000,0.00000,0.25071,0.25071
18.9000,AXIAL_p0,0.0000,0.0000,0.0000,0.0000,-0.00000,0.00000,0.25071,0.25071
18.9100,AXIAL_p0,0.0000,0.0000,0.0000,0.0000,-0.00000,0.00000,0.25071,0.25071
18.9200,AXIAL_p0,0.0000,0.0000,0.0000,0.0000,-0.00000,0.00000,0.25071,0.25071
18.9300,AXIAL_p0,0.0000,0.0000,0.0000,0.0000,-0.00000,0.00000,0.25071,0.25071
18.9400,AXIAL_p0,0.0000,0.0000,0.0000,0.0000,-0.00000,0.00000,0.25071,0.25071
18.9500,AXIAL_p0,0.0000,0.0000,0.0000,0.0000,-0.00000,0.00000,0.25071,0.25071
18.9600,AXIAL_p0,0.0000,0.0000,0.0000,0.0000,-0.00000,0.00000,0.25071,0.25071
18.9700,AXIAL_p0,0.0000,0.0000,0.0000,0.0000,-0.00000,0.00000,0.25071,0.25071
18.9800,AXIAL_p0,0.0000,0.0000,0.0000,0.0000,-0.00000,0.00000,0.25071,0.25071
18.9900,AXIAL_p0,0.0000,0.0000,0.0000,0.0000,-0.00000,0.00000,0.25071,0.25071
19.0000,AXIAL_p0,0.0000,0.0000,0.0000,0.0000,-0.00000,0.00000,0.25071,0.25071
19.0100,AXIAL_p0,0.0000,0.0000,0.0000,0.0000,-0.00000,0.00000,0.25071,0.25071
19.0200,AXIAL_p0,0.0000,0.0000,0.0000,0.0000,-0.00000,0.00000,0.25071,0.25071
19.0300,AXIAL_p0,0.0000,0.0000,0.0000,0.0000,-0.00000,0.00000,0.25071,0.25071
19.0400,AXIAL_p0,0.0000,0.0000,0.0000,0.0000,-0.00000,0.00000,0.25071,0.25071
19.0500,AXIAL_p0,0.0000,0.0000,0.0000,0.0000,-0.00000,0.00000,0.25071,0.25071
19.0600,AXIAL_p0,0.0000,0.0000,0.0000,0.0000,-0.00000,0.00000,0.25071,0.25071
19.0700,AXIAL_p0,0.0000,0.0000,0.0000,0.0000,-0.00000,0.00000,0.25071,0.25071
19.0800,AXIAL_p0,0.0000,0.0000,0.0000,0.0000,-0.00000,0.00000,0.25071,0.25071
19.0900,AXIAL_p0,0.0000,0.0000,0.0000,0.0000,-0.00000,0.00000,0.25071,0.25071
19.1000,AXIAL_p0,0.0000,0.0000,0.0000,0.0000,-0.00000,0.00000,0.25071,0.25071
19.1100,AXIAL_p0,0.0000,0.0000,0.0000,0.0000,-0.00000,0.00000,0.25071,0.25071
19.1200,AXIAL_p0,0.0000,0.0000,0.0000,0.0000,-0.00000,0.00000,0.25071,0.25071
19.1300,AXIAL_p0,0.0000,0.0000,0.0000,0.0000,-0.00000,0.00000,0.25071,0.25071
19.1400,AXIAL_p0,0.0000,0.0000,0.0000,0.0000,-0.00000,0.00000,0.25071,0.25071
19.1500,AXIAL_p0,0.0000,0.0000,0.0000,0.0000,-0.00000,0.00000,0.25071,0.25071
19.1600,AXIAL_p0,0.0000,0.0000,0.0000,0.0000,-0.00000,0.00000,0.25071,0.25071
19.1700,AXIAL_p0,0.0000,0.0000,0.0000,0.0000,-0.00000,0.00000,0.25071,0.25071
19.1800,AXIAL_p0,0.0000,0.0000,0.0000,0.0000,-0.00000,0.00000,0.25071,0.25071
19.1900,AXIAL_p0,0.0000,0.0000,0.0000,0.0000,-0.00000,0.00000,0.25071,0.25071
19.2000,AXIAL_p0,0.0000,0.0000,0.0000,0.0000,-0.00000,0.00000,0.25071,0.25071
19.2100,AXIAL_p0,0.0000,0.0000,0.0000,0.0000,-0.00000,0.00000,0.25071,0.25071
19.2200,AXIAL_p0,0.0000,0.0000,0.0000,0.0000,-0.00000,0.00000,0.25071,0.25071
19.2300,AXIAL_p0,0.0000,0.0000,0.0000,0.0000,-0.00000,0.00000,0.25071,0.25071
19.2400,AXIAL_p0,0.0000,0.0000,0.0000,0.0000,-0.00000,0.00000,0.25071,0.25071
19.2500,AXIAL_p0,0.0000,0.0000,0.0000,0.0000,-0.00000,0.00000,0.25071,0.25071
19.2600,AXIAL_p0,0.0000,0.0000,0.0000,0.0000,-0.00000,0.00000,0.25071,0.25071
19.2700,AXIAL_p0,0.0000,0.0000,0.0000,0.0000,-0.00000,0.00000,0.25071,0.25071
19.2800,AXIAL_p0,0.0000,0.0000,0.0000,0.0000,-0.00000,0.00000,0.25071,0.25071
19.2900,AXIAL_p0,0.0000,0.0000,0.0000,0.0000,-0.00000,0.00000,0.25071,0.25071
19.3000,AXIAL_p0,0.0000,0.0000,0.0000,0.0000,-0.00000,0.00000,0.25071,0.25071
19.3100,AXIAL_p0,0.0000,0.0000,0.0000,0.0000,-0.00000,0.00000,0.25071,0.25071
19.3200,AXIAL_p0,0.0000,0.0000,0.0000,0.0000,-0.00000,0.00000,0.25071,0.25071
19.3300,AXIAL_p0,0.0000,0.0000,0.0000,0.0000,-0.00000,0.00000,0.25071,0.25071
19.3400,AXIAL_p0,0.0000,0.0000,0.0000,0.0000,-0.00000,0.00000,0.25071,0.25071
19.3500,AXIAL_p0,0.0000,0.0000,0.0000,0.0000,-0.00000,0.00000,0.25071,0.25071
19.3600,AXIAL_p0,0.0000,0.0000,0.0000,0.0000,-0.00000,0.00000,0.25071,0.25071
19.3700,AXIAL_p0,0.0000,0.0000,0.0000,0.0000,-0.00000,0.00000,0.25071,0.25071
19.3800,AXIAL_p0,0.0000,0.0000,0.0000,0.0000,-0.00000,0.00000,0.25071,0.25071
19.3900,AXIAL_p0,0.0000,0.0000,0.0000,0.0000,-0.00000,0.00000,0.25071,0.25071
19.4000,AXIAL_p0,0.0000,0.0000,0.0000,0.0000,-0.00000,0.00000,0.25071,0.25071
19.4100,AXIAL_p0,0.0000,0.0000,0.0000,0.0000,-0.00000,0.00000,0.25071,0.25071
19.4200,AXIAL_p0,0.0000,0.0000,0.0000,0.0000,-0.00000,0.00000,0.25071,0.25071
19.4300,AXIAL_p0,0.0000,0.0000,0.0000,0.0000,-0.00000,0.00000,0.25071,0.25071
19.4400,AXIAL_p0,0.0000,0.0000,0.0000,0.0000,-0.00000,0.00000,0.25071,0.25071
19.4500,AXIAL_p0,0.0000,0.0000,0.0000,0.0000,-0.00000,0.00000,0.25071,0.25071
19.4600,AXIAL_p0,0.0000,0.0000,0.0000,0.0000,-0.00000,0.00000,0.25071,0.25071
19.4700,AXIAL_p0,0.0000,0.0000,0.0000,0.0000,-0.00000,0.00000,0.25071,0.25071
19.4800,AXIAL_p0,0.0000,0.0000,0.0000,0.0000,-0.00000,0.00000,0.25071,0.25071
19.4900,AXIAL_p0,0.0000,0.0000,0.0000,0.0000,-0.00000,0.00000,0.25071,0.25071
19.5000,AXIAL_p0,0.0000,0.0000,0.0000,0.0000,-0.00000,0.00000,0.25071,0.25071
19.5100,AXIAL_p0,0.0000,0.0000,0.0000,0.0000,-0.00000,0.00000,0.25071,0.25071
19.5200,AXIAL_p0,0.0000,0.0000,0.0000,0.0000,-0.00000,0.00000,0.25071,0.25071
19.5300,AXIAL_p0,0.0000,0.0000,0.0000,0.0000,-0.00000,0.00000,0.25071,0.25071
19.5400,AXIAL_p0,0.0000,0.0000,0.0000,0.0000,-0.00000,0.00000,0.25071,0.25071
19.5500,AXIAL_p0,0.0000,0.0000,0.0000,0.0000,-0.00000,0.00000,0.25071,0.25071
19.5600,AXIAL_p0,0.0000,0.0000,0.0000,0.0000,-0.00000,0.00000,0.25071,0.25071
19.5700,AXIAL_p0,0.0000,0.0000,0.0000,0.0000,-0.00000,0.00000,0.25071,0.25071
19.5800,AXIAL_p0,0.0000,0.0000,0.0000,0.0000,-0.00000,0.00000,0.25071,0.25071
19.5900,AXIAL_p0,0.0000,0.0000,0.0000,0.0000,-0.00000,0.00000,0.25071,0.25071
19.6000,AXIAL_p0,0.0000,0.0000,0.0000,0.0000,-0.00000,0.00000,0.25071,0.25071
19.6100,AXIAL_p0,0.0000,0.0000,0.0000,0.0000,-0.00000,0.00000,0.25071,0.25071
19.6200,AXIAL_p0,0.0000,0.0000,0.0000,0.0000,-0.00000,0.00000,0.25071,0.25071
19.6300,AXIAL_p0,0.0000,0.0000,0.0000,0.0000,-0.00000,0.00000,0.25071,0.25071
19.6400,AXIAL_p0,0.0000,0.0000,0.0000,0.0000,-0.00000,0.00000,0.25071,0.25071
19.6500,AXIAL_p0,0.0000,0.0000,0.0000,0.0000,-0.00000,0.00000,0.25071,0.25071
19.6600,AXIAL_p0,0.0000,0.0000,0.0000,0.0000,-0.00000,0.00000,0.25071,0.25071
19.6700,AXIAL_p0,0.0000,0.0000,0.0000,0.0000,-0.00000,0.00000,0.25071,0.25071
19.6800,AXIAL_p0,0.0000,0.0000,0.0000,0.0000,-0.00000,0.00000,0.25071,0.25071
19.6900,AXIAL_p0,0.0000,0.0000,0.0000,0.0000,-0.00000,0.00000,0.25071,0.25071
19.7000,AXIAL_p0,0.0000,0.0000,0.0000,0.0000,-0.00000,0.00000,0.25071,0.25071
19.7100,AXIAL_p0,0.0000,0.0000,0.0000,0.0000,-0.00000,0.00000,0.25071,0.25071
19.7200,AXIAL_p0,0.0000,0.0000,0.0000,0.0000,-0.00000,0.00000,0.25071,0.25071
19.7300,AXIAL_p0,0.0000,0.0000,0.0000,0.0000,-0.00000,0.00000,0.25071,0.25071
19.7400,AXIAL_p0,0.0000,0.0000,0.0000,0.0000,-0.00000,0.00000,0.25071,0.25071
19.7500,AXIAL_p0,0.0000,0.0000,0.0000,0.0000,-0.00000,0.00000,0.25071,0.25071
19.7600,AXIAL_p0,0.0000,0.0000,0.0000,0.0000,-0.00000,0.00000,0.25071,0.25071
19.7700,AXIAL_p0,0.0000,0.0000,0.0000,0.0000,-0.00000,0.00000,0.25071,0.25071
19.7800,AXIAL_p0,0.0000,0.0000,0.0000,0.0000,-0.00000,0.00000,0.25071,0.25071
19.7900,AXIAL_p0,0.0000,0.0000,0.0000,0.0000,-0.00000,0.00000,0.25071,0.25071
19.8000,AXIAL_p0,0.0000,0.0000,0.0000,0.0000,-0.00000,0.00000,0.25071,0.25071
19.8100,AXIAL_p0,0.0000,0.0000,0.0000,0.0000,-0.00000,0.00000,0.25071,0.25071
19.8200,AXIAL_p0,0.0000,0.0000,0.0000,0.0000,-0.00000,0.00000,0.25071,0.25071
19.8300,AXIAL_p0,0.0000,0.0000,0.0000,0.0000,-0.00000,0.00000,0.25071,0.25071
19.8400,AXIAL_p0,0.0000,0.0000,0.0000,0.0000,-0.00000,0.00000,0.25071,0.25071
19.8500,AXIAL_p0,0.0000,0.0000,0.0000,0.0000,-0.00000,0.00000,0.25071,0.25071
19.8600,AXIAL_p0,0.0000,0.0000,0.0000,0.0000,-0.00000,0.00000,0.25071,0.25071
19.8700,AXIAL_p0,0.0000,0.0000,0.0000,0.0000,-0.00000,0.00000,0.25071,0.25071
19.8800,AXIAL_p0,0.0000,0.0000,0.0000,0.0000,-0.00000,0.00000,0.25071,0.25071
19.8900,AXIAL_p0,0.0000,0.0000,0.0000,0.0000,-0.00000,0.00000,0.25071,0.25071
19.9000,AXIAL_p0,0.0000,0.0000,0.0000,0.0000,-0.00000,0.00000,0.25071,0.25071
19.9100,AXIAL_p0,0.0000,0.0000,0.0000,0.0000,-0.00000,0.00000,0.25071,0.25071
19.9200,AXIAL_p0,0.0000,0.0000,0.0000,0.0000,-0.00000,0.00000,0.25071,0.25071
19.9300,AXIAL_p0,0.0000,0.0000,0.0000,0.0000,-0.00000,0.00000,0.25071,0.25071
19.9400,AXIAL_p0,0.0000,0.0000,0.0000,0.0000,-0.00000,0.00000,0.25071,0.25071
19.9500,AXIAL_p0,0.0000,0.0000,0.0000,0.0000,-0.00000,0.00000,0.25071,0.25071
19.9600,AXIAL_p0,0.0000,0.0000,0.0000,0.0000,-0.00000,0.00000,0.25071,0.25071
19.9700,AXIAL_p0,0.0000,0.0000,0.0000,0.0000,-0.00000,0.00000,0.25071,0.25071
19.9800,AXIAL_p0,0.0000,0.0000,0.0000,0.0000,-0.00000,0.00000,0.25071,0.25071
19.9900,AXIAL_p0,0.0000,0.0000,0.0000,0.0000,-0.00000,0.00000,0.25071,0.25071
20.0000,AXIAL_p0,0.0000,0.0000,0.0000,0.0000,-0.00000,0.00000,0.25071,0.25071
20.0100,AXIAL_p0,0.0000,0.0000,0.0000,0.0000,-0.00000,0.00000,0.25071,0.25071
20.0200,AXIAL_p0,0.0000,0.0000,0.0000,0.0000,-0.00000,0.00000,0.25071,0.25071
20.0300,AXIAL_p0,0.0000,0.0000,0.0000,0.0000,-0.00000,0.00000,0.25071,0.25071
20.0400,AXIAL_p0,0.0000,0.0000,0.0000,0.0000,-0.00000,0.00000,0.25071,0.25071
20.0500,AXIAL_p0,0.0000,0.0000,0.0000,0.0000,-0.00000,0.00000,0.25071,0.25071
20.0600,AXIAL_p0,0.0000,0.0000,0.0000,0.0000,-0.00000,0.00000,0.25071,0.25071
20.0700,AXIAL_p0,0.0000,0.0000,0.0000,0.0000,-0.00000,0.00000,0.25071,0.25071
20.0800,AXIAL_p0,0.0000,0.0000,0.0000,0.0000,-0.00000,0.00000,0.25071,0.25071
20.0900,AXIAL_p0,0.0000,0.0000,0.0000,0.0000,-0.00000,0.00000,0.25071,0.25071
20.1000,AXIAL_p0,0.0000,0.0000,0.0000,0.0000,-0.00000,0.00000,0.25071,0.25071
20.1100,AXIAL_p0,0.0000,0.0000,0.0000,0.0000,-0.00000,0.00000,0.25071,0.25071
20.1200,AXIAL_p0,0.0000,0.0000,0.0000,0.0000,-0.00000,0.00000,0.25071,0.25071
20.1300,AXIAL_p0,0.0000,0.0000,0.0000,0.0000,-0.00000,0.00000,0.25071,0.25071
20.1400,AXIAL_p0,0.0000,0.0000,0.0000,0.0000,-0.00000,0.00000,0.25071,0.25071
20.1500,AXIAL_p0,0.0000,0.0000,0.0000,0.0000,-0.00000,0.00000,0.25071,0.25071
20.1600,AXIAL_p0,0.0000,0.0000,0.0000,0.0000,-0.00000,0.00000,0.25071,0.25071
20.1700,AXIAL_p0,0.0000,0.0000,0.0000,0.0000,-0.00000,0.00000,0.25071,0.25071
20.1800,AXIAL_p0,0.0000,0.0000,0.0000,0.0000,-0.00000,0.00000,0.25071,0.25071
20.1900,AXIAL_p0,0.0000,0.0000,0.0000,0.0000,-0.00000,0.00000,0.25071,0.25071
20.2000,AXIAL_p0,0.0000,0.0000,0.0000,0.0000,-0.00000,0.00000,0.25071,0.25071
20.2100,AXIAL_p0,0.0000,0.0000,0.0000,0.0000,-0.00000,0.00000,0.25071,0.25071
20.2200,AXIAL_p0,0.0000,0.0000,0.0000,0.0000,-0.00000,0.00000,0.25071,0.25071
20.2300,AXIAL_p0,0.0000,0.0000,0.0000,0.0000,-0.00000,0.00000,0.25071,0.25071
20.2400,AXIAL_p0,0.0000,0.0000,0.0000,0.0000,-0.00000,0.00000,0.25071,0.25071
20.2500,AXIAL_p0,0.0000,0.0000,0.0000,0.0000,-0.00000,0.00000,0.25071,0.25071
20.2600,AXIAL_p0,0.0000,0.0000,0.0000,0.0000,-0.00000,0.00000,0.25071,0.25071
20.2700,AXIAL_p0,0.0000,0.0000,0.0000,0.0000,-0.00000,0.00000,0.25071,0.25071
20.2800,AXIAL_p0,0.0000,0.0000,0.0000,0.0000,-0.00000,0.00000,0.25071,0.25071
20.2900,AXIAL_p0,0.0000,0.0000,0.0000,0.0000,-0.00000,0.00000,0.25071,0.25071
20.3000,AXIAL_p0,0.0000,0.0000,0.0000,0.0000,-0.00000,0.00000,0.25071,0.25071
20.3100,AXIAL_p0,0.0000,0.0000,0.0000,0.0000,-0.00000,0.00000,0.25071,0.25071
20.3200,AXIAL_p0,0.0000,0.0000,0.0000,0.0000,-0.00000,0.00000,0.25071,0.25071
20.3300,AXIAL_p0,0.0000,0.0000,0.0000,0.0000,-0.00000,0.00000,0.25071,0.25071
20.3400,AXIAL_p0,0.0000,0.0000,0.0000,0.0000,-0.00000,0.00000,0.25071,0.25071
20.3500,AXIAL_p0,0.0000,0.0000,0.0000,0.0000,-0.00000,0.00000,0.25071,0.25071
20.3600,AXIAL_p0,0.0000,0.0000,0.0000,0.0000,-0.00000,0.00000,0.25071,0.25071
20.3700,AXIAL_p0,0.0000,0.0000,0.0000,0.0000,-0.00000,0.00000,0.25071,0.25071
20.3800,AXIAL_p0,0.0000,0.0000,0.0000,0.0000,-0.00000,0.00000,0.25071,0.25071
20.3900,AXIAL_p0,0.0000,0.0000,0.0000,0.0000,-0.00000,0.00000,0.25071,0.25071
20.4000,AXIAL_p0,0.0000,0.0000,0.0000,0.0000,-0.00000,0.00000,0.25071,0.25071
20.4100,AXIAL_p0,0.0000,0.0000,0.0000,0.0000,-0.00000,0.00000,0.25071,0.25071
20.4200,AXIAL_p0,0.0000,0.0000,0.0000,0.0000,-0.00000,0.00000,0.25071,0.25071
20.4300,AXIAL_p0,0.0000,0.0000,0.0000,0.0000,-0.00000,0.00000,0.25071,0.25071
20.4400,AXIAL_p0,0.0000,0.0000,0.0000,0.0000,-0.00000,0.00000,0.25071,0.25071
20.4500,AXIAL_p0,0.0000,0.0000,0.0000,0.0000,-0.00000,0.00000,0.25071,0.25071
20.4600,AXIAL_p0,0.0000,0.0000,0.0000,0.0000,-0.00000,0.00000,0.25071,0.25071
20.4700,AXIAL_p0,0.0000,0.0000,0.0000,0.0000,-0.00000,0.00000,0.25071,0.25071
20.4800,AXIAL_p0,0.0000,0.0000,0.0000,0.0000,-0.00000,0.00000,0.25071,0.25071
20.4900,AXIAL_p0,0.0000,0.0000,0.0000,0.0000,-0.00000,0.00000,0.25071,0.25071
20.5000,AXIAL_p0,0.0000,0.0000,0.0000,0.0000,-0.00000,0.00000,0.25071,0.25071
20.5100,AXIAL_p0,0.0000,0.0000,0.0000,0.0000,-0.00000,0.00000,0.25071,0.25071
20.5200,AXIAL_p0,0.0000,0.0000,0.0000,0.0000,-0.00000,0.00000,0.25071,0.25071
20.5300,AXIAL_p0,0.0000,0.0000,0.0000,0.0000,-0.00000,0.00000,0.25071,0.25071
20.5400,AXIAL_p0,0.0000,0.0000,0.0000,0.0000,-0.00000,0.00000,0.25071,0.25071
20.5500,AXIAL_p0,0.0000,0.0000,0.0000,0.0000,-0.00000,0.00000,0.25071,0.25071
20.5600,AXIAL_p0,0.0000,0.0000,0.0000,0.0000,-0.00000,0.00000,0.25071,0.25071
20.5700,AXIAL_p0,0.0000,0.0000,0.0000,0.0000,-0.00000,0.00000,0.25071,0.25071
20.5800,AXIAL_p0,0.0000,0.0000,0.0000,0.0000,-0.00000,0.00000,0.25071,0.25071
20.5900,AXIAL_p0,0.0000,0.0000,0.0000,0.0000,-0.00000,0.00000,0.25071,0.25071
20.6000,AXIAL_p0,0.0000,0.0000,0.0000,0.0000,-0.00000,0.00000,0.25071,0.25071
20.6100,AXIAL_p0,0.0000,0.0000,0.0000,0.0000,-0.00000,0.00000,0.25071,0.25071
20.6200,AXIAL_p0,0.0000,0.0000,0.0000,0.0000,-0.00000,0.00000,0.25071,0.25071
20.6300,AXIAL_p0,0.0000,0.0000,0.0000,0.0000,-0.00000,0.00000,0.25071,0.25071
20.6400,AXIAL_p0,0.0000,0.0000,0.0000,0.0000,-0.00000,0.00000,0.25071,0.25071
20.6500,AXIAL_p0,0.0000,0.0000,0.0000,0.0000,-0.00000,0.00000,0.25071,0.25071
20.6600,AXIAL_p0,0.0000,0.0000,0.0000,0.0000,-0.00000,0.00000,0.25071,0.25071
20.6700,AXIAL_p0,0.0000,0.0000,0.0000,0.0000,-0.00000,0.00000,0.25071,0.25071
20.6800,AXIAL_p0,0.0000,0.0000,0.0000,0.0000,-0.00000,0.00000,0.25071,0.25071
20.6900,AXIAL_p0,0.0000,0.0000,0.0000,0.0000,-0.00000,0.00000,0.25071,0.25071
20.7000,AXIAL_p0,0.0000,0.0000,0.0000,0.0000,-0.00000,0.00000,0.25071,0.25071
20.7100,AXIAL_p0,0.0000,0.0000,0.0000,0.0000,-0.00000,0.00000,0.25071,0.25071
20.7200,AXIAL_p0,0.0000,0.0000,0.0000,0.0000,-0.00000,0.00000,0.25071,0.25071
20.7300,AXIAL_p0,0.0000,0.0000,0.0000,0.0000,-0.00000,0.00000,0.25071,0.25071
20.7400,AXIAL_p0,0.0000,0.0000,0.0000,0.0000,-0.00000,0.00000,0.25071,0.25071
20.7500,AXIAL_p0,0.0000,0.0000,0.0000,0.0000,-0.00000,0.00000,0.25071,0.25071
20.7600,AXIAL_p0,0.0000,0.0000,0.0000,0.0000,-0.00000,0.00000,0.25071,0.25071
20.7700,AXIAL_p0,0.0000,0.0000,0.0000,0.0000,-0.00000,0.00000,0.25071,0.25071
20.7800,AXIAL_p0,0.0000,0.0000,0.0000,0.0000,-0.00000,0.00000,0.25071,0.25071
20.7900,AXIAL_p0,0.0000,0.0000,0.0000,0.0000,-0.00000,0.00000,0.25071,0.25071
20.8000,AXIAL_p0,0.0000,0.0000,0.0000,0.0000,-0.00000,0.00000,0.25071,0.25071
20.8100,AXIAL_p0,0.0000,0.0000,0.0000,0.0000,-0.00000,0.00000,0.25071,0.25071
20.8200,AXIAL_p0,0.0000,0.0000,0.0000,0.0000,-0.00000,0.00000,0.25071,0.25071
20.8300,AXIAL_p0,0.0000,0.0000,0.0000,0.0000,-0.00000,0.00000,0.25071,0.25071
20.8400,AXIAL_p0,0.0000,0.0000,0.0000,0.0000,-0.00000,0.00000,0.25071,0.25071
20.8500,AXIAL_p0,0.0000,0.0000,0.0000,0.0000,-0.00000,0.00000,0.25071,0.25071
20.8600,AXIAL_p0,0.0000,0.0000,0.0000,0.0000,-0.00000,0.00000,0.25071,0.25071
20.8700,AXIAL_p0,0.0000,0.0000,0.0000,0.0000,-0.00000,0.00000,0.25071,0.25071
20.8800,AXIAL_p0,0.0000,0.0000,0.0000,0.0000,-0.00000,0.00000,0.25071,0.25071
20.8900,AXIAL_p0,0.0000,0.0000,0.0000,0.0000,-0.00000,0.00000,0.25071,0.25071
20.9000,AXIAL_p0,0.0000,0.0000,0.0000,0.0000,-0.00000,0.00000,0.25071,0.25071
20.9100,AXIAL_p0,0.0000,0.0000,0.0000,0.0000,-0.00000,0.00000,0.25071,0.25071
20.9200,AXIAL_p0,0.0000,0.0000,0.0000,0.0000,-0.00000,0.00000,0.25071,0.25071
20.9300,AXIAL_p0,0.0000,0.0000,0.0000,0.0000,-0.00000,0.00000,0.25071,0.25071
20.9400,AXIAL_p0,0.0000,0.0000,0.0000,0.0000,-0.00000,0.00000,0.25071,0.25071
20.9500,AXIAL_p0,0.0000,0.0000,0.0000,0.0000,-0.00000,0.00000,0.25071,0.25071
20.9600,AXIAL_p0,0.0000,0.0000,0.0000,0.0000,-0.00000,0.00000,0.25071,0.25071
20.9700,AXIAL_p0,0.0000,0.0000,0.0000,0.0000,-0.00000,0.00000,0.25071,0.25071
20.9800,AXIAL_p0,0.0000,0.0000,0.0000,0.0000,-0.00000,0.00000,0.25071,0.25071
20.9900,AXIAL_p0,0.0000,0.0000,0.0000,0.0000,-0.00000,0.00000,0.25071,0.25071
21.0000,AXIAL_p0,0.0000,0.0000,0.0000,0.0000,-0.00000,0.00000,0.25071,0.25071
0.0100,PRELOAD,9.0000,0.0000,0.0000,0.0000,0.00001,0.00000,0.26757,0.26757
0.0200,PRELOAD,9.0000,0.0000,0.0000,0.0000,0.00008,0.00000,0.26628,0.26628
0.0300,PRELOAD,9.0000,0.0000,0.0000,0.0000,0.00023,0.00000,0.26438,0.26438
0.0400,PRELOAD,9.0000,0.0000,0.0000,0.0000,0.00049,0.00000,0.26212,0.26212
0.0500,PRELOAD,9.0000,0.0000,0.0000,0.0000,0.00088,0.00000,0.25973,0.25973
0.0600,PRELOAD,9.0000,0.0000,0.0000,0.0000,0.00139,0.00000,0.25737,0.25738
0.0700,PRELOAD,9.0000,0.0000,0.0000,0.0000,0.00205,0.00000,0.25518,0.25519
0.0800,PRELOAD,9.0000,0.0000,0.0000,0.0000,0.00285,0.00000,0.25324,0.25326
0.0900,PRELOAD,9.0000,0.0000,0.0000,0.0000,0.00380,0.00000,0.25161,0.25164
0.1000,PRELOAD,9.0000,0.0000,0.0000,0.0000,0.00489,0.00000,0.25032,0.25037
0.1100,PRELOAD,9.0000,0.0000,0.0000,0.0000,0.00613,0.00000,0.24937,0.24944
0.1200,PRELOAD,9.0000,0.0000,0.0000,0.0000,0.00751,0.00000,0.24872,0.24884
0.1300,PRELOAD,9.0000,0.0000,0.0000,0.0000,0.00902,0.00000,0.24837,0.24853
0.1400,PRELOAD,9.0000,0.0000,0.0000,0.0000,0.01066,0.00000,0.24825,0.24848
0.1500,PRELOAD,9.0000,0.0000,0.0000,0.0000,0.01243,0.00000,0.24835,0.24866
0.1600,PRELOAD,9.0000,0.0000,0.0000,0.0000,0.01431,0.00000,0.24860,0.24901
0.1700,PRELOAD,9.0000,0.0000,0.0000,0.0000,0.01631,0.00000,0.24897,0.24950
0.1800,PRELOAD,9.0000,0.0000,0.0000,0.0000,0.01840,0.00000,0.24943,0.25011
0.1900,PRELOAD,9.0000,0.0000,0.0000,0.0000,0.02058,0.00000,0.24994,0.25079
0.2000,PRELOAD,9.0000,0.0000,0.0000,0.0000,0.02285,0.00000,0.25050,0.25154
0.2100,PRELOAD,9.0000,0.0000,0.0000,0.0000,0.02518,0.00000,0.25107,0.25232
0.2200,PRELOAD,9.0000,0.0000,0.0000,0.0000,0.02757,0.00000,0.25164,0.25315
0.2300,PRELOAD,9.0000,0.0000,0.0000,0.0000,0.03000,0.00000,0.25221,0.25399
0.2400,PRELOAD,9.0000,0.0000,0.0000,0.0000,0.03246,0.00000,0.25278,0.25486
0.2500,PRELOAD,9.0000,0.0000,0.0000,0.0000,0.03494,0.00000,0.25334,0.25574
0.2600,PRELOAD,9.0000,0.0000,0.0000,0.0000,0.03742,0.00000,0.25390,0.25664
0.2700,PRELOAD,9.0000,0.0000,0.0000,0.0000,0.03988,0.00000,0.25446,0.25756
0.2800,PRELOAD,9.0000,0.0000,0.0000,0.0000,0.04232,0.00000,0.25501,0.25850
0.2900,PRELOAD,9.0000,0.0000,0.0000,0.0000,0.04472,0.00000,0.25558,0.25946
0.3000,PRELOAD,9.0000,0.0000,0.0000,0.0000,0.04707,0.00000,0.25614,0.26043
0.3100,PRELOAD,9.0000,0.0000,0.0000,0.0000,0.04936,0.00000,0.25671,0.26142
0.3200,PRELOAD,9.0000,0.0000,0.0000,0.0000,0.05156,0.00000,0.25729,0.26241
0.3300,PRELOAD,9.0000,0.0000,0.0000,0.0000,0.05369,0.00000,0.25788,0.26341
0.3400,PRELOAD,9.0000,0.0000,0.0000,0.0000,0.05572,0.00000,0.25847,0.26440
0.3500,PRELOAD,9.0000,0.0000,0.0000,0.0000,0.05764,0.00000,0.25905,0.26539
0.3600,PRELOAD,9.0000,0.0000,0.0000,0.0000,0.05946,0.00000,0.25964,0.26636
0.3700,PRELOAD,9.0000,0.0000,0.0000,0.0000,0.06116,0.00000,0.26021,0.26730
0.3800,PRELOAD,9.0000,0.0000,0.0000,0.0000,0.06274,0.00000,0.26077,0.26821
0.3900,PRELOAD,9.0000,0.0000,0.0000,0.0000,0.06421,0.00000,0.26131,0.26909
0.4000,PRELOAD,9.0000,0.0000,0.0000,0.0000,0.06554,0.00000,0.26183,0.26991
0.4100,PRELOAD,9.0000,0.0000,0.0000,0.0000,0.06675,0.00000,0.26232,0.27068
0.4200,PRELOAD,9.0000,0.0000,0.0000,0.0000,0.06784,0.00000,0.26277,0.27139
0.4300,PRELOAD,9.0000,0.0000,0.0000,0.0000,0.06879,0.00000,0.26319,0.27203
0.4400,PRELOAD,9.0000,0.0000,0.0000,0.0000,0.06963,0.00000,0.26357,0.27261
0.4500,PRELOAD,9.0000,0.0000,0.0000,0.0000,0.07033,0.00000,0.26390,0.27311
0.4600,PRELOAD,9.0000,0.0000,0.0000,0.0000,0.07092,0.00000,0.26419,0.27354
0.4700,PRELOAD,9.0000,0.0000,0.0000,0.0000,0.07138,0.00000,0.26443,0.27390
0.4800,PRELOAD,9.0000,0.0000,0.0000,0.0000,0.07173,0.00000,0.26462,0.27417
0.4900,PRELOAD,9.0000,0.0000,0.0000,0.0000,0.07197,0.00000,0.26477,0.27438
0.5000,PRELOAD,9.0000,0.0000,0.0000,0.0000,0.07210,0.00000,0.26487,0.27451
0.5100,PRELOAD,9.0000,0.0000,0.0000,0.0000,0.07212,0.00000,0.26492,0.27456
0.5200,PRELOAD,9.0000,0.0000,0.0000,0.0000,0.07205,0.00000,0.26493,0.27455
0.5300,PRELOAD,9.0000,0.0000,0.0000,0.0000,0.07188,0.00000,0.26490,0.27448
0.5400,PRELOAD,9.0000,0.0000,0.0000,0.0000,0.07162,0.00000,0.26483,0.27434
0.5500,PRELOAD,9.0000,0.0000,0.0000,0.0000,0.07128,0.00000,0.26472,0.27415
0.5600,PRELOAD,9.0000,0.0000,0.0000,0.0000,0.07086,0.00000,0.26458,0.27391
0.5700,PRELOAD,9.0000,0.0000,0.0000,0.0000,0.07037,0.00000,0.26442,0.27362
0.5800,PRELOAD,9.0000,0.0000,0.0000,0.0000,0.06982,0.00000,0.26422,0.27329
0.5900,PRELOAD,9.0000,0.0000,0.0000,0.0000,0.06921,0.00000,0.26400,0.27293
0.6000,PRELOAD,9.0000,0.0000,0.0000,0.0000,0.06855,0.00000,0.26377,0.27253
0.6100,PRELOAD,9.0000,0.0000,0.0000,0.0000,0.06785,0.00000,0.26351,0.27211
0.6200,PRELOAD,9.0000,0.0000,0.0000,0.0000,0.06710,0.00000,0.26325,0.27167
0.6300,PRELOAD,9.0000,0.0000,0.0000,0.0000,0.06633,0.00000,0.26298,0.27121
0.6400,PRELOAD,9.0000,0.0000,0.0000,0.0000,0.06553,0.00000,0.26270,0.27075
0.6500,PRELOAD,9.0000,0.0000,0.0000,0.0000,0.06471,0.00000,0.26241,0.27027
0.6600,PRELOAD,9.0000,0.0000,0.0000,0.0000,0.06388,0.00000,0.26213,0.26980
0.6700,PRELOAD,9.0000,0.0000,0.0000,0.0000,0.06304,0.00000,0.26185,0.26933
0.6800,PRELOAD,9.0000,0.0000,0.0000,0.0000,0.06221,0.00000,0.26157,0.26887
0.6900,PRELOAD,9.0000,0.0000,0.0000,0.0000,0.06138,0.00000,0.26130,0.26841
0.7000,PRELOAD,9.0000,0.0000,0.0000,0.0000,0.06057,0.00000,0.26104,0.26797
0.7100,PRELOAD,9.0000,0.0000,0.0000,0.0000,0.05977,0.00000,0.26078,0.26754
0.7200,PRELOAD,9.0000,0.0000,0.0000,0.0000,0.05899,0.00000,0.26054,0.26714
0.7300,PRELOAD,9.0000,0.0000,0.0000,0.0000,0.05824,0.00000,0.26031,0.26675
0.7400,PRELOAD,9.0000,0.0000,0.0000,0.0000,0.05753,0.00000,0.26009,0.26638
0.7500,PRELOAD,9.0000,0.0000,0.0000,0.0000,0.05684,0.00000,0.25989,0.26603
0.7600,PRELOAD,9.0000,0.0000,0.0000,0.0000,0.05620,0.00000,0.25970,0.26571
0.7700,PRELOAD,9.0000,0.0000,0.0000,0.0000,0.05560,0.00000,0.25953,0.26541
0.7800,PRELOAD,9.0000,0.0000,0.0000,0.0000,0.05504,0.00000,0.25937,0.26514
0.7900,PRELOAD,9.0000,0.0000,0.0000,0.0000,0.05452,0.00000,0.25923,0.26490
0.8000,PRELOAD,9.0000,0.0000,0.0000,0.0000,0.05406,0.00000,0.25910,0.26468
0.8100,PRELOAD,9.0000,0.0000,0.0000,0.0000,0.05364,0.00000,0.25899,0.26448
0.8200,PRELOAD,9.0000,0.0000,0.0000,0.0000,0.05328,0.00000,0.25889,0.26431
0.8300,PRELOAD,9.0000,0.0000,0.0000,0.0000,0.05297,0.00000,0.25881,0.26417
0.8400,PRELOAD,9.0000,0.0000,0.0000,0.0000,0.05270,0.00000,0.25874,0.26405
0.8500,PRELOAD,9.0000,0.0000,0.0000,0.0000,0.05249,0.00000,0.25869,0.26396
0.8600,PRELOAD,9.0000,0.0000,0.0000,0.0000,0.05233,0.00000,0.25865,0.26389
0.8700,PRELOAD,9.0000,0.0000,0.0000,0.0000,0.05222,0.00000,0.25863,0.26385
0.8800,PRELOAD,9.0000,0.0000,0.0000,0.0000,0.05216,0.00000,0.25862,0.26382
0.8900,PRELOAD,9.0000,0.0000,0.0000,0.0000,0.05215,0.00000,0.25862,0.26382
0.9000,PRELOAD,9.0000,0.0000,0.0000,0.0000,0.05218,0.00000,0.25863,0.26384
0.9100,PRELOAD,9.0000,0.0000,0.0000,0.0000,0.05225,0.00000,0.25866,0.26388
0.9200,PRELOAD,9.0000,0.0000,0.0000,0.0000,0.05236,0.00000,0.25870,0.26394
0.9300,PRELOAD,9.0000,0.0000,0.0000,0.0000,0.05252,0.00000,0.25874,0.26402
0.9400,PRELOAD,9.0000,0.0000,0.0000,0.0000,0.05271,0.00000,0.25880,0.26412
0.9500,PRELOAD,9.0000,0.0000,0.0000,0.0000,0.05293,0.00000,0.25887,0.26423
0.9600,PRELOAD,9.0000,0.0000,0.0000,0.0000,0.05318,0.00000,0.25895,0.26435
0.9700,PRELOAD,9.0000,0.0000,0.0000,0.0000,0.05346,0.00000,0.25903,0.26449
0.9800,PRELOAD,9.0000,0.0000,0.0000,0.0000,0.05377,0.00000,0.25912,0.26464
0.9900,PRELOAD,9.0000,0.0000,0.0000,0.0000,0.05409,0.00000,0.25922,0.26480
1.0000,PRELOAD,9.0000,0.0000,0.0000,0.0000,0.05443,0.00000,0.25932,0.26497
1.0100,PRELOAD,9.0000,0.0000,0.0000,0.0000,0.05479,0.00000,0.25943,0.26515
1.0200,PRELOAD,9.0000,0.0000,0.0000,0.0000,0.05516,0.00000,0.25954,0.26534
1.0300,PRELOAD,9.0000,0.0000,0.0000,0.0000,0.05554,0.00000,0.25966,0.26553
1.0400,PRELOAD,9.0000,0.0000,0.0000,0.0000,0.05593,0.00000,0.25977,0.26573
1.0500,PRELOAD,9.0000,0.0000,0.0000,0.0000,0.05632,0.00000,0.25989,0.26593
1.0600,PRELOAD,9.0000,0.0000,0.0000,0.0000,0.05670,0.00000,0.26002,0.26613
1.0700,PRELOAD,9.0000,0.0000,0.0000,0.0000,0.05709,0.00000,0.26014,0.26633
1.0800,PRELOAD,9.0000,0.0000,0.0000,0.0000,0.05747,0.00000,0.26026,0.26653
1.0900,PRELOAD,9.0000,0.0000,0.0000,0.0000,0.05785,0.00000,0.26037,0.26672
1.1000,PRELOAD,9.0000,0.0000,0.0000,0.0000,0.05821,0.00000,0.26049,0.26692
1.1100,PRELOAD,9.0000,0.0000,0.0000,0.0000,0.05856,0.00000,0.26060,0.26710
1.1200,PRELOAD,9.0000,0.0000,0.0000,0.0000,0.05890,0.00000,0.26071,0.26729
1.1300,PRELOAD,9.0000,0.0000,0.0000,0.0000,0.05923,0.00000,0.26082,0.26746
1.1400,PRELOAD,9.0000,0.0000,0.0000,0.0000,0.05953,0.00000,0.26092,0.26763
1.1500,PRELOAD,9.0000,0.0000,0.0000,0.0000,0.05982,0.00000,0.26102,0.26778
1.1600,PRELOAD,9.0000,0.0000,0.0000,0.0000,0.06009,0.00000,0.26111,0.26793
1.1700,PRELOAD,9.0000,0.0000,0.0000,0.0000,0.06034,0.00000,0.26119,0.26807
1.1800,PRELOAD,9.0000,0.0000,0.0000,0.0000,0.06057,0.00000,0.26127,0.26820
1.1900,PRELOAD,9.0000,0.0000,0.0000,0.0000,0.06077,0.00000,0.26134,0.26831
1.2000,PRELOAD,9.0000,0.0000,0.0000,0.0000,0.06096,0.00000,0.26140,0.26841
1.2100,PRELOAD,9.0000,0.0000,0.0000,0.0000,0.06112,0.00000,0.26145,0.26850
1.2200,PRELOAD,9.0000,0.0000,0.0000,0.0000,0.06126,0.00000,0.26150,0.26858
1.2300,PRELOAD,9.0000,0.0000,0.0000,0.0000,0.06137,0.00000,0.26154,0.26865
1.2400,PRELOAD,9.0000,0.0000,0.0000,0.0000,0.06147,0.00000,0.26157,0.26870
1.2500,PRELOAD,9.0000,0.0000,0.0000,0.0000,0.06154,0.00000,0.26160,0.26874
1.2600,PRELOAD,9.0000,0.0000,0.0000,0.0000,0.06159,0.00000,0.26162,0.26877
1.2700,PRELOAD,9.0000,0.0000,0.0000,0.0000,0.06162,0.00000,0.26163,0.26878
1.2800,PRELOAD,9.0000,0.0000,0.0000,0.0000,0.06162,0.00000,0.26163,0.26879
1.2900,PRELOAD,9.0000,0.0000,0.0000,0.0000,0.06161,0.00000,0.26163,0.26878
1.3000,PRELOAD,9.0000,0.0000,0.0000,0.0000,0.06158,0.00000,0.26162,0.26876
1.3100,PRELOAD,9.0000,0.0000,0.0000,0.0000,0.06153,0.00000,0.26160,0.26874
1.3200,PRELOAD,9.0000,0.0000,0.0000,0.0000,0.06146,0.00000,0.26158,0.26870
1.3300,PRELOAD,9.0000,0.0000,0.0000,0.0000,0.06138,0.00000,0.26155,0.26866
1.3400,PRELOAD,9.0000,0.0000,0.0000,0.0000,0.06129,0.00000,0.26152,0.26860
1.3500,PRELOAD,9.0000,0.0000,0.0000,0.0000,0.06118,0.00000,0.26148,0.26854
1.3600,PRELOAD,9.0000,0.0000,0.0000,0.0000,0.06106,0.00000,0.26144,0.26847
1.3700,PRELOAD,9.0000,0.0000,0.0000,0.0000,0.06093,0.00000,0.26140,0.26840
1.3800,PRELOAD,9.0000,0.0000,0.0000,0.0000,0.06078,0.00000,0.26135,0.26832
1.3900,PRELOAD,9.0000,0.0000,0.0000,0.0000,0.06064,0.00000,0.26130,0.26824
1.4000,PRELOAD,9.0000,0.0000,0.0000,0.0000,0.06048,0.00000,0.26125,0.26816
1.4100,PRELOAD,9.0000,0.0000,0.0000,0.0000,0.06032,0.00000,0.26119,0.26807
1.4200,PRELOAD,9.0000,0.0000,0.0000,0.0000,0.06015,0.00000,0.26114,0.26798
1.4300,PRELOAD,9.0000,0.0000,0.0000,0.0000,0.05999,0.00000,0.26108,0.26789
1.4400,PRELOAD,9.0000,0.0000,0.0000,0.0000,0.05982,0.00000,0.26103,0.26779
1.4500,PRELOAD,9.0000,0.0000,0.0000,0.0000,0.05965,0.00000,0.26097,0.26770
1.4600,PRELOAD,9.0000,0.0000,0.0000,0.0000,0.05948,0.00000,0.26092,0.26761
1.4700,PRELOAD,9.0000,0.0000,0.0000,0.0000,0.05931,0.00000,0.26086,0.26752
1.4800,PRELOAD,9.0000,0.0000,0.0000,0.0000,0.05915,0.00000,0.26081,0.26743
1.4900,PRELOAD,9.0000,0.0000,0.0000,0.0000,0.05899,0.00000,0.26076,0.26735
1.5000,PRELOAD,9.0000,0.0000,0.0000,0.0000,0.05884,0.00000,0.26071,0.26727
1.5100,PRELOAD,9.0000,0.0000,0.0000,0.0000,0.05869,0.00000,0.26066,0.26719
1.5200,PRELOAD,9.0000,0.0000,0.0000,0.0000,0.05855,0.00000,0.26062,0.26711
1.5300,PRELOAD,9.0000,0.0000,0.0000,0.0000,0.05841,0.00000,0.26057,0.26704
1.5400,PRELOAD,9.0000,0.0000,0.0000,0.0000,0.05828,0.00000,0.26053,0.26697
1.5500,PRELOAD,9.0000,0.0000,0.0000,0.0000,0.05817,0.00000,0.26050,0.26691
1.5600,PRELOAD,9.0000,0.0000,0.0000,0.0000,0.05806,0.00000,0.26046,0.26685
1.5700,PRELOAD,9.0000,0.0000,0.0000,0.0000,0.05796,0.00000,0.26043,0.26680
1.5800,PRELOAD,9.0000,0.0000,0.0000,0.0000,0.05787,0.00000,0.26040,0.26675
1.5900,PRELOAD,9.0000,0.0000,0.0000,0.0000,0.05779,0.00000,0.26038,0.26671
1.6000,PRELOAD,9.0000,0.0000,0.0000,0.0000,0.05772,0.00000,0.26035,0.26667
1.6100,PRELOAD,9.0000,0.0000,0.0000,0.0000,0.05765,0.00000,0.26034,0.26664
1.6200,PRELOAD,9.0000,0.0000,0.0000,0.0000,0.05760,0.00000,0.26032,0.26662
1.6300,PRELOAD,9.0000,0.0000,0.0000,0.0000,0.05756,0.00000,0.26031,0.26660
1.6400,PRELOAD,9.0000,0.0000,0.0000,0.0000,0.05753,0.00000,0.26030,0.26658
1.6500,PRELOAD,9.0000,0.0000,0.0000,0.0000,0.05751,0.00000,0.26029,0.26657
1.6600,PRELOAD,9.0000,0.0000,0.0000,0.0000,0.05750,0.00000,0.26029,0.26656
1.6700,PRELOAD,9.0000,0.0000,0.0000,0.0000,0.05750,0.00000,0.26029,0.26656
1.6800,PRELOAD,9.0000,0.0000,0.0000,0.0000,0.05751,0.00000,0.26029,0.26657
1.6900,PRELOAD,9.0000,0.0000,0.0000,0.0000,0.05752,0.00000,0.26030,0.26658
1.7000,PRELOAD,9.0000,0.0000,0.0000,0.0000,0.05754,0.00000,0.26030,0.26659
1.7100,PRELOAD,9.0000,0.0000,0.0000,0.0000,0.05757,0.00000,0.26031,0.26660
1.7200,PRELOAD,9.0000,0.0000,0.0000,0.0000,0.05761,0.00000,0.26032,0.26662
1.7300,PRELOAD,9.0000,0.0000,0.0000,0.0000,0.05765,0.00000,0.26034,0.26665
1.7400,PRELOAD,9.0000,0.0000,0.0000,0.0000,0.05770,0.00000,0.26035,0.26667
1.7500,PRELOAD,9.0000,0.0000,0.0000,0.0000,0.05776,0.00000,0.26037,0.26670
1.7600,PRELOAD,9.0000,0.0000,0.0000,0.0000,0.05782,0.00000,0.26039,0.26673
1.7700,PRELOAD,9.0000,0.0000,0.0000,0.0000,0.05788,0.00000,0.26041,0.26676
1.7800,PRELOAD,9.0000,0.0000,0.0000,0.0000,0.05795,0.00000,0.26043,0.26680
1.7900,PRELOAD,9.0000,0.0000,0.0000,0.0000,0.05802,0.00000,0.26045,0.26684
1.8000,PRELOAD,9.0000,0.0000,0.0000,0.0000,0.05809,0.00000,0.26048,0.26687
1.8100,PRELOAD,9.0000,0.0000,0.0000,0.0000,0.05816,0.00000,0.26050,0.26691
1.8200,PRELOAD,9.0000,0.0000,0.0000,0.0000,0.05824,0.00000,0.26052,0.26695
1.8300,PRELOAD,9.0000,0.0000,0.0000,0.0000,0.05831,0.00000,0.26055,0.26699
1.8400,PRELOAD,9.0000,0.0000,0.0000,0.0000,0.05839,0.00000,0.26057,0.26703
1.8500,PRELOAD,9.0000,0.0000,0.0000,0.0000,0.05846,0.00000,0.26060,0.26707
1.8600,PRELOAD,9.0000,0.0000,0.0000,0.0000,0.05854,0.00000,0.26062,0.26711
1.8700,PRELOAD,9.0000,0.0000,0.0000,0.0000,0.05861,0.00000,0.26064,0.26715
1.8800,PRELOAD,9.0000,0.0000,0.0000,0.0000,0.05868,0.00000,0.26066,0.26719
1.8900,PRELOAD,9.0000,0.0000,0.0000,0.0000,0.05875,0.00000,0.26069,0.26722
1.9000,PRELOAD,9.0000,0.0000,0.0000,0.0000,0.05881,0.00000,0.26071,0.26726
1.9100,PRELOAD,9.0000,0.0000,0.0000,0.0000,0.05887,0.00000,0.26073,0.26729
1.9200,PRELOAD,9.0000,0.0000,0.0000,0.0000,0.05893,0.00000,0.26075,0.26732
1.9300,PRELOAD,9.0000,0.0000,0.0000,0.0000,0.05899,0.00000,0.26076,0.26735
1.9400,PRELOAD,9.0000,0.0000,0.0000,0.0000,0.05904,0.00000,0.26078,0.26738
1.9500,PRELOAD,9.0000,0.0000,0.0000,0.0000,0.05909,0.00000,0.26080,0.26741
1.9600,PRELOAD,9.0000,0.0000,0.0000,0.0000,0.05913,0.00000,0.26081,0.26743
1.9700,PRELOAD,9.0000,0.0000,0.0000,0.0000,0.05917,0.00000,0.26082,0.26745
1.9800,PRELOAD,9.0000,0.0000,0.0000,0.0000,0.05921,0.00000,0.26083,0.26747
1.9900,PRELOAD,9.0000,0.0000,0.0000,0.0000,0.05924,0.00000,0.26084,0.26749
2.0000,PRELOAD,9.0000,0.0000,0.0000,0.0000,0.05926,0.00000,0.26085,0.26750
2.0100,PRELOAD,9.0000,0.0000,0.0000,0.0000,0.05928,0.00000,0.26086,0.26751
2.0200,PRELOAD,9.0000,0.0000,0.0000,0.0000,0.05930,0.00000,0.26087,0.26752
2.0300,PRELOAD,9.0000,0.0000,0.0000,0.0000,0.05932,0.00000,0.26087,0.26753
2.0400,PRELOAD,9.0000,0.0000,0.0000,0.0000,0.05932,0.00000,0.26087,0.26753
2.0500,PRELOAD,9.0000,0.0000,0.0000,0.0000,0.05933,0.00000,0.26087,0.26754
2.0600,PRELOAD,9.0000,0.0000,0.0000,0.0000,0.05933,0.00000,0.26087,0.26754
2.0700,PRELOAD,9.0000,0.0000,0.0000,0.0000,0.05933,0.00000,0.26087,0.26753
2.0800,PRELOAD,9.0000,0.0000,0.0000,0.0000,0.05932,0.00000,0.26087,0.26753
2.0900,PRELOAD,9.0000,0.0000,0.0000,0.0000,0.05931,0.00000,0.26087,0.26752
2.1000,PRELOAD,9.0000,0.0000,0.0000,0.0000,0.05930,0.00000,0.26086,0.26752
2.1100,PRELOAD,9.0000,0.0000,0.0000,0.0000,0.05928,0.00000,0.26086,0.26751
2.1200,PRELOAD,9.0000,0.0000,0.0000,0.0000,0.05926,0.00000,0.26085,0.26750
2.1300,PRELOAD,9.0000,0.0000,0.0000,0.0000,0.05924,0.00000,0.26084,0.26749
2.1400,PRELOAD,9.0000,0.0000,0.0000,0.0000,0.05921,0.00000,0.26084,0.26747
2.1500,PRELOAD,9.0000,0.0000,0.0000,0.0000,0.05919,0.00000,0.26083,0.26746
2.1600,PRELOAD,9.0000,0.0000,0.0000,0.0000,0.05916,0.00000,0.26082,0.26744
2.1700,PRELOAD,9.0000,0.0000,0.0000,0.0000,0.05913,0.00000,0.26081,0.26743
2.1800,PRELOAD,9.0000,0.0000,0.0000,0.0000,0.05910,0.00000,0.26080,0.26741
2.1900,PRELOAD,9.0000,0.0000,0.0000,0.0000,0.05907,0.00000,0.26079,0.26739
2.2000,PRELOAD,9.0000,0.0000,0.0000,0.0000,0.05903,0.00000,0.26078,0.26738
2.2100,PRELOAD,9.0000,0.0000,0.0000,0.0000,0.05900,0.00000,0.26077,0.26736
2.2200,PRELOAD,9.0000,0.0000,0.0000,0.0000,0.05897,0.00000,0.26076,0.26734
2.2300,PRELOAD,9.0000,0.0000,0.0000,0.0000,0.05893,0.00000,0.26075,0.26732
2.2400,PRELOAD,9.0000,0.0000,0.0000,0.0000,0.05890,0.00000,0.26074,0.26731
2.2500,PRELOAD,9.0000,0.0000,0.0000,0.0000,0.05887,0.00000,0.26073,0.26729
2.2600,PRELOAD,9.0000,0.0000,0.0000,0.0000,0.05884,0.00000,0.26071,0.26727
2.2700,PRELOAD,9.0000,0.0000,0.0000,0.0000,0.05881,0.00000,0.26070,0.26726
2.2800,PRELOAD,9.0000,0.0000,0.0000,0.0000,0.05878,0.00000,0.26070,0.26724
2.2900,PRELOAD,9.0000,0.0000,0.0000,0.0000,0.05875,0.00000,0.26069,0.26722
2.3000,PRELOAD,9.0000,0.0000,0.0000,0.0000,0.05872,0.00000,0.26068,0.26721
2.3100,PRELOAD,9.0000,0.0000,0.0000,0.0000,0.05869,0.00000,0.26067,0.26720
2.3200,PRELOAD,9.0000,0.0000,0.0000,0.0000,0.05867,0.00000,0.26066,0.26718
2.3300,PRELOAD,9.0000,0.0000,0.0000,0.0000,0.05865,0.00000,0.26065,0.26717
2.3400,PRELOAD,9.0000,0.0000,0.0000,0.0000,0.05863,0.00000,0.26065,0.26716
2.3500,PRELOAD,9.0000,0.0000,0.0000,0.0000,0.05861,0.00000,0.26064,0.26715
2.3600,PRELOAD,9.0000,0.0000,0.0000,0.0000,0.05859,0.00000,0.26064,0.26714
2.3700,PRELOAD,9.0000,0.0000,0.0000,0.0000,0.05857,0.00000,0.26063,0.26713
2.3800,PRELOAD,9.0000,0.0000,0.0000,0.0000,0.05856,0.00000,0.26063,0.26712
2.3900,PRELOAD,9.0000,0.0000,0.0000,0.0000,0.05855,0.00000,0.26062,0.26712
2.4000,PRELOAD,9.0000,0.0000,0.0000,0.0000,0.05854,0.00000,0.26062,0.26711
2.4100,PRELOAD,9.0000,0.0000,0.0000,0.0000,0.05853,0.00000,0.26062,0.26711
2.4200,PRELOAD,9.0000,0.0000,0.0000,0.0000,0.05853,0.00000,0.26062,0.26711
2.4300,PRELOAD,9.0000,0.0000,0.0000,0.0000,0.05852,0.00000,0.26061,0.26710
2.4400,PRELOAD,9.0000,0.0000,0.0000,0.0000,0.05852,0.00000,0.26061,0.26710
2.4500,PRELOAD,9.0000,0.0000,0.0000,0.0000,0.05852,0.00000,0.26061,0.26710
2.4600,PRELOAD,9.0000,0.0000,0.0000,0.0000,0.05852,0.00000,0.26061,0.26710
2.4700,PRELOAD,9.0000,0.0000,0.0000,0.0000,0.05853,0.00000,0.26062,0.26711
2.4800,PRELOAD,9.0000,0.0000,0.0000,0.0000,0.05853,0.00000,0.26062,0.26711
2.4900,PRELOAD,9.0000,0.0000,0.0000,0.0000,0.05854,0.00000,0.26062,0.26711
2.5000,PRELOAD,9.0000,0.0000,0.0000,0.0000,0.05854,0.00000,0.26062,0.26712
2.5100,PRELOAD,9.0000,0.0000,0.0000,0.0000,0.05855,0.00000,0.26062,0.26712
2.5200,PRELOAD,9.0000,0.0000,0.0000,0.0000,0.05856,0.00000,0.26063,0.26713
2.5300,PRELOAD,9.0000,0.0000,0.0000,0.0000,0.05857,0.00000,0.26063,0.26713
2.5400,PRELOAD,9.0000,0.0000,0.0000,0.0000,0.05859,0.00000,0.26063,0.26714
2.5500,PRELOAD,9.0000,0.0000,0.0000,0.0000,0.05860,0.00000,0.26064,0.26714
2.5600,PRELOAD,9.0000,0.0000,0.0000,0.0000,0.05861,0.00000,0.26064,0.26715
2.5700,PRELOAD,9.0000,0.0000,0.0000,0.0000,0.05863,0.00000,0.26065,0.26716
2.5800,PRELOAD,9.0000,0.0000,0.0000,0.0000,0.05864,0.00000,0.26065,0.26717
2.5900,PRELOAD,9.0000,0.0000,0.0000,0.0000,0.05865,0.00000,0.26066,0.26717
2.6000,PRELOAD,9.0000,0.0000,0.0000,0.0000,0.05867,0.00000,0.26066,0.26718
2.6100,PRELOAD,9.0000,0.0000,0.0000,0.0000,0.05868,0.00000,0.26067,0.26719
2.6200,PRELOAD,9.0000,0.0000,0.0000,0.0000,0.05870,0.00000,0.26067,0.26720
2.6300,PRELOAD,9.0000,0.0000,0.0000,0.0000,0.05871,0.00000,0.26068,0.26721
2.6400,PRELOAD,9.0000,0.0000,0.0000,0.0000,0.05873,0.00000,0.26068,0.26721
2.6500,PRELOAD,9.0000,0.0000,0.0000,0.0000,0.05874,0.00000,0.26068,0.26722
2.6600,PRELOAD,9.0000,0.0000,0.0000,0.0000,0.05875,0.00000,0.26069,0.26723
2.6700,PRELOAD,9.0000,0.0000,0.0000,0.0000,0.05877,0.00000,0.26069,0.26723
2.6800,PRELOAD,9.0000,0.0000,0.0000,0.0000,0.05878,0.00000,0.26070,0.26724
2.6900,PRELOAD,9.0000,0.0000,0.0000,0.0000,0.05879,0.00000,0.26070,0.26725
2.7000,PRELOAD,9.0000,0.0000,0.0000,0.0000,0.05880,0.00000,0.26070,0.26725
2.7100,PRELOAD,9.0000,0.0000,0.0000,0.0000,0.05881,0.00000,0.26071,0.26726
2.7200,PRELOAD,9.0000,0.0000,0.0000,0.0000,0.05882,0.00000,0.26071,0.26727
2.7300,PRELOAD,9.0000,0.0000,0.0000,0.0000,0.05883,0.00000,0.26071,0.26727
2.7400,PRELOAD,9.0000,0.0000,0.0000,0.0000,0.05884,0.00000,0.26072,0.26727
2.7500,PRELOAD,9.0000,0.0000,0.0000,0.0000,0.05885,0.00000,0.26072,0.26728
2.7600,PRELOAD,9.0000,0.0000,0.0000,0.0000,0.05886,0.00000,0.26072,0.26728
2.7700,PRELOAD,9.0000,0.0000,0.0000,0.0000,0.05886,0.00000,0.26072,0.26729
2.7800,PRELOAD,9.0000,0.0000,0.0000,0.0000,0.05887,0.00000,0.26072,0.26729
2.7900,PRELOAD,9.0000,0.0000,0.0000,0.0000,0.05887,0.00000,0.26073,0.26729
2.8000,PRELOAD,9.0000,0.0000,0.0000,0.0000,0.05887,0.00000,0.26073,0.26729
2.8100,PRELOAD,9.0000,0.0000,0.0000,0.0000,0.05888,0.00000,0.26073,0.26729
2.8200,PRELOAD,9.0000,0.0000,0.0000,0.0000,0.05888,0.00000,0.26073,0.26729
2.8300,PRELOAD,9.0000,0.0000,0.0000,0.0000,0.05888,0.00000,0.26073,0.26729
2.8400,PRELOAD,9.0000,0.0000,0.0000,0.0000,0.05888,0.00000,0.26073,0.26729
2.8500,PRELOAD,9.0000,0.0000,0.0000,0.0000,0.05888,0.00000,0.26073,0.26729
2.8600,PRELOAD,9.0000,0.0000,0.0000,0.0000,0.05888,0.00000,0.26073,0.26729
2.8700,PRELOAD,9.0000,0.0000,0.0000,0.0000,0.05887,0.00000,0.26073,0.26729
2.8800,PRELOAD,9.0000,0.0000,0.0000,0.0000,0.05887,0.00000,0.26073,0.26729
2.8900,PRELOAD,9.0000,0.0000,0.0000,0.0000,0.05887,0.00000,0.26073,0.26729
2.9000,PRELOAD,9.0000,0.0000,0.0000,0.0000,0.05886,0.00000,0.26072,0.26729
2.9100,PRELOAD,9.0000,0.0000,0.0000,0.0000,0.05886,0.00000,0.26072,0.26728
2.9200,PRELOAD,9.0000,0.0000,0.0000,0.0000,0.05886,0.00000,0.26072,0.26728
2.9300,PRELOAD,9.0000,0.0000,0.0000,0.0000,0.05885,0.00000,0.26072,0.26728
2.9400,PRELOAD,9.0000,0.0000,0.0000,0.0000,0.05884,0.00000,0.26072,0.26728
2.9500,PRELOAD,9.0000,0.0000,0.0000,0.0000,0.05884,0.00000,0.26072,0.26727
2.9600,PRELOAD,9.0000,0.0000,0.0000,0.0000,0.05883,0.00000,0.26071,0.26727
2.9700,PRELOAD,9.0000,0.0000,0.0000,0.0000,0.05883,0.00000,0.26071,0.26727
2.9800,PRELOAD,9.0000,0.0000,0.0000,0.0000,0.05882,0.00000,0.26071,0.26726
2.9900,PRELOAD,9.0000,0.0000,0.0000,0.0000,0.05881,0.00000,0.26071,0.26726
3.0000,PRELOAD,9.0000,0.0000,0.0000,0.0000,0.05881,0.00000,0.26071,0.26726
3.0100,PASSIVE_RELEASE,0.0000,0.0000,0.0000,0.0000,0.05879,0.00000,0.26070,0.26725
3.0200,PASSIVE_RELEASE,0.0000,0.0000,0.0000,0.0000,0.05872,0.00000,0.26068,0.26721
3.0300,PASSIVE_RELEASE,0.0000,0.0000,0.0000,0.0000,0.05857,0.00000,0.26063,0.26713
3.0400,PASSIVE_RELEASE,0.0000,0.0000,0.0000,0.0000,0.05832,0.00000,0.26055,0.26700
3.0500,PASSIVE_RELEASE,0.0000,0.0000,0.0000,0.0000,0.05796,0.00000,0.26044,0.26681
3.0600,PASSIVE_RELEASE,0.0000,0.0000,0.0000,0.0000,0.05747,0.00000,0.26029,0.26656
3.0700,PASSIVE_RELEASE,0.0000,0.0000,0.0000,0.0000,0.05684,0.00000,0.26011,0.26625
3.0800,PASSIVE_RELEASE,0.0000,0.0000,0.0000,0.0000,0.05608,0.00000,0.25988,0.26586
3.0900,PASSIVE_RELEASE,0.0000,0.0000,0.0000,0.0000,0.05518,0.00000,0.25960,0.26540
3.1000,PASSIVE_RELEASE,0.0000,0.0000,0.0000,0.0000,0.05413,0.00000,0.25929,0.26488
3.1100,PASSIVE_RELEASE,0.0000,0.0000,0.0000,0.0000,0.05293,0.00000,0.25893,0.26428
3.1200,PASSIVE_RELEASE,0.0000,0.0000,0.0000,0.0000,0.05159,0.00000,0.25853,0.26363
3.1300,PASSIVE_RELEASE,0.0000,0.0000,0.0000,0.0000,0.05011,0.00000,0.25810,0.26291
3.1400,PASSIVE_RELEASE,0.0000,0.0000,0.0000,0.0000,0.04849,0.00000,0.25763,0.26215
3.1500,PASSIVE_RELEASE,0.0000,0.0000,0.0000,0.0000,0.04674,0.00000,0.25714,0.26135
3.1600,PASSIVE_RELEASE,0.0000,0.0000,0.0000,0.0000,0.04486,0.00000,0.25663,0.26052
3.1700,PASSIVE_RELEASE,0.0000,0.0000,0.0000,0.0000,0.04287,0.00000,0.25610,0.25967
3.1800,PASSIVE_RELEASE,0.0000,0.0000,0.0000,0.0000,0.04078,0.00000,0.25557,0.25880
3.1900,PASSIVE_RELEASE,0.0000,0.0000,0.0000,0.0000,0.03859,0.00000,0.25504,0.25795
3.2000,PASSIVE_RELEASE,0.0000,0.0000,0.0000,0.0000,0.03631,0.00000,0.25452,0.25710
3.2100,PASSIVE_RELEASE,0.0000,0.0000,0.0000,0.0000,0.03397,0.00000,0.25402,0.25628
3.2200,PASSIVE_RELEASE,0.0000,0.0000,0.0000,0.0000,0.03156,0.00000,0.25354,0.25549
3.2300,PASSIVE_RELEASE,0.0000,0.0000,0.0000,0.0000,0.02911,0.00000,0.25308,0.25475
3.2400,PASSIVE_RELEASE,0.0000,0.0000,0.0000,0.0000,0.02662,0.00000,0.25265,0.25405
3.2500,PASSIVE_RELEASE,0.0000,0.0000,0.0000,0.0000,0.02412,0.00000,0.25226,0.25341
3.2600,PASSIVE_RELEASE,0.0000,0.0000,0.0000,0.0000,0.02161,0.00000,0.25190,0.25283
3.2700,PASSIVE_RELEASE,0.0000,0.0000,0.0000,0.0000,0.01911,0.00000,0.25159,0.25231
3.2800,PASSIVE_RELEASE,0.0000,0.0000,0.0000,0.0000,0.01663,0.00000,0.25131,0.25186
3.2900,PASSIVE_RELEASE,0.0000,0.0000,0.0000,0.0000,0.01419,0.00000,0.25108,0.25148
3.3000,PASSIVE_RELEASE,0.0000,0.0000,0.0000,0.0000,0.01179,0.00000,0.25089,0.25116
3.3100,PASSIVE_RELEASE,0.0000,0.0000,0.0000,0.0000,0.00945,0.00000,0.25073,0.25091
3.3200,PASSIVE_RELEASE,0.0000,0.0000,0.0000,0.0000,0.00718,0.00000,0.25061,0.25072
3.3300,PASSIVE_RELEASE,0.0000,0.0000,0.0000,0.0000,0.00500,0.00000,0.25053,0.25058
3.3400,PASSIVE_RELEASE,0.0000,0.0000,0.0000,0.0000,0.00290,0.00000,0.25048,0.25049
3.3500,PASSIVE_RELEASE,0.0000,0.0000,0.0000,0.0000,0.00090,0.00000,0.25045,0.25045
3.3600,PASSIVE_RELEASE,0.0000,0.0000,0.0000,0.0000,-0.00099,0.00000,0.25045,0.25045
3.3700,PASSIVE_RELEASE,0.0000,0.0000,0.0000,0.0000,-0.00276,0.00000,0.25047,0.25049
3.3800,PASSIVE_RELEASE,0.0000,0.0000,0.0000,0.0000,-0.00442,0.00000,0.25051,0.25055
3.3900,PASSIVE_RELEASE,0.0000,0.0000,0.0000,0.0000,-0.00595,0.00000,0.25056,0.25063
3.4000,PASSIVE_RELEASE,0.0000,0.0000,0.0000,0.0000,-0.00735,0.00000,0.25062,0.25073
3.4100,PASSIVE_RELEASE,0.0000,0.0000,0.0000,0.0000,-0.00862,0.00000,0.25069,0.25084
3.4200,PASSIVE_RELEASE,0.0000,0.0000,0.0000,0.0000,-0.00976,0.00000,0.25076,0.25095
3.4300,PASSIVE_RELEASE,0.0000,0.0000,0.0000,0.0000,-0.01077,0.00000,0.25083,0.25106
3.4400,PASSIVE_RELEASE,0.0000,0.0000,0.0000,0.0000,-0.01164,0.00000,0.25090,0.25117
3.4500,PASSIVE_RELEASE,0.0000,0.0000,0.0000,0.0000,-0.01237,0.00000,0.25096,0.25126
3.4600,PASSIVE_RELEASE,0.0000,0.0000,0.0000,0.0000,-0.01298,0.00000,0.25102,0.25135
3.4700,PASSIVE_RELEASE,0.0000,0.0000,0.0000,0.0000,-0.01345,0.00000,0.25106,0.25142
3.4800,PASSIVE_RELEASE,0.0000,0.0000,0.0000,0.0000,-0.01380,0.00000,0.25110,0.25148
3.4900,PASSIVE_RELEASE,0.0000,0.0000,0.0000,0.0000,-0.01402,0.00000,0.25113,0.25152
3.5000,PASSIVE_RELEASE,0.0000,0.0000,0.0000,0.0000,-0.01412,0.00000,0.25115,0.25155
3.5100,PASSIVE_RELEASE,0.0000,0.0000,0.0000,0.0000,-0.01411,0.00000,0.25116,0.25156
3.5200,PASSIVE_RELEASE,0.0000,0.0000,0.0000,0.0000,-0.01400,0.00000,0.25116,0.25155
3.5300,PASSIVE_RELEASE,0.0000,0.0000,0.0000,0.0000,-0.01378,0.00000,0.25116,0.25153
3.5400,PASSIVE_RELEASE,0.0000,0.0000,0.0000,0.0000,-0.01346,0.00000,0.25114,0.25150
3.5500,PASSIVE_RELEASE,0.0000,0.0000,0.0000,0.0000,-0.01305,0.00000,0.25112,0.25146
3.5600,PASSIVE_RELEASE,0.0000,0.0000,0.0000,0.0000,-0.01257,0.00000,0.25109,0.25140
3.5700,PASSIVE_RELEASE,0.0000,0.0000,0.0000,0.0000,-0.01200,0.00000,0.25106,0.25134
3.5800,PASSIVE_RELEASE,0.0000,0.0000,0.0000,0.0000,-0.01137,0.00000,0.25102,0.25128
3.5900,PASSIVE_RELEASE,0.0000,0.0000,0.0000,0.0000,-0.01068,0.00000,0.25098,0.25121
3.6000,PASSIVE_RELEASE,0.0000,0.0000,0.0000,0.0000,-0.00994,0.00000,0.25094,0.25114
3.6100,PASSIVE_RELEASE,0.0000,0.0000,0.0000,0.0000,-0.00915,0.00000,0.25090,0.25107
3.6200,PASSIVE_RELEASE,0.0000,0.0000,0.0000,0.0000,-0.00832,0.00000,0.25086,0.25100
3.6300,PASSIVE_RELEASE,0.0000,0.0000,0.0000,0.0000,-0.00747,0.00000,0.25082,0.25093
3.6400,PASSIVE_RELEASE,0.0000,0.0000,0.0000,0.0000,-0.00659,0.00000,0.25079,0.25088
3.6500,PASSIVE_RELEASE,0.0000,0.0000,0.0000,0.0000,-0.00570,0.00000,0.25076,0.25082
3.6600,PASSIVE_RELEASE,0.0000,0.0000,0.0000,0.0000,-0.00479,0.00000,0.25073,0.25078
3.6700,PASSIVE_RELEASE,0.0000,0.0000,0.0000,0.0000,-0.00389,0.00000,0.25071,0.25074
3.6800,PASSIVE_RELEASE,0.0000,0.0000,0.0000,0.0000,-0.00300,0.00000,0.25069,0.25071
3.6900,PASSIVE_RELEASE,0.0000,0.0000,0.0000,0.0000,-0.00211,0.00000,0.25068,0.25069
3.7000,PASSIVE_RELEASE,0.0000,0.0000,0.0000,0.0000,-0.00125,0.00000,0.25067,0.25067
3.7100,PASSIVE_RELEASE,0.0000,0.0000,0.0000,0.0000,-0.00041,0.00000,0.25067,0.25067
3.7200,PASSIVE_RELEASE,0.0000,0.0000,0.0000,0.0000,0.00041,0.00000,0.25067,0.25067
3.7300,PASSIVE_RELEASE,0.0000,0.0000,0.0000,0.0000,0.00119,0.00000,0.25067,0.25067
3.7400,PASSIVE_RELEASE,0.0000,0.0000,0.0000,0.0000,0.00193,0.00000,0.25068,0.25069
3.7500,PASSIVE_RELEASE,0.0000,0.0000,0.0000,0.0000,0.00263,0.00000,0.25069,0.25070
3.7600,PASSIVE_RELEASE,0.0000,0.0000,0.0000,0.0000,0.00329,0.00000,0.25070,0.25072
3.7700,PASSIVE_RELEASE,0.0000,0.0000,0.0000,0.0000,0.00390,0.00000,0.25071,0.25074
3.7800,PASSIVE_RELEASE,0.0000,0.0000,0.0000,0.0000,0.00446,0.00000,0.25073,0.25077
3.7900,PASSIVE_RELEASE,0.0000,0.0000,0.0000,0.0000,0.00497,0.00000,0.25074,0.25079
3.8000,PASSIVE_RELEASE,0.0000,0.0000,0.0000,0.0000,0.00543,0.00000,0.25076,0.25082
3.8100,PASSIVE_RELEASE,0.0000,0.0000,0.0000,0.0000,0.00583,0.00000,0.25077,0.25084
3.8200,PASSIVE_RELEASE,0.0000,0.0000,0.0000,0.0000,0.00617,0.00000,0.25079,0.25086
3.8300,PASSIVE_RELEASE,0.0000,0.0000,0.0000,0.0000,0.00646,0.00000,0.25080,0.25088
3.8400,PASSIVE_RELEASE,0.0000,0.0000,0.0000,0.0000,0.00669,0.00000,0.25081,0.25090
3.8500,PASSIVE_RELEASE,0.0000,0.0000,0.0000,0.0000,0.00687,0.00000,0.25082,0.25091
3.8600,PASSIVE_RELEASE,0.0000,0.0000,0.0000,0.0000,0.00700,0.00000,0.25083,0.25092
3.8700,PASSIVE_RELEASE,0.0000,0.0000,0.0000,0.0000,0.00707,0.00000,0.25083,0.25093
3.8800,PASSIVE_RELEASE,0.0000,0.0000,0.0000,0.0000,0.00709,0.00000,0.25083,0.25093
3.8900,PASSIVE_RELEASE,0.0000,0.0000,0.0000,0.0000,0.00707,0.00000,0.25084,0.25093
3.9000,PASSIVE_RELEASE,0.0000,0.0000,0.0000,0.0000,0.00699,0.00000,0.25083,0.25093
3.9100,PASSIVE_RELEASE,0.0000,0.0000,0.0000,0.0000,0.00687,0.00000,0.25083,0.25092
3.9200,PASSIVE_RELEASE,0.0000,0.0000,0.0000,0.0000,0.00671,0.00000,0.25083,0.25092
3.9300,PASSIVE_RELEASE,0.0000,0.0000,0.0000,0.0000,0.00651,0.00000,0.25082,0.25090
3.9400,PASSIVE_RELEASE,0.0000,0.0000,0.0000,0.0000,0.00627,0.00000,0.25081,0.25089
3.9500,PASSIVE_RELEASE,0.0000,0.0000,0.0000,0.0000,0.00600,0.00000,0.25080,0.25088
3.9600,PASSIVE_RELEASE,0.0000,0.0000,0.0000,0.0000,0.00570,0.00000,0.25079,0.25086
3.9700,PASSIVE_RELEASE,0.0000,0.0000,0.0000,0.0000,0.00538,0.00000,0.25078,0.25084
3.9800,PASSIVE_RELEASE,0.0000,0.0000,0.0000,0.0000,0.00503,0.00000,0.25077,0.25082
3.9900,PASSIVE_RELEASE,0.0000,0.0000,0.0000,0.0000,0.00466,0.00000,0.25076,0.25081
4.0000,PASSIVE_RELEASE,0.0000,0.0000,0.0000,0.0000,0.00427,0.00000,0.25075,0.25079
4.0100,PASSIVE_RELEASE,0.0000,0.0000,0.0000,0.0000,0.00387,0.00000,0.25075,0.25078
4.0200,PASSIVE_RELEASE,0.0000,0.0000,0.0000,0.0000,0.00346,0.00000,0.25074,0.25076
4.0300,PASSIVE_RELEASE,0.0000,0.0000,0.0000,0.0000,0.00304,0.00000,0.25073,0.25075
4.0400,PASSIVE_RELEASE,0.0000,0.0000,0.0000,0.0000,0.00262,0.00000,0.25072,0.25074
4.0500,PASSIVE_RELEASE,0.0000,0.0000,0.0000,0.0000,0.00219,0.00000,0.25072,0.25073
4.0600,PASSIVE_RELEASE,0.0000,0.0000,0.0000,0.0000,0.00177,0.00000,0.25071,0.25072
4.0700,PASSIVE_RELEASE,0.0000,0.0000,0.0000,0.0000,0.00136,0.00000,0.25071,0.25071
4.0800,PASSIVE_RELEASE,0.0000,0.0000,0.0000,0.0000,0.00095,0.00000,0.25071,0.25071
4.0900,PASSIVE_RELEASE,0.0000,0.0000,0.0000,0.0000,0.00055,0.00000,0.25070,0.25070
4.1000,PASSIVE_RELEASE,0.0000,0.0000,0.0000,0.0000,0.00017,0.00000,0.25070,0.25070
4.1100,PASSIVE_RELEASE,0.0000,0.0000,0.0000,0.0000,-0.00020,0.00000,0.25070,0.25070
4.1200,PASSIVE_RELEASE,0.0000,0.0000,0.0000,0.0000,-0.00055,0.00000,0.25070,0.25070
4.1300,PASSIVE_RELEASE,0.0000,0.0000,0.0000,0.0000,-0.00089,0.00000,0.25071,0.25071
4.1400,PASSIVE_RELEASE,0.0000,0.0000,0.0000,0.0000,-0.00120,0.00000,0.25071,0.25071
4.1500,PASSIVE_RELEASE,0.0000,0.0000,0.0000,0.0000,-0.00150,0.00000,0.25071,0.25071
4.1600,PASSIVE_RELEASE,0.0000,0.0000,0.0000,0.0000,-0.00177,0.00000,0.25071,0.25072
4.1700,PASSIVE_RELEASE,0.0000,0.0000,0.0000,0.0000,-0.00202,0.00000,0.25072,0.25072
4.1800,PASSIVE_RELEASE,0.0000,0.0000,0.0000,0.0000,-0.00224,0.00000,0.25072,0.25073
4.1900,PASSIVE_RELEASE,0.0000,0.0000,0.0000,0.0000,-0.00244,0.00000,0.25072,0.25073
4.2000,PASSIVE_RELEASE,0.0000,0.0000,0.0000,0.0000,-0.00261,0.00000,0.25072,0.25074
4.2100,PASSIVE_RELEASE,0.0000,0.0000,0.0000,0.0000,-0.00276,0.00000,0.25073,0.25074
4.2200,PASSIVE_RELEASE,0.0000,0.0000,0.0000,0.0000,-0.00288,0.00000,0.25073,0.25075
4.2300,PASSIVE_RELEASE,0.0000,0.0000,0.0000,0.0000,-0.00298,0.00000,0.25073,0.25075
4.2400,PASSIVE_RELEASE,0.0000,0.0000,0.0000,0.0000,-0.00305,0.00000,0.25073,0.25075
4.2500,PASSIVE_RELEASE,0.0000,0.0000,0.0000,0.0000,-0.00310,0.00000,0.25073,0.25075
4.2600,PASSIVE_RELEASE,0.0000,0.0000,0.0000,0.0000,-0.00312,0.00000,0.25074,0.25075
4.2700,PASSIVE_RELEASE,0.0000,0.0000,0.0000,0.0000,-0.00313,0.00000,0.25074,0.25076
4.2800,PASSIVE_RELEASE,0.0000,0.0000,0.0000,0.0000,-0.00311,0.00000,0.25074,0.25076
4.2900,PASSIVE_RELEASE,0.0000,0.0000,0.0000,0.0000,-0.00307,0.00000,0.25074,0.25075
4.3000,PASSIVE_RELEASE,0.0000,0.0000,0.0000,0.0000,-0.00300,0.00000,0.25073,0.25075
4.3100,PASSIVE_RELEASE,0.0000,0.0000,0.0000,0.0000,-0.00293,0.00000,0.25073,0.25075
4.3200,PASSIVE_RELEASE,0.0000,0.0000,0.0000,0.0000,-0.00283,0.00000,0.25073,0.25075
4.3300,PASSIVE_RELEASE,0.0000,0.0000,0.0000,0.0000,-0.00272,0.00000,0.25073,0.25075
4.3400,PASSIVE_RELEASE,0.0000,0.0000,0.0000,0.0000,-0.00259,0.00000,0.25073,0.25074
4.3500,PASSIVE_RELEASE,0.0000,0.0000,0.0000,0.0000,-0.00245,0.00000,0.25073,0.25074
4.3600,PASSIVE_RELEASE,0.0000,0.0000,0.0000,0.0000,-0.00230,0.00000,0.25073,0.25074
4.3700,PASSIVE_RELEASE,0.0000,0.0000,0.0000,0.0000,-0.00214,0.00000,0.25072,0.25073
4.3800,PASSIVE_RELEASE,0.0000,0.0000,0.0000,0.0000,-0.00197,0.00000,0.25072,0.25073
4.3900,PASSIVE_RELEASE,0.0000,0.0000,0.0000,0.0000,-0.00180,0.00000,0.25072,0.25073
4.4000,PASSIVE_RELEASE,0.0000,0.0000,0.0000,0.0000,-0.00161,0.00000,0.25072,0.25072
4.4100,PASSIVE_RELEASE,0.0000,0.0000,0.0000,0.0000,-0.00143,0.00000,0.25072,0.25072
4.4200,PASSIVE_RELEASE,0.0000,0.0000,0.0000,0.0000,-0.00124,0.00000,0.25071,0.25072
4.4300,PASSIVE_RELEASE,0.0000,0.0000,0.0000,0.0000,-0.00105,0.00000,0.25071,0.25072
4.4400,PASSIVE_RELEASE,0.0000,0.0000,0.0000,0.0000,-0.00086,0.00000,0.25071,0.25071
4.4500,PASSIVE_RELEASE,0.0000,0.0000,0.0000,0.0000,-0.00068,0.00000,0.25071,0.25071
4.4600,PASSIVE_RELEASE,0.0000,0.0000,0.0000,0.0000,-0.00049,0.00000,0.25071,0.25071
4.4700,PASSIVE_RELEASE,0.0000,0.0000,0.0000,0.0000,-0.00031,0.00000,0.25071,0.25071
4.4800,PASSIVE_RELEASE,0.0000,0.0000,0.0000,0.0000,-0.00014,0.00000,0.25071,0.25071
4.4900,PASSIVE_RELEASE,0.0000,0.0000,0.0000,0.0000,0.00003,0.00000,0.25071,0.25071
4.5000,PASSIVE_RELEASE,0.0000,0.0000,0.0000,0.0000,0.00019,0.00000,0.25071,0.25071
4.5100,PASSIVE_RELEASE,0.0000,0.0000,0.0000,0.0000,0.00035,0.00000,0.25071,0.25071
4.5200,PASSIVE_RELEASE,0.0000,0.0000,0.0000,0.0000,0.00049,0.00000,0.25071,0.25071
4.5300,PASSIVE_RELEASE,0.0000,0.0000,0.0000,0.0000,0.00063,0.00000,0.25071,0.25071
4.5400,PASSIVE_RELEASE,0.0000,0.0000,0.0000,0.0000,0.00075,0.00000,0.25071,0.25071
4.5500,PASSIVE_RELEASE,0.0000,0.0000,0.0000,0.0000,0.00087,0.00000,0.25071,0.25071
4.5600,PASSIVE_RELEASE,0.0000,0.0000,0.0000,0.0000,0.00097,0.00000,0.25071,0.25072
4.5700,PASSIVE_RELEASE,0.0000,0.0000,0.0000,0.0000,0.00107,0.00000,0.25071,0.25072
4.5800,PASSIVE_RELEASE,0.0000,0.0000,0.0000,0.0000,0.00115,0.00000,0.25071,0.25072
4.5900,PASSIVE_RELEASE,0.0000,0.0000,0.0000,0.0000,0.00122,0.00000,0.25072,0.25072
4.6000,PASSIVE_RELEASE,0.0000,0.0000,0.0000,0.0000,0.00128,0.00000,0.25072,0.25072
4.6100,PASSIVE_RELEASE,0.0000,0.0000,0.0000,0.0000,0.00133,0.00000,0.25072,0.25072
4.6200,PASSIVE_RELEASE,0.0000,0.0000,0.0000,0.0000,0.00137,0.00000,0.25072,0.25072
4.6300,PASSIVE_RELEASE,0.0000,0.0000,0.0000,0.0000,0.00139,0.00000,0.25072,0.25072
4.6400,PASSIVE_RELEASE,0.0000,0.0000,0.0000,0.0000,0.00141,0.00000,0.25072,0.25072
4.6500,PASSIVE_RELEASE,0.0000,0.0000,0.0000,0.0000,0.00141,0.00000,0.25072,0.25072
4.6600,PASSIVE_RELEASE,0.0000,0.0000,0.0000,0.0000,0.00141,0.00000,0.25072,0.25072
4.6700,PASSIVE_RELEASE,0.0000,0.0000,0.0000,0.0000,0.00139,0.00000,0.25072,0.25072
4.6800,PASSIVE_RELEASE,0.0000,0.0000,0.0000,0.0000,0.00137,0.00000,0.25072,0.25072
4.6900,PASSIVE_RELEASE,0.0000,0.0000,0.0000,0.0000,0.00134,0.00000,0.25072,0.25072
4.7000,PASSIVE_RELEASE,0.0000,0.0000,0.0000,0.0000,0.00130,0.00000,0.25072,0.25072
4.7100,PASSIVE_RELEASE,0.0000,0.0000,0.0000,0.0000,0.00125,0.00000,0.25072,0.25072
4.7200,PASSIVE_RELEASE,0.0000,0.0000,0.0000,0.0000,0.00120,0.00000,0.25072,0.25072
4.7300,PASSIVE_RELEASE,0.0000,0.0000,0.0000,0.0000,0.00114,0.00000,0.25072,0.25072
4.7400,PASSIVE_RELEASE,0.0000,0.0000,0.0000,0.0000,0.00107,0.00000,0.25072,0.25072
4.7500,PASSIVE_RELEASE,0.0000,0.0000,0.0000,0.0000,0.00100,0.00000,0.25071,0.25072
4.7600,PASSIVE_RELEASE,0.0000,0.0000,0.0000,0.0000,0.00093,0.00000,0.25071,0.25072
4.7700,PASSIVE_RELEASE,0.0000,0.0000,0.0000,0.0000,0.00085,0.00000,0.25071,0.25072
4.7800,PASSIVE_RELEASE,0.0000,0.0000,0.0000,0.0000,0.00077,0.00000,0.25071,0.25071
4.7900,PASSIVE_RELEASE,0.0000,0.0000,0.0000,0.0000,0.00068,0.00000,0.25071,0.25071
4.8000,PASSIVE_RELEASE,0.0000,0.0000,0.0000,0.0000,0.00060,0.00000,0.25071,0.25071
4.8100,PASSIVE_RELEASE,0.0000,0.0000,0.0000,0.0000,0.00052,0.00000,0.25071,0.25071
4.8200,PASSIVE_RELEASE,0.0000,0.0000,0.0000,0.0000,0.00043,0.00000,0.25071,0.25071
4.8300,PASSIVE_RELEASE,0.0000,0.0000,0.0000,0.0000,0.00035,0.00000,0.25071,0.25071
4.8400,PASSIVE_RELEASE,0.0000,0.0000,0.0000,0.0000,0.00026,0.00000,0.25071,0.25071
4.8500,PASSIVE_RELEASE,0.0000,0.0000,0.0000,0.0000,0.00018,0.00000,0.25071,0.25071
4.8600,PASSIVE_RELEASE,0.0000,0.0000,0.0000,0.0000,0.00010,0.00000,0.25071,0.25071
4.8700,PASSIVE_RELEASE,0.0000,0.0000,0.0000,0.0000,0.00002,0.00000,0.25071,0.25071
4.8800,PASSIVE_RELEASE,0.0000,0.0000,0.0000,0.0000,-0.00005,0.00000,0.25071,0.25071
4.8900,PASSIVE_RELEASE,0.0000,0.0000,0.0000,0.0000,-0.00012,0.00000,0.25071,0.25071
4.9000,PASSIVE_RELEASE,0.0000,0.0000,0.0000,0.0000,-0.00019,0.00000,0.25071,0.25071
4.9100,PASSIVE_RELEASE,0.0000,0.0000,0.0000,0.0000,-0.00025,0.00000,0.25071,0.25071
4.9200,PASSIVE_RELEASE,0.0000,0.0000,0.0000,0.0000,-0.00031,0.00000,0.25071,0.25071
4.9300,PASSIVE_RELEASE,0.0000,0.0000,0.0000,0.0000,-0.00037,0.00000,0.25071,0.25071
4.9400,PASSIVE_RELEASE,0.0000,0.0000,0.0000,0.0000,-0.00042,0.00000,0.25071,0.25071
4.9500,PASSIVE_RELEASE,0.0000,0.0000,0.0000,0.0000,-0.00046,0.00000,0.25071,0.25071
4.9600,PASSIVE_RELEASE,0.0000,0.0000,0.0000,0.0000,-0.00050,0.00000,0.25071,0.25071
4.9700,PASSIVE_RELEASE,0.0000,0.0000,0.0000,0.0000,-0.00053,0.00000,0.25071,0.25071
4.9800,PASSIVE_RELEASE,0.0000,0.0000,0.0000,0.0000,-0.00056,0.00000,0.25071,0.25071
4.9900,PASSIVE_RELEASE,0.0000,0.0000,0.0000,0.0000,-0.00059,0.00000,0.25071,0.25071
5.0000,PASSIVE_RELEASE,0.0000,0.0000,0.0000,0.0000,-0.00061,0.00000,0.25071,0.25071
5.0100,PASSIVE_RELEASE,0.0000,0.0000,0.0000,0.0000,-0.00062,0.00000,0.25071,0.25071
5.0200,PASSIVE_RELEASE,0.0000,0.0000,0.0000,0.0000,-0.00063,0.00000,0.25071,0.25071
5.0300,PASSIVE_RELEASE,0.0000,0.0000,0.0000,0.0000,-0.00064,0.00000,0.25071,0.25071
5.0400,PASSIVE_RELEASE,0.0000,0.0000,0.0000,0.0000,-0.00063,0.00000,0.25071,0.25071
5.0500,PASSIVE_RELEASE,0.0000,0.0000,0.0000,0.0000,-0.00063,0.00000,0.25071,0.25071
5.0600,PASSIVE_RELEASE,0.0000,0.0000,0.0000,0.0000,-0.00062,0.00000,0.25071,0.25071
5.0700,PASSIVE_RELEASE,0.0000,0.0000,0.0000,0.0000,-0.00061,0.00000,0.25071,0.25071
5.0800,PASSIVE_RELEASE,0.0000,0.0000,0.0000,0.0000,-0.00059,0.00000,0.25071,0.25071
5.0900,PASSIVE_RELEASE,0.0000,0.0000,0.0000,0.0000,-0.00057,0.00000,0.25071,0.25071
5.1000,PASSIVE_RELEASE,0.0000,0.0000,0.0000,0.0000,-0.00055,0.00000,0.25071,0.25071
5.1100,PASSIVE_RELEASE,0.0000,0.0000,0.0000,0.0000,-0.00052,0.00000,0.25071,0.25071
5.1200,PASSIVE_RELEASE,0.0000,0.0000,0.0000,0.0000,-0.00050,0.00000,0.25071,0.25071
5.1300,PASSIVE_RELEASE,0.0000,0.0000,0.0000,0.0000,-0.00047,0.00000,0.25071,0.25071
5.1400,PASSIVE_RELEASE,0.0000,0.0000,0.0000,0.0000,-0.00043,0.00000,0.25071,0.25071
5.1500,PASSIVE_RELEASE,0.0000,0.0000,0.0000,0.0000,-0.00040,0.00000,0.25071,0.25071
5.1600,PASSIVE_RELEASE,0.0000,0.0000,0.0000,0.0000,-0.00036,0.00000,0.25071,0.25071
5.1700,PASSIVE_RELEASE,0.0000,0.0000,0.0000,0.0000,-0.00033,0.00000,0.25071,0.25071
5.1800,PASSIVE_RELEASE,0.0000,0.0000,0.0000,0.0000,-0.00029,0.00000,0.25071,0.25071
5.1900,PASSIVE_RELEASE,0.0000,0.0000,0.0000,0.0000,-0.00025,0.00000,0.25071,0.25071
5.2000,PASSIVE_RELEASE,0.0000,0.0000,0.0000,0.0000,-0.00021,0.00000,0.25071,0.25071
5.2100,PASSIVE_RELEASE,0.0000,0.0000,0.0000,0.0000,-0.00017,0.00000,0.25071,0.25071
5.2200,PASSIVE_RELEASE,0.0000,0.0000,0.0000,0.0000,-0.00014,0.00000,0.25071,0.25071
5.2300,PASSIVE_RELEASE,0.0000,0.0000,0.0000,0.0000,-0.00010,0.00000,0.25071,0.25071
5.2400,PASSIVE_RELEASE,0.0000,0.0000,0.0000,0.0000,-0.00006,0.00000,0.25071,0.25071
5.2500,PASSIVE_RELEASE,0.0000,0.0000,0.0000,0.0000,-0.00003,0.00000,0.25071,0.25071
5.2600,PASSIVE_RELEASE,0.0000,0.0000,0.0000,0.0000,0.00001,0.00000,0.25071,0.25071
5.2700,PASSIVE_RELEASE,0.0000,0.0000,0.0000,0.0000,0.00004,0.00000,0.25071,0.25071
5.2800,PASSIVE_RELEASE,0.0000,0.0000,0.0000,0.0000,0.00007,0.00000,0.25071,0.25071
5.2900,PASSIVE_RELEASE,0.0000,0.0000,0.0000,0.0000,0.00010,0.00000,0.25071,0.25071
5.3000,PASSIVE_RELEASE,0.0000,0.0000,0.0000,0.0000,0.00013,0.00000,0.25071,0.25071
5.3100,PASSIVE_RELEASE,0.0000,0.0000,0.0000,0.0000,0.00015,0.00000,0.25071,0.25071
5.3200,PASSIVE_RELEASE,0.0000,0.0000,0.0000,0.0000,0.00018,0.00000,0.25071,0.25071
5.3300,PASSIVE_RELEASE,0.0000,0.0000,0.0000,0.0000,0.00020,0.00000,0.25071,0.25071
5.3400,PASSIVE_RELEASE,0.0000,0.0000,0.0000,0.0000,0.00022,0.00000,0.25071,0.25071
5.3500,PASSIVE_RELEASE,0.0000,0.0000,0.0000,0.0000,0.00023,0.00000,0.25071,0.25071
5.3600,PASSIVE_RELEASE,0.0000,0.0000,0.0000,0.0000,0.00025,0.00000,0.25071,0.25071
5.3700,PASSIVE_RELEASE,0.0000,0.0000,0.0000,0.0000,0.00026,0.00000,0.25071,0.25071
5.3800,PASSIVE_RELEASE,0.0000,0.0000,0.0000,0.0000,0.00027,0.00000,0.25071,0.25071
5.3900,PASSIVE_RELEASE,0.0000,0.0000,0.0000,0.0000,0.00028,0.00000,0.25071,0.25071
5.4000,PASSIVE_RELEASE,0.0000,0.0000,0.0000,0.0000,0.00028,0.00000,0.25071,0.25071
5.4100,PASSIVE_RELEASE,0.0000,0.0000,0.0000,0.0000,0.00029,0.00000,0.25071,0.25071
5.4200,PASSIVE_RELEASE,0.0000,0.0000,0.0000,0.0000,0.00029,0.00000,0.25071,0.25071
5.4300,PASSIVE_RELEASE,0.0000,0.0000,0.0000,0.0000,0.00028,0.00000,0.25071,0.25071
5.4400,PASSIVE_RELEASE,0.0000,0.0000,0.0000,0.0000,0.00028,0.00000,0.25071,0.25071
5.4500,PASSIVE_RELEASE,0.0000,0.0000,0.0000,0.0000,0.00028,0.00000,0.25071,0.25071
5.4600,PASSIVE_RELEASE,0.0000,0.0000,0.0000,0.0000,0.00027,0.00000,0.25071,0.25071
5.4700,PASSIVE_RELEASE,0.0000,0.0000,0.0000,0.0000,0.00026,0.00000,0.25071,0.25071
5.4800,PASSIVE_RELEASE,0.0000,0.0000,0.0000,0.0000,0.00025,0.00000,0.25071,0.25071
5.4900,PASSIVE_RELEASE,0.0000,0.0000,0.0000,0.0000,0.00024,0.00000,0.25071,0.25071
5.5000,PASSIVE_RELEASE,0.0000,0.0000,0.0000,0.0000,0.00023,0.00000,0.25071,0.25071
5.5100,PASSIVE_RELEASE,0.0000,0.0000,0.0000,0.0000,0.00022,0.00000,0.25071,0.25071
5.5200,PASSIVE_RELEASE,0.0000,0.0000,0.0000,0.0000,0.00020,0.00000,0.25071,0.25071
5.5300,PASSIVE_RELEASE,0.0000,0.0000,0.0000,0.0000,0.00019,0.00000,0.25071,0.25071
5.5400,PASSIVE_RELEASE,0.0000,0.0000,0.0000,0.0000,0.00017,0.00000,0.25071,0.25071
5.5500,PASSIVE_RELEASE,0.0000,0.0000,0.0000,0.0000,0.00015,0.00000,0.25071,0.25071
5.5600,PASSIVE_RELEASE,0.0000,0.0000,0.0000,0.0000,0.00014,0.00000,0.25071,0.25071
5.5700,PASSIVE_RELEASE,0.0000,0.0000,0.0000,0.0000,0.00012,0.00000,0.25071,0.25071
5.5800,PASSIVE_RELEASE,0.0000,0.0000,0.0000,0.0000,0.00010,0.00000,0.25071,0.25071
5.5900,PASSIVE_RELEASE,0.0000,0.0000,0.0000,0.0000,0.00009,0.00000,0.25071,0.25071
5.6000,PASSIVE_RELEASE,0.0000,0.0000,0.0000,0.0000,0.00007,0.00000,0.25071,0.25071
5.6100,PASSIVE_RELEASE,0.0000,0.0000,0.0000,0.0000,0.00005,0.00000,0.25071,0.25071
5.6200,PASSIVE_RELEASE,0.0000,0.0000,0.0000,0.0000,0.00004,0.00000,0.25071,0.25071
5.6300,PASSIVE_RELEASE,0.0000,0.0000,0.0000,0.0000,0.00002,0.00000,0.25071,0.25071
5.6400,PASSIVE_RELEASE,0.0000,0.0000,0.0000,0.0000,0.00000,0.00000,0.25071,0.25071
5.6500,PASSIVE_RELEASE,0.0000,0.0000,0.0000,0.0000,-0.00001,0.00000,0.25071,0.25071
5.6600,PASSIVE_RELEASE,0.0000,0.0000,0.0000,0.0000,-0.00003,0.00000,0.25071,0.25071
5.6700,PASSIVE_RELEASE,0.0000,0.0000,0.0000,0.0000,-0.00004,0.00000,0.25071,0.25071
5.6800,PASSIVE_RELEASE,0.0000,0.0000,0.0000,0.0000,-0.00005,0.00000,0.25071,0.25071
5.6900,PASSIVE_RELEASE,0.0000,0.0000,0.0000,0.0000,-0.00006,0.00000,0.25071,0.25071
5.7000,PASSIVE_RELEASE,0.0000,0.0000,0.0000,0.0000,-0.00007,0.00000,0.25071,0.25071
5.7100,PASSIVE_RELEASE,0.0000,0.0000,0.0000,0.0000,-0.00008,0.00000,0.25071,0.25071
5.7200,PASSIVE_RELEASE,0.0000,0.0000,0.0000,0.0000,-0.00009,0.00000,0.25071,0.25071
5.7300,PASSIVE_RELEASE,0.0000,0.0000,0.0000,0.0000,-0.00010,0.00000,0.25071,0.25071
5.7400,PASSIVE_RELEASE,0.0000,0.0000,0.0000,0.0000,-0.00011,0.00000,0.25071,0.25071
5.7500,PASSIVE_RELEASE,0.0000,0.0000,0.0000,0.0000,-0.00011,0.00000,0.25071,0.25071
5.7600,PASSIVE_RELEASE,0.0000,0.0000,0.0000,0.0000,-0.00012,0.00000,0.25071,0.25071
5.7700,PASSIVE_RELEASE,0.0000,0.0000,0.0000,0.0000,-0.00012,0.00000,0.25071,0.25071
5.7800,PASSIVE_RELEASE,0.0000,0.0000,0.0000,0.0000,-0.00013,0.00000,0.25071,0.25071
5.7900,PASSIVE_RELEASE,0.0000,0.0000,0.0000,0.0000,-0.00013,0.00000,0.25071,0.25071
5.8000,PASSIVE_RELEASE,0.0000,0.0000,0.0000,0.0000,-0.00013,0.00000,0.25071,0.25071
5.8100,PASSIVE_RELEASE,0.0000,0.0000,0.0000,0.0000,-0.00013,0.00000,0.25071,0.25071
5.8200,PASSIVE_RELEASE,0.0000,0.0000,0.0000,0.0000,-0.00013,0.00000,0.25071,0.25071
5.8300,PASSIVE_RELEASE,0.0000,0.0000,0.0000,0.0000,-0.00013,0.00000,0.25071,0.25071
5.8400,PASSIVE_RELEASE,0.0000,0.0000,0.0000,0.0000,-0.00012,0.00000,0.25071,0.25071
5.8500,PASSIVE_RELEASE,0.0000,0.0000,0.0000,0.0000,-0.00012,0.00000,0.25071,0.25071
5.8600,PASSIVE_RELEASE,0.0000,0.0000,0.0000,0.0000,-0.00012,0.00000,0.25071,0.25071
5.8700,PASSIVE_RELEASE,0.0000,0.0000,0.0000,0.0000,-0.00011,0.00000,0.25071,0.25071
5.8800,PASSIVE_RELEASE,0.0000,0.0000,0.0000,0.0000,-0.00011,0.00000,0.25071,0.25071
5.8900,PASSIVE_RELEASE,0.0000,0.0000,0.0000,0.0000,-0.00010,0.00000,0.25071,0.25071
5.9000,PASSIVE_RELEASE,0.0000,0.0000,0.0000,0.0000,-0.00009,0.00000,0.25071,0.25071
5.9100,PASSIVE_RELEASE,0.0000,0.0000,0.0000,0.0000,-0.00009,0.00000,0.25071,0.25071
5.9200,PASSIVE_RELEASE,0.0000,0.0000,0.0000,0.0000,-0.00008,0.00000,0.25071,0.25071
5.9300,PASSIVE_RELEASE,0.0000,0.0000,0.0000,0.0000,-0.00007,0.00000,0.25071,0.25071
5.9400,PASSIVE_RELEASE,0.0000,0.0000,0.0000,0.0000,-0.00007,0.00000,0.25071,0.25071
5.9500,PASSIVE_RELEASE,0.0000,0.0000,0.0000,0.0000,-0.00006,0.00000,0.25071,0.25071
5.9600,PASSIVE_RELEASE,0.0000,0.0000,0.0000,0.0000,-0.00005,0.00000,0.25071,0.25071
5.9700,PASSIVE_RELEASE,0.0000,0.0000,0.0000,0.0000,-0.00004,0.00000,0.25071,0.25071
5.9800,PASSIVE_RELEASE,0.0000,0.0000,0.0000,0.0000,-0.00003,0.00000,0.25071,0.25071
5.9900,PASSIVE_RELEASE,0.0000,0.0000,0.0000,0.0000,-0.00003,0.00000,0.25071,0.25071
6.0000,PASSIVE_RELEASE,0.0000,0.0000,0.0000,0.0000,-0.00002,0.00000,0.25071,0.25071
6.0100,PASSIVE_RELEASE,0.0000,0.0000,0.0000,0.0000,-0.00001,0.00000,0.25071,0.25071
6.0200,PASSIVE_RELEASE,0.0000,0.0000,0.0000,0.0000,-0.00000,0.00000,0.25071,0.25071
6.0300,PASSIVE_RELEASE,0.0000,0.0000,0.0000,0.0000,0.00000,0.00000,0.25071,0.25071
6.0400,PASSIVE_RELEASE,0.0000,0.0000,0.0000,0.0000,0.00001,0.00000,0.25071,0.25071
6.0500,PASSIVE_RELEASE,0.0000,0.0000,0.0000,0.0000,0.00001,0.00000,0.25071,0.25071
6.0600,PASSIVE_RELEASE,0.0000,0.0000,0.0000,0.0000,0.00002,0.00000,0.25071,0.25071
6.0700,PASSIVE_RELEASE,0.0000,0.0000,0.0000,0.0000,0.00003,0.00000,0.25071,0.25071
6.0800,PASSIVE_RELEASE,0.0000,0.0000,0.0000,0.0000,0.00003,0.00000,0.25071,0.25071
6.0900,PASSIVE_RELEASE,0.0000,0.0000,0.0000,0.0000,0.00004,0.00000,0.25071,0.25071
6.1000,PASSIVE_RELEASE,0.0000,0.0000,0.0000,0.0000,0.00004,0.00000,0.25071,0.25071
6.1100,PASSIVE_RELEASE,0.0000,0.0000,0.0000,0.0000,0.00004,0.00000,0.25071,0.25071
6.1200,PASSIVE_RELEASE,0.0000,0.0000,0.0000,0.0000,0.00005,0.00000,0.25071,0.25071
6.1300,PASSIVE_RELEASE,0.0000,0.0000,0.0000,0.0000,0.00005,0.00000,0.25071,0.25071
6.1400,PASSIVE_RELEASE,0.0000,0.0000,0.0000,0.0000,0.00005,0.00000,0.25071,0.25071
6.1500,PASSIVE_RELEASE,0.0000,0.0000,0.0000,0.0000,0.00005,0.00000,0.25071,0.25071
6.1600,PASSIVE_RELEASE,0.0000,0.0000,0.0000,0.0000,0.00006,0.00000,0.25071,0.25071
6.1700,PASSIVE_RELEASE,0.0000,0.0000,0.0000,0.0000,0.00006,0.00000,0.25071,0.25071
6.1800,PASSIVE_RELEASE,0.0000,0.0000,0.0000,0.0000,0.00006,0.00000,0.25071,0.25071
6.1900,PASSIVE_RELEASE,0.0000,0.0000,0.0000,0.0000,0.00006,0.00000,0.25071,0.25071
6.2000,PASSIVE_RELEASE,0.0000,0.0000,0.0000,0.0000,0.00006,0.00000,0.25071,0.25071
6.2100,PASSIVE_RELEASE,0.0000,0.0000,0.0000,0.0000,0.00006,0.00000,0.25071,0.25071
6.2200,PASSIVE_RELEASE,0.0000,0.0000,0.0000,0.0000,0.00006,0.00000,0.25071,0.25071
6.2300,PASSIVE_RELEASE,0.0000,0.0000,0.0000,0.0000,0.00005,0.00000,0.25071,0.25071
6.2400,PASSIVE_RELEASE,0.0000,0.0000,0.0000,0.0000,0.00005,0.00000,0.25071,0.25071
6.2500,PASSIVE_RELEASE,0.0000,0.0000,0.0000,0.0000,0.00005,0.00000,0.25071,0.25071
6.2600,PASSIVE_RELEASE,0.0000,0.0000,0.0000,0.0000,0.00005,0.00000,0.25071,0.25071
6.2700,PASSIVE_RELEASE,0.0000,0.0000,0.0000,0.0000,0.00005,0.00000,0.25071,0.25071
6.2800,PASSIVE_RELEASE,0.0000,0.0000,0.0000,0.0000,0.00004,0.00000,0.25071,0.25071
6.2900,PASSIVE_RELEASE,0.0000,0.0000,0.0000,0.0000,0.00004,0.00000,0.25071,0.25071
6.3000,PASSIVE_RELEASE,0.0000,0.0000,0.0000,0.0000,0.00004,0.00000,0.25071,0.25071
6.3100,PASSIVE_RELEASE,0.0000,0.0000,0.0000,0.0000,0.00003,0.00000,0.25071,0.25071
6.3200,PASSIVE_RELEASE,0.0000,0.0000,0.0000,0.0000,0.00003,0.00000,0.25071,0.25071
6.3300,PASSIVE_RELEASE,0.0000,0.0000,0.0000,0.0000,0.00003,0.00000,0.25071,0.25071
6.3400,PASSIVE_RELEASE,0.0000,0.0000,0.0000,0.0000,0.00002,0.00000,0.25071,0.25071
6.3500,PASSIVE_RELEASE,0.0000,0.0000,0.0000,0.0000,0.00002,0.00000,0.25071,0.25071
6.3600,PASSIVE_RELEASE,0.0000,0.0000,0.0000,0.0000,0.00002,0.00000,0.25071,0.25071
6.3700,PASSIVE_RELEASE,0.0000,0.0000,0.0000,0.0000,0.00001,0.00000,0.25071,0.25071
6.3800,PASSIVE_RELEASE,0.0000,0.0000,0.0000,0.0000,0.00001,0.00000,0.25071,0.25071
6.3900,PASSIVE_RELEASE,0.0000,0.0000,0.0000,0.0000,0.00001,0.00000,0.25071,0.25071
6.4000,PASSIVE_RELEASE,0.0000,0.0000,0.0000,0.0000,0.00000,0.00000,0.25071,0.25071
6.4100,PASSIVE_RELEASE,0.0000,0.0000,0.0000,0.0000,0.00000,0.00000,0.25071,0.25071
6.4200,PASSIVE_RELEASE,0.0000,0.0000,0.0000,0.0000,-0.00000,0.00000,0.25071,0.25071
6.4300,PASSIVE_RELEASE,0.0000,0.0000,0.0000,0.0000,-0.00001,0.00000,0.25071,0.25071
6.4400,PASSIVE_RELEASE,0.0000,0.0000,0.0000,0.0000,-0.00001,0.00000,0.25071,0.25071
6.4500,PASSIVE_RELEASE,0.0000,0.0000,0.0000,0.0000,-0.00001,0.00000,0.25071,0.25071
6.4600,PASSIVE_RELEASE,0.0000,0.0000,0.0000,0.0000,-0.00001,0.00000,0.25071,0.25071
6.4700,PASSIVE_RELEASE,0.0000,0.0000,0.0000,0.0000,-0.00002,0.00000,0.25071,0.25071
6.4800,PASSIVE_RELEASE,0.0000,0.0000,0.0000,0.0000,-0.00002,0.00000,0.25071,0.25071
6.4900,PASSIVE_RELEASE,0.0000,0.0000,0.0000,0.0000,-0.00002,0.00000,0.25071,0.25071
6.5000,PASSIVE_RELEASE,0.0000,0.0000,0.0000,0.0000,-0.00002,0.00000,0.25071,0.25071
6.5100,PASSIVE_RELEASE,0.0000,0.0000,0.0000,0.0000,-0.00002,0.00000,0.25071,0.25071
6.5200,PASSIVE_RELEASE,0.0000,0.0000,0.0000,0.0000,-0.00002,0.00000,0.25071,0.25071
6.5300,PASSIVE_RELEASE,0.0000,0.0000,0.0000,0.0000,-0.00002,0.00000,0.25071,0.25071
6.5400,PASSIVE_RELEASE,0.0000,0.0000,0.0000,0.0000,-0.00002,0.00000,0.25071,0.25071
6.5500,PASSIVE_RELEASE,0.0000,0.0000,0.0000,0.0000,-0.00003,0.00000,0.25071,0.25071
6.5600,PASSIVE_RELEASE,0.0000,0.0000,0.0000,0.0000,-0.00003,0.00000,0.25071,0.25071
6.5700,PASSIVE_RELEASE,0.0000,0.0000,0.0000,0.0000,-0.00003,0.00000,0.25071,0.25071
6.5800,PASSIVE_RELEASE,0.0000,0.0000,0.0000,0.0000,-0.00003,0.00000,0.25071,0.25071
6.5900,PASSIVE_RELEASE,0.0000,0.0000,0.0000,0.0000,-0.00003,0.00000,0.25071,0.25071
6.6000,PASSIVE_RELEASE,0.0000,0.0000,0.0000,0.0000,-0.00003,0.00000,0.25071,0.25071
6.6100,PASSIVE_RELEASE,0.0000,0.0000,0.0000,0.0000,-0.00002,0.00000,0.25071,0.25071
6.6200,PASSIVE_RELEASE,0.0000,0.0000,0.0000,0.0000,-0.00002,0.00000,0.25071,0.25071
6.6300,PASSIVE_RELEASE,0.0000,0.0000,0.0000,0.0000,-0.00002,0.00000,0.25071,0.25071
6.6400,PASSIVE_RELEASE,0.0000,0.0000,0.0000,0.0000,-0.00002,0.00000,0.25071,0.25071
6.6500,PASSIVE_RELEASE,0.0000,0.0000,0.0000,0.0000,-0.00002,0.00000,0.25071,0.25071
6.6600,PASSIVE_RELEASE,0.0000,0.0000,0.0000,0.0000,-0.00002,0.00000,0.25071,0.25071
6.6700,PASSIVE_RELEASE,0.0000,0.0000,0.0000,0.0000,-0.00002,0.00000,0.25071,0.25071
6.6800,PASSIVE_RELEASE,0.0000,0.0000,0.0000,0.0000,-0.00002,0.00000,0.25071,0.25071
6.6900,PASSIVE_RELEASE,0.0000,0.0000,0.0000,0.0000,-0.00002,0.00000,0.25071,0.25071
6.7000,PASSIVE_RELEASE,0.0000,0.0000,0.0000,0.0000,-0.00001,0.00000,0.25071,0.25071
6.7100,PASSIVE_RELEASE,0.0000,0.0000,0.0000,0.0000,-0.00001,0.00000,0.25071,0.25071
6.7200,PASSIVE_RELEASE,0.0000,0.0000,0.0000,0.0000,-0.00001,0.00000,0.25071,0.25071
6.7300,PASSIVE_RELEASE,0.0000,0.0000,0.0000,0.0000,-0.00001,0.00000,0.25071,0.25071
6.7400,PASSIVE_RELEASE,0.0000,0.0000,0.0000,0.0000,-0.00001,0.00000,0.25071,0.25071
6.7500,PASSIVE_RELEASE,0.0000,0.0000,0.0000,0.0000,-0.00001,0.00000,0.25071,0.25071
6.7600,PASSIVE_RELEASE,0.0000,0.0000,0.0000,0.0000,-0.00001,0.00000,0.25071,0.25071
6.7700,PASSIVE_RELEASE,0.0000,0.0000,0.0000,0.0000,-0.00000,0.00000,0.25071,0.25071
6.7800,PASSIVE_RELEASE,0.0000,0.0000,0.0000,0.0000,-0.00000,0.00000,0.25071,0.25071
6.7900,PASSIVE_RELEASE,0.0000,0.0000,0.0000,0.0000,-0.00000,0.00000,0.25071,0.25071
6.8000,PASSIVE_RELEASE,0.0000,0.0000,0.0000,0.0000,0.00000,0.00000,0.25071,0.25071
6.8100,PASSIVE_RELEASE,0.0000,0.0000,0.0000,0.0000,0.00000,0.00000,0.25071,0.25071
6.8200,PASSIVE_RELEASE,0.0000,0.0000,0.0000,0.0000,0.00000,0.00000,0.25071,0.25071
6.8300,PASSIVE_RELEASE,0.0000,0.0000,0.0000,0.0000,0.00000,0.00000,0.25071,0.25071
6.8400,PASSIVE_RELEASE,0.0000,0.0000,0.0000,0.0000,0.00001,0.00000,0.25071,0.25071
6.8500,PASSIVE_RELEASE,0.0000,0.0000,0.0000,0.0000,0.00001,0.00000,0.25071,0.25071
6.8600,PASSIVE_RELEASE,0.0000,0.0000,0.0000,0.0000,0.00001,0.00000,0.25071,0.25071
6.8700,PASSIVE_RELEASE,0.0000,0.0000,0.0000,0.0000,0.00001,0.00000,0.25071,0.25071
6.8800,PASSIVE_RELEASE,0.0000,0.0000,0.0000,0.0000,0.00001,0.00000,0.25071,0.25071
6.8900,PASSIVE_RELEASE,0.0000,0.0000,0.0000,0.0000,0.00001,0.00000,0.25071,0.25071
6.9000,PASSIVE_RELEASE,0.0000,0.0000,0.0000,0.0000,0.00001,0.00000,0.25071,0.25071
6.9100,PASSIVE_RELEASE,0.0000,0.0000,0.0000,0.0000,0.00001,0.00000,0.25071,0.25071
6.9200,PASSIVE_RELEASE,0.0000,0.0000,0.0000,0.0000,0.00001,0.00000,0.25071,0.25071
6.9300,PASSIVE_RELEASE,0.0000,0.0000,0.0000,0.0000,0.00001,0.00000,0.25071,0.25071
6.9400,PASSIVE_RELEASE,0.0000,0.0000,0.0000,0.0000,0.00001,0.00000,0.25071,0.25071
6.9500,PASSIVE_RELEASE,0.0000,0.0000,0.0000,0.0000,0.00001,0.00000,0.25071,0.25071
6.9600,PASSIVE_RELEASE,0.0000,0.0000,0.0000,0.0000,0.00001,0.00000,0.25071,0.25071
6.9700,PASSIVE_RELEASE,0.0000,0.0000,0.0000,0.0000,0.00001,0.00000,0.25071,0.25071
6.9800,PASSIVE_RELEASE,0.0000,0.0000,0.0000,0.0000,0.00001,0.00000,0.25071,0.25071
6.9900,PASSIVE_RELEASE,0.0000,0.0000,0.0000,0.0000,0.00001,0.00000,0.25071,0.25071
7.0000,PASSIVE_RELEASE,0.0000,0.0000,0.0000,0.0000,0.00001,0.00000,0.25071,0.25071
7.0100,PASSIVE_RELEASE,0.0000,0.0000,0.0000,0.0000,0.00001,0.00000,0.25071,0.25071
7.0200,PASSIVE_RELEASE,0.0000,0.0000,0.0000,0.0000,0.00001,0.00000,0.25071,0.25071
7.0300,PASSIVE_RELEASE,0.0000,0.0000,0.0000,0.0000,0.00001,0.00000,0.25071,0.25071
7.0400,PASSIVE_RELEASE,0.0000,0.0000,0.0000,0.0000,0.00001,0.00000,0.25071,0.25071
7.0500,PASSIVE_RELEASE,0.0000,0.0000,0.0000,0.0000,0.00001,0.00000,0.25071,0.25071
7.0600,PASSIVE_RELEASE,0.0000,0.0000,0.0000,0.0000,0.00001,0.00000,0.25071,0.25071
7.0700,PASSIVE_RELEASE,0.0000,0.0000,0.0000,0.0000,0.00001,0.00000,0.25071,0.25071
7.0800,PASSIVE_RELEASE,0.0000,0.0000,0.0000,0.0000,0.00001,0.00000,0.25071,0.25071
7.0900,PASSIVE_RELEASE,0.0000,0.0000,0.0000,0.0000,0.00001,0.00000,0.25071,0.25071
7.1000,PASSIVE_RELEASE,0.0000,0.0000,0.0000,0.0000,0.00001,0.00000,0.25071,0.25071
7.1100,PASSIVE_RELEASE,0.0000,0.0000,0.0000,0.0000,0.00000,0.00000,0.25071,0.25071
7.1200,PASSIVE_RELEASE,0.0000,0.0000,0.0000,0.0000,0.00000,0.00000,0.25071,0.25071
7.1300,PASSIVE_RELEASE,0.0000,0.0000,0.0000,0.0000,0.00000,0.00000,0.25071,0.25071
7.1400,PASSIVE_RELEASE,0.0000,0.0000,0.0000,0.0000,0.00000,0.00000,0.25071,0.25071
7.1500,PASSIVE_RELEASE,0.0000,0.0000,0.0000,0.0000,0.00000,0.00000,0.25071,0.25071
7.1600,PASSIVE_RELEASE,0.0000,0.0000,0.0000,0.0000,0.00000,0.00000,0.25071,0.25071
7.1700,PASSIVE_RELEASE,0.0000,0.0000,0.0000,0.0000,0.00000,0.00000,0.25071,0.25071
7.1800,PASSIVE_RELEASE,0.0000,0.0000,0.0000,0.0000,0.00000,0.00000,0.25071,0.25071
7.1900,PASSIVE_RELEASE,0.0000,0.0000,0.0000,0.0000,-0.00000,0.00000,0.25071,0.25071
7.2000,PASSIVE_RELEASE,0.0000,0.0000,0.0000,0.0000,-0.00000,0.00000,0.25071,0.25071
7.2100,PASSIVE_RELEASE,0.0000,0.0000,0.0000,0.0000,-0.00000,0.00000,0.25071,0.25071
7.2200,PASSIVE_RELEASE,0.0000,0.0000,0.0000,0.0000,-0.00000,0.00000,0.25071,0.25071
7.2300,PASSIVE_RELEASE,0.0000,0.0000,0.0000,0.0000,-0.00000,0.00000,0.25071,0.25071
7.2400,PASSIVE_RELEASE,0.0000,0.0000,0.0000,0.0000,-0.00000,0.00000,0.25071,0.25071
7.2500,PASSIVE_RELEASE,0.0000,0.0000,0.0000,0.0000,-0.00000,0.00000,0.25071,0.25071
7.2600,PASSIVE_RELEASE,0.0000,0.0000,0.0000,0.0000,-0.00000,0.00000,0.25071,0.25071
7.2700,PASSIVE_RELEASE,0.0000,0.0000,0.0000,0.0000,-0.00000,0.00000,0.25071,0.25071
7.2800,PASSIVE_RELEASE,0.0000,0.0000,0.0000,0.0000,-0.00000,0.00000,0.25071,0.25071
7.2900,PASSIVE_RELEASE,0.0000,0.0000,0.0000,0.0000,-0.00000,0.00000,0.25071,0.25071
7.3000,PASSIVE_RELEASE,0.0000,0.0000,0.0000,0.0000,-0.00000,0.00000,0.25071,0.25071
7.3100,PASSIVE_RELEASE,0.0000,0.0000,0.0000,0.0000,-0.00001,0.00000,0.25071,0.25071
7.3200,PASSIVE_RELEASE,0.0000,0.0000,0.0000,0.0000,-0.00001,0.00000,0.25071,0.25071
7.3300,PASSIVE_RELEASE,0.0000,0.0000,0.0000,0.0000,-0.00001,0.00000,0.25071,0.25071
7.3400,PASSIVE_RELEASE,0.0000,0.0000,0.0000,0.0000,-0.00001,0.00000,0.25071,0.25071
7.3500,PASSIVE_RELEASE,0.0000,0.0000,0.0000,0.0000,-0.00001,0.00000,0.25071,0.25071
7.3600,PASSIVE_RELEASE,0.0000,0.0000,0.0000,0.0000,-0.00001,0.00000,0.25071,0.25071
7.3700,PASSIVE_RELEASE,0.0000,0.0000,0.0000,0.0000,-0.00001,0.00000,0.25071,0.25071
7.3800,PASSIVE_RELEASE,0.0000,0.0000,0.0000,0.0000,-0.00001,0.00000,0.25071,0.25071
7.3900,PASSIVE_RELEASE,0.0000,0.0000,0.0000,0.0000,-0.00000,0.00000,0.25071,0.25071
7.4000,PASSIVE_RELEASE,0.0000,0.0000,0.0000,0.0000,-0.00000,0.00000,0.25071,0.25071
7.4100,PASSIVE_RELEASE,0.0000,0.0000,0.0000,0.0000,-0.00000,0.00000,0.25071,0.25071
7.4200,PASSIVE_RELEASE,0.0000,0.0000,0.0000,0.0000,-0.00000,0.00000,0.25071,0.25071
7.4300,PASSIVE_RELEASE,0.0000,0.0000,0.0000,0.0000,-0.00000,0.00000,0.25071,0.25071
7.4400,PASSIVE_RELEASE,0.0000,0.0000,0.0000,0.0000,-0.00000,0.00000,0.25071,0.25071
7.4500,PASSIVE_RELEASE,0.0000,0.0000,0.0000,0.0000,-0.00000,0.00000,0.25071,0.25071
7.4600,PASSIVE_RELEASE,0.0000,0.0000,0.0000,0.0000,-0.00000,0.00000,0.25071,0.25071
7.4700,PASSIVE_RELEASE,0.0000,0.0000,0.0000,0.0000,-0.00000,0.00000,0.25071,0.25071
7.4800,PASSIVE_RELEASE,0.0000,0.0000,0.0000,0.0000,-0.00000,0.00000,0.25071,0.25071
7.4900,PASSIVE_RELEASE,0.0000,0.0000,0.0000,0.0000,-0.00000,0.00000,0.25071,0.25071
7.5000,PASSIVE_RELEASE,0.0000,0.0000,0.0000,0.0000,-0.00000,0.00000,0.25071,0.25071
7.5100,PASSIVE_RELEASE,0.0000,0.0000,0.0000,0.0000,-0.00000,0.00000,0.25071,0.25071
7.5200,PASSIVE_RELEASE,0.0000,0.0000,0.0000,0.0000,-0.00000,0.00000,0.25071,0.25071
7.5300,PASSIVE_RELEASE,0.0000,0.0000,0.0000,0.0000,-0.00000,0.00000,0.25071,0.25071
7.5400,PASSIVE_RELEASE,0.0000,0.0000,0.0000,0.0000,-0.00000,0.00000,0.25071,0.25071
7.5500,PASSIVE_RELEASE,0.0000,0.0000,0.0000,0.0000,-0.00000,0.00000,0.25071,0.25071
7.5600,PASSIVE_RELEASE,0.0000,0.0000,0.0000,0.0000,-0.00000,0.00000,0.25071,0.25071
7.5700,PASSIVE_RELEASE,0.0000,0.0000,0.0000,0.0000,0.00000,0.00000,0.25071,0.25071
7.5800,PASSIVE_RELEASE,0.0000,0.0000,0.0000,0.0000,0.00000,0.00000,0.25071,0.25071
7.5900,PASSIVE_RELEASE,0.0000,0.0000,0.0000,0.0000,0.00000,0.00000,0.25071,0.25071
7.6000,PASSIVE_RELEASE,0.0000,0.0000,0.0000,0.0000,0.00000,0.00000,0.25071,0.25071
7.6100,PASSIVE_RELEASE,0.0000,0.0000,0.0000,0.0000,0.00000,0.00000,0.25071,0.25071
7.6200,PASSIVE_RELEASE,0.0000,0.0000,0.0000,0.0000,0.00000,0.00000,0.25071,0.25071
7.6300,PASSIVE_RELEASE,0.0000,0.0000,0.0000,0.0000,0.00000,0.00000,0.25071,0.25071
7.6400,PASSIVE_RELEASE,0.0000,0.0000,0.0000,0.0000,0.00000,0.00000,0.25071,0.25071
7.6500,PASSIVE_RELEASE,0.0000,0.0000,0.0000,0.0000,0.00000,0.00000,0.25071,0.25071
7.6600,PASSIVE_RELEASE,0.0000,0.0000,0.0000,0.0000,0.00000,0.00000,0.25071,0.25071
7.6700,PASSIVE_RELEASE,0.0000,0.0000,0.0000,0.0000,0.00000,0.00000,0.25071,0.25071
7.6800,PASSIVE_RELEASE,0.0000,0.0000,0.0000,0.0000,0.00000,0.00000,0.25071,0.25071
7.6900,PASSIVE_RELEASE,0.0000,0.0000,0.0000,0.0000,0.00000,0.00000,0.25071,0.25071
7.7000,PASSIVE_RELEASE,0.0000,0.0000,0.0000,0.0000,0.00000,0.00000,0.25071,0.25071
7.7100,PASSIVE_RELEASE,0.0000,0.0000,0.0000,0.0000,0.00000,0.00000,0.25071,0.25071
7.7200,PASSIVE_RELEASE,0.0000,0.0000,0.0000,0.0000,0.00000,0.00000,0.25071,0.25071
7.7300,PASSIVE_RELEASE,0.0000,0.0000,0.0000,0.0000,0.00000,0.00000,0.25071,0.25071
7.7400,PASSIVE_RELEASE,0.0000,0.0000,0.0000,0.0000,0.00000,0.00000,0.25071,0.25071
7.7500,PASSIVE_RELEASE,0.0000,0.0000,0.0000,0.0000,0.00000,0.00000,0.25071,0.25071
7.7600,PASSIVE_RELEASE,0.0000,0.0000,0.0000,0.0000,0.00000,0.00000,0.25071,0.25071
7.7700,PASSIVE_RELEASE,0.0000,0.0000,0.0000,0.0000,0.00000,0.00000,0.25071,0.25071
7.7800,PASSIVE_RELEASE,0.0000,0.0000,0.0000,0.0000,0.00000,0.00000,0.25071,0.25071
7.7900,PASSIVE_RELEASE,0.0000,0.0000,0.0000,0.0000,0.00000,0.00000,0.25071,0.25071
7.8000,PASSIVE_RELEASE,0.0000,0.0000,0.0000,0.0000,0.00000,0.00000,0.25071,0.25071
7.8100,PASSIVE_RELEASE,0.0000,0.0000,0.0000,0.0000,0.00000,0.00000,0.25071,0.25071
7.8200,PASSIVE_RELEASE,0.0000,0.0000,0.0000,0.0000,0.00000,0.00000,0.25071,0.25071
7.8300,PASSIVE_RELEASE,0.0000,0.0000,0.0000,0.0000,0.00000,0.00000,0.25071,0.25071
7.8400,PASSIVE_RELEASE,0.0000,0.0000,0.0000,0.0000,0.00000,0.00000,0.25071,0.25071
7.8500,PASSIVE_RELEASE,0.0000,0.0000,0.0000,0.0000,0.00000,0.00000,0.25071,0.25071
7.8600,PASSIVE_RELEASE,0.0000,0.0000,0.0000,0.0000,0.00000,0.00000,0.25071,0.25071
7.8700,PASSIVE_RELEASE,0.0000,0.0000,0.0000,0.0000,0.00000,0.00000,0.25071,0.25071
7.8800,PASSIVE_RELEASE,0.0000,0.0000,0.0000,0.0000,0.00000,0.00000,0.25071,0.25071
7.8900,PASSIVE_RELEASE,0.0000,0.0000,0.0000,0.0000,0.00000,0.00000,0.25071,0.25071
7.9000,PASSIVE_RELEASE,0.0000,0.0000,0.0000,0.0000,0.00000,0.00000,0.25071,0.25071
7.9100,PASSIVE_RELEASE,0.0000,0.0000,0.0000,0.0000,0.00000,0.00000,0.25071,0.25071
7.9200,PASSIVE_RELEASE,0.0000,0.0000,0.0000,0.0000,0.00000,0.00000,0.25071,0.25071
7.9300,PASSIVE_RELEASE,0.0000,0.0000,0.0000,0.0000,0.00000,0.00000,0.25071,0.25071
7.9400,PASSIVE_RELEASE,0.0000,0.0000,0.0000,0.0000,0.00000,0.00000,0.25071,0.25071
7.9500,PASSIVE_RELEASE,0.0000,0.0000,0.0000,0.0000,0.00000,0.00000,0.25071,0.25071
7.9600,PASSIVE_RELEASE,0.0000,0.0000,0.0000,0.0000,-0.00000,0.00000,0.25071,0.25071
7.9700,PASSIVE_RELEASE,0.0000,0.0000,0.0000,0.0000,-0.00000,0.00000,0.25071,0.25071
7.9800,PASSIVE_RELEASE,0.0000,0.0000,0.0000,0.0000,-0.00000,0.00000,0.25071,0.25071
7.9900,PASSIVE_RELEASE,0.0000,0.0000,0.0000,0.0000,-0.00000,0.00000,0.25071,0.25071
8.0000,PASSIVE_RELEASE,0.0000,0.0000,0.0000,0.0000,-0.00000,0.00000,0.25071,0.25071
